date,ghi,TOA,SZA,mr,GHIcc,GHI,Cloud coverage,GHIAdap,GHIAdap1,GHIl,GHIera,GHImerra
2013-07-17 17:00:00,609.1818181818181,873.1005015660111,48.50105785321167,1.312405570574959,664.4949733717772,698.8819,0.0,638.8880931837889,638.8880931837889,702.275,725.125,723.75
2013-08-18 12:00:00,322.09090909090907,477.3363143479883,68.97206390489411,2.40891030759463,315.63783776443046,317.7071,1.5,309.724008914638,309.724008914638,338.65,118.5,401.25
2013-01-05 19:00:00,438.3,1046.3021764814318,41.90069288392899,1.1688810811193158,812.9546687498912,448.1142,97.98333333333332,461.3455684080943,461.3455684080943,706.72501,594.6875,723.5
2013-06-07 17:00:00,577.7272727272727,842.2026740335441,50.355558463868405,1.3627361080159712,636.4550278690127,604.5926999999999,57.86666666666667,577.3785088565616,577.3785088565616,658.82502,658.21875,604.0
2013-09-24 19:00:00,562.8888888888889,807.805394392374,53.42905868326186,1.4587353635886269,602.4003959233793,626.5834,17.833333333333332,580.5155730779203,580.5155730779203,643.2,783.65625,703.0
2013-09-19 11:00:00,266.44444444444446,374.2690047533466,73.92885152158335,3.1028698142382805,228.59433535094152,153.5582,48.833333333333336,193.7776086663712,193.7776086663712,233.45001,35.3125,258.875
2013-10-20 12:00:00,597.2,822.3960053169988,53.284640985080976,1.4538287390967772,613.6936800561615,645.9048,0.0,594.2456820092865,594.2456820092865,627.25001,380.34375,630.5
2013-08-14 17:00:00,734.5454545454545,982.9626917873396,42.257834300467536,1.1754556845597044,763.0052809838023,800.5663999999999,0.0,724.6757598046031,724.6757598046031,795.60001,720.21875,833.0
2013-09-24 14:00:00,877.6666666666666,1109.0853816078732,35.11148578417872,1.0638342707751636,875.3224855334137,923.0335,0.0,825.0178857714508,825.0178857714508,898.2249999999999,724.03125,938.75
2013-05-20 19:00:00,373.0,570.30535356914,64.55892333304882,2.017551450912711,395.4418142253117,405.2445,10.166666666666666,389.67749480545086,389.67749480545086,438.2333333333333,550.65625,467.75
2013-08-01 20:00:00,92.9090909090909,389.3749124907493,72.87218271257538,2.921969789848518,242.67911926857684,91.0758,85.68333333333334,135.2442437802956,135.2442437802956,207.8750025,346.84375,255.0625
2013-10-10 16:00:00,887.3333333333334,1292.7524791404126,19.106696146962754,0.9213116014331204,1043.005780280097,842.2537,76.11666666666666,794.8851290349799,794.8851290349799,895.175,984.71875,1071.5
2013-04-23 14:00:00,689.8181818181819,939.1479676513942,45.69543182115579,1.2452893342628368,721.6413075798944,759.508,0.0,689.7478597039178,689.7478597039178,743.475,572.6875,784.75
2013-02-21 16:00:00,936.3,1348.1284048593488,13.9485498879229,0.897063403034525,1091.8834448872403,872.1275,68.03333333333333,828.2499304829435,828.2499304829435,882.50001,839.5,875.5
2013-03-06 20:00:00,132.36363636363637,700.310928057158,59.51937383187371,1.71152891444221,504.8862015431489,128.7344,100.0,192.22607581072705,192.22607581072705,286.125005,487.53125,485.625
2013-07-05 17:00:00,266.72727272727275,844.5756848319966,50.08184566755958,1.3549772907889224,638.942246150287,529.2835,100.0,496.90048284462296,496.90048284462296,545.6,649.9219,680.25
2013-02-09 12:00:00,512.5454545454545,736.123027288636,58.16804543344411,1.6465474042033543,535.2529742203944,532.9982,14.016666666666667,509.623846717953,509.623846717953,509.2,234.5,475.75
2013-03-01 15:00:00,963.7272727272727,1275.5322311683226,22.836034554488418,0.9445421326591928,1025.3512627544717,996.0054,0.55,939.0594078960733,939.0594078960733,902.10001,764.625,1081.5
2013-11-18 10:00:00,193.5555555555556,309.87195905953104,77.15794468240216,3.831483561201844,174.89432363980535,121.6097,24.816666666666663,150.78545599454168,150.78545599454168,142.10000000000002,16.3125,158.125
2013-10-07 18:00:00,660.6,1061.4755790186305,38.99787409949325,1.1196062329449317,830.7705186565959,567.8377,60.5,600.6977647503459,600.6977647503459,731.6,946.9375,895.25
2013-09-07 15:00:00,677.6363636363636,1121.4100983633034,33.39316210918064,1.0423843274698972,887.9332787228917,753.5818,71.95,712.5845543576573,712.5845543576573,781.3333466666667,793.6875,928.0
2013-04-19 16:00:00,776.3,1094.3676551657795,35.693163988500146,1.0715167546416984,862.7054639164943,869.2914999999999,14.833333333333334,797.5332303349513,797.5332303349513,869.7750100000001,807.6875,899.5
2013-04-02 21:00:00,16.545454545454547,250.4860441265593,79.38993419199367,4.575029490396584,130.81283811197932,13.2964,89.78333333333333,55.12814572916682,55.12814572916682,0.0,162.59375,127.5
2013-02-26 21:00:00,18.90909090909091,438.8315782862353,71.54114292554137,2.7228779736662188,279.7594027794275,25.589,100.0,90.64899018177124,90.64899018177124,0.0,135.5,165.1875
2013-05-15 14:00:00,238.27272727272728,842.4253451174453,50.708378398465,1.372915265192627,635.7181998216985,269.04380000000003,100.0,304.0389395677922,304.0389395677922,334.9,259.59375,609.0
2013-02-20 20:00:00,240.0,758.4213017975326,56.924118657948895,1.591674492620837,555.4987766967819,41.5402,100.0,116.87255599365687,116.87255599365687,168.17500625,266.8125,435.375
2013-11-09 11:00:00,407.77777777777777,601.5207228347205,64.3398347126234,2.0016713677047964,417.9119401954211,435.8314,0.0,411.310757257799,411.310757257799,411.725005,178.75,408.5
2013-09-06 15:00:00,762.0909090909091,1115.911890302766,33.77187749293632,1.0469569334415756,882.9657230841216,848.8829000000001,18.0,803.477533386856,803.477533386856,876.35,793.375,937.25
2013-04-02 14:00:00,146.72727272727272,1032.073370477559,40.65527763281316,1.146859861943297,804.5028012992211,286.0733,100.0,304.6825803519555,304.6825803519555,407.55002,316.78125,876.25
2013-10-21 12:00:00,119.1,826.2513744645981,53.106849313390846,1.4478457080981904,617.0772206632314,64.959,100.0,128.5502431241689,128.5502431241689,300.86668000000003,195.71875,612.0
2013-10-29 20:00:00,339.22222222222223,625.8229265659102,63.07384896316116,1.9150843774926287,439.5465591454071,183.6662,100.0,222.64293365712587,222.64293365712587,393.500005,566.9375,502.75
2013-11-10 13:00:00,671.3333333333334,1108.6321434194135,37.083647150289714,1.090798955070903,871.4194648636837,515.6079000000001,56.48333333333333,575.95468214884,575.95468214884,567.55001,668.0,894.25
2013-12-01 16:00:00,1042.888888888889,1393.9965033379135,5.332553959814418,0.8744612621074709,1133.1328651237743,1105.9522,39.833333333333336,996.4440528679148,996.4440528679148,1113.6,708.40625,1188.0
2013-07-14 12:00:00,253.45454545454547,361.89385645148616,74.05223317019681,3.125505852506074,220.4816935380366,244.1881,0.75,217.02635505994823,217.02635505994823,242.925,51.625,298.25
2013-02-10 17:00:00,680.9090909090909,1339.3700171224173,16.2611022035726,0.9068674015319884,1083.0964376100308,867.8102,60.91666666666666,835.656068957687,835.656068957687,991.45,1046.5625,903.75
2013-02-16 19:00:00,709.0,1021.6736779964144,42.78040758300892,1.1852931111737872,791.9132336565671,792.8171,4.616666666666666,735.4295529314694,735.4295529314694,804.225,922.75,722.75
2013-04-12 13:00:00,73.8,803.8856810325545,53.539642746792914,1.4625211044831328,599.16657879138,50.1707,100.0,115.16557171130182,115.16557171130182,253.1500025,189.34375,639.25
2013-02-24 12:00:00,378.6363636363636,694.214014623652,59.971728228377536,1.734654369550238,498.9847350514983,323.5112,62.583333333333336,361.63950494895926,361.63950494895926,427.075,217.125,571.25
2013-05-03 13:00:00,475.9,720.1805105588021,57.42591938367949,1.6132757010784449,525.9743783323976,436.0571,55.75,443.0271355955812,443.0271355955812,470.400005,328.84375,461.875
2013-03-01 17:00:00,835.0,1288.3258635166617,21.430237407058105,0.9351834436300752,1037.1606266696356,831.2258,35.43333333333333,832.0485508639715,832.0485508639715,925.37501,805.71875,1052.5
2013-07-14 16:00:00,642.5,905.8590814293711,46.54726175987674,1.2646145987805897,694.1338582033891,740.4349,0.0,669.5279736513871,669.5279736513871,726.125,689.8125,767.25
2013-07-16 19:00:00,380.9,576.6884113443041,64.0414259356134,1.98048239940304,401.72116131292216,419.4743,0.0,397.289830632075,397.289830632075,439.325005,491.90625,439.375
2013-10-13 11:00:00,139.55555555555554,508.33044882906273,68.22667249110293,2.331603111479312,339.2370884189898,30.3156,74.75,133.55444071391167,133.55444071391167,172.600005,55.0625,293.75
2013-11-17 15:00:00,1065.3,1370.7306335914327,10.401851705226232,0.8851889393431557,1112.3008158042585,1090.9594,64.35,964.7658426597272,964.7658426597272,1116.125,1023.71875,1156.5
2013-08-05 20:00:00,243.9090909090909,401.4990698918398,72.34420244527072,2.839482686628381,252.5791776179931,276.9801,0.0,250.14391779896235,250.14391779896235,300.54999999999995,482.6875,285.75
2013-02-27 20:00:00,162.45454545454547,731.7926961074265,58.11299362729791,1.6440230013814623,532.2817869631209,39.9291,100.0,118.67348007835528,118.67348007835528,141.5250025,445.0,347.75
2013-08-25 17:00:00,320.90909090909093,1034.0684956308949,39.20353584782537,1.1228669833545073,808.9278915178396,732.5120000000001,91.75,665.7940719377615,665.7940719377615,472.82501,669.53125,876.0
2013-02-14 15:00:00,931.0,1314.8720250345657,19.29194875184172,0.9223471436696112,1060.678258728453,909.5911,50.23333333333333,869.1192224735703,869.1192224735703,983.00001,844.625,811.75
2013-11-19 19:00:00,53.55555555555556,950.546796718188,47.03485049082524,1.276075802465387,727.1839402715647,62.072,100.0,98.08756575984592,98.08756575984592,249.3,232.15625,648.25
2013-10-25 11:00:00,166.77777777777777,559.5669268344345,66.0640052615914,2.134650599484106,382.429235590732,99.1916,100.0,156.72479833487262,156.72479833487262,277.9500075,79.21875,270.75
2013-11-16 20:00:00,329.8888888888889,676.6130495580007,60.94234743480589,1.786815160325723,483.06018838058696,264.8926,61.75,324.9086380876182,324.9086380876182,504.42501,510.59375,582.75
2013-09-07 17:00:00,398.8181818181818,1093.901860674369,35.46865452064714,1.068525445544283,862.7275960556291,624.7614,96.15,599.676540147426,599.676540147426,693.5,903.28125,907.25
2013-08-22 17:00:00,265.54545454545456,1020.0370378125411,40.05359521485448,1.13670442942129,796.3151941535826,449.7036,95.91666666666669,458.4413843391295,458.4413843391295,451.900005,730.9375,847.25
2013-08-03 15:00:00,663.1818181818181,939.6997439007164,44.73947427026826,1.2246073162907187,724.2229677632083,770.3455,0.0,695.2216211750736,695.2216211750736,754.92501,591.9844,806.75
2013-03-20 15:00:00,950.0,1207.16505387328,28.25074635265721,0.9881173579289496,963.8256895674184,982.5456,1.0666666666666669,894.1813643110708,894.1813643110708,968.22501,835.46875,1037.0
2013-08-02 16:00:00,260.8,971.884435177267,42.703958190966055,1.183837567558672,753.4811847700308,404.0305,100.0,414.2302082075309,414.2302082075309,333.025,432.0,828.5
2013-02-18 19:00:00,129.3,1016.0096333491088,43.07252162303908,1.1909073331038655,786.8776255479029,116.3842,100.0,137.42065533305913,137.42065533305913,336.125,322.46875,619.25
2013-08-12 20:00:00,245.3636363636364,422.86743857542143,71.41883204230685,2.705986694697043,270.1049987888805,290.0507,0.0,267.2210237598888,267.2210237598888,311.3750025,510.28125,315.25
2013-01-05 11:00:00,345.6363636363636,550.0864551878278,66.9638001858221,2.2120693238031937,372.4210977235154,319.9725,72.75,331.2300691285447,331.2300691285447,366.725,89.4375,346.0
2013-03-20 17:00:00,854.0909090909091,1206.6203218561402,28.29882518138528,0.9885623836812856,963.3244275542932,972.6581,17.933333333333334,888.1865643951135,888.1865643951135,973.72501,937.46875,1004.5
2013-04-09 15:00:00,245.1818181818182,1115.7934354517656,34.568539241481666,1.0568592780853676,881.5466675256943,660.3757,53.48333333333333,675.0851196741318,675.0851196741318,657.07501,553.5625,941.0
2013-03-07 21:00:00,114.45454545454544,396.4457510119861,73.30376003901605,2.993169302943424,245.11856693389785,21.9898,100.0,81.7737793362416,81.7737793362416,110.7750005,242.875,74.59375
2013-09-26 16:00:00,941.4444444444443,1238.386153978423,24.16531141844739,0.9540976881183708,994.001186844604,984.9685,0.0,915.688282486694,915.688282486694,973.30002,992.3125,1052.5
2013-05-26 15:00:00,652.0909090909091,900.0316396367258,47.20001280990252,1.28002623818847,688.1508775425294,723.3883000000001,10.266666666666667,659.2718835544923,659.2718835544923,702.05002,618.4531,758.75
2013-09-25 11:00:00,296.3333333333333,410.10468115577015,72.40348846879691,2.848504066765426,257.7291490293261,169.0634,61.9,207.9762727475878,207.9762727475878,265.32501,52.6875,268.5
2013-12-01 21:00:00,160.3,426.3277025604673,72.27145543690035,2.8284936089945503,268.5332724285633,138.3431,56.18333333333333,192.16037814145392,192.16037814145392,234.925,472.8125,324.625
2013-07-12 18:00:00,478.27272727272725,745.2886713496961,55.5298579527016,1.535166498521265,550.0344980276251,354.2616,78.26666666666667,378.9271371877813,378.9271371877813,377.750005,258.76562,546.0
2013-09-12 12:00:00,340.27272727272725,619.5584602883763,62.61041887093522,1.885441383690724,436.7827743554372,351.6517,1.8333333333333333,389.10325851681415,389.10325851681415,360.3,208.67188,477.375
2013-08-06 19:00:00,379.8,644.607168498411,60.87056813183155,1.7828337305492017,460.4462923934187,316.5756,100.0,321.5828738143171,321.5828738143171,408.925,634.90625,495.875
2013-09-23 12:00:00,78.4,685.7740099603363,59.59582561253164,1.7153867393343043,494.1569792711126,65.5295,100.0,138.769619651972,138.769619651972,271.40001,153.6875,519.25
2013-05-27 12:00:00,295.6363636363636,409.2194623148767,71.99934749491665,2.788160190243312,258.9423224022445,288.44530000000003,0.9333333333333332,258.2028957893905,258.2028957893905,280.92499999999995,75.15625,303.25
2013-05-20 20:00:00,181.9090909090909,326.114791639184,75.77998379201054,3.482033469093675,191.08068075258552,181.6951,56.13333333333333,185.24821653444587,185.24821653444587,239.3,366.59375,256.625
2013-10-17 19:00:00,103.0,868.3415189436035,50.78318797777212,1.3750997802029243,655.0755185480634,337.01890000000003,88.31666666666666,378.9529904718916,378.9529904718916,459.875015,490.59375,570.0
2013-04-20 14:00:00,669.3636363636364,952.8464351415284,44.9670462890554,1.229437587649962,733.8424895141943,732.1286,9.716666666666669,682.928766522251,682.928766522251,737.475,545.21875,776.75
2013-09-13 15:00:00,140.27272727272728,1153.99903728531,31.084494248730703,1.0162897798504478,917.3867021335948,330.4917,100.0,311.53520066875103,311.53520066875103,363.275005,603.96875,770.5
2013-06-03 19:00:00,335.7,539.3586297957175,65.90963960007474,2.121956597132868,369.1919354251482,381.3535,0.0,364.6605871966936,364.6605871966936,406.75,532.125,423.25
2013-10-31 10:00:00,84.88888888888889,270.0600626810752,78.74227703462208,4.331374076459675,144.63544909794985,20.2775,56.23333333333333,87.19568316777406,87.19568316777406,124.0250025,5.21875,110.125
2013-07-14 19:00:00,365.2,571.3168871149048,64.29350008326742,1.998348329328648,397.09210935420987,438.0686,0.0,398.7843214590072,398.7843214590072,441.57501,577.75,440.125
2013-01-28 17:00:00,1028.4545454545455,1356.5016850009729,14.446934227835133,0.8990349333524584,1098.3195812184783,1054.7601,87.01666666666667,924.003083415744,924.003083415744,1076.850025,950.5,1046.0
2013-05-13 20:00:00,133.54545454545453,346.54087114377063,74.91348004461848,3.2934392852766794,207.25887783052943,18.0548,100.0,70.2085543442013,70.2085543442013,80.9750005,239.125,261.625
2013-06-01 15:00:00,641.5454545454545,881.6890548704736,48.17429034228295,1.304057416904289,671.8257988936439,683.0595,0.0,635.3055771834388,635.3055771834388,701.6666666666666,601.46875,739.5
2013-03-29 18:00:00,699.9090909090909,1032.1214994432692,40.80320817094828,1.1494039213666205,804.2382870350854,715.0595,35.083333333333336,699.0115948353783,699.0115948353783,718.60002,572.03125,834.75
2013-05-13 13:00:00,258.3,681.0044280246274,59.23728663172411,1.6974683905272765,491.870555059073,223.1742,99.26666666666668,259.0528518120027,259.0528518120027,301.075,170.65625,534.75
2013-05-16 15:00:00,143.54545454545453,937.6328026916478,45.15966310927963,1.2335709245609143,721.6947336676841,307.48940000000005,100.0,335.36767678291847,335.36767678291847,317.475,451.25,680.75
2013-09-22 17:00:00,203.88888888888889,1157.3221575790296,31.28678343666371,1.0184584674767132,919.722601477962,407.479,100.0,392.8408265756183,392.8408265756183,430.35,602.3125,1006.75
2013-07-28 12:00:00,266.6363636363636,392.5811079830569,72.70708096692242,2.8956475615667654,245.40457407524545,208.0705,37.5,228.797741570973,228.797741570973,262.8,63.6875,311.375
2013-02-02 14:00:00,928.3636363636364,1210.143093946152,30.1066788703964,1.0061107059069987,963.5246007259138,957.4663,42.4,872.636577349449,872.636577349449,949.12502,750.65625,964.75
2013-05-21 16:00:00,664.5,940.8921411997662,44.84635534388607,1.226868768560699,724.904850700331,571.0447,100.0,536.5435988692764,536.5435988692764,522.225,692.40625,736.25
2013-03-01 11:00:00,248.9090909090909,377.72069047390426,74.16206989599121,3.145943435058285,229.60392169598188,204.8204,68.25,217.2354972803935,217.2354972803935,228.975,22.53125,319.125
2013-11-15 21:00:00,90.2,373.3155054590284,74.44995244527804,3.200831281674158,225.55498058845063,18.1383,100.0,75.20299084235688,75.20299084235688,105.475,314.34375,274.5
2013-11-17 21:00:00,191.6,379.950747927053,74.17898995191945,3.149116136368038,230.87844886184263,150.778,45.78333333333333,193.41637839675477,193.41637839675477,234.925,454.6875,327.5
2013-03-03 15:00:00,554.5454545454545,1269.3154480163846,23.36211005673032,0.9482400134602657,1019.7620525824952,593.3177,69.28333333333333,606.5030498969484,606.5030498969484,668.75001,412.4375,1040.5
2013-06-01 13:00:00,442.6,617.5541949576311,62.1545562699313,1.857274032154752,436.9320565069181,440.2814,0.0,425.09878357295815,425.09878357295815,474.26666666666665,260.03125,445.625
2013-05-05 15:00:00,288.54545454545456,986.739795176444,42.4060314554574,1.1782189929508806,765.627273199777,402.0962,86.2,434.1171108462614,434.1171108462614,387.675005,595.875,824.25
2013-10-10 13:00:00,672.4444444444445,1014.6363725304122,42.12976527468915,1.1730843707621814,787.8651020772136,590.8629999999999,45.6,617.5309345967448,617.5309345967448,589.32501,592.71875,779.5
2013-11-03 12:00:00,637.5,866.4518588691332,51.28479569352986,1.389989478026888,652.2955185892569,589.0726,10.266666666666667,590.0231949808584,590.0231949808584,653.32502,291.40625,587.0
2013-10-07 11:00:00,261.0,477.847407059394,69.52121919798404,2.4694573774470694,313.7263925480908,181.0219,70.76666666666667,219.9612024235791,219.9612024235791,270.725005,87.96875,306.5
2013-07-03 17:00:00,618.4545454545455,841.2967582081434,50.26529642964148,1.3601643053226775,635.9993284801125,650.7217999999999,0.0,605.6888388255715,605.6888388255715,660.625,710.9375,717.0
2013-07-22 12:00:00,137.1818181818182,376.7411599203378,73.40182571490958,3.009849367831729,232.5011094094483,90.963,100.0,125.16281442653816,125.16281442653816,158.4000025,19.90625,305.25
2013-03-14 11:00:00,43.72727272727273,343.0281311311684,75.55225182703094,3.430376459684304,202.11869642409,18.9521,100.0,69.30343458326968,69.30343458326968,99.00000125,2.8125,256.375
2013-11-05 18:00:00,830.5,1134.5680148975364,35.09192353513827,1.0635797098912834,895.4685821803354,902.5031,6.85,829.0392990382455,829.0392990382455,911.25,920.21875,963.25
2013-01-13 14:00:00,765.9090909090909,1244.9802745627817,27.59580708465471,0.9821631880305434,994.9353062684552,750.8195,55.8,757.3469578797833,757.3469578797833,842.25,540.03125,753.5
2013-03-14 13:00:00,271.1,904.3487001701724,48.87027645013689,1.322019268802728,687.3421593371644,209.0048,100.0,253.78103262818,253.78103262818,316.75,123.75,734.5
2013-07-23 14:00:00,592.0909090909091,787.1534816404597,53.36447348997304,1.456535857824329,587.1767489595748,619.5246000000001,13.016666666666667,570.8904101534224,570.8904101534224,622.07501,465.3125,684.25
2013-09-01 18:00:00,611.8181818181819,936.4514600174322,45.623454214939606,1.243695821460323,719.7343564773706,694.3871,0.0,662.7529683853296,662.7529683853296,699.7250200000001,870.8125,770.75
2013-03-07 16:00:00,968.8,1303.3832191926367,19.171435626224763,0.9216721305789342,1051.5227797209868,1035.3923,21.35,955.2301771819244,955.2301771819244,1011.675,904.125,890.75
2013-07-05 15:00:00,520.2727272727273,854.8373251720959,49.49689326663547,1.3387884830516847,648.1773859837,663.5701,68.25,615.8955103733484,615.8955103733484,666.05002,511.46875,691.5
2013-09-14 11:00:00,43.77777777777778,344.14953255584726,75.21097704294604,3.355807859697568,204.43084635536457,19.02,100.0,70.09506144325519,70.09506144325519,110.800005,15.53125,226.75
2013-11-18 21:00:00,109.2,383.279144606106,74.04290058360984,3.123781839754108,233.5551707840916,17.1639,100.0,76.48394275674784,76.48394275674784,91.325,365.96875,274.375
2013-05-11 17:00:00,51.36363636363637,927.2817307335844,45.9059184234199,1.2499840616149145,712.0423992775645,384.5684,100.0,399.417765488502,399.417765488502,381.30001,559.75,669.25
2013-07-09 12:00:00,166.54545454545453,356.2691556680273,74.29845035534413,3.171703958467591,215.9484539152862,97.0046,65.48333333333333,147.55649377124325,147.55649377124325,196.6250025,34.15625,282.5
2013-04-28 17:00:00,660.1818181818181,991.5308081274568,42.32191546758661,1.1766480013440606,769.5216982889548,764.8711000000001,3.4166666666666665,713.1415522623435,713.1415522623435,706.725,549.34375,804.25
2013-02-26 19:00:00,137.0,989.0216426344624,44.47190674375752,1.219000728719407,762.8540051259137,83.3564,100.0,109.0216687001324,109.0216687001324,284.9,293.71875,626.5
2013-02-07 16:00:00,506.8,1378.4426795699533,9.259587502571916,0.8821449239671596,1119.1054188941778,942.289,69.55,873.0330922340215,873.0330922340215,902.625035,888.8125,885.5
2013-10-12 20:00:00,70.77777777777777,582.3279445537244,64.83873352480943,2.038243168875905,402.7414700890632,62.3509,100.0,134.9836270714851,134.9836270714851,201.22500125,375.125,396.5
2013-05-08 16:00:00,732.6,996.3734394635192,41.69831583775611,1.1652079476427917,774.5787536241567,804.269,0.0,731.5462600328481,731.5462600328481,795.70002,769.96875,853.0
2013-10-02 19:00:00,457.8888888888889,829.6856398368045,52.46960684997562,1.4269094740765615,621.4304344655972,520.0930999999999,11.466666666666669,548.7271111013393,548.7271111013393,597.5,831.78125,708.0
2013-10-04 16:00:00,461.0,1270.8808193841105,21.241016970823296,0.9339805762644046,1023.3104473261938,500.0849,100.0,449.0834575801,449.0834575801,537.900005,635.875,1023.5
2013-09-29 19:00:00,549.8888888888889,821.6170205766483,52.82245349980428,1.438405044685472,614.4130687958323,488.4223,16.033333333333335,528.6414242035471,528.6414242035471,617.125,756.375,710.5
2013-02-15 19:00:00,352.3,1024.340181350641,42.64336759025797,1.1826879842884963,794.2824883171422,299.4847,100.0,325.7260613151891,325.7260613151891,563.7249999999999,543.375,533.5
2013-02-01 18:00:00,563.0,1237.608675497491,27.813901730318115,0.9841237082745596,988.74374839513,848.5715,58.11666666666667,810.6552474185675,810.6552474185675,966.3,914.5,858.5
2013-08-23 14:00:00,297.27272727272725,927.0862047145656,45.94272576977351,1.250810377468941,711.8077266513158,336.4225,100.0,359.65999105561264,359.65999105561264,397.95,547.96875,784.5
2013-09-26 20:00:00,225.77777777777777,544.2000999927427,66.3634341936994,2.159752304342789,370.7875834833135,87.8228,99.33333333333331,147.47178758487598,147.47178758487598,252.67500125,561.40625,337.625
2013-03-13 18:00:00,890.2727272727273,1117.6854490475123,35.65904292040929,1.071059999338026,881.1479156410909,593.3430000000001,64.73333333333333,622.5262115395284,622.5262115395284,613.7,492.9375,872.25
2013-07-12 16:00:00,390.0,900.9336831721656,46.82928328035711,1.2712074181869015,689.7087137685888,517.9694999999999,59.53333333333333,531.6325113760107,531.6325113760107,494.925,250.51562,729.5
2013-01-29 12:00:00,335.45454545454544,767.324792449955,56.775557785062105,1.5854123552325072,562.4901951257161,384.3199,100.0,383.0718754235677,383.0718754235677,479.525015,184.71875,269.375
2013-11-23 16:00:00,1143.5555555555557,1386.9624612976202,6.749420042573982,0.8767437559085629,1127.0005926720469,1103.559,16.466666666666665,1013.4768576256602,1013.4768576256602,1108.050025,1047.6562,1073.5
2013-08-06 17:00:00,605.5454545454545,947.3566550400404,44.32321554277771,1.2159185276668365,731.0433302713793,680.0554,87.5,625.3229780985278,625.3229780985278,716.125,775.9531,784.75
2013-03-02 21:00:00,29.545454545454547,420.83387626125256,72.28907326364761,2.83114683466939,264.99302448044006,22.2099,42.766666666666666,140.34821857223693,140.34821857223693,28.6000005,191.75,174.0625
2013-04-19 20:00:00,179.8181818181818,452.47440000986336,70.379371411951,2.570816232079637,293.5667058443501,297.5194,0.0,287.23755564446,287.23755564446,325.82501,392.3125,303.875
2013-08-02 17:00:00,353.0,930.5021856483236,45.285261591840495,1.2362886036402447,715.9255571795894,386.7045,100.0,400.263844533105,400.263844533105,317.70000500000003,471.15625,779.75
2013-07-11 18:00:00,499.09090909090907,742.7996241712262,55.65718318493607,1.5401233644659906,547.8312291207604,569.0326,0.0,531.8295964303308,531.8295964303308,572.00002,649.3281,598.25
2013-07-08 15:00:00,400.3636363636364,859.2821943043277,49.24941189294153,1.3320961254808297,652.1619541753961,427.487,100.0,424.16941572324765,424.16941572324765,472.475,377.96875,698.0
2013-12-01 12:00:00,631.1,890.323351067688,50.51175677528035,1.3672175828310436,672.3983900299501,659.7192,2.0166666666666666,626.5505163422059,626.5505163422059,663.0500099999999,222.40625,692.5
2013-01-08 13:00:00,778.5,1067.2494413590778,40.59355408804777,1.1458039289450968,832.0523286305352,752.0386,37.56666666666667,727.3935838185234,727.3935838185234,825.40002,610.34375,869.25
2013-09-21 12:00:00,486.3,673.9134881528724,60.13848512619913,1.7433642955510702,483.845235829252,500.2987,0.0,472.4554948853433,472.4554948853433,505.425005,246.40625,517.0
2013-03-28 12:00:00,399.0,604.7649334838035,63.68639155725642,1.955912991780278,422.5783112772246,341.4351,82.33333333333333,348.65100414831835,348.65100414831835,381.775,107.0,457.125
2013-03-29 21:00:00,48.18181818181818,273.6539993041072,78.42222136592635,4.22020469690625,148.26603618993357,38.6807,90.76666666666668,74.69055858983592,74.69055858983592,136.70000125,215.03125,159.625
2013-03-19 11:00:00,187.8181818181818,330.3012047962181,76.06077240742977,3.5479336947710243,192.1617325903368,69.5953,91.93333333333334,104.42509166016104,104.42509166016104,156.02500125,4.84375,219.5625
2013-09-07 13:00:00,529.8,831.7314276072752,51.7392229840736,1.4038521657966776,624.9525219141319,586.7242,27.416666666666668,572.4883266626671,572.4883266626671,598.6333466666666,417.125,664.75
2013-11-07 21:00:00,167.3,347.29536139655625,75.50846667724713,3.420621956049596,204.84980987754687,52.0115,64.58333333333333,117.36196350303516,117.36196350303516,218.025,414.5625,294.5
2013-11-18 11:00:00,398.44444444444446,614.0391151977963,63.86826671241692,1.9684138763124144,428.3864367146768,372.7077,4.5,392.3351748128213,392.3351748128213,373.575,188.96875,422.75
2013-11-07 20:00:00,403.8888888888889,650.7196116435886,62.03945766714908,1.8503120860769413,460.8061699084864,379.039,10.833333333333334,410.1654457263575,410.1654457263575,492.200015,656.375,562.5
2013-01-27 21:00:00,96.1818181818182,519.0859147798083,68.25528778114052,2.3344730687065285,346.29608699044223,196.2344,96.5,221.18678828438755,221.18678828438755,324.275005,263.75,235.6875
2013-08-19 19:00:00,427.3,691.3554040738226,58.70239275366379,1.671537053652581,501.0484461804256,527.339,0.0,491.8500542660579,491.8500542660579,534.7,698.75,549.5
2013-06-03 16:00:00,621.6,900.8612921381206,47.01901793914168,1.2756989419940927,689.2108039169173,705.9748,0.0,652.5972403793196,652.5972403793196,710.8,659.8125,741.5
2013-02-25 16:00:00,252.0,1336.840164276312,15.397729604884448,0.9030101725582927,1081.7145735486913,506.6173,59.46666666666667,500.0973250135351,500.0973250135351,603.475,275.5625,814.75
2013-10-31 18:00:00,747.5,1123.2583920759373,35.7094491191933,1.071735023300849,885.4512898526872,734.4371,100.0,675.3032338224137,675.3032338224137,844.9333466666667,927.1875,902.0
2013-03-25 20:00:00,240.3636363636364,597.1145108695534,64.0913664557429,1.983993731744971,415.7673772201324,298.5376,89.11666666666666,312.0051167831207,312.0051167831207,416.65,378.6875,230.125
2013-05-21 14:00:00,451.6363636363636,819.2727796469538,51.87673991478922,1.408119161451482,615.2273194576785,409.7305,100.0,406.54891369595975,406.54891369595975,387.125005,455.6875,586.5
2013-08-22 12:00:00,302.6363636363636,497.9043718922346,68.06028197657344,2.315063631731584,332.9369671498057,274.9529,27.48333333333333,302.99862791640726,302.99862791640726,325.07500500000003,128.5625,401.375
2013-04-12 12:00:00,29.363636363636363,558.428709001006,65.61825641209822,2.0984391879278945,383.35122577500925,30.9861,100.0,110.13317767930612,110.13317767930612,160.7500025,61.28125,427.125
2013-04-11 11:00:00,131.8181818181818,271.9195916511325,78.41031997491731,4.216179836142389,147.38820065915036,106.7112,56.333333333333336,124.68893994748043,124.68893994748043,145.15000675,5.34375,197.0
2013-09-09 12:00:00,365.9090909090909,601.3738962591901,63.43199557059256,1.9387217664851253,421.1178514786097,445.3907,0.0,417.19121955111945,417.19121955111945,416.15,194.6875,458.5
2013-08-20 15:00:00,729.1818181818181,1022.8121387573802,39.80692302861942,1.1326284800029018,798.9639089043926,821.9022,0.0,749.5686643060039,749.5686643060039,815.17502,712.1094,864.25
2013-03-17 13:00:00,132.4,895.0377427293994,49.30378163580281,1.3335585411002606,679.1590824275467,185.2961,100.0,232.42650796465605,232.42650796465605,359.6,180.4375,599.75
2013-10-16 12:00:00,577.7,805.9521874092555,54.04510363955525,1.480147632595716,599.2614044925712,544.6334,41.333333333333336,537.1086487552665,537.1086487552665,601.62501,270.28125,605.5
2013-04-02 16:00:00,295.9,1185.5034361122875,29.375401942254825,0.9988183493663416,944.9672103305952,554.3080000000001,61.4,594.1585860630171,594.1585860630171,571.4250099999999,512.96875,990.25
2013-08-16 12:00:00,345.6363636363636,467.5105929379756,69.40681466776184,2.456578571309899,307.4054229743808,329.3378,0.0,305.6189668662876,305.6189668662876,304.675005,112.28125,387.5
2013-01-02 16:00:00,128.4,1404.9501118927046,2.0911625960070244,0.8712754730488242,1142.6246932330494,487.2105,100.0,356.2929671588306,356.2929671588306,533.70001,952.21875,1140.5
2013-02-15 15:00:00,647.4545454545455,1312.6353163906929,19.5052449933305,0.9235542853721148,1058.6718206146406,797.4568999999999,90.7,746.8939275482344,746.8939275482344,844.525,526.46875,705.0
2013-04-14 18:00:00,237.3636363636364,938.4564187019269,46.01065871697048,1.2523396731196987,720.3793738251894,198.1363,100.0,236.16309574901757,236.16309574901757,258.275,472.3125,766.75
2013-05-16 20:00:00,41.90909090909091,337.1440644510979,75.31264538823997,3.3776761856839324,199.79286868819835,18.2712,100.0,68.34122379073742,68.34122379073742,73.3250005,214.375,107.625
2013-08-04 15:00:00,670.4545454545455,944.0774390507332,44.48781665545651,1.2193319316247244,728.1526259142632,760.9248,0.0,692.7130964953179,692.7130964953179,749.675,651.9531,804.0
2013-07-31 13:00:00,351.9,636.3764129090796,61.21898226636283,1.8023525582255,453.4257806073803,373.0377,100.0,367.37378628364985,367.37378628364985,439.050005,271.78125,499.75
2013-05-22 14:00:00,312.09090909090907,815.6315146045644,52.05942930876746,1.4138405190166283,612.0079959856763,394.5371,97.46666666666668,397.4957584368482,397.4957584368482,478.47501,241.59375,543.0
2013-07-22 16:00:00,560.1,929.7001975317454,45.1761118010601,1.2339258243472653,715.5523694203973,606.9717,66.15,583.5419324086786,583.5419324086786,615.8499999999999,446.29688,787.25
2013-07-19 18:00:00,494.54545454545456,765.003700786781,54.52276504146646,1.4973057481126115,567.4867932344417,465.6674,66.16666666666667,463.544601156805,463.544601156805,418.10001,535.34375,602.0
2013-08-02 13:00:00,105.3,643.9174186994229,60.86407587250756,1.782474626185297,459.9749078272332,101.216,100.0,166.95617003426446,166.95617003426446,213.3,186.5625,553.0
2013-07-15 17:00:00,617.4545454545455,867.3594510925411,48.81898369528256,1.320672049707202,659.3542877349771,583.2004,27.016666666666666,582.9265609893716,582.9265609893716,576.80002,441.10938,714.75
2013-07-15 12:00:00,85.0909090909091,363.35527215050615,73.98824676760646,3.113724597404679,221.6613681592886,30.706200000000003,100.0,80.89897802256985,80.89897802256985,129.6500025,33.46875,291.5
2013-08-31 14:00:00,715.1818181818181,972.5344437012906,43.390993555248905,1.1971244090796285,752.5246292539405,783.5744,2.066666666666667,713.012902874546,713.012902874546,790.50001,619.1875,848.5
2013-06-05 20:00:00,163.54545454545453,299.50924699403873,76.89218363224322,3.758699866046028,170.35841037573095,188.7542,0.0,161.63915015997168,161.63915015997168,212.0250025,389.59375,229.0
2013-04-03 14:00:00,317.6363636363636,1027.8926092156553,40.88721928007224,1.150857146490641,800.7714222188227,404.442,98.66666666666669,419.7663868184321,419.7663868184321,477.15,237.21875,854.0
2013-02-03 14:00:00,727.0909090909091,1208.142883030319,30.24000100795205,1.0074693895073876,961.730993251957,743.7574999999999,23.25,777.050344448246,777.050344448246,796.275,390.6875,917.75
2013-10-24 16:00:00,128.55555555555554,1334.9463888253515,14.44088831149164,0.8990105574240448,1080.8710937285498,347.8661,100.0,261.6375732207373,261.6375732207373,332.55001000000004,219.125,1030.5
2013-08-20 17:00:00,692.7272727272727,1010.698633617619,40.614371307890224,1.1461596936013383,787.9226148524501,808.9873,0.0,739.3967969813564,739.3967969813564,811.27502,842.09375,836.75
2013-07-06 15:00:00,516.7272727272727,856.1970208607762,49.42098689593294,1.3367260769491431,649.3968274235252,466.9297,100.0,451.7704236149315,451.7704236149315,430.900015,514.2969,729.25
2013-07-26 18:00:00,532.3636363636364,788.1969524578963,53.33689561297829,1.455599240216589,588.0306357881276,583.6198,12.966666666666669,555.2427558442799,555.2427558442799,621.05,704.28125,582.25
2013-05-22 15:00:00,366.9090909090909,914.1037352675612,46.44309556587131,1.262204396130954,700.6933770050338,513.2176000000001,60.3,532.0698113312056,532.0698113312056,547.425,335.125,648.5
2013-07-26 13:00:00,450.4,619.3501043764406,62.01783981211386,1.8490110935604904,438.6647142619535,414.0033,4.466666666666667,414.9085687846586,414.9085687846586,453.35,254.5,490.625
2013-02-01 20:00:00,549.2727272727273,802.9669650670353,54.9810510764744,1.5142438253265484,594.2806367104712,72.59830000000001,99.13333333333334,142.4272736733618,142.4272736733618,311.9,627.25,446.875
2013-04-01 13:00:00,593.0,844.7426729798797,51.64078215613252,1.4008183660672795,634.9961526575129,584.2497999999999,20.28333333333333,576.9014222803156,576.9014222803156,625.20001,235.25,692.0
2013-09-25 13:00:00,724.2222222222222,937.711243400926,46.27156405057347,1.258264395575507,719.1954947207046,756.8973000000001,0.0,687.7548590395522,687.7548590395522,737.0250100000001,526.1875,758.0
2013-08-13 17:00:00,86.45454545454545,978.4058451686568,42.52483437077103,1.1804492847990569,758.9130642149188,306.2978,100.0,329.14728662702817,329.14728662702817,259.1750025,509.1875,828.0
2013-09-12 16:00:00,735.4,1173.7727738283538,29.359927794095693,0.998666929688374,935.6385240480464,854.1577,0.0,842.0136384889644,842.0136384889644,853.32501,924.1875,982.75
2013-05-07 15:00:00,393.7272727272728,977.3506014460676,42.940773452295225,1.1883648620443543,757.2179853284963,779.4489,11.75,712.5752050245412,712.5752050245412,754.9,488.5625,806.75
2013-01-10 20:00:00,269.09090909090907,805.0732036926318,55.04700422525053,1.516720863601796,595.6396006625197,372.4186,75.71666666666667,406.7791880648634,406.7791880648634,580.3,445.46875,207.8125
2013-04-29 19:00:00,145.1,655.5355013170382,60.72005891536104,1.77455125635111,468.7533490329916,128.7844,100.0,189.07491275369472,189.07491275369472,377.0250075,357.3125,454.25
2013-04-26 15:00:00,739.7272727272727,1030.6598548532324,39.84754766079459,1.1332963044204694,805.0144265653489,784.0840000000001,100.0,701.59587035197,701.59587035197,760.70001,695.9375,862.75
2013-04-16 15:00:00,798.2727272727273,1080.937470525109,36.787548148377866,1.0865813761204384,850.1885476557796,871.1963,11.266666666666667,792.0255609004085,792.0255609004085,870.125,752.96875,904.5
2013-08-24 19:00:00,185.0,709.1505352814489,57.881856699698616,1.6335239726325392,516.5294914341566,51.975,100.0,125.91660691267224,125.91660691267224,187.975,484.65625,311.5
2013-04-23 19:00:00,459.6,686.7593265599438,59.28530800517807,1.6998428665847527,495.87304982759287,532.0398,0.0,490.3407727203541,490.3407727203541,540.9750300000001,680.625,558.25
2013-04-22 11:00:00,130.1818181818182,242.24792446955365,79.62614456810857,4.670753013522006,125.2703780184479,109.1526,30.466666666666665,107.4132002840729,107.4132002840729,142.1750005,4.21875,157.9375
2013-01-08 14:00:00,897.4545454545455,1252.2869547936025,27.00106228659244,0.9769277569711088,1001.5878477739526,953.0884,59.41666666666666,871.3999205278589,871.3999205278589,991.55001,761.5625,1031.0
2013-09-05 12:00:00,401.45454545454544,577.3334813526714,64.51415771089228,2.0142840707412555,400.47782863721386,363.4659,20.4,374.194354668708,374.194354668708,419.3,182.64062,464.75
2013-03-03 14:00:00,418.9090909090909,1139.3559053754195,34.51019496599233,1.0561207983325074,900.2632105316936,444.7808,100.0,444.2024500336468,444.2024500336468,544.525,288.46875,950.25
2013-04-03 19:00:00,151.4,802.5339709267422,53.82513381218392,1.4724110592681263,597.3504606423893,54.0001,100.0,119.66506635527992,119.66506635527992,184.525,317.875,620.25
2013-01-12 13:00:00,767.5,1059.0551046739597,41.07951931411693,1.1542067293740856,824.6410255742633,698.6603,65.86666666666666,671.5719795537555,671.5719795537555,766.325,489.15625,677.25
2013-10-06 21:00:00,41.0,260.09994195384775,79.01558688706744,4.430999010581057,137.86940734174016,11.2473,100.0,47.45777098920109,47.45777098920109,0.0,232.3125,177.0
2013-07-18 20:00:00,67.45454545454545,349.4027288590638,74.62570706444093,3.2353134896688265,210.30733338877343,32.8639,90.0,87.69212190195702,87.69212190195702,209.35,399.90625,237.0
2013-03-23 17:00:00,889.5454545454545,1191.4095459821351,29.44404925194013,0.9994915170443732,949.5764098309132,820.3089,17.066666666666666,819.4186034344289,819.4186034344289,809.22501,494.40625,955.5
2013-08-21 19:00:00,405.6,698.5093250924147,58.372119098687335,1.6559861694802545,507.2708290660169,454.5871,5.933333333333334,464.4500702464368,464.4500702464368,531.85001,700.03125,556.5
2013-01-29 16:00:00,642.9,1391.0118864176225,6.6492756009605465,0.876564436544068,1130.323658927498,869.0423,88.71666666666667,787.3155107341386,787.3155107341386,887.1500100000001,727.625,652.75
2013-02-05 15:00:00,969.0909090909092,1332.7282359008009,17.52038706628354,0.9129260449298946,1076.6885235021198,887.8767,100.0,804.0768596837604,804.0768596837604,937.90001,634.28125,596.5
2013-01-14 13:00:00,578.5,1054.840326974235,41.32450301784648,1.1585211751721454,820.8374759569028,720.5462,50.766666666666666,696.169911564813,696.169911564813,750.675,108.6875,656.0
2013-09-28 17:00:00,855.3333333333334,1180.1587213000787,29.717239323435084,1.0021937227930588,940.217646267072,890.9986,3.85,856.2129541894353,856.2129541894353,937.95,975.125,1004.5
2013-08-25 13:00:00,531.2,755.5459348878677,55.51520375943879,1.5345985200732233,557.6472494877842,544.4787,3.083333333333333,525.2887785710361,525.2887785710361,569.0,345.8125,569.5
2013-02-09 14:00:00,912.0909090909092,1195.5529520943871,31.06197185576085,1.0160496749181684,950.4555340445876,937.7321,14.116666666666667,872.8456097281813,872.8456097281813,914.07502,712.65625,804.5
2013-02-15 16:00:00,545.3,1362.8330650865696,11.858462177634763,0.8896156479173241,1105.1080841452892,867.4306,86.55,798.8452362448986,798.8452362448986,907.90002,724.65625,756.0
2013-04-22 20:00:00,242.3636363636364,436.6800245117535,71.05879892514602,2.6575119816625703,280.48804752692115,313.3795,0.0,280.3857020603074,280.3857020603074,324.1750075,510.0,335.875
2013-11-08 14:00:00,947.6666666666666,1270.0701928125663,23.83418367822521,0.951651441750767,1019.8231087457008,1007.5116,100.0,874.6868477593727,874.6868477593727,1017.275,862.3125,1052.0
2013-08-15 17:00:00,745.9090909090909,987.5423909472618,41.98866289767662,1.1704894941482349,767.1184906844117,791.6782999999999,0.0,722.9573235396363,722.9573235396363,814.87502,837.34375,853.0
2013-04-23 11:00:00,135.45454545454547,239.47394063328483,79.74066264698745,4.718592164151126,123.2289042372002,97.1209,55.56666666666667,103.42224835341112,103.42224835341112,143.14999999999998,3.84375,158.375
2013-10-12 16:00:00,661.1111111111111,1299.5433614869448,18.410410494284697,0.9175255024497828,1049.1135184732032,723.8607,68.65,713.8152396646094,713.8152396646094,829.8,419.46875,883.75
2013-09-19 16:00:00,940.6666666666666,1207.1541416975492,26.762539797645086,0.9748730740005171,965.7985500750444,925.8073,54.333333333333336,846.0428814349077,846.0428814349077,961.22502,944.96875,1051.5
2013-09-17 20:00:00,29.11111111111111,522.5577605191471,67.23542135599112,2.2366534763717705,352.7325167368138,28.6958,100.0,105.40741297704818,105.40741297704818,110.175,322.3125,437.875
2013-04-26 13:00:00,492.8,748.383162744389,56.11826800563706,1.5584080655073882,550.593038474025,448.6426,100.0,431.2384776219742,431.2384776219742,490.075015,336.4375,601.75
2013-07-03 13:00:00,428.8,577.5176060297591,63.97207422140696,1.9756291242380413,402.5431646593736,415.1417,0.0,396.3257507570909,396.3257507570909,416.125,237.75,492.125
2013-09-20 18:00:00,727.6,1007.6821321990132,41.84764693729252,1.1679146621381118,783.0587834931675,810.6341,0.0,738.3571347810093,738.3571347810093,805.2249999999999,931.75,874.5
2013-01-26 17:00:00,651.5454545454545,1358.0044532876925,14.31002276318641,0.8984857048800766,1099.6326748145818,681.8511,88.75,630.0263210548162,630.0263210548162,769.5,651.09375,973.0
2013-02-15 11:00:00,8.272727272727273,418.865409246238,72.49496271291183,2.862540585736236,262.8166572049477,41.5273,100.0,97.31772532018208,97.31772532018208,118.175,21.0625,72.0625
2013-05-16 17:00:00,393.6363636363636,905.9293276718782,47.05535759638024,1.2765644053176115,693.0024894703563,288.6809,100.0,319.97874679457504,319.97874679457504,264.45000500000003,447.125,497.25
2013-04-25 12:00:00,325.3636363636364,514.9839912054375,67.45453137815727,2.2569194892940434,346.7709672176913,295.7601,99.06666666666666,297.6130120480136,297.6130120480136,356.77501,125.84375,387.125
2013-03-05 14:00:00,673.2727272727273,1133.3549601549034,34.86547890098333,1.060650803041513,894.9075160849782,685.1897,51.35,697.0807338584157,697.0807338584157,770.6,628.3125,964.0
2013-09-20 15:00:00,933.5,1190.6276406351708,28.338021943551983,0.9889260062783126,950.5029436448884,996.3868,0.0,888.0745722154451,888.0745722154451,969.4,864.6875,1024.5
2013-09-03 15:00:00,610.0,1099.3551596949435,34.89529777803452,1.0610346244198652,868.0105499610871,574.8973000000001,91.28333333333332,567.9640106544465,567.9640106544465,617.4,596.75,913.25
2013-05-08 17:00:00,680.0,941.086251460051,45.152123927496994,1.2334083597648222,724.3698431249937,753.7853,0.0,688.280663132318,688.280663132318,751.12501,789.1875,802.0
2013-08-14 16:00:00,767.5,1027.0777125301963,39.3449752811872,1.1251289235137103,803.189188287186,844.2698,0.0,760.4059241270297,760.4059241270297,831.72501,715.3906,880.5
2013-09-20 14:00:00,843.7777777777778,1087.4049847541962,36.50008512002725,1.0825453137903018,855.7942627969221,905.4468,0.0,809.2229126992659,809.2229126992659,878.4,717.15625,922.0
2013-09-06 19:00:00,451.5,753.3385047339565,55.86312973947389,1.5482249801187355,554.9979952005359,531.6743,0.0,519.2082117227527,519.2082117227527,568.2750149999999,714.625,602.25
2013-04-08 11:00:00,52.36363636363637,279.7440092053286,78.09249327965624,4.111446856825809,153.29852090813162,16.1309,100.0,54.61227975822928,54.61227975822928,81.025,3.125,206.5625
2013-01-11 14:00:00,882.3636363636364,1247.9675862712943,27.356628524927807,0.9800383459517998,997.6513608473329,932.4466,30.05,883.9534619825868,883.9534619825868,977.85,687.9375,1018.5
2013-04-04 18:00:00,257.1818181818182,997.2703876715314,42.78613019607302,1.1854022940802231,772.985577246514,271.6421,100.0,298.46241440471715,298.46241440471715,304.775005,743.78125,816.75
2013-06-02 17:00:00,585.2727272727273,851.8874586197774,49.8708639828244,1.349077333051812,645.0073651963489,675.3441,0.0,620.3636464768665,620.3636464768665,671.60001,712.1719,712.75
2013-01-27 12:00:00,262.09090909090907,772.9852262301655,56.51767582969807,1.5746826024831246,567.4533293090506,230.2651,100.0,276.0037748656912,276.0037748656912,346.925005,220.84375,610.0
2013-07-17 13:00:00,425.1,595.6555698943645,63.12471362696656,1.9184019723316783,418.18329319734704,432.5332,0.7333333333333333,411.57397732515466,411.57397732515466,440.425,183.09375,498.5
2013-10-03 13:00:00,702.5555555555555,980.7080856351324,43.973629445092975,1.2087646859054229,757.5654725708636,743.8516,0.0,700.1841439880999,700.1841439880999,701.72501,557.15625,806.0
2013-03-30 17:00:00,832.5454545454545,1154.1396918910489,32.12107957300977,1.0276371960951742,915.905932878595,919.9243,8.0,846.0969424000793,846.0969424000793,924.72501,938.6875,958.25
2013-08-14 20:00:00,254.27272727272728,428.9450555824337,71.15699670777384,2.6705523491571563,275.1058699692936,239.6303,71.13333333333334,257.7050368394108,257.7050368394108,315.425,496.65625,314.125
2013-05-13 12:00:00,178.1818181818182,453.1740848777138,70.10078674583241,2.53696130575155,295.18316168872127,41.2043,100.0,102.24120612231502,102.24120612231502,209.8250025,47.21875,329.0
2013-07-12 13:00:00,183.1,586.5273112912752,63.550275434672336,1.946672535258308,410.3108331166736,193.9079,100.0,223.691295763158,223.691295763158,281.600005,37.21875,422.0
2013-07-30 19:00:00,365.6,620.2206387331984,62.00647447863511,1.8483279451184529,439.3195846587792,458.68050000000005,0.0,432.7748392135277,432.7748392135277,474.825005,544.75,466.75
2013-01-14 18:00:00,931.0,1242.987872102148,27.756924801753364,0.9836093981604171,993.1204112316584,790.0879,53.3,782.8536570812678,782.8536570812678,854.42502,842.28125,513.0
2013-01-29 13:00:00,595.9,1021.1785042238428,43.1816102125762,1.193025514697361,790.6364771273358,618.385,95.28333333333332,586.8541437533123,586.8541437533123,703.3,346.84375,395.875
2013-11-08 18:00:00,815.0,1141.1491004171949,34.72773938740634,1.0588851531771784,901.302670882979,857.653,73.11666666666666,778.3268255460649,778.3268255460649,912.32501,849.3125,989.0
2013-10-24 10:00:00,50.66666666666666,244.4778041622332,79.78451833854069,4.737168331361587,125.5642043104892,15.3947,56.23333333333333,74.82390508563569,74.82390508563569,79.2250005,0.75,72.46875
2013-09-17 11:00:00,86.33333333333333,362.2205247551457,74.44171768605692,3.199234051341157,218.8899868312971,27.0595,100.0,78.2866390529768,78.2866390529768,164.375,19.46875,235.9375
2013-07-18 19:00:00,138.0,582.3074962659638,63.77805449505541,1.962191085291189,406.5658119783665,317.5485,70.05,335.25692831137434,335.25692831137434,438.3,589.3594,443.125
2013-09-23 20:00:00,49.0,537.0607867870806,66.64997518221658,2.1843832078193186,364.8268195800025,30.0723,95.25,113.78858105461188,113.78858105461188,32.925,196.53125,458.75
2013-05-03 18:00:00,336.6363636363636,834.3662722330282,51.40934287350356,1.393753018561107,627.8117931977271,433.6933,59.16666666666666,466.2353161469458,466.2353161469458,576.125,497.15625,660.5
2013-06-06 19:00:00,159.2,535.6586976963815,66.06525108967246,2.13475372277556,366.0848240824592,289.031,57.5,315.33293199261544,315.33293199261544,371.775005,506.53125,423.375
2013-02-22 20:00:00,132.1818181818182,751.3435791236597,57.23967378332632,1.6051762850592806,549.3253722987338,40.5682,100.0,116.82155760146816,116.82155760146816,307.875,346.90625,377.625
2013-08-24 20:00:00,143.1818181818182,458.6564709620676,69.88744156358983,2.511663186790236,299.6391675708557,24.0254,100.0,92.1615064380432,92.1615064380432,108.025,271.59375,145.75
2013-10-25 20:00:00,99.0,615.1728576353129,63.51054284694066,1.9439935869903933,430.4950850359548,28.5593,100.0,111.35009602228293,111.35009602228293,139.30000125,443.15625,503.875
2013-10-30 15:00:00,732.5,1341.909784482778,13.946775956210953,0.8970565220498632,1086.8480201017755,959.4974,26.65,921.64596321701,921.64596321701,1074.075025,936.03125,1106.0
2013-05-02 19:00:00,361.4,640.8996533903814,61.387494946744695,1.8119701356801856,456.0847317169209,414.1298,40.16666666666666,421.7943340728779,421.7943340728779,474.4,604.0,390.375
2013-09-11 19:00:00,402.5,769.2800389161425,55.14365887666155,1.520369211653984,568.876739727608,524.7959,0.0,523.0568201414263,523.0568201414263,492.625005,768.90625,606.75
2013-05-31 13:00:00,367.1,620.3436258747818,62.02680991169875,1.849550674288736,439.3381398837996,348.6859,100.0,347.41277825049883,347.41277825049883,350.65,219.03125,455.125
2013-05-19 17:00:00,646.0,894.2068010377551,47.67795540324643,1.2916571824528291,682.5653253629143,703.3821,0.0,648.566355331176,648.566355331176,714.6666666666666,705.53125,738.5
2013-03-19 13:00:00,482.3,888.6977803676601,49.59865062394803,1.3415669268588062,673.5886695720604,485.2247,59.78333333333333,509.7096259929589,509.7096259929589,551.27501,135.375,754.75
2013-11-21 14:00:00,1014.6666666666666,1283.4315903262896,23.136047026323705,0.9466376734742772,1031.362037028523,1035.3884,0.0,953.1817925827222,953.1817925827222,1031.25,562.84375,1010.0
2013-01-26 11:00:00,313.27272727272725,483.5364253222117,69.81721679754745,2.503452141773506,316.1971253563968,269.0586,53.333333333333336,289.3262948205081,289.3262948205081,303.425005,57.65625,341.875
2013-02-27 19:00:00,215.4,985.1752265261898,44.67140802503742,1.2231736668636306,759.4282423390346,133.80689999999998,100.0,162.64741958512832,162.64741958512832,458.150005,573.84375,560.0
2013-04-05 16:00:00,915.6,1169.798990961507,30.531731898283592,1.0104743222121917,930.7776443198824,933.1753,0.0,860.8817779258394,860.8817779258394,948.07501,906.65625,1002.0
2013-01-27 17:00:00,888.3636363636364,1357.2877842267735,14.37385265597162,0.8987410411219545,1099.0075868639922,720.8091000000001,30.75,762.5445436511015,762.5445436511015,800.85,905.8125,1038.5
2013-05-05 19:00:00,194.9,626.9992247256322,62.018402776103294,1.8490449471612933,444.08040875473415,63.2687,86.25,156.60967511215603,156.60967511215603,169.7,504.4375,509.625
2013-09-20 20:00:00,332.55555555555554,529.8556256367223,66.94019107317577,2.209960052174062,358.8161010350444,372.9103,0.0,354.50922294513964,354.50922294513964,396.025,594.6875,448.0
2013-01-28 20:00:00,211.1818181818182,807.0725273904239,54.819599584357086,1.508222323174594,597.8069757075896,385.0138,100.0,388.4468835445036,388.4468835445036,563.35,604.75,406.5
2013-11-16 11:00:00,180.22222222222223,612.069872929065,63.937024979596494,1.9731864113755253,426.7573868958339,104.0323,100.0,168.03045818489642,168.03045818489642,305.3750025,85.40625,382.0
2013-09-12 11:00:00,149.0909090909091,332.1447912447769,75.7220437083376,3.468741957956188,194.8939483081961,79.9194,64.0,132.65198969003202,132.65198969003202,126.0000025,23.125,223.0
2013-08-08 18:00:00,571.8181818181819,837.7660540116007,50.78612856969059,1.3751858376432071,632.001845015372,524.0883,34.233333333333334,537.7645021808994,537.7645021808994,610.12501,730.15625,686.5
2013-09-19 13:00:00,664.7777777777778,903.2919165610444,48.0773694278472,1.3016097117324974,688.5257422673649,602.8537,81.5,568.0154349553532,568.0154349553532,704.10001,478.90625,749.75
2013-01-06 16:00:00,398.2,1404.571167971262,2.2693925883321686,0.8713777097656352,1142.2975597039867,508.9285,74.75,422.7877330438305,422.7877330438305,573.9,618.125,955.75
2013-09-21 19:00:00,516.6666666666666,799.2705318380707,53.80590613108609,1.4717396505226348,594.9759702364026,563.5844,8.5,550.1578397432386,550.1578397432386,622.85001,705.5,684.75
2013-03-23 16:00:00,875.6,1235.3218435300937,25.453693422964506,0.9640446233441332,990.0020261776244,923.2938,24.33333333333333,878.6089750301635,878.6089750301635,927.525,433.375,1002.25
2013-07-16 15:00:00,624.5454545454545,876.3725400342887,48.30316796368527,1.3073322117690516,667.4647410247306,689.2672,0.0,635.9115908477287,635.9115908477287,683.80001,358.8125,744.25
2013-10-28 20:00:00,159.55555555555554,623.1352747744688,63.184367846280814,1.9223093406009395,437.25988542940325,31.2835,100.0,113.4432960739345,113.4432960739345,161.87500375000002,351.96875,499.75
2013-08-15 19:00:00,453.7,676.9560650246575,59.368581376088194,1.703978939804765,488.53028271696144,506.0199,0.0,477.3405673315244,477.3405673315244,541.275,687.34375,553.25
2013-07-23 18:00:00,554.3636363636364,777.8808982813176,53.86475856849718,1.4737971575525195,578.8907908786529,608.5972,9.033333333333331,562.4070224155181,562.4070224155181,628.45001,718.09375,645.25
2013-01-22 16:00:00,641.9,1397.607228625631,4.898438437660742,0.8738709990972721,1136.1760637473826,536.7625,97.4,424.92856618878886,424.92856618878886,691.60001,784.5,1026.5
2013-02-16 14:00:00,914.5454545454544,1179.4908870255026,32.076827129618366,1.0271407229474556,936.0952478786965,938.1956,38.766666666666666,854.102938308384,854.102938308384,928.00001,604.65625,1021.75
2013-05-17 12:00:00,137.72727272727272,439.960198575917,70.67034436830401,2.607207640324023,284.24358537548187,71.7935,100.0,119.59642961376312,119.59642961376312,188.925005,69.1875,164.875
2013-08-15 20:00:00,260.09090909090907,431.9720953456456,71.02683367523288,2.6532957976469,277.599052516201,257.6228,30.65,267.5932207977562,267.5932207977562,330.07500500000003,515.78125,327.75
2013-07-10 15:00:00,619.0909090909091,862.8499615928873,49.05162658886977,1.3268130414926678,655.3577642012734,612.9964,100.0,564.3192281294961,564.3192281294961,627.25,554.25,732.75
2013-05-19 18:00:00,531.8181818181819,766.2410903699656,54.764066665573054,1.5061649129447974,567.7211574013218,588.4175,0.0,549.0326999123081,549.0326999123081,613.0000133333334,626.03125,627.75
2013-04-02 20:00:00,48.18181818181818,549.7889886097397,66.1632700344394,2.142901441879597,375.36745580923633,28.6363,95.73333333333332,113.35357031118946,113.35357031118946,56.0,281.53125,360.875
2013-03-18 17:00:00,287.1818181818182,1216.4614896235903,27.539316439743207,0.9816589597722196,972.2203131949884,408.4858,100.0,378.7323981559259,378.7323981559259,426.575,538.75,923.5
2013-11-02 10:00:00,33.44444444444444,276.373871262563,78.48671753904499,4.242149557244581,149.39744702143366,18.502,56.23333333333333,88.48482647700007,88.48482647700007,108.17500125,3.46875,100.96875
2013-02-04 17:00:00,1002.7272727272727,1348.94035510825,15.224582661961325,0.9022651411193288,1091.6350928728214,881.1735000000001,11.866666666666667,895.5241919939151,895.5241919939151,928.325,809.65625,904.5
2013-05-22 17:00:00,601.6363636363636,883.3664651166985,48.248275585368354,1.3059345833463367,672.9247813558433,528.0084,56.9,534.6254344320151,534.6254344320151,517.125,467.34375,636.25
2013-09-18 16:00:00,327.0,1202.5048348076464,27.13439722980632,0.9780874887398232,961.5985830386682,471.4314,100.0,442.8784292300744,442.8784292300744,424.20001,830.65625,1044.5
2013-09-21 16:00:00,919.2222222222222,1216.3190179893884,26.01894136825449,0.968629595459821,974.076663808618,969.1322,0.0,898.7276953027587,898.7276953027587,987.42501,861.3125,1046.5
2013-03-27 21:00:00,29.63636363636364,285.2850055902047,77.9367232831577,4.061983020321886,157.1480136270888,15.6624,93.26666666666668,60.39326051429583,60.39326051429583,59.125,154.25,82.46875
2013-05-05 14:00:00,330.3636363636364,884.8727034850758,48.53545292757837,1.313292967625788,673.3699128951407,438.1921,53.65,487.3905580367423,487.3905580367423,510.725,456.15625,726.25
2013-09-06 11:00:00,151.0909090909091,296.6405246387393,77.23390438729972,3.85280854469872,167.04820366586216,84.7958,90.33333333333331,112.09277077401646,112.09277077401646,129.92500125,14.46875,203.1875
2013-03-10 20:00:00,25.90909090909091,680.4272924676011,60.40565968863181,1.7575328691875076,487.6250072595829,68.42710000000001,100.0,142.53061639044228,142.53061639044228,306.6750025,510.34375,321.25
2013-01-09 17:00:00,1060.2727272727273,1361.0100391449405,14.434808328024996,0.8989860555570285,1101.9784552128287,1080.6298,2.533333333333333,1007.2034079105828,1007.2034079105828,1077.925,513.78125,654.25
2013-09-15 12:00:00,301.5,637.7723901580991,61.78482729413002,1.83511892753836,452.5150148941359,114.6823,100.0,177.33273339999528,177.33273339999528,292.000005,134.6875,488.25
2013-03-21 14:00:00,813.9090909090909,1079.3873461217902,37.99364795001416,1.1041536203687354,846.7376952493908,854.4342,3.25,785.7484221781017,785.7484221781017,856.80001,477.0625,910.75
2013-03-25 14:00:00,767.8181818181819,1064.234475926106,38.85360175572741,1.1173386095246989,833.2108967324493,560.4214,26.08333333333333,631.5663197060821,631.5663197060821,578.07501,574.875,870.5
2013-06-03 20:00:00,151.0,301.3066225380037,76.81927025159486,3.739213530183669,171.73693002671578,180.607,0.0,161.30362333268502,161.30362333268502,212.5000075,364.625,221.0625
2013-02-18 18:00:00,214.1818181818182,1205.9057340314537,29.885687312479515,1.003878550146908,960.4807110592126,314.6789,100.0,290.13506896936883,290.13506896936883,414.050005,315.75,810.5
2013-04-28 16:00:00,764.0,1046.3692853767668,38.71505750112982,1.1151762524485134,819.4876861311701,819.9338,4.483333333333333,758.8119163252619,758.8119163252619,814.45001,608.25,868.75
2013-11-12 21:00:00,197.4,363.44122816818833,74.85238785733607,3.280922337516155,217.6648548103631,234.9271,-0.3166666666666666,210.78290538561944,210.78290538561944,262.7,424.875,324.125
2013-02-28 15:00:00,751.5454545454545,1278.5530839176768,22.57746890183592,0.9427641749030196,1028.0665990373266,1044.579,0.0,952.409349586643,952.409349586643,765.675,865.9375,1075.5
2013-04-29 16:00:00,744.7,1041.1701019592265,39.03252892307254,1.1201533502982897,814.8119952880442,651.401,74.68333333333334,630.7619769774973,630.7619769774973,457.55,496.5625,871.0
2013-01-17 15:00:00,718.7272727272727,1358.9711216674398,14.55069782342221,0.8994550528377498,1100.245280277196,640.7493,78.41666666666667,605.3193464393053,605.3193464393053,743.25002,631.21875,259.125
2013-08-18 15:00:00,730.4545454545455,1012.2562321503976,40.4534882558754,1.1434198389068295,789.4563552213348,816.8693000000001,0.0,743.2421790433563,743.2421790433563,816.9250099999999,727.1406,885.5
2013-07-05 14:00:00,490.54545454545456,749.6014783720574,55.28232849815643,1.5256416504864367,553.9294658768716,549.5662,100.0,509.7988163102213,509.7988163102213,567.3249999999999,384.125,607.0
2013-03-27 13:00:00,325.0,862.2216072722774,50.8288188487513,1.3764368002334737,650.3373406266983,302.6555,100.0,334.33352592943265,334.33352592943265,425.70001,159.71875,670.0
2013-09-16 19:00:00,74.33333333333333,784.5842893831776,54.458333287859006,1.4949621691098902,582.1973575350099,56.3709,100.0,123.3130496736818,123.3130496736818,193.4750025,424.71875,671.5
2013-09-29 16:00:00,964.0,1250.9976412286885,23.060774048523207,0.9461085965294468,1005.3816540467128,761.3679,68.61666666666666,745.2100537049159,745.2100537049159,687.925,868.0,1073.0
2013-07-04 14:00:00,533.2727272727273,748.6524606685973,55.3313725839131,1.5275172429966437,553.0879595763163,560.8073,0.0,530.5471232420878,530.5471232420878,563.32501,428.96875,638.0
2013-10-09 15:00:00,809.6,1277.0061705568703,20.94515874567924,0.932126305288338,1028.5430973266266,952.7327,0.0,924.2830723022124,924.2830723022124,932.60001,941.625,1074.0
2013-04-29 20:00:00,49.81818181818182,402.3235355549313,72.53263105528399,2.8683624550657947,252.2712231164041,20.7768,97.5,84.79342465449002,84.79342465449002,106.30000175,235.34375,279.625
2013-09-05 18:00:00,679.8181818181819,952.302743822201,44.78513178834327,1.2255718268143847,733.8336780736694,740.7632,0.0,687.4762180516967,687.4762180516967,746.725,861.15625,791.25
2013-02-25 19:00:00,171.4,992.7655541227396,44.277635973696896,1.214978455786192,766.1882744293047,137.6981,100.0,164.97745899961717,164.97745899961717,345.225005,275.53125,445.125
2013-07-09 19:00:00,383.6,559.0831888748163,64.86917557650148,2.040522664802286,386.555949979591,409.7281,25.016666666666666,389.661270910072,389.661270910072,424.57501,551.84375,405.875
2013-01-14 14:00:00,761.9090909090909,1243.4543116389334,27.7160431009594,0.98324130218592,993.5497633020244,782.6917,55.48333333333333,776.3435407678447,776.3435407678447,911.37501,321.625,821.75
2013-05-27 13:00:00,455.5,632.2158168977081,61.482532763757845,1.8174462685731088,449.58899727833153,479.0244,2.566666666666667,445.96155110371,445.96155110371,471.80001,271.09375,512.5
2013-09-13 18:00:00,49.27272727272727,982.71556986463,43.17277702506643,1.1928535599614798,760.8760437238775,142.34,100.0,165.32898561840875,165.32898561840875,217.7000025,466.34375,463.5
2013-03-09 11:00:00,223.0909090909091,356.0406952680224,75.03189246579034,3.3179792698731285,212.36962658873267,199.3028,13.35,202.14009720793436,202.14009720793436,206.9,24.21875,168.625
2013-06-03 15:00:00,609.2727272727273,876.3743121892949,48.4537605223962,1.3111880118728303,667.1015809582865,684.6037,0.0,633.7525208996927,633.7525208996927,685.025,576.78125,717.75
2013-11-18 17:00:00,840.7777777777778,1309.8631786414762,20.026311538049505,0.9265706158002504,1055.9325501800404,963.5832,16.55,928.6745927215444,928.6745927215444,1032.075035,1030.9062,1117.0
2013-11-08 20:00:00,405.6666666666667,653.5565667335919,61.92033709741956,1.8431689799921849,463.2373888664472,466.0556,0.0,448.011549251579,448.011549251579,496.525005,649.53125,569.0
2013-01-02 21:00:00,19.454545454545453,508.9777982405167,68.77487459186312,2.387931331491058,337.3987008827934,27.9582,93.26666666666668,110.76160066306682,110.76160066306682,0.0,146.25,299.75
2013-08-07 15:00:00,689.6363636363636,957.6589433814192,43.70188164097043,1.2032921291715226,740.3493637584646,807.2412,0.0,718.0896248363455,718.0896248363455,784.80001,676.3594,842.0
2013-01-14 21:00:00,195.1818181818182,521.733157175774,68.19541690320713,2.3284769668674112,348.3115283596409,40.0321,93.26666666666668,120.54224125026587,120.54224125026587,218.95,373.96875,109.125
2013-03-20 20:00:00,253.9090909090909,626.0473119690655,62.81692720477199,1.898522033385529,440.6261480150406,111.8886,100.0,174.58613947011872,174.58613947011872,343.82500500000003,562.46875,450.0
2013-11-25 15:00:00,1058.7,1376.856475187402,9.874727413059151,0.883738001769286,1117.5318159841584,1083.1402,10.566666666666666,1007.475572087674,1007.475572087674,1057.175,1014.84375,1139.5
2013-03-24 17:00:00,303.72727272727275,1186.2282672029464,29.826708624279565,1.003287013761888,944.894050523474,521.9367,94.68333333333334,513.7612075058959,513.7612075058959,631.225,551.21875,958.5
2013-10-18 14:00:00,917.7777777777778,1216.9404131561262,27.67449360488029,0.9828679867474984,972.420788628643,943.4218,75.65,842.211087090557,842.211087090557,966.50001,806.78125,984.0
2013-04-25 13:00:00,525.7,752.4162009249517,55.93107620293621,1.5509209148130327,554.11750383181,525.7505,40.516666666666666,515.0802418689194,515.0802418689194,566.950015,346.6875,598.25
2013-09-25 18:00:00,743.4,1024.504822255575,40.95525507659048,1.152038531614162,797.9931689134902,811.1955,0.0,745.4270830980605,745.4270830980605,815.9666666666667,948.21875,881.25
2013-02-10 21:00:00,288.45454545454544,494.5113869547412,69.24076056639112,2.4381367923193844,325.86713374556365,189.3694,42.66666666666666,248.33373225630584,248.33373225630584,239.900005,273.375,229.75
2013-11-27 13:00:00,473.55555555555554,1119.5325388479953,36.8164278107663,1.0869900265647454,880.4906534534753,346.4216,100.0,351.5242227894128,351.5242227894128,414.675005,358.75,892.75
2013-03-11 12:00:00,163.0909090909091,652.9893702581608,61.69343377892201,1.829734670392609,463.6311347756201,206.2864,75.36666666666666,270.9217841896826,270.9217841896826,363.250005,71.40625,565.5
2013-03-26 16:00:00,285.3,1220.8565157023572,26.637426813599543,0.9738054971210952,976.9233997226492,576.575,73.96666666666667,590.684843814446,590.684843814446,631.5500099999999,602.25,527.5
2013-11-30 13:00:00,674.5555555555555,1118.9302206682369,36.92474679759462,1.0885279493039486,879.8137991569072,609.6677,72.33333333333333,626.5826590201884,626.5826590201884,767.72502,355.28125,900.0
2013-11-14 20:00:00,428.44444444444446,670.80106087525,61.19055717686827,1.8007417532758965,478.0527683996984,421.7276,17.766666666666666,435.01081054447377,435.01081054447377,505.850005,620.0625,576.25
2013-01-29 20:00:00,259.09090909090907,806.2129068640122,54.85211682892662,1.5094302926611505,597.0724159869889,290.47450000000003,100.0,323.73266378972323,323.73266378972323,504.40001,433.03125,259.75
2013-05-11 14:00:00,347.1818181818182,858.9245239426141,49.86858816820518,1.3490140697269353,650.3412606554137,337.5914,91.43333333333334,372.2554757433044,372.2554757433044,509.92501,284.53125,672.25
2013-02-20 15:00:00,977.2727272727273,1300.645936049219,20.621657217206646,0.9301354619533484,1047.912304459981,549.6898,100.0,498.551952897481,498.551952897481,595.22501,486.53125,948.5
2013-10-03 14:00:00,828.0,1154.57927121194,32.08630336909113,1.0272469462029965,916.3094286479346,897.2901,0.0,843.525714353501,843.525714353501,860.925,763.78125,975.25
2013-09-23 16:00:00,195.77777777777777,1225.2960184106246,25.276170231607285,0.9626328357699936,982.18349612963,478.4132,100.0,442.6818481804113,442.6818481804113,461.4,574.15625,1057.5
2013-01-29 15:00:00,737.5454545454545,1344.0227004307983,16.317362870576982,0.9071270466159786,1086.8139981277145,807.6252999999999,88.86666666666666,754.6359280593551,754.6359280593551,809.05003,692.0,580.75
2013-01-27 18:00:00,565.8181818181819,1241.707804200828,27.599564855274743,0.9821967815689896,992.3149187587468,823.6858,5.7,846.311317684528,846.311317684528,873.3500200000001,568.125,826.5
2013-03-05 18:00:00,893.4545454545455,1153.9068139611843,33.3450900540151,1.0418099981900495,913.7440483229832,738.2106,53.98333333333333,730.5651237624363,730.5651237624363,876.225,761.34375,881.5
2013-01-29 17:00:00,539.0909090909091,1355.6447436116346,14.529386683523642,0.8993684955812159,1097.5673424590527,772.9395000000001,89.91666666666667,720.2742821563183,720.2742821563183,783.47501,703.9375,725.75
2013-11-19 17:00:00,123.55555555555556,1311.4433821651469,19.89454366214448,0.92579875894555,1057.335332426862,265.7941,100.0,197.88483193858065,197.88483193858065,381.600005,448.78125,946.0
2013-11-09 13:00:00,817.6666666666666,1107.1459167318571,37.15256539302549,1.0917894858590516,870.1219847284277,874.0477,2.6666666666666665,806.2481291376074,806.2481291376074,859.57502,671.5,892.5
2013-03-10 18:00:00,470.3636363636364,1131.8880073463213,34.762015358731894,1.05932340939029,893.9287625081886,717.1287,79.1,687.7370205648292,687.7370205648292,715.0250100000001,773.875,627.0
2013-07-09 13:00:00,407.5,582.462565048075,63.73996205568925,1.959576639303375,406.80748034261126,313.9171,40.766666666666666,347.978374965414,347.978374965414,397.87501,177.84375,481.25
2013-07-31 18:00:00,523.4545454545455,806.4546533849982,52.40041502895581,1.424682951448187,604.2161586482774,626.4635,0.0,581.5021159847032,581.5021159847032,634.00002,723.28125,632.75
2013-10-22 14:00:00,960.5555555555557,1230.2337993568428,26.69971667963356,0.9743361388016992,984.34585635545,1003.4453,22.616666666666667,908.2469259965632,908.2469259965632,987.70001,842.21875,1015.75
2013-09-06 12:00:00,370.0,583.311407344225,64.24547914302309,1.994917243477184,405.60249646473983,340.0745,15.0,367.14730389882186,367.14730389882186,404.025,182.40625,451.0
2013-03-25 12:00:00,344.0,613.5398480278776,63.32324371524612,1.9314753099469808,430.0294161078029,363.96650000000005,68.46666666666667,373.2642717596584,373.2642717596584,402.175,164.40625,494.0
2013-01-08 15:00:00,984.818181818182,1367.216255461791,13.40147013189886,0.8949868488117525,1107.710457942531,1109.6562,27.1,1006.4333201861834,1006.4333201861834,1101.500025,929.03125,1087.5
2013-10-30 18:00:00,391.7,1120.9421929441266,35.83484740015009,1.0734216074258398,883.4007751054013,564.0493,62.18333333333333,605.3041259354794,605.3041259354794,766.9250099999999,845.78125,864.0
2013-09-04 15:00:00,795.3636363636364,1104.8817467804486,34.523059513066606,1.0562834460576875,873.0019054578742,820.0771000000001,0.0,795.9821071790656,795.9821071790656,860.6,529.65625,926.5
2013-10-18 17:00:00,963.6666666666666,1244.1840837996235,25.11922283102037,0.9613957786688064,997.5165220809592,981.1707,27.0,906.0100752425805,906.0100752425805,1002.05001,992.3125,922.25
2013-03-30 19:00:00,552.4,826.3164043046173,52.67291780169897,1.4335041881899648,618.3444490059117,584.8562999999999,18.633333333333333,568.7584542854527,568.7584542854527,637.7,773.59375,642.25
2013-01-02 11:00:00,80.18181818181819,558.6279755747605,66.58742512526395,2.17895447080842,379.728224694095,39.0367,100.0,116.98826497729812,116.98826497729812,212.9750025,79.375,335.625
2013-03-21 21:00:00,77.45454545454545,320.0187621614799,76.48787548166739,3.653146082634907,184.0874435682161,80.36200000000001,39.766666666666666,139.5032036084993,139.5032036084993,178.12500125,306.65625,108.25
2013-03-16 11:00:00,123.0,337.909877293454,75.75676360295815,3.47669437831906,198.10617586725385,72.84089999999999,100.0,102.78772493951948,102.78772493951948,174.77500125,6.9375,173.0
2013-10-26 14:00:00,653.2222222222222,1242.0324509227803,25.831372739083218,0.9670929025735736,994.9071204727892,527.0188999999999,69.08333333333333,547.4526832169298,547.4526832169298,594.37502,658.1875,1018.25
2013-02-17 14:00:00,892.5454545454545,1177.066582199532,32.22743089634894,1.0288348319485887,933.929400651682,931.9836,61.73333333333333,838.4598571946508,838.4598571946508,922.60002,741.90625,1004.5
2013-10-10 17:00:00,489.22222222222223,1220.829058100833,26.831255342733986,0.9754623887523092,976.6498941111588,502.2428,83.85,500.8801187205338,500.8801187205338,597.95002,815.71875,1015.75
2013-02-07 19:00:00,760.2,1041.69014687669,41.76753570243475,1.1664600587338514,809.6589500266398,733.3039,26.183333333333334,718.1145393210734,718.1145393210734,790.27502,594.5625,480.875
2013-06-06 17:00:00,582.5454545454545,843.8985285164916,50.271534569433314,1.360341627064524,637.9503635069689,656.3593999999999,0.0,609.023220410045,609.023220410045,639.1666666666666,650.7344,700.25
2013-05-07 12:00:00,180.3636363636364,473.569417134082,69.22405296361194,2.436297518918659,312.1347965601235,86.2165,100.0,134.01547282965475,134.01547282965475,215.525,76.59375,311.125
2013-05-15 16:00:00,265.8,964.8634544531246,43.50562050490086,1.1993870497572776,746.3430280463933,531.2407,74.96666666666667,540.5712384956121,540.5712384956121,493.250015,459.09375,677.75
2013-11-28 17:00:00,703.5555555555555,1324.511204102113,18.764083022429507,0.9194277828463272,1068.9477567311835,409.8886,91.85,358.562624895246,358.562624895246,586.7000266666668,636.5625,1091.5
2013-05-29 20:00:00,156.8181818181818,307.6972160246985,76.55488507515292,3.6702264794322,176.67628054220816,152.25619999999998,53.1,163.73194937307974,163.73194937307974,221.2750025,319.34375,171.6875
2013-05-19 13:00:00,467.6,658.9349560279618,60.25451793155586,1.749485021991074,472.7155283087169,470.0676,2.35,454.9533441656505,454.9533441656505,463.73333333333335,266.5,459.25
2013-06-04 13:00:00,251.4,609.6477696462266,62.516342235557865,1.87954952658222,430.1174162835416,188.0811,98.73333333333332,223.5480040520963,223.5480040520963,275.450005,211.6875,495.875
2013-07-07 14:00:00,64.0,751.8664470698565,55.16591125669914,1.5212122410274218,555.9361045879883,207.3622,100.0,252.71640854306645,252.71640854306645,337.87501,192.25,608.75
2013-02-05 14:00:00,712.1818181818181,1204.060151634234,30.50964141277657,1.0102452407748503,958.0720528832026,628.3779,84.75,626.2622689476557,626.2622689476557,756.52501,458.21875,527.75
2013-10-26 15:00:00,731.0,1332.2442457822629,15.10380818090601,0.9017510549808182,1078.2120222043957,727.2554,64.83333333333333,717.7269453000988,717.7269453000988,786.20001,872.96875,1115.0
2013-09-18 15:00:00,413.0,1180.358372879789,29.126263556283813,0.9963948101481837,941.2179168815107,448.989,100.0,427.472616588542,427.472616588542,436.800005,780.96875,1018.0
2013-05-19 14:00:00,588.4545454545455,826.7513450133898,51.50062146288885,1.3965283548714758,621.8422075524518,644.8061,0.0,597.1341348900983,597.1341348900983,618.8666933333334,457.5,642.25
2013-09-09 20:00:00,249.27272727272728,502.4655378093207,68.05609868615696,2.3146510449803235,336.0035041574531,300.4506,0.0,317.29822385349803,317.29822385349803,317.2250025,531.84375,367.75
2013-10-06 13:00:00,704.4444444444445,995.7235016934252,43.1605998077285,1.1926166347063378,770.9741868865566,638.1298,26.33333333333333,655.0645799529628,655.0645799529628,692.2750100000001,467.28125,791.0
2013-08-24 14:00:00,637.7272727272727,932.657165712914,45.63434226964844,1.2439364855590591,716.7933199708614,527.7503,74.1,531.7126162355098,531.7126162355098,549.9,575.3281,363.25
2013-11-28 15:00:00,722.7,1378.2884872545353,9.838008758429051,0.8836398903355438,1118.711728409958,656.8263000000001,88.21666666666667,586.4140599529267,586.4140599529267,628.70001,584.78125,1139.0
2013-05-13 14:00:00,572.6363636363636,850.581687287645,50.29398397351767,1.3609802751680231,642.945052138561,420.1078,78.31666666666666,443.2037038719594,443.2037038719594,428.1,307.65625,691.25
2013-02-20 19:00:00,372.5,1009.9068886721038,43.38831703315119,1.197071735503775,781.4485578279315,130.4868,100.0,153.54017159746277,153.54017159746277,343.600005,424.71875,640.0
2013-09-29 20:00:00,348.77777777777777,551.3017825759065,66.07915736392849,2.135905551551356,376.7226415173802,249.3561,49.21666666666667,293.0465856091771,293.0465856091771,383.8,580.125,472.75
2013-01-20 19:00:00,165.6,1056.0701444524234,41.18615529135446,1.1560781759735157,822.0900985314939,541.5882,97.61666666666666,537.6486617639158,537.6486617639158,732.72502,415.8125,514.5
2013-11-02 16:00:00,524.5555555555555,1355.623053283777,11.756993249743315,0.8892872156078517,1099.3193586347802,847.0409999999999,40.2,840.661094474624,840.661094474624,907.45,419.28125,1107.0
2013-04-11 19:00:00,250.1,754.9548504254415,56.09753143591631,1.557574303766421,555.4900990085997,558.4728,0.0,530.4882374363341,530.4882374363341,580.90001,729.46875,596.75
2013-10-28 11:00:00,355.77777777777777,570.0294920376435,65.62701942101874,2.0991381274448195,391.2813082855659,213.4782,100.0,236.11662017521436,236.11662017521436,385.150005,93.625,345.25
2013-01-01 18:00:00,94.5,1233.6171226291217,28.66333732255337,0.9919721679966436,984.3585837023552,214.9563,100.0,180.61059786251144,180.61059786251144,402.275005,366.0625,639.5
2013-07-14 17:00:00,607.1818181818181,864.6287631229098,48.97010836383229,1.324652289827274,656.9090962751974,701.8516999999999,0.0,636.9934163435568,636.9934163435568,692.625,721.2656,720.25
2013-01-30 14:00:00,626.3636363636364,1215.9842035959527,29.712259013681408,1.0021441268472804,968.7667602008636,695.7351,100.0,659.4366515582855,659.4366515582855,783.8666800000001,465.5625,557.75
2013-05-06 12:00:00,327.6363636363636,477.0109248110233,69.07642428289634,2.4201728488776446,315.0026268489391,331.8022,1.2666666666666666,312.29204697680774,312.29204697680774,288.900005,97.78125,362.625
2013-02-09 15:00:00,963.6363636363636,1325.2835272041482,18.275207866865664,0.9168095760349692,1070.0147928797735,1053.4435,12.816666666666666,976.6200632655156,976.6200632655156,1026.47505,829.5,873.75
2013-06-02 18:00:00,483.3636363636364,728.2543841685242,56.566041699506464,1.576681531735089,534.4731090296418,564.9481,0.0,523.6741559733064,523.6741559733064,568.00001,664.96875,601.25
2013-01-10 12:00:00,532.0909090909091,819.5577435503735,54.32324626990109,1.4900783452151694,608.5535589077913,407.7856,54.06666666666667,451.817658028885,451.817658028885,452.075015,168.46875,462.0
2013-07-15 13:00:00,99.9,591.6526833319024,63.31132821256519,1.9306850301976008,414.7300225372398,120.1418,100.0,175.5283318634117,175.5283318634117,213.375,132.6875,491.625
2013-01-13 16:00:00,816.7,1402.715912627041,3.116162012311213,0.8719789761817176,1140.677662314935,694.0228000000001,93.76666666666668,588.0800060649351,588.0800060649351,666.35,803.9375,617.25
2013-01-11 17:00:00,1146.4545454545455,1361.4353539167223,14.322853714280573,0.8985369309611676,1102.4018076905236,981.696,4.566666666666666,960.945356274508,960.945356274508,1048.325,952.96875,933.0
2013-10-06 18:00:00,269.0,1058.5705678184725,39.15150164712023,1.1220388327656023,828.1972390609769,314.217,100.0,327.72510160980505,327.72510160980505,502.475005,363.34375,868.0
2013-11-20 20:00:00,30.88888888888889,688.2842342176441,60.44038813053208,1.759394183318468,493.13674708732543,34.22580000000001,100.0,115.0485818041223,115.0485818041223,185.77500125,230.46875,450.75
2013-04-21 12:00:00,357.90909090909093,528.6136223666487,66.87598591896233,2.204245834918563,358.2232041200152,361.7004,14.616666666666667,352.5275616487017,352.5275616487017,367.175005,127.21875,397.0
2013-12-02 16:00:00,569.2222222222222,1394.728100206372,5.172890622615344,0.874238247134565,1133.76832975483,992.1186,14.8,956.4576913270956,956.4576913270956,1093.300025,1038.4375,996.5
2013-10-28 13:00:00,321.3333333333333,1081.2600180505262,38.48398521201074,1.111602646969143,847.2642313233757,356.0044,100.0,368.53476965345385,368.53476965345385,500.200015,449.625,816.0
2013-06-07 12:00:00,258.3636363636364,381.2008787072596,73.2148529051484,2.978210664850148,236.0881023558391,230.4226,12.25,229.77079869830737,229.77079869830737,252.000005,61.40625,215.125
2013-01-11 11:00:00,376.7272727272728,532.0414565265298,67.75006964159014,2.2848902370887583,357.0530903827246,328.8966,49.98333333333333,338.0236180316504,338.0236180316504,360.775,102.03125,413.75
2013-09-05 11:00:00,155.1818181818182,290.83287832631294,77.48128748909372,3.9239360390661946,162.54979202055398,123.9482,42.93333333333333,143.5454623391575,143.5454623391575,155.30000124999998,13.6875,210.0625
2013-05-24 19:00:00,316.6,559.190570187853,65.04911299176584,2.054112074185749,385.9797797826796,272.2521,89.5,289.1327109960585,289.1327109960585,344.450015,505.78125,441.875
2013-09-13 19:00:00,40.0,775.4779005022434,54.86545832861605,1.5099266079534348,574.2717564945776,36.3352,100.0,105.512326562937,105.512326562937,131.95,313.96875,345.5
2013-11-15 10:00:00,193.77777777777777,305.9321665267184,77.30907788610897,3.874148071676928,171.89162553656126,82.4512,45.06666666666667,131.2509852777722,131.2509852777722,169.85000375,14.1875,152.5625
2013-11-28 13:00:00,581.3333333333334,1119.406647668583,36.84808686522155,1.0874386750766445,880.3323415096137,363.7435,100.0,369.76260884359806,369.76260884359806,486.9,248.8125,906.75
2013-08-29 16:00:00,423.2,1102.998776513746,34.4134799605242,1.0549013174207666,871.6966698953606,571.3832,100.0,551.6904748270013,551.6904748270013,505.65,770.4531,704.5
2013-09-20 12:00:00,497.4,667.9396567866213,60.41136543216513,1.757838362876896,478.65685964948057,464.2624,15.816666666666666,454.3531334531915,454.3531334531915,501.275,252.65625,518.5
2013-03-03 18:00:00,257.3636363636364,1162.0953889667862,32.81006305881716,1.0355091609885771,921.1119303840694,333.9123,100.0,322.09148360672566,322.09148360672566,442.375005,663.65625,847.5
2013-07-22 20:00:00,156.27272727272728,360.2444000123399,74.14823730821051,3.143354525001345,219.04340284030133,169.9499,64.88333333333334,195.5087310568541,195.5087310568541,236.550005,417.15625,254.1875
2013-08-03 13:00:00,444.9,647.8388110958631,60.679242034485405,1.7723203686117688,463.383220378196,398.0006,22.866666666666667,418.139697734153,418.139697734153,487.05,255.4375,548.5
2013-07-19 16:00:00,411.1,920.0143069961802,45.734825901673126,1.24616403592526,706.8500402462831,435.507,83.3,459.72281246308,459.72281246308,381.7,520.0,767.75
2013-02-24 14:00:00,829.9090909090909,1159.1207896425058,33.32607809637392,1.0415832335141322,917.904513573226,826.3755,100.0,742.5838196034995,742.5838196034995,856.9,650.03125,945.25
2013-07-13 16:00:00,651.1,903.3421344309396,46.69139569013617,1.267971653904822,691.8726346729891,732.6096,0.0,665.1478421925203,665.1478421925203,716.6,633.125,774.0
2013-07-04 20:00:00,180.3636363636364,317.5426987588553,76.03847515614376,3.542608606900712,184.845158499364,189.9809,22.166666666666668,179.7418574510852,179.7418574510852,220.275,404.125,224.375
2013-03-23 14:00:00,787.8181818181819,1071.8917459350996,38.41995438548961,1.110619612886786,840.0464798881928,595.3384,44.16666666666666,636.0394913628022,636.0394913628022,617.25001,198.875,907.0
2013-09-09 11:00:00,159.0,314.2714792185636,76.48304667756696,3.6519214234376274,180.80509179044424,163.7042,30.366666666666667,169.94335835385976,169.94335835385976,178.15,18.40625,206.3125
2013-08-06 15:00:00,641.6363636363636,953.0594186941132,43.96894500346396,1.2086696985379992,736.2179225543617,750.5726,14.75,690.9579433063149,690.9579433063149,740.62501,653.03125,808.75
2013-10-09 13:00:00,591.0,1010.0332111161192,42.381283644716426,1.1777560935860203,783.7541243905375,717.0377000000001,0.0,711.8561751717875,711.8561751717875,700.15002,586.28125,803.75
2013-01-19 21:00:00,31.0,522.8958615733999,68.12659185085485,2.321624721414009,349.37383141903706,29.152,100.0,105.98976769833394,105.98976769833394,68.50000125,167.875,100.71875
2013-03-13 14:00:00,851.9090909090909,1107.709538068057,36.36574118840932,1.0806786108341198,872.018828571038,887.8951,0.4666666666666667,810.8936187626883,810.8936187626883,871.05,330.3125,950.5
2013-09-14 17:00:00,252.77777777777777,1124.504952095915,33.481804667697546,1.0434469453792827,890.239869858977,408.7436,100.0,403.1255815288989,403.1255815288989,380.3,713.9375,963.0
2013-05-19 15:00:00,674.0,925.5292136891976,45.82267016371221,1.2481210589792722,710.8870389886379,732.4164999999999,0.0,673.3580396600246,673.3580396600246,717.6333333333333,593.21875,747.75
2013-08-08 13:00:00,435.0,668.8895431664264,59.683589357958425,1.7198405044924858,481.710410698198,408.3291,15.7,432.1049572069871,432.1049572069871,463.900005,305.0625,566.75
2013-03-15 14:00:00,201.54545454545453,1100.8805001734615,36.76084637950983,1.086204060661594,865.923381333909,294.2122,100.0,296.80454588469024,296.80454588469024,405.9500000000001,153.15625,740.0
2013-10-17 14:00:00,409.3333333333333,1213.3867824432432,27.93361390359151,0.985209229008638,969.229519258016,550.4812999999999,99.26666666666668,529.1448634962973,529.1448634962973,684.4,249.25,987.5
2013-11-11 17:00:00,870.3333333333334,1297.9950697858244,20.99332320401504,0.9324259805104927,1045.3988650834526,688.4511,61.81666666666667,700.6586612260307,700.6586612260307,805.62501,999.3125,1135.0
2013-07-20 18:00:00,481.0,768.1220244709734,54.36348896501505,1.4915290583104774,570.2479090701922,551.575,0.25,534.4751086246356,534.4751086246356,489.75,702.6719,638.5
2013-09-28 15:00:00,923.6,1229.7163379281235,25.183180798548364,0.9618986411896904,985.8397194002522,977.334,0.0,908.5779243563068,908.5779243563068,977.37501,898.5625,1037.0
2013-11-02 21:00:00,38.6,331.6826809028697,76.14068447646665,3.567151982769868,192.5665381312482,16.1316,68.01666666666667,91.37225559950993,91.37225559950993,0.0,182.4375,291.875
2013-07-19 12:00:00,53.45454545454545,370.3282774524382,73.68284395608039,3.058724921228286,227.3003768443595,34.4216,100.0,84.31240077014075,84.31240077014075,139.5,40.84375,301.0
2013-11-07 14:00:00,957.5555555555557,1268.4599815651616,23.94093932190919,0.9524352747179488,1018.4051597244896,1006.0945,97.98333333333332,874.8641135819115,874.8641135819115,1012.150035,851.125,1036.5
2013-05-07 18:00:00,185.0,815.2147312796628,52.36603258005779,1.4235798989049242,610.8724413545144,342.8075,80.9,383.8136492402566,383.8136492402566,418.425,562.3125,670.5
2013-01-26 15:00:00,1000.3636363636364,1348.2451231394398,15.84392608094812,0.9049738866614296,1090.6019255727754,680.0353,77.01666666666667,653.972683629416,653.972683629416,739.45,883.15625,1059.5
2013-01-07 11:00:00,358.8181818181818,544.2020413793858,67.22144199703254,2.2353738055977,367.3994673948251,316.0778,50.9,334.5833014707528,334.5833014707528,364.05001,112.625,442.75
2013-03-08 11:00:00,213.0909090909091,358.68755979036297,74.92592602944215,3.296001227478272,214.4633982625949,130.3655,63.53333333333333,169.56205014858122,169.56205014858122,185.67500625,9.40625,279.625
2013-04-10 20:00:00,119.66666666666669,502.7877180161478,68.20642908143726,2.329577366417555,335.61933094224224,45.0638,100.0,112.52951770982035,112.52951770982035,267.9,353.1875,332.875
2013-02-06 15:00:00,996.6363636363636,1330.937799629968,17.7043225971712,0.9138547715729513,1075.0836047703958,1038.4538,17.866666666666667,969.6638354832864,969.6638354832864,1037.075,576.5625,685.0
2013-02-23 17:00:00,587.8181818181819,1307.931205346801,19.54064372428499,0.9237561660302572,1054.8441708917906,580.3083,44.15,619.5246213312437,619.5246213312437,671.75,686.5625,831.75
2013-11-23 10:00:00,205.22222222222223,314.0531489503948,77.00517314459678,3.789302610567322,178.05012107769855,93.1425,57.833333333333336,136.1559712974251,136.1559712974251,158.87500125,16.03125,152.5625
2013-08-30 20:00:00,148.72727272727272,475.685763686372,69.16908997005557,2.430267600967351,313.75300687514726,85.994,95.78333333333332,139.00956815444414,139.00956815444414,299.9000025,381.5,230.9375
2013-08-31 16:00:00,817.6,1113.2781201616397,33.71105461244508,1.0462167842529893,880.9808276954171,891.6115000000001,4.4,816.5083621802804,816.5083621802804,895.7750100000001,884.84375,970.0
2013-02-16 11:00:00,273.6363636363636,415.7871984393404,72.62057035329444,2.882049913847354,260.3102581315089,275.027,0.0,254.69948027658944,254.69948027658944,257.925005,35.34375,364.875
2013-09-07 18:00:00,240.72727272727272,960.0779987199415,44.37332100403653,1.2169545072332943,740.7487230006376,270.4533,100.0,300.2345933619657,300.2345933619657,307.80001,827.625,783.25
2013-09-24 17:00:00,910.5555555555557,1165.1124328666372,30.75535461034117,1.0128076461493474,926.7164972317872,971.0578,0.0,866.8825052273927,866.8825052273927,959.42502,1013.65625,1017.5
2013-12-01 10:00:00,81.0,314.7226370912959,77.0092989900332,3.790429541029072,178.40830484968868,20.1667,81.48333333333333,78.12018076521602,78.12018076521602,106.15,13.03125,167.25
2013-11-09 20:00:00,362.44444444444446,656.4054598606944,61.80045118744447,1.8360429926520336,465.6805944024135,382.7837,6.016666666666667,414.82419868097793,414.82419868097793,475.57502,675.5625,571.25
2013-07-13 17:00:00,609.7272727272727,861.9938691323122,49.11590359463107,1.3285236424486435,654.5495775431554,695.8266,0.0,633.3511408060948,633.3511408060948,684.80001,702.65625,727.5
2013-04-28 15:00:00,726.7272727272727,1020.7190973160644,40.435287089721065,1.1431112591645216,796.0928289286617,805.1877999999999,0.6,741.7017080180171,741.7017080180171,783.62501,520.875,851.25
2013-07-31 15:00:00,505.6363636363636,927.0475483400412,45.46246302007235,1.240153356991125,712.8703216054492,625.9829000000001,100.0,574.6899322011524,574.6899322011524,642.65,624.7969,759.0
2013-11-28 12:00:00,436.1,891.4923618825011,50.40924590733295,1.3642720070023695,673.5586389659593,258.7781,100.0,300.5199731944749,300.5199731944749,422.125005,117.8125,687.25
2013-01-19 13:00:00,136.4,1043.996610781564,41.94084760990872,1.169614367793319,811.0760083167895,293.9172,100.0,318.0726819007739,318.0726819007739,426.325005,92.5625,296.125
2013-03-09 13:00:00,623.1,919.3655038788428,48.16928035783173,1.3039305753981834,700.5469488788547,652.5047,23.53333333333333,634.8314413715304,634.8314413715304,658.65,441.9375,518.25
2013-08-27 19:00:00,480.4,719.6539773508383,57.39928947270628,1.612111607113056,525.6711633576234,566.1862,0.0,519.1419761551698,519.1419761551698,569.650005,735.28125,596.25
2013-02-18 15:00:00,166.8181818181818,1305.6050795389926,20.165127646511653,0.927390452946605,1052.363660982015,431.174,100.0,372.8123304156088,372.8123304156088,453.200005,189.0,1035.5
2013-06-07 20:00:00,95.27272727272728,298.13931177451275,76.94658894944254,3.7733731801571326,169.3145278356488,23.6631,100.0,63.83835443476988,63.83835443476988,127.95000375,315.125,204.0
2013-03-24 13:00:00,458.7,872.3635642466959,50.35770942578842,1.3627975539103911,659.2420327296007,270.746,100.0,308.12450953624136,308.12450953624136,429.375005,213.5,726.0
2013-02-04 20:00:00,187.72727272727272,798.7031476127563,55.15792420604748,1.5209095190460675,590.591726519795,322.3492,100.0,345.2998106262403,345.2998106262403,485.075,577.3125,194.375
2013-08-15 13:00:00,508.9,702.0617594601229,58.10196471858187,1.64351837687818,510.6905447149251,471.5956,7.916666666666667,472.75280820369466,472.75280820369466,544.45,327.5625,612.0
2013-11-04 17:00:00,990.3333333333334,1284.565887244337,22.05349963882429,0.9392400376424516,1033.4736872590092,1040.6246,4.616666666666666,954.2565470612552,954.2565470612552,1040.4499999999998,998.4375,1062.0
2013-09-21 18:00:00,689.9,1011.1147725936193,41.66549357173136,1.1646157576363714,786.1070294405025,775.755,0.0,726.7857632661861,726.7857632661861,804.1750099999999,823.46875,873.0
2013-02-05 18:00:00,415.09090909090907,1232.6951149715123,28.111418632151107,0.9868338866899894,984.4049535840963,647.0799000000001,81.85,644.5327001661276,644.5327001661276,768.12501,682.78125,581.0
2013-01-18 17:00:00,264.45454545454544,1361.4148505558016,14.111120072223851,0.8976981020667272,1102.5327736243337,579.6913000000001,73.33333333333333,548.1885353430837,548.1885353430837,775.15001,224.40625,691.25
2013-04-07 13:00:00,251.5,822.8428740082918,52.65845592996514,1.4330324952563778,615.7851734236523,310.8475,89.01666666666667,353.1312732771679,353.1312732771679,473.02502,400.53125,680.75
2013-02-24 13:00:00,665.6,955.889929947798,46.44445061923484,1.2622356639510492,732.7207146720615,639.8534999999999,95.78333333333332,591.3866387443271,591.3866387443271,678.3500200000001,480.9375,791.0
2013-02-17 19:00:00,585.8,1018.896720364412,42.92347534424584,1.1880323123986196,789.4448365396838,777.7881,18.15,727.7614983744006,727.7614983744006,791.32501,857.8125,655.75
2013-08-31 18:00:00,653.3636363636364,932.4324258662194,45.83570298437492,1.2484121798928711,716.1593287410521,725.7225,0.0,673.2283251704955,673.2283251704955,743.65,866.125,789.75
2013-11-13 11:00:00,424.0,608.2509388817075,64.0784742851611,1.983085954256882,423.56967971129467,373.3942,42.28333333333333,387.1132321099763,387.1132321099763,422.625,178.28125,396.375
2013-02-09 17:00:00,401.45454545454544,1341.1737756993373,16.06537511014989,0.9059720606875163,1084.7095583946827,1006.4549,44.98333333333333,932.834863570464,932.834863570464,1047.025025,1015.65625,596.5
2013-04-10 16:00:00,849.6666666666666,1143.1141191840125,32.425722643911584,1.0310847617899246,906.6786211622052,721.0658000000001,37.516666666666666,732.4670733106427,732.4670733106427,687.20001,679.625,960.0
2013-01-19 15:00:00,329.8181818181818,1356.8204261972724,14.823505175801207,0.9005755594741573,1098.3077835300005,621.0383,100.0,549.7516922214068,549.7516922214068,671.3000099999999,390.625,757.5
2013-02-15 13:00:00,239.0,979.483118332491,45.30179529340555,1.2366476882677724,753.5723139951382,457.6448,77.1,494.5671565244351,494.5671565244351,545.625,280.5625,300.0
2013-06-02 19:00:00,335.6,540.823199935801,65.84725447273443,2.116873109145569,370.4253774480259,399.6285,0.0,369.99329527181743,369.99329527181743,409.700005,554.09375,435.0
2013-11-25 10:00:00,199.3333333333333,314.9038034608946,76.97808087081019,3.7819193078051176,178.67262729804435,137.7702,55.41666666666666,156.36284717719474,156.36284717719474,170.2,16.8125,165.1875
2013-03-14 17:00:00,272.27272727272725,1235.3526965027795,26.03612527001288,0.968771140388994,989.2977847566168,308.5082,100.0,268.15709872146056,268.15709872146056,331.80001,479.8125,958.0
2013-11-17 12:00:00,631.8,888.5729723796543,50.38734521809928,1.363644908193239,671.4118192096299,649.5258,2.75,621.8431508441514,621.8431508441514,677.92501,429.4375,671.0
2013-04-20 19:00:00,367.0,703.2070992227783,58.52344466015965,1.66306862644876,510.2060294756536,508.032,0.0,488.3470969805364,488.3470969805364,535.625,619.5,553.25
2013-04-20 18:00:00,632.6363636363636,903.8615766913688,47.844824930748175,1.295789071518787,689.5297548525771,685.9926,0.0,644.9742738955458,644.9742738955458,706.65,736.71875,737.5
2013-07-29 15:00:00,638.0909090909091,919.0357256524552,45.91710813772272,1.2502350983685788,705.6849844558275,722.4439,21.8,665.685709248308,665.685709248308,717.725,614.15625,757.25
2013-08-21 12:00:00,320.1818181818182,492.65366100896017,68.2932751654547,2.3382947009780395,328.51250535662484,319.9046,1.25,318.8689897697718,318.8689897697718,337.825,123.21875,399.75
2013-11-27 17:00:00,175.22222222222223,1323.1558014224524,18.88550348650152,0.9200907607370592,1067.7417912792562,362.2514,97.25,300.0141911815999,300.0141911815999,584.300005,592.5,1054.0
2013-09-23 11:00:00,40.11111111111112,398.2397586742926,72.9085159609878,2.927828940467563,248.04048275489384,25.8503,100.0,84.38035702247197,84.38035702247197,145.40000125,22.40625,239.375
2013-08-11 13:00:00,511.9,682.6098199425302,59.03137255724417,1.6873743402670822,493.6825002666227,553.318,0.0,495.711816215109,495.711816215109,529.37502,319.0,589.5
2013-05-15 13:00:00,180.8,673.491616924493,59.58384746758132,1.7147809692792864,485.3448607707346,219.4879,100.0,254.3630950236643,254.3630950236643,294.7,158.90625,442.375
2013-05-22 16:00:00,435.7,937.2068654865036,45.04992402479039,1.231210959367878,721.6126908085652,602.8232,31.566666666666663,613.35032356003,613.35032356003,521.7,434.75,687.75
2013-01-08 12:00:00,564.6363636363636,824.7137159098314,54.071081116714176,1.4810680730142889,613.134448313031,609.1196,2.1666666666666665,578.012736582074,578.012736582074,610.15,359.40625,664.75
2013-10-06 16:00:00,899.4444444444445,1278.4179146222912,20.52272496597323,0.9295342241869042,1030.1012086438136,878.2132,32.45,857.8039674328761,857.8039674328761,950.00001,661.8125,1080.0
2013-09-22 15:00:00,187.7,1200.71391893154,27.54851002469869,0.9817409204212132,959.6223441964388,523.318,100.0,498.8012077218294,498.8012077218294,549.6750099999999,479.8125,1035.5
2013-01-02 18:00:00,90.9090909090909,1234.6326244637828,28.57544432108817,0.9911441712886784,985.294993827349,251.7094,100.0,218.97254509688025,218.97254509688025,425.8,669.59375,917.25
2013-07-02 12:00:00,247.3636363636364,353.03021733087377,74.44031936381548,3.198962991646379,213.3426543391925,248.4204,0.4,211.66628467213928,211.66628467213928,240.825,49.65625,288.375
2013-09-11 20:00:00,216.1818181818182,507.5881536980036,67.84570091229259,2.294101607650478,340.26597595753015,299.3466,0.0,319.25363541187585,319.25363541187585,281.350005,582.09375,376.0
2013-08-06 18:00:00,520.9090909090909,829.7489319843722,51.20053299083087,1.387458402559282,624.8842549117003,528.8665,100.0,496.6019062788878,496.6019062788878,576.40001,728.0,671.25
2013-05-14 17:00:00,348.90909090909093,914.2085508025916,46.61202912961123,1.266119927078966,700.3808472594491,579.2882000000001,45.38333333333333,582.0816147765389,582.0816147765389,538.9750200000001,408.15625,765.75
2013-08-28 18:00:00,611.5454545454545,920.2605745949668,46.47764957159578,1.2630024316197368,705.3321638263618,637.5784,73.48333333333333,599.3818082965767,599.3818082965767,712.0500099999999,828.09375,728.5
2013-06-01 12:00:00,281.90909090909093,395.5763690753897,72.59075186493513,2.877393639069267,247.78730948430072,231.7334,5.5,238.2822864816762,238.2822864816762,260.8000075,67.5,244.875
2013-12-02 10:00:00,215.3333333333333,314.3044827815217,77.03040379946195,3.796204621850846,178.06191667519445,143.5681,18.816666666666663,159.71043046913977,159.71043046913977,155.075,13.875,163.5625
2013-11-05 17:00:00,995.8888888888888,1286.587976023876,21.89559604652336,0.9381984868128028,1035.2701156035114,1042.2259,46.93333333333333,935.2716796293904,935.2716796293904,1040.325035,1046.0312,1100.5
2013-08-28 17:00:00,720.5454545454545,1048.0760455337197,38.345614386511095,1.109482213172938,821.5213700566171,786.351,94.6,705.5695191655038,705.5695191655038,837.3500200000001,883.90625,851.5
2013-03-31 11:00:00,177.1818181818182,300.16454172433373,77.26802588027023,3.8624653913039086,168.8598174196404,159.4537,7.35,154.89689341603932,154.89689341603932,169.7500025,12.8125,225.25
2013-11-14 14:00:00,959.8888888888888,1277.926550908058,23.3570377444558,0.9482038396784324,1026.6859950301362,1016.2292,47.16666666666666,920.2060069319916,920.2060069319916,1022.75002,871.71875,1067.0
2013-03-22 20:00:00,100.0909090909091,614.5728742419058,63.32307462103247,1.9314640899290296,430.7540720199741,81.7723,95.41666666666669,157.8666208480991,157.8666208480991,372.575,336.40625,392.75
2013-04-12 11:00:00,16.727272727272727,269.2871553814128,78.5175067126344,4.252705606051071,145.40660684225324,17.1034,91.93333333333334,59.34123818990949,59.34123818990949,66.050003,2.90625,164.9375
2013-01-14 19:00:00,154.8,1054.180681855286,41.365235776848536,1.159243699900696,820.2369469403154,335.6421,97.61666666666666,361.3193138836748,361.3193138836748,373.875005,493.625,402.5
2013-09-27 19:00:00,308.22222222222223,816.1504821198236,53.06210477747975,1.446349863417512,609.6587373159567,507.2807,2.933333333333333,541.9552537344138,541.9552537344138,581.275,662.90625,676.75
2013-03-23 12:00:00,295.0,619.3128754160327,63.08462986818199,1.9157864742663813,434.93565574547466,129.9676,100.0,186.6495839681309,186.6495839681309,279.7,38.28125,515.75
2013-12-02 19:00:00,596.0,981.986001940071,45.476456231814346,1.2404600791899056,755.0828914176939,702.0323000000001,32.35,675.9163341056822,675.9163341056822,742.475,755.0625,550.25
2013-07-29 16:00:00,641.4,955.4341747209824,43.676413050133554,1.2027831449905793,738.6841178639728,745.0347,71.28333333333333,682.7879272206623,682.7879272206623,754.20001,713.21875,783.0
2013-05-26 16:00:00,672.7,923.427388712508,45.8049806729832,1.2477262389927928,709.3129240213576,746.946,0.0,678.8065115152541,678.8065115152541,738.7750000000001,685.3125,784.5
2013-10-17 12:00:00,193.0,810.2133675655936,53.8477883990477,1.4732031267708765,603.0012076863021,177.4588,99.13333333333334,232.63093791091148,232.63093791091148,385.875005,74.625,600.25
2013-07-17 14:00:00,552.0909090909091,770.4288503236749,54.21908370379027,1.486339774760416,572.364809740149,601.2698,0.0,556.6469514256348,556.6469514256348,596.7,342.39062,653.0
2013-10-22 16:00:00,1033.3333333333333,1329.6795001041332,15.074321464726948,0.901626238797324,1076.157727534326,1069.9199999999998,15.033333333333331,982.397069270166,982.397069270166,1080.75,1058.9375,1141.5
2013-08-22 15:00:00,671.1818181818181,1033.5073496184878,39.14498048249367,1.121935196128174,808.6009066840663,793.4041,11.55,743.663574530746,743.663574530746,768.45001,726.3906,876.0
2013-07-20 14:00:00,516.5454545454545,778.2859001284626,53.81811101354348,1.4721657413089762,579.321303213128,573.5854999999999,0.0,547.6992023830499,547.6992023830499,535.1500100000001,405.375,662.0
2013-05-19 20:00:00,184.0,328.709620891234,75.67017534348446,3.456930117053912,193.1251533614586,179.02329999999998,52.16666666666666,185.44178944696884,185.44178944696884,259.0666733333333,334.375,239.8125
2013-05-25 18:00:00,501.9090909090909,747.2453449109931,55.6736575620806,1.5407676066597875,551.0621968678893,567.9036,0.0,532.7636968068541,532.7636968068541,580.45002,619.9375,617.75
2013-08-04 13:00:00,458.2,651.8587146103197,60.489561572210576,1.762037507283126,466.879051396172,500.7359,0.0,463.14012260131113,463.14012260131113,490.500015,287.71875,550.75
2013-11-01 19:00:00,34.111111111111114,905.7987265007866,49.12028963675112,1.3286405889392658,687.8011741028082,106.3926,100.0,154.10653298952695,154.10653298952695,247.65000250000003,350.75,636.25
2013-02-12 13:00:00,742.8,987.0988065421468,44.925645601681694,1.2285545839406868,760.3192293564643,775.3119,1.9,714.2020571152534,714.2020571152534,757.50001,523.15625,847.75
2013-08-26 13:00:00,557.0,761.2037857030032,55.23866446266517,1.5239765944611132,562.6298059048651,586.4523,1.6833333333333331,545.8822587552069,545.8822587552069,589.7750100000001,356.40625,645.5
2013-01-07 18:00:00,955.2727272727273,1239.0295224616984,28.17578878090488,0.9874257190072706,989.3728393110758,997.9823,19.58333333333333,911.788023332072,911.788023332072,997.35001,1076.6562,1019.25
2013-11-25 12:00:00,615.8,891.8552912459156,50.34590838635454,1.3624605285623743,674.0036472505343,638.2121000000001,21.83333333333333,616.9924625581515,616.9924625581515,635.0250100000001,427.71875,677.75
2013-04-07 19:00:00,301.3,778.6736999746516,54.96999239879984,1.5138294719824068,576.3334005487119,92.7279,100.0,158.99520474793064,158.99520474793064,268.6250025,481.71875,528.75
2013-03-24 21:00:00,48.27272727272727,302.709070625643,77.20974628772893,3.846000650232994,170.58867068147666,16.7807,82.01666666666667,73.79176516389853,73.79176516389853,52.1500005,200.625,144.4375
2013-11-11 15:00:00,1079.8,1363.6276769775943,11.23673595741783,0.8876506758382897,1106.100455633738,955.6693,27.15,922.8413919130348,922.8413919130348,1037.8,950.125,1158.5
2013-09-21 13:00:00,683.7777777777778,914.924929840709,47.4703967528871,1.2865694092978517,698.8858708887468,711.5331,0.0,659.710696175612,659.710696175612,716.87501,465.0,724.0
2013-11-05 20:00:00,412.3333333333333,645.0842749415928,62.27530701916802,1.8646420529246064,455.9820054556303,412.1198,19.48333333333333,420.6253312612944,420.6253312612944,491.87501,600.3125,534.25
2013-02-05 12:00:00,351.27272727272725,747.455388882557,57.6677282150981,1.623939151606851,545.1218831817458,311.3766,100.0,328.14652612608177,328.14652612608177,396.00001,139.1875,226.0
2013-03-28 18:00:00,651.6363636363636,1037.8350301369144,40.47243445522495,1.1437413487155157,809.3667475447976,719.4604,42.4,697.0265299544656,697.0265299544656,795.67501,658.0625,724.25
2013-08-13 16:00:00,113.3,1022.2134771227026,39.64767829240974,1.1300236791642546,798.8047266719543,361.8643,100.0,374.9277735469543,374.9277735469543,325.30001,483.65625,875.25
2013-09-30 17:00:00,871.4444444444445,1187.4074193748943,29.21151179466872,0.9972206380120364,946.718173106817,977.2032,0.0,881.2580672108209,881.2580672108209,984.57501,932.78125,1027.0
2013-03-07 17:00:00,949.6363636363636,1265.5838424781068,23.48741673576509,0.9491368878759048,1016.6211545223308,980.1759,21.3,918.0140607112957,918.0140607112957,980.60001,844.125,752.75
2013-08-29 14:00:00,602.4545454545455,961.013306322148,44.04586713509274,1.210232373304551,742.1936972103441,687.1685,60.45,645.2286322079027,645.2286322079027,738.55,549.5469,563.75
2013-03-04 21:00:00,26.63636363636364,411.3147548002768,72.6849965216251,2.892163750363832,257.2162127206231,22.7204,100.0,84.8222918221856,84.8222918221856,33.474999999999994,141.71875,194.8125
2013-10-25 13:00:00,722.0,1072.4280354996406,38.961603602600974,1.1190346158421207,839.4139085286633,492.886,99.2,493.7791734212415,493.7791734212415,599.275,451.15625,812.0
2013-05-02 13:00:00,403.7,724.1930447848914,57.24003663258655,1.605191969558518,529.4738578511569,403.5303,100.0,394.1708183003757,394.1708183003757,472.425,330.40625,553.75
2013-01-29 14:00:00,756.8181818181819,1217.8794210228637,29.5825138721912,1.0008564537514937,970.4691995307384,741.8768,91.71666666666668,706.3181680365977,706.3181680365977,805.42501,524.78125,516.0
2013-01-19 17:00:00,494.0,1361.2003438592385,14.107727027005948,0.8976847721596029,1102.361401983591,693.6763,97.0,627.7912420714815,627.7912420714815,689.1500100000001,488.90625,724.0
2013-11-22 11:00:00,415.77777777777777,616.6222497298239,63.790541392054216,1.96304980854838,430.4779340938107,360.8068,15.05,387.2164823726193,387.2164823726193,435.15001,174.75,382.0
2013-12-01 15:00:00,1051.3,1379.3034177254922,9.877284240415555,0.8837448478684755,1119.5166581126027,1110.2895,37.63333333333333,1000.654139802056,1000.654139802056,1096.775,671.875,1168.0
2013-11-30 18:00:00,374.2,1185.2733825054815,32.132058627625824,1.0277605402739691,940.5953774061228,355.6372,100.0,342.0295815076853,342.0295815076853,495.925015,375.25,916.25
2013-07-22 18:00:00,439.3636363636364,774.5629188219192,54.03438138691998,1.479768139322618,575.9519018580032,547.2656000000001,41.75,533.381413881929,533.381413881929,586.575,621.8594,632.75
2013-03-23 11:00:00,56.72727272727273,320.2413087317753,76.46296987455624,3.646838486232793,184.3399639645692,19.101,100.0,64.24034696017466,64.24034696017466,80.775,3.21875,257.625
2013-11-06 15:00:00,1084.4,1355.858666453261,12.210604929395537,0.8907790054045541,1099.2479137009375,1085.2159,81.46666666666667,943.2356151169532,943.2356151169532,1096.625,970.53125,1121.5
2013-03-25 21:00:00,46.36363636363637,296.90889379162326,77.45170398231093,3.915292260045666,166.0973595169148,93.9089,65.51666666666667,129.0681961563191,129.0681961563191,175.6750075,214.375,95.15625
2013-11-11 13:00:00,903.8888888888888,1110.0182669945746,37.02106609188723,1.0899024197554692,872.6263469257701,755.0908999999999,19.83333333333333,758.0651820698131,758.0651820698131,847.57502,405.4375,897.0
2013-08-07 14:00:00,603.0,845.2876474793275,50.34863726542267,1.3625384426154787,638.804020360051,703.7744,0.0,629.4730333834275,629.4730333834275,679.35,511.26562,744.75
2013-01-17 21:00:00,91.45454545454544,522.745964808617,68.14090692890446,2.3230463748018817,349.2143033447707,27.4999,100.0,104.9175504150832,104.9175504150832,70.77499999999999,233.875,153.5
2013-10-22 13:00:00,812.3333333333334,1062.6576759148834,39.49475126146252,1.1275416029760943,830.7155742206595,851.8857,1.0,776.9965800800345,776.9965800800345,836.12502,633.96875,844.5
2013-09-02 14:00:00,688.0,984.121676456976,42.726498202411015,1.1842661245532349,762.9206620110899,795.1777,0.0,722.7006569756895,722.7006569756895,784.15,630.5469,840.0
2013-04-29 12:00:00,141.27272727272728,501.2090561899103,68.04128694144975,2.313191468882223,335.2218468968832,72.96679999999999,98.8,131.30122311758635,131.30122311758635,185.375,38.21875,377.625
2013-02-14 16:00:00,1005.7,1365.0289546791423,11.521087795680838,0.8885353285378141,1107.0802012918907,934.5396,35.4,903.5425578592736,903.5425578592736,1050.15,952.25,774.5
2013-03-25 19:00:00,527.2,855.6004436888973,51.23821366816877,1.3885887457558983,644.2517059031063,548.8277999999999,64.86666666666666,533.8232467356258,533.8232467356258,609.4000100000001,521.96875,389.875
2013-10-28 12:00:00,470.3,850.2327425752317,52.0096251104996,1.4122747761327508,638.109219732312,296.0338,100.0,329.9597141170776,329.9597141170776,524.0,278.78125,600.5
2013-01-26 19:00:00,323.9,1054.830595919658,41.17955953256244,1.1559621298005285,821.1392146486152,106.0856,100.0,118.47618974627142,118.47618974627142,327.800005,706.9375,539.25
2013-04-01 15:00:00,875.0,1154.2108423650916,32.01163732131721,1.0264113351064337,916.1340520334654,918.2156,26.83333333333333,841.2508580637389,841.2508580637389,892.50001,737.75,970.5
2013-07-11 17:00:00,589.2727272727273,857.0188677381851,49.39120691423031,1.3359193087780512,650.0940012032914,671.8863,0.0,620.9544405038286,620.9544405038286,661.2000266666668,686.8906,710.25
2013-04-26 19:00:00,351.1,670.8445811487627,60.01846108574826,1.7370850773911823,482.0349670786789,432.0747,75.6,426.6493889231613,426.6493889231613,496.525,656.15625,540.0
2013-08-02 18:00:00,275.09090909090907,814.0740687858705,52.00860528626379,1.4122427621139368,610.9744361446457,302.103,100.0,329.98502574425504,329.98502574425504,292.22501,428.125,664.25
2013-02-22 16:00:00,347.6,1345.4187044122991,14.306991867478605,0.8984736118035438,1089.4435726386023,453.3204,100.0,372.2119442206336,372.2119442206336,556.275,618.46875,882.5
2013-05-17 20:00:00,28.90909090909091,334.2247823026132,75.43648427023884,3.4047072696869134,197.4813404944202,40.7589,100.0,81.56548508670537,81.56548508670537,83.8,235.5625,82.8125
2013-04-01 20:00:00,167.0,555.7241466388311,65.90426682793147,2.121517743753515,380.414634706107,51.2015,100.0,124.42156219634136,124.42156219634136,205.700005,344.125,359.125
2013-07-05 13:00:00,389.8,578.6953669779714,63.91641782049288,1.971753358066476,403.5598851748032,340.40759999999995,76.66666666666667,349.1328031130356,349.1328031130356,413.75,211.8125,455.75
2013-07-04 18:00:00,495.0,727.9426654098278,56.420473917169616,1.5706838856674972,534.6735742682094,548.6893,0.0,517.1720827215786,517.1720827215786,564.55,665.0,595.5
2013-02-23 19:00:00,369.7,999.9409040547266,43.90521265672569,1.207379661150952,772.5776247117891,329.2522,79.81666666666666,388.0435365770235,388.0435365770235,543.775005,540.875,484.125
2013-11-27 16:00:00,709.8888888888889,1390.7538378878774,6.008955808245627,0.8754827047047203,1130.3108981359896,760.4433,84.66666666666667,684.7953036535678,684.7953036535678,919.625,570.6875,1137.0
2013-09-01 12:00:00,345.09090909090907,553.7242060126017,65.57269993249665,2.094813794385588,380.2912916250221,317.0895,10.7,345.70998898219983,345.70998898219983,333.4,167.09375,430.125
2013-12-02 13:00:00,806.7777777777778,1118.1653596250294,37.01829854579146,1.089862835823529,879.0362974310124,855.2607,0.0666666666666666,808.7444654607975,808.7444654607975,816.17501,643.59375,869.25
2013-05-08 15:00:00,711.5454545454545,972.7223776460296,43.202880439210034,1.1934398989821495,753.0743353633086,783.1423,0.0,713.2574141291777,713.2574141291777,769.92501,679.9375,830.5
2013-04-03 12:00:00,129.27272727272728,586.7472428751316,64.4344301801285,2.008493791494898,407.3014348205701,91.5344,100.0,155.89603931275758,155.89603931275758,238.7750075,47.46875,454.375
2013-03-03 20:00:00,95.9090909090909,714.3535811502162,58.89235368482012,1.6806389069172611,517.0972390940276,37.2424,100.0,116.5011697580901,116.5011697580901,96.80000375,411.03125,428.0
2013-08-11 12:00:00,333.09090909090907,444.4223620701786,70.4264352654658,2.576629865564932,288.14760008526105,299.32210000000003,4.75,285.0735806531932,285.0735806531932,319.8,97.4375,375.125
2013-03-20 14:00:00,843.2727272727273,1083.073629153645,37.78332165568984,1.101013408589253,850.0283446087415,873.0727,9.0,793.1520056500012,793.1520056500012,856.97502,591.125,936.75
2013-02-11 13:00:00,405.4,989.6119864540234,44.80058106218582,1.2258987100935794,762.5477112996111,387.5255,98.26666666666668,409.7223633992205,409.7223633992205,442.65,305.15625,830.5
2013-07-07 15:00:00,91.9090909090909,857.6788824703535,49.338486699011305,1.3344943247186138,650.7252174716313,293.2374,100.0,322.8903175692875,322.8903175692875,363.6,284.65625,706.25
2013-08-08 12:00:00,274.0,431.65808752679214,70.98903486052309,2.648328211584768,277.5563596975195,219.8715,21.7,252.1130041372168,252.1130041372168,261.57500500000003,88.0625,359.75
2013-08-04 14:00:00,586.9090909090909,831.9755876716606,51.04654662438471,1.3828642930017625,626.9620447031274,661.3035,0.0,606.5396890512719,606.5396890512719,650.8,491.89062,709.25
2013-10-10 14:00:00,833.0,1186.0192911674917,29.90005740379023,1.004022943756632,944.6205413905728,813.4071,24.45,807.4834869472135,807.4834869472135,740.85001,815.0,952.75
2013-11-04 10:00:00,196.0,282.22701951068933,78.25062616105637,4.162901894963429,153.8286318020533,81.7446,46.48333333333333,119.05549947783456,119.05549947783456,164.7500025,9.3125,119.46875
2013-10-07 21:00:00,85.1,262.3686613589412,78.9248890583423,4.397440073364022,139.55624535912497,10.1465,97.0,49.5654311501406,49.5654311501406,76.625,395.53125,182.6875
2013-08-13 20:00:00,33.36363636363637,425.909730373904,71.28768299959009,2.6881161897325376,272.60747019999224,25.9138,93.11666666666666,96.68887583964069,96.68887583964069,42.15,235.75,294.375
2013-11-03 18:00:00,890.1,1130.0969780018645,35.33718317962691,1.066789050400896,891.5073187492783,839.1134999999999,33.75,794.9743368767197,794.9743368767197,905.37501,916.6875,815.5
2013-10-18 12:00:00,562.0,814.3754892205736,53.65520545247818,1.466504073331112,606.6542283613044,522.0522,24.9,534.6667100507575,534.6667100507575,607.67501,348.9375,593.5
2013-04-27 12:00:00,328.45454545454544,508.1098580403092,67.74709643673718,2.284605126632176,341.00427029400004,293.3892,68.33333333333333,310.50267956524027,310.50267956524027,354.2,124.25,354.0
2013-01-28 14:00:00,878.7272727272727,1219.749377539441,29.45357410831106,0.9995851042159284,972.1497751980104,934.5682,68.46666666666667,844.4381052761354,844.4381052761354,953.475,734.90625,1047.0
2013-05-30 15:00:00,368.6363636363636,887.4132864740948,47.871809272672856,1.2964607429208637,676.9172136973218,490.7881,94.5,477.75174738872806,477.75174738872806,436.750005,406.0,742.25
2013-02-24 11:00:00,121.45454545454544,391.925824859512,73.58924781028811,3.0422661569986835,240.99819629709387,80.5124,98.13333333333334,118.45864551584388,118.45864551584388,178.575005,33.6875,317.5
2013-04-30 19:00:00,335.2,650.5788976149042,60.946455156105735,1.787043624855179,464.4597229529024,215.1103,100.0,247.1586517859102,247.1586517859102,293.7750075,426.5,487.125
2013-08-04 17:00:00,646.2727272727273,938.8335875425267,44.810880221156594,1.226116770709062,723.3974941500718,751.4146,0.0,686.696425271898,686.696425271898,752.3000099999999,786.15625,782.5
2013-11-22 19:00:00,352.1111111111111,957.9235511731852,46.6770289654517,1.267635879351798,733.7119684634179,317.4782,100.0,349.24419502591786,349.24419502591786,468.675,618.625,411.625
2013-10-01 11:00:00,313.55555555555554,444.87801002506666,70.92355333308754,2.6397684667641297,286.339726783173,227.9318,21.0,259.41206107272376,259.41206107272376,294.79999999999995,68.59375,295.0
2013-09-17 14:00:00,231.66666666666663,1070.6937374207384,37.54909174785712,1.0975545312531625,840.7472227337552,381.3268,100.0,389.6376951458645,389.6376951458645,500.425005,415.5,901.25
2013-10-08 13:00:00,656.1111111111111,1005.3453297208268,42.63703556168555,1.182568051508441,779.5673830564482,674.2053,0.0,695.7536699827177,695.7536699827177,657.12501,578.3125,797.0
2013-09-25 17:00:00,895.2222222222222,1168.9415691844822,30.49263793555233,1.010069084977819,930.1533341755518,949.9384,0.0,863.8620744099268,863.8620744099268,950.20001,1012.15625,1004.25
2013-05-15 20:00:00,55.90909090909091,340.1703255329552,75.18417835669136,3.350091407955659,202.19313549513453,18.8789,100.0,69.38629650587671,69.38629650587671,61.72500025,244.1875,231.0
2013-02-09 13:00:00,729.8,994.6012772722888,44.55081674409815,1.2206461155761976,766.9749165042543,748.783,12.083333333333334,706.3330822452211,706.3330822452211,734.70001,515.5625,670.0
2013-02-19 12:00:00,214.27272727272728,708.0656967758028,59.382942031750446,1.7046945995592118,510.9329698952359,185.5514,100.0,236.6466844948453,236.6466844948453,334.75,118.03125,622.5
2013-04-07 17:00:00,562.7272727272727,1109.4074837886262,35.13400043284692,1.0641275546294062,875.5378809137926,442.607,85.08333333333333,466.100228325902,466.100228325902,360.150005,640.21875,872.75
2013-09-26 17:00:00,435.55555555555554,1172.7259754918566,30.232006061556667,1.0073876564074995,933.5494257105556,920.7575,0.0,860.4193216456142,860.4193216456142,915.72501,1011.0,999.5
2013-10-19 17:00:00,496.55555555555554,1246.8975784530355,24.917620211844564,0.9598219334901624,999.9377426503188,921.8006,59.45,850.8449539540297,850.8449539540297,983.325,848.21875,1063.5
2013-07-08 12:00:00,85.63636363636364,355.47838007554884,74.33306344493923,3.178310723761677,215.312022420926,39.6122,100.0,85.2219803066682,85.2219803066682,182.4250025,23.0,240.375
2013-01-12 17:00:00,593.7272727272727,1361.580558854516,14.274550371887509,0.8983443499553528,1102.5532626862416,983.4122,52.48333333333333,917.7293185944447,917.7293185944447,1059.775075,919.09375,663.0
2013-01-01 16:00:00,229.3333333333333,1404.975918634011,2.0846087000891287,0.871271874605392,1142.6463487007195,567.1452,100.0,440.4915635444695,440.4915635444695,579.175,268.71875,829.25
2013-11-02 20:00:00,83.33333333333333,636.7367008242591,62.62280490196399,1.88622020886688,448.84891307110223,31.7253,97.5,117.2370661472741,117.2370661472741,12.4000005,283.40625,535.25
2013-02-08 20:00:00,354.72727272727275,791.4069299622232,55.46962864587899,1.5328353922400049,584.2542469286133,553.3383,9.9,540.7560779833008,540.7560779833008,598.000005,692.6875,328.75
2013-11-02 17:00:00,328.6666666666667,1280.4125277865166,22.37621552643737,0.9413981555705264,1029.7827409098156,580.0148,87.91666666666667,557.4957841227063,557.4957841227063,697.55001,467.75,1080.0
2013-09-02 15:00:00,773.0,1093.8244983956715,35.26515043617176,1.0658424424260018,863.0161979750519,892.3492,0.0,806.6456726149445,806.6456726149445,883.575,797.5469,938.75
2013-10-12 21:00:00,10.0,274.10354929820704,78.45557630050682,4.231525538148585,148.33437799109592,12.7079,42.766666666666666,92.05990670813694,92.05990670813694,45.92500125,213.0,201.5
2013-05-10 16:00:00,550.2,987.0254545511244,42.2399914398305,1.175124383574017,766.196110344835,796.8588,13.216666666666669,723.7903676995713,723.7903676995713,782.9000100000001,756.03125,799.0
2013-02-21 12:00:00,416.0,702.5115536867305,59.61981607135838,1.7166015120134834,506.13754245724994,308.3967,100.0,320.24963352170306,320.24963352170306,383.3,174.9375,465.375
2013-09-30 21:00:00,103.4,246.9526079296228,79.54130049850411,4.635920227195486,128.16147658839307,27.776200000000003,92.5,61.82917068018995,61.82917068018995,178.95000249999998,357.96875,216.5625
2013-07-15 20:00:00,182.3636363636364,341.6992534328268,74.96584737836523,3.304246276490552,204.1216269538444,126.1424,67.85,163.41272650218426,163.41272650218426,233.2000025,219.125,230.375
2013-11-04 14:00:00,987.2222222222222,1263.0945172106185,24.308565573187728,0.9551697774906304,1013.6635298804748,1004.8948,73.51666666666667,889.6635680274475,889.6635680274475,1015.025025,856.6875,1020.5
2013-07-19 20:00:00,169.36363636363637,352.0562239303025,74.5087165921754,3.212276743559244,212.44223974061765,83.1062,88.66666666666667,121.53795812440671,121.53795812440671,190.65,321.875,233.125
2013-02-22 15:00:00,359.3636363636364,1295.4642945655348,21.09135234429311,0.9330385390288636,1043.2598595528336,455.2303,100.0,401.6856408028336,401.6856408028336,555.92501,595.96875,939.75
2013-02-02 17:00:00,931.0,1351.481390968023,14.954462618071014,0.9011216884254076,1093.8907484697795,857.0953000000001,46.5,845.4190992998576,845.4190992998576,717.875,1063.9688,867.0
2013-01-08 20:00:00,546.8181818181819,803.0195307891715,55.1558746787712,1.520831862761857,593.7896646282544,295.7806,79.28333333333333,353.8273843548169,353.8273843548169,541.575005,646.5625,178.625
2013-09-11 16:00:00,784.0,1168.8607864772782,29.728951984698288,1.0023104113378178,931.1999843235952,891.4866999999999,0.0,851.7729289647085,851.7729289647085,855.1500100000001,927.0,969.25
2013-10-22 15:00:00,1042.2,1321.309970947736,16.359871434492625,0.907323903321062,1068.41440514541,1068.44,32.6,967.951873101953,967.951873101953,1070.6000250000002,993.59375,1118.0
2013-04-19 13:00:00,538.7,776.4644470256167,54.81414819407673,1.5080200473980592,575.1510347384211,565.1733,10.416666666666666,541.6620592135188,541.6620592135188,581.5250100000001,339.625,610.5
2013-09-15 19:00:00,30.33333333333333,781.5739827417333,54.592699494474566,1.49985990924318,579.5775524637478,60.15560000000001,100.0,127.20874753210715,127.20874753210715,197.8,515.40625,661.5
2013-05-01 14:00:00,549.9090909090909,902.7398642832968,47.60841284606371,1.2899461814287028,689.2465678478184,605.0626,100.0,558.6627818370762,558.6627818370762,651.45001,334.75,709.25
2013-08-12 15:00:00,722.0909090909091,981.6434217744272,42.29343864902731,1.1761176728198786,761.9073322650755,795.0272,0.0,721.9183987018431,721.9183987018431,787.6,694.5469,852.25
2013-07-13 15:00:00,624.5454545454545,869.0906633509372,48.70624809579775,1.3177243023429062,660.9456474760226,701.0401,0.0,638.3354904630831,638.3354904630831,681.65002,528.875,750.75
2013-10-31 19:00:00,311.0,903.3080129738393,49.23271048037651,1.3316477787480698,685.6191656826691,412.3727,100.0,422.52904727446594,422.52904727446594,574.750005,846.6875,703.0
2013-06-04 14:00:00,493.45454545454544,775.339049903386,54.06112837264158,1.480715254464679,576.4545325792758,404.6054,51.45,440.481204942557,440.481204942557,410.55001,338.28125,649.75
2013-07-14 18:00:00,506.8181818181818,750.5226506870077,55.26233801036112,1.5248787875947478,554.667377876616,598.212,0.0,546.6279043429856,546.6279043429856,594.975,682.65625,608.25
2013-03-05 21:00:00,84.36363636363636,406.4343153927099,72.88805380854843,2.9245262035435853,253.2385366230342,62.9304,91.13333333333334,115.79676416209672,115.79676416209672,262.725005,277.03125,215.3125
2013-10-19 19:00:00,511.44444444444446,873.3646574354236,50.56293608815487,1.3686945667675383,659.4545399190376,531.1226,17.033333333333335,566.9642521382759,566.9642521382759,661.20001,744.03125,722.25
2013-02-02 13:00:00,731.3,1011.6834235928744,43.67899126068116,1.2028346396480325,782.1667881380657,754.6293000000001,19.73333333333333,715.8285313021282,715.8285313021282,772.0,539.40625,815.75
2013-07-25 18:00:00,469.3636363636364,784.7002737341018,53.515907247874566,1.4617064369193171,584.9322152681583,505.9583,71.5,492.7231393404239,492.7231393404239,616.5,720.96875,629.75
2013-10-10 20:00:00,38.55555555555556,577.477474715283,65.03306256208474,2.052891795819071,398.66248272022847,23.8994,100.0,107.20682476124408,107.20682476124408,91.8750025,365.15625,417.125
2013-11-06 20:00:00,404.3333333333333,647.8952970354818,62.1577883697352,1.857470390079084,458.38752723918657,391.0961,22.75,412.2787397025655,412.2787397025655,489.97501,575.21875,555.25
2013-11-23 12:00:00,635.2,891.6286297790688,50.32671475955294,1.3619128561037184,673.8839999572517,601.0555,25.216666666666665,599.5220843688728,599.5220843688728,654.40001,424.5625,648.0
2013-04-15 20:00:00,288.27272727272725,474.3617026326265,69.43576994333681,2.459824664665199,311.7910828516958,327.47540000000004,0.0,308.09878491621,308.09878491621,347.300005,498.59375,344.0
2013-11-28 21:00:00,60.3,416.53331217853855,72.67649876688569,2.890825542068466,260.51900406390064,20.9216,100.0,84.67403336077564,84.67403336077564,15.925,237.0625,297.625
2013-07-11 14:00:00,533.0909090909091,757.8560421462844,54.859858028916896,1.5097182224957468,561.2379391679154,582.2062999999999,0.0,543.4925206193315,543.4925206193315,569.825,420.78125,644.5
2013-11-18 14:00:00,945.2222222222222,1281.529062625888,23.18884299573569,0.9470100914004224,1029.7730119205323,965.0987,29.1,910.9942719913332,910.9942719913332,999.70001,877.78125,1061.0
2013-11-17 10:00:00,203.5555555555556,308.6787816180091,77.20332071546721,3.844193939963576,173.9861677138864,83.2045,61.8,127.88175944972625,127.88175944972625,167.675005,15.6875,152.25
2013-07-11 15:00:00,620.0909090909091,864.812643184123,48.94296572367068,1.3239349846479531,657.1153391888176,678.1155,0.0,626.65216627622,626.65216627622,664.6500100000001,537.09375,735.75
2013-05-07 14:00:00,622.8181818181819,876.0899377100525,48.98840831264321,1.3251365116507074,665.5713289361836,675.1648,6.9,628.8435876947285,628.8435876947285,657.17501,344.4375,698.0
2013-10-18 13:00:00,785.6666666666666,1048.200172765538,40.28801273622838,1.1406247064476622,817.8268302127914,740.4199000000001,67.25,690.7327597782211,690.7327597782211,814.07501,595.875,818.75
2013-02-11 19:00:00,734.7,1033.898720576861,42.15621473960847,1.1735728454533658,802.7648299456272,771.568,11.116666666666667,735.0433638811741,735.0433638811741,801.375,654.375,448.75
2013-03-25 17:00:00,656.0909090909091,1180.9952871352605,30.209554695046368,1.0071583093494043,940.1653809227088,685.5198,36.5,722.0257019676307,722.0257019676307,759.775,735.03125,623.0
2013-09-26 21:00:00,101.9,238.54587405544407,79.87791512346905,4.777211022096069,122.01550400834373,9.7369,98.16666666666669,44.206658488324194,44.206658488324194,36.0250005,359.1875,116.40625
2013-04-22 12:00:00,363.45454545454544,525.2237889312453,67.01967838820534,2.217078967715264,355.3727185128424,355.37690000000003,31.316666666666663,349.9615017770026,349.9615017770026,363.55,138.21875,401.0
2013-04-30 12:00:00,238.3636363636364,497.7520113536021,68.18884262037177,2.327820557647781,332.3276693678385,82.8721,100.0,135.6257650709635,135.6257650709635,205.075,65.84375,367.375
2013-08-24 15:00:00,648.2727272727273,1044.319640826907,38.46843874721502,1.111363682818484,818.3472885204193,678.8,68.56666666666666,652.9970077587005,652.9970077587005,745.45003,712.65625,422.875
2013-01-04 11:00:00,384.27272727272725,552.9734347995416,66.83691823607975,2.2007844693815715,374.8884509691674,323.9793,37.38333333333333,342.6473315844018,342.6473315844018,334.1,92.25,311.5
2013-03-31 12:00:00,410.7272727272728,595.83812081652,64.056556866426,1.9815447992917663,415.0056995041437,388.7493,56.66666666666666,392.8647426254816,392.8647426254816,427.30001,164.15625,477.25
2013-11-22 14:00:00,1031.4444444444443,1283.9210818642907,23.131610754947225,0.9466064302856232,1031.760447906832,812.3611999999999,52.61666666666667,804.054149078707,804.054149078707,971.25001,866.09375,1031.5
2013-03-31 21:00:00,71.45454545454545,262.044809364707,78.90701485163358,4.390885635445757,139.47871319060934,15.5323,70.73333333333333,74.15298382049215,74.15298382049215,154.32500000000002,283.875,152.9375
2013-04-27 14:00:00,655.0,920.880999725593,46.65932289066433,1.2672224115585171,705.3813325472332,715.0479,20.05,662.6721993990399,662.6721993990399,712.22501,547.34375,754.75
2013-08-30 16:00:00,748.8,1108.1405131577997,34.063308984512375,1.050534323852058,876.340424770202,841.0965,13.633333333333333,799.0736324728388,799.0736324728388,825.12502,691.71875,744.25
2013-05-16 12:00:00,81.72727272727273,443.2259594078245,70.52947672470282,2.5894552934929607,286.943912108431,40.3845,100.0,100.27373083401692,100.27373083401692,197.75,39.375,282.0
2013-05-01 13:00:00,358.6,728.2143392935981,57.05368961503879,1.597185235859892,532.9820702619583,416.6589,100.0,405.02086573314966,405.02086573314966,491.075,200.90625,546.0
2013-08-05 12:00:00,292.6363636363636,419.76534016646,71.51256933860246,2.718912256717213,267.7261888520346,301.4273,0.0,268.01081772013765,268.01081772013765,292.3,80.84375,357.125
2013-01-04 13:00:00,605.3,1075.0946163622118,40.11498828839068,1.137726699935585,839.1701483941913,582.9103,98.93333333333334,568.531415484035,568.531415484035,674.8000099999999,451.1875,825.75
2013-05-23 17:00:00,627.8181818181819,879.9575065558508,48.42651299065669,1.31048801342979,669.8955364020362,688.6704000000001,0.0,636.7625522406593,636.7625522406593,693.87502,555.1875,734.5
2013-08-26 20:00:00,288.0,464.4096839985188,69.64391006516723,2.4834289760083763,304.4037719487792,264.6255,68.26666666666667,282.8265243291503,282.8265243291503,352.325,541.96875,354.5
2013-01-15 21:00:00,75.63636363636364,522.1740243903769,68.17292624982977,2.3262330279891303,348.6993555850279,29.2181,100.0,105.9132990664732,105.9132990664732,121.3750025,334.8125,107.125
2013-05-09 12:00:00,325.1818181818182,466.7151848451982,69.51835291030191,2.469132964347923,306.4293237720194,294.97090000000003,28.9,298.5951820407572,298.5951820407572,323.6500025,108.6875,355.75
2013-03-09 17:00:00,767.6363636363636,1257.336758205993,24.202062347656263,0.9543719285840456,1009.1687454566604,926.2907,72.06666666666666,844.4249710425979,844.4249710425979,969.7,852.46875,923.0
2013-07-24 16:00:00,684.3,936.6225533646387,44.77503323387461,1.2253582985838822,721.7729887696319,783.5466,0.0,699.9464392396026,699.9464392396026,760.00001,731.5156,811.0
2013-11-06 12:00:00,633.9,873.0325492876494,50.999335467846976,1.3814638221414353,658.0302215342306,573.8333,30.78333333333333,576.5490890269064,576.5490890269064,660.225,402.84375,617.25
2013-07-07 12:00:00,28.454545454545453,354.7979638292666,74.36284831729806,3.184018466542378,214.7645763344393,21.8185,100.0,74.13350333639244,74.13350333639244,165.525,24.875,257.625
2013-06-01 14:00:00,563.3636363636364,783.3581794012568,53.66579541116165,1.4668704435331583,583.5191990440479,591.8833,0.0,557.4025227134815,557.4025227134815,601.05,451.40625,625.25
2013-08-26 16:00:00,778.9,1087.573127584163,35.45043909443715,1.0682841954574809,857.7675540238747,905.3903,0.0,809.4518039018044,809.4518039018044,891.85001,858.5625,938.0
2013-02-28 13:00:00,762.4,944.995573810292,46.9631507833809,1.2743716875068072,723.1131518211956,647.0166,13.0,649.0438769188519,649.0438769188519,526.50001,471.78125,802.25
2013-11-01 18:00:00,131.5,1125.5560015156411,35.58472999128108,1.0700678760074314,887.4856417917963,181.1492,100.0,173.71812470195255,173.71812470195255,201.9750075,586.0625,674.5
2013-09-13 13:00:00,78.8,867.7340928838894,49.91198332461129,1.3502217577096405,656.9001411196316,151.17839999999998,100.0,201.0123237368191,201.0123237368191,302.375,251.9375,575.5
2013-07-03 16:00:00,658.8,884.3680952592509,47.7814680371644,1.294215891526333,674.8096367267925,693.0812999999999,0.0,640.6679054645855,640.6679054645855,695.7750100000001,680.8125,763.75
2013-05-01 19:00:00,332.3,645.699513581103,61.168963048254,1.7995202523739438,460.2362170874852,339.9984,90.45,346.5764499366063,346.5764499366063,454.325005,464.34375,495.875
2013-10-03 15:00:00,904.1,1252.2355135026032,23.2326564913258,0.9473199799859512,1006.1852670131068,977.9511,0.0,921.8174462733608,921.8174462733608,940.325,925.59375,1073.5
2013-05-11 19:00:00,74.4,601.6251777788744,63.1623685383987,1.9208663019119028,422.2429277744175,74.5706,100.0,144.70731376074565,144.70731376074565,268.37500750000004,379.5,387.75
2013-02-23 13:00:00,275.6,958.571495421202,46.31603123869847,1.259282350657944,735.0873416241249,283.15160000000003,96.25,324.188202219828,324.188202219828,377.325,365.90625,811.75
2013-01-31 15:00:00,1033.909090909091,1341.0086877581005,16.646516382773743,0.9086666383686798,1084.1113637825288,1068.5156,1.8166666666666669,993.9849370857514,993.9849370857514,1055.075,893.125,1107.0
2013-10-21 18:00:00,528.4,1099.1891782315492,37.00038686013423,1.089606777462525,864.1515289130475,687.1344,57.18333333333333,684.1567016425397,684.1567016425397,809.225,542.46875,923.25
2013-03-23 18:00:00,738.0,1065.8122055314966,38.827843448349626,1.1169354555351674,834.4962139978913,765.5103999999999,26.0,742.6584530725984,742.6584530725984,834.375,599.65625,839.25
2013-04-16 16:00:00,832.4,1110.6319794790986,34.62766835135021,1.0576098611997824,877.3690409978382,896.7903,7.733333333333333,815.281405957555,815.281405957555,900.40002,850.90625,929.75
2013-03-13 16:00:00,977.2,1279.823650945806,21.507954154971102,0.9356813372956418,1030.235183085767,1037.675,15.916666666666666,947.730933513013,947.730933513013,1027.200025,587.3125,1051.0
2013-01-15 11:00:00,176.54545454545453,519.4532997206119,68.29244464743712,2.338211005462284,346.38656560085707,201.6226,100.0,223.38770238064225,223.38770238064225,273.175005,26.84375,157.75
2013-08-25 14:00:00,623.3636363636364,938.2654582585432,45.32269930975631,1.2371021337431345,721.8139119121727,674.2192,3.716666666666667,658.2994046184715,658.2994046184715,733.975,546.03125,752.5
2013-10-05 12:00:00,544.9,753.1122399628623,56.49425655791302,1.573716911090218,552.9359348026306,511.5258,22.633333333333333,507.7528407779725,507.7528407779725,568.275,286.9375,568.25
2013-10-02 13:00:00,685.5555555555555,975.5567756436528,44.25134859839943,1.2144372894761213,752.966114769094,779.2998,0.0,712.1515624619651,712.1515624619651,756.57501,560.53125,795.0
2013-01-06 12:00:00,569.0,829.7684495565023,53.82173566780586,1.472292343557705,617.6319311146343,440.0367,28.316666666666663,496.0084875111187,496.0084875111187,566.175025,203.25,577.75
2013-03-19 19:00:00,204.5,889.53617658169,49.552630192264886,1.340308413777076,674.3434684952327,245.8594,100.0,287.8541191299984,287.8541191299984,468.250005,348.34375,656.75
2013-09-12 14:00:00,646.2727272727273,1042.201231832444,39.29806256349829,1.1243769172174924,815.1070410278833,734.6605999999999,0.0,736.0205847290551,736.0205847290551,730.425,663.03125,870.25
2013-11-23 13:00:00,840.5555555555555,1119.249083233067,36.73734033517142,1.0858723141248523,880.4154869651867,800.49,44.516666666666666,763.5391213035656,763.5391213035656,856.07501,665.875,865.0
2013-10-02 17:00:00,784.6666666666666,1194.4695999618905,28.715235609457984,0.992462820321222,953.048746649326,935.0789,0.6,876.9137445130955,876.9137445130955,944.57501,1001.0625,1026.0
2013-06-04 19:00:00,332.5,538.0097503739221,65.96676236345819,2.126634736820749,368.05746862560267,393.53080000000006,0.0,366.8307373252487,366.8307373252487,398.450005,524.6875,429.875
2013-04-06 16:00:00,872.3,1164.5067208428688,30.914130949897185,1.014480271182528,925.9969474210266,936.6454,0.0,858.1255713834289,858.1255713834289,937.25003,896.84375,973.25
2013-10-18 19:00:00,634.4444444444445,870.8552196683577,50.67304111489061,1.371886592919153,657.266589847145,636.6329000000001,3.716666666666667,609.7489049106216,609.7489049106216,681.0250100000001,795.5625,534.75
2013-05-30 12:00:00,94.54545454545456,400.8682767362504,72.36124996718715,2.842070684930965,252.10834909414592,33.6582,100.0,89.46686960195842,89.46686960195842,161.9250025,44.40625,294.25
2013-08-28 16:00:00,759.6,1097.8553301911031,34.761462114801645,1.059316329676119,867.0517773111089,834.8528,83.03333333333333,749.4060253579839,749.4060253579839,880.6,869.34375,899.75
2013-10-17 15:00:00,891.6,1305.8441665060318,18.04546470375765,0.9156072560049932,1054.5207097337554,748.2359,81.23333333333333,715.5105473802398,715.5105473802398,783.80001,434.9375,997.25
2013-04-09 13:00:00,576.3,815.332112851086,53.00756214590925,1.4445318030194747,609.1996017543295,355.0381,61.516666666666666,413.1573959437826,413.1573959437826,453.90001,287.25,675.5
2013-01-05 15:00:00,982.2727272727273,1369.4926905882307,13.04067766632682,0.8936670838475744,1109.7888396349888,930.488,20.466666666666665,919.0501616564732,919.0501616564732,951.15,922.59375,1170.5
2013-11-18 19:00:00,259.0,948.0778197958302,47.153626517315466,1.2789132174161535,725.0014068603393,570.7759000000001,93.61666666666666,544.6904174804565,544.6904174804565,718.825,659.5625,740.25
2013-01-25 11:00:00,17.545454545454547,486.8413692396272,69.67817297943292,2.4873606678252846,318.9596692745503,30.7846,100.0,101.1410352413472,101.1410352413472,146.925,62.125,398.5
2013-02-16 16:00:00,964.2,1360.5652058552105,12.19912874473035,0.8907405141687484,1103.0704843165202,1098.623,52.71666666666667,978.235149538688,978.235149538688,1095.675025,880.71875,1141.0
2013-03-10 21:00:00,14.727272727272728,380.93820354135136,73.94941143242517,3.106618454627579,232.5709395304864,21.2847,100.0,78.49385212814266,78.49385212814266,31.35000025,319.34375,117.9375
2013-08-31 15:00:00,812.9090909090909,1082.7618761278245,35.997254099648934,1.0756214910892896,853.0284997410627,848.7995,11.033333333333331,786.5516931004377,786.5516931004377,875.9000100000001,782.0625,948.75
2013-01-20 14:00:00,644.5454545454545,1233.8409073392395,28.447182398666865,0.9899425199403916,984.8461364398784,586.9241000000001,84.21666666666667,590.5736755023784,590.5736755023784,633.4750200000001,423.4375,876.5
2013-03-17 16:00:00,287.6,1262.7618748648133,23.082558497555738,0.9462614861659476,1014.811800725574,489.1843,100.0,445.14755512010527,445.14755512010527,568.47502,371.8125,872.0
2013-07-20 16:00:00,603.8,923.1472655341126,45.55439890025261,1.2421726566384592,709.6646819953994,697.3549,0.0,658.4817977790908,658.4817977790908,622.92501,683.8594,792.75
2013-12-02 18:00:00,649.4,1188.9312463621543,31.89966865891072,1.0251640515253793,943.8727584698572,880.4773,5.833333333333333,854.9421783306971,854.9421783306971,920.97501,980.3125,748.5
2013-11-26 15:00:00,143.6,1377.382313119885,9.853481322821503,0.8836811858369154,1117.9688077069022,369.8009,100.0,265.577145109246,265.577145109246,490.550005,471.8125,1143.5
2013-05-12 19:00:00,168.3,597.731870905476,63.33697148531309,1.9323866850617253,418.90151961412295,63.9552,100.0,136.77239974107607,136.77239974107607,163.7750025,434.8125,475.375
2013-11-21 13:00:00,863.2222222222222,1118.612812761604,36.728107403796045,1.0857421126749849,879.9321966317019,886.8462999999999,0.0,816.3600111153445,816.3600111153445,882.0,466.75,858.5
2013-04-29 13:00:00,340.7,736.2751908187568,56.67998258149339,1.5814150926632649,540.01760836637,299.7551,82.71666666666667,338.1367184737919,338.1367184737919,332.325,147.5625,591.5
2013-10-15 20:00:00,171.66666666666666,589.6904618438241,64.5430601444387,2.0163922774544494,408.9421585239827,136.2362,100.0,185.68489534038892,185.68489534038892,327.42501000000004,288.5,266.125
2013-08-13 15:00:00,124.63636363636364,986.61992650301,41.99769897701147,1.1706551126714797,766.3833042041502,369.7126,100.0,386.2029453174315,386.2029453174315,437.925,547.6875,850.0
2013-06-05 12:00:00,262.6363636363636,385.72689997722,73.01825708559728,2.945674182636957,239.76521320783084,238.3127,13.283333333333331,234.63667793713992,234.63667793713992,253.175,63.53125,294.0
2013-09-03 17:00:00,600.4545454545455,1075.7984319547552,36.61860782933167,1.084202477853954,846.4489738649378,662.4302,85.35,634.6056205934534,634.6056205934534,677.07502,729.78125,861.25
2013-06-06 12:00:00,137.9090909090909,383.42905596375965,73.118056453794,2.9620988031784967,237.8976185215977,115.3709,100.0,144.65720104112896,144.65720104112896,197.625,45.1875,277.25
2013-11-10 11:00:00,406.22222222222223,603.3800087864986,64.26663422427266,1.9964271568738008,419.4780331288446,388.4835,6.0,394.13698393450863,394.13698393450863,397.275005,173.875,408.25
2013-03-12 18:00:00,63.18181818181818,1122.4977237686303,35.356575400998565,1.067044464848756,885.478284254535,399.7854,100.0,401.38062800453497,401.38062800453497,510.97501,559.03125,719.0
2013-11-15 16:00:00,504.77777777777777,1377.4896884415325,8.434877396905582,0.8801767495052066,1118.685383746037,878.1829,40.833333333333336,859.8641862362713,859.8641862362713,1025.575,1004.65625,866.0
2013-11-11 16:00:00,1106.888888888889,1371.682748431568,9.381701923497122,0.8824526367307224,1113.5622646995787,854.7932,59.95,820.1307766624693,820.1307766624693,979.225,1042.625,1184.0
2013-04-19 19:00:00,456.7,708.7949026326354,58.26363581276657,1.650952677431692,515.0823364182389,516.4177999999999,6.75,493.9475479050553,493.9475479050553,539.82501,572.78125,523.5
2013-11-04 20:00:00,395.8888888888889,642.2871456665682,62.391993819014274,1.8718253257753183,453.5901029874609,391.5125,32.95,409.2651708890722,409.2651708890722,487.575,631.34375,466.875
2013-04-10 18:00:00,620.8,961.9368154665626,44.74033772032628,1.2246255353547997,741.3590393373379,451.4135,62.68333333333333,504.5159912416348,504.5159912416348,531.625005,604.71875,789.75
2013-08-14 14:00:00,637.8181818181819,879.0945993276787,48.55366695293432,1.313763567320644,668.9283400263103,695.4056999999999,6.25,639.1050101007731,639.1050101007731,692.35002,471.26562,757.5
2013-07-22 13:00:00,185.5,607.6872776569439,62.56326229867469,1.8824828426569693,428.5745987742226,252.5128,100.0,269.07774208476945,269.07774208476945,327.975005,102.375,510.0
2013-05-05 18:00:00,241.27272727272728,824.6337495810747,51.89684146590666,1.408745733087874,619.1993604535432,306.1496,89.5,348.7098279828401,348.7098279828401,450.600005,589.65625,685.25
2013-09-11 13:00:00,537.7,855.7477744087497,50.52361143230979,1.3675593170319094,646.2550258102549,611.7346,0.0,594.7758273544443,594.7758273544443,567.925005,449.78125,678.5
2013-07-25 13:00:00,453.5,616.2679847930274,62.1621090190993,1.857732953606272,435.99653613628186,454.6303,6.933333333333334,430.2529152637843,430.2529152637843,458.22501,266.0625,529.75
2013-08-13 18:00:00,57.72727272727273,858.1824483630058,49.72731334566788,1.3451025696024508,650.1364103478045,163.9033,100.0,211.9243131798357,211.9243131798357,206.7500025,405.1875,705.75
2013-09-26 14:00:00,842.7777777777778,1119.6215002369238,34.42473669788457,1.0550429550463338,884.8145638058029,883.3462,-0.25,818.1592445919357,818.1592445919357,857.3000000000001,739.4375,919.0
2013-05-14 15:00:00,682.9090909090909,946.0465687773128,44.695233106458026,1.2236749073842408,729.2127941326673,624.247,36.75,622.8229625896986,622.8229625896986,538.0250100000001,365.4375,787.25
2013-10-26 19:00:00,507.8888888888889,890.8524439767699,49.79037445279099,1.34684474916152,674.7212029384898,633.0346000000001,13.133333333333333,616.2242470669078,616.2242470669078,687.825,714.59375,720.75
2013-09-17 18:00:00,141.4,997.1812805601496,42.40498543497437,1.178199415712308,773.7312071982841,207.0955,100.0,229.67706901469035,229.67706901469035,293.40000000000003,439.1875,858.0
2013-08-13 19:00:00,76.8,669.7363125194979,59.70322409409133,1.7208406110204144,482.2573413649953,41.5315,95.13333333333334,124.81266973413592,124.81266973413592,136.0250025,377.5,521.75
2013-04-18 16:00:00,797.9,1099.7836141220887,35.34089890888207,1.066837971281483,867.5873978790817,885.5707,0.0,807.0872376617965,807.0872376617965,890.5250100000001,838.2656,916.5
2013-03-30 12:00:00,409.3636363636364,598.8314263373318,63.93234249091869,1.9728605803293435,417.5440962068995,408.3398,28.933333333333334,401.9393970720728,401.9393970720728,423.600005,174.625,493.125
2013-11-24 11:00:00,411.8888888888889,617.2518031502656,63.78075760580542,1.9623769070162864,430.9538062759319,373.1773,23.433333333333334,391.50125729521903,391.50125729521903,416.475,189.21875,423.5
2013-09-04 11:00:00,124.63636363636364,285.0652738076434,77.72699426234082,3.997227712023247,158.09957924637484,15.9,100.0,55.86788216385531,55.86788216385531,69.325,7.3125,182.3125
2013-02-06 19:00:00,325.0,1043.3644376835205,41.68574839800061,1.1649810858096816,811.1364973230847,647.1020000000001,58.5,645.2370680017956,645.2370680017956,811.4749999999999,693.59375,415.625
2013-02-23 18:00:00,537.8181818181819,1191.0449020060437,30.88667619489944,1.014190099563776,947.141856818328,460.6557,65.0,505.2808949042656,505.2808949042656,611.9,558.3125,680.75
2013-03-28 19:00:00,354.6,838.1096739829517,52.09729270937072,1.415033896126627,628.7706422316086,537.1857,57.81666666666667,527.2289018141281,527.2289018141281,623.1500100000001,470.46875,542.5
2013-03-06 17:00:00,779.1818181818181,1269.585046400084,23.13497897460474,0.9466301508340098,1020.2361970196448,715.3068000000001,34.95,756.2354035626136,756.2354035626136,671.12502,1011.71875,1040.0
2013-02-09 19:00:00,253.8,1038.014243506041,41.949546077757645,1.1697734115703144,806.409516244922,583.5758999999999,100.0,562.3121651707032,562.3121651707032,662.00001,763.34375,392.25
2013-07-08 19:00:00,268.4,556.857833710434,64.9742203662519,2.048431783812391,384.640067603166,259.5489,94.0,276.7447657843184,276.7447657843184,340.40001,389.71875,329.75
2013-01-28 12:00:00,523.3636363636364,770.1569387487618,56.64674357943581,1.5800306500044796,564.9726058973471,500.4855,48.16666666666666,498.92958374158536,498.92958374158536,555.27502,282.53125,664.0
2013-01-13 19:00:00,214.0,1053.5874923481342,41.41007302395919,1.1600407472715912,819.6792690942405,232.8018,100.0,251.91022612549045,251.91022612549045,485.275,556.8125,212.0
2013-01-30 21:00:00,79.54545454545455,515.7697578963696,68.38350153566232,2.347425608363872,343.5524077375434,27.7585,100.0,103.89803456859806,103.89803456859806,52.70000000000001,440.375,142.6875
2013-10-27 14:00:00,735.4444444444445,1244.746882627032,25.631994515272808,0.9654760926002748,997.3327363859404,787.4326,24.916666666666668,808.0897859464873,808.0897859464873,921.75001,565.90625,841.5
2013-09-10 12:00:00,374.1818181818182,607.4264022164032,63.15883729876604,1.9206348976066272,426.32689300976847,431.2453,0.0,415.442698635684,415.442698635684,394.500005,204.40625,477.125
2013-04-18 18:00:00,638.1818181818181,915.276101865626,47.24435489089647,1.2810927986344354,699.7001047218512,717.8081,0.0,662.5620546425055,662.5620546425055,734.4000100000001,775.65625,745.0
2013-05-19 19:00:00,377.7,573.3605332485818,64.42359073451915,2.007709413447284,398.0476996764754,417.2849,3.333333333333333,394.5539872512435,394.5539872512435,456.00000666666665,564.59375,452.0
2013-01-01 12:00:00,45.583333333333336,841.8937992784843,53.21411095759807,1.4514477203898506,628.4487304174845,164.51719999999997,100.0,222.7730407202189,222.7730407202189,339.750005,73.84375,293.75
2013-07-11 16:00:00,640.0,898.6352363240936,46.96087348779663,1.2743176690397062,687.6434037792914,709.0101,0.0,653.0391442883246,653.0391442883246,697.4,661.9531,757.75
2013-02-22 21:00:00,102.1818181818182,455.3151953138462,70.85723606479765,2.6311583607835805,293.34930873893893,24.653,42.766666666666666,150.66235805534518,150.66235805534518,158.85,245.71875,181.625
2013-09-30 11:00:00,117.44444444444444,439.1882710801921,71.16567161581612,2.6717107915429,281.6378167325038,29.7417,100.0,93.16830379305064,93.16830379305064,192.8000025,59.0,270.125
2013-02-01 15:00:00,927.6363636363636,1339.4394465396422,16.815348991719045,0.9094700118550456,1082.7044899317114,1057.5984,75.06666666666666,933.6712410303442,933.6712410303442,1053.575,943.9375,1127.0
2013-05-12 12:00:00,147.63636363636363,456.5336493732032,69.9561633160105,2.5197537735122166,297.9700871118838,129.5015,63.8,189.0671101221377,189.0671101221377,223.0250025,62.6875,337.0
2013-07-28 19:00:00,384.2,613.49262493339,62.320323247921245,1.8674058590742,433.4987295837738,460.6612,0.0,430.04521643832703,430.04521643832703,473.900005,610.0,461.625
2013-03-26 18:00:00,195.72727272727272,1049.1529307251703,39.812203485691576,1.1327152084200427,819.5293343980467,360.6107,93.2,386.7873605210936,386.7873605210936,513.025,598.65625,512.0
2013-01-25 18:00:00,186.27272727272728,1242.746351196074,27.56023312233098,0.9818454880605652,993.1989724093892,576.1098999999999,65.95,607.5505654269673,607.5505654269673,687.07501,662.53125,869.5
2013-02-04 19:00:00,553.1,1046.3888605241093,41.54048860262222,1.1623693422754813,813.8000714658665,524.2827,95.05,526.8620526670384,526.8620526670384,670.0,683.34375,401.75
2013-10-04 12:00:00,177.9,747.8261896422064,56.73883841520344,1.5838737384038977,548.3093949047039,205.7046,100.0,254.0305252757977,254.0305252757977,381.0,229.71875,500.75
2013-07-18 12:00:00,259.1818181818182,368.4158441569503,73.76662092161351,3.073612890835401,225.7521301315865,248.1633,5.066666666666666,223.16990147100304,223.16990147100304,250.5500075,54.34375,298.375
2013-05-21 12:00:00,207.8181818181818,427.2036675349027,71.2212060929665,2.67915181159089,273.7178363094074,66.2235,100.0,113.89193909261051,113.89193909261051,198.8750025,77.03125,238.625
2013-01-26 13:00:00,653.3,1028.1676101067928,42.808834072355374,1.1858357799871602,796.8835798901318,616.0268,49.6,631.8815046948193,631.8815046948193,678.725,482.875,853.25
2013-03-05 20:00:00,183.27272727272728,705.078938031347,59.30656022153215,1.7008961973360175,509.0305346302331,205.4666,86.91666666666667,267.0110796741784,267.0110796741784,504.05,512.78125,462.375
2013-11-30 16:00:00,604.1111111111111,1393.2341294426783,5.495905741370617,0.8746965712730836,1132.4701906319135,621.9562999999999,78.66666666666667,547.9070192451948,547.9070192451948,802.45,684.625,1122.5
2013-01-23 19:00:00,120.9,1055.8636563916396,41.1597917019373,1.1556145640127218,821.985483646926,159.06480000000002,100.0,173.774057865676,173.774057865676,366.200005,642.71875,451.5
2013-11-16 15:00:00,842.6,1369.7055068977702,10.514673555176849,0.8855098404635089,1111.411764975133,876.2565,46.55,854.4685581880237,854.4685581880237,988.30002,766.53125,1128.0
2013-02-13 20:00:00,514.2727272727273,779.6743785519047,55.98194379212009,1.5529467530373142,574.0354099530393,591.0545,0.0,552.8170948285276,552.8170948285276,599.42501,617.09375,328.125
2013-09-17 16:00:00,217.5555555555556,1197.8129728343322,27.50615812475414,0.9813636769195272,957.3598831837425,480.2275,100.0,453.5759171192893,453.5759171192893,501.325,524.46875,1030.5
2013-08-14 18:00:00,613.9090909090909,862.3115440174622,49.51255861667944,1.3392151981739924,653.8054337021605,673.8453000000001,15.633333333333333,622.9089531418578,622.9089531418578,688.07501,749.90625,715.75
2013-03-16 16:00:00,412.0,1267.1242711728266,22.68809015273521,0.9435216657244788,1018.7556429316172,563.0294,97.25,525.3585176874766,525.3585176874766,619.70001,649.15625,922.75
2013-09-06 20:00:00,202.72727272727272,494.6412731992887,68.3790327358611,2.346971570663232,329.496636590791,268.55080000000004,14.433333333333334,299.66350289328125,299.66350289328125,350.125,403.15625,369.375
2013-08-11 18:00:00,609.4545454545455,849.9633393680189,50.15417292819606,1.3570159540124611,642.8344508493408,694.8385999999999,0.0,627.9209843957885,627.9209843957885,696.2750100000001,793.84375,715.5
2013-10-22 19:00:00,306.77777777777777,880.8726057682372,50.23249947337092,1.359233059053146,666.0045209878436,194.3727,100.0,243.2577558511249,243.2577558511249,421.075,810.53125,778.0
2013-11-13 20:00:00,391.0,667.9046785908447,61.313823672413335,1.8077510465108049,475.5599733233399,376.4022000000001,25.25,412.0639978289551,412.0639978289551,505.47501,563.15625,541.5
2013-11-28 18:00:00,487.9,1181.554007295317,32.36495329769054,1.0303928862478735,937.266820181686,296.2334,84.4,306.9386341465297,306.9386341465297,457.250005,549.5625,954.5
2013-04-18 17:00:00,766.8181818181819,1046.7129060253385,39.07135567800611,1.120767452576785,819.0749415560522,836.6842,0.0,764.991041104392,764.991041104392,847.175,855.34375,866.75
2013-07-21 18:00:00,266.0,771.3091915947676,54.20065988079503,1.4856809637110642,573.0702725836687,202.9868,100.0,249.04836096257495,249.04836096257495,204.8500025,468.76562,617.0
2013-09-16 17:00:00,135.77777777777777,1132.9443445681748,32.923903072830775,1.036835891251526,897.8243388790662,369.4789,100.0,359.7908305782849,359.7908305782849,411.650005,533.78125,979.25
2013-01-24 14:00:00,887.6363636363636,1226.9837831107764,28.945202378964805,0.9946526131478172,978.660205271169,952.9218,11.533333333333331,895.6550706886495,895.6550706886495,960.55,795.25,1050.0
2013-02-08 12:00:00,503.6363636363636,738.9519681851951,58.04370043462816,1.640858618276832,537.7140845255724,554.2558,1.25,520.5203856425157,520.5203856425157,523.7750100000001,268.21875,629.5
2013-02-20 12:00:00,196.1818181818182,705.2862571312965,59.50161699080788,1.710635788177489,508.5324476212803,174.63590000000002,100.0,228.5541456193272,228.5541456193272,326.525005,83.03125,503.75
2013-04-21 16:00:00,787.4,1083.5659449294817,36.38848927407415,1.080993825733917,852.971897116686,869.7666,3.25,793.3361244116079,793.3361244116079,866.10002,826.0625,907.25
2013-03-09 18:00:00,648.6363636363636,1136.4619777364894,34.470308713256955,1.0556171675670072,898.0451024667404,738.879,59.35,721.1641820565842,721.1641820565842,779.30001,774.25,686.5
2013-01-29 19:00:00,304.5,1052.9305166816468,41.24813063638323,1.157170457508104,819.5142582853989,475.7058,100.0,480.6914128264145,480.6914128264145,656.1000200000001,539.03125,436.25
2013-08-10 17:00:00,717.0909090909091,964.8971691618648,43.31163230190725,1.195565655814786,746.7846697895353,801.08,0.0,718.0490435688322,718.0490435688322,791.47501,829.59375,825.0
2013-03-23 19:00:00,416.3,867.0890733704692,50.67038211731521,1.3718092723441886,654.4312061958325,517.6912,41.85,537.4066013984692,537.4066013984692,592.8000099999999,383.375,646.5
2013-04-15 14:00:00,722.9090909090909,975.511820106029,43.75109227455999,1.2042774832488268,754.0430546330792,773.5808,0.0,710.1348324345929,710.1348324345929,761.92501,584.875,803.75
2013-05-19 16:00:00,694.2,948.5370135432756,44.42189849912439,1.2179614638228158,731.7374881417406,752.4883000000001,0.0,691.0249484688891,691.0249484688891,750.2333466666668,657.90625,778.5
2013-11-24 17:00:00,998.3333333333334,1318.949452738318,19.25544171755625,0.9221421275990324,1064.0019369559668,1056.7433,8.233333333333333,976.721739812412,976.721739812412,1060.725035,1003.21875,1118.0
2013-01-02 13:00:00,214.3,1078.8712184243252,39.87939915112947,1.1338208555144167,842.6052351555222,245.2975,100.0,258.5047102531785,258.5047102531785,376.6,469.21875,853.0
2013-09-18 19:00:00,153.66666666666666,790.5307593854885,54.19354658580394,1.485426798327582,587.3719308708932,67.6336,98.33333333333331,135.91209200370565,135.91209200370565,197.6000025,710.9375,682.0
2013-03-08 12:00:00,424.3636363636364,661.24759803561,61.351180762290966,1.8098876408800133,470.6908232786095,343.0067,61.583333333333336,365.496479711715,365.496479711715,441.4,89.5,513.25
2013-05-16 14:00:00,160.63636363636363,838.4233161687524,50.91117165466326,1.3788585764678651,632.1737458195204,255.3091,100.0,292.65723580975475,292.65723580975475,340.125005,266.8125,561.0
2013-10-31 14:00:00,874.7777777777778,1254.6650542195798,24.9088106721749,0.9597535479846304,1006.1775430270004,870.8734000000001,100.0,784.7201150484848,784.7201150484848,984.75,844.8125,1010.5
2013-03-31 19:00:00,531.7,820.3901376198218,52.961098463834354,1.442987648935496,613.1089867292056,434.741,36.0,484.013604038776,484.013604038776,560.8,740.21875,633.25
2013-09-09 17:00:00,755.5454545454545,1102.800003228759,34.89665835876363,1.0610521509407065,870.7281632733831,858.1846,0.0,802.8390107465276,802.8390107465276,882.875,930.5,916.0
2013-05-29 16:00:00,658.7,914.1553076079144,46.30743555969364,1.2590853890672045,701.0462732161201,728.3266,0.0,667.1757707441963,667.1757707441963,727.45,658.53125,767.25
2013-10-22 12:00:00,598.7,830.0016365017892,52.93416932037751,1.4420946330775697,620.3682000467039,623.6623,2.0166666666666666,587.2980515786863,587.2980515786863,629.75,385.40625,619.0
2013-05-30 18:00:00,247.72727272727272,734.501691022625,56.27506520343769,1.564747943931247,539.920662738016,448.637,94.61666666666666,433.8422096740511,433.8422096740511,546.87501,438.1875,609.25
2013-10-11 16:00:00,375.77777777777777,1296.179549490135,18.75750127779134,0.9193919903576088,1046.088602672636,305.9834,100.0,235.46616614919844,235.46616614919844,334.4,717.9375,983.75
2013-02-03 17:00:00,1046.8181818181818,1350.2501747969795,15.084728466002076,0.9016702600754544,1092.7986523721686,970.4198,7.733333333333333,949.045600614356,949.045600614356,832.67502,655.3125,617.75
2013-03-31 20:00:00,199.0909090909091,561.6609037772674,65.64495893998446,2.100570579575205,385.46899310144187,193.5009,76.8,240.44341937097312,240.44341937097312,369.375005,543.375,389.625
2013-01-17 12:00:00,257.09090909090907,800.8571729761791,55.2212026908446,1.5233119769703505,591.9920814435816,93.5414,100.0,161.44859389475346,161.44859389475346,202.7,134.75,232.8125
2013-04-01 12:00:00,290.3636363636364,592.8265544319264,64.18162923105385,1.990375383250924,412.4526464385125,134.80689999999998,95.8,190.1988164824578,190.1988164824578,319.625005,112.4375,431.0
2013-08-31 20:00:00,237.54545454545453,478.45481855613366,69.05302120002366,2.417637461452294,316.05087835600204,298.141,0.0,303.95573313047714,303.95573313047714,345.7,566.4375,355.0
2013-04-21 17:00:00,733.2727272727273,1029.8309728798754,40.08484851234764,1.137224443604423,803.8991628566221,821.884,0.0,752.151516524835,752.151516524835,822.62501,850.46875,859.25
2013-08-18 20:00:00,258.6363636363636,440.9912399810528,70.64004650219955,2.6033679062673896,285.03657754120525,293.9565,0.0,279.9644845312565,279.9644845312565,325.525005,525.71875,330.75
2013-09-24 16:00:00,984.1111111111112,1229.710693612854,24.90534507141792,0.959726654561192,986.1695575954544,1031.8798,0.0,919.693864846431,919.693864846431,1014.0,952.0625,1069.0
2013-04-14 14:00:00,352.6363636363636,980.0032400464772,43.50850824060857,1.199444223259151,758.0476742341488,369.0712,100.0,388.0440426423519,388.0440426423519,430.275,313.625,817.75
2013-09-24 13:00:00,727.5555555555555,932.0822245270612,46.56894640375232,1.265118018086956,714.1764160998265,760.5425,0.0,687.2480065234105,687.2480065234105,735.625,488.53125,764.25
2013-01-17 17:00:00,257.8181818181818,1361.573423254381,14.1218125270201,0.8977401315671145,1102.6537963392277,894.2877000000001,57.41666666666666,859.0811492445011,859.0811492445011,1008.37501,564.9375,355.375
2013-02-26 20:00:00,57.63636363636363,735.9088347552185,57.929028408141065,1.63565367992332,535.8685414666407,40.0317,100.0,118.24515889828136,118.24515889828136,90.45,208.1875,412.625
2013-07-31 20:00:00,169.45454545454547,386.3714010989547,73.00327608432085,2.943224866906496,240.23196104029333,243.7467,3.2666666666666666,234.09064653376257,234.09064653376257,280.6500025,455.40625,223.25
2013-04-19 18:00:00,634.8181818181819,909.551615824314,47.54606003862985,1.2884175178508488,694.5985097400481,700.3009999999999,0.75,653.0271367542083,653.0271367542083,711.37501,765.375,712.5
2013-04-20 15:00:00,747.4545454545455,1060.7914237059706,38.03213491964184,1.1047317829383625,832.0780369276597,828.303,57.28333333333333,756.7692905897691,756.7692905897691,835.47502,717.3125,879.75
2013-10-07 20:00:00,272.1111111111111,570.2728533107957,65.32121667943863,2.075045305223916,392.6121606741737,45.4604,82.03333333333333,144.85437869175183,144.85437869175183,223.85,614.78125,443.75
2013-09-19 19:00:00,545.1111111111111,793.4676006152199,54.06308542006629,1.4807846138397691,589.9272935870626,568.3363,23.716666666666665,548.8433092120626,548.8433092120626,629.85002,785.21875,688.25
2013-02-26 15:00:00,240.27272727272728,1284.4204331599094,22.069508722057112,0.9393461623015956,1033.3394187879385,403.8403,100.0,351.88904036996973,351.88904036996973,531.62501,440.21875,958.0
2013-05-26 17:00:00,629.3636363636364,870.3672742380735,48.92493216811799,1.3234589989029233,661.3803917924771,697.4042000000001,0.0,636.997361854733,636.997361854733,694.45,728.75,736.25
2013-05-21 15:00:00,636.9090909090909,917.83297882612,46.24116762333825,1.2575699299033372,704.0196088849361,531.8335,100.0,505.75450268376426,505.75450268376426,504.225005,602.65625,701.5
2013-02-07 11:00:00,69.63636363636364,444.1566592560863,71.45691895944108,2.711223052032316,283.53294265572407,70.1533,100.0,119.01969802681782,119.01969802681782,173.72500375,45.09375,284.875
2013-04-01 21:00:00,45.18181818181818,256.25735198166893,79.14878121941453,4.481208953901604,135.12894334766642,13.8016,93.26666666666668,53.610899829600015,53.610899829600015,43.30000075,193.0625,132.5625
2013-03-27 16:00:00,877.0,1215.9355819248492,27.03104495045096,0.9771878430328124,972.4744862300944,738.8049,44.0,753.3281849605631,753.3281849605631,779.25001,510.09375,815.25
2013-02-04 14:00:00,861.5454545454545,1206.1153810772228,30.37430929337132,1.0088473517100671,959.9136139543288,611.2112,63.3,643.5244843156569,643.5244843156569,758.67501,542.4375,972.5
2013-08-27 17:00:00,756.0,1043.413054512627,38.63226794031112,1.113891175546542,817.3289023203746,867.5877999999999,0.0,776.3469076914683,776.3469076914683,852.80002,901.3125,900.25
2013-09-16 12:00:00,73.3,643.8340436486073,61.50946070871624,1.8190047594301584,457.7595891581348,60.7527,100.0,135.49045463665044,135.49045463665044,263.60001,103.34375,501.0
2013-02-24 16:00:00,987.7,1339.774731367451,15.031676773968176,0.901446208147354,1084.3592749384336,1009.1681,70.13333333333334,909.6097937372616,909.6097937372616,931.90001,984.78125,958.5
2013-10-30 19:00:00,332.22222222222223,900.8173541207668,49.34481109249523,1.3346650485458833,683.4381569502906,440.8631,43.15,503.8083504317359,503.8083504317359,675.75,635.375,670.5
2013-03-08 17:00:00,817.0,1261.5006840683627,23.843180979360863,0.9517173257439724,1012.931633827301,687.3906000000001,48.16666666666666,719.4698723526916,719.4698723526916,732.45001,760.28125,941.0
2013-03-17 18:00:00,315.27272727272725,1097.7062384151686,36.89897589884293,1.0881613064089417,863.1729001731886,325.3138,100.0,329.8976926536574,329.8976926536574,419.525005,412.5625,722.25
2013-08-08 19:00:00,394.0,651.7422413371164,60.538754010745656,1.7646910551067638,466.63535560714,372.0132,60.96666666666667,386.7501398478626,386.7501398478626,464.525,590.71875,511.375
2013-09-02 13:00:00,543.2,801.8990179428324,53.23172233234655,1.4520413287553886,598.5450513556005,630.0306,0.0,580.6726529791357,580.6726529791357,616.05001,412.96875,671.0
2013-03-05 11:00:00,246.9090909090909,366.7311826535016,74.60355046549601,3.2309247607759657,220.84395854554927,180.3795,18.516666666666666,202.9958559759692,202.9958559759692,211.625,21.15625,306.75
2013-11-11 10:00:00,57.888888888888886,298.9927096369348,77.5809794473537,3.953347132722125,166.5924183537756,21.0496,81.48333333333333,75.44812361500607,75.44812361500607,113.125,3.1875,133.1875
2013-01-12 21:00:00,1.8333333333333333,520.5487460207266,68.25302721753883,2.334246071393021,347.2813944046452,28.3842,93.26666666666668,112.9510721390202,112.9510721390202,40.97500075,269.21875,111.8125
2013-10-14 12:00:00,296.0,797.1397943918948,54.45349805271053,1.4947866672974048,591.5282353765567,252.4196,100.0,293.2013310796817,293.2013310796817,411.575,109.65625,181.0625
2013-02-27 18:00:00,283.8181818181818,1177.3484428204456,31.802363372344896,1.0240857327214985,934.8315558954048,362.8563,100.0,348.25629954774854,348.25629954774854,453.42501,709.75,780.0
2013-01-31 21:00:00,292.1818181818182,514.4298470963449,68.43620481684898,2.3527945567414994,342.4406820124471,56.359,72.78333333333333,153.51096399486897,153.51096399486897,181.275,436.875,121.5
2013-07-21 19:00:00,122.0,591.1617553423354,63.363574518332655,1.934155583796077,414.2047593114813,54.4081,100.0,129.02253885249695,129.02253885249695,143.2000025,395.4375,451.5
2013-02-06 11:00:00,291.27272727272725,447.38970906195726,71.32341649985105,2.69296079446783,286.19646414020514,220.7597,77.08333333333333,242.4442859480665,242.4442859480665,258.475005,33.625,110.84375
2013-09-30 20:00:00,332.55555555555554,553.6656163262688,65.98465232562684,2.128104494502771,378.6995749684194,236.9414,41.38333333333333,292.1259589405874,292.1259589405874,431.85,604.9375,477.75
2013-04-13 12:00:00,238.9090909090909,555.1853712164899,65.75451952075697,2.109365560768709,380.6131314079108,92.0095,100.0,151.26162994306708,151.26162994306708,249.9,93.625,350.125
2013-10-05 21:00:00,95.3,257.8551483741423,79.10532614091247,4.464704820512755,136.20368987365995,10.5664,99.06666666666666,47.35846740051542,47.35846740051542,147.17500125,294.65625,220.9375
2013-07-23 13:00:00,458.2,610.4356285890756,62.4348511586707,1.874479394600686,430.9507853793637,400.5463,19.48333333333333,404.9328982638852,404.9328982638852,462.475005,262.78125,527.0
2013-11-06 11:00:00,414.77777777777777,595.2333404506961,64.5910264550478,2.019901846564066,412.6058772986193,347.7131,54.4,365.296963114049,365.296963114049,398.250005,164.1875,365.75
2013-03-07 12:00:00,457.3636363636364,663.9941249763735,61.23714034183327,1.80338327789008,473.0410387920786,388.6051,94.41666666666669,383.5187533306528,383.5187533306528,435.500005,186.15625,548.5
2013-04-06 12:00:00,421.3636363636364,577.4839358479047,64.82051493601972,2.036881650162804,399.45879518263655,388.403,37.21666666666667,385.6480432676585,385.6480432676585,416.4,173.96875,466.25
2013-08-25 18:00:00,215.72727272727272,907.9465590113826,47.12565394379063,1.2782433619387945,694.3791447344154,282.7474,100.0,315.461816853556,315.461816853556,291.125,585.8125,756.5
2013-08-24 12:00:00,287.1818181818182,508.60823856261936,67.58480622058728,2.269157806704294,341.97332773540364,231.5406,81.15,257.070945838431,257.070945838431,312.85,131.21875,173.625
2013-10-27 20:00:00,179.44444444444446,620.464328279847,63.29398717148227,1.9295362027251823,434.98905724014446,30.9101,100.0,113.18641441787884,113.18641441787884,71.82500025,249.84375,282.5
2013-05-31 20:00:00,101.63636363636364,304.81366528346075,76.67479993886148,3.701196588222767,174.44207281698,17.796699999999998,100.0,61.308337160241706,61.308337160241706,81.175,383.90625,211.25
2013-10-13 19:00:00,170.22222222222223,858.2323679161047,51.22500013952305,1.3881920900414058,646.2691613995079,152.2931,100.0,205.87020510067973,205.87020510067973,292.0,466.65625,586.5
2013-11-11 14:00:00,1008.4444444444443,1274.3787952318562,23.560937486687937,0.9496660093206692,1023.6010972945262,1036.5284,16.166666666666668,943.8628160445262,943.8628160445262,1019.475,716.84375,1061.5
2013-06-04 17:00:00,423.7272727272728,847.6534203904829,50.08407451300698,1.3550399912291584,641.2649925328878,633.682,15.7,599.900032816091,599.900032816091,660.0250100000001,541.4219,711.5
2013-11-19 14:00:00,376.44444444444446,1282.2370359923077,23.164501007702505,0.9468382491754944,1030.3696768891912,436.5637,100.0,390.53483802200367,390.53483802200367,507.200015,341.3125,883.5
2013-10-21 13:00:00,202.44444444444449,1059.1949555591732,39.68443287299405,1.1306230473957342,827.6301824633302,224.2172,100.0,235.813715178174,235.813715178174,380.750005,283.96875,835.5
2013-04-13 15:00:00,303.6363636363636,1095.9692030392223,35.841329416594554,1.0735090728988697,863.7084806275371,476.011,100.0,474.90772989511527,474.90772989511527,455.500005,442.25,927.5
2013-02-12 20:00:00,513.6363636363636,782.2530317411041,55.86861197717377,1.5484420744319085,576.2830104109187,592.7271999999999,0.0,554.5386943098445,554.5386943098445,604.70001,757.875,443.75
2013-05-31 19:00:00,218.7,544.09939146298,65.70668219336739,2.105515518283537,373.1895304207364,173.3559,100.0,204.09217934651764,204.09217934651764,230.825,552.59375,406.25
2013-04-24 16:00:00,775.3,1067.4805371988052,37.40696738125682,1.0954752108285248,838.4851257862013,830.5943000000001,92.68333333333334,741.9148361743848,741.9148361743848,837.875,822.5,906.75
2013-09-18 17:00:00,308.1111111111111,1141.2318985482173,32.37166318176863,1.030469177782256,905.2707916934352,419.3484,100.0,409.6707855899196,409.6707855899196,421.90001,882.53125,993.75
2013-11-29 21:00:00,19.9,419.8145428785953,72.54094880362231,2.8696513201109366,263.20033079663654,21.7039,100.0,85.72871214429279,85.72871214429279,0.0,98.90625,275.25
2013-10-04 15:00:00,473.9,1256.540894674958,22.846584898129148,0.944615229617297,1010.0732678784236,517.8282,100.0,474.11263555420487,474.11263555420487,571.6750099999999,564.25,962.75
2013-05-26 12:00:00,205.54545454545453,412.10513289756767,71.87437625695597,2.770033871887712,261.30785726633326,144.08579999999998,61.9,191.00743459787623,191.00743459787623,251.3,75.65625,312.5
2013-07-15 18:00:00,520.1818181818181,753.2635223556506,55.122323622112745,1.5195620144088713,557.0934980946524,505.1345,23.48333333333333,507.0466688710196,507.0466688710196,555.075,410.60938,603.75
2013-04-12 17:00:00,116.9090909090909,1080.8899316862842,36.96149500224132,1.0890515734240005,849.8359717158296,341.10900000000004,100.0,346.7482947138765,346.7482947138765,336.925005,337.5625,735.25
2013-03-02 17:00:00,594.0,1284.7494035437294,21.762791620456767,0.9373297751281328,1033.9320001531194,814.6103,75.8,778.8967981267522,778.8967981267522,956.825,297.375,975.0
2013-11-05 10:00:00,200.66666666666663,284.978477432915,78.13996925042767,4.126761775301828,155.91671303588345,82.071,56.23333333333333,119.41360787230924,119.41360787230924,152.9,9.75,121.125
2013-02-01 14:00:00,866.5454545454545,1212.1164411526738,29.97430559843976,1.004770671402008,965.2948378430092,933.852,71.43333333333334,839.961669813224,839.961669813224,933.35001,757.46875,1030.0
2013-01-20 12:00:00,188.63636363636363,792.6010327418379,55.61011325273709,1.5382863089532948,584.7056604868834,178.66060000000002,100.0,234.18701424664903,234.18701424664903,327.95001,101.84375,452.125
2013-06-06 20:00:00,64.9090909090909,298.77116286394323,76.92168664660572,3.766642696437556,169.79494284360584,67.631,71.91666666666667,113.9064655181664,113.9064655181664,174.5250025,350.46875,219.5
2013-05-07 16:00:00,284.9,1001.14080177125,41.42021468535084,1.1602212799899847,778.855645913031,727.1881,66.51666666666667,674.1245134057068,674.1245134057068,778.2750100000001,620.84375,832.5
2013-10-20 18:00:00,802.1,1096.662840567678,37.13473543631839,1.0915329007634598,861.9163443588894,875.6488,0.0,801.360443785159,801.360443785159,881.07501,1013.3125,976.0
2013-10-05 13:00:00,753.5555555555555,990.793807765402,43.42808538122367,1.1978551156072452,766.5717084305228,772.2327,0.0,715.5642468826712,715.5642468826712,778.6500100000001,511.875,798.75
2013-11-15 18:00:00,518.6,1155.9560035008794,33.89113013104773,1.048414573449816,914.4481448833684,675.2197,50.66666666666666,697.4228763286809,697.4228763286809,834.95001,927.71875,829.0
2013-07-26 15:00:00,618.0909090909091,907.6948466877598,46.556741311525606,1.2648345997171175,695.5186402533166,722.0854999999999,1.933333333333333,662.0162408087365,662.0162408087365,713.62502,609.1875,748.75
2013-06-04 15:00:00,617.1818181818181,873.8747553209455,48.58470682845627,1.3145666313609092,664.8808493714336,679.8269,9.9,630.3539671998027,630.3539671998027,641.07501,435.64062,740.25
2013-09-04 14:00:00,693.4545454545455,995.750779409839,42.05343998585473,1.1716784437628205,773.3598495753474,717.5806,0.0,704.6579223902888,704.6579223902888,758.35001,442.73438,819.75
2013-08-10 12:00:00,330.6363636363636,440.0733576352913,70.61820642641408,2.6006074097150536,284.53438667035635,281.528,43.083333333333336,282.8999252674633,282.8999252674633,313.625,96.3125,374.625
2013-10-21 15:00:00,395.8,1318.3766079052389,16.687498034506202,0.9088607910234556,1065.7820248372277,625.3503999999999,76.68333333333334,600.639996028634,600.639996028634,735.22502,466.5,1098.0
2013-03-16 19:00:00,86.0,905.8086212443784,48.73541318091102,1.318485149019283,688.7956521970738,52.2365,100.0,95.82140903301126,95.82140903301126,188.65,457.8125,583.25
2013-04-08 20:00:00,108.45454545454544,514.4094753718093,67.70249118232357,2.2803369450718334,345.40918817258506,27.4203,96.5,107.3314904186788,107.3314904186788,110.30000125,296.21875,352.375
2013-09-01 15:00:00,751.0,1088.2924893902386,35.6325060080923,1.0707052982630991,858.0213450281568,832.7452,0.0,788.6278437464185,788.6278437464185,823.55001,787.28125,920.0
2013-01-26 16:00:00,856.9,1394.1510879825746,5.865742336001101,0.8752560655394294,1133.1133354734843,695.6556999999999,95.5,598.3853081297343,598.3853081297343,744.35,826.6875,1048.5
2013-09-24 18:00:00,760.3,1021.2083922752668,41.130051204557965,1.1550923056844506,795.067665441551,837.2477,0.0,754.6139567928693,754.6139567928693,830.3,939.15625,893.25
2013-03-21 13:00:00,648.9,882.2482736406425,49.898442403882925,1.3498445996517017,667.9231525359951,641.9999,14.75,615.6855960784756,615.6855960784756,680.62501,345.78125,741.75
2013-01-09 19:00:00,506.1,1050.485156610915,41.62772529449327,1.1639355436073968,816.7977904650501,691.5547,46.95,682.6128539416126,682.6128539416126,818.2750100000001,724.59375,391.25
2013-05-25 14:00:00,564.7272727272727,805.1279067742405,52.58479421993466,1.430636117957308,602.7269725353725,622.6427,0.0,579.1954211742885,579.1954211742885,618.6,451.375,656.75
2013-11-25 20:00:00,226.0,702.8658219763664,59.80642082162146,1.7261193783458468,505.7649297203594,65.83829999999999,100.0,141.10257620473442,141.10257620473442,226.95,629.875,363.625
2013-01-16 12:00:00,457.6363636363636,803.5815250294183,55.0919033203421,1.518412930172988,594.3997838575709,326.2698,100.0,348.8858678419459,348.8858678419459,343.45,198.6875,318.25
2013-01-10 14:00:00,827.2727272727273,1249.4289585760212,27.23767854721016,0.978991349845426,998.9819001090802,757.5598000000001,20.133333333333333,798.1840790641584,798.1840790641584,845.67501,524.21875,747.0
2013-09-09 15:00:00,786.0909090909091,1132.3596059549452,32.63006167012331,1.0334265581551203,897.8275758773376,908.6991,0.0,832.505287364154,832.505287364154,899.9,812.4375,950.5
2013-05-27 16:00:00,659.8,920.232500931282,45.97863952336811,1.2516181794334469,706.4635192231253,754.8122,0.0,681.0714370087699,681.0714370087699,734.87502,696.21875,788.75
2013-12-01 18:00:00,868.7,1187.110127231702,32.015796046826786,1.0264577952825196,942.2405734029486,894.2973999999999,61.6,819.0801272359564,819.0801272359564,929.95,659.375,1009.25
2013-07-24 13:00:00,458.5,613.2961675317212,62.301123530310896,1.8662259434393609,433.4249861383056,489.3913,0.2666666666666666,437.40002371307367,437.40002371307367,455.975,263.78125,529.25
2013-09-20 11:00:00,280.6666666666667,380.28285360178137,73.67286440165061,3.05696132194059,233.45615952545936,169.67770000000002,59.583333333333336,201.59254639679725,201.59254639679725,232.9,40.40625,258.875
2013-08-29 20:00:00,269.8181818181818,472.8964745160988,69.28622363655046,2.443156601834962,311.43910506912846,86.55760000000001,79.21666666666667,156.36606124588627,156.36606124588627,241.675005,338.1875,319.0
2013-01-04 15:00:00,742.1818181818181,1370.203036169801,12.922372759335806,0.8932428707167669,1110.4397769032785,809.9434,100.0,734.6337161122628,734.6337161122628,842.9,760.4375,1135.5
2013-11-10 16:00:00,754.4444444444445,1370.1090311539551,9.62912379011803,0.8830890576833643,1112.171050473534,731.3136,100.0,643.6683344090809,643.6683344090809,659.1500000000001,884.625,1164.5
2013-08-30 17:00:00,635.4545454545455,1057.373261320025,37.77084294649955,1.100828123545953,829.8809277544731,827.7731,0.0,768.2306172381157,768.2306172381157,834.0,684.875,655.0
2013-09-25 15:00:00,967.2,1215.4648217481622,26.364207783444304,0.971498285939704,972.9580468658708,1004.8749,0.0,905.011704397609,905.011704397609,986.775,904.875,1032.0
2013-10-03 18:00:00,656.8,1049.6694217852175,39.62236360271651,1.1296115028108975,820.3102201901593,619.9845,14.783333333333331,671.9355101071515,671.9355101071515,730.65,935.96875,907.25
2013-11-25 14:00:00,955.6666666666666,1284.976321162997,23.15537798796825,0.9467739052251471,1032.5813114944397,992.2346,44.68333333333333,912.9920628372132,912.9920628372132,981.95002,862.125,1051.0
2013-04-06 13:00:00,615.8,826.5600675187723,52.48569113930901,1.4274283405309551,619.0450831480176,633.3611999999999,1.2833333333333334,590.9691439695508,590.9691439695508,632.275,414.65625,688.0
2013-01-28 15:00:00,937.2727272727273,1345.4691478953864,16.156913656534343,0.9063892630306136,1088.111325634589,1071.4678,94.0,927.0193761716984,927.0193761716984,1069.95,945.03125,1141.0
2013-03-07 14:00:00,854.9090909090909,1127.1917767118798,35.22858730579093,1.065363236890514,889.4070292609185,866.6062999999999,21.366666666666667,812.4094859259576,812.4094859259576,840.9000100000001,597.65625,933.75
2013-01-07 12:00:00,579.9090909090909,827.2543773496193,53.946024607338906,1.4766502406382949,615.3941933212343,566.785,15.0,560.720288902289,560.720288902289,619.425,323.34375,697.25
2013-05-27 19:00:00,365.7,552.0361683178761,65.36236949793171,2.0782521719517466,379.9065035542023,418.9088,0.0,381.469900961734,381.469900961734,425.225,569.09375,458.125
2013-10-15 11:00:00,83.0,517.833085583262,67.82387674303989,2.2919924435513144,347.22162542606003,29.9058,100.0,105.48654852176315,105.48654852176315,217.9000025,43.875,133.875
2013-10-24 21:00:00,25.6,305.3172595872849,77.20371787730913,3.844305562660643,172.0894158481185,15.5786,100.0,58.83335047946616,58.83335047946616,0.0,69.8125,166.5
2013-11-22 17:00:00,698.5555555555555,1316.023857285961,19.507390864059985,0.9235665108441212,1061.4027082118266,926.1076,68.45,861.221403280186,861.221403280186,1022.625025,779.25,769.25
2013-02-14 14:00:00,821.8181818181819,1184.2397733458315,31.78002513593567,1.0238389198006226,940.3388813118272,848.4079,44.2,809.179884729796,809.179884729796,883.825,735.96875,791.75
2013-10-23 18:00:00,842.5,1104.1728418899738,36.73488325590863,1.0858376589623424,868.5608457935116,822.7859000000001,12.5,790.2430509937069,790.2430509937069,883.625,945.125,949.75
2013-05-28 16:00:00,670.1,917.1412365045104,46.14614236257716,1.25540608126663,703.7074756225943,769.0265,0.0,686.1622676452994,686.1622676452994,751.025,724.8594,771.0
2013-10-24 18:00:00,85.3,1106.631170807869,36.60364543058935,1.0839927416980542,870.7359249098898,171.8055,100.0,168.16634483176483,168.16634483176483,291.0750025,222.4375,853.5
2013-07-29 14:00:00,556.1818181818181,807.7795316614162,52.30349202006455,1.4215791426226514,605.4682146795762,630.0759,0.0,583.6232592352403,583.6232592352403,613.85001,453.59375,660.75
2013-05-26 18:00:00,510.8181818181818,744.4672553288693,55.80547567088799,1.5459464181545073,548.6306235258205,581.8864,0.0,537.3940903608425,537.3940903608425,583.15002,681.25,625.25
2013-11-29 13:00:00,175.22222222222223,1119.2053223363796,36.88423785791954,1.0879518375387731,880.106212010347,219.9437,100.0,219.572520604097,219.572520604097,371.200005,260.53125,900.25
2013-07-17 12:00:00,248.9090909090909,366.6161956121935,73.84544574653172,3.0877572820462684,224.2963431033082,241.7692,0.2666666666666666,219.70217062558604,219.70217062558604,244.3500025,44.46875,296.875
2013-05-24 12:00:00,279.27272727272725,418.01683273241736,71.61848865031902,2.733673543230746,266.16039665071406,248.0609,54.18333333333333,258.66764934389033,258.66764934389033,272.725005,49.625,273.75
2013-04-19 14:00:00,694.4545454545455,957.4012095443954,44.72377987949579,1.224276302248881,737.9007501042347,749.9488,7.133333333333334,692.3067140019398,692.3067140019398,742.3499999999999,556.4375,774.25
2013-10-14 16:00:00,836.5555555555555,1306.080382588853,17.722894168063444,0.913949171009324,1054.9888777368774,572.5974,100.0,510.6968855493774,510.6968855493774,523.125,389.5,570.5
2013-08-22 16:00:00,423.8,1067.0975798171576,36.797511063613136,1.0867222867186546,839.285314614962,620.7814999999999,78.61666666666666,614.2741756989464,614.2741756989464,757.70001,823.59375,899.0
2013-11-21 20:00:00,171.0,691.2052682024719,60.314008126722605,1.7526424952394282,495.6630310826023,91.8156,100.0,162.64957283064916,162.64957283064916,344.325005,554.28125,452.0
2013-09-06 13:00:00,550.8,825.7373660937003,52.04062396845558,1.4132487861784564,619.6416380364899,544.9289,20.216666666666665,552.9400312860016,552.9400312860016,614.90002,417.92188,671.0
2013-10-13 13:00:00,556.4444444444445,1027.9187913869116,41.40215772677803,1.1598999103905798,799.7258769489133,397.2399,100.0,412.9445964313352,412.9445964313352,439.32501,304.0625,807.75
2013-09-27 14:00:00,805.5555555555555,1124.804968762186,34.08389570474484,1.0507889806983737,889.4846429627758,831.7794,0.0,809.9268197816234,809.9268197816234,847.25001,734.4375,860.0
2013-02-07 15:00:00,512.6363636363636,1329.1007166538484,17.891414574402805,0.9148110425132828,1073.4368243998072,739.5501,57.833333333333336,745.3819843119165,745.3819843119165,756.2,729.84375,884.0
2013-03-11 15:00:00,1008.9090909090908,1242.1138605807723,25.57769111400862,0.965038686640735,995.2909391615716,750.7224,24.766666666666666,785.8361204359857,785.8361204359857,570.60002,575.6875,1060.0
2013-08-30 11:00:00,152.45454545454547,256.9359057693996,78.92585689448869,4.3977955290505735,136.66147925832476,85.4088,36.56666666666667,111.09949424245562,111.09949424245562,120.9,7.21875,146.9375
2013-09-18 12:00:00,161.5,655.9219942996465,60.959419621739976,1.78776512727643,468.2307064850967,119.8631,100.0,182.9614498932998,182.9614498932998,322.675,221.1875,512.5
2013-09-03 18:00:00,381.27272727272725,944.4244079341972,45.20201697943566,1.234485377647412,726.8263079608378,511.1768,92.76666666666668,503.9932848895487,503.9932848895487,588.950005,554.75,703.5
2013-01-09 15:00:00,766.9090909090909,1366.4076991069535,13.52385931777256,0.8954434907096389,1106.9746173474673,978.0936,59.43333333333333,908.4598163220768,908.4598163220768,1070.5,389.625,823.25
2013-05-06 17:00:00,684.2727272727273,950.6639713182568,44.62408642183816,1.2221799357941108,732.9304284993921,756.2522,0.0,693.2210855428491,693.2210855428491,756.85,736.375,805.0
2013-11-24 12:00:00,628.5,891.789825374888,50.33394732541967,1.362119161317344,673.9863697059168,592.3683,26.78333333333333,594.8241077430262,594.8241077430262,671.87501,435.625,678.25
2013-03-10 12:00:00,427.27272727272725,655.7459493095753,61.57928637008189,1.823060273773544,465.9865184236584,399.9015,20.2,419.97786669026,419.97786669026,451.750005,216.71875,332.5
2013-03-15 20:00:00,71.27272727272727,653.956619334969,61.58190917351627,1.8232130101648008,464.70588830679134,35.5851,100.0,115.7456527110882,115.7456527110882,43.575,188.5,374.625
2013-11-12 16:00:00,1096.7777777777778,1373.206733237893,9.138539719765136,0.8818440582331235,1114.908419637474,1125.1019,0.0,1025.7515974328842,1025.7515974328842,1131.65005,1080.7812,1181.0
2013-08-26 15:00:00,776.3636363636364,1055.226671504418,37.77809518983662,1.1009357916208882,828.182838306902,877.3556000000001,0.0,785.0970839123707,785.0970839123707,858.67502,744.375,912.5
2013-10-19 12:00:00,576.2,818.4368894984569,53.46745716199457,1.4600470721554195,610.2188830437428,504.3543,48.18333333333333,508.8444857659108,508.8444857659108,591.2,365.34375,604.5
2013-05-29 12:00:00,294.0,403.59895461525286,72.24287718235605,2.824200708811329,254.3409465900449,260.9174,8.25,250.2758478275327,250.2758478275327,278.2750125,76.5625,299.25
2013-10-21 21:00:00,106.3,297.0861090446778,77.53447618357401,3.9395731401859417,165.77085886267284,14.3807,42.766666666666666,101.63475809362988,101.63475809362988,0.0,280.3125,269.75
2013-09-09 19:00:00,450.4,762.9797980590737,55.42734536476507,1.531204075997083,563.3920477177015,531.4037000000001,0.0,523.1091421390882,523.1091421390882,554.5,753.75,606.25
2013-11-10 18:00:00,173.4,1145.456160375022,34.48705858428627,1.055828542175119,905.1234148387272,410.8996,100.0,409.4007891063053,409.4007891063053,598.47501,917.59375,982.25
2013-01-14 11:00:00,292.45454545454544,522.6342491657404,68.15582255989636,2.324529656060214,349.07775954827287,254.942,95.63333333333334,267.3939979515932,267.3939979515932,300.625005,13.96875,187.5
2013-01-03 14:00:00,580.4545454545455,1259.048516174563,26.41747040011249,0.9719454772627556,1007.7759095194684,616.7763,100.0,588.6827393534528,588.6827393534528,704.80002,577.90625,1087.0
2013-09-03 20:00:00,202.27272727272728,486.6395258660512,68.71124019928297,2.3812440726844075,322.8469922701696,21.6159,100.0,94.96878792446648,94.96878792446648,76.4500005,298.5,298.625
2013-08-26 18:00:00,644.8181818181819,912.064501790364,46.90912433441986,1.2730919252579076,698.0418393749131,740.6827,2.8666666666666667,671.4058034557237,671.4058034557237,740.1500000000001,833.75,767.0
2013-05-04 17:00:00,118.36363636363636,960.5182539393128,44.076373605883255,1.210853832369542,741.7444467599804,275.4423,100.0,304.0152292306836,304.0152292306836,245.775,379.9375,798.0
2013-03-05 16:00:00,738.9,1310.6667178901523,18.40255385618771,0.9174837296867192,1058.1003407552014,796.5852,30.316666666666663,818.9681080891858,818.9681080891858,797.6750099999999,883.90625,1089.5
2013-03-16 21:00:00,27.181818181818183,348.3478068719697,75.30704910050726,3.3764649302915006,206.4594763380874,19.5961,100.0,70.95993410175927,70.95993410175927,0.0,157.71875,168.1875
2013-07-13 14:00:00,536.8181818181819,761.5736370431746,54.67036435818195,1.5027092027698643,564.5277253880688,603.3272,0.0,553.713203598518,553.713203598518,582.25001,360.6875,657.75
2013-05-12 16:00:00,502.7,977.9435721643242,42.76174575004223,1.184937279432824,758.0568478303184,483.0529,76.18333333333334,510.5031826691856,510.5031826691856,458.75001,532.96875,814.25
2013-07-26 14:00:00,568.8181818181819,796.9976858878979,52.85919722804484,1.439615885473487,595.9031973995957,623.4385,0.0,576.5960265316758,576.5960265316758,612.5999999999999,453.8125,655.0
2013-09-28 13:00:00,695.4444444444445,954.2869057158038,45.39118080860653,1.2385943831694224,733.9814042906578,713.9064999999999,2.5,677.0644845824058,677.0644845824058,736.27501,532.875,771.25
2013-10-11 20:00:00,50.11111111111112,579.8974196282436,64.93614984923639,2.045557545669945,400.6969418183376,26.3303,100.0,109.1788448945095,109.1788448945095,135.175,329.90625,352.625
2013-06-05 13:00:00,429.3,607.1729050515354,62.62949061241599,1.886640903657757,427.98593659491183,438.227,12.466666666666669,420.142253352114,420.142253352114,443.62501,252.6875,498.25
2013-10-14 13:00:00,322.8888888888889,1032.164767317443,41.16910203174295,1.155778218832722,803.5166282814595,415.6702,100.0,428.2351036232564,428.2351036232564,533.45,166.53125,323.375
2013-10-14 21:00:00,57.5,278.99502046725286,78.25979480405684,4.1659245776946126,152.01897959729197,13.8757,100.0,52.63184123059276,52.63184123059276,63.400000575,203.375,164.5
2013-03-06 14:00:00,648.4545454545455,1130.2937917300665,35.04604765831577,1.0629836946669668,892.1755057215665,583.243,38.15,647.8468619227384,647.8468619227384,636.45001,701.625,975.5
2013-05-25 12:00:00,265.45454545454544,415.038290706815,71.74739200817353,2.7518649726442104,263.71443489154865,229.0018,61.96666666666667,248.54480484088947,248.54480484088947,279.29999999999995,74.8125,297.125
2013-11-02 15:00:00,421.1,1348.3415103560449,13.153996454919232,0.8940773670960043,1092.5770176142328,822.58,46.766666666666666,816.2721164911859,816.2721164911859,926.0,456.6875,1077.0
2013-03-26 14:00:00,381.3636363636364,1060.3462993723358,39.07309284196698,1.1207949560827764,829.7399659044152,433.9702,100.0,442.55499886339953,442.55499886339953,508.95001,496.78125,374.875
2013-05-16 18:00:00,264.45454545454544,777.1769055593406,54.234797902634256,1.4869022740974718,577.3338089699574,191.0296,100.0,239.86212928245743,239.86212928245743,242.025,384.0625,507.75
2013-07-11 12:00:00,250.72727272727272,358.18371302884674,74.21464924202918,3.1558241435614645,217.490230432223,217.77730000000005,7.166666666666667,210.66285788125865,210.66285788125865,230.55,43.65625,286.75
2013-03-24 20:00:00,130.27272727272728,602.9621695373078,63.83427085213234,1.9660636997063503,420.78248953377306,31.9985,100.0,114.02379202400743,114.02379202400743,76.8,398.34375,395.5
2013-02-11 20:00:00,453.45454545454544,784.7158009116579,55.76069784935729,1.5441824134460185,578.4289229323888,512.7502,40.81666666666667,513.0014021804357,513.0014021804357,589.825,583.90625,250.875
2013-09-07 12:00:00,357.6363636363636,589.3130166232299,63.97546314581695,1.975865668114524,410.75267734917696,407.7383,0.0,398.2424863854319,398.2424863854319,390.80000666666666,183.75,447.0
2013-08-16 20:00:00,229.45454545454547,434.98959191096657,70.89725159646952,2.636346600445899,280.08592065564,241.6606,20.48333333333333,262.332559907349,262.332559907349,284.975,518.59375,316.625
2013-09-08 17:00:00,758.6363636363636,1098.3650004186477,35.182322266988024,1.0647581113913795,866.7406093699932,873.1109,0.0,803.5608379466534,803.5608379466534,886.325,907.875,842.0
2013-09-30 15:00:00,952.6,1238.916810072551,24.399551551655776,0.9558550512942652,994.1537831078105,1024.169,0.0,923.8929569969706,923.8929569969706,1022.2,875.21875,1050.0
2013-02-25 21:00:00,54.27272727272727,443.0999529975964,71.36392444156797,2.6984748101532867,283.2727313903635,25.9372,94.75,97.58013495481664,97.58013495481664,0.0,160.4375,132.25
2013-01-15 19:00:00,507.8,1054.6973130509373,41.32447773834488,1.1585207272201798,820.726241953544,742.8681,52.1,706.3421706034463,706.3421706034463,760.7750100000001,722.125,422.625
2013-03-08 21:00:00,77.45454545454545,391.3434885125628,73.51616012347726,3.0295397647245426,240.98205675928668,20.9667,100.0,80.28292956202105,80.28292956202105,99.6,277.96875,137.6875
2013-11-17 11:00:00,415.44444444444446,613.111690559892,63.90011669221078,1.9706213937701729,427.6211312306938,389.9683,28.016666666666666,397.3965943349418,397.3965943349418,412.775005,182.78125,414.25
2013-09-28 21:00:00,67.3,242.71997543828925,79.71070591187237,4.705985244595674,125.06101451137806,10.0319,78.18333333333334,61.21892390468861,61.21892390468861,59.125,283.375,203.5625
2013-06-07 18:00:00,403.09090909090907,720.2260628906771,56.93319685869356,1.5920590985280652,527.4959484593961,442.8116,76.43333333333334,438.1272045629117,438.1272045629117,508.275,569.875,478.0
2013-02-23 21:00:00,32.09090909090909,451.3437994789975,71.02188224974695,2.6526439621475544,290.06974632501675,86.0384,42.766666666666666,181.66974479913785,181.66974479913785,238.8750025,254.78125,153.5625
2013-05-14 13:00:00,341.2,677.2304154826837,59.411414209183846,1.706115587098471,488.5917885342489,300.52450000000005,81.65,327.68132710846766,327.68132710846766,378.325005,159.875,525.25
2013-07-10 13:00:00,173.0,583.6994097068653,63.68220570146197,1.955627367970472,407.8734429267126,229.8489,74.38333333333334,269.60189751655633,269.60189751655633,281.125005,230.0625,486.75
2013-10-06 15:00:00,951.2,1264.9427043960752,22.07973314404389,0.9394139911341178,1017.658379390409,938.8782,31.23333333333333,889.4742515827918,889.4742515827918,935.12501,795.34375,1062.0
2013-05-11 18:00:00,82.27272727272727,797.3894817152087,53.24699860597163,1.4525567326946942,595.136998962542,296.0883,100.0,324.5153253785576,324.5153253785576,405.37501,439.65625,541.0
2013-09-15 18:00:00,54.5,990.013725981252,42.78543658578636,1.185389058851232,767.362413359338,177.252,100.0,200.13420291011928,200.13420291011928,242.4000025,701.375,847.25
2013-08-21 13:00:00,492.3,733.4221271296573,56.59107257695371,1.5777184648874951,538.1910827946643,547.385,0.0,518.09036334276,518.09036334276,545.875,346.875,615.25
2013-02-10 18:00:00,711.3636363636364,1224.3934550762397,28.647481481864013,0.991822523584958,977.0212012267992,364.0725,98.66666666666669,339.01412114867423,339.01412114867423,519.925,987.59375,681.5
2013-08-18 13:00:00,498.2,717.4403348796305,57.36304689423723,1.6105305447054492,524.1643810012423,549.9821,0.0,512.6083955504977,512.6083955504977,549.9,347.26562,620.5
2013-05-03 12:00:00,315.54545454545456,487.3717708541893,68.63257328016854,2.3730320613652545,323.64843411108285,254.0359,92.66666666666669,266.1976971115712,266.1976971115712,275.650005,106.90625,275.375
2013-11-18 18:00:00,498.2,1162.078912153034,33.53659574664855,1.04410609289199,919.8939294580985,812.7311000000001,71.75,758.0723199610281,758.0723199610281,904.32502,872.96875,988.75
2013-05-03 15:00:00,667.0,996.2884279913663,41.85796862001176,1.1681025048487572,774.1835118416448,776.8039,11.5,719.2600117806096,719.2600117806096,680.5,660.75,808.0
2013-01-23 11:00:00,224.8181818181818,493.4403069007208,69.39982412173276,2.455796241918518,324.4850606248941,216.946,97.61666666666666,234.3337315843668,234.3337315843668,270.850005,55.03125,273.25
2013-02-17 20:00:00,419.9090909090909,768.2093799034263,56.48885657000343,1.5734944473761086,564.0370759193853,247.9134,95.15,294.6190156166509,294.6190156166509,412.90001625,620.75,367.875
2013-03-09 15:00:00,889.3636363636364,1249.2627592450383,25.008067981639886,0.9605259243153922,1001.7243448319218,973.4898,12.2,913.8107324661992,913.8107324661992,956.32502,819.59375,872.75
2013-11-02 12:00:00,82.9,864.0315064871861,51.39139584837658,1.3932090431330395,650.182296032209,163.6608,100.0,217.35310291697465,217.35310291697465,351.400005,116.125,588.75
2013-02-24 15:00:00,882.1818181818181,1290.0567464744558,21.574044230346377,0.9361065148883264,1038.403126446122,936.9076,100.0,830.7664687312783,830.7664687312783,912.97501,873.25,1005.0
2013-05-03 14:00:00,673.4545454545455,893.7625049580271,48.07514738557297,1.3015537456693458,681.2674496484974,513.0201,26.916666666666668,556.9263012720326,556.9263012720326,524.575,546.375,636.75
2013-05-12 17:00:00,340.0,922.8396822832848,46.14668146677501,1.2554183267286947,708.0785553794395,358.6142,100.0,377.925601277877,377.925601277877,337.6,568.03125,765.0
2013-08-23 19:00:00,221.3,705.617182888151,58.04450265998394,1.640895170202244,513.454838803516,49.2184,97.5,127.32559686015668,127.32559686015668,153.925,705.6875,563.25
2013-09-22 18:00:00,194.3,1014.5133875471522,41.48517252749178,1.161379792573467,789.1246145354272,261.8515,100.0,282.93995267019284,282.93995267019284,339.8,527.96875,878.75
2013-11-14 13:00:00,824.6666666666666,1113.5858252382232,36.87074696853509,1.087760227650802,875.7124121333973,844.4853,16.166666666666668,799.8794500972645,799.8794500972645,874.3,667.65625,893.0
2013-03-24 19:00:00,128.6,861.364155129327,50.9536950413882,1.380113515451062,649.3575977289406,94.9214,100.0,151.00450935003437,151.00450935003437,263.65001,453.78125,631.5
2013-11-29 17:00:00,214.0,1325.843947312169,18.64351513445715,0.9187744778150968,1070.1340610837856,474.7027,100.0,412.2191440915981,412.2191440915981,714.47501,429.78125,1013.25
2013-04-30 17:00:00,576.9090909090909,980.9732441683848,42.9245865478403,1.188053666047446,760.0592211280948,521.5335,100.0,508.01374993668855,508.01374993668855,456.25,524.25,773.75
2013-10-09 16:00:00,811.7777777777778,1289.2624244568276,19.45790601466068,0.9232849964394876,1039.8653021617008,955.657,0.0,929.7235556407048,929.7235556407048,947.425,1024.3125,1097.0
2013-11-22 10:00:00,202.66666666666663,313.4530680169003,77.02594054472523,3.79498183441629,177.60264903033135,92.7377,39.833333333333336,139.4097626777923,139.4097626777923,190.05,16.21875,138.125
2013-10-08 12:00:00,450.3,768.5279727811816,55.78022616266104,1.5449511154091726,566.437927226823,445.7357,4.216666666666667,495.9391937063152,495.9391937063152,451.07501,331.4375,567.5
2013-10-15 19:00:00,213.66666666666663,863.2990380567297,51.00376601213448,1.381595089848907,650.6818871530378,325.41119999999995,88.71666666666667,369.0660119088972,369.0660119088972,432.55,349.40625,342.25
2013-10-07 17:00:00,809.6666666666666,1211.2994587685068,27.51818047909405,0.9814706804941624,968.1229805388608,879.353,18.666666666666668,853.9278587737241,853.9278587737241,862.62501,995.25,1036.0
2013-03-06 19:00:00,279.8,955.5079104599916,46.20418508356866,1.2567264965729206,733.0066870112689,479.7862,73.05,510.3037756343158,510.3037756343158,539.975005,751.78125,721.25
2013-11-01 11:00:00,360.22222222222223,582.394727882502,65.11478440015932,2.059121613469043,401.7472826888807,291.2842,100.0,299.1733309676893,299.1733309676893,353.525,153.8125,364.375
2013-03-10 14:00:00,775.7272727272727,1117.6382272300734,35.78814268233057,1.07279221951604,880.8805389658158,812.6659999999999,92.11666666666666,732.2301025644487,732.2301025644487,821.37501,681.9375,582.75
2013-08-05 18:00:00,564.7272727272727,825.7817215633064,51.40531753847216,1.3936309617568927,621.3629604249663,659.6238,0.0,603.4152103334136,603.4152103334136,662.20001,753.78125,678.0
2013-08-31 11:00:00,137.63636363636363,262.45730271325147,78.69045947646809,4.3129836161651545,140.83253185495963,167.5224,-0.1833333333333333,128.84753219828238,128.84753219828238,143.9,8.703125,197.375
2013-02-17 13:00:00,706.7,974.3403570657422,45.55357529195216,1.2421545234648603,749.0210620219095,733.0604000000001,33.38333333333333,689.7463618571146,689.7463618571146,741.87501,508.34375,836.75
2013-01-07 21:00:00,316.27272727272725,515.8929139192519,68.46742541214006,2.3559874383138726,343.28399680440685,299.1579,1.25,319.63481543844006,319.63481543844006,379.825,544.46875,335.625
2013-05-03 19:00:00,119.7,636.1815526852399,61.60196617698577,1.824381976668204,452.0071011013204,114.3994,88.43333333333334,191.5439358181173,191.5439358181173,298.9,423.25,492.75
2013-10-18 18:00:00,798.6,1091.5385942118996,37.40683352388363,1.0954732593294727,857.3825105926555,829.9990999999999,9.683333333333334,785.8237184783977,785.8237184783977,870.22501,828.5,762.75
2013-03-25 18:00:00,530.1818181818181,1054.751303096217,39.48310371509271,1.1273533316578896,824.5579369263924,721.6445,25.933333333333334,717.5611946778572,717.5611946778572,787.9250099999999,791.5625,504.375
2013-11-11 18:00:00,470.8,1147.5863345654232,34.36726450036812,1.054320635471237,907.0139203415822,542.6315,85.4,555.2338605271291,555.2338605271291,675.8,770.84375,1013.75
2013-03-12 21:00:00,24.545454545454547,370.2862867750292,74.39304469923421,3.189826493577054,223.99633483544469,20.1266,42.766666666666666,125.0701873745072,125.0701873745072,40.6,240.90625,176.125
2013-01-31 16:00:00,986.9,1388.6405287648436,7.197063300201073,0.8775789707524344,1128.2124461442947,1110.1023,16.733333333333334,1017.4489878923416,1017.4489878923416,1100.825,995.125,998.25
2013-08-18 16:00:00,746.5,1046.8768926968255,38.09787022473719,1.1057218281437,821.0421441020045,846.9501,0.0,769.4987748087916,769.4987748087916,851.575,829.46875,910.75
2013-08-12 17:00:00,724.6363636363636,973.8743187421604,42.789545474424,1.1854674700532044,754.8440648944705,786.8295999999999,0.0,715.4044439227908,715.4044439227908,788.62501,830.3594,829.75
2013-03-28 14:00:00,555.0,1052.453500653721,39.51721221438223,1.1279049710390177,822.6942532275759,668.4358,50.266666666666666,666.8831265185916,666.8831265185916,745.35001,489.25,861.25
2013-03-17 14:00:00,198.54545454545453,1093.8833184880446,37.16393414256492,1.0919532077641556,859.67761333611,285.0848,100.0,288.9378062072037,288.9378062072037,398.62501,273.875,765.25
2013-03-25 13:00:00,629.4,869.011675319254,50.51341552431929,1.3672653858432142,656.2987998900211,567.7187,37.56666666666667,567.1760353026187,567.1760353026187,594.95,385.28125,714.75
2013-01-17 11:00:00,72.45454545454545,513.0340430695362,68.56730961879634,2.366264930460682,340.9642434435215,26.0624,100.0,102.38204434684184,102.38204434684184,98.45000125,45.25,226.5625
2013-01-15 16:00:00,1056.9,1401.868962439479,3.456655189503315,0.8722746656543512,1139.934417782399,1034.7547,18.933333333333334,976.10415655193,976.10415655193,1052.225,840.5625,796.0
2013-05-27 18:00:00,515.0,741.8029297480664,55.93155238026621,1.5509398488916708,546.2999606932826,591.3001,0.0,539.5039201583095,539.5039201583095,586.0999999999999,679.96875,628.25
2013-02-11 17:00:00,869.4545454545455,1337.4807285998502,16.465692527732447,0.907816498896708,1081.405405782209,916.6822,17.516666666666666,907.6531474814278,907.6531474814278,1035.7,780.03125,887.0
2013-05-04 13:00:00,95.9,716.1787894933684,57.61124096809233,1.6214330326169692,522.485442156361,93.2656,100.0,160.14630031065792,160.14630031065792,231.2750025,99.28125,553.0
2013-04-13 14:00:00,433.54545454545456,984.476706472131,43.26635002071512,1.194679091271523,762.0367647664791,312.8884,100.0,338.0068270223385,338.0068270223385,376.6,368.8125,829.75
2013-05-01 16:00:00,682.6,1030.8855885443534,39.65534809485124,1.1301486623458656,805.5665803760949,785.3718,18.416666666666668,738.3459306568566,738.3459306568566,766.0500099999999,555.46875,845.0
2013-01-31 14:00:00,952.5454545454544,1214.063342100197,29.84284439198061,1.0034486754746046,967.0420968792664,954.3581,0.0,891.6297815106141,891.6297815106141,936.35001,734.09375,1022.75
2013-07-20 13:00:00,404.9,602.5304483976072,62.804029523654094,1.8976990782245289,424.1186503496506,326.9408,32.35,364.4100283708908,364.4100283708908,393.450005,198.9375,501.125
2013-11-02 14:00:00,212.22222222222223,1259.0641241205262,24.59306493516773,0.9573238186754712,1010.088768297348,618.1505,81.11666666666666,614.492088609848,614.492088609848,726.80001,344.28125,1023.75
2013-08-13 14:00:00,248.0,874.0508349631876,48.82363685541564,1.3207941099563307,664.4295235797118,354.2627,98.16666666666669,376.4258309527587,376.4258309527587,518.6500149999999,479.3125,751.25
2013-07-27 18:00:00,520.0909090909091,791.7484537349377,53.154973213651466,1.4494589535359672,591.1780904807671,558.9585000000001,94.5,522.2761358298882,522.2761358298882,610.12501,698.875,592.75
2013-01-29 21:00:00,230.63636363636363,516.9920522841369,68.33579795743601,2.3425885228902565,344.56529624656565,29.0825,100.0,104.94368369773753,104.94368369773753,87.975,298.875,121.03125
2013-03-18 13:00:00,361.6,891.8812855308777,49.45061224789959,1.3375299774324452,676.3856119843737,320.8105,100.0,349.8916239472643,349.8916239472643,437.625,118.21875,676.0
2013-04-22 14:00:00,688.3636363636364,943.717797047486,45.4529775188336,1.2399455688093803,725.7109433688896,762.1136,0.0,692.5940381564873,692.5940381564873,734.47501,571.90625,785.5
2013-10-28 18:00:00,282.7,1116.2524072634578,36.08783208892233,1.0768560853971785,879.2497122521465,433.0197,100.0,436.5514395470684,436.5514395470684,609.60001,543.5625,931.0
2013-08-25 20:00:00,86.45454545454545,461.542302256066,69.76518221948743,2.497404486416228,302.0286136070089,23.4923,100.0,92.25706819685264,92.25706819685264,118.40000125,263.40625,349.375
2013-10-02 12:00:00,472.2,737.0495003815795,57.236970303446974,1.6050594362221926,538.8830088622956,513.6066,17.333333333333332,502.7965716369538,502.7965716369538,543.12502,308.03125,567.0
2013-05-23 12:00:00,113.72727272727272,421.0386506062942,71.4877603363723,2.715478785712809,268.6440722327055,57.7844,88.81666666666666,119.0761706213774,119.0761706213774,196.550005,56.59375,255.375
2013-03-13 13:00:00,684.1,907.4009604356296,48.72800922333147,1.3182918824870995,690.0253522773908,710.7338,0.0,655.4883306404279,655.4883306404279,692.47501,155.1875,769.5
2013-03-15 13:00:00,158.8,901.2710374531335,49.01364132868685,1.3258049843572617,684.6369828884866,187.1678,100.0,233.5622758572366,233.5622758572366,361.600005,77.5,587.5
2013-01-05 16:00:00,902.6,1404.7087912333138,2.2019059127326472,0.871338004090762,1142.4168412117267,906.4716,25.3,890.7031266121173,890.7031266121173,1009.85005,924.65625,1176.5
2013-08-03 17:00:00,640.7272727272727,934.642672239292,45.04978666229868,1.231208013815997,719.6386682296649,763.663,0.0,690.3947412277117,690.3947412277117,758.825,756.28125,800.0
2013-10-27 10:00:00,52.0,256.0879108342672,79.3103692508992,4.543649786676308,134.1717447595021,16.7151,56.23333333333333,80.08765357297867,80.08765357297867,97.6250025,3.71875,66.0625
2013-09-15 11:00:00,111.33333333333331,350.168213200204,74.95476311143982,3.3019528103498894,209.23324720703528,21.607000000000003,100.0,72.78921644531653,72.78921644531653,121.675,14.5625,206.375
2013-07-10 14:00:00,416.09090909090907,756.1771593744768,54.94550592528498,1.512912999933739,559.7521514017556,468.517,100.0,447.0567244608376,447.0567244608376,511.450005,415.84375,640.0
2013-11-15 20:00:00,346.6666666666667,673.7041891382039,61.06671864072924,1.793762367372421,480.5531306011863,231.1005,86.55,277.8170923931785,277.8170923931785,429.3,555.6875,505.375
2013-04-01 14:00:00,641.3636363636364,1036.2203991600256,40.42470094802994,1.1429319126667494,808.2042333135687,812.4789999999999,1.0666666666666669,750.5973989019476,750.5973989019476,795.27502,550.71875,869.25
2013-09-14 19:00:00,190.11111111111111,778.5385910371511,54.72840342664982,1.5048473289963231,576.935746434476,79.7633,100.0,145.98222470596033,145.98222470596033,199.800005,484.5,652.5
2013-05-13 15:00:00,715.8181818181819,950.3494526876628,44.45657779922487,1.2186818782793591,733.0591578001304,573.1599,41.46666666666667,592.9766077513023,592.9766077513023,481.325005,374.8125,782.25
2013-03-12 15:00:00,830.5454545454545,1238.4533604531032,25.866133399173343,0.9673765374912896,991.9963192655828,650.7273,76.6,650.8833126737859,650.8833126737859,624.92501,543.6875,990.75
2013-11-02 11:00:00,70.77777777777777,585.1970951588098,64.99958222285778,2.0503514939391208,404.11882856270455,36.1496,100.0,116.99343183418893,116.99343183418893,237.4,51.5,323.625
2013-01-27 16:00:00,965.8,1393.158814122658,6.121653866604273,0.8756649784453879,1132.2322488417344,944.3623,58.63333333333333,884.339075623961,884.339075623961,989.25,879.28125,1119.0
2013-10-31 20:00:00,289.1111111111111,631.2476856856945,62.85011267926715,1.9006431805885888,444.1669863489524,64.9522,100.0,140.978662374343,140.978662374343,214.4,594.75,417.5
2013-02-09 16:00:00,971.1,1374.9520782977545,9.886901021649235,0.8837706142198716,1115.9802632819349,1083.555,16.666666666666668,1002.4419255744152,1002.4419255744152,1073.875,932.625,763.5
2013-08-21 14:00:00,635.8181818181819,916.0678128799808,46.549265976320605,1.2646611032942503,701.9518418291977,708.2496,0.0,659.5348916033677,659.5348916033677,708.65,555.5625,779.5
2013-03-08 13:00:00,629.2,922.2980159834158,48.03201547478185,1.3004687275458977,703.1268323534488,575.6664999999999,62.66666666666666,566.8521741503238,566.8521741503238,660.125,254.09375,711.75
2013-03-29 11:00:00,52.72727272727273,305.1984312977084,77.06575406849855,3.8059174304291528,172.7247340743465,23.4232,100.0,63.93630481409258,63.93630481409258,130.22500250000002,7.0625,237.5625
2013-04-01 16:00:00,932.3,1190.6731488790788,28.987262623234432,0.9950558962735934,949.6391757508326,950.1904,19.3,873.0834659119654,873.0834659119654,928.225,769.46875,998.25
2013-11-14 17:00:00,971.7777777777778,1303.2602356042548,20.568687820871244,0.9298131119133256,1050.0720107346167,1031.799,66.48333333333333,919.4284102707496,919.4284102707496,1052.100025,1103.8438,1128.0
2013-09-13 16:00:00,86.2,1178.6525282112582,28.99018874795708,0.9950839846814372,940.0478731373394,316.9158,100.0,288.8418794849956,288.8418794849956,301.4,676.03125,638.0
2013-01-31 13:00:00,763.5,1016.455607310616,43.43025463212457,1.197897892737453,786.4212016799266,776.5411,0.0,727.4721507766063,727.4721507766063,760.52501,543.3125,860.75
2013-05-12 13:00:00,416.7,684.811345477173,59.06157064153582,1.6888458417156544,495.1791631243749,388.0022,42.06666666666667,413.0516606829687,413.0516606829687,396.000005,209.65625,543.25
2013-07-12 19:00:00,283.3,566.2101552448801,64.5334938748038,2.015693952123771,392.6930163253388,112.8096,100.0,166.229683195456,166.229683195456,183.65000125,292.21875,385.375
2013-04-10 19:00:00,380.8888888888889,760.8594344467546,55.81779516419949,1.5464326084332063,560.674041382097,245.8644,95.3,291.02758752467514,291.02758752467514,359.075,491.875,603.75
2013-02-01 17:00:00,1050.090909090909,1352.635198040953,14.833807775314687,0.9006183299476965,1094.912493726663,1068.5891,2.583333333333333,999.080134412698,999.080134412698,1073.225,1078.2188,1010.0
2013-01-13 21:00:00,64.9090909090909,521.1909097945023,68.22214001260541,2.331149221552045,347.8384463687187,42.4276,93.26666666666668,121.97220491364055,121.97220491364055,208.9000075,197.53125,60.640625
2013-10-03 17:00:00,829.7777777777778,1197.930179401656,28.47075795002294,0.9901628032530196,956.1497856499964,904.9789,0.0,871.3815285088831,871.3815285088831,892.9000100000001,1007.28125,1038.0
2013-04-12 20:00:00,40.18181818181818,491.2966586205159,68.7039272050192,2.380478116459808,325.9662863018293,26.4644,99.06666666666666,99.9461447002668,99.9461447002668,73.07500125,279.65625,312.5
2013-03-19 18:00:00,643.7272727272727,1087.3113611340873,37.53427060129689,1.097337011110937,853.8237803440342,609.6311000000001,58.46666666666667,633.8782542209873,633.8782542209873,647.35001,308.46875,869.25
2013-03-30 15:00:00,891.5454545454545,1163.474757661056,31.37516165489592,1.0194128348653142,924.4768499488492,932.0363,14.816666666666666,853.3276037330289,853.3276037330289,927.55,810.0625,989.75
2013-10-15 18:00:00,515.5,1083.66547919214,37.82410145935911,1.1016197088293425,850.4157429352136,510.7672,98.53333333333332,508.5851154938074,508.5851154938074,607.400005,438.875,679.5
2013-03-02 18:00:00,391.45454545454544,1166.0510380615372,32.550082740062365,1.0325071472241345,924.6706162435884,580.4277999999999,86.18333333333334,583.8469773275727,583.8469773275727,777.20001,427.03125,827.75
2013-04-02 18:00:00,210.1818181818182,1008.9751005001908,42.12661577795264,1.173026248770647,783.4758003475188,290.4607,98.16666666666669,317.70748980064377,317.70748980064377,409.550005,407.625,782.5
2013-10-30 13:00:00,726.0,1086.6221590939256,38.197271022141976,1.1072250442190317,852.0222113202952,746.0088,54.43333333333333,715.9056799482249,715.9056799482249,840.375,624.65625,850.75
2013-10-20 20:00:00,380.77777777777777,602.2356843493969,64.03674112218486,1.980153717772296,419.5346408390612,420.3188,0.0,407.2168584370226,407.2168584370226,457.60001,678.5,550.5
2013-12-01 13:00:00,848.7777777777778,1118.5830090967795,36.969478822972,1.089165460248196,879.4566451680389,851.7062999999999,4.6,807.4540130269256,807.4540130269256,864.20002,412.6875,910.25
2013-07-30 12:00:00,261.54545454545456,398.7399074998717,72.43670662953781,2.853584798460288,250.442776689398,241.5556,20.5,244.34362030969828,244.34362030969828,270.375,65.65625,314.375
2013-11-16 19:00:00,404.22222222222223,943.1280682830052,47.39030946808143,1.28462141959144,720.6294451225006,606.2199,39.53333333333333,609.7543459403716,609.7543459403716,732.62501,664.09375,811.0
2013-04-22 16:00:00,784.2,1078.1857362511837,36.731349225778594,1.0857878216215593,848.1253020543659,883.0236,0.0,796.5331580419147,796.5331580419147,866.3500200000001,827.84375,910.75
2013-08-11 15:00:00,756.9090909090909,976.7233518276832,42.58460638343428,1.1815764921666956,757.4830967704592,822.4491,0.0,731.8140026847658,731.8140026847658,799.5250100000001,697.3281,853.5
2013-01-03 10:00:00,35.3,252.2165817163272,79.66491595591023,4.686842444273186,130.20988019562586,15.3485,81.48333333333333,62.84202893830164,62.84202893830164,77.52500125,2.125,180.25
2013-11-16 12:00:00,270.4,887.7035860105317,50.41550876028734,1.364451478145555,670.6792280791564,285.7205,100.0,322.3786299346251,322.3786299346251,474.575005,206.1875,640.25
2013-09-01 13:00:00,520.8,795.990023567865,53.52514968607873,1.4620235256552228,593.3220694030882,567.0746999999999,0.0,551.7516996826292,551.7516996826292,544.45002,404.125,649.5
2013-09-06 17:00:00,738.5454545454545,1089.4120678400325,35.75555333887178,1.0723539058998837,858.6904873285595,803.6754999999999,3.466666666666667,781.4748348627392,781.4748348627392,861.55,914.9375,907.5
2013-09-29 21:00:00,114.0,244.8283378027532,79.6263057280169,4.670819667342267,126.6038847882064,39.9863,87.95,72.45883473937828,72.45883473937828,109.60000125,370.375,211.8125
2013-03-22 12:00:00,433.6363636363636,622.1782206901179,62.966263873331584,1.908109538302519,437.3720595891486,361.6148,90.71666666666668,361.3850524480353,361.3850524480353,440.70001,180.0625,493.0
2013-11-05 19:00:00,619.2222222222222,915.7630489238404,48.66714018729277,1.316705976922407,696.540407849632,695.3472,6.5,651.6475970280987,651.6475970280987,722.325,826.1875,772.5
2013-03-27 20:00:00,72.0909090909091,585.3523508354843,64.6077613063837,2.0211294750765467,405.6945949438596,185.2236,97.5,219.6270900610471,219.6270900610471,324.8,307.28125,217.8125
2013-11-24 16:00:00,1072.0,1387.964991741262,6.558074857616878,0.8764035221845313,1127.8770049403813,1122.5213,34.583333333333336,1008.7164901088385,1008.7164901088385,1119.625,1104.4062,1175.0
2013-11-30 14:00:00,747.6666666666666,1285.449356803077,23.30734333589022,0.9478499761390377,1032.7871188585614,622.1596000000001,75.16666666666667,625.5928744737957,625.5928744737957,761.0250100000001,444.71875,1058.5
2013-02-05 17:00:00,964.0,1347.5507836358008,15.37398018935191,0.902907421423998,1090.3990005077471,866.0848000000001,87.01666666666667,803.1762527050128,803.1762527050128,972.45,724.5,572.25
2013-09-29 15:00:00,950.0,1234.3477106458054,24.790896561615035,0.9588413331690544,990.025130469289,740.0269000000001,74.93333333333334,721.8482200688984,721.8482200688984,674.875,701.5625,1050.0
2013-10-19 21:00:00,52.9,291.7590174927904,77.74827643232655,4.003704745872811,161.70170323287016,52.7383,77.43333333333334,97.05905644331938,97.05905644331938,137.35,336.9375,259.25
2013-09-19 15:00:00,863.6,1185.51482831523,28.732367482372467,0.9926250719075416,945.8801582312188,916.6886,84.08333333333333,813.3586128210626,813.3586128210626,952.025,828.59375,1019.75
2013-09-07 19:00:00,297.0,756.5775246144252,55.7165101052636,1.54244649544005,557.8180836590859,103.6401,100.0,168.64343155947654,168.64343155947654,259.3333333333333,553.6875,591.0
2013-03-27 18:00:00,466.54545454545456,1043.5131799034705,40.142040305068726,1.1381781457435984,814.464689422529,356.63640000000004,91.9,385.8228742369821,385.8228742369821,417.67501,497.875,512.25
2013-10-26 16:00:00,1017.0,1339.9644738165605,13.82022100022458,0.8965681083922428,1085.3570894985976,1002.3772,28.15,943.2571291714492,943.2571291714492,1060.625,862.09375,1134.5
2013-11-26 11:00:00,80.77777777777777,617.452002739202,63.78973698101999,1.962994463984406,431.0601952236606,41.7093,100.0,123.11082388577,123.11082388577,211.950005,93.90625,364.75
2013-05-06 16:00:00,731.8,1005.9669277462084,41.13738424098999,1.155221004980521,783.1864874197448,808.58,0.0,737.2028791738952,737.2028791738952,802.17503,710.9375,857.0
2013-08-05 13:00:00,463.9,655.9754842827302,60.29509322981277,1.7516371463601308,470.461089258753,510.206,0.0,468.4371072107184,468.4371072107184,496.475,288.6875,567.0
2013-03-27 17:00:00,597.1818181818181,1170.3837603717625,30.97517063748378,1.0151268329813323,930.5779477467378,647.1754,69.6,658.7355405201753,658.7355405201753,710.20001,543.46875,635.5
2013-02-22 11:00:00,50.90909090909091,397.7604703917412,73.353170615308,3.001549733884474,245.70088566236845,53.0684,100.0,99.99187076979032,99.99187076979032,167.075,21.3125,273.375
2013-07-27 14:00:00,541.7272727272727,800.4895210598421,52.67950036269551,1.4337190196105236,599.0000924144772,584.2732,77.0,550.5503281627682,550.5503281627682,596.92502,444.76562,628.25
2013-10-11 21:00:00,28.6,271.7015874436691,78.55167486594053,4.264481276828314,146.53049483004034,10.6919,42.766666666666666,90.29882826509892,90.29882826509892,16.250000075,177.375,166.5625
2013-07-04 12:00:00,253.8181818181818,353.4131163613925,74.4234994912356,3.195706192478699,213.65073203717645,210.3037,1.8666666666666667,204.82635116254264,204.82635116254264,219.825,48.78125,287.125
2013-09-11 12:00:00,361.7272727272728,613.4890692834182,62.88492801358589,1.902874249767559,431.5495505333832,400.2191,0.0,406.0723280907562,406.0723280907562,358.525005,208.65625,458.25
2013-07-20 15:00:00,594.2727272727273,887.6423257356619,47.677701126669376,1.2916509146237731,677.555138735654,669.5562000000001,0.0,632.4592448757908,632.4592448757908,601.02502,576.6406,762.5
2013-05-17 15:00:00,228.63636363636363,933.526889717765,45.38524481017421,1.238464822614718,718.027428688672,369.7279,100.0,386.80727488007824,386.80727488007824,363.100005,520.0625,303.875
2013-10-01 21:00:00,101.5,249.09403196982373,79.45563545934131,4.601264972768722,129.7347608170993,57.858,24.433333333333334,98.10403114180632,98.10403114180632,164.2,377.0625,220.375
2013-04-03 18:00:00,124.8181818181818,1003.13106403219,42.456694108684616,1.1791684380526393,778.237354465161,280.53079999999994,100.0,306.1248361546142,306.1248361546142,371.700005,435.46875,779.25
2013-08-04 16:00:00,695.9,980.5247128331226,42.18835187882564,1.1741672435727588,761.2565587442368,791.8287,0.0,720.2513097207993,720.2513097207993,785.8,755.7031,829.25
2013-09-25 12:00:00,516.4,697.4957595005209,59.058379786134985,1.688690214155539,504.3614058843874,466.8437,17.433333333333334,466.9401679388308,466.9401679388308,521.6500000000001,267.28125,530.75
2013-01-12 11:00:00,350.90909090909093,528.9300829689392,67.8845614755198,2.297867569380407,354.41256794272164,275.6371,73.2,294.703373759372,294.703373759372,334.025005,74.84375,144.5
2013-11-09 10:00:00,193.88888888888889,294.7998731733859,77.74720627974281,4.003378554876374,163.39264698798033,139.3123,24.816666666666663,147.38702793890806,147.38702793890806,166.225005,12.625,142.0
2013-05-08 13:00:00,491.0,700.3222987359828,58.34493047497864,1.6547212324444165,508.6722948823529,523.1332,3.25,494.2141297135907,494.2141297135907,522.8250049999999,313.25,572.25
2013-02-02 20:00:00,109.36363636363636,801.6597535860801,55.034635084945165,1.5162555423517432,593.1515089564854,80.10159999999999,100.0,148.219532638126,148.219532638126,271.7,616.5,229.75
2013-03-17 19:00:00,196.8,900.4441679382046,49.00546610576192,1.3255883048261383,684.0297806039241,78.2893,100.0,124.32323763517412,124.32323763517412,240.5,294.9375,563.25
2013-07-03 15:00:00,628.7272727272727,852.486946212633,49.62885908181847,1.342394782951927,646.0674588130313,665.5435,0.0,616.4622990535098,616.4622990535098,662.75,586.4219,739.5
2013-04-01 11:00:00,65.36363636363636,297.6397106841391,77.36960825700142,3.891503523695984,166.92551889141018,18.0309,92.25,65.2160996409219,65.2160996409219,80.7750025,7.125,215.875
2013-09-01 17:00:00,718.5454545454545,1066.6190602195873,37.19487590527722,1.0923992671671163,838.1947082756152,812.3019,0.0,770.2955307243457,770.2955307243457,812.1500100000001,916.40625,877.25
2013-02-03 16:00:00,1027.9,1384.642483466827,8.054428322097218,0.8793330149364678,1124.6468349510471,1009.2624,3.316666666666667,977.2177578026096,977.2177578026096,871.77502,552.65625,822.0
2013-02-01 21:00:00,284.09090909090907,512.9718914664887,68.49392856963554,2.3587051513493207,341.22983609516626,53.2646,56.63333333333333,168.05950223286158,168.05950223286158,200.800005,411.09375,285.375
2013-09-04 17:00:00,777.7272727272727,1080.3587332195732,36.330635619589685,1.0801928542259185,850.5496887687352,805.9107,0.0,777.711378527036,777.711378527036,848.475,772.9375,899.5
2013-10-23 12:00:00,597.4,833.6455334848451,52.76668281850456,1.4365721895985604,623.5654081074761,627.3666,0.0,590.5496686665581,590.5496686665581,622.7250200000001,384.25,619.0
2013-03-07 13:00:00,686.1,925.2081131515308,47.89564775833576,1.2970549265719338,705.6874539924243,612.4916,55.66666666666666,593.8249280524828,593.8249280524828,661.45001,386.90625,771.25
2013-09-04 20:00:00,266.0,489.3269433797402,68.59945020507816,2.3695924037131824,325.079728894826,275.04569999999995,6.666666666666667,300.93529301225766,300.93529301225766,329.2250025,480.65625,352.625
2013-01-01 20:00:00,69.33333333333333,793.4342940236238,55.64228828950662,1.539541459343693,585.2213243012633,43.4839,100.0,115.5427659516539,115.5427659516539,146.85000125,278.3125,277.5
2013-10-10 21:00:00,42.5,269.32790380324843,78.64661996023646,4.2975449497954,144.75141942127453,9.8507,100.0,48.33219182117688,48.33219182117688,42.925,222.4375,186.1875
2013-08-25 15:00:00,623.2727272727273,1049.7627127343142,38.12494162298635,1.1061304901969018,823.2551852884017,716.1773,45.1,696.8523761453353,696.8523761453353,820.1,663.5,892.25
2013-07-25 12:00:00,281.90909090909093,384.1623919867729,73.07644045084234,2.955226881332278,238.53658227401127,262.0261,18.4,240.57337312178964,240.57337312178964,255.4,63.0625,322.625
2013-03-14 18:00:00,130.27272727272728,1112.7979108257646,35.96471060422567,1.0751792611019844,876.750095300407,202.3508,100.0,197.47671883556325,197.47671883556325,290.800005,383.21875,776.5
2013-11-12 11:00:00,425.8888888888889,606.7447999585606,64.13597129423792,1.9871416372268071,422.306695713507,399.5889,43.333333333333336,400.5926644940246,400.5926644940246,413.550005,180.375,410.625
2013-01-09 12:00:00,89.45454545454545,822.1477492238026,54.19684219540643,1.4855445402675378,610.8538559224406,127.1884,100.0,190.47742159626875,190.47742159626875,281.675005,131.46875,482.0
2013-01-12 14:00:00,905.0909090909092,1246.4846903452717,27.47600396846116,0.9810955854534688,996.3024960153032,904.7115,67.18333333333334,835.9471188180376,835.9471188180376,954.17502,708.46875,815.0
2013-09-24 11:00:00,292.55555555555554,404.1852338498679,72.65544662903761,2.887515807092551,252.8904551178757,166.4866,46.91666666666666,211.1164072663132,211.1164072663132,265.075,44.875,272.375
2013-11-24 14:00:00,985.6666666666666,1284.6919334119173,23.14145737629884,0.94667578723248,1032.368672730919,1022.2758,80.45,899.8470968031845,899.8470968031845,1021.60001,879.0625,1062.0
2013-08-01 15:00:00,647.3636363636364,931.182541953874,45.22686806986407,1.2350228749266174,716.5798353504608,458.1437,80.66666666666667,480.7567762684296,480.7567762684296,450.15,556.3281,769.75
2013-10-08 20:00:00,238.88888888888889,572.6660549824309,65.22555062509498,2.067632300565482,394.6208585818356,25.6394,100.0,107.95356121855434,107.95356121855434,314.300005,592.15625,422.5
2013-08-04 20:00:00,228.63636363636363,398.455217984655,72.47656926750514,2.859706651909657,250.09052322351428,264.0158,0.0,245.56297824823352,245.56297824823352,286.125005,471.96875,278.25
2013-09-14 12:00:00,110.5,631.7035901595815,62.060213564891,1.851563163078456,447.2686080388095,61.6782,100.0,136.53176111498135,136.53176111498135,247.225,114.1875,483.0
2013-07-28 16:00:00,660.1,951.5085307404104,43.90679802631062,1.2074117000235989,735.1542234218992,765.0475,0.0,697.525629977075,697.525629977075,757.62502,716.53125,789.0
2013-07-05 16:00:00,297.6,887.2312583291242,47.61557860486384,1.2901221889685002,677.388698019285,615.1592999999999,100.0,565.9955324309061,565.9955324309061,665.45001,606.625,715.75
2013-02-17 16:00:00,939.7,1358.224811393641,12.54299339785461,0.8919108047593279,1100.9668727820192,1091.7567,33.88333333333333,989.2049175207889,989.2049175207889,1085.950025,1010.90625,1106.0
2013-07-27 17:00:00,598.1818181818181,906.857469087132,46.620012301949885,1.2663058316351523,694.730649454263,669.092,42.06666666666667,634.6094908544095,634.6094908544095,705.9250099999999,729.4844,719.0
2013-04-30 15:00:00,644.0909090909091,1010.8641530590868,41.01280921926492,1.1530410692188915,787.2520125524455,562.9497,59.46666666666667,586.1951583043987,586.1951583043987,412.200005,392.34375,787.5
2013-03-28 21:00:00,31.63636363636364,279.46857772793743,78.17948670691322,4.139596201957027,152.69688867250977,15.3286,93.26666666666668,59.02024530092774,59.02024530092774,104.075,190.28125,114.28125
2013-04-14 13:00:00,284.6,796.1443039789574,53.89949728870229,1.4750150566677147,592.3836746323195,235.419,100.0,277.8817215073195,277.8817215073195,382.375005,197.6875,651.25
2013-09-03 13:00:00,407.4,807.8314537830041,52.93641430572978,1.4421690264074265,603.7913613807074,339.619,100.0,356.9760537635199,356.9760537635199,345.65,270.65625,646.0
2013-02-08 18:00:00,852.5454545454545,1228.0084988627243,28.41094881214917,0.9896044801404652,980.241982093473,973.0173,4.8,903.5730444103676,903.5730444103676,974.42501,857.3125,738.75
2013-03-26 15:00:00,395.27272727272725,1181.5070905379837,30.111412536768444,1.006158790917994,940.7174499225983,521.1258,96.7,510.3362243366609,510.3362243366609,596.925,610.96875,444.0
2013-09-19 18:00:00,741.8,1004.2155634807348,42.03162270039512,1.1712775631741583,779.9799662079157,770.0942,19.48333333333333,719.3855333771052,719.3855333771052,813.075,901.25,877.75
2013-02-13 21:00:00,208.27272727272728,486.2354597329164,69.58010397195687,2.476142134588099,318.98271426014645,337.329,-0.3166666666666666,314.84597739033444,314.84597739033444,350.20000500000003,391.09375,128.75
2013-08-16 15:00:00,746.0909090909091,1001.861669443378,41.08391780086316,1.1542837238934651,780.0980876422815,805.2445,0.0,734.3091739154748,734.3091739154748,782.82502,713.375,861.75
2013-09-17 15:00:00,154.8,1175.1604428031962,29.51958004308024,1.0002348897937348,936.5182283759418,465.8981,100.0,446.7437837958637,446.7437837958637,518.950005,537.75,1003.25
2013-07-09 14:00:00,529.6363636363636,754.6189617005277,55.02507042989375,1.5158959675040098,558.3730150010454,529.6073,7.05,519.1541810777055,519.1541810777055,572.175,325.4375,634.25
2013-09-21 11:00:00,274.3333333333333,386.2849880926096,73.41737763201813,3.0125121994275443,238.32000724971587,204.1912,18.166666666666668,223.2614106386929,223.2614106386929,241.2750025,40.9375,259.5
2013-05-21 20:00:00,83.81818181818181,323.62904333041,75.88507654377563,3.506406659011233,189.1253234659376,17.5189,100.0,64.83424680578136,64.83424680578136,103.1,377.875,236.5625
2013-04-22 15:00:00,757.0909090909091,1050.7162656429616,38.6450552742382,1.1140893187676069,823.0253737843342,858.6672,0.0,775.5554946339436,775.5554946339436,837.55001,731.5,885.0
2013-07-06 18:00:00,353.0,731.7110931715222,56.22604462904258,1.562759104888264,538.0128772222764,404.2796,100.0,394.5814197027452,394.5814197027452,400.625,614.9844,597.25
2013-11-13 10:00:00,209.44444444444449,302.7037001743849,77.43494074027485,3.9104112093774335,169.42647720967506,86.3178,79.81666666666666,119.29663635884498,119.29663635884498,175.1,13.9375,138.75
2013-08-09 13:00:00,83.4,673.3760000421191,59.47061167532818,1.7090789058588576,485.6229363043103,123.5341,100.0,185.27775197813844,185.27775197813844,236.95,161.9375,570.5
2013-08-28 20:00:00,228.72727272727272,470.0871632257745,69.40441351699934,2.456309792966916,309.1093973185824,153.06449999999998,100.0,182.67910709641444,182.67910709641444,313.7250025,515.09375,322.875
2013-03-17 12:00:00,76.45454545454545,636.3214420849517,62.38230692849971,1.8712266136276527,449.41127300479593,91.0895,100.0,160.88395977237406,160.88395977237406,273.85,55.21875,387.25
2013-08-12 13:00:00,485.7,687.3530403548918,58.80526446115964,1.67645160570303,497.8261198267502,532.9184,0.0,491.9332346186203,491.9332346186203,516.900025,320.1875,591.5
2013-11-21 11:00:00,355.3333333333333,616.1435519616335,63.80262064047658,1.9638812958050809,430.0988968414033,337.8414,52.2,361.20904241025096,361.20904241025096,411.550005,96.15625,412.875
2013-04-27 13:00:00,514.6,744.3474459717019,56.30554066930079,1.5659874963039293,547.0671644295732,560.1698,0.0,527.5720548714677,527.5720548714677,556.525,345.875,592.25
2013-09-19 14:00:00,830.1111111111111,1081.8730820252013,36.84932748590098,1.087456270497572,850.812660114008,725.6127,80.66666666666667,678.5359267155706,678.5359267155706,865.925,683.0625,919.5
2013-11-02 19:00:00,152.44444444444446,908.2895692249036,49.00753387140495,1.3256431005437102,689.9842680532508,61.536,100.0,106.6776884634071,106.6776884634071,196.525,384.25,772.25
2013-09-01 19:00:00,438.7,736.7771138994001,56.61598149062761,1.5787519912791683,540.5782452444012,516.3951,0.0,506.13290222682303,506.13290222682303,524.4250049999999,752.71875,578.0
2013-10-29 16:00:00,1012.8888888888888,1347.0326886442608,12.914481885550352,0.8932147255245051,1091.6669786099071,1085.9599,0.5,1001.9608247402782,1001.9608247402782,1081.1,1027.3438,1143.0
2013-04-06 19:00:00,421.4,784.6340314003819,54.68502112039174,1.5032484336694831,581.5789979378569,586.8223,0.0,554.3430283943999,554.3430283943999,609.67503,704.25,535.5
2013-07-31 12:00:00,238.0909090909091,401.9809727058763,72.29436468165936,2.8319447250881824,253.0987016485503,210.7391,85.01666666666667,228.62030427916557,228.62030427916557,267.60001,69.28125,287.0
2013-02-26 16:00:00,424.6,1333.8304481321609,15.766128893632503,0.9046269411970268,1079.0014142110058,469.3621,100.0,394.9075421406933,394.9075421406933,502.525,610.625,970.5
2013-05-04 20:00:00,28.545454545454547,380.2619314986678,73.47615428280469,3.0226199876330133,234.3392398473613,20.2544,100.0,77.93787265986131,77.93787265986131,45.2750005,186.71875,284.5
2013-11-22 16:00:00,909.3333333333334,1385.9218736953414,6.944998569335505,0.8771018928953013,1126.0901174003295,947.4095,11.683333333333334,934.1728200370484,934.1728200370484,1076.95,910.875,1004.0
2013-08-27 15:00:00,799.6363636363636,1060.7087175358738,37.42800204488628,1.095782034369588,833.127706654827,887.7055,0.0,791.4885922749442,791.4885922749442,860.57503,768.9375,919.25
2013-10-15 13:00:00,114.88888888888889,1036.3173158030324,40.94102531995586,1.1517911096827589,807.2234400312752,225.3246,100.0,242.314443449244,242.314443449244,425.650005,214.21875,550.0
2013-07-18 13:00:00,423.8,597.8316398994729,63.02323952075473,1.91179619465328,420.0613594485318,455.3601,0.1833333333333333,419.7516336871182,419.7516336871182,446.825005,247.21875,497.875
2013-11-28 16:00:00,281.6666666666667,1391.6136715090909,5.834025479382981,0.8752066273857235,1131.0600306648705,538.8703,87.08333333333333,448.38370009846426,448.38370009846426,738.3000099999999,667.53125,1154.5
2013-01-12 16:00:00,1047.0,1403.0833886857076,2.960244647011736,0.8718539083306961,1140.9995803661025,1093.4688,35.416666666666664,993.1037368602432,993.1037368602432,1098.800025,1039.0938,801.25
2013-01-07 17:00:00,1034.909090909091,1360.4142555735186,14.565270089998752,0.8995143206441781,1101.4032538579515,1107.5837,15.483333333333333,1009.8940451787524,1009.8940451787524,1105.875025,1135.4375,1143.5
2013-08-18 14:00:00,639.7272727272727,899.8915572434989,47.43188804581413,1.2856317022855444,687.4941249820116,715.1317,0.0,655.8174129458788,655.8174129458788,715.20001,561.03125,787.5
2013-03-08 15:00:00,714.0,1252.7505543391612,24.72702686775598,0.9583496336319564,1004.8625736615844,758.5838,39.71666666666667,777.6822452924438,777.6822452924438,808.075,629.75,989.0
2013-05-04 16:00:00,178.5,1015.7848623341,40.55788135207464,1.1451951470195292,792.0005629744429,360.9206,100.0,376.5019973006148,376.5019973006148,329.82501,387.71875,847.25
2013-07-26 20:00:00,156.27272727272728,371.6151738122522,73.6489457834681,3.052742883283848,228.24230321608223,230.4124,6.0,221.9793437357966,221.9793437357966,270.55,435.4375,218.375
2013-09-29 17:00:00,892.4444444444445,1183.806248574051,29.463218826647708,0.9996799150287736,943.4890292884036,824.8992,59.18333333333333,780.8863681555911,780.8863681555911,857.975,830.78125,1021.25
2013-10-17 20:00:00,73.22222222222223,594.6646046863202,64.3427223285041,2.001878868345299,413.13790013033633,54.4423,100.0,130.6624057455707,130.6624057455707,201.775,359.46875,382.25
2013-05-10 20:00:00,132.8181818181818,356.878824572221,74.47355258299201,3.2054178471906347,215.5150972643264,41.991,100.0,86.55309164909204,86.55309164909204,127.42500125,425.78125,262.25
2013-07-27 15:00:00,635.9090909090909,911.382178483549,46.34925846214944,1.2600445640212887,698.823503763346,688.5974,54.96666666666667,644.6139967748206,644.6139967748206,701.32501,597.6875,726.75
2013-05-05 12:00:00,326.72727272727275,480.4596385742335,68.92858326703768,2.4042507270810547,317.8784926626956,290.9268,32.46666666666667,302.33496505954616,302.33496505954616,307.0250075,71.78125,355.75
2013-11-21 17:00:00,999.2222222222222,1314.5231712082457,19.63514767399165,0.9242972851452934,1060.0698889704267,986.2903,6.95,948.5403555841964,948.5403555841964,1068.750025,918.46875,962.25
2013-09-16 18:00:00,129.6,993.6140161828052,42.594336128376106,1.181760304687533,770.5616800816166,215.48370000000003,100.0,239.2707865269291,239.2707865269291,319.29999999999995,513.34375,857.5
2013-02-04 18:00:00,819.5454545454545,1234.0645251545625,28.026221390592287,0.9860535629259364,985.6176064654948,876.6926,24.05,856.3656380817057,856.3656380817057,954.40002,787.375,636.25
2013-08-02 14:00:00,142.36363636363637,823.5372437319811,51.48653965035705,1.3960992473707643,619.4616333210787,213.8985,100.0,257.9591003620943,257.9591003620943,262.225005,264.53125,711.25
2013-01-31 20:00:00,532.0,804.161025347602,54.93279678104178,1.5124378696725314,595.3100328213307,443.8612,47.31666666666667,473.482487655315,473.482487655315,578.525005,677.71875,300.125
2013-10-21 17:00:00,568.7777777777778,1252.1911274449476,24.522662052154185,0.9567876780527628,1004.659080394134,844.2605,62.7,805.286781199798,805.286781199798,1006.85001,564.90625,1015.0
2013-09-30 12:00:00,268.7,726.0193967830296,57.74604331223047,1.627429068609055,529.2435679750683,198.994,100.0,247.55261948874025,247.55261948874025,397.0,232.84375,541.5
2013-06-05 18:00:00,481.8181818181818,723.077329064265,56.80405836078423,1.5866090864829607,529.9696985460483,556.9514,0.0,518.2976986147129,518.2976986147129,566.65002,660.96875,607.25
2013-04-14 11:00:00,46.45454545454545,263.9839755273836,78.73384060678664,4.328369348797034,141.42543136615313,14.0154,81.48333333333333,64.95623123187579,64.95623123187579,84.875,3.375,184.875
2013-11-17 18:00:00,826.1,1160.0524100987927,33.65456939024521,1.0455314066611656,918.0907958463566,835.2072000000001,42.23333333333333,796.4417556241887,796.4417556241887,932.25001,1013.25,1002.25
2013-08-06 13:00:00,407.0,660.1874085448952,60.09589847974092,1.7411302915836466,474.127961267855,432.1209,24.216666666666665,438.0475054878257,438.0475054878257,476.000005,289.46875,552.5
2013-09-26 15:00:00,930.6,1220.2732064122542,25.9699804886382,0.9682270044409648,977.3046085214376,972.9636,0.0,901.8519870614766,901.8519870614766,954.7,899.875,1028.5
2013-10-21 14:00:00,319.77777777777777,1227.0497080354412,26.933819017923383,0.976345924343812,981.4916146927636,437.4155,99.26666666666668,407.7686532669824,407.7686532669824,532.3000099999999,378.71875,1001.25
2013-05-07 17:00:00,183.63636363636363,945.8392758486032,44.8906046546763,1.2278087088801375,728.6173423972672,538.5878,77.51666666666667,537.9232506003922,537.9232506003922,655.65001,639.71875,786.0
2013-01-30 18:00:00,189.54545454545453,1239.5130301357262,27.70770336418866,0.9831663069021808,990.4120969212066,600.0354000000001,97.25,580.057940427066,580.057940427066,735.0333333333333,787.03125,656.0
2013-06-07 15:00:00,597.3636363636364,867.026328564126,48.9416772805314,1.323900961250224,658.8005404992521,683.75,0.0,629.8689532800138,629.8689532800138,681.72501,574.46875,702.25
2013-10-13 20:00:00,116.11111111111111,584.7698172611899,64.74077237745071,2.030945851529661,404.7967544464894,28.583900000000003,100.0,111.10019072578626,111.10019072578626,72.85000125,309.875,384.5
2013-08-19 13:00:00,515.4,722.703999022914,57.10926202813154,1.5995629171291548,528.7814431770832,559.329,-0.25,518.5187726601155,518.5187726601155,546.55,347.29688,615.25
2013-09-04 18:00:00,658.4545454545455,948.3759551360656,44.99297154351135,1.2299914984476343,730.3410708577007,687.8078,0.0,668.01967116898,668.01967116898,733.525,755.53125,773.0
2013-07-07 13:00:00,56.5,580.3431306705165,63.8390844182589,1.9663960874507576,404.98071953215367,86.0933,100.0,150.39992424406773,150.39992424406773,261.2750125,120.78125,453.125
2013-08-06 12:00:00,265.1818181818182,423.6302888944759,71.34249586518135,2.695554977540669,270.9167035041839,221.718,34.416666666666664,248.3377049385101,248.3377049385101,277.425005,81.375,341.75
2013-01-25 13:00:00,59.5,1030.471074277624,42.68464301741197,1.1834707162371425,798.944997199363,261.6427,100.0,287.528493293113,287.528493293113,545.42502,488.78125,651.5
2013-10-04 21:00:00,116.5,255.6332534303986,79.1941523435112,4.498569732720113,134.5582504019257,14.6221,100.0,48.7765350088593,48.7765350088593,1.45,116.1875,177.6875
2013-08-16 19:00:00,417.4,680.563430977845,59.20152309572421,1.695705066827902,491.6655180199832,481.1967,0.5,468.3997976525516,468.3997976525516,493.25,691.5,541.5
2013-03-05 13:00:00,680.9,930.9631770285264,47.62545997675588,1.2903650097560306,710.7528462378946,521.6596000000001,44.05,556.5908589332071,556.5908589332071,639.0250100000001,388.78125,793.0
2013-03-24 16:00:00,579.3,1230.551441310059,25.848647481152536,0.9672337932876272,985.6888330157818,603.0059,74.85,612.28749634586,612.28749634586,670.25002,679.15625,1021.25
2013-08-15 15:00:00,746.9090909090909,996.7317128902916,41.39285024741113,1.1597343742750863,775.4810623861669,799.6102,0.0,729.9390358663915,729.9390358663915,816.15,700.8906,877.25
2013-01-13 12:00:00,365.9090909090909,811.6558862737688,54.705721949076725,1.5040108528665226,601.5456088073316,349.7973,100.0,366.06343107295663,366.06343107295663,409.200015,188.34375,452.625
2013-08-03 14:00:00,575.9090909090909,827.7114049048013,51.26911673619607,1.389517591829278,623.1712376446943,666.4992,0.0,607.1808983655195,607.1808983655195,650.075,471.73438,708.75
2013-07-24 15:00:00,672.0,900.6088001192076,46.95422411140718,1.2741599804648494,689.1691176640461,750.9662000000001,0.0,672.1159522282551,672.1159522282551,723.125,628.90625,784.5
2013-06-02 14:00:00,540.7272727272727,780.5924430633396,53.802329975758354,1.4716148606712067,581.0819345265118,611.5597,0.0,564.9736715107647,564.9736715107647,592.02502,433.84375,634.25
2013-01-30 17:00:00,587.2727272727273,1354.7155769619485,14.621305797918044,0.8997428414135203,1096.7495820661215,593.5672,94.75,528.9607026715903,528.9607026715903,569.8333333333334,770.46875,717.5
2013-03-01 21:00:00,219.9090909090909,425.4671764112621,72.09643754211876,2.8024136755726268,268.78681840400185,201.6095,34.18333333333333,237.2482594440409,237.2482594440409,221.250005,302.03125,236.375
2013-08-27 16:00:00,812.3,1092.7126223793098,35.107150181659115,1.0637778310087285,862.4079852348764,915.1917,0.0,815.462508702894,815.462508702894,893.70001,872.09375,948.0
2013-10-02 11:00:00,263.6666666666667,450.5175056892174,70.68359510216129,2.6088906839654364,291.00753106463475,197.1164,52.41666666666666,239.18802728045503,239.18802728045503,287.4,71.3125,302.125
2013-02-21 14:00:00,863.9090909090909,1167.0256606396488,32.84536956343425,1.0359198358434385,924.9618996807612,559.0996,100.0,546.7193764874019,546.7193764874019,616.05,649.09375,761.0
2013-09-01 16:00:00,752.4,1118.409207664218,33.35682239150635,1.0419500416756284,885.6156902129952,859.9465,0.0,813.8446636016671,813.8446636016671,855.72502,889.03125,938.25
2013-01-10 19:00:00,430.9,1051.3665641908765,41.56781618118809,1.1628592256273127,817.6124576904022,760.2438999999999,33.333333333333336,728.8860630370818,728.8860630370818,820.75,625.5,363.125
2013-02-18 20:00:00,54.27272727272727,765.0585810337851,56.62878329348264,1.5792838065007726,561.2886128575652,41.7712,100.0,116.29352618764337,116.29352618764337,207.4250075,254.5625,409.125
2013-01-20 21:00:00,36.72727272727273,522.8093516599967,68.12622352434896,2.321588166920382,349.3175567821711,30.2035,100.0,106.64166872064766,106.64166872064766,24.375,185.09375,107.46875
2013-03-08 14:00:00,806.1818181818181,1124.0486590568505,35.41311004133286,1.0677904750918692,886.6018476308889,737.4223000000001,79.76666666666667,697.4300336660451,697.4300336660451,783.20001,471.53125,856.25
2013-10-12 12:00:00,233.5,787.9535573163772,54.87947830377426,1.5104486011773048,583.4691706907602,108.482,100.0,173.8496943724008,173.8496943724008,267.85,77.78125,463.875
2013-10-25 18:00:00,252.6,1109.067818831229,36.473362024741775,1.0821730119659343,872.891903074753,465.11800000000005,93.2,478.3697778306124,478.3697778306124,657.975,819.6875,899.25
2013-05-17 18:00:00,280.8181818181818,773.4289694216346,54.41661453316858,1.4934496237451664,574.0376998078777,131.3878,100.0,190.53803550123712,190.53803550123712,200.6250025,454.53125,213.3125
2013-10-02 18:00:00,640.8,1046.6389855098298,39.78273356046128,1.1322314740247823,817.6242292500177,587.0728,18.066666666666663,649.8113325215021,649.8113325215021,785.825,972.125,900.0
2013-10-09 11:00:00,216.66666666666663,488.31611467156296,69.07631918965986,2.4201614508980693,322.4686441487239,143.82340000000002,81.3,189.8499918049739,189.8499918049739,241.700005,96.375,304.625
2013-05-20 16:00:00,678.7,944.669558046639,44.63699140517049,1.222450692158539,728.2803951216866,750.2512,0.0,688.5314441634347,688.5314441634347,748.9333466666667,631.53125,758.0
2013-11-06 14:00:00,1006.0,1266.7611904012049,24.055582935299,0.9532821430651168,1016.906433653311,995.8757,73.53333333333333,884.8704534287016,884.8704534287016,1011.500025,850.15625,1005.75
2013-03-19 16:00:00,745.2,1253.8506451129745,23.87252139061508,0.9519324011526576,1006.7550680410372,795.1923,63.516666666666666,775.0271627675997,775.0271627675997,862.0,487.0,1023.0
2013-01-18 12:00:00,97.8181818181818,798.1182475228406,55.350703151996726,1.528258069750605,589.5731780604473,134.172,100.0,197.4312408045879,197.4312408045879,260.6250025,52.84375,569.25
2013-05-21 13:00:00,346.3,651.9282583578972,60.57693673950684,1.7667570887064847,466.643803790105,268.6053,100.0,285.18523140240967,285.18523140240967,319.925005,261.78125,427.375
2013-03-28 17:00:00,877.6363636363636,1165.0101153214991,31.357628286013448,1.0192231633536335,925.7237220564792,809.397,37.95,787.1708198347995,787.1708198347995,882.7,699.15625,835.25
2013-08-14 19:00:00,441.1,673.3464455556324,59.53584359484871,1.7123582790413607,485.39370980069936,468.1157,73.76666666666667,455.5103098373205,455.5103098373205,523.7750100000001,634.65625,536.75
2013-07-02 14:00:00,536.9090909090909,747.122041270393,55.41114161448128,1.530580060101928,551.7290064155122,596.5890999999999,1.2833333333333334,544.5637518226167,544.5637518226167,589.87501,435.0,644.0
2013-01-11 13:00:00,761.5,1061.1340177452682,40.95747575492525,1.1520771599351278,826.51916967464,809.527,18.466666666666665,758.9846771819642,758.9846771819642,802.95,561.71875,881.0
2013-03-01 13:00:00,691.9,942.2276050171488,47.09425458588048,1.277492639736923,720.6738177075763,695.8639999999999,21.383333333333333,662.2194643750568,662.2194643750568,709.25,443.8125,807.0
2013-07-29 12:00:00,260.1818181818182,395.6063478528585,72.57428919749398,2.874829593538257,247.8779330260272,214.6704,22.316666666666663,233.70358705587336,233.70358705587336,260.2750075,63.1875,302.875
2013-01-01 13:00:00,89.0,1080.7200995461471,39.76271381747218,1.131903265082599,844.2891430070715,136.5508,100.0,144.32423822191527,144.32423822191527,295.95,105.21875,450.0
2013-01-07 14:00:00,963.0909090909092,1253.6834051355331,26.883408236018933,0.9759110705675726,1002.8631000122956,1013.8564,0.0,928.998300512784,928.998300512784,1003.25001,767.1875,1084.5
2013-07-16 14:00:00,539.8181818181819,768.0395140087953,54.34088725870638,1.490713850971585,570.2499278398362,590.6544,0.0,551.115417799553,551.115417799553,580.87502,285.65625,650.75
2013-02-13 11:00:00,282.3636363636364,425.0812705184364,72.24084911815342,2.823896575592996,267.8879764162183,293.6768,0.0,264.5643670641065,264.5643670641065,278.05,51.84375,359.125
2013-01-01 15:00:00,262.9166666666667,1372.192852437949,12.57282915100945,0.8920140047989183,1112.2709028198074,447.6621,100.0,359.0743085815261,359.0743085815261,473.35002,217.78125,804.5
2013-04-26 20:00:00,202.54545454545453,416.5859200122729,71.92146445796556,2.7768348811796417,263.9441529658424,259.2672,18.9,258.56890596419447,258.56890596419447,281.275,481.3125,319.625
2013-03-26 12:00:00,93.63636363636364,610.6308645776802,63.44356277588484,1.939496107974892,427.5584634487677,127.0123,100.0,183.5985177700568,183.5985177700568,269.8250025,133.625,179.875
2013-01-22 14:00:00,907.181818181818,1230.4583417554777,28.695011900331576,0.9922714688235093,981.792636140296,751.8326,50.38333333333333,760.2478668531867,760.2478668531867,794.05,585.0625,1029.0
2013-04-08 16:00:00,670.9,1153.8502215688584,31.67373617291041,1.0226682920443535,916.3723852288642,654.2842,79.0,649.748300756208,649.748300756208,600.425,455.46875,969.25
2013-01-23 17:00:00,465.27272727272725,1359.7523685891674,14.17251480538825,0.8979399089765143,1101.143929754462,775.8632,78.43333333333334,740.5480130064152,740.5480130064152,883.70001,807.3125,626.5
2013-10-31 13:00:00,778.4444444444445,1089.145096763558,38.06356240728315,1.1052047132614735,854.2581266934197,716.8693000000001,100.0,659.0046476895135,659.0046476895135,828.62501,633.40625,835.0
2013-04-18 13:00:00,551.9,780.4330320375726,54.62973249157171,1.5012168548639775,578.6247988876192,579.7736,3.25,549.8491069015353,549.8491069015353,598.7750100000001,355.34375,626.75
2013-10-27 19:00:00,296.8888888888889,893.3443896727749,49.679368244711945,1.3437820838635863,676.899756192353,149.1568,100.0,199.5753543368843,199.5753543368843,339.95,479.8125,411.75
2013-05-28 12:00:00,297.0,406.3833743572371,72.12221217112364,2.8062230394314294,256.6194754855535,309.7311,1.4,261.34871399568533,261.34871399568533,288.7500125,79.0625,308.125
2013-06-05 19:00:00,340.7,536.7764861751548,66.01862969813502,2.130902036652848,367.0218299675474,390.7866,0.0,365.4298127937803,365.4298127937803,407.925,553.53125,437.125
2013-11-13 21:00:00,192.0,366.7200482101422,74.71886025232733,3.2538988707121006,220.28049754733257,200.7724,4.816666666666666,207.3363780939024,207.3363780939024,244.95,412.875,281.625
2013-11-30 21:00:00,49.2,423.07999926640696,72.40590767697965,2.8488734526151807,265.8723217457992,21.9776,94.25,92.70301022236168,92.70301022236168,0.0,243.5,304.0
2013-10-18 21:00:00,106.8,289.1434171275544,77.85318068551756,4.035939695483722,159.70969554027977,150.2801,31.666666666666668,148.36648913464012,148.36648913464012,200.65,398.625,124.625
2013-11-05 21:00:00,150.9,340.978004079859,75.76453429400716,3.478479272477478,199.8663234920882,100.5484,43.05,155.33727838710774,155.33727838710774,203.975005,337.6875,287.0
2013-08-11 14:00:00,664.2727272727273,864.1677747215257,49.35037006559801,1.3348151595638218,655.6187480655187,719.8681,0.0,644.0429500308508,644.0429500308508,694.4000100000001,530.84375,753.75
2013-10-04 19:00:00,277.1111111111111,834.9859157786362,52.238271404262825,1.419500396643373,626.0404243557033,68.6597,100.0,129.54130936546892,129.54130936546892,217.975,461.5,637.5
2013-08-09 18:00:00,66.0,841.8112584305519,50.57674090654641,1.3690936910733122,635.5939541381201,165.685,100.0,215.60094266351075,215.60094266351075,189.05,352.46875,692.25
2013-07-16 20:00:00,200.54545454545453,344.22215478745534,74.85436659740895,3.28132623596868,206.14543275683857,219.48280000000003,0.0,199.68685369342305,199.68685369342305,246.8000025,387.0625,233.0
2013-05-03 16:00:00,680.9,1020.7713074361966,40.26138464930945,1.1401770755067555,796.4790085015047,802.0491999999999,6.25,740.0331581291903,740.0331581291903,728.8500200000001,691.84375,840.5
2013-05-29 18:00:00,494.9090909090909,736.8193011334066,56.16637155643449,1.5603463880159278,541.9443164903441,570.2099999999999,0.0,529.4456449586669,529.4456449586669,577.45001,503.0,608.75
2013-02-27 12:00:00,335.3636363636364,685.9505924152166,60.32005529103296,1.752964191115141,491.8743902474265,281.3961,90.33333333333331,307.9507147103172,307.9507147103172,385.150005,200.5,552.75
2013-10-01 13:00:00,741.0,970.3364328807766,44.53213700277765,1.2202560076334694,748.3056394895395,778.8371999999999,0.0,709.8142111142954,709.8142111142954,767.725,528.21875,787.5
2013-05-24 15:00:00,641.5454545454545,906.8943263675912,46.83187913633452,1.2712685626331617,694.2658078035146,714.2762,5.716666666666667,658.0026890596181,658.0026890596181,708.45003,395.5625,732.5
2013-01-10 17:00:00,981.181818181818,1361.2447040074917,14.376372115690945,0.8987511454491478,1102.209762071765,985.2199,18.266666666666666,950.270095323718,950.270095323718,1082.600025,663.84375,689.0
2013-09-10 14:00:00,708.4545454545455,1030.6467362396188,39.99403684617885,1.135715700445434,804.7157032746703,822.3161,0.0,752.6743901032836,752.6743901032836,775.8,664.03125,875.5
2013-09-26 18:00:00,296.6,1027.7673036078395,40.78229971768779,1.1490431980931393,800.88808361478,699.4413999999999,27.683333333333334,695.830809750034,695.830809750034,782.92502,944.5625,876.0
2013-04-19 12:00:00,363.0,535.3523274545726,66.59074265802285,2.179241664674826,363.89384600537454,315.7049,67.08333333333333,330.7497763337437,330.7497763337437,373.975,127.125,396.5
2013-10-15 14:00:00,293.8888888888889,1206.007876655768,28.46913789171565,0.9901476573982728,962.5994013843808,374.062,100.0,346.4944819507871,346.4944819507871,442.825005,344.71875,929.5
2013-01-22 18:00:00,611.0,1243.6976247304062,27.5476900001849,0.9817336083371055,993.9764705795832,483.2614,94.13333333333334,466.7821956772394,466.7821956772394,654.65003,703.59375,893.5
2013-01-06 17:00:00,222.8181818181818,1360.055860387565,14.636729615536524,0.8998059129477816,1101.0618897333943,394.2113,100.0,311.37725838573806,311.37725838573806,480.675005,630.65625,865.5
2013-11-06 21:00:00,173.0,344.12536433380285,75.6370028906949,3.4494184481244576,202.346920975456,123.5679,49.16666666666666,165.84800053478216,165.84800053478216,222.475,356.625,299.5
2013-08-20 16:00:00,734.4,1056.9450231018711,37.45394173200958,1.0961608445906272,830.1244389524463,851.9173,0.0,775.5645024290088,775.5645024290088,849.0250100000001,812.8906,887.75
2013-09-02 11:00:00,133.0,273.6627123976396,78.21285436097762,4.1504952593525966,149.3542682594133,101.9859,50.833333333333336,125.21063727796798,125.21063727796798,145.625003,10.53125,196.5
2013-02-19 14:00:00,290.27272727272725,1172.1158231356917,32.53322527847535,1.032313823838945,929.507372647703,507.9936,96.33333333333331,505.5128963293437,505.5128963293437,671.2,489.46875,1019.0
2013-01-11 21:00:00,33.09090909090909,519.80816712043,68.2880085405808,2.337764065021504,346.6416938910777,29.6532,93.26666666666668,113.6328590522105,113.6328590522105,82.05,471.5625,81.625
2013-08-27 12:00:00,386.8181818181818,525.1305305387401,66.84948459728484,2.2018965534703723,355.9642973857266,380.6103,8.25,356.82781800798,356.82781800798,374.1,148.39062,427.75
2013-04-27 19:00:00,312.6,665.6708141020794,60.25596681602314,1.7495617657132236,477.54303382180376,361.891,27.433333333333334,403.8140222861592,403.8140222861592,483.55,661.96875,531.5
2013-10-17 18:00:00,385.6,1088.9396461714043,37.5446657430656,1.097489557032559,855.0828830917095,598.1594,63.56666666666667,622.3591739852642,622.3591739852642,685.15,569.21875,744.0
2013-08-09 19:00:00,104.5,655.327158610772,60.3721405123418,1.7557406819818175,469.7461769804333,44.0961,98.73333333333332,121.89134909957392,121.89134909957392,140.5500025,266.8125,515.5
2013-10-15 15:00:00,384.6,1299.1012614336178,18.74985909197372,0.9193504497254832,1048.4534826209908,459.6943,100.0,396.8242711952096,396.8242711952096,477.475005,544.71875,1070.5
2013-10-02 15:00:00,909.8,1247.862141346087,23.6202787240283,0.9500946516655224,1002.235182988449,1018.8285,0.0,928.5848762867888,928.5848762867888,990.60002,934.59375,1060.5
2013-08-20 19:00:00,417.6,694.9374305564438,58.53695842513827,1.6637046014579235,504.16381467946775,518.7805999999999,0.0,490.2114707387329,490.2114707387329,533.95,687.59375,541.5
2013-02-14 17:00:00,960.4545454545456,1331.2924504125306,17.130885883898546,0.9109964809341692,1075.858121889842,1047.2971,23.08333333333333,969.7488994777328,969.7488994777328,1035.375,998.09375,602.75
2013-07-05 12:00:00,257.90909090909093,353.76596004564226,74.40803748768789,3.192718284347897,213.93450229746804,163.74339999999998,52.083333333333336,191.44243686778051,191.44243686778051,226.65,44.65625,259.375
2013-11-04 11:00:00,414.8888888888889,590.4506729284328,64.7848159330585,2.034219591731516,408.5631354756004,369.011,42.583333333333336,379.3890098042137,379.3890098042137,414.400005,165.53125,375.125
2013-09-26 19:00:00,248.0,813.3888322597358,53.18338541339878,1.4504135690062885,607.2568107245525,444.8936,66.23333333333333,459.7972770331462,459.7972770331462,574.85,762.125,667.75
2013-10-09 19:00:00,471.3333333333333,848.0052047729399,51.67084044967838,1.4017428949488713,637.3668539708822,297.5112,36.56666666666667,411.9462607091634,411.9462607091634,534.4,701.71875,557.25
2013-07-18 15:00:00,620.7272727272727,881.7891210438593,48.002872424818776,1.299737045855192,672.3141473283192,696.6648,0.0,641.2001565446278,641.2001565446278,694.47502,597.34375,744.5
2013-03-26 11:00:00,26.545454545454547,312.7235846400335,76.76394314512359,3.72456202493688,178.5230162347889,16.8083,100.0,61.35125567570688,61.35125567570688,96.35,8.5625,55.859375
2013-07-04 13:00:00,416.0,578.0478788246871,63.94694712653117,1.973877240302287,403.0011532679623,375.826,7.133333333333334,381.682114876849,381.682114876849,411.175005,236.53125,486.0
2013-04-04 20:00:00,39.27272727272727,537.9376877146094,66.67975621485496,2.186978245149666,365.3071899099807,28.762600000000003,94.25,114.30282589630885,114.30282589630885,70.850002,499.3125,399.625
2013-04-05 13:00:00,633.6,830.2510042713079,52.31415724722068,1.4219198220182576,622.2823441266631,600.8887,2.65,578.864661478958,578.864661478958,639.05,413.6875,711.5
2013-03-22 19:00:00,323.1,872.771936360831,50.38844684094815,1.3636764333250255,659.4695397322056,517.2023,70.71666666666667,512.9446984236118,512.9446984236118,662.2250200000001,346.875,588.25
2013-05-06 19:00:00,297.0,622.5391190691621,62.22021362609216,1.861272135375347,440.23468233554064,453.6392,0.0,431.3969710013121,431.3969710013121,469.80001,592.4375,507.25
2013-09-22 11:00:00,239.22222222222223,392.2718181346025,73.16254388518738,2.969481410520665,243.18255732979875,56.9568,100.0,101.86686824288468,101.86686824288468,194.1,22.1875,263.5
2013-02-03 18:00:00,620.4545454545455,1235.3391856425017,27.94827679959488,0.985342648235499,986.7442766719064,523.9953,81.2,532.5861040644845,532.5861040644845,604.75,602.03125,503.375
2013-08-26 14:00:00,689.0909090909091,943.908166833772,45.0079118720542,1.2303110489604103,726.8668920303375,776.4507,0.0,699.2039853836089,699.2039853836089,755.9750200000001,577.0156,813.5
2013-01-03 13:00:00,429.4,1076.9957659886134,39.99684280074657,1.1357622161369971,840.8986363239216,428.1021,100.0,441.5474705524372,441.5474705524372,566.47501,414.09375,918.25
2013-02-13 17:00:00,994.2727272727273,1333.4426029154497,16.900771865869764,0.9098800367125212,1077.7868587606936,1089.1626,0.0,995.623521053174,995.623521053174,1078.275,1084.5,917.25
2013-02-18 14:00:00,114.1818181818182,1174.6083886370063,32.37955172805265,1.0305589031951403,931.7335930805344,309.78020000000004,100.0,295.1018181781907,295.1018181781907,374.725,153.75,822.5
2013-03-08 16:00:00,655.1,1299.632880356797,19.557990836520343,0.9238552582085364,1048.1351652892856,713.2176,26.35,764.3191862853794,764.3191862853794,744.75001,780.0625,1036.0
2013-01-05 17:00:00,932.6363636363636,1359.6588925682836,14.71197698207516,0.9001146778420346,1100.6863207100805,755.7456999999999,36.5,783.7513536690649,783.7513536690649,898.12501,865.25,1105.5
2013-02-28 17:00:00,960.4545454545456,1291.814953301816,21.10233109939448,0.9331073623319838,1040.309697986734,989.8558,0.5,945.2094401131988,945.2094401131988,848.275,1024.75,1046.5
2013-01-29 11:00:00,183.0909090909091,473.6179966454967,70.23310353505452,2.5529232119347465,307.92572618123427,216.2965,100.0,230.40447831746476,230.40447831746476,284.1000025,49.375,153.875
2013-10-29 10:00:00,178.66666666666666,263.29455749285904,79.01696366046876,4.431512326748929,139.5553392271352,86.036,13.816666666666666,112.48626268904924,112.48626268904924,143.825,5.96875,113.15625
2013-04-30 14:00:00,560.2727272727273,907.2553754433663,47.3729218220517,1.2841996007957892,693.2613549382373,378.1632,91.53333333333332,406.66394282886233,406.66394282886233,398.925,288.71875,697.75
2013-10-31 16:00:00,970.8888888888888,1351.4449861197843,12.328342653597613,0.8911761540620587,1095.599946653941,966.6718,100.0,854.1433731676129,854.1433731676129,972.35001,1073.1562,1136.5
2013-02-27 14:00:00,451.45454545454544,1150.881491913529,33.82252114796961,1.047574909596237,910.5499441468006,423.6193,89.61666666666666,437.3472463928944,437.3472463928944,563.725,641.0,959.25
2013-08-18 17:00:00,721.7272727272727,1001.3941980798912,41.16930139880008,1.1557817240991335,779.562042506711,803.3039,0.0,733.3098528704805,733.3098528704805,813.925,858.9375,860.25
2013-04-30 18:00:00,370.45454545454544,849.5105737058018,50.64525461879208,1.3710791674184852,641.2292985513386,388.615,100.0,397.01863570954174,397.01863570954174,416.725,538.875,663.75
2013-04-07 12:00:00,155.0,574.3570194339472,64.95109160180439,2.046684553553432,396.81322047603015,144.0059,95.48333333333332,192.99092433345203,192.99092433345203,271.0250025,157.5,458.125
2013-02-01 12:00:00,509.8181818181818,758.8131199833597,57.16017167554404,1.6017486070147124,555.0397942196065,466.8287,24.73333333333333,487.7844841610128,487.7844841610128,533.350005,279.21875,644.75
2013-01-04 21:00:00,114.8181818181818,512.0014706187486,68.64134837930877,2.373945095796393,339.96735124012287,135.99190000000002,93.26666666666668,179.37231950184162,179.37231950184162,350.0250025,386.875,330.25
2013-01-10 13:00:00,903.1,1063.1931414610342,40.835775777118826,1.1499665488503004,828.3808268094745,691.0014,29.23333333333333,702.0091303373065,702.0091303373065,789.325,356.90625,655.75
2013-09-22 16:00:00,187.11111111111111,1220.831691296621,25.64740222781689,0.965600429315923,978.1521281566328,502.3191,100.0,469.1710795726484,469.1710795726484,514.875,598.09375,1060.0
2013-04-10 12:00:00,396.0,564.8583593519453,65.3485399403679,2.0771732784425194,388.7823712776829,281.47009999999995,69.1,306.00108313071024,306.00108313071024,349.975005,137.03125,449.75
2013-09-11 15:00:00,765.0909090909091,1143.2293294508738,31.86018655842421,1.0247258895886011,907.6515957786792,869.2479000000001,0.0,831.0184552147143,831.0184552147143,828.425,829.1875,944.0
2013-09-08 20:00:00,237.0,499.8766159581953,68.16274186441171,2.325218433888803,333.84999469368023,320.4694,2.066666666666667,322.3182764395909,322.3182764395909,372.150005,442.78125,300.75
2013-04-16 17:00:00,787.1818181818181,1058.0640318460771,38.37958656058362,1.1100014666137683,829.2860906406881,848.3497000000001,0.0,774.3042447849753,774.3042447849753,857.175,870.40625,879.5
2013-11-07 13:00:00,822.7777777777778,1103.8697113095463,37.30960232908497,1.0940591339476986,867.2520763863812,798.4946,70.83333333333333,735.6820690621624,735.6820690621624,865.10001,632.6875,870.25
2013-09-12 15:00:00,726.0909090909091,1148.6279279023884,31.47300700387255,1.0204743484942287,912.5314088300918,830.5721,0.0,821.7818131880019,821.7818131880019,827.05,826.9375,961.5
2013-07-25 14:00:00,584.9090909090909,793.6100739140556,53.033289374252966,1.445388634495604,592.8995133244563,632.7240999999999,9.0,579.0503855549861,579.0503855549861,619.4,469.23438,689.0
2013-07-16 12:00:00,156.0,364.9293517942667,73.9193197452578,3.101135051966853,222.93283057892512,68.0699,93.28333333333332,110.44863105499934,110.44863105499934,161.325,32.3125,294.625
2013-04-12 14:00:00,157.72727272727272,988.930584468934,43.02470935249672,1.1899826751446574,766.0088375371657,179.9528,100.0,203.96733363091573,203.96733363091573,254.525005,319.0625,748.5
2013-08-08 20:00:00,216.63636363636363,410.6570175531408,71.9467522481524,2.7805015861990783,260.0788945123431,175.85690000000002,38.2,222.36508454530207,222.36508454530207,264.175,423.625,294.25
2013-11-10 10:00:00,192.22222222222223,296.9564253277092,77.66157091301051,3.97744698144342,165.037986123598,128.8874,24.816666666666663,145.62815412286557,145.62815412286557,155.82500375,13.125,141.4375
2013-02-18 12:00:00,60.90909090909091,710.8499886685702,59.26377733006584,1.6987772929354628,513.3392285306545,127.9029,100.0,191.96102418495136,191.96102418495136,281.4250025,65.0625,320.625
2013-09-10 19:00:00,448.3,766.1427170132526,55.28481561699754,1.525736628232386,566.1455985398388,548.9259999999999,0.0,531.503424772749,531.503424772749,557.475,778.375,625.5
2013-05-17 13:00:00,209.1,666.128933615441,59.92320699490714,1.732138996735093,478.9545217233903,190.5296,100.0,233.77684838354656,233.77684838354656,305.8666733333334,239.15625,250.875
2013-10-28 21:00:00,56.6,316.7351795670971,76.74404329734814,3.71932038663021,180.91424708881,16.602899999999998,97.0,64.25641780414202,64.25641780414202,2.7,261.96875,262.75
2013-02-25 15:00:00,108.0909090909091,1287.267341608257,21.82019600186132,0.9377044591840624,1035.8972913046784,407.1944,78.23333333333333,390.7683850546785,390.7683850546785,499.675,258.875,802.5
2013-05-23 20:00:00,166.54545454545453,318.98610597095035,76.08105926161947,3.5527927167415028,185.4817536190425,157.8568,46.05,171.88320568355667,171.88320568355667,222.675005,365.1875,241.3125
2013-10-04 18:00:00,580.7,1052.6679051917918,39.46371859006511,1.1270402318646904,822.9674775227951,272.6295,100.0,285.5685517415451,285.5685517415451,350.725005,609.1875,841.5
2013-01-06 11:00:00,360.3636363636364,547.1620603164885,67.09200079896169,2.223599450194458,369.924237160574,281.0733,45.03333333333333,315.2117013024197,315.2117013024197,361.075,67.09375,324.875
2013-11-10 17:00:00,325.3333333333333,1296.1771413707108,21.138599940681164,0.9333350387679844,1043.7851541428693,469.1861,97.5,420.648862638963,420.648862638963,599.8,947.96875,1118.0
2013-03-03 17:00:00,402.3636363636364,1281.086270874869,22.099766213989685,0.9395470055339517,1030.6244736861056,479.1653,100.0,430.74855815876185,430.74855815876185,538.27501,675.96875,1010.5
2013-01-08 21:00:00,340.0,517.0114679263406,68.41679565737176,2.3508142701272243,344.2404194375307,30.579600000000003,100.0,105.91604809964008,105.91604809964008,214.2,435.5,99.5
2013-03-03 12:00:00,165.8181818181818,674.9676402320899,60.78014092099009,1.7778469031176125,482.4433091273464,150.236,100.0,207.5057786097683,207.5057786097683,302.12501,70.46875,542.75
2013-07-30 20:00:00,173.0909090909091,383.3826893252865,73.13383581672835,2.9647130249092366,237.7990719499805,247.5684,2.533333333333333,232.64542452719,232.64542452719,278.2750025,438.28125,255.3125
2013-01-27 11:00:00,130.1818181818182,480.2298852036278,69.95609230440468,2.519745384930925,313.4364385479064,94.3697,100.0,140.49350641900014,140.49350641900014,229.4250025,58.53125,333.875
2013-07-12 14:00:00,240.8181818181818,759.6550701645274,54.76813922254895,1.5063155572853184,562.8299564089713,373.6902,84.51666666666667,387.78991734647127,387.78991734647127,446.825,74.5,607.25
2013-02-03 13:00:00,420.9,1009.2791300143303,43.80339957260772,1.2053275810431403,780.0251378957893,420.0187,82.95,459.45006465360177,459.45006465360177,484.950015,334.375,810.0
2013-03-24 14:00:00,759.7272727272727,1068.0831158890128,38.63587678218693,1.1139470828060047,836.6465466470562,472.349,96.01666666666668,480.2093213052593,480.2093213052593,533.550005,423.125,910.5
2013-08-05 14:00:00,600.7272727272727,836.327757623449,50.8188966082733,1.376145776557583,630.8323140689879,673.3945,0.0,613.501030499652,613.501030499652,658.15001,495.8125,725.25
2013-08-11 19:00:00,439.8,662.5217148197489,60.03798631673852,1.7381029867464144,475.9915936894196,518.8480999999999,0.0,474.5081551975983,474.5081551975983,532.05,683.125,536.5
2013-10-22 20:00:00,174.33333333333334,607.3613041441242,63.82879708872056,1.96568587599317,423.8725394018812,29.7682,100.0,112.52051913820937,112.52051913820937,193.725,556.3125,541.75
2013-03-11 18:00:00,484.7272727272728,1127.2325964295403,35.057501782151014,1.063132379460073,889.7392071711774,452.8913,62.333333333333336,513.1749676692243,513.1749676692243,533.62501,673.25,905.75
2013-08-29 17:00:00,480.45454545454544,1052.730112418121,38.05843465664871,1.1051274990972657,825.7059857532091,433.9363,100.0,439.3515851184435,439.3515851184435,414.850005,744.40625,629.25
2013-10-30 14:00:00,589.6666666666666,1252.3260305176912,25.078262715824923,0.961074637666972,1004.0946114379544,969.3693,2.4833333333333334,918.255767138638,918.255767138638,988.42501,803.75,1016.0
2013-01-04 16:00:00,780.6,1404.8172906467942,2.149610468658933,0.871308069160327,1142.5106291820678,701.3331999999999,100.0,581.2403044750365,581.2403044750365,762.57501,817.84375,1180.0
2013-08-31 12:00:00,392.54545454545456,547.9135509325099,65.83261311648957,2.1156839043629665,375.3365404775856,410.4355,0.0,375.8420803716896,375.8420803716896,405.32501,161.5625,452.625
2013-01-19 12:00:00,120.9090909090909,795.365843139305,55.48035581981481,1.533249936029861,587.1440518476976,164.47269999999995,74.31666666666666,260.1603177168382,260.1603177168382,323.125005,56.625,183.125
2013-05-22 13:00:00,189.9,648.5009226026575,60.7345498677433,1.7753448321766692,463.6756074674142,222.4872,100.0,251.47457292151572,251.47457292151572,328.15,144.875,392.25
2013-08-23 17:00:00,264.09090909090907,1024.7132452012786,39.77131040543991,1.132044159666405,800.5182816846182,380.8777,79.53333333333333,425.5675065381338,425.5675065381338,347.6,849.84375,859.0
2013-01-06 19:00:00,101.4,1047.4429298201578,41.82769721064353,1.167551877933753,813.9998179517991,63.7976,100.0,76.99316511976781,76.99316511976781,227.025005,419.5,613.0
2013-07-29 17:00:00,610.7272727272727,914.494384714259,46.190677539473285,1.256418851201199,701.5746113031336,704.2568,25.916666666666668,655.8976780145593,655.8976780145593,722.7750100000001,745.6875,738.75
2013-11-30 12:00:00,495.4,890.7999073718311,50.4733974243599,1.366113361911303,672.862165383809,416.6903,95.53333333333332,430.239118508809,430.239118508809,571.07502,192.75,686.0
2013-09-05 20:00:00,245.3636363636364,491.9941243779866,68.48871811127744,2.3581703264412166,327.2962310324025,230.281,38.03333333333333,276.67057871917007,276.67057871917007,303.675,566.84375,362.25
2013-01-13 11:00:00,122.54545454545456,525.7937606631772,68.01983709470488,2.311081257828648,351.7536072647637,186.386,100.0,211.56690072179487,211.56690072179487,246.775,60.4375,236.125
2013-03-14 21:00:00,11.454545454545457,359.413838234272,74.84596555338842,3.2796121205927524,215.2837610095789,20.2584,100.0,73.68085573614141,73.68085573614141,6.05,158.3125,174.375
2013-08-31 19:00:00,442.0,733.3948227415761,56.77033889150558,1.585193452123863,537.6334331779368,531.6979,0.0,510.9318302421458,510.9318302421458,566.5,750.28125,592.5
2013-08-26 17:00:00,738.0,1038.7431775462192,38.91828032810699,1.1183531963452558,813.1304433349106,858.5682,0.0,770.8134229186509,770.8134229186509,851.525,884.21875,888.25
2013-03-11 16:00:00,491.6,1287.9556099130862,20.72492888389409,0.93076685852241,1037.5845395044164,614.9994,35.483333333333334,674.1800290063695,674.1800290063695,587.57501,714.125,1078.5
2013-02-19 19:00:00,67.7,1013.012845290381,43.22749000581435,1.1939199030807384,784.2120254565883,67.5636,100.0,87.05498199955707,87.05498199955707,292.325005,494.5,677.5
2013-04-04 13:00:00,312.8,833.9151630550523,52.1438792290606,1.416505810145219,625.4964778026344,519.1968,20.716666666666665,544.2511088451149,544.2511088451149,462.175,308.0625,706.75
2013-09-28 20:00:00,172.0,548.9369636420421,66.17375357688864,2.1437768923995963,374.7456150295554,85.39370000000001,97.31666666666666,149.1160068752585,149.1160068752585,303.3750025,579.28125,459.625
2013-01-15 17:00:00,1033.4545454545455,1361.728879537662,14.163944658624214,0.8979060852761255,1102.7504845609994,1029.6887,44.083333333333336,951.0343895902964,951.0343895902964,1058.5,990.375,685.5
2013-01-24 12:00:00,534.3636363636364,781.4383924807349,56.12929333937674,1.558851809068465,574.8778441833697,523.8956999999999,3.4833333333333334,525.1059974121295,525.1059974121295,563.5,320.71875,656.25
2013-05-06 15:00:00,711.8181818181819,982.0239503961644,42.67512153305896,1.1832900083146352,761.403081011519,789.1663000000001,0.0,719.5021486995073,719.5021486995073,777.0250100000001,644.0625,834.25
2013-08-14 15:00:00,735.7272727272727,991.6502404859256,41.69747363245298,1.165192740024542,770.9086703424744,814.8904,0.0,734.0372714166931,734.0372714166931,796.2750100000001,641.2344,854.5
2013-02-11 12:00:00,156.45454545454547,730.4758504240293,58.41520274489111,1.6579953183282037,530.3450302492066,149.9623,96.75,214.97994846209724,214.97994846209724,285.20001,178.0625,549.25
2013-05-09 15:00:00,718.8181818181819,968.1419000709096,43.461336726085534,1.198511347430904,748.9744700759812,774.4446,0.0,707.8647403091355,707.8647403091355,765.82501,675.65625,815.25
2013-08-28 14:00:00,702.1818181818181,955.2850586721976,44.36937502878494,1.216872822810364,737.059453027472,778.3674,0.0,704.2775392701478,704.2775392701478,759.25002,603.2031,784.5
2013-05-06 13:00:00,496.8,708.2161752343028,57.97980606013825,1.6379536047212924,515.5465826053556,414.9494,15.75,451.7343000430998,451.7343000430998,474.625,299.90625,576.75
2013-11-24 20:00:00,321.44444444444446,699.9567709213205,59.93352200915148,1.7326730235619558,503.2421693286007,342.2448,27.85,403.26114363279993,403.26114363279993,520.350005,477.21875,499.625
2013-08-28 19:00:00,407.3,723.1193304942674,57.240405595002805,1.6052079186829664,528.6877187586018,380.6356,100.0,375.8377431726643,375.8377431726643,485.175,696.40625,543.5
2013-02-10 11:00:00,287.8181818181818,434.5444240868144,71.85273607365488,2.7669199620311216,275.6341278834236,266.3123,0.0,265.58491733502274,265.58491733502274,246.350005,51.09375,366.5
2013-08-26 11:00:00,133.63636363636363,235.4577149487323,79.84199678181278,4.761733163938589,120.62716658086438,85.9495,33.63333333333333,97.30983335942884,97.30983335942884,134.00000125000005,4.59375,175.625
2013-02-23 11:00:00,72.0909090909091,394.832136346064,73.47171554648504,3.02185422579732,243.33904954193315,61.1522,100.0,104.4873497128316,104.4873497128316,165.1500025,25.21875,316.5
2013-10-08 16:00:00,877.2222222222222,1285.709713888503,19.81104113774666,0.9253128186281664,1036.6674700715623,868.4603000000001,16.75,868.5161486604295,868.5161486604295,921.50002,1030.625,1079.5
2013-11-27 21:00:00,39.8,413.2382759183575,72.81247813223908,2.9123941685584898,257.83003224253326,20.651,97.0,87.15922535776764,87.15922535776764,18.175,173.0625,227.6875
2013-09-27 15:00:00,851.6,1225.0242845341097,25.57625712908288,0.9650271531904252,981.5990319407892,918.3708,0.0,889.1717629588557,889.1717629588557,945.30001,860.375,931.0
2013-07-26 17:00:00,593.5454545454545,903.13925184265,46.828475200803936,1.2711883858934354,691.3990656358628,678.9222000000001,5.433333333333334,642.018911979857,642.018911979857,717.75001,746.9531,713.25
2013-03-11 20:00:00,214.3636363636364,675.2671027790478,60.6353069836488,1.7699262697917335,483.1514832145304,36.6706,100.0,116.33059088054604,116.33059088054604,170.825005,450.09375,475.375
2013-02-05 20:00:00,126.27272727272728,797.0526002555953,55.22768290400721,1.5235585384458463,589.1601039125309,60.9046,100.0,130.6514674379215,130.6514674379215,318.45,495.5625,352.625
2013-01-22 21:00:00,86.54545454545455,522.3074822145585,68.13934504717902,2.322891171152824,348.9278557462062,28.2924,68.01666666666667,142.57464529698746,142.57464529698746,170.77500375,227.78125,243.3125
2013-11-12 20:00:00,438.55555555555554,665.0160163302348,61.43648070256335,1.8147880036893225,473.0755805539596,487.8669,0.0,461.5353259610641,461.5353259610641,516.700005,663.96875,582.25
2013-08-10 18:00:00,606.8181818181819,845.8777868829775,50.366050616042365,1.3630359045543805,639.2055067742543,689.9802999999999,0.0,624.2476572716909,624.2476572716909,687.30002,762.9375,707.0
2013-01-25 20:00:00,80.0909090909091,808.9984150998902,54.75269977864794,1.5057446492057007,599.434978821518,44.3478,100.0,113.9495967414399,113.9495967414399,247.875,513.78125,515.75
2013-03-12 17:00:00,207.0909090909091,1244.3734372478707,25.295364262284448,0.9627848362088612,997.4520837293542,576.6579,81.48333333333333,576.0964623914635,576.0964623914635,638.0666666666667,626.84375,907.5
2013-08-30 14:00:00,388.8181818181818,966.7641034036276,43.71969779398295,1.203648577495228,747.3496604412488,467.5575,95.05,473.9782920330457,473.9782920330457,507.625015,567.8125,679.25
2013-02-10 14:00:00,937.818181818182,1193.3522709418892,31.20299731043041,1.0175575633315654,948.4866667730912,924.1013,0.0,872.1482039435014,872.1482039435014,934.12502,760.5625,991.25
2013-03-03 19:00:00,155.7,968.7934225366998,45.519366675451714,1.241402052830047,744.8375875503353,94.5814,100.0,125.40826626127284,125.40826626127284,288.55,559.4375,658.5
2013-01-24 13:00:00,749.1,1032.7609990878184,42.56049756414495,1.1811214247813449,800.995568523316,762.0514999999999,3.683333333333333,733.0533611868902,733.0533611868902,785.3000099999999,569.5,880.25
2013-09-02 20:00:00,246.1818181818182,483.93173416213006,68.82409608519346,2.393131484750269,320.5979416623009,303.6628,0.0,308.58483531617054,308.58483531617054,335.950005,569.03125,349.375
2013-06-02 15:00:00,610.1818181818181,878.9796314711286,48.316934280574415,1.3076833747783807,669.4170414971328,699.8992,0.0,641.4470135735488,641.4470135735488,688.30001,591.84375,731.0
2013-08-28 11:00:00,141.27272727272728,246.06990427870323,79.38924547132586,4.574756033922833,128.51019243199733,108.812,32.8,110.95527795751002,110.95527795751002,132.5250025,6.21875,178.625
2013-08-21 16:00:00,737.3,1062.0120507014842,37.12723796345709,1.091425074497153,834.6962359167054,836.4828,0.0,773.4512675023988,773.4512675023988,850.20001,819.09375,902.25
2013-10-29 21:00:00,78.5,319.6665484002517,76.62586219777916,3.68849429966046,183.19070990394104,16.212300000000003,100.0,62.21734412024964,62.21734412024964,96.97500275,407.8125,257.125
2013-10-25 16:00:00,252.0,1337.4863351972476,14.128920375660774,0.8977680902867339,1083.142325887142,619.4171,86.31666666666666,567.9418253988608,567.9418253988608,764.375,802.65625,1104.5
2013-11-09 19:00:00,486.1111111111111,925.7274224574996,48.2080523813453,1.3049130966890403,705.29637087783,699.1546,0.1833333333333333,658.0408967872538,658.0408967872538,711.125,825.5625,802.5
2013-02-11 14:00:00,913.181818181818,1191.1210934774626,31.34527701790313,1.0190896499441082,946.4910189444676,758.7572,79.06666666666666,726.6131197745457,726.6131197745457,840.95001,528.8125,990.0
2013-05-21 18:00:00,476.1818181818182,759.4739424812752,55.08962038699596,1.518326782516684,561.7804761484189,395.1511,100.0,389.2627149179501,389.2627149179501,416.875,642.25,581.25
2013-03-07 18:00:00,740.0909090909091,1145.358097692651,33.89899978196117,1.048511067175957,906.0511267146024,872.3119,44.36666666666667,808.0548422297392,808.0548422297392,883.92501,766.5,560.25
2013-10-09 12:00:00,408.2,773.5102715675359,55.54926737781862,1.5359195822911298,570.8044783243362,482.564,9.533333333333331,508.84465090124047,508.84465090124047,491.25001,339.0625,574.75
2013-10-29 17:00:00,942.7777777777778,1271.6522812351916,23.050526679324207,0.946036741771006,1021.9925647729368,1011.9392,29.85,928.0184513085812,928.0184513085812,1016.60005,993.25,1083.0
2013-08-17 19:00:00,428.9,684.1668557587535,59.03475207554416,1.6875388686137007,494.7979174604623,510.8006,0.0,482.4027977934091,482.4027977934091,539.9000100000001,696.8125,550.0
2013-08-01 16:00:00,665.5,967.6644515761632,42.95454403148197,1.1886298062794312,749.6844857288598,530.1968,69.05,546.3994515491723,546.3994515491723,468.075005,613.4219,792.25
2013-04-19 11:00:00,124.0909090909091,250.4962433234125,79.28647827385295,4.534310016111999,131.36863603593142,95.4859,36.18333333333333,109.455874347699,109.455874347699,140.425,4.8125,158.4375
2013-01-08 11:00:00,364.1818181818182,541.2081873259913,67.35204621966987,2.2473912823608484,364.8483821461323,385.4704,0.0,360.8908826420429,360.8908826420429,361.950005,118.25,416.75
2013-10-11 18:00:00,147.9,1072.7973795540247,38.399176384831925,1.110301288145815,840.7961458876484,183.1697,100.0,187.54797694233596,187.54797694233596,302.975,480.3125,703.5
2013-05-20 18:00:00,528.5454545454545,762.8042030262901,54.92960385793308,1.512318560838956,564.7032420654419,550.1888,64.83333333333333,527.3641536255005,527.3641536255005,599.5000266666667,544.9375,637.0
2013-07-31 17:00:00,633.0909090909091,922.382495328769,45.74548077802374,1.2464009270448373,708.6453772364629,734.3282,2.2666666666666666,672.8599882899297,672.8599882899297,735.12501,747.3125,751.5
2013-07-06 17:00:00,501.8181818181818,846.3816802074531,49.98120602844336,1.352154293962037,640.5620393709621,535.2028,100.0,501.5510835604152,501.5510835604152,478.65,633.4219,709.25
2013-08-12 16:00:00,761.5,1017.3887236662392,39.94655490726512,1.1349295563611927,794.4565157764963,827.2837999999999,0.0,749.6100878590158,749.6100878590158,823.85001,797.7969,877.25
2013-02-13 19:00:00,720.3,1029.3410374295424,42.38753153573654,1.1778729033482371,798.7227321509663,813.0923,0.0,747.3068767432515,747.3068767432515,813.90002,812.28125,517.25
2013-02-17 17:00:00,975.818181818182,1324.3111815125103,17.86907369063701,0.9146962357347188,1069.5880739963443,1060.2868,5.1,981.6710589206608,981.6710589206608,1057.850025,1052.6875,1027.0
2013-02-07 14:00:00,605.6363636363636,1199.8647233033978,30.78352946091293,1.0131034849617662,954.314707399778,597.87,97.25,582.7272440208717,582.7272440208717,655.92503,632.65625,800.75
2013-02-05 16:00:00,1023.4,1381.6702183081943,8.64849733385996,0.8806682267478315,1121.9918490567068,925.9301,96.5,826.9297457852224,826.9297457852224,986.075,678.0625,609.25
2013-10-12 17:00:00,346.22222222222223,1226.9463587840676,26.386778382809915,0.9716876354969666,982.119881992753,544.2775,84.76666666666667,541.5049527935342,541.5049527935342,624.95001,444.125,839.25
2013-08-29 11:00:00,146.45454545454547,251.4725173416577,79.15882438083861,4.485040462624033,132.55331725563047,90.8811,69.23333333333333,106.97614974464416,106.97614974464416,138.4,5.25,132.5625
2013-07-02 18:00:00,493.9090909090909,724.5756074370859,56.59509042731025,1.5778850633189567,531.6875831471758,587.6425,0.0,529.9975797520952,529.9975797520952,585.10004,670.375,600.5
2013-11-20 13:00:00,880.3333333333334,1118.1656368606766,36.73149453248451,1.0857898705839168,879.5741260195248,624.8974999999999,30.466666666666665,679.1222217226498,679.1222217226498,700.45001,494.90625,901.0
2013-03-05 12:00:00,470.45454545454544,669.4820830491403,61.00888460868983,1.7905241305836437,477.7407134183569,415.8496,17.55,432.4744055875464,432.4744055875464,478.86667333333327,185.78125,566.25
2013-04-26 14:00:00,614.8181818181819,925.4415600341214,46.41945833046319,1.261659328978011,709.4396380609328,634.3367999999999,100.0,582.3324374383742,582.3324374383742,663.45002,543.03125,766.0
2013-01-06 13:00:00,337.9,1071.2185657092016,40.35317257432833,1.1417225928410857,835.6505668523524,191.1913,93.21666666666668,215.26757124688368,215.26757124688368,368.05001,329.59375,865.5
2013-03-20 11:00:00,234.3636363636364,327.77921086036014,76.1615626238688,3.5722076994471097,190.1967868736008,200.5318,9.05,182.41868685986788,182.41868685986788,204.075,14.4375,272.125
2013-11-10 19:00:00,56.66666666666666,928.2174739435468,48.09232859665499,1.3019866605286945,707.4871632741279,153.31109999999998,100.0,198.34080096944035,198.34080096944035,386.400005,735.78125,708.25
2013-10-16 21:00:00,123.8,284.0070855435821,78.05905476144575,4.100727863282383,155.8095718542665,23.5657,89.18333333333334,67.8442398230165,67.8442398230165,127.475,305.53125,196.4375
2013-04-28 18:00:00,588.3636363636364,859.9408171678066,50.11502682566744,1.355911531092031,650.4811634553179,633.7885,5.7,604.9596256745562,604.9596256745562,608.475,554.625,683.5
2013-01-20 20:00:00,185.0,810.1038143605684,54.73954878950302,1.5052587872584715,600.2936176483048,88.9501,100.0,155.87094919127355,155.87094919127355,372.550005,339.5625,320.875
2013-09-02 12:00:00,365.54545454545456,559.5746958937985,65.3107643015745,2.0742325256325747,385.2855173347572,412.9017,0.0,383.826432823954,383.826432823954,398.8,173.01562,448.5
2013-02-04 16:00:00,918.5,1383.1877524151137,8.349284276544697,0.879983406189466,1123.3477980082714,943.9018,6.883333333333334,937.6375471537792,937.6375471537792,831.875,911.3125,1070.5
2013-07-23 20:00:00,218.8181818181818,363.0427059237215,74.02522400635604,3.120521771232108,221.30383624412644,227.7012,65.41666666666667,226.37706031181443,226.37706031181443,271.625,448.875,258.75
2013-10-22 18:00:00,361.3,1101.692343537677,36.86711662069829,1.0877086879178983,866.366203769125,630.6666,86.3,620.0147480806485,620.0147480806485,809.77502,985.625,965.25
2013-11-21 12:00:00,653.2,891.0132895122356,50.32678463915085,1.36191484898194,673.4187441117514,666.2361,4.216666666666667,629.3790712601889,629.3790712601889,680.4000100000001,261.4375,658.5
2013-11-20 11:00:00,429.44444444444446,615.5541278289678,63.81956664899005,1.9650491161191408,429.6245387028733,255.0666,73.7,291.62186841478734,291.62186841478734,363.57501,120.03125,416.0
2013-11-04 19:00:00,620.7777777777778,913.2717505455288,48.78096882625315,1.319676021626867,694.3538845676757,704.9899,7.466666666666667,654.5496777195311,654.5496777195311,717.95001,815.5,697.25
2013-01-01 19:00:00,64.41666666666667,1041.1530791921043,42.22115778241511,1.1747750109740709,808.2550197974151,102.2192,100.0,118.83979762944637,118.83979762944637,355.750005,254.75,481.375
2013-10-01 20:00:00,327.77777777777777,556.0295283924249,65.89018485727762,2.120368455039312,380.6773391100271,384.2779,0.0,371.91028550590113,371.91028550590113,413.77501,611.3125,484.5
2013-08-06 14:00:00,571.0,840.7658253737554,50.58623622674281,1.3693683999683517,634.7802536628019,627.4702,6.5,594.8422157904874,594.8422157904874,643.3666666666667,491.35938,712.75
2013-07-25 16:00:00,674.1,940.2171138115854,44.566123420964686,1.2209660623158909,725.0036316626531,737.5319,45.23333333333333,682.2665062659246,682.2665062659246,758.425,731.5625,810.5
2013-03-06 21:00:00,82.45454545454545,401.4770162730663,73.09434931121693,2.9581800819208603,249.2050355910933,22.4539,94.28333333333332,88.91412677761673,88.91412677761673,103.5000025,290.75,227.625
2013-01-24 19:00:00,711.9,1055.613216930031,41.16111668624031,1.1556378496012734,821.7876990503239,701.7947,33.233333333333334,701.5995658105778,701.5995658105778,829.57501,932.03125,746.75
2013-06-07 13:00:00,414.1,602.4756673044315,62.8441026191425,1.900258634187528,423.9426693343625,414.9159,11.75,408.29980415339327,408.29980415339327,441.02501,251.6875,446.5
2013-02-05 21:00:00,88.0,505.9540716485614,68.7753034342855,2.3879765338498937,335.3924892538023,29.163,100.0,103.1593349569273,103.1593349569273,106.300000075,344.21875,152.75
2013-06-03 13:00:00,412.0,612.2042519098608,62.399412052221386,1.8722841134865664,432.3200187331153,421.5904,7.116666666666666,415.22634502706063,415.22634502706063,448.750005,234.0,477.25
2013-03-26 17:00:00,256.8181818181818,1175.712976568504,30.59242779256267,1.0111050541009343,935.3925980998608,535.045,66.88333333333334,571.5915421916577,571.5915421916577,688.27501,617.28125,523.0
2013-10-02 20:00:00,254.22222222222223,558.394574918076,65.79570159335698,2.112692339324757,382.6568531680672,53.3083,93.03333333333332,135.12097975498125,135.12097975498125,368.875005,615.875,470.375
2013-08-16 16:00:00,769.3,1036.91411616379,38.72848275076597,1.115385139784251,812.0573922899646,833.4150000000001,0.0,760.0039369371814,760.0039369371814,817.5250100000001,815.84375,887.25
2013-10-09 17:00:00,738.0,1217.6998041107208,27.057556194431168,0.9774181539230582,973.8506371429568,882.8455,0.0,871.911618893445,871.911618893445,887.2,1026.3125,1028.5
2013-04-24 17:00:00,733.4545454545455,1013.1942969365256,41.066735985778514,1.1539830567321208,788.9571735459919,824.6815,12.65,745.5271541673297,745.5271541673297,813.87502,844.75,855.75
2013-08-06 16:00:00,621.7,989.4155656951232,41.6540827466068,1.1644101096738138,769.2598854689587,752.6208,65.66666666666667,692.807080903529,692.807080903529,759.60001,751.7969,833.25
2013-03-09 19:00:00,591.3,941.4240792604296,46.92666073221859,1.2735069175382965,720.46924830818,535.1474000000001,45.68333333333333,565.5868935718519,565.5868935718519,685.025,613.5625,472.875
2013-01-04 14:00:00,689.2727272727273,1257.7407722641087,26.533213850612537,0.9729215703273956,1006.5763326358276,668.7127999999999,92.06666666666666,647.3131795596557,647.3131795596557,737.12501,593.59375,1028.0
2013-03-21 16:00:00,942.7,1244.7000011970435,24.663172836859097,0.9578597450148344,998.481458953294,999.8427,10.916666666666666,919.56713705388,919.56713705388,1008.50002,638.28125,1029.0
2013-02-19 17:00:00,130.45454545454547,1319.2107120797104,18.398881499709947,0.9174642114368268,1065.0011952632483,387.6547,100.0,320.07730610309204,320.07730610309204,506.07501,499.71875,1031.5
2013-10-20 13:00:00,803.2222222222222,1055.6305182256829,39.87994058651864,1.1338297794336152,824.4530113724995,856.4286,0.0,776.0945099381734,776.0945099381734,835.45002,624.71875,856.75
2013-05-10 19:00:00,305.1,605.6171745007448,62.98307574243972,1.909195700793268,425.6716950340738,249.2129,100.0,266.4736664696207,266.4736664696207,304.0500075,602.4375,475.5
2013-04-16 18:00:00,654.9090909090909,926.8160463845934,46.63262402165665,1.2665996822901493,709.9907683115192,729.6425999999999,2.8833333333333333,671.7843817453571,671.7843817453571,744.97501,808.9375,757.0
2013-04-05 14:00:00,808.9090909090909,1019.4339014626024,41.35494039212144,1.1590609385364572,793.2225026693473,795.7013000000001,0.0,737.0445851888785,737.0445851888785,808.1750099999999,628.46875,881.5
2013-02-04 15:00:00,945.4545454545456,1334.4728135451903,17.33956792525224,0.912024029451854,1078.252318063829,708.7238,37.0,748.0903307591416,748.0903307591416,842.3,750.0625,996.25
2013-03-03 13:00:00,372.0,936.6349364404284,47.35842642532564,1.28384824807291,715.7470111167773,318.3993,100.0,348.85186951521484,348.85186951521484,458.525005,183.46875,767.25
2013-02-03 11:00:00,57.81818181818182,457.16133654149087,70.91874879776607,2.639142700033369,294.26700145323525,24.7903,100.0,92.81949168761024,92.81949168761024,156.1500025,36.34375,302.625
2013-03-30 16:00:00,768.5,1200.9016473624747,28.207566768803684,0.9877186126874922,958.8840236555786,963.9977,2.933333333333333,886.5153407942505,886.5153407942505,963.725,896.78125,1012.75
2013-05-08 19:00:00,399.5,613.8907946412294,62.61065629529565,1.8854563059481144,432.7863049564753,458.4711,0.0,428.6841559467707,428.6841559467707,468.37501,619.8125,507.25
2013-04-05 18:00:00,732.3636363636364,991.3962708828394,43.11476170432908,1.191726110560529,767.7233911429418,771.77,0.0,715.7888627921117,715.7888627921117,794.20001,882.59375,823.0
2013-02-13 14:00:00,902.0,1186.5653284439593,31.633752790429064,1.0222295291411183,942.4175798042932,950.7762,8.366666666666667,871.5203019722619,871.5203019722619,935.625,742.5,983.25
2013-05-13 17:00:00,466.6363636363636,918.4812113702272,46.38207457431591,1.2607986651455243,704.1907234241587,516.2767,80.5,514.9899177600962,514.9899177600962,496.800005,439.875,759.5
2013-10-30 12:00:00,470.0,856.0906152104158,51.74538565030879,1.404042662794125,643.2387187845014,446.3191,47.4,490.0759685403608,490.0759685403608,566.800005,373.8125,627.5
2013-05-30 17:00:00,266.3636363636364,859.1210678702923,49.503194736299136,1.3389600868921578,651.4097910649709,513.3388,77.11666666666666,502.5588846929006,502.5588846929006,519.05,474.34375,721.0
2013-04-28 12:00:00,315.1818181818182,504.6621338865656,67.89401766140732,2.298785974192412,338.11444986360306,286.6157,100.0,289.1788228799605,289.1788228799605,340.350005,63.25,342.25
2013-08-22 20:00:00,83.81818181818181,452.8318301238098,70.13481513129112,2.541046159257086,294.81960929934115,23.0265,100.0,90.66152824465364,90.66152824465364,101.9,429.04688,292.875
2013-05-31 14:00:00,499.09090909090907,786.2140457406388,53.52461319009183,1.4620051148190734,586.036642266423,490.3037000000001,100.0,465.0998365413253,465.0998365413253,502.875,427.71875,600.25
2013-10-27 13:00:00,710.5555555555555,1078.4209731774874,38.636905909195065,1.1139630276133985,844.7423483350614,616.0208,50.48333333333333,643.9128653028348,643.9128653028348,761.2,416.6875,703.75
2013-04-27 15:00:00,746.4545454545455,1025.6800493491462,40.14263794850445,1.1381881261484608,800.5447032611014,807.3142,7.7,744.024519697869,744.024519697869,807.025,702.53125,851.25
2013-07-10 12:00:00,87.0909090909091,357.1707861969415,74.25898589718952,3.1642053655662665,216.6743678445094,68.4004,72.25,124.32538407986095,124.32538407986095,161.850005,46.875,287.875
2013-04-27 17:00:00,686.2727272727273,996.882403400668,42.01420628882504,1.1709578640286238,774.3205678468671,780.9694,0.3333333333333333,722.1357915407148,722.1357915407148,789.0500099999999,811.9375,827.0
2013-11-13 17:00:00,985.2222222222222,1301.5359991191383,20.70842806288281,0.9306657133853522,1048.5417077442903,1044.9205,1.3666666666666667,966.0914285084503,966.0914285084503,1055.300025,1017.84375,1102.0
2013-01-07 19:00:00,739.5,1048.521538521932,41.75778921576386,1.1662834904934385,814.9898174047261,818.7688999999999,4.383333333333334,756.8278949498921,756.8278949498921,831.375,918.8125,838.75
2013-04-19 15:00:00,780.8181818181819,1065.8320736573914,37.72315872037024,1.1001211557641468,836.6082967247858,845.4187999999999,15.75,775.4832166161432,775.4832166161432,840.37501,680.1875,875.0
2013-03-16 17:00:00,263.09090909090907,1226.0440191595958,26.784604129877803,0.9750620709124228,980.88281965337,429.6222,100.0,397.78986311040126,397.78986311040126,494.00001,649.0625,869.5
2013-07-27 12:00:00,247.54545454545453,389.66493131646473,72.8350534071879,2.9160072345618087,243.02304546056533,209.8325,100.0,218.95670406041884,218.95670406041884,241.9500025,59.78125,263.125
2013-09-04 19:00:00,468.9,746.7860181690618,56.160379280358526,1.5601046092635549,549.2928523370583,480.6429,1.0,496.12677949159934,496.12677949159934,558.6,640.6875,583.75
2013-10-30 21:00:00,144.4,322.62765887288555,76.50641129435685,3.657854738084859,185.49463316275336,62.7186,34.233333333333334,135.47685285879828,135.47685285879828,210.82501,388.90625,221.25
2013-08-24 13:00:00,528.7,749.9359827385955,55.78882993856456,1.5452900882385054,552.7096085957224,488.1386,17.483333333333334,498.7798562458689,498.7798562458689,538.22501,331.625,271.625
2013-01-12 18:00:00,347.45454545454544,1242.146191094034,27.85705029168449,0.9845141990894054,992.30879995994,776.6044999999999,76.83333333333333,750.8545610683384,750.8545610683384,852.95001,943.5,586.75
2013-04-16 13:00:00,560.5,788.3237530212219,54.26300810725775,1.4879134193972534,585.5337017214578,571.7461999999999,6.616666666666666,549.2049816286843,549.2049816286843,602.75001,375.625,638.25
2013-03-27 15:00:00,755.2727272727273,1177.0643632018318,30.42594486474804,1.009379593268088,936.7160794326924,577.4182,80.0,587.1917569229267,587.1917569229267,582.4,404.4375,880.25
2013-03-26 21:00:00,32.90909090909091,291.09965692108983,77.69407941328257,3.987251442071308,161.61598606745588,15.9906,93.26666666666668,61.774227339428535,61.774227339428535,28.1,211.75,106.90625
2013-03-17 15:00:00,239.45454545454547,1219.3071719807865,27.34166314305285,0.97990626602465,974.7596017497076,404.0566,100.0,373.30592743330135,373.30592743330135,496.62501,332.34375,861.5
2013-05-28 17:00:00,611.0,864.5194525069938,49.226524863534806,1.3314818317653148,656.1936348061146,714.3322000000001,2.6666666666666665,642.0967538933338,642.0967538933338,704.875,746.0625,733.25
2013-04-23 17:00:00,726.2727272727273,1018.7076686435652,40.74312828953623,1.1483684105517886,793.9074100094446,829.5636,0.0,750.7235263424524,750.7235263424524,825.10001,851.34375,859.5
2013-02-16 15:00:00,1027.7272727272727,1310.345645098945,19.72187457298853,0.9247966430606488,1056.617606389508,1054.6875,26.266666666666666,963.1214210867736,963.1214210867736,1047.250035,715.09375,1120.5
2013-11-29 19:00:00,66.22222222222223,974.877969955738,45.83675944674685,1.248435787397854,748.7572969563654,56.510200000000005,100.0,86.85928670245914,86.85928670245914,247.2000075,407.125,643.0
2013-09-22 14:00:00,138.77777777777777,1098.3398334242752,35.803754271598294,1.0730024385593673,865.6428323971662,386.5833,100.0,389.4891763913069,389.4891763913069,510.825015,386.71875,932.75
2013-08-12 12:00:00,317.90909090909093,448.86336398306,70.23051547220399,2.552608973673438,291.8420358451281,312.3155,1.1,289.90492780527217,289.90492780527217,309.07500500000003,99.53125,377.625
2013-09-26 12:00:00,490.1,703.2962354427387,58.7920163080038,1.6758167809011797,509.4157142635704,437.7283,24.83333333333333,455.8384780880333,455.8384780880333,488.925,273.09375,523.25
2013-08-07 19:00:00,430.7,648.1682296186126,60.70492943042554,1.7737235842578407,463.53479729713473,503.7182,0.0,462.11494027198825,462.11494027198825,509.000005,673.4375,527.0
2013-05-12 14:00:00,473.54545454545456,854.731038485326,50.08260515028612,1.354998655187553,646.6230840803745,493.5085,50.25,513.4436559797886,513.4436559797886,499.975005,335.46875,699.5
2013-03-23 20:00:00,134.63636363636363,608.7828025503246,63.57812077309535,1.9485549174218413,425.7791239151296,72.1703,100.0,144.55170692294212,144.55170692294212,368.775005,263.375,373.875
2013-03-17 20:00:00,103.36363636363636,642.9429336319982,62.069932454831054,1.852149636979955,455.19240906206977,34.3558,100.0,114.9357257124604,114.9357257124604,42.650000000000006,226.65625,369.625
2013-11-25 18:00:00,557.4,1175.8632002062188,32.71514853640579,1.0344086942810704,932.1811299544177,384.409,100.0,374.4759297591052,374.4759297591052,525.72501,821.6875,832.75
2013-10-04 13:00:00,300.44444444444446,985.7878950624536,43.699151531411616,1.203237536634216,762.1014149069462,345.157,100.0,369.3896534323368,369.3896534323368,499.925005,459.03125,698.25
2013-07-08 14:00:00,317.09090909090907,753.1819222205514,55.09854144264268,1.5186634920312647,557.1008960036178,317.3081,100.0,332.3443042067428,332.3443042067428,426.825005,238.125,607.25
2013-10-26 10:00:00,54.22222222222222,252.3228933615702,79.46394579211847,4.604604522525753,131.371251950171,14.3699,56.23333333333333,77.60127056589366,77.60127056589366,81.32499999999999,4.25,99.4375
2013-10-24 17:00:00,93.77777777777776,1259.8042677820888,23.95066296796525,0.9525068969047844,1011.4444275128214,257.8189,100.0,206.2687072979777,206.2687072979777,298.17501000000004,209.3125,1000.25
2013-10-30 16:00:00,633.1111111111111,1349.2684362006182,12.6195969055736,0.8921763059257953,1093.660459851964,994.3033,17.266666666666666,950.4066909310656,950.4066909310656,1084.8,1046.5938,1082.5
2013-03-01 20:00:00,354.72727272727275,723.2640107538325,58.49419017424165,1.661693842483872,524.8531838022659,386.0907,57.333333333333336,408.8830681406448,408.8830681406448,458.775,431.1875,494.625
2013-01-16 13:00:00,727.9,1050.5533772841509,41.5704798917705,1.1629070123408516,816.9743305255932,649.3356,90.63333333333334,617.266505818562,617.266505818562,594.575,448.65625,526.5
2013-01-04 12:00:00,599.0909090909091,834.7116021517804,53.57571970489124,1.463761577173871,622.0366608175132,513.591,39.03333333333333,526.0640121969077,526.0640121969077,498.4,267.25,557.5
2013-11-20 15:00:00,1003.3,1373.44727274793,10.126963951284036,0.884422373406594,1114.642319834078,885.8147,11.65,898.8577739356406,898.8577739356406,950.95001,523.375,1143.5
2013-03-07 15:00:00,933.6363636363636,1256.180262779569,24.448588736845696,0.9562257880089176,1007.948194361771,995.4057,37.333333333333336,910.1441401015172,910.1441401015172,966.975,838.84375,984.5
2013-01-08 19:00:00,747.0,1049.5362133820456,41.691090907123744,1.1650775088105358,815.9230249873392,816.2936000000001,1.1333333333333333,756.7927683345072,756.7927683345072,827.3,856.15625,306.625
2013-12-01 20:00:00,389.22222222222223,720.1409128386247,59.04492372893875,1.6880342927955434,520.7809698338154,434.8096,24.216666666666665,459.2045881504658,459.2045881504658,528.725,665.40625,578.75
2013-04-22 18:00:00,620.6363636363636,892.5970308248297,48.43304938345113,1.3106558407603617,679.5016234729158,714.9060000000001,0.0,652.5251715991365,652.5251715991365,712.275,804.34375,741.0
2013-11-05 16:00:00,1080.888888888889,1361.4630231769631,10.928810280961986,0.8867192414564472,1104.509449922721,1110.0613999999998,88.06666666666666,951.6869096395178,951.6869096395178,1103.925025,1076.1875,1152.0
2013-11-14 11:00:00,420.8888888888889,609.6401356968091,64.0261700838243,1.9794125104106384,424.73217487247945,327.6247,91.11666666666666,333.8242464056826,333.8242464056826,397.475005,179.96875,403.625
2013-07-24 14:00:00,588.4545454545455,790.3281910888703,53.20172973202227,1.4510307701516214,589.9902967099357,650.2059,0.7333333333333333,584.2857335690666,584.2857335690666,617.50001,462.65625,688.25
2013-04-17 18:00:00,639.3636363636364,921.0319494956946,46.93983388510664,1.2738189109330038,704.8317854409092,732.955,0.0,671.1351263527745,671.1351263527745,739.425,818.5625,756.0
2013-05-05 17:00:00,220.45454545454547,955.5578181216272,44.35264891116824,1.2165267658046706,737.3068831953568,448.391,83.56666666666666,473.8863204512162,473.8863204512162,435.725,671.34375,802.5
2013-01-20 13:00:00,215.5,1041.7791831040054,42.06458795752437,1.1718834526881,809.0839465848444,344.0623,88.5,385.29152715125065,385.29152715125065,459.000005,312.125,702.5
2013-02-16 21:00:00,268.09090909090907,476.9239534074413,69.96352231718251,2.520623410091132,311.2467562593466,308.286,2.933333333333333,302.9764592088705,302.9764592088705,343.2500025,430.4375,234.4375
2013-07-07 20:00:00,34.45454545454545,323.4050432538009,75.77710699055773,3.4813710969091067,189.50653288073224,18.851,100.0,65.82203886217755,65.82203886217755,95.00000175,234.1875,208.8125
2013-02-15 21:00:00,192.63636363636363,480.1412968681911,69.83088786891139,2.505046185038028,313.9183271759175,26.9302,100.0,97.6067732208394,97.6067732208394,170.575,344.375,121.53125
2013-10-17 13:00:00,500.3333333333333,1044.3363468577309,40.50035120375318,1.1442156416081737,814.3797947056089,451.2353,94.61666666666666,465.6915317661558,465.6915317661558,560.4,114.0625,826.25
2013-07-27 16:00:00,655.7,947.6623047081328,44.131929953506166,1.211988109154069,731.6961874191101,713.2037,49.71666666666667,667.5231451217468,667.5231451217468,736.7750100000001,704.9375,754.5
2013-05-12 18:00:00,142.0909090909091,793.1565515135177,53.45485698443046,1.459616313870565,591.4050004353483,239.7261,100.0,280.17047284745763,280.17047284745763,270.925,461.1875,648.5
2013-05-27 14:00:00,573.0,798.4985029720201,52.915129204958426,1.4414640858855572,596.8735664415933,642.2376,0.0,584.914469533024,584.914469533024,619.475,462.0,671.0
2013-09-21 15:00:00,915.5,1195.6946924219371,27.94335846457341,0.9852978845896984,955.0843105542,957.3112,0.0,882.9088726269539,882.9088726269539,967.27501,828.09375,1009.75
2013-11-08 12:00:00,619.9,876.854448929657,50.837617979138,1.3766950196155678,661.3504525524228,666.6987,3.066666666666667,623.9781686168759,623.9781686168759,667.0250100000001,419.34375,663.25
2013-08-20 20:00:00,237.8181818181818,446.9412211480801,70.38578359447938,2.571606682024195,289.9500961723376,299.4175,0.0,285.03035072708616,285.03035072708616,325.22501,516.15625,320.375
2013-05-29 17:00:00,607.3636363636364,861.7634389593884,49.36799354315242,1.3352913581834445,653.7508083400538,681.619,0.0,626.8321605739405,626.8321605739405,684.45,568.46875,721.0
2013-04-23 20:00:00,260.1818181818182,431.5480497869322,71.27930175974703,2.686982530574052,276.2523458105175,310.2011,0.0,276.2987773519604,276.2987773519604,325.8,498.59375,333.25
2013-05-15 19:00:00,141.6,586.6589225647191,63.83210250609335,1.965914011370143,409.4128062837237,133.73909999999998,100.0,183.32198597122368,183.32198597122368,224.500005,348.8125,373.125
2013-09-04 16:00:00,824.2,1133.739944205047,32.28331513861753,1.0294666887244304,899.465574362046,850.5502,0.0,820.8325711271827,820.8325711271827,891.6,736.34375,951.75
2013-10-21 11:00:00,36.55555555555556,544.0936848458421,66.71413152088424,2.189981946069705,369.3527527821892,33.0979,100.0,110.89221201070484,110.89221201070484,179.475,86.03125,351.0
2013-07-07 16:00:00,84.6,890.5694942627819,47.42331348057011,1.2854231713372182,680.3925222291789,326.8347,100.0,350.472386731132,350.472386731132,345.82500500000003,325.04688,730.25
2013-04-21 20:00:00,255.9090909090909,441.88015195236704,70.83523910433428,2.6283154384967764,284.7870423403186,306.1832,0.0,282.1305033770007,282.1305033770007,324.7250025,494.15625,336.125
2013-05-29 19:00:00,343.9,547.8376306428586,65.54504141791925,2.0926194138645986,376.3501148192914,379.603,24.6,370.804447170976,370.804447170976,417.625005,489.09375,439.0
2013-10-05 18:00:00,748.5,1055.634818650433,39.30677357055533,1.1245164211432408,825.5963578274425,797.1474999999999,0.0,758.3766083767589,758.3766083767589,848.275,883.375,923.25
2013-03-29 13:00:00,603.3,855.3161820706314,51.14958223847511,1.3859338447566498,644.2756547312162,601.5821,20.85,588.0640649179837,588.0640649179837,623.6500100000001,259.53125,723.5
2013-10-14 15:00:00,591.7,1295.6118014195465,19.107677081273565,0.9213170533158582,1045.3118086028535,762.6978,97.0,705.4809980559785,705.4809980559785,841.75001,345.8125,813.25
2013-03-10 19:00:00,142.6,936.5622859092438,47.17515163379066,1.279429360141752,716.1426542854167,334.2565,96.75,366.3478239631511,366.3478239631511,466.0000250000001,690.40625,495.375
2013-01-22 20:00:00,174.0,809.9694841409225,54.73047570298128,1.5049238108976115,600.2213674127587,62.4718,100.0,130.94789939518057,130.94789939518057,296.8000025,481.15625,507.125
2013-03-09 12:00:00,480.1818181818182,658.498446174787,61.46521584894216,1.8164456399605249,468.33952989424057,407.2557,20.78333333333333,424.0031613334496,424.0031613334496,434.35,209.9375,364.25
2013-12-02 12:00:00,620.5,889.7621028126426,50.55417131420585,1.3684413213688875,671.8595936487003,653.6216000000001,0.0,624.0724575708194,624.0724575708194,630.8,394.65625,659.25
2013-04-17 19:00:00,458.6,720.1105771587911,57.735950976050106,1.6269783218677547,524.9676053127473,553.8226,0.0,514.3482386669343,514.3482386669343,566.45,703.125,573.5
2013-10-25 21:00:00,46.4,308.12478343653754,77.09078409964054,3.812824840293256,174.25298754825295,14.1336,100.0,58.59880511417092,58.59880511417092,2.47500025,268.25,271.5
2013-09-27 12:00:00,450.8,709.0520564981615,58.52744078510321,1.6632566292534232,514.434052388694,381.3799,17.633333333333333,435.2665795493385,435.2665795493385,478.025005,279.0,454.125
2013-04-23 12:00:00,365.09090909090907,521.8215498064059,67.16403036161675,2.230134884650041,352.5132381532592,385.3732,3.816666666666667,353.8570892427367,353.8570892427367,383.9333466666667,125.0,402.375
2013-04-08 18:00:00,341.27272727272725,973.7254528080816,44.09424141512466,1.2112182790528283,751.9037131606897,398.8299,100.0,413.1005820571741,413.1005820571741,400.075005,448.5625,790.0
2013-08-29 15:00:00,526.8181818181819,1071.7158819596093,36.71849171843877,1.0856065766933565,843.0589193168806,681.553,95.05,635.1947225395369,635.1947225395369,712.80002,666.0625,637.0
2013-04-08 15:00:00,740.3636363636364,1120.6965595746417,34.249103467818266,1.0528419823346078,885.9597618488799,635.2127,56.15,658.5331566242705,658.5331566242705,628.6750099999999,355.8125,946.75
2013-10-12 18:00:00,284.3,1075.5556767215917,38.25328478191044,1.1080753925640765,843.2379295821748,386.2676,100.0,396.76676869350297,396.76676869350297,508.825015,472.3125,725.25
2013-04-18 20:00:00,266.27272727272725,457.8631108282291,70.14728246433306,2.542546243483425,298.04308189916134,316.82710000000003,0.0,294.9730278449011,294.9730278449011,345.150005,470.59375,338.125
2013-05-24 14:00:00,583.9090909090909,808.5567700332235,52.41355656692445,1.425105141160416,605.7558178644508,632.3305,1.2833333333333334,584.705643151316,584.705643151316,620.8,296.375,640.75
2013-10-16 19:00:00,573.5555555555555,865.8229895125207,50.893416053719726,1.3783354741208935,652.8808008251679,563.4778,46.35,556.8913599071991,556.8913599071991,674.075,734.34375,651.0
2013-03-22 21:00:00,36.36363636363637,314.26764981713546,76.72768241873624,3.715022005820035,179.5871969797995,16.4051,42.766666666666666,108.3478628733542,108.3478628733542,56.35,168.40625,163.75
2013-01-13 17:00:00,145.72727272727272,1361.6788661085736,14.23176270476766,0.8981743607158849,1102.662776293104,556.864,100.0,480.25878459388514,480.25878459388514,630.97501,905.96875,472.25
2013-11-27 18:00:00,99.6,1179.671800462635,32.48157361726383,1.031722480692961,935.583825832378,194.5029,100.0,174.98708510972176,174.98708510972176,395.9,614.75,911.25
2013-03-19 20:00:00,107.72727272727272,631.7247401993634,62.56614172077718,1.882663193264695,445.5169437138143,51.1927,100.0,129.10208775678308,129.10208775678308,278.675,296.0,448.5
2013-03-07 19:00:00,397.6,950.8991706609606,46.44102364901769,1.2621565910511112,728.9033941053834,606.6327,41.46666666666667,611.1373647474733,611.1373647474733,716.3000099999999,689.125,306.625
2013-11-18 20:00:00,203.0,682.4437223604818,60.69217387118461,1.773026471063177,488.09073075502846,270.8916,100.0,290.7455922052238,290.7455922052238,450.2,416.21875,488.25
2013-10-02 14:00:00,824.3333333333334,1149.785454818236,32.41262007578748,1.030935409199277,911.9908893209888,935.5255,0.0,848.5652301413013,848.5652301413013,915.77501,775.65625,964.5
2013-01-25 17:00:00,268.54545454545456,1358.6531300285549,14.255302558900317,0.8982678113017037,1100.1961845216638,610.2467,83.18333333333334,564.24800336932,564.24800336932,697.55001,822.25,879.0
2013-01-07 15:00:00,1014.0,1367.9996634148913,13.280179649493434,0.8945387849386268,1108.4245181234098,1116.4433,4.733333333333333,1020.0713458211636,1020.0713458211636,1106.975025,1000.5625,1181.5
2013-10-01 15:00:00,963.8,1243.4221079532992,24.009295075377867,0.9529395768165096,998.2242546949776,1024.5748,0.0,926.8647042189034,926.8647042189034,1016.3,877.84375,1062.0
2013-02-06 16:00:00,936.6,1380.0888577727428,8.951965211750423,0.8813884192637552,1120.5780315475004,1072.1172,15.15,999.1702327804104,999.1702327804104,1085.275,764.875,692.5
2013-10-23 16:00:00,962.0,1332.3442309832687,14.756048013833755,0.9002963345283862,1078.5430090860518,1061.2026,13.3,981.1082175211104,981.1082175211104,1077.55,1068.5312,1130.5
2013-09-05 13:00:00,598.0,819.7538526537567,52.340720935189815,1.4227692668628535,614.3425413069051,610.2351,17.183333333333334,578.1612859663289,578.1612859663289,633.525,421.39062,688.75
2013-11-15 12:00:00,597.5,886.7281973469021,50.44901590234002,1.3654127498220583,669.8522373041993,590.6291,46.11666666666667,578.4385486445314,578.4385486445314,638.40002,430.25,646.25
2013-02-06 17:00:00,551.1818181818181,1346.080360909899,15.532854571333347,0.9035981836056152,1089.0893513922945,975.3853,53.56666666666667,908.709590650107,908.709590650107,1060.1250249999998,845.03125,679.5
2013-05-10 13:00:00,537.9,692.5147129266385,58.70579582686992,1.6716990868661064,501.87794286319087,486.4795,22.7,474.43360692569087,474.43360692569087,514.600005,316.4375,518.25
2013-10-19 13:00:00,778.3333333333334,1051.9652596984902,40.081170550501,1.1371632049461589,821.1849131576761,724.8815,63.43333333333333,686.0207285873636,686.0207285873636,797.17502,596.875,829.5
2013-08-01 18:00:00,517.3636363636364,810.2441836097543,52.20562551278024,1.4184628483781128,607.5771355105309,367.3476,96.25,380.2924828005699,380.2924828005699,285.225,612.90625,626.5
2013-02-24 18:00:00,910.7272727272727,1187.7697620037904,31.106428246412083,1.016523871668471,944.1992848854196,852.7369,31.6,823.0534032325876,823.0534032325876,889.7,716.4375,601.25
2013-08-24 17:00:00,344.90909090909093,1029.3911309528758,39.4879181671858,1.127431139378266,804.7231813394889,463.8266,67.05,512.4711366617545,512.4711366617545,541.875005,777.6094,473.875
2013-05-02 16:00:00,640.3,1025.8057933750251,39.96051006222029,1.1351604142871736,801.0018299105722,799.6869,100.0,713.6406391146737,713.6406391146737,783.1000200000001,765.0,769.75
2013-07-23 17:00:00,644.4545454545455,892.413978586641,47.42785253426042,1.2855335478367558,681.790980741166,716.974,9.783333333333331,653.7440523354043,653.7440523354043,727.975,757.71875,758.0
2013-03-21 20:00:00,263.27272727272725,620.3288723023884,63.06929073236185,1.9147877006341505,435.7041390679466,371.46560000000005,56.66666666666666,385.1356919549095,385.1356919549095,465.275,529.09375,341.25
2013-11-24 21:00:00,197.9,403.2898329552896,73.22220887726901,2.9794424622456344,249.7339112781624,57.0218,71.0,129.04815078011552,129.04815078011552,224.775,401.96875,253.8125
2013-09-15 15:00:00,260.9,1164.6490778076254,30.30396050077128,1.0081244360156945,927.014766140889,404.5731,100.0,385.8124345979203,385.8124345979203,428.7,608.90625,990.5
2013-05-30 16:00:00,379.5,911.2763654676336,46.46246743071489,1.2626516151264562,698.4813372919588,603.1013,73.15,573.0459353754549,573.0459353754549,579.0500099999999,516.21875,766.25
2013-01-04 10:00:00,157.8,249.08010481621497,79.79448345119211,4.741409332847071,127.87230479315028,144.88029999999998,-0.1833333333333333,109.21246707037196,109.21246707037196,135.725,3.21875,109.78125
2013-10-21 19:00:00,336.55555555555554,878.3728602182997,50.34270102695935,1.3623689683805735,663.8230471822976,481.4684,73.88333333333334,491.5627169821023,491.5627169821023,569.525005,519.53125,749.75
2013-08-28 12:00:00,380.0,530.7513491564252,66.59893304732985,2.1799510466215635,360.7352854667329,297.3414,42.3,324.10864514690866,324.10864514690866,376.525005,152.34375,422.75
2013-11-30 10:00:00,102.22222222222224,315.0317824174304,76.99265143738047,3.785886551150708,178.6698387658346,22.7121,76.73333333333333,83.5038689172018,83.5038689172018,147.0000025,5.125,153.1875
2013-03-31 15:00:00,869.9090909090909,1158.862257809042,31.693101939027382,1.0228811187439484,920.3228966261968,920.5128,34.75,840.7069527175054,840.7069527175054,923.0,809.84375,991.0
2013-06-02 12:00:00,264.45454545454544,393.0192085577426,72.70169936944544,2.8947978173913333,245.7019977003604,210.2807,47.38333333333333,229.53477663102447,229.53477663102447,254.625,64.6875,280.75
2013-04-14 15:00:00,358.0,1090.9705925411558,36.15772313161848,1.0778124862229674,859.2119908961528,400.0354,100.0,404.1644139918559,404.1644139918559,407.95,431.40625,916.75
2013-09-06 18:00:00,624.5454545454545,956.2037466085684,44.57856144083609,1.2212262343453126,737.303189827869,712.8291,0.0,678.9736076135135,678.9736076135135,742.75,853.40625,788.25
2013-10-02 16:00:00,882.6666666666666,1263.1030711197202,21.965176594061827,0.9386562867228746,1016.2994818210118,1022.426,0.0,939.1272406100744,939.1272406100744,1005.30001,995.65625,1080.5
2013-07-31 16:00:00,598.0,963.5144860449426,43.20020419015832,1.1933877357777667,745.9513288692796,745.2153,91.06666666666666,673.885517712053,673.885517712053,749.3000099999999,726.8281,797.25
2013-03-03 21:00:00,37.90909090909091,416.1155195161055,72.48529741178277,2.8610506985805046,261.1352786668203,21.1316,42.766666666666666,138.44314762433982,138.44314762433982,49.8500025,259.625,194.3125
2013-03-08 19:00:00,314.5,946.2038149764136,46.681899635916245,1.2677496863593172,724.7235511292797,187.7623,100.0,228.0584205140453,228.0584205140453,359.80001000000004,534.84375,449.25
2013-02-08 11:00:00,283.27272727272725,440.9374530467446,71.58966299014375,2.729639767886178,280.88419266255033,275.6581,21.633333333333333,274.09848518879545,274.09848518879545,274.100005,53.59375,368.375
2013-05-26 20:00:00,121.63636363636364,312.846231713534,76.33939131116644,3.615862599934221,180.68226515733824,183.253,26.05,175.11514651262388,175.11514651262388,221.9750075,403.28125,240.5625
2013-07-04 16:00:00,627.0,885.7397900882546,47.70183733011331,1.2922462471039176,676.0456380924887,687.6005,0.0,639.02543545577,639.02543545577,691.7750100000001,677.2031,751.75
2013-03-17 17:00:00,313.27272727272725,1221.2860609508698,27.16127200467387,0.978322216139322,976.5816477120984,481.2383,100.0,453.2695139230359,453.2695139230359,540.60001,497.65625,826.25
2013-02-26 17:00:00,548.4545454545455,1298.5286446752202,20.461384728120343,0.9291632214057776,1046.3669383657837,396.0446,100.0,337.2594554556274,337.2594554556274,468.0,597.84375,907.25
2013-01-10 21:00:00,164.8181818181818,518.9707095942646,68.32701250624568,2.341700012502973,345.92070069844385,29.7327,100.0,105.7050634914126,105.7050634914126,113.30000125,248.53125,83.375
2013-02-08 16:00:00,1026.5,1376.730726675085,9.57126532344001,0.8829386779077739,1117.573116425344,1097.2716,5.183333333333334,1016.6506005562036,1016.6506005562036,1097.75005,991.625,1105.0
2013-07-01 19:00:00,320.6,543.5813277455732,65.6048152318634,2.0973681068188386,373.2079453667952,406.3478,24.05,380.6963916024519,380.6963916024519,419.925005,558.9375,434.625
2013-10-15 21:00:00,61.9,281.48572286278124,78.16005665561806,4.133275832607603,153.90078597136676,14.042599999999998,96.75,55.73540358611285,55.73540358611285,64.22500125,120.53125,155.0625
2013-11-27 14:00:00,595.8888888888889,1285.3506811275158,23.200274153489147,0.947090870035446,1032.8307883017253,506.7427,95.88333333333334,470.9395529501628,470.9395529501628,538.1,487.625,1053.0
2013-01-08 18:00:00,965.9090909090908,1239.7618111743398,28.10490894118176,0.9867741438954596,990.057428463681,998.1878,0.0,916.7872029387788,916.7872029387788,992.900025,872.25,511.0
2013-08-21 17:00:00,682.5454545454545,1015.3647441493852,40.33465486187247,1.1414102213965007,792.1159513062936,792.9091999999999,0.0,734.9266316956979,734.9266316956979,811.07501,849.7344,851.0
2013-03-11 11:00:00,78.45454545454545,350.7938823296479,75.24180900713951,3.362409216733311,208.22780967176493,60.8882,78.11666666666666,112.53037620008524,112.53037620008524,179.55,9.78125,301.25
2013-10-06 14:00:00,867.0,1168.5209046504172,31.12676068663327,1.0167410997835018,928.866758425507,830.6792,26.3,809.6866360500187,809.6866360500187,848.7249999999999,631.78125,964.0
2013-07-02 15:00:00,627.7272727272727,851.4973446931177,49.68489157549512,1.343934025898509,645.1778781234625,707.1533000000001,0.0,633.9385888397101,633.9385888397101,688.025,588.75,736.0
2013-01-01 21:00:00,72.25,507.34239295826353,68.84667188546038,2.3955246551804987,336.0117965899747,28.8122,93.26666666666668,111.03535616028722,111.03535616028722,101.5250025,283.9375,117.125
2013-09-27 11:00:00,242.77777777777777,421.85133391268056,71.90351405540653,2.7742381879097886,267.3594414067931,143.4082,62.583333333333336,190.7025276494689,190.7025276494689,217.6,56.375,228.5625
2013-01-27 15:00:00,894.4545454545455,1346.8763424807562,15.99912531821026,0.905671794840528,1089.3737067395848,854.9603000000001,46.583333333333336,844.5376776868504,844.5376776868504,972.05,807.34375,1088.5
2013-04-08 19:00:00,231.5,772.7222273738805,55.25387849538975,1.52455624574882,571.0986893616127,94.598,100.0,161.49676065067524,161.49676065067524,247.225,323.4375,600.0
2013-04-21 14:00:00,671.3636363636364,948.2846328295852,45.2101470155343,1.2346611430943346,729.7786188679714,748.0281,0.0,688.6185656147976,688.6185656147976,736.325,571.34375,778.25
2013-05-18 16:00:00,620.3,952.4923551767646,44.20114458108563,1.2134058036689106,735.2742473782552,497.8183,69.0,523.6620952786458,523.6620952786458,443.200005,721.5,791.25
2013-11-15 15:00:00,619.7,1368.618503575316,10.638110241010386,0.8858651318017242,1110.4664817081043,1032.9562,32.583333333333336,961.5210471377918,961.5210471377918,1068.675075,1019.71875,874.5
2013-11-15 14:00:00,961.5555555555557,1278.9454719840244,23.304102126142737,0.9478269300465912,1027.565322283924,1003.5511,25.85,930.333289508045,930.333289508045,986.85,874.0625,957.25
2013-11-07 12:00:00,618.7,874.999829223139,50.91562455694255,1.3789898473075135,659.7404739128671,621.7961,8.6,604.6127998100839,604.6127998100839,663.9000100000001,403.125,649.0
2013-06-01 18:00:00,494.9090909090909,730.2185934505811,56.474917215069226,1.5729205400980903,536.1845708500514,548.5802,0.0,517.7679410587916,517.7679410587916,575.9,666.0,607.0
2013-09-25 16:00:00,973.0,1234.0744688401198,24.53502591983739,0.9568816850803796,990.1091556286028,1015.9168,0.0,919.3256091808488,919.3256091808488,1006.325,997.53125,1058.0
2013-10-26 13:00:00,549.6666666666666,1075.476873975747,38.79613266488827,1.1164398442701715,842.125470391015,368.0659,76.16666666666667,419.5714847953119,419.5714847953119,481.725015,491.65625,841.5
2013-07-08 18:00:00,466.54545454545456,735.8677129214686,56.01238169977226,1.5541620683763282,541.6942373405341,323.3127,95.5,338.5078664909247,338.5078664909247,397.575005,499.48438,479.625
2013-03-19 21:00:00,43.0,331.44647532302014,76.01145823728834,3.536177943771474,193.0724894201536,18.783,98.8,67.51427713988016,67.51427713988016,116.25000125,202.15625,181.5625
2013-09-03 16:00:00,532.2,1128.6424261672546,32.6428469725458,1.033573871619559,894.8601796831811,710.1884000000001,90.1,670.1026723589623,670.1026723589623,714.92501,791.0625,937.25
2013-03-23 21:00:00,45.54545454545455,308.4965385561593,76.96835588300277,3.779276045687258,175.08644413062908,17.459400000000002,93.26666666666668,66.24761509010173,66.24761509010173,59.075,153.0,144.875
2013-02-15 18:00:00,189.9090909090909,1213.6005219690328,29.36734227729471,0.9987394680761776,967.375222763941,557.3747000000001,89.38333333333334,556.0013519143316,556.0013519143316,675.375,643.46875,732.75
2013-09-13 14:00:00,161.0909090909091,1047.9505491041427,38.9489803972652,1.1188359176388327,820.2790713375509,280.1023,100.0,291.299335009426,291.299335009426,364.80001,432.875,722.5
2013-07-19 14:00:00,168.36363636363637,775.5530758064333,53.95766557865413,1.4770600743055908,576.9013378956514,253.6736,100.0,290.3246472218233,290.3246472218233,307.2000075,343.25,655.75
2013-02-01 11:00:00,300.0,463.7246764195447,70.64593256159392,2.604112933440456,299.7045370501557,227.7403,34.266666666666666,263.9398542803803,263.9398542803803,254.775,63.1875,390.125
2013-02-17 15:00:00,934.5454545454544,1308.0024206449484,19.941836939086283,0.9260750784024168,1054.515062593187,1047.9629,71.58333333333333,924.6380026566636,924.6380026566636,1038.950075,922.15625,1102.0
2013-05-08 14:00:00,619.7272727272727,871.7448467852156,49.21184180197726,1.3310881432179236,661.7146202218947,691.8192999999999,0.0,634.7750717294631,634.7750717294631,676.6,527.40625,734.5
2013-04-03 20:00:00,77.18181818181819,543.8589885434576,66.42181665522352,2.1647217548841646,370.3306014799044,29.2117,98.06666666666666,110.23572232951376,110.23572232951376,40.32500125,201.96875,385.125
2013-11-16 10:00:00,53.11111111111112,307.3656123585512,77.2536926631194,3.8584029999197313,172.9852717616722,19.6203,81.48333333333333,76.36054641987533,76.36054641987533,121.85,7.4375,134.0
2013-11-15 17:00:00,783.6666666666666,1304.9544699943676,20.430669556208684,0.9289779579954744,1051.575675783901,756.901,44.25,777.2163313014792,777.2163313014792,974.925,939.53125,840.75
2013-07-19 13:00:00,106.3,600.1234599797202,62.91633919328456,1.9048922364700207,422.03994286852577,125.7949,100.0,180.5418044407914,180.5418044407914,227.125005,168.59375,502.375
2013-10-08 15:00:00,921.7,1273.0582984765388,21.32103132457536,0.9344876055706208,1024.9818745848927,878.777,15.0,873.225832104424,873.225832104424,905.45001,945.09375,1065.0
2013-07-19 17:00:00,607.4545454545455,879.2011281871052,48.16277067998805,1.303765816605486,669.9577703260713,498.684,76.96666666666667,498.4412297987276,498.4412297987276,385.5,501.65625,720.75
2013-08-20 14:00:00,638.0909090909091,910.6260802449648,46.84720422172529,1.271629712006256,697.0866297216745,721.2713,0.0,662.5436113806101,662.5436113806101,715.32501,548.9531,764.5
2013-02-02 21:00:00,54.27272727272727,511.3955474379704,68.55668961773695,2.365167647177636,339.9196684969108,27.4481,68.01666666666667,140.2032683504264,140.2032683504264,57.05,380.15625,118.8125
2013-11-19 18:00:00,62.3,1164.0910457695147,33.41880392471825,1.0426912350626758,921.6850450820664,168.0879,100.0,151.11357291409763,151.11357291409763,302.425,345.4375,868.0
2013-05-04 14:00:00,128.27272727272728,889.3054485965788,48.30616132072204,1.3074085464947562,677.3074026386895,286.41560000000004,100.0,318.76501372267387,318.76501372267387,332.400015,214.0625,724.0
2013-07-02 20:00:00,177.63636363636363,313.97864840209576,76.1978720071347,3.5810346664166914,182.015997927104,219.1642,0.0,178.29764751664257,178.29764751664257,234.925005,406.5,224.625
2013-02-20 17:00:00,409.7272727272728,1316.5257953026526,18.674406317677505,0.918941388219658,1062.58497111933,450.6065,100.0,387.1051737560488,387.1051737560488,505.625005,525.5,924.0
2013-09-21 17:00:00,849.8888888888889,1153.3622446935751,31.555359476583025,1.021371799292214,916.1666724905076,905.3977,0.0,844.8923576101365,844.8923576101365,934.02502,926.4375,997.5
2013-09-30 13:00:00,569.5555555555555,965.0495941987338,44.81582144305846,1.2262214310136397,743.58640681882,530.6786,78.11666666666666,537.6334954418669,537.6334954418669,669.87501,469.28125,770.25
2013-10-04 11:00:00,57.22222222222222,461.6325880730684,70.21073740052842,2.5502102418982178,300.2282809963995,36.3532,89.25,113.13465306671202,113.13465306671202,173.35,63.1875,282.375
2013-09-09 14:00:00,692.4545454545455,1024.8474718024306,40.34061761044627,1.14151077416916,799.5018196459133,818.582,0.0,748.8046455736477,748.8046455736477,795.85,647.34375,852.0
2013-04-24 20:00:00,254.0,426.4867529835017,71.49664567666338,2.7167074424307964,272.08189187127186,302.83820000000003,0.0,271.2916458614452,271.2916458614452,314.7500025,486.59375,325.875
2013-11-29 12:00:00,52.2,891.1901212575278,50.43919394950005,1.3651307841734972,673.2494115700736,54.8895,100.0,106.2826757302298,106.2826757302298,305.1,209.28125,685.75
2013-03-29 17:00:00,888.6363636363636,1159.5945678747082,31.739648075566475,1.0233934926650048,920.8322575538396,739.6197,49.083333333333336,736.7918217628239,736.7918217628239,712.925,724.4375,962.0
2013-07-18 14:00:00,534.8181818181819,772.933704301494,54.09133352636309,1.4817866628515033,574.5822172921473,604.5788,0.0,559.0459643166835,559.0459643166835,600.32501,443.25,651.25
2013-08-27 20:00:00,292.90909090909093,467.258114127136,69.52364750610153,2.469732289677612,306.764170077532,338.4837,0.0,307.06287708589383,307.06287708589383,352.475,555.0,366.5
2013-04-03 13:00:00,168.1,837.5520839505127,51.97487884847531,1.4111850963251538,628.6870608179931,201.6536,100.0,250.4330630152588,250.4330630152588,340.7,129.5625,694.75
2013-04-11 15:00:00,846.0909090909091,1105.9195833011124,35.20615042656646,1.0650696005660565,872.6609938880301,878.9577,0.3833333333333333,808.9506591101981,808.9506591101981,878.4000100000001,625.96875,929.5
2013-11-03 21:00:00,174.5,334.7556339774736,76.0164139327809,3.5373557497057706,194.975364229449,53.4987,68.01666666666667,112.6652293417537,112.6652293417537,160.225,348.6875,212.6875
2013-10-24 12:00:00,28.0,837.1819105097517,52.60446612679792,1.4312750763437008,626.667730093141,46.6549,100.0,108.46069884314102,108.46069884314102,234.725,59.90625,450.0
2013-04-02 12:00:00,90.27272727272728,589.7963657774837,64.30758075368009,1.999356875114516,409.8846418165717,52.7412,100.0,128.68954293961855,128.68954293961855,239.4250025,83.65625,476.625
2013-07-07 19:00:00,69.9,554.7109183553132,65.075692667516,2.056136385760317,382.7917985806957,33.6286,100.0,110.82216357093006,110.82216357093006,196.95,304.65625,415.375
2013-01-14 16:00:00,851.9,1402.3114762615578,3.28183136362418,0.8721189772780944,1140.322955166705,936.6955,45.91666666666666,889.7833738678769,889.7833738678769,1075.900025,746.15625,696.75
2013-11-13 19:00:00,537.4444444444445,935.68117854168,47.74291608853183,1.293261261691644,714.0605769818703,542.2888,45.73333333333333,567.8154903119485,567.8154903119485,674.10002,742.03125,793.0
2013-02-23 14:00:00,768.0,1161.7923126276014,33.164133510386385,1.0396602543956588,920.2894418573565,396.6006,96.58333333333331,394.7711923456377,394.7711923456377,445.4,615.6875,979.0
2013-05-21 19:00:00,230.2,567.3599318240545,64.6891704959309,2.027125079568876,392.931504561819,224.558,100.0,244.793320968069,244.793320968069,288.6500125,551.96875,439.5
2013-03-06 16:00:00,633.5,1307.0613621600337,18.786257185227345,0.9195484788567996,1054.844688638284,673.3506,35.766666666666666,720.7141039214871,720.7141039214871,708.1750099999999,943.4375,1095.5
2013-04-23 15:00:00,754.7272727272727,1045.686670611639,38.94876919451215,1.1188325942172153,818.5074343168371,855.0707,0.0,772.0657686674231,772.0657686674231,841.775,733.46875,883.25
2013-03-24 11:00:00,104.72727272727272,317.7345429065877,76.56327876459406,3.672377320257614,182.39762375133017,20.1595,100.0,64.31990310924033,64.31990310924033,125.575,8.875,221.8125
2013-02-14 20:00:00,115.27272727272728,776.9801845588142,56.10066802173736,1.5577003474356346,571.6864950674723,372.7443,62.35,412.61899018465976,412.61899018465976,569.20001,496.46875,311.0
2013-02-21 15:00:00,760.5454545454545,1298.083153036902,20.85486830870512,0.931566813942172,1045.611429658473,802.6621,100.0,738.744211640895,738.744211640895,753.10001,726.5625,865.75
2013-04-16 14:00:00,710.4545454545455,971.0041366968252,43.99400827582026,1.2091781786872304,750.0244436417679,773.1795,0.0,708.1223554764847,708.1223554764847,767.1500100000001,591.1875,805.0
2013-04-14 12:00:00,138.72727272727272,551.92346699034,65.89170284753189,2.1204922791551417,377.860446046945,83.3138,100.0,145.16061694538251,145.16061694538251,248.025005,72.40625,432.25
2013-02-17 12:00:00,486.09090909090907,713.6392024655202,59.14411116908626,1.692883340197803,515.7513019200958,508.4148,4.816666666666666,490.4810039159454,490.4810039159454,515.250005,245.0,613.5
2013-02-28 12:00:00,488.54545454545456,683.2020265950018,60.43548400014189,1.7591310638846198,489.5121648641938,520.1239,0.0,482.1674983831757,482.1674983831757,381.475005,230.8125,575.5
2013-10-26 20:00:00,264.1111111111111,617.8101784891547,63.40271020216368,1.936764411244937,432.7341243735879,391.7945,6.45,402.1421062461465,402.1421062461465,457.975,458.1875,458.5
2013-07-06 13:00:00,350.0,579.4603711459596,63.88046865579605,1.969258939846389,404.2196572154567,155.69570000000002,100.0,195.8481209605739,195.8481209605739,258.075,216.78125,482.125
2013-04-03 17:00:00,244.0,1131.9799074670357,33.63798933747581,1.0453305909398405,895.9009516529276,417.2359,100.0,412.6208918384745,412.6208918384745,407.100005,471.375,870.0
2013-08-04 19:00:00,410.6,637.5322458625527,61.19983420310064,1.8012671048129183,454.31273386354593,474.1168,0.0,446.76698801393655,446.76698801393655,487.02502,640.75,493.875
2013-04-17 13:00:00,562.1,784.3865615273529,54.445998176837975,1.4945145506168651,582.0860730385982,589.4308,4.5,555.5501881814205,555.5501881814205,602.425,375.6875,636.25
2013-11-15 19:00:00,524.6666666666666,940.6482882209908,47.50818189578385,1.2874913870670783,718.4408862205969,530.2525,32.1,575.1499926659094,575.1499926659094,669.55,648.0625,717.25
2013-01-11 12:00:00,565.4545454545455,816.944947293763,54.45023318401844,1.4946681933832269,606.2346828346361,606.7993,32.93333333333333,573.7806270485033,573.7806270485033,600.47502,305.59375,666.75
2013-03-09 20:00:00,388.7272727272728,685.5145732435902,60.179103442368096,1.745501253758862,492.0378592466173,474.0445,1.933333333333333,465.1286299680529,465.1286299680529,478.825005,608.6875,335.375
2013-11-11 21:00:00,49.0,360.1770517617514,74.98521862131213,3.308262209029938,215.06524681263053,18.31,66.0,101.66555046253288,101.66555046253288,0.0,354.4375,331.125
2013-08-09 17:00:00,80.9090909090909,960.4565464564672,43.56877503654145,1.200639365447392,742.7987697248204,281.6758,100.0,308.2742030744298,308.2742030744298,221.1750025,399.01562,809.25
2013-04-10 14:00:00,733.8,997.773316950558,42.54333655676505,1.1807978411065887,773.8962258651544,789.3803,0.0,725.6409043624689,725.6409043624689,743.05,448.125,836.25
2013-07-22 15:00:00,583.6363636363636,893.9199378477307,47.328019552127664,1.2831121064325373,683.1772361952055,587.8024,90.55,549.6574608045805,549.6574608045805,592.45001,318.67188,760.5
2013-03-18 11:00:00,87.72727272727273,332.8296233286782,75.95974110687489,3.523933590649327,194.1343942016809,39.709,100.0,79.36757901613402,79.36757901613402,160.8750075,4.125,209.75
2013-01-11 15:00:00,955.5454545454544,1364.713253933863,13.77218249304608,0.896383995712407,1105.435836674817,985.6415,10.516666666666667,958.0807341357544,958.0807341357544,1039.450025,814.78125,1065.0
2013-03-02 13:00:00,692.9,939.4408965672446,47.22600104674842,1.2806510259265471,718.2185946441749,588.2871,35.43333333333333,602.9482394195655,602.9482394195655,633.075,434.5,787.75
2013-11-09 12:00:00,612.3,878.5968302987974,50.76529689195022,1.3745765002339678,662.8605122436178,676.7941,0.0,629.132645117153,629.132645117153,658.07502,428.6875,668.75
2013-11-05 15:00:00,1055.8,1354.0905456301812,12.43348849859993,0.8915343071747404,1097.6817728010203,1103.745,92.75,945.0760293928172,945.0760293928172,1093.6000250000002,1000.8125,1125.5
2013-11-26 18:00:00,189.2,1177.7748169325462,32.59830538679223,1.0330610625598151,933.8885558050029,201.7717,100.0,183.0603697698466,183.0603697698466,349.475005,511.125,955.25
2013-02-28 14:00:00,848.9090909090909,1148.0587324797118,33.991630977889095,1.0496496845974532,908.0305012881212,860.0678,2.25,828.9802159487657,828.9802159487657,640.4000100000001,693.03125,973.5
2013-02-04 12:00:00,324.6363636363636,750.2938100427418,57.54147293324662,1.6183504518523606,547.597946780012,363.3391,77.23333333333333,385.9882971218088,385.9882971218088,449.25,208.34375,581.5
2013-01-25 21:00:00,25.454545454545453,520.7164628787862,68.19443357979269,2.3283787617337897,347.6368580537106,29.8412,100.0,106.0541401582028,106.0541401582028,44.150000000000006,300.1875,266.5
2013-10-20 17:00:00,961.6666666666666,1249.566457286012,24.71876966382042,0.958286189232932,1002.3184663774168,1021.6833,0.0,929.530540657202,929.530540657202,1017.7,1080.2812,1100.0
2013-01-04 20:00:00,313.3636363636364,797.9771440207332,55.41491829570568,1.5307254461701998,589.2725270849357,230.2972,100.0,277.0361684423576,277.0361684423576,414.15,460.15625,553.0
2013-04-01 18:00:00,505.45454545454544,1014.7993140330988,41.79605989173726,1.1669773056223427,788.698003924057,702.2739,36.7,685.3769895197602,685.3769895197602,731.025,612.46875,801.0
2013-03-22 13:00:00,642.3,878.9816757325672,50.05023681824903,1.3540889326609429,665.0540436068972,610.0849,60.03333333333333,583.650807217737,583.650807217737,663.20001,423.5625,695.25
2013-03-12 20:00:00,77.81818181818181,670.0369205251016,60.86790213880892,1.7826862471434028,478.6200036409953,37.209,100.0,116.84232419763596,116.84232419763596,231.8000075,392.1875,349.75
2013-04-24 12:00:00,357.09090909090907,518.4079230596192,67.30899722809352,2.2434147714617407,349.6456681003256,342.0417,55.96666666666667,343.851006578414,343.851006578414,364.775005,135.96875,393.875
2013-04-14 19:00:00,150.1,737.3882257600022,56.92613627463573,1.5917599513013252,540.0871323949782,43.456900000000005,100.0,117.96698468990007,117.96698468990007,169.725,527.84375,582.5
2013-01-01 14:00:00,106.75,1261.5952310328116,26.187628709145056,0.9700246465630884,1010.1162391603756,232.612,100.0,188.95931777365684,188.95931777365684,310.85,123.0,655.5
2013-06-04 18:00:00,473.9090909090909,724.683320685167,56.73062169230459,1.583529936152802,531.3653586276828,557.1281,0.0,519.0435583957492,519.0435583957492,555.175015,527.28125,598.25
2013-09-13 20:00:00,19.27272727272728,512.6408238206482,67.63896801683525,2.274288066036116,344.47203074140856,22.8431,100.0,100.01258860273668,100.01258860273668,41.0,165.1875,248.875
2013-11-21 15:00:00,1080.0,1374.2374948911677,10.056312178700038,0.8842288472369065,1115.3182644038145,1106.0544,0.8166666666666667,1021.114658751959,1021.114658751959,1116.025075,802.46875,1067.0
2013-10-01 14:00:00,886.0,1144.921482756322,32.74184275857299,1.0347176725129112,907.6089043960772,937.3177,0.0,846.0929246292314,846.0929246292314,927.55001,723.34375,960.0
2013-04-09 20:00:00,124.45454545454544,508.58391182803234,67.95519676489072,2.304746916633145,340.49856685297,28.9236,97.25,106.44192622797,106.44192622797,194.5500075,403.65625,374.125
2013-03-18 18:00:00,161.45454545454547,1092.540532590614,37.21550663543288,1.092697060553304,858.5265789124584,213.6147,100.0,214.4352703187084,214.4352703187084,302.625,541.34375,788.25
2013-03-04 16:00:00,243.4,1314.1987619006509,18.020423665619365,0.9154772864040596,1061.2892470827471,408.6715,100.0,340.5795913210284,340.5795913210284,493.925,889.78125,1033.0
2013-07-11 19:00:00,361.1,563.7613583160809,64.64872186255225,2.024141219183904,390.5840819912032,409.4787,0.0,387.1877473430709,387.1877473430709,422.575015,565.28125,430.875
2013-09-18 11:00:00,76.66666666666667,368.2470325413941,74.18518660160946,3.1502797169115606,223.7378456833461,24.3549,100.0,78.01766135717423,78.01766135717423,145.55,31.75,252.4375
2013-10-12 19:00:00,131.66666666666666,855.6883400971428,51.33597122421303,1.3915326438714462,644.0541427565979,176.5897,100.0,228.95297698511357,228.95297698511357,406.05001,521.125,572.75
2013-09-18 20:00:00,62.77777777777778,525.0022595550931,67.13637551152391,2.227620781352208,354.7698121041056,27.892,95.41666666666669,110.6511139839884,110.6511139839884,49.25000025,480.4375,445.0
2013-09-02 16:00:00,783.7,1123.5314177362825,33.00071795249,1.037735349096165,890.2428514166862,913.6607,0.0,828.5672914191276,828.5672914191276,914.10001,899.03125,960.0
2013-04-17 11:00:00,134.0,255.93091263607468,79.06338235363916,4.448888065589013,135.40862806082552,130.8717,44.73333333333333,123.7369848036844,123.7369848036844,153.90000125,5.90625,171.3125
2013-02-22 19:00:00,155.8,1003.370123336276,43.72725878231278,1.203799949161284,775.6305924794846,140.8503,100.0,165.8562394521408,165.8562394521408,412.125,482.625,549.25
2013-01-05 12:00:00,578.2727272727273,832.2546308998717,53.69827873700453,1.4679956860804,619.8464848687663,605.349,33.733333333333334,578.268657415153,578.268657415153,612.675,275.125,642.0
2013-03-20 12:00:00,439.8181818181818,627.8700208230867,62.73122573950049,1.893068759773882,442.2144075248063,472.0313,0.0,438.32855375741127,438.32855375741127,456.8,132.34375,536.0
2013-08-10 16:00:00,750.3,1007.8681455625954,40.532441204693214,1.1447616561528458,785.8782741287973,842.2631,0.0,752.0073978165415,752.0073978165415,826.375,797.5781,874.5
2013-10-26 18:00:00,794.1,1111.4832644978026,36.34399221765214,1.0803775707457794,875.0292333192634,853.0715,17.05,801.2071813173103,801.2071813173103,876.70001,807.5,954.5
2013-07-23 19:00:00,413.8,597.3222154443415,63.07550483409232,1.9151921770273472,419.5233802591643,428.8974,28.716666666666665,413.7819709574065,413.7819709574065,471.22501,613.0,473.25
2013-03-18 14:00:00,532.3636363636364,1090.3218136496146,37.36844480486314,1.0949141244503795,856.4984860907394,443.5028,94.65,457.3215146551926,457.3215146551926,530.32501,260.875,826.5
2013-04-13 18:00:00,209.63636363636363,944.3063573633448,45.69617025533727,1.245305713716764,725.6033041235895,285.9621,100.0,318.1186849829645,318.1186849829645,322.675,534.71875,776.25
2013-04-18 19:00:00,455.1,714.4304026368461,58.00109705154125,1.6389202560063858,520.0037345127557,538.8649,0.0,505.9674252705072,505.9674252705072,561.600015,679.6875,562.25
2013-10-03 19:00:00,415.8888888888889,832.3431537493424,52.35358031162512,1.4231809524189696,623.7417974223936,297.3721,54.13333333333333,389.8121099223936,389.8121099223936,523.97501,746.46875,714.5
2013-08-02 12:00:00,60.63636363636363,408.7820045972025,71.99554292015524,2.787604719469148,258.6818835526927,29.6822,100.0,88.52691529097393,88.52691529097393,137.625,51.625,344.375
2013-03-30 20:00:00,333.1818181818182,567.5956874850286,65.38549957458089,2.080059385933905,390.527362858715,396.6455,0.0,382.0325727815055,382.0325727815055,416.47501,600.875,408.75
2013-10-20 15:00:00,970.6,1315.3632385274109,17.02009585632088,0.910456788778804,1063.0763667107983,1091.0977,0.0,985.57796888365,985.57796888365,1072.9499999999998,990.875,1127.5
2013-02-06 20:00:00,373.9090909090909,795.2866012261478,55.30287822351424,1.5264268397050686,587.6268186587793,390.6541,58.41666666666666,431.3903532046777,431.3903532046777,587.87502,495.375,281.75
2013-10-07 16:00:00,914.6666666666666,1282.094730918059,20.166011128772755,0.9273956927772126,1033.4126371940545,1005.3221,0.0,945.7773527702263,945.7773527702263,920.95,991.90625,1093.5
2013-09-19 17:00:00,862.5555555555555,1145.3163387258098,32.09787507922549,1.0273767262742772,908.9400516095068,902.6033,26.683333333333334,831.9765353741552,831.9765353741552,938.20001,971.03125,1001.25
2013-01-02 17:00:00,135.63636363636363,1358.2491606426,14.957869413239196,0.9011359672985496,1099.3660876835788,357.5367,100.0,274.0729968632663,274.0729968632663,495.950005,870.03125,1020.5
2013-03-04 19:00:00,57.2,964.4570456662634,45.74321294055075,1.246350494826804,740.9756677156453,55.027,100.0,85.05714964923902,85.05714964923902,205.6750025,360.65625,609.75
2013-01-03 21:00:00,180.27272727272728,510.53141340384974,68.70640663513825,2.380737750781252,338.71774626434103,27.9425,93.26666666666668,111.00723601043478,111.00723601043478,135.02500375,387.21875,359.75
2013-11-17 19:00:00,605.2222222222222,945.6047395946794,47.27211889437665,1.2817618985613757,722.8164256676434,611.1161,34.266666666666666,617.4859889611005,617.4859889611005,745.15002,818.03125,816.25
2013-02-18 13:00:00,165.2,971.748503026006,45.67984144088796,1.2449436672114575,746.7287014865101,192.4183,100.0,228.32898224822884,228.32898224822884,339.025005,107.96875,614.5
2013-09-28 11:00:00,276.77777777777777,427.67151859617314,71.6558005408388,2.7389133480420216,272.14444366677094,233.053,25.116666666666667,253.39801803810883,253.39801803810883,263.9,61.46875,286.25
2013-03-26 13:00:00,454.7,865.631049895678,50.67044940590951,1.3718112288753297,653.330591660116,343.22810000000004,100.0,367.0980782323817,367.0980782323817,468.125,319.5625,289.875
2013-07-25 19:00:00,327.7,603.6676245405022,62.77901048994453,1.8961049920529405,425.00490856827753,275.2451,100.0,286.91372204484003,286.91372204484003,349.825,610.4375,452.875
2013-07-31 14:00:00,342.90909090909093,815.4668437541889,51.90568593521029,1.4090216486670653,612.2927330716118,500.6694,100.0,473.7073143704399,473.7073143704399,546.72501,471.53125,663.0
2013-02-19 15:00:00,347.1818181818182,1303.1530865703653,20.39173841914735,0.9287436275768416,1050.162899703657,533.8717,94.91666666666669,489.5850798794384,489.5850798794384,709.12501,631.15625,1115.5
2013-10-29 14:00:00,953.5555555555557,1249.8935049177649,25.255337025832787,0.9624680306960204,1001.9263296585776,1006.423,0.0,926.400916145394,926.400916145394,990.80003,802.78125,1025.5
2013-07-10 18:00:00,515.4545454545455,740.3985085114945,55.78010181062405,1.5449462175083508,545.705671022772,575.1034,0.0,533.264508913397,533.264508913397,581.0250100000001,653.6406,602.75
2013-11-26 17:00:00,97.44444444444444,1321.777332803951,19.007831653745164,0.920763839861678,1066.5157767261642,291.86560000000003,100.0,221.68685826913293,221.68685826913293,405.175,577.96875,1120.0
2013-01-23 20:00:00,126.27272727272728,809.749778191062,54.73303206589308,1.5050181724369829,600.050870494503,41.3767,100.0,111.120206432003,111.120206432003,212.2500025,336.15625,273.0
2013-03-13 20:00:00,320.45454545454544,664.7397326340583,61.10329963925653,1.795817560643965,474.03334591071257,51.841,100.0,129.01546260993132,129.01546260993132,158.175,290.125,406.0
2013-05-15 12:00:00,129.63636363636363,446.5182226192016,70.3875336722504,2.57182250848388,289.66840516331933,75.3105,100.0,122.95554505589746,122.95554505589746,156.12500125,52.625,278.125
2013-10-05 16:00:00,964.4444444444443,1274.6797601884127,20.8810910018752,0.931728997631296,1026.7336419218657,1009.5353,2.3833333333333333,941.9788277739164,941.9788277739164,1041.925,949.8125,1099.5
2013-01-14 17:00:00,933.5454545454544,1361.7288029743293,14.194793209372628,0.8980279407003429,1102.7289788827225,963.6523,54.2,904.6394403085036,904.6394403085036,944.125025,825.5625,576.0
2013-07-08 17:00:00,616.0,850.3197000693399,49.76238194972927,1.3460706493719787,644.0922009191314,445.6776,78.35,458.4881970128814,458.4881970128814,477.075005,463.0,617.25
2013-02-27 15:00:00,431.0,1281.5157559599895,22.3219461477757,0.9410324583075615,1030.7292591299597,500.9045,84.25,480.69990121980345,480.69990121980345,604.0,763.15625,1039.5
2013-10-23 13:00:00,814.3333333333334,1066.0178807162797,39.31099317024557,1.1245840183896376,833.7084248782838,833.7978999999999,0.0,772.6594670535768,772.6594670535768,826.80001,619.53125,842.5
2013-11-21 19:00:00,372.8888888888889,955.4702465202472,46.796529085902286,1.2704366316279971,731.5397358765672,397.9863,84.73333333333333,437.8028279175828,437.8028279175828,652.10001,737.28125,638.75
2013-05-08 12:00:00,328.1818181818182,470.13689685873067,69.37138965267802,2.4526195083213307,309.2765149823203,292.29569999999995,58.73333333333333,301.59867379579686,301.59867379579686,323.35,110.3125,358.125
2013-02-22 14:00:00,448.09090909090907,1164.4271175662066,33.00390777854996,1.037772774064623,922.6417616522498,374.1475,100.0,364.9349745428748,364.9349745428748,497.1,475.78125,887.25
2013-11-26 19:00:00,109.55555555555556,967.6657184103276,46.19737645478996,1.256571397009013,742.3499274127852,58.2505,100.0,90.29774235419144,90.29774235419144,228.5,370.96875,714.0
2013-07-16 17:00:00,618.0909090909091,870.1840183897358,48.66260700998952,1.3165880790941058,661.8834840896845,684.0658,0.0,631.2809526565791,631.2809526565791,687.77502,413.51562,721.25
2013-07-23 12:00:00,279.27272727272725,379.1032914191732,73.2982787744668,2.9922426040626946,234.420213130724,202.0925,46.63333333333333,219.89150658012585,219.89150658012585,261.4,60.96875,321.0
2013-08-19 18:00:00,601.0909090909091,883.066267446016,48.42999144733094,1.3105773182547993,672.2536762979353,703.2887,0.0,644.2240437295759,644.2240437295759,701.67502,812.5781,731.25
2013-01-12 12:00:00,556.5454545454545,814.3105908288106,54.57774419120853,1.4993127926207652,603.898335915959,503.7444,57.6,500.93749759808793,500.93749759808793,550.175015,238.0,442.125
2013-11-30 20:00:00,123.66666666666669,717.2900301906817,59.17140919367348,1.694223629078908,518.2987797389202,36.115300000000005,100.0,116.46842695571706,116.46842695571706,82.52499999999999,294.34375,516.0
2013-08-13 13:00:00,339.3,692.1776000624546,58.57493755172752,1.6654950336610566,502.04325074637023,389.2076,64.51666666666667,401.231795973421,401.231795973421,478.07501,294.75,586.0
2013-03-31 18:00:00,734.9090909090909,1020.6005411762744,41.46519344922658,1.1610230648055702,793.9010687361922,735.3919999999999,8.383333333333333,720.5158377181258,720.5158377181258,744.50001,741.5625,824.75
2013-11-30 17:00:00,431.0,1327.1544118148092,18.52374705920171,0.9181304407178552,1071.3010683150085,516.4003,100.0,455.33079243610223,455.33079243610223,707.32501,431.125,986.0
2013-01-17 20:00:00,154.0909090909091,809.5646437950548,54.78743213928879,1.5070297152846914,599.7499387836571,41.6888,100.0,111.58816510201645,111.58816510201645,195.025,310.625,239.875
2013-04-16 12:00:00,382.54545454545456,545.3456857521832,66.16876201568599,2.143359964234448,372.3129207845944,347.1021,46.96666666666667,355.01185343229946,355.01185343229946,390.35001,139.3125,419.625
2013-04-01 19:00:00,283.3,814.4486838726311,53.24930364818613,1.4526345427374971,607.8627593298354,326.4773,89.18333333333334,363.0770537634292,363.0770537634292,518.1,517.71875,600.75
2013-03-06 12:00:00,466.09090909090907,666.7387273185881,61.12305463117811,1.7969296848130745,475.3908003826333,449.5219,49.75,446.9277647991372,446.9277647991372,496.46668,227.65625,577.5
2013-02-25 18:00:00,256.8181818181818,1184.3948214403376,31.33239136991997,1.0189504476216291,941.1662514144508,345.8369,100.0,328.5579750472633,328.5579750472633,449.95,226.4375,554.75
2013-01-16 21:00:00,22.63636363636364,522.5120874973242,68.15473467334394,2.324421402842082,349.0006821421292,83.9971,100.0,140.73963477884797,140.73963477884797,285.550005,272.5625,137.3125
2013-01-28 21:00:00,115.0909090909091,518.097241045416,68.29306947947694,2.3382739723608217,345.47970968733864,83.8293,100.0,139.8793831492527,139.8793831492527,308.8,442.53125,169.0
2013-10-06 12:00:00,497.0,758.3263529754087,56.25286331380365,1.5638464148161682,557.5012178676203,420.9248,27.6,463.5815630214289,463.5815630214289,483.175,251.59375,560.5
2013-11-13 12:00:00,635.4,884.4553509378738,50.53229569113533,1.3678098032086758,667.9114117196475,596.4835,62.86666666666667,572.5999950936709,572.5999950936709,678.9750200000001,426.65625,649.25
2013-04-08 13:00:00,511.6,819.100007070372,52.832423414039226,1.4387333311812531,612.5031493625944,328.2008,100.0,350.827520700485,350.827520700485,388.275,142.625,681.25
2013-11-16 21:00:00,92.3,376.6289725193293,74.31469597811727,3.1748013379808486,228.2112581477005,19.9256,93.75,82.75708029125519,82.75708029125519,163.600005,379.03125,328.5
2013-11-21 21:00:00,67.5,393.2866620373548,73.63301761832886,3.049940317827024,241.6281673236097,19.2032,68.01666666666667,109.52251546814094,109.52251546814094,137.52500125,344.6875,257.5
2013-10-08 11:00:00,243.66666666666663,483.117868847449,69.29720227741288,2.4443721007051087,318.125081320181,140.4699,56.9,207.52741744078645,207.52741744078645,195.475005,90.71875,304.375
2013-04-09 12:00:00,307.8181818181818,568.0441736372654,65.2151032698142,2.066826276447262,391.4749309925173,262.4549,57.16666666666666,299.22817348519305,299.22817348519305,360.45,111.0,453.625
2013-10-04 14:00:00,428.22222222222223,1159.3010073597325,31.76308941386322,1.0236519813124694,920.5627274411012,458.1118,100.0,447.7043595211793,447.7043595211793,543.62502,539.375,870.25
2013-09-03 14:00:00,597.8181818181819,989.9325113484132,42.39097181441975,1.1779372381823885,768.1362382841443,511.9791,100.0,502.3815080595349,502.3815080595349,492.325005,443.48438,814.25
2013-04-26 17:00:00,637.3636363636364,1002.2787642158208,41.70237484331141,1.1652812497804552,779.1611509098569,766.5699999999999,88.0,693.8217572941343,693.8217572941343,778.725,814.40625,835.25
2013-01-02 14:00:00,311.8181818181818,1260.3334474374224,26.302264394428864,0.9709797805899504,1008.9559815518796,442.2821,100.0,409.1405518643796,409.1405518643796,525.8499999999999,709.46875,1029.0
2013-12-01 11:00:00,405.22222222222223,616.141548145086,63.89078831314468,1.969974274144281,429.7691752687501,291.78610000000003,64.81666666666666,321.1147639528321,321.1147639528321,409.00001,115.9375,431.375
2013-02-20 13:00:00,360.8,966.5223063746804,45.93325887988384,1.250597694956176,742.1090601827201,290.2334,100.0,324.0519617940482,324.0519617940482,438.15,212.65625,712.5
2013-03-02 15:00:00,826.6363636363636,1272.45305320838,23.09759770409021,0.9463671442187034,1022.5831131156848,510.6626,80.06666666666666,501.0077346977161,501.0077346977161,742.12502,417.46875,1052.0
2013-11-06 17:00:00,990.4444444444443,1288.574487039726,21.739930482675305,0.9371809029276412,1037.034621002243,1018.0686,43.2,927.2728793640596,927.2728793640596,1042.500025,997.15625,1098.5
2013-11-20 14:00:00,1015.2222222222222,1282.8707308532146,23.14695514955672,0.9467145286262116,1030.898903089516,949.0837,2.533333333333333,924.1591341075824,924.1591341075824,904.95,571.84375,1062.5
2013-05-25 17:00:00,617.4545454545455,873.4563497159854,48.76488711499853,1.319255289096306,664.1220136934404,681.8207,0.0,631.3139196687822,631.3139196687822,690.4000100000001,684.25,727.75
2013-03-29 19:00:00,454.9,832.2240551554145,52.38492698761942,1.4241857925919053,623.566035632974,505.9161,56.9,507.30141771305216,507.30141771305216,600.625,457.09375,646.0
2013-09-15 20:00:00,24.77777777777778,517.6287145724881,67.43564045555705,2.255156626549633,348.625902544417,27.2277,93.58333333333331,111.10689009324513,111.10689009324513,76.80000025,410.28125,426.75
2013-03-15 11:00:00,35.72727272727273,340.46375410173647,75.6547227532862,3.4534268692377266,200.1069385666541,24.3131,100.0,71.62831613013068,71.62831613013068,138.47500250000002,4.125,204.6875
2013-01-22 11:00:00,130.0909090909091,496.731151520492,69.26064437564335,2.440329568346587,327.2452060850683,156.1806,84.25,196.46966287217765,196.46966287217765,236.825005,43.75,389.125
2013-08-20 18:00:00,583.1818181818181,887.2245853222032,48.21247997985319,1.3050254281821791,675.9509295299973,694.8483,0.0,642.0834368542161,642.0834368542161,699.7249999999999,785.6875,721.25
2013-07-21 13:00:00,122.8,605.0519583412995,62.68632991368739,1.8902260582597648,426.2970356479612,115.6918,100.0,173.88108105811745,173.88108105811745,209.4500025,196.15625,496.25
2013-09-30 19:00:00,546.2222222222222,824.3233217458209,52.703998005544655,1.4345192651137009,616.7667480180673,629.5994,1.7333333333333334,588.325753755372,588.325753755372,664.45002,786.96875,715.5
2013-11-29 15:00:00,175.3,1378.671424744432,9.843124641846169,0.8836535368230833,1119.020095649366,418.5795,100.0,316.9367216259286,316.9367216259286,518.625005,402.71875,1071.5
2013-09-10 16:00:00,788.3,1163.9184664766265,30.097157050667665,1.0060140170525735,926.734007907166,936.7756,0.0,858.500739169373,858.500739169373,921.32501,930.84375,999.5
2013-08-21 20:00:00,239.9090909090909,449.89438576793793,70.25986754552548,2.5561776393107807,292.3907471932382,91.7362,86.73333333333333,146.6973573006601,146.6973573006601,270.7,526.1875,332.125
2013-07-09 15:00:00,610.2727272727273,861.006171695418,49.15378395276913,1.3295345920867954,653.7063764020687,696.0022,0.0,633.0679067060238,633.0679067060238,673.47502,505.4375,723.0
2013-10-28 17:00:00,446.77777777777777,1269.3643268805424,23.22535411999236,0.9472682785536812,1019.9567309777372,621.8449999999999,100.0,584.0364428917997,584.0364428917997,670.1000200000001,629.1875,1049.0
2013-04-06 18:00:00,685.0,985.5119263986084,43.44242868616449,1.1981380506071952,762.4537270751575,768.2095,0.0,711.9308350768665,711.9308350768665,783.32501,820.5,794.0
2013-02-13 13:00:00,724.3,984.5730638288622,45.0508559509469,1.2312309438146454,758.0806263203822,778.7209,2.75,714.4390285725794,714.4390285725794,754.825,525.34375,832.75
2013-03-29 14:00:00,589.6363636363636,1048.4500989770395,39.74175229128024,1.1315599672825951,819.1205941534388,649.1955999999999,55.66666666666666,650.1086617803919,650.1086617803919,753.925,494.9375,895.0
2013-11-30 19:00:00,229.11111111111111,977.2599991926386,45.71657128689654,1.2457584872980056,750.8759043343246,105.9856,100.0,138.04631449057456,138.04631449057456,293.750005,382.96875,674.75
2013-10-23 15:00:00,993.7,1324.163322077105,16.037448857635113,0.9058453180167458,1070.9735045973614,1063.0231,25.016666666666666,971.7112289015606,971.7112289015606,1066.125025,986.84375,1109.0
2013-02-28 18:00:00,672.9090909090909,1173.678696765736,32.046063782943385,1.0267962275592897,931.5314950271091,890.9699999999999,1.75,852.2261208816013,852.2261208816013,790.02502,959.46875,914.5
2013-11-13 15:00:00,1079.5,1366.2540062217538,10.916635556045197,0.8866829801625382,1108.4026561408689,1111.3385,86.31666666666666,955.0514293342284,955.0514293342284,1108.775,1011.875,1132.5
2013-04-24 11:00:00,125.72727272727272,236.68835929323967,79.85580174244689,4.767670317616564,121.18384837259812,89.6053,63.85,98.43619822611376,98.43619822611376,137.375,3.875,150.25
2013-04-18 11:00:00,129.0,253.22013185699709,79.17459081021453,4.491068476705368,133.39138450291284,107.147,49.38333333333333,115.15561713841088,115.15561713841088,151.2,5.3125,167.375
2013-05-15 18:00:00,226.72727272727272,781.0253581069505,54.04765723294512,1.4802380482478816,580.7200317915882,295.3156,87.16666666666667,338.33065801229134,338.33065801229134,329.400005,326.03125,500.125
2013-11-07 16:00:00,1047.7777777777778,1365.0804059061927,10.39659073660027,0.8851740647986818,1107.7184926216669,1098.0705,97.4,937.5929738228388,937.5929738228388,1101.9750250000002,907.5,1157.0
2013-05-28 13:00:00,459.9,629.1448580839611,61.623405823705866,1.82563341989162,446.9358705616435,502.0298,3.85,451.65209809307663,451.65209809307663,486.850015,285.96875,484.75
2013-11-25 19:00:00,493.1111111111111,965.2421938126492,46.317479725995135,1.2593155501597322,740.199290159561,182.1167,100.0,220.33661926112347,220.33661926112347,367.400005,702.46875,543.0
2013-05-02 20:00:00,153.72727272727272,388.81869136007873,73.1104728220588,2.9608440870288733,241.27558297972035,130.1043,94.5,158.5916306481774,158.5916306481774,206.4,429.25,251.1875
2013-11-20 21:00:00,8.9,389.9488745075693,73.76984445441138,3.074188716431323,238.93149943029968,19.3041,100.0,78.97842020666687,78.97842020666687,25.8,150.09375,251.0
2013-11-01 20:00:00,9.0,633.9843165508199,62.73690193221829,1.893428850095048,446.5003832210708,29.9999,100.0,112.1871202816177,112.1871202816177,78.94999999999999,294.25,404.125
2013-06-05 17:00:00,579.0,845.7156810951767,50.18103387455174,1.357775180773896,639.5538798053414,667.4186000000001,0.0,614.5628596027046,614.5628596027046,669.95,706.96875,721.75
2013-01-15 12:00:00,494.7272727272728,806.2901883230113,54.96285535256392,1.5135622063468874,596.7952872847563,290.7011,100.0,324.0120231246001,324.0120231246001,366.125,159.0625,301.75
2013-07-10 17:00:00,614.2727272727273,854.6823308941608,49.520571127262144,1.3394335977075271,648.0010472042239,679.1348999999999,81.33333333333333,622.7321797115482,622.7321797115482,674.57501,696.0,713.0
2013-03-29 16:00:00,918.5,1205.9561814953347,27.81621899093813,0.9841446572729516,963.4529787806142,804.4485999999999,64.56666666666666,769.6737276819814,769.6737276819814,695.87501,728.59375,1016.75
2013-11-03 17:00:00,1085.7777777777778,1282.5076072843965,22.213690418909746,0.9403063320466384,1031.6447545692724,950.9418,22.65,909.0257741615576,909.0257741615576,1039.950035,979.21875,976.5
2013-11-25 13:00:00,814.0,1119.5514493025812,36.76711500337437,1.0862925962567256,880.5977454975015,782.4431000000001,49.91666666666666,749.7427497699624,749.7427497699624,834.62501,671.75,892.5
2013-03-22 14:00:00,805.0,1075.659945603787,38.205867981297374,1.107355402017416,843.4103092911168,845.309,45.18333333333333,774.2327046158239,774.2327046158239,837.85,586.09375,827.5
2013-08-03 16:00:00,684.8,976.1720078505174,42.4485319492779,1.1790153095976603,757.3392701853311,802.9464,0.0,723.1092859018838,723.1092859018838,791.45,738.4531,840.0
2013-07-30 17:00:00,616.7272727272727,918.4082598055462,45.97000994289056,1.2514239360796433,705.0827236212117,726.3597000000001,0.0,668.1435985601765,668.1435985601765,731.17503,746.25,747.25
2013-09-02 19:00:00,445.5,740.1367983176777,56.462849380527416,1.572424097594432,543.5034421274497,537.4762,0.0,516.052159626229,516.052159626229,556.72501,756.96875,582.5
2013-01-09 16:00:00,884.7,1403.974834472764,2.557860627838953,0.8715610906620767,1141.778642766713,979.355,59.06666666666667,902.8768941094864,902.8768941094864,1109.4,460.625,795.0
2013-11-17 17:00:00,975.2222222222222,1308.255347306484,20.15954548166897,0.9273573522330326,1054.505381927746,987.6136,58.95,903.099147186535,903.099147186535,1067.625025,1072.9062,1127.0
2013-10-07 14:00:00,878.7777777777778,1173.0155854227903,30.81404267011965,1.0134243473767564,932.91424018668,908.9097,0.0,857.5939047984964,857.5939047984964,816.20001,762.625,977.5
2013-01-24 17:00:00,1050.0,1359.2352750498364,14.209528143603103,0.8980862488617669,1100.699476570208,1078.2039,1.4333333333333331,1005.9871734085868,1005.9871734085868,1091.525,1088.4062,1077.0
2013-01-09 21:00:00,116.72727272727272,518.0379430096391,68.36996625575094,2.3460509776024137,345.11980303788107,66.6071,96.15,133.4368043806545,133.4368043806545,287.675,469.75,116.8125
2013-05-19 12:00:00,306.1818181818182,433.5164563125752,70.94848358570482,2.643020507113965,278.92220271330694,240.2913,45.9,260.13612330656866,260.13612330656866,266.9000066666667,78.875,253.875
2013-05-18 19:00:00,137.5,576.5245290321923,64.28320544899448,1.9976116772673589,400.7484968853926,199.9202,88.63333333333334,237.43065630922075,237.43065630922075,328.6250025,565.59375,458.125
2013-07-04 15:00:00,611.0909090909091,853.6004415778623,49.566188873960215,1.3406788667198064,647.06743558346,656.9465,0.0,613.1890405028936,613.1890405028936,659.32501,581.9219,729.0
2013-02-23 20:00:00,127.27272727272728,747.6426331389432,57.4048549056998,1.6123547264303142,546.0978244862341,77.312,100.0,149.62641945693724,149.62641945693724,361.500005,427.03125,312.625
2013-02-27 17:00:00,355.72727272727275,1295.216057880996,20.779302757136325,0.9311008555142632,1043.3786357220931,461.5602,94.75,415.8060649213119,415.8060649213119,504.375,861.5,979.25
2013-07-09 18:00:00,521.3636363636364,738.0872462685053,55.898528898548776,1.5496280890367171,543.6594715799066,583.1458,0.0,535.2712536538812,535.2712536538812,577.42501,657.21875,577.0
2013-08-23 18:00:00,289.45454545454544,899.6790072743753,47.55983802513634,1.2887548620752594,687.026083751565,222.0186,90.06666666666666,277.5455844839869,277.5455844839869,235.40001,812.0625,741.5
2013-09-02 18:00:00,639.3636363636364,940.449192138896,45.41220120241345,1.239053503440197,723.2903856649234,730.5831,0.0,678.4914392843082,678.4914392843082,733.97501,878.34375,774.5
2013-02-07 13:00:00,437.3,999.5419188928574,44.30143228044084,1.2154689745289378,771.3632178680126,426.7171,100.0,439.7853064910595,439.7853064910595,561.625,380.40625,677.0
2013-04-17 17:00:00,780.0909090909091,1052.3808157918934,38.7270072776715,1.11536217566589,824.1729286312496,851.8984,0.0,773.4364212154782,773.4364212154782,852.275,856.3125,878.0
2013-09-08 14:00:00,701.4545454545455,1019.0375039484604,40.686057093565616,1.1473876425863354,794.279432939196,806.5545,0.0,741.5770861374382,741.5770861374382,801.10001,629.1094,701.5
2013-11-03 11:00:00,416.44444444444446,587.8825701506561,64.88958520329113,2.042054087605065,406.3909623265173,317.8827,40.53333333333333,349.8513695835974,349.8513695835974,382.225,103.96875,351.25
2013-07-08 13:00:00,199.4,581.3438233229634,63.79225233050875,1.9631675349948807,405.8432752861768,168.1982,100.0,204.5345442070752,204.5345442070752,318.900005,115.25,458.25
2013-08-18 18:00:00,609.8181818181819,878.9077187740318,48.64731282477495,1.3161905272104075,668.5565364416901,688.9796,0.0,636.3772113379304,636.3772113379304,703.7,813.8125,739.5
2013-11-19 10:00:00,53.44444444444444,310.94550567915,77.11754394544346,3.820237463974864,175.70983403508876,17.5653,81.48333333333333,75.92978185003017,75.92978185003017,43.52500075,9.15625,158.3125
2013-02-11 18:00:00,683.9090909090909,1222.4365434923266,28.776812496675788,0.9930466596017208,975.2751520746024,921.4696,18.066666666666663,878.551786290911,878.551786290911,961.925,725.21875,618.25
2013-09-12 20:00:00,216.27272727272728,510.1229280771532,67.74189165522996,2.2841062070117206,342.37580788642896,257.6754,4.133333333333334,303.05610573799146,303.05610573799146,272.65,539.65625,339.75
2013-05-05 20:00:00,124.8181818181818,376.1227098177043,73.6529205056558,3.053443061832546,230.99276416908089,20.9625,100.0,77.56956165443245,77.56956165443245,57.675,331.59375,292.0
2013-08-17 20:00:00,239.8181818181818,437.9963503194152,70.76830526678737,2.6197042924269685,282.56542738046653,203.5008,36.91666666666666,245.8306899842263,245.8306899842263,328.225,524.40625,324.5
2013-03-22 17:00:00,794.0,1196.5368088773268,29.061738701093383,0.9957721058015232,954.2103124595908,858.5716,36.266666666666666,824.3604589439658,824.3604589439658,926.0,675.375,929.25
2013-11-25 16:00:00,945.1111111111112,1388.9304307181662,6.370918193337227,0.876080430534567,1128.720263224246,974.9235,54.16666666666666,908.1261164957303,908.1261164957303,1070.075025,1049.75,1138.5
2013-02-27 13:00:00,417.3,947.745305598966,46.83265370931948,1.2712868090585714,725.5370604385114,371.5967,92.75,403.72941273343326,403.72941273343326,522.50001,435.9375,794.25
2013-09-22 12:00:00,292.6,679.8594083263968,59.86658458993008,1.729214361278547,489.01297874109065,190.851,100.0,236.20971030847343,236.20971030847343,382.10001,132.875,526.75
2013-11-12 19:00:00,659.6666666666666,933.1946589878668,47.85975436351798,1.2961605611719145,711.8695266480694,725.3657000000001,0.0,671.7360923524151,671.7360923524151,747.9750200000001,875.375,815.25
2013-07-19 19:00:00,346.3,585.2043907523678,63.642382339084016,1.952914652931393,409.0644003485114,307.3116,38.333333333333336,345.31360689148016,345.31360689148016,395.95001,493.1875,437.625
2013-01-25 15:00:00,155.0,1349.5763260444137,15.69124150948446,0.904294795438327,1091.7967635613088,547.9722,76.58333333333333,516.0116073113088,516.0116073113088,756.37501,742.875,786.25
2013-07-02 19:00:00,350.2,545.2187143697959,65.52651927163807,2.0911527129602487,374.6186397127195,423.0504,0.0,378.6161840013548,378.6161840013548,429.500005,567.03125,431.75
2013-05-18 14:00:00,383.27272727272725,830.583870990933,51.307401384706566,1.3906705815582356,625.2336073537086,310.3335,99.13333333333334,338.7992506642555,338.7992506642555,364.97501,479.71875,661.25
2013-09-02 17:00:00,750.2727272727273,1071.2179570187511,36.90672425670039,1.0882714933891575,842.3301117312718,859.5114,0.0,784.3711807620335,784.3711807620335,869.4250099999999,926.625,902.0
2013-08-09 12:00:00,66.54545454545455,435.818056197902,70.80576117925047,2.624515749689857,281.0035968413269,50.7068,100.0,105.75240665578002,105.75240665578002,167.725,55.09375,359.25
2013-10-03 21:00:00,75.3,253.43318483249533,79.28211291139314,4.532607538812464,132.93221765224283,9.4824,36.266666666666666,83.85211282436197,83.85211282436197,38.67500025,377.75,217.0
2013-07-21 16:00:00,315.7,926.3765466714888,45.36813867630482,1.238091685125815,712.5660275503967,348.7998,100.0,368.5922421500061,368.5922421500061,294.250005,510.26562,753.5
2013-02-28 19:00:00,351.4,981.227674771102,44.87602614892396,1.2274987942239548,755.9122822814955,624.1848000000001,27.6,641.8872883850112,641.8872883850112,586.15002,782.9375,681.5
2013-12-01 19:00:00,625.5555555555555,979.6296301488056,45.59645638872643,1.2430996683371986,752.9846932001226,730.881,27.766666666666666,691.1762329645269,691.1762329645269,750.85,729.9375,824.75
2013-09-21 14:00:00,837.1111111111111,1092.8947816953328,36.15150171034251,1.077727217629273,860.738467547437,869.0797,0.0,798.768309924146,798.768309924146,875.275,702.4375,892.5
2013-10-11 11:00:00,247.44444444444449,498.4845079164606,68.64446993463937,2.3742700692263674,330.97934565224074,192.3274,33.71666666666667,258.8049453226509,258.8049453226509,270.025,35.875,313.375
2013-11-17 20:00:00,410.44444444444446,679.5265901474678,60.81748481656283,1.7799024253168212,485.57303517470336,274.6091,84.36666666666666,309.1415318788049,309.1415318788049,503.275,694.84375,584.75
2013-08-07 20:00:00,248.27272727272728,407.6016826474367,72.07921549809113,2.7998743229938947,257.57480609873653,285.9874,0.0,256.2496041105163,256.2496041105163,302.87501,504.5625,305.25
2013-02-14 21:00:00,59.0,483.2454789935784,69.70306640841581,2.4902254777645285,316.4973529224745,82.61280000000001,93.38333333333334,141.1382983570448,141.1382983570448,248.775005,389.53125,113.03125
2013-07-26 12:00:00,270.3636363636364,386.85849125688463,72.95818084796423,2.9358773337503243,240.7336365931245,202.6595,42.55,223.72102711131296,223.72102711131296,258.125,61.53125,282.125
2013-07-13 20:00:00,192.45454545454547,336.79860935523874,75.18264351347973,3.3497646081185173,200.1961641158172,235.4872,0.0,197.61020468130792,197.61020468130792,244.7500025,415.5,239.8125
2013-11-07 11:00:00,407.1111111111111,597.4474395447654,64.50202700502791,2.013400683791398,414.47581667472616,361.9414,32.416666666666664,378.472856469648,378.472856469648,411.775,167.9375,392.375
2013-01-13 20:00:00,218.54545454545453,807.5290830828674,54.91167995413461,1.511649238986332,597.8672663030693,104.2241,100.0,170.70396674252245,170.70396674252245,355.525,443.4375,125.4375
2013-05-28 20:00:00,129.9090909090909,309.3035496350631,76.48781048870988,3.653129593929543,177.92394389594926,211.7913,0.0,172.948128122939,172.948128122939,223.1500075,403.25,236.875
2013-08-10 20:00:00,255.9090909090909,416.76752524067535,71.68226282359859,2.742642221559644,265.0926539787591,253.2992,62.28333333333333,261.6507565864861,261.6507565864861,316.125005,507.15625,307.125
2013-05-10 17:00:00,599.0909090909091,931.8050725921672,45.65985593863631,1.244500966337503,716.0802627874687,718.3411,80.7,657.6919304205253,657.6919304205253,737.35,776.5,753.5
2013-09-27 17:00:00,755.7777777777778,1176.4651698810844,29.97352033018803,1.0047627486093569,936.9043284635304,755.9635999999999,65.95,732.9374858121632,732.9374858121632,835.5250100000001,860.3125,933.75
2013-11-27 11:00:00,209.0,617.3941961734155,63.80110232062808,1.963776737569332,430.9775592033437,72.8273,100.0,146.5581561271718,146.5581561271718,229.625,79.65625,382.5
2013-10-29 19:00:00,578.8888888888889,898.3266373557216,49.45660815587535,1.3376928403587112,681.2580277491983,558.1205000000001,91.78333333333332,529.3921219874795,529.3921219874795,678.57502,823.0625,720.25
2013-03-02 16:00:00,942.0,1321.0411494283746,17.26127324118047,0.911636820188698,1067.4651763658017,684.2572,72.36666666666666,671.4941070298642,671.4941070298642,703.42501,426.625,1052.0
2013-07-20 17:00:00,572.0,882.3811165512377,47.98620199833459,1.2993190281897382,672.8054458054679,655.8639000000001,0.0,624.7285949143546,624.7285949143546,584.1999999999999,726.34375,750.25
2013-10-03 12:00:00,510.8,742.4709907335197,56.98646000812392,1.5943201715441238,543.6241992604986,534.1063,0.0,514.7008899343267,514.7008899343267,487.60001,301.03125,576.25
2013-01-17 16:00:00,289.5,1400.8651228087126,3.831680283550335,0.8726362198478702,1139.0515832386984,796.2371999999999,79.51666666666667,721.7561120472922,721.7561120472922,844.55,614.25,353.375
2013-04-16 20:00:00,252.27272727272728,468.8096682419555,69.67536360472863,2.4870377944801327,307.1576355683422,326.77810000000005,0.0,304.349559663496,304.349559663496,353.100005,538.09375,347.5
2013-02-25 20:00:00,77.36363636363636,739.9236793331742,57.7496205694883,1.6275889087644066,539.3678913680828,40.1209,100.0,117.8214436141766,117.8214436141766,96.90000275,243.59375,279.625
2013-09-01 20:00:00,246.63636363636363,481.20349857597546,68.93802260479154,2.4052606578581543,318.3325569759591,297.0603,0.0,305.1030476223214,305.1030476223214,302.0000025,570.8594,346.5
2013-10-28 19:00:00,234.66666666666663,895.835712053859,49.56812033239463,1.3407316610952382,679.0786236687508,161.1983,100.0,210.6571453972664,210.6571453972664,387.225005,495.46875,747.75
2013-08-04 18:00:00,547.4545454545455,821.8452444696575,51.608335270430565,1.3998221619458122,617.8694777635561,642.4611,0.0,594.3830809740053,594.3830809740053,645.975,724.6875,667.75
2013-01-18 16:00:00,855.6,1400.301459261564,4.030979976365989,0.8728436896839371,1138.5551063628156,673.3289,62.16666666666666,623.0880043120344,623.0880043120344,816.25002,284.21875,840.5
2013-11-08 19:00:00,608.8888888888889,923.2367509618288,48.32339570198238,1.3078482890411345,703.1061333685012,694.2525,6.966666666666667,654.2340783147903,654.2340783147903,725.70001,780.03125,801.75
2013-09-15 16:00:00,252.77777777777777,1188.3079865962752,28.24898160630485,0.9881010439608896,948.7722099597452,387.391,100.0,359.5212944324014,359.5212944324014,323.800005,695.09375,1018.75
2013-01-28 13:00:00,735.8,1023.52109680746,43.05732309750766,1.1906131586261248,792.7291195626794,718.4086000000001,96.03333333333332,654.7243435617029,654.7243435617029,777.42501,532.09375,883.0
2013-03-12 13:00:00,553.1,910.4282829644848,48.5868086362476,1.314621058628325,692.6869837030828,424.7962,62.35,477.2276941523015,477.2276941523015,584.0500099999999,297.375,789.25
2013-02-06 21:00:00,189.63636363636363,503.90251711538326,68.8582994584821,2.39675923825895,333.6847258954961,125.2975,100.0,164.6092101484258,164.6092101484258,320.70000500000003,319.46875,139.25
2013-01-11 18:00:00,848.2727272727273,1241.6351697061953,27.913324522076884,0.9850247794606264,991.8221117962267,990.3738,12.533333333333331,913.549338053551,913.549338053551,993.0,967.78125,688.5
2013-01-18 21:00:00,36.90909090909091,522.8743193811139,68.13150577682383,2.322112521088531,349.3390581130141,29.2251,100.0,106.03339405051412,106.03339405051412,93.0250005,215.5,80.15625
2013-03-18 16:00:00,319.4,1258.3368906145292,23.477402826622416,0.9490649850286244,1010.8111979748052,485.1844,100.0,442.5541789318364,442.5541789318364,513.75,538.625,965.75
2013-09-12 13:00:00,519.9,861.7454890772563,50.21798348048941,1.3588214347511989,651.5805736109722,575.0187999999999,0.0,587.9038806483258,587.9038806483258,568.15,448.21875,701.0
2013-05-18 15:00:00,503.0,929.4915562633915,45.60627808413455,1.2433164485388086,714.4241557521033,431.8019000000001,71.15,474.4080424708533,474.4080424708533,432.550005,625.5,761.75
2013-07-13 19:00:00,373.3,568.7293607940942,64.41505513769529,2.007092227109882,394.8629357957843,435.1557,0.0,396.4649436616901,396.4649436616901,437.075005,573.875,448.375
2013-07-09 17:00:00,603.0,852.4487260913725,49.64431822085442,1.342818975056019,645.9999708339902,687.6114,0.0,626.1281065151426,626.1281065151426,673.05001,684.1406,702.5
2013-11-26 14:00:00,194.88888888888889,1285.195390047459,23.175047470039143,0.9469126733130327,1032.7348708198922,385.3635,100.0,337.05988302692344,337.05988302692344,530.1500100000001,433.71875,1050.5
2013-07-10 20:00:00,195.0,329.8413612273655,75.49103986682151,3.416755216379437,194.6363961478185,209.2988,0.0,187.6341006537389,187.6341006537389,237.1250025,409.03125,230.625
2013-11-25 11:00:00,405.55555555555554,617.4049638788689,63.7829334120807,1.962526508417484,431.05265253294175,368.4463,24.65,389.1866437743968,389.1866437743968,410.050005,182.96875,425.375
2013-04-17 16:00:00,816.9,1105.2059678735664,34.98569990598266,1.0622017106907322,872.4760882088864,900.901,0.0,814.5791422555172,814.5791422555172,895.95,854.6875,928.5
2013-07-05 19:00:00,219.1,550.6600441998216,65.26757724678147,2.0708816931162386,379.3043748884901,212.4271,100.0,234.3538133650526,234.3538133650526,332.375,539.6875,417.5
2013-09-25 21:00:00,97.0,236.47753885475743,79.96083812526776,4.813323556355192,120.51088043461723,15.1846,100.0,45.93904968510552,45.93904968510552,139.2,383.90625,197.375
2013-07-16 18:00:00,519.1818181818181,756.0842082427503,54.97826315920143,1.5141393393504183,559.590350479,580.5817000000001,0.0,542.0618279875449,542.0618279875449,591.625,425.90625,608.5
2013-03-20 13:00:00,657.8,885.486881358685,49.74792017180745,1.3456711984483472,670.7679439423462,697.8634999999999,0.0,641.5527301667114,641.5527301667114,680.87502,394.3125,765.0
2013-06-04 12:00:00,247.0,388.0925014812056,72.91554000425987,2.928964447720668,241.68945222897284,109.3767,100.0,140.75366884274237,140.75366884274237,200.6250025,51.4375,293.5
2013-09-09 16:00:00,811.7,1158.9477627458184,30.464438443124635,1.0097772693709637,922.2423926462908,921.0603,0.0,852.1924353709002,852.1924353709002,928.67503,911.84375,974.5
2013-02-28 20:00:00,379.3636363636364,727.5771064264961,58.3014158543611,1.6527014999664709,528.6093845499029,84.1727,89.56666666666666,170.58869363193412,170.58869363193412,326.4500025,620.625,455.5
2013-01-01 11:00:00,9.0,561.3919479139417,66.46497255895912,2.1684111583832766,382.0974322257945,76.4186,100.0,142.69197568282573,142.69197568282573,214.250005,38.6875,150.4375
2013-08-29 19:00:00,409.0,726.5651601782589,57.082590167899816,1.5984206892039508,531.6874676592666,277.7771,95.25,307.58703430965727,307.58703430965727,391.825,458.76562,418.25
2013-03-06 11:00:00,251.0909090909091,364.0320919128369,74.7117897434067,3.2524805719642,218.69995567546624,192.8856,42.45,205.1901356910302,205.1901356910302,219.9,27.78125,314.875
2013-11-14 15:00:00,1026.6,1367.4684023798488,10.77212160543058,0.8862558369369108,1109.463819939234,1110.0119000000002,53.8,984.12282415066,984.12282415066,1102.775,1016.84375,1164.5
2013-07-03 12:00:00,253.27272727272728,353.16812101864593,74.43424864358514,3.1977867482670828,213.45366352122767,220.8313,0.0,206.31784980815397,206.31784980815397,222.8750025,49.03125,290.0
2013-05-01 20:00:00,81.63636363636364,393.2328324144975,72.92169475488515,2.92996017291218,244.86321558540388,84.4241,100.0,122.19499506538436,122.19499506538436,224.8750025,332.0625,267.75
2013-11-20 10:00:00,75.77777777777777,311.89985652551667,77.08209472692144,3.810424032678016,176.43287518351983,23.8102,79.75,81.08318951457451,81.08318951457451,136.5500025,8.21875,145.25
2013-10-01 12:00:00,532.3,731.5646409602442,57.49021631629797,1.6160947009968418,534.0885414020808,563.5011,0.0,522.6911786930353,522.6911786930353,553.45001,294.28125,558.25
2013-05-27 15:00:00,654.0,896.7356302769794,47.376135344211065,1.2842775301480551,685.2152880391652,733.0615,0.0,662.6631182393605,662.6631182393605,709.525,605.03125,762.5
2013-07-27 13:00:00,442.8,622.5414837816563,61.86835069106956,1.8400712049014147,441.4287426117958,386.7843,81.25,385.8345920685829,385.8345920685829,433.625005,242.4375,467.5
2013-04-15 19:00:00,467.4,731.5926252583891,57.19834112214143,1.603392053686014,535.0120434214688,551.91,0.0,518.5482716014004,518.5482716014004,563.975,676.25,561.25
2013-11-23 19:00:00,318.0,960.3704171025546,46.55733569683908,1.264848397872265,735.8796949174938,561.42,84.65,548.7002515581188,548.7002515581188,739.70001,684.9375,664.75
2013-07-02 16:00:00,652.6,883.1170927082661,47.85443950019887,1.2960282768368931,673.6814870939044,735.6,0.0,658.7364883527545,658.7364883527545,720.75001,683.7969,759.5
2013-08-12 14:00:00,621.1818181818181,869.0743963187465,49.08923374985977,1.3278131437819145,659.992266826523,694.2199,0.0,635.0356475638276,635.0356475638276,681.275,530.125,754.75
2013-03-02 20:00:00,145.72727272727272,718.8554544205542,58.6912072891002,1.6710047325327215,521.0151253870537,39.252100000000006,100.0,118.14897548470992,118.14897548470992,229.250005,293.34375,376.625
2013-03-04 18:00:00,112.54545454545456,1158.0468590930031,33.07512503554591,1.0386098770590686,917.4693135295072,212.5892,100.0,196.3319844279447,196.3319844279447,316.375,522.5625,787.5
2013-04-28 13:00:00,496.7,740.3108419682635,56.49280821881173,1.5736572362470596,543.5414759736835,472.235,73.41666666666667,463.3607737642109,463.3607737642109,537.95002,197.25,590.0
2013-01-30 15:00:00,800.9090909090909,1342.536160127134,16.48054184782111,0.9078859125082388,1085.4809390422708,775.1747,98.93333333333334,713.223157059849,713.223157059849,792.1666799999999,616.65625,673.0
2013-03-01 16:00:00,842.5,1324.3507754222635,16.884447506451536,0.909801496082022,1070.4515303006417,1008.341,16.3,953.6824568143136,953.6824568143136,959.92501,786.46875,1106.5
2013-05-17 19:00:00,82.9,579.7963277453185,64.13780298848785,1.9872711430927388,403.543481301813,32.697700000000005,100.0,112.56859726860988,112.56859726860988,121.4,309.84375,145.5
2013-05-22 19:00:00,243.7,564.5251388645303,64.81430222149268,2.036417818099941,390.5173749996785,151.95069999999998,100.0,191.0241651608113,191.0241651608113,259.70001,368.21875,369.5
2013-03-07 11:00:00,224.9090909090909,361.3511138040189,74.81923700871894,3.2741706469197625,216.57329933568832,176.62240000000003,100.0,186.7713202707469,186.7713202707469,213.72500875,21.46875,258.875
2013-04-30 20:00:00,144.72727272727272,397.73508087114897,72.72905528443451,2.8991226255556977,248.52886749068608,27.7289,100.0,85.40566802779546,85.40566802779546,104.725,274.0,276.25
2013-07-17 18:00:00,518.6363636363636,758.9825807939129,54.83025167676583,1.5086177680189323,562.1561005682141,596.628,0.0,549.8813841909558,549.8813841909558,604.97501,688.875,612.75
2013-03-30 21:00:00,70.54545454545455,267.84488007066057,78.66477965918885,4.303926828900268,143.85885501497947,100.759,43.18333333333333,120.85817218416892,120.85817218416892,169.175,369.65625,158.125
2013-10-18 11:00:00,355.22222222222223,531.4011282912627,67.24975021320219,2.237966783173813,358.64497691863124,267.6442,44.18333333333333,304.6711381124789,304.6711381124789,355.62501,114.9375,337.375
2013-10-18 16:00:00,904.0,1318.3891505747251,16.376953807474592,0.9074031761662722,1066.0391832332512,1065.2098,77.43333333333334,928.7550188045402,928.7550188045402,1064.525075,1030.2188,1052.5
2013-05-03 17:00:00,483.9090909090909,965.5426755182236,43.79534377937883,1.2051656723598203,746.2408193433259,740.0828,3.066666666666667,692.4449437940095,692.4449437940095,680.5250100000001,576.6875,781.25
2013-05-14 12:00:00,190.54545454545453,449.8349405327159,70.2446067763138,2.554320903052763,292.4153800159032,87.48859999999999,100.0,131.26688148074695,131.26688148074695,224.2750025,58.8125,311.375
2013-05-14 20:00:00,70.72727272727273,343.30285607450844,75.05111247010916,3.3219975943434994,204.68190436602984,106.9099,89.31666666666666,136.56415229083453,136.56415229083453,178.92500125,286.0625,268.375
2013-09-06 16:00:00,782.8,1143.885541473583,31.559691491431977,1.0214191101424586,908.6323250482412,855.5936,10.433333333333334,823.1840752313467,823.1840752313467,905.57501,890.71875,960.75
2013-05-24 18:00:00,431.7272727272728,750.1361798666597,55.53612866133832,1.5354097018436923,553.5938693040405,447.8395,92.75,434.5532275193725,434.5532275193725,497.05,551.1875,609.75
2013-08-16 18:00:00,592.0,870.5979096182475,49.08096045214014,1.3275929508834072,661.1697888077995,673.7009999999999,0.0,626.6453594865104,626.6453594865104,660.05,802.71875,722.5
2013-05-28 15:00:00,656.8181818181819,893.5325824030855,47.54685852689407,1.28843706143765,682.363334139528,751.1736,0.0,669.1456703745744,669.1456703745744,727.825,634.3125,674.75
2013-07-06 12:00:00,164.63636363636363,354.2273578103777,74.38783042281052,3.1888220241698786,214.30558851241528,25.9297,100.0,76.40371778487622,76.40371778487622,137.62500125,46.65625,282.75
2013-05-08 20:00:00,208.0909090909091,364.2803554920205,74.1581657252435,3.145212287676291,221.45190062681468,241.8996,0.0,216.836796905196,216.836796905196,259.7000025,445.09375,289.0
2013-11-26 10:00:00,25.666666666666668,315.15598114455685,76.9716773892659,3.7801784178266553,178.84882551356296,19.9929,81.48333333333333,78.15639692469577,78.15639692469577,92.825,7.59375,104.25
2013-11-27 20:00:00,65.44444444444444,708.6638303165979,59.552142016356136,1.7131799409140624,510.7980805735223,35.7769,100.0,116.21904004617858,116.21904004617858,133.425,374.875,408.125
2013-07-03 19:00:00,368.5,546.945443855245,65.44416306811247,2.0846584331304534,376.1058809913151,378.9348,0.0,368.17611624369545,368.17611624369545,397.675005,569.3125,434.75
2013-04-07 14:00:00,529.3636363636364,1010.8528995600456,41.82732175455341,1.1675450538025869,785.5653775395232,436.8333,90.73333333333332,458.0109646977263,458.0109646977263,523.625,530.40625,851.0
2013-03-14 20:00:00,42.45454545454545,659.3785930952696,61.34135184199835,1.8093249272191665,469.39434469251546,36.4597,100.0,116.37868917493734,116.37868917493734,79.5500025,290.71875,395.125
2013-10-19 18:00:00,548.4,1094.1128184259703,37.27020384593256,1.0934880547162755,859.6601673889497,754.1261,41.15,734.3897129822114,734.3897129822114,850.5,743.53125,928.0
2013-06-04 20:00:00,156.0909090909091,300.35420478079885,76.8580530105294,3.749553027247452,171.00554366567673,190.4364,1.7333333333333334,162.90920443990768,162.90920443990768,205.9,357.0,224.0
2013-10-11 17:00:00,289.6666666666667,1223.9111895819865,26.607656930316484,0.9735524994778392,979.406257271622,268.577,100.0,228.6319042442783,228.6319042442783,324.85,712.5,876.5
2013-10-22 21:00:00,111.5,299.79778187222416,77.42556656805681,3.9076869770754303,167.84833025031514,13.6447,42.766666666666666,102.2553737073464,102.2553737073464,36.7500015,355.28125,279.625
2013-10-13 16:00:00,331.77777777777777,1302.843694897285,18.065512213854205,0.9157114603552564,1052.0803271207133,594.1005,91.68333333333334,548.4602709683695,548.4602709683695,752.225,549.375,1085.5
2013-07-23 15:00:00,679.1818181818181,897.2138209279343,47.14411010405332,1.2786852165219138,686.1276938932522,723.4541,28.216666666666665,659.5621230619533,659.5621230619533,722.85001,625.5625,778.75
2013-07-12 17:00:00,495.6363636363636,859.456633304028,49.2562941302139,1.3322809983908186,652.277353941714,524.2511,44.8,536.3846918933741,536.3846918933741,524.325,212.1875,664.5
2013-04-20 16:00:00,783.8,1088.9608435041084,36.04239424268689,1.0762360706314276,857.8327919360586,852.8483,0.0,792.753667485375,792.753667485375,864.35002,807.1875,905.75
2013-10-08 18:00:00,655.3,1064.350297185029,38.84586050761054,1.1172173938395078,833.3166116364458,613.5695,24.633333333333333,663.487052310274,663.487052310274,722.025,897.84375,892.0
2013-04-08 12:00:00,179.0909090909091,571.2104232016165,65.0826202704731,2.056664715015369,394.1519156949067,63.5836,100.0,134.49829020662543,134.49829020662543,226.2000025,59.3125,459.75
2013-02-19 18:00:00,106.0909090909091,1203.1367735124004,30.072447818744163,1.0057633241646486,957.9973228666972,252.4709,100.0,225.852486440916,225.852486440916,435.475005,492.09375,858.75
2013-07-07 18:00:00,74.54545454545455,733.7417359249628,56.12157969332912,1.558541320641577,539.8115323852284,163.9204,100.0,217.0235685180409,217.0235685180409,290.15,320.01562,580.5
2013-10-28 16:00:00,291.55555555555554,1344.7371466126194,13.21292844413489,0.8942922670955825,1089.61893799485,706.4859,100.0,632.3743396061782,632.3743396061782,810.50001,671.78125,1079.5
2013-11-22 21:00:00,172.8,396.62398433001545,73.49608710978278,3.026063684736759,244.32849282558405,80.6911,68.01666666666667,142.1241852694317,142.1241852694317,144.52501,293.4375,166.1875
2013-10-05 11:00:00,323.22222222222223,467.1017138211469,69.97812280176323,2.522350673099768,304.7750628984035,201.7223,68.5,235.03337130904805,235.03337130904805,284.100005,78.0,304.0
2013-07-16 16:00:00,648.1,911.2121282825956,46.24046932049297,1.2575539889368266,698.9427139521857,721.0318000000001,0.0,663.1111213923713,663.1111213923713,719.30001,476.25,768.5
2013-08-03 20:00:00,219.0,395.4186909126573,72.60874388461147,2.8802012991766395,247.60994886661305,268.95300000000003,5.333333333333333,245.79420351291432,245.79420351291432,296.025,463.6875,293.75
2013-01-09 13:00:00,223.7,1065.2318378691157,40.71445568892921,1.14787532123903,830.2254155441966,234.4122,100.0,250.64356739966536,250.64356739966536,340.700005,253.25,656.25
2013-04-04 14:00:00,449.6363636363636,1023.6791035530912,41.1204623393598,1.154924086816665,797.011002446882,725.8705000000001,7.933333333333334,719.3891686456125,719.3891686456125,584.1500100000001,500.75,873.25
2013-02-21 19:00:00,580.1,1006.692400639799,43.55493233486728,1.200364525587707,778.5878414297993,265.6263,100.0,295.55131188878363,295.55131188878363,434.87501,553.8125,323.625
2013-10-28 10:00:00,109.66666666666669,259.7456549041336,79.16135471572771,4.4860068156782775,136.90048662264053,37.3991,56.23333333333333,89.93921724397842,89.93921724397842,147.875003,2.46875,95.46875
2013-03-21 11:00:00,222.27272727272728,325.2625960611188,76.26216002999556,3.5967717545006206,188.2387275414776,174.5002,29.45,178.08583542874567,178.08583542874567,196.725005,15.0,260.125
2013-05-23 15:00:00,649.1818181818181,910.4567760199787,46.64002753295747,1.2667722745221512,697.4414608762911,523.0017,47.65,548.1077664182833,548.1077664182833,442.8,384.21875,753.5
2013-11-09 15:00:00,997.7,1360.7305196528853,11.597281303978976,0.8887763913353882,1103.5514342592817,1103.8430999999998,47.833333333333336,984.3062712954144,984.3062712954144,1087.475,1025.0312,1155.0
2013-07-30 14:00:00,557.0909090909091,811.574391305055,52.10728594109491,1.4153492998414756,608.8366550391675,631.3343,0.0,585.621574777937,585.621574777937,626.95001,459.4375,672.5
2013-04-06 11:00:00,154.9090909090909,284.90384258919124,77.88351116233466,4.045356272345023,157.21231671763655,166.97830000000002,4.25,144.9268200059056,144.9268200059056,171.1500025,10.375,213.1875
2013-01-19 14:00:00,153.0,1235.498313319702,28.32409048058664,0.9887966826450032,986.3438737397915,492.8921,100.0,470.1677262788541,470.1677262788541,588.175,233.1875,558.5
2013-02-06 13:00:00,721.9,1001.9941909100248,44.176848141402544,1.212907572203911,773.5429820980319,624.4662999999999,56.75,622.3994884456881,622.3994884456881,732.0250100000001,359.5625,438.75
2013-11-01 14:00:00,464.22222222222223,1256.910939165523,24.74705665869028,0.9585036503948512,1008.1754598801984,625.9315,60.6,653.8432760423078,653.8432760423078,673.80001,787.6875,987.75
2013-03-21 18:00:00,811.8181818181819,1076.6729379566289,38.1777329310948,1.1069289896298589,844.2583236372285,844.2777,14.333333333333334,779.8268813764863,779.8268813764863,859.35,755.75,810.5
2013-02-06 18:00:00,700.7272727272727,1231.2299319009403,28.20391621995368,0.987684941803923,983.1053741524424,729.4394,86.86666666666666,703.7091034004893,703.7091034004893,971.55001,676.5625,558.25
2013-10-30 10:00:00,79.55555555555556,266.7331498229875,78.87725339283644,4.380014912589288,142.13428973456374,16.1921,56.23333333333333,84.18515872260085,84.18515872260085,92.85,6.25,109.40625
2013-11-22 13:00:00,853.1111111111111,1118.9734590228672,36.73009521542082,1.0857701394963868,880.2121856498502,744.3745,44.63333333333333,733.3327911186002,733.3327911186002,849.15002,602.59375,868.75
2013-04-05 11:00:00,157.8181818181818,287.4684113332881,77.77981505362072,4.013341826061579,159.16223982414033,163.2133,0.0,145.1438052996042,145.1438052996042,132.9,10.40625,222.5
2013-10-19 15:00:00,792.3,1312.2699360125182,17.35743717574109,0.9121126869894371,1060.2974971527144,1011.0852,77.56666666666666,897.5131343597457,897.5131343597457,1033.800025,941.40625,1098.0
2013-05-23 16:00:00,675.0,933.6157818413724,45.24763285888741,1.235472526477936,718.4057037365241,703.7420999999999,20.133333333333333,663.4447357189459,663.4447357189459,615.775,561.28125,779.25
2013-10-16 18:00:00,761.5,1086.315449778184,37.6837415104008,1.099538011905706,852.7607918311669,863.6793,55.48333333333333,785.0523491431786,785.0523491431786,866.25,808.96875,908.0
2013-03-29 20:00:00,183.54545454545453,573.5249154932144,65.12604310158262,2.0599831516106546,395.5865566579206,227.5175,85.03333333333333,257.61875270284247,257.61875270284247,381.375005,393.5,408.375
2013-06-01 20:00:00,173.72727272727272,303.53590631564623,76.72766220228186,3.71501670066548,173.45467628201737,179.7925,0.0,162.69940150937333,162.69940150937333,219.925,396.0625,231.75
2013-10-26 17:00:00,926.8888888888888,1264.6670142434157,23.582750824055445,0.949823411496957,1015.7753865114976,972.5944,17.133333333333333,917.2324559084702,917.2324559084702,1006.80001,953.34375,1079.5
2013-07-31 19:00:00,328.5,623.6312510622819,61.84745173496165,1.838829209583952,442.2716699421962,458.0543,0.0,434.2851787388881,434.2851787388881,477.75001,620.375,424.875
2013-10-23 11:00:00,378.0,552.0431134456226,66.37965539076141,2.1611305430378875,376.068127229453,333.0808,24.066666666666663,348.55851419234364,348.55851419234364,357.175005,138.625,360.0
2013-08-28 15:00:00,778.8181818181819,1066.2060525818745,37.07476592975828,1.0906715541876544,838.0872477282052,862.2867,10.05,782.332132219172,782.332132219172,863.07503,769.34375,872.75
2013-03-15 18:00:00,192.9090909090909,1107.8373244068812,36.27338452972207,1.0794024702973677,872.286887190383,240.2978,100.0,238.4245214677268,238.4245214677268,342.425005,374.5625,711.5
2013-07-15 19:00:00,379.3,573.9706180924103,64.1689245963979,1.9894743975052345,399.3787790131988,334.0095,60.71666666666667,351.58113725904843,351.58113725904843,414.30001,347.1875,435.875
2013-09-27 21:00:00,35.6,240.6262508570288,79.79455683079536,4.741440589734839,123.53188404996594,12.3364,92.0,51.18105397184094,51.18105397184094,128.6250025,302.78125,194.125
2013-02-16 13:00:00,720.7,976.9184671498758,45.42756835415521,1.239389467560008,751.302176457536,757.804,0.0,703.1580838977216,703.1580838977216,747.27501,402.6875,853.0
2013-11-12 17:00:00,1031.4444444444443,1299.7811491888865,20.849952701138665,0.931536439555006,1046.984187192164,1057.407,0.0,968.3243208591562,968.3243208591562,1068.875025,1094.2188,1127.0
2013-03-13 15:00:00,918.818181818182,1234.735982323068,26.156899329305656,0.9697695892866351,988.6502067219776,999.8391,2.6166666666666667,915.0391608845752,915.0391608845752,985.1,422.28125,1040.0
2013-07-28 14:00:00,564.2727272727273,804.0840122646974,52.494248101773486,1.4277045802157808,602.1888869069159,632.5745000000001,0.0,583.3118574879705,583.3118574879705,618.875,458.78125,669.25
2013-01-18 19:00:00,310.3,1055.7700736387792,41.22790819526324,1.1568136734613683,821.7675024713224,217.6157,100.0,235.2671362603849,235.2671362603849,396.525015,507.5,290.875
2013-09-01 11:00:00,120.54545454545456,268.0338724151972,78.45275133830991,4.230564396113131,145.0642370212406,72.6079,83.55,101.8655942905277,101.8655942905277,110.875,9.46875,185.0625
2013-08-22 14:00:00,598.1818181818181,921.555465894091,46.24773713156057,1.2577199285075933,706.8597156151399,683.1524000000001,4.5,651.360722695218,651.360722695218,695.10001,563.40625,778.0
2013-11-19 21:00:00,26.3,386.6124391902426,73.90649566175328,3.098804231914666,236.24000535414856,19.0854,100.0,78.21922288344544,78.21922288344544,10.375,75.4375,248.25
2013-09-10 17:00:00,739.0909090909091,1107.2054409606449,34.6117628990284,1.0574077427972692,874.6889443544104,877.3815,0.0,809.7558159974768,809.7558159974768,874.00001,955.59375,944.25
2013-07-20 19:00:00,348.7,588.1565575965121,63.504188074256334,1.9435658843682035,411.6113448371651,315.9675,5.5,361.924848102546,361.924848102546,355.6,597.8125,467.625
2013-02-04 21:00:00,131.0,507.8867584354179,68.69737054573481,2.379791824701237,337.000983039305,28.888700000000004,100.0,103.30374793188317,103.30374793188317,172.75,357.5,73.09375
2013-09-16 15:00:00,141.5,1169.9232559423458,29.91218817592919,1.004144917588682,931.7831460590656,384.8952,100.0,363.64996734812814,363.64996734812814,399.2,460.9375,999.25
2013-02-08 17:00:00,1057.0,1342.8928230966214,15.87866712528905,0.9051294426083348,1086.2455296359003,1070.3125,5.5,993.9800572237908,993.9800572237908,1072.67505,916.625,968.0
2013-07-09 20:00:00,119.54545454545456,327.635384603494,75.58899542869197,3.4386058503937105,192.87672960581872,79.5434,96.15,110.271207450057,110.271207450057,183.37500125,389.34375,211.3125
2013-02-06 12:00:00,499.9090909090909,744.6186036621045,57.793528503103495,1.629553879212705,542.6489277645145,439.2186,50.16666666666666,451.2646809383426,451.2646809383426,508.15001,150.875,228.0
2013-10-14 20:00:00,193.0,587.223762909447,64.64222705083165,2.0236630071738406,406.86344609214495,28.6553,100.0,111.2420471663637,111.2420471663637,160.97500250000002,398.21875,249.1875
2013-05-27 17:00:00,619.1818181818181,867.3878420302519,49.07882493606591,1.3275361306542357,658.7372043077532,706.5696,0.0,639.9031512682025,639.9031512682025,692.7,727.25,741.0
2013-04-18 15:00:00,789.3636363636364,1070.871545102574,37.41265875768431,1.095558197020362,841.1382411479034,861.1288999999999,0.0,784.6903041361846,784.6903041361846,861.12502,735.75,890.5
2013-05-24 17:00:00,522.6363636363636,876.6536036451195,48.59873245932769,1.3149299498593487,666.960828340651,554.8352,97.98333333333332,519.6797919636979,519.6797919636979,609.1500100000001,499.10938,722.25
2013-10-19 20:00:00,135.0,599.6967178493171,64.13950225757083,1.9873913029065728,417.3880653244304,341.7184,11.75,373.6843261581706,373.6843261581706,427.0,557.8125,512.25
2013-08-15 16:00:00,783.4,1031.9788023474002,39.03854384881649,1.1202484076662558,807.6075340942615,832.6113,0.0,757.6814133362049,757.6814133362049,851.62502,804.8906,902.5
2013-04-17 15:00:00,800.8181818181819,1075.9074589240386,37.10075020380096,1.0910444553084222,845.6657037424616,875.8583,0.0,792.6700944590143,792.6700944590143,866.7750100000001,740.5625,903.0
2013-05-10 15:00:00,723.2727272727273,963.6117791823788,43.71603760634077,1.2035753213510527,744.9207160509598,775.5056000000001,5.5,705.9951751268875,705.9951751268875,758.57502,666.0625,772.5
2013-10-08 14:00:00,830.4444444444445,1177.4312281501338,30.50522045487039,1.010199425267586,936.8899834757829,821.3883000000001,25.75,808.2772362834,808.2772362834,812.975,790.1875,968.75
2013-01-06 15:00:00,522.2727272727273,1368.758347114084,13.159932130835868,0.8940989645361295,1109.117192867129,324.0907,100.0,231.3238579061915,231.3238579061915,388.125,530.84375,1052.5
2013-08-19 15:00:00,760.9090909090909,1017.5153898484944,40.13217567455859,1.1380134534454207,794.1927056032177,828.0468,0.0,749.8983978944775,749.8983978944775,813.70002,725.1406,878.25
2013-04-20 13:00:00,532.1,772.4821503939205,54.99917953371824,1.5149236837014526,571.6659898064468,572.1358,0.0,543.5828751824233,543.5828751824233,577.17501,353.75,611.0
2013-11-23 20:00:00,149.44444444444446,697.0427982621869,60.060522936661606,1.7392796135763426,500.71684392269526,212.579,99.2,255.67155583675776,255.67155583675776,502.625005,447.78125,438.0
2013-02-15 14:00:00,744.9090909090909,1181.8817885247863,31.92770415072691,1.0254757043121736,938.2315894490092,733.3063,71.76666666666667,716.6401893025248,716.6401893025248,797.87501,457.0625,508.0
2013-02-05 11:00:00,283.8181818181818,450.6355704039258,71.18919349680571,2.674857186545484,288.8739152470317,161.7872,100.0,186.20122390181683,186.20122390181683,228.8500025,31.4375,113.28125
2013-09-06 14:00:00,683.1818181818181,1007.397472426228,41.37291510365631,1.159380083337786,783.8201357377546,749.3235,9.383333333333333,716.9220491899031,716.9220491899031,777.70001,630.71875,838.0
2013-03-11 21:00:00,83.63636363636364,375.6414642816909,74.1699979411512,3.147429218069722,228.3024970893449,20.3814,42.766666666666666,126.66979903026288,126.66979903026288,4.075000075,250.78125,222.5
2013-09-09 13:00:00,558.1,843.7381345585661,51.13311112000727,1.385441939778911,635.5978956724214,658.4298,0.0,609.0793104673432,609.0793104673432,630.2750000000001,431.59375,682.0
2013-03-14 16:00:00,352.2,1275.656321206102,21.900686966003,0.938231920171788,1026.468415245922,350.808,100.0,295.724762902172,295.724762902172,383.275,405.78125,1009.0
2013-04-09 19:00:00,216.3,766.7830123827791,55.5365288537369,1.5354252261403794,565.8778993682664,263.582,100.0,298.3215944366258,298.3215944366258,420.775005,531.46875,603.0
2013-03-22 15:00:00,889.0,1198.8097312382629,28.865281008093604,0.9938886795339034,956.3009881754248,949.7917,47.43333333333333,861.1962671060888,861.1962671060888,948.85001,728.875,904.0
2013-02-01 13:00:00,731.2,1014.0756139349302,43.55461073041176,1.2003581426151817,784.2988348013415,708.4273,32.2,691.4019918447985,691.4019918447985,756.05,531.375,865.25
2013-10-26 11:00:00,116.66666666666669,563.1655087420855,65.91341599765374,2.122265175792776,385.47319847327145,34.1637,100.0,113.40840965491208,113.40840965491208,218.4,111.0,341.875
2013-09-17 12:00:00,215.9,649.8850707909027,61.23427181799234,1.8032203600005552,462.9991988716155,163.889,100.0,213.6027297554045,213.6027297554045,369.425,144.9375,505.5
2013-04-03 21:00:00,25.727272727272727,244.73438945113685,79.63033049089447,4.672484867862663,126.53364554145942,13.6007,87.95,55.959632785111765,55.959632785111765,0.0,72.34375,147.0
2013-04-30 13:00:00,306.9,732.2423793887139,56.86697369452524,1.5892586445096797,536.4972359650911,228.6375,100.0,268.8332650178255,268.8332650178255,319.32501,183.03125,554.75
2013-02-11 21:00:00,172.0,491.8691886776555,69.34891678225635,2.4501149720391866,323.668471963619,213.1314,36.35,265.9194561555136,265.9194561555136,349.975005,418.34375,110.53125
2013-03-16 18:00:00,152.8181818181818,1102.8059796050625,36.58487082633767,1.0837297865602462,867.7604230621963,219.3401,100.0,217.8033307770401,217.8033307770401,355.475,499.46875,754.25
2013-09-14 16:00:00,310.1111111111111,1183.4981990520366,28.619838808688943,0.9915619262609924,944.426322696807,504.1564,100.0,483.0958478432914,483.0958478432914,469.525,588.46875,1013.5
2013-04-02 11:00:00,33.54545454545455,295.1084751540328,77.4715414498484,3.921084208327565,164.98916794046968,16.6417,100.0,57.76703811869234,57.76703811869234,80.7250025,5.8125,199.75
2013-08-10 15:00:00,743.0909090909091,971.8623150563556,42.871117302578526,1.187027535899965,753.1129123109888,810.3058,0.0,724.6876269716333,724.6876269716333,790.00001,694.40625,849.75
2013-01-18 20:00:00,84.81818181818181,809.8410918725389,54.76701119118689,1.506273827516515,600.0162776584376,128.8698,100.0,193.0621455783595,193.0621455783595,368.500005,351.53125,151.375
2013-01-15 13:00:00,411.3,1052.7056043592634,41.44738144148096,1.1607053331157868,818.9131083768062,622.3947000000001,98.66666666666669,592.2457804959469,592.2457804959469,643.95,218.65625,453.0
2013-06-02 20:00:00,157.0,302.36703138239034,76.77581321974864,3.7276956862803936,172.55312998168628,197.806,0.0,165.38455946319263,165.38455946319263,214.9250025,387.5,229.75
2013-10-26 21:00:00,93.7,310.9638472042606,76.97651951276744,3.781494679131728,176.4451126675586,38.1116,73.66666666666667,94.23724981355468,94.23724981355468,207.57500125,170.84375,209.375
2013-09-27 16:00:00,845.1111111111111,1242.6446170886131,23.79629966712144,0.9513743875629932,997.8446016685328,920.9971,1.5333333333333334,896.6351671592555,896.6351671592555,963.97501,933.71875,938.25
2013-03-06 15:00:00,564.0,1259.551709157116,24.172817645078496,0.9541536559721028,1010.9810459589352,776.1229,28.216666666666665,801.093808410107,801.093808410107,723.65002,832.8125,1073.0
2013-05-25 13:00:00,432.1,638.5504889302042,61.1917631463355,1.8008100266210931,455.0650950973404,407.3904,54.3,414.7670985763443,414.7670985763443,467.450005,258.09375,501.75
2013-04-15 12:00:00,391.09090909090907,548.6434111411498,66.0297901552633,2.131822690653582,375.09355973301,381.0575,6.066666666666666,368.3250689416892,368.3250689416892,386.075005,142.78125,420.625
2013-10-12 15:00:00,660.9,1288.3993190682413,19.83356147172717,0.9254436315464216,1038.8146245760922,810.3682,79.31666666666666,769.2707097811704,769.2707097811704,955.17501,322.09375,944.25
2013-04-04 15:00:00,489.6363636363636,1140.0386479330375,32.96975884749189,1.0373724247163167,903.3724961182398,586.8856,23.4,666.678923120193,666.678923120193,584.07501,682.3125,968.75
2013-11-20 17:00:00,376.3333333333333,1312.9965273122425,19.76417721299149,0.9250411778256602,1058.714269064351,763.8081999999999,81.96666666666667,732.570012472554,732.570012472554,944.17502,413.78125,923.5
2013-06-03 17:00:00,585.6363636363636,849.7109639410368,49.9806769541937,1.3521394950824164,643.0830563888867,659.6198,0.0,612.6398610458691,612.6398610458691,670.2,695.4844,696.0
2013-08-07 16:00:00,695.6,993.9486790761028,41.38017290786694,1.1595090291302228,773.3414354904178,837.0934,0.0,744.6408739669803,744.6408739669803,821.0999999999999,781.0625,867.25
2013-09-08 12:00:00,381.54545454545456,595.3349693213776,63.70425339121874,1.95713284967589,415.9254487324319,432.117,0.0,409.60523827558376,409.60523827558376,428.325005,177.53125,242.0625
2013-01-03 20:00:00,407.45454545454544,796.532309071666,55.48771842871534,1.5335346187914904,587.9825523766735,88.6931,100.0,157.62796863643916,157.62796863643916,365.8,567.1875,612.25
2013-03-13 11:00:00,200.72727272727272,345.6039829373763,75.44930535126478,3.4075309006199523,204.14224451178623,116.465,70.98333333333333,154.23190134162022,154.23190134162022,196.075,9.6875,271.25
2013-10-07 13:00:00,702.7777777777778,1000.5747312816612,42.89686165988772,1.1875212472810477,775.3067534657084,753.7343999999999,0.0,714.3298094959819,714.3298094959819,659.0500099999999,565.40625,803.75
2013-05-22 18:00:00,393.1818181818182,756.2516684678797,55.24407328361416,1.5241826068283637,558.9539689748697,402.3922,83.26666666666667,407.36705491236967,407.36705491236967,421.00001,457.4375,539.5
2013-11-14 19:00:00,622.1111111111111,938.1658513464442,47.62572166080804,1.2903714420309726,716.2511419968467,717.2375,0.0,670.5052351670128,670.5052351670128,733.45001,861.46875,814.0
2013-05-12 20:00:00,92.0909090909091,349.8835094880432,74.77131644522727,3.26446074944611,209.9236955742656,18.7077,95.0,75.83412648246872,75.83412648246872,62.900000000000006,311.625,262.5
2013-08-27 18:00:00,659.1818181818181,916.1696980145516,46.69309303716556,1.2680113407250329,701.6933220314776,748.0892,0.0,676.2969330239092,676.2969330239092,741.8,854.25,779.25
2013-05-09 20:00:00,199.54545454545453,360.5293901832387,74.31803851974149,3.1754393919941872,218.44062985512096,240.7843,0.0,214.05182923408825,214.05182923408825,262.125,445.0,283.625
2013-11-09 21:00:00,141.8,353.698450939627,75.24856393607442,3.363859022202328,209.91876317997608,29.5131,62.71666666666667,108.37105657597218,108.37105657597218,181.35,359.53125,315.0
2013-10-12 14:00:00,767.3333333333334,1194.273679602391,29.31285359020569,0.9982070212735192,952.0477492133066,730.9751,74.26666666666667,713.9356428900644,713.9356428900644,841.50001,257.71875,856.75
2013-10-30 20:00:00,345.8888888888889,628.5271332396253,62.962429902220784,1.907862031942026,441.8489770353028,285.7765,52.73333333333333,330.5369729459473,330.5369729459473,464.425015,633.09375,470.125
2013-08-17 12:00:00,309.1818181818182,472.38336056921503,69.19127753042035,2.432697949317063,311.4853925408945,285.8366,6.183333333333334,297.5691623391733,297.5691623391733,324.525,113.46875,393.5
2013-01-23 16:00:00,694.3,1396.8176890496975,5.131457671168061,0.8741815010342132,1135.4773392750333,889.1830000000001,55.61666666666667,846.2480607105801,846.2480607105801,970.25001,936.84375,765.5
2013-08-19 14:00:00,661.6363636363636,905.2330715151888,47.14144607828195,1.2786214107403295,692.2665714071534,725.2661,0.0,662.2721179769776,662.2721179769776,711.37501,559.6094,780.0
2013-09-19 12:00:00,453.0,661.941343229812,60.68506397234066,1.7726381770277386,473.4509725848652,444.7849,52.16666666666666,443.8354559222676,443.8354559222676,495.62501,235.96875,519.75
2013-02-25 12:00:00,128.54545454545453,691.4561863824867,60.08820421615999,1.7407273756559267,496.61030784947553,122.3821,100.0,187.4348317752568,187.4348317752568,313.9,44.40625,341.125
2013-09-26 13:00:00,695.1111111111111,943.2902828934714,45.97602496774007,1.2515593190269372,724.171127980987,722.6072,0.0,675.9307448327936,675.9307448327936,702.35001,523.15625,746.5
2013-05-02 17:00:00,616.6363636363636,970.6284403626426,43.50964448496413,1.1994667217782864,750.793662393632,748.7602,71.18333333333334,687.1533463841105,687.1533463841105,737.5250100000001,711.25,660.5
2013-09-04 13:00:00,543.7,813.7841371720739,52.63936617414112,1.4324104700348492,609.0581497602781,454.1736,48.833333333333336,481.1944183760007,481.1944183760007,567.00001,268.375,649.5
2013-11-05 12:00:00,632.8,870.9522750210746,51.08876379660616,1.3841198136386343,656.219422806992,607.8387,42.25,589.1920332806249,589.1920332806249,652.72501,402.9375,633.25
2013-08-20 12:00:00,320.0,487.4737993273675,68.52296854337872,2.3616906986822785,324.1532194062431,292.9483,39.583333333333336,306.62933558666305,306.62933558666305,345.32500500000003,118.5,385.0
2013-03-01 14:00:00,887.3636363636364,1145.1971338692852,34.1625979272102,1.0517649107097928,905.476467084236,814.9622,6.2,809.7341880315016,809.7341880315016,845.625,661.375,979.75
2013-05-28 14:00:00,580.5454545454545,795.3023809645856,53.07403632570822,1.446748357468454,594.0528267744925,665.6651,0.0,591.9394587401297,591.9394587401297,639.35,483.0625,552.5
2013-11-04 15:00:00,1073.0,1352.248852774923,12.66518667780505,0.8923351474997586,1096.0484174859644,1107.8686,72.86666666666666,963.0907606256128,963.0907606256128,1096.225075,1007.59375,1121.0
2013-04-29 14:00:00,598.5454545454545,911.7856190812174,47.13616742408915,1.2784950091700007,697.2901356050972,477.9213,77.51666666666667,493.6223804781441,493.6223804781441,470.525,289.25,753.25
2013-08-01 14:00:00,439.54545454545456,819.4550827160854,51.69875031818816,1.402602776279356,615.834919956117,320.0287,89.96666666666667,356.7855730322889,356.7855730322889,356.0,406.26562,675.75
2013-02-21 18:00:00,683.9090909090909,1197.293452285102,30.466353611688668,1.0097970749744334,952.753396413318,550.2420999999999,91.55,548.1475004172243,548.1475004172243,540.37501,771.65625,544.25
2013-11-29 18:00:00,239.3,1183.4212672084163,32.248446746833665,1.0290722428018568,938.937394135274,252.9211,100.0,235.1154336860552,235.1154336860552,422.950015,390.0,829.5
2013-10-23 14:00:00,963.0,1233.324363689564,26.47227482986655,0.9724069189139298,987.1147611000312,983.8572,13.866666666666667,907.6588132240546,907.6588132240546,977.47501,835.4375,1010.0
2013-11-14 21:00:00,167.2,370.0119950294359,74.58469480123777,3.227199428773176,222.91095949621987,127.8829,37.95,180.72163225622964,180.72163225622964,206.40000625,443.625,312.375
2013-01-17 19:00:00,57.4,1055.493772560425,41.255692147745016,1.1573039584022426,821.4931388339531,118.7507,100.0,132.0235953769219,132.0235953769219,362.525005,503.21875,303.5
2013-07-21 20:00:00,34.09090909090909,357.479155662468,74.269886976918,3.166273039826079,216.8119016299453,21.1702,97.5,76.62485939361719,76.62485939361719,58.07500125,259.34375,245.5625
2013-03-31 13:00:00,608.8,848.2957184779962,51.47571357885864,1.3957695859463244,638.114083185725,619.9807999999999,21.58333333333333,592.5350655465649,592.5350655465649,645.825,424.875,706.5
2013-10-24 15:00:00,125.1,1326.9367225667866,15.720468142558804,0.9044242108667112,1073.459382794024,335.6512,100.0,254.10836961043012,254.10836961043012,356.75,148.40625,1020.75
2013-08-17 18:00:00,599.9090909090909,874.7509235234874,48.8643382789946,1.3218631067957411,664.8612985803541,684.5735999999999,0.0,632.8788728906568,632.8788728906568,706.925,807.46875,731.5
2013-10-07 15:00:00,945.0,1269.0368146650142,21.69927987525141,0.9369166697142752,1021.3533290212304,995.0825,0.0,935.7483561818748,935.7483561818748,904.275,920.0625,1073.5
2013-04-10 15:00:00,850.9,1110.8671080429608,34.88759234770982,1.060935387949277,877.1131317439439,758.2747999999999,22.516666666666666,757.4069549861314,757.4069549861314,751.25001,567.96875,936.5
2013-02-13 18:00:00,917.4545454545456,1218.2210661569804,29.057511333015054,0.9957313802161258,971.5091114740636,984.0117,0.0,900.5535832147863,900.5535832147863,977.25,1009.78125,706.0
2013-11-06 16:00:00,1075.7777777777778,1363.298775716409,10.660674486440218,0.8859305540156789,1106.1385710117431,1088.6847,84.03333333333333,943.30528854104,943.30528854104,1106.575025,906.71875,1149.0
2013-03-10 16:00:00,922.7,1291.918316281727,20.33483660411637,0.9284021118418988,1041.1653375161115,973.0226,75.48333333333333,874.7700738442365,874.7700738442365,1003.62501,900.21875,794.25
2013-09-12 19:00:00,403.9,772.3917511947867,55.00387443345217,1.515099876804159,571.5854486891591,488.3225,0.0,512.8167452284657,512.8167452284657,510.300005,673.0625,583.0
2013-01-02 19:00:00,151.8,1042.524766010854,42.13700491512747,1.1732180089811786,809.5045793143146,218.8031,100.0,240.36462570103333,240.36462570103333,384.8,392.65625,711.25
2013-02-12 14:00:00,934.4545454545456,1188.858940184438,31.48884942269593,1.0206467083366768,944.468140809602,954.9611,40.66666666666666,864.3837368179028,864.3837368179028,937.875,745.125,1015.75
2013-04-20 17:00:00,748.5454545454545,1035.434995128866,39.750386426590985,1.1317013295383656,808.9353546291945,804.2078,7.5,747.5816902310012,747.5816902310012,821.0,789.65625,856.25
2013-09-15 13:00:00,437.22222222222223,879.6708830774745,49.2995171103138,1.3334436767196818,667.5094338871558,318.8386,100.0,346.530735156687,346.530735156687,430.9,266.34375,718.75
2013-03-29 15:00:00,880.3636363636364,1168.046872953092,31.05792039144369,1.0160065120332658,928.5945573280204,645.2859000000001,70.88333333333334,655.2811418006767,655.2811418006767,649.87502,609.21875,994.75
2013-04-23 18:00:00,611.7272727272727,887.0285381144613,48.72227317653897,1.3181422075490614,674.5475900785065,698.2391,3.0,642.9985216275787,642.9985216275787,712.75002,801.0,739.0
2013-09-26 11:00:00,276.77777777777777,415.9945556095777,72.15279370739239,2.81075681580906,262.55324651751454,157.97760000000002,60.8,201.24823476824696,201.24823476824696,235.175005,54.75,266.375
2013-11-02 13:00:00,102.11111111111111,1093.8750009113153,37.81559435487991,1.1014931271543624,858.4439996729723,354.27990000000005,100.0,363.9327997218004,363.9327997218004,483.825,239.5625,849.25
2013-05-26 19:00:00,356.4,554.3072102139399,65.26316996011907,2.070540405860472,381.8327001356349,402.6102,22.633333333333333,383.4403890394435,383.4403890394435,420.475005,569.5625,446.375
2013-09-21 20:00:00,319.77777777777777,532.2663573452593,66.84295954673364,2.201318954731462,360.8266740535718,362.8522,0.0,352.70791871299565,352.70791871299565,398.175,479.84375,448.375
2013-03-12 16:00:00,605.4,1283.9237455257492,21.116001378522693,0.9331931201823286,1033.940866658999,682.6,66.18333333333334,687.6944372156397,687.6944372156397,627.5000133333334,633.71875,997.25
2013-07-08 16:00:00,476.3,892.4140813707726,47.31738094547339,1.2828548324929945,682.0514032496434,478.5972,86.9,478.7323419703465,478.7323419703465,485.725,490.57812,706.0
2013-01-12 15:00:00,967.2727272727273,1363.8263313212826,13.8982520305139,0.896868674197164,1104.6319331248092,1034.402,51.1,947.5525111277389,947.5525111277389,1028.275025,900.28125,854.75
2013-11-07 19:00:00,608.7777777777778,920.7456804861166,48.43835730656062,1.310792170138139,700.9166326851888,695.7488,0.0,654.6303625435872,654.6303625435872,720.32502,781.78125,789.75
2013-11-28 19:00:00,217.77777777777777,972.484377803148,45.95698124793948,1.251130840428113,746.6296193611406,203.1671,100.0,240.7226674568437,240.7226674568437,409.525,463.34375,762.75
2013-08-27 14:00:00,709.2727272727273,949.5823532084454,44.69009724536062,1.2235668048530637,731.9496250742607,786.7301,0.0,705.8300991648368,705.8300991648368,755.0749999999999,600.875,817.0
2013-05-23 13:00:00,207.9,645.1273287246742,60.88962708447196,1.783888895013306,460.75513317364926,186.981,100.0,228.14865734357116,228.14865734357116,305.5666733333333,180.34375,487.5
2013-01-31 17:00:00,982.818181818182,1353.7128338711564,14.722763512631827,0.9001590829889208,1095.8650412482466,1077.3597,5.083333333333333,1001.3924231452193,1001.3924231452193,1073.325025,1009.6875,891.5
2013-04-26 12:00:00,298.27272727272725,511.5509001564944,67.60058225920015,2.2706495559493254,343.8901470026497,246.8709,100.0,259.6469753107552,259.6469753107552,300.325,120.34375,382.625
2013-02-12 21:00:00,292.09090909090907,489.1103054986553,69.46204188972705,2.4627778178007724,321.3733930677424,341.4469,-0.3166666666666666,317.634010323907,317.634010323907,359.12501,498.34375,194.5
2013-08-30 18:00:00,536.3636363636364,928.3933655729996,46.04887151701177,1.2532023253807083,712.5664661302337,622.2515999999999,29.35,621.8446872606048,621.8446872606048,701.70001,733.4375,526.25
2013-07-03 14:00:00,550.2727272727273,747.8259586897271,55.37430881102001,1.5291639410650824,552.3544628320552,569.8195,0.0,534.1851379571773,534.1851379571773,570.70002,431.78125,646.5
2013-11-22 12:00:00,629.7,891.3702542196245,50.32429875241751,1.3618439594337026,673.6952184194646,612.7044999999999,13.45,609.4241155141912,609.4241155141912,647.7750100000001,409.53125,650.25
2013-04-11 18:00:00,624.6363636363636,956.0497695827798,45.06086853652366,1.2314457173940807,736.0960380163266,740.0017,0.0,688.3937255468442,688.3937255468442,752.95,758.28125,780.0
2013-04-15 13:00:00,572.0,792.2433862810683,54.08082218296039,1.481413592938845,588.9665840823511,574.7613,21.916666666666668,551.4594849307398,551.4594849307398,598.125,371.03125,638.0
2013-05-02 14:00:00,478.0,898.2414458492344,47.84252624851375,1.2957318999608909,685.2478882755073,632.7822,100.0,581.0026413883003,581.0026413883003,661.17502,531.8125,715.5
2013-03-20 19:00:00,371.7,883.9986458113498,49.82939847071804,1.34792592939094,669.428576644015,457.0832,91.56666666666666,458.949069197726,458.949069197726,640.8,803.5,686.0
2013-11-29 10:00:00,19.22222222222222,315.2307674818587,76.98051480111643,3.782581433002155,178.8455470347223,19.7723,81.48333333333333,78.0308726572809,78.0308726572809,118.25,6.8125,155.5
