date,GHI
2016-01-01 00:00:00,0.0
2016-01-01 01:00:00,0.0
2016-01-01 02:00:00,0.0
2016-01-01 03:00:00,0.0
2016-01-01 04:00:00,0.0
2016-01-01 05:00:00,0.0
2016-01-01 06:00:00,0.0
2016-01-01 07:00:00,0.0
2016-01-01 08:00:00,0.0
2016-01-01 09:00:00,0.450000025
2016-01-01 10:00:00,138.375003
2016-01-01 11:00:00,387.675005
2016-01-01 12:00:00,571.725
2016-01-01 13:00:00,753.575
2016-01-01 14:00:00,963.7750100000001
2016-01-01 15:00:00,1105.70005
2016-01-01 16:00:00,1012.775
2016-01-01 17:00:00,732.9000100000001
2016-01-01 18:00:00,588.6
2016-01-01 19:00:00,549.27502
2016-01-01 20:00:00,402.525
2016-01-01 21:00:00,241.75
2016-01-01 22:00:00,45.325
2016-01-01 23:00:00,0.0
2016-01-02 00:00:00,0.0
2016-01-02 01:00:00,0.0
2016-01-02 02:00:00,0.0
2016-01-02 03:00:00,0.0
2016-01-02 04:00:00,0.0
2016-01-02 05:00:00,0.0
2016-01-02 06:00:00,0.0
2016-01-02 07:00:00,0.0
2016-01-02 08:00:00,0.0
2016-01-02 09:00:00,1.475
2016-01-02 10:00:00,123.80000125000001
2016-01-02 11:00:00,354.000005
2016-01-02 12:00:00,597.5
2016-01-02 13:00:00,821.0250100000001
2016-01-02 14:00:00,974.77503
2016-01-02 15:00:00,958.725
2016-01-02 16:00:00,700.10001
2016-01-02 17:00:00,565.05
2016-01-02 18:00:00,505.45000500000003
2016-01-02 19:00:00,441.65000499999996
2016-01-02 20:00:00,271.10001
2016-01-02 21:00:00,84.62500125
2016-01-02 22:00:00,0.0
2016-01-02 23:00:00,0.0
2016-01-03 00:00:00,0.0
2016-01-03 01:00:00,0.0
2016-01-03 02:00:00,0.0
2016-01-03 03:00:00,0.0
2016-01-03 04:00:00,0.0
2016-01-03 05:00:00,0.0
2016-01-03 06:00:00,0.0
2016-01-03 07:00:00,0.0
2016-01-03 08:00:00,0.0
2016-01-03 09:00:00,1.675000075
2016-01-03 10:00:00,78.10000175
2016-01-03 11:00:00,192.725
2016-01-03 12:00:00,266.9750075
2016-01-03 13:00:00,518.45
2016-01-03 14:00:00,926.075
2016-01-03 15:00:00,1049.150025
2016-01-03 16:00:00,1087.175075
2016-01-03 17:00:00,1051.025025
2016-01-03 18:00:00,943.875
2016-01-03 19:00:00,741.4000100000001
2016-01-03 20:00:00,357.425005
2016-01-03 21:00:00,123.57499999999999
2016-01-03 22:00:00,6.52500025
2016-01-03 23:00:00,0.0
2016-01-04 00:00:00,0.0
2016-01-04 01:00:00,0.0
2016-01-04 02:00:00,0.0
2016-01-04 03:00:00,0.0
2016-01-04 04:00:00,0.0
2016-01-04 05:00:00,0.0
2016-01-04 06:00:00,0.0
2016-01-04 07:00:00,0.0
2016-01-04 08:00:00,0.0
2016-01-04 09:00:00,0.0
2016-01-04 10:00:00,113.35
2016-01-04 11:00:00,354.55001000000004
2016-01-04 12:00:00,607.775
2016-01-04 13:00:00,815.1
2016-01-04 14:00:00,841.07501
2016-01-04 15:00:00,935.82501
2016-01-04 16:00:00,846.75001
2016-01-04 17:00:00,840.1750099999999
2016-01-04 18:00:00,915.0250100000001
2016-01-04 19:00:00,627.700005
2016-01-04 20:00:00,601.0250100000001
2016-01-04 21:00:00,278.675
2016-01-04 22:00:00,41.400000000000006
2016-01-04 23:00:00,0.0
2016-01-05 00:00:00,0.0
2016-01-05 01:00:00,0.0
2016-01-05 02:00:00,0.0
2016-01-05 03:00:00,0.0
2016-01-05 04:00:00,0.0
2016-01-05 05:00:00,0.0
2016-01-05 06:00:00,0.0
2016-01-05 07:00:00,0.0
2016-01-05 08:00:00,0.0
2016-01-05 09:00:00,0.0
2016-01-05 10:00:00,89.175
2016-01-05 11:00:00,334.7750025
2016-01-05 12:00:00,523.4
2016-01-05 13:00:00,648.525
2016-01-05 14:00:00,711.55
2016-01-05 15:00:00,687.95
2016-01-05 16:00:00,658.25
2016-01-05 17:00:00,439.15002000000004
2016-01-05 18:00:00,469.775
2016-01-05 19:00:00,479.425005
2016-01-05 20:00:00,270.75
2016-01-05 21:00:00,57.599999999999994
2016-01-05 22:00:00,0.0
2016-01-05 23:00:00,0.0
2016-01-06 00:00:00,0.0
2016-01-06 01:00:00,0.0
2016-01-06 02:00:00,0.0
2016-01-06 03:00:00,0.0
2016-01-06 04:00:00,0.0
2016-01-06 05:00:00,0.0
2016-01-06 06:00:00,0.0
2016-01-06 07:00:00,0.0
2016-01-06 08:00:00,0.0
2016-01-06 09:00:00,0.0
2016-01-06 10:00:00,122.69999999999999
2016-01-06 11:00:00,328.6500125
2016-01-06 12:00:00,514.4000000000001
2016-01-06 13:00:00,651.07502
2016-01-06 14:00:00,779.95
2016-01-06 15:00:00,915.82501
2016-01-06 16:00:00,943.1750099999999
2016-01-06 17:00:00,908.575
2016-01-06 18:00:00,858.95001
2016-01-06 19:00:00,404.1
2016-01-06 20:00:00,356.02500499999996
2016-01-06 21:00:00,193.6250025
2016-01-06 22:00:00,15.7
2016-01-06 23:00:00,0.0
2016-01-07 00:00:00,0.0
2016-01-07 01:00:00,0.0
2016-01-07 02:00:00,0.0
2016-01-07 03:00:00,0.0
2016-01-07 04:00:00,0.0
2016-01-07 05:00:00,0.0
2016-01-07 06:00:00,0.0
2016-01-07 07:00:00,0.0
2016-01-07 08:00:00,0.0
2016-01-07 09:00:00,1.075
2016-01-07 10:00:00,113.25
2016-01-07 11:00:00,302.45
2016-01-07 12:00:00,486.20001
2016-01-07 13:00:00,646.4
2016-01-07 14:00:00,808.12501
2016-01-07 15:00:00,705.50001
2016-01-07 16:00:00,482.10001
2016-01-07 17:00:00,537.500005
2016-01-07 18:00:00,518.825
2016-01-07 19:00:00,477.525005
2016-01-07 20:00:00,407.875015
2016-01-07 21:00:00,139.5250025
2016-01-07 22:00:00,50.25
2016-01-07 23:00:00,0.0
2016-01-08 00:00:00,0.0
2016-01-08 01:00:00,0.0
2016-01-08 02:00:00,0.0
2016-01-08 03:00:00,0.0
2016-01-08 04:00:00,0.0
2016-01-08 05:00:00,0.0
2016-01-08 06:00:00,0.0
2016-01-08 07:00:00,0.0
2016-01-08 08:00:00,0.0
2016-01-08 09:00:00,0.0
2016-01-08 10:00:00,105.82500175
2016-01-08 11:00:00,329.875
2016-01-08 12:00:00,549.300005
2016-01-08 13:00:00,683.825
2016-01-08 14:00:00,746.05
2016-01-08 15:00:00,738.05002
2016-01-08 16:00:00,697.97501
2016-01-08 17:00:00,615.975
2016-01-08 18:00:00,582.3
2016-01-08 19:00:00,540.825
2016-01-08 20:00:00,433.800005
2016-01-08 21:00:00,299.42501000000004
2016-01-08 22:00:00,48.525
2016-01-08 23:00:00,0.975
2016-01-09 00:00:00,0.0
2016-01-09 01:00:00,0.0
2016-01-09 02:00:00,0.0
2016-01-09 03:00:00,0.0
2016-01-09 04:00:00,0.0
2016-01-09 05:00:00,0.0
2016-01-09 06:00:00,0.0
2016-01-09 07:00:00,0.0
2016-01-09 08:00:00,0.0
2016-01-09 09:00:00,0.0
2016-01-09 10:00:00,99.6000025
2016-01-09 11:00:00,232.7500025
2016-01-09 12:00:00,339.200005
2016-01-09 13:00:00,686.125
2016-01-09 14:00:00,916.32501
2016-01-09 15:00:00,1071.32505
2016-01-09 16:00:00,935.9000100000001
2016-01-09 17:00:00,954.42501
2016-01-09 18:00:00,862.625
2016-01-09 19:00:00,834.6
2016-01-09 20:00:00,616.45001
2016-01-09 21:00:00,367.85
2016-01-09 22:00:00,64.95
2016-01-09 23:00:00,3.47500025
2016-01-10 00:00:00,0.0
2016-01-10 01:00:00,0.0
2016-01-10 02:00:00,0.0
2016-01-10 03:00:00,0.0
2016-01-10 04:00:00,0.0
2016-01-10 05:00:00,0.0
2016-01-10 06:00:00,0.0
2016-01-10 07:00:00,0.0
2016-01-10 08:00:00,0.0
2016-01-10 09:00:00,0.175
2016-01-10 10:00:00,114.2250025
2016-01-10 11:00:00,362.90000499999996
2016-01-10 12:00:00,595.75
2016-01-10 13:00:00,805.325
2016-01-10 14:00:00,977.95001
2016-01-10 15:00:00,1101.475025
2016-01-10 16:00:00,899.8
2016-01-10 17:00:00,612.425
2016-01-10 18:00:00,691.15
2016-01-10 19:00:00,650.525
2016-01-10 20:00:00,608.65001
2016-01-10 21:00:00,362.375005
2016-01-10 22:00:00,123.8250025
2016-01-10 23:00:00,3.4
2016-01-11 00:00:00,0.0
2016-01-11 01:00:00,0.0
2016-01-11 02:00:00,0.0
2016-01-11 03:00:00,0.0
2016-01-11 04:00:00,0.0
2016-01-11 05:00:00,0.0
2016-01-11 06:00:00,0.0
2016-01-11 07:00:00,0.0
2016-01-11 08:00:00,0.0
2016-01-11 09:00:00,0.0
2016-01-11 10:00:00,99.55000025000001
2016-01-11 11:00:00,327.325
2016-01-11 12:00:00,529.95
2016-01-11 13:00:00,609.35002
2016-01-11 14:00:00,590.70002
2016-01-11 15:00:00,502.7
2016-01-11 16:00:00,528.30001
2016-01-11 17:00:00,537.80003
2016-01-11 18:00:00,496.17501000000004
2016-01-11 19:00:00,547.225
2016-01-11 20:00:00,324.1
2016-01-11 21:00:00,103.85
2016-01-11 22:00:00,9.875
2016-01-11 23:00:00,0.0
2016-01-12 00:00:00,0.0
2016-01-12 01:00:00,0.0
2016-01-12 02:00:00,0.0
2016-01-12 03:00:00,0.0
2016-01-12 04:00:00,0.0
2016-01-12 05:00:00,0.0
2016-01-12 06:00:00,0.0
2016-01-12 07:00:00,0.0
2016-01-12 08:00:00,0.0
2016-01-12 09:00:00,0.0
2016-01-12 10:00:00,102.1250025
2016-01-12 11:00:00,343.375
2016-01-12 12:00:00,578.975
2016-01-12 13:00:00,804.25001
2016-01-12 14:00:00,979.7
2016-01-12 15:00:00,1093.000025
2016-01-12 16:00:00,1045.975
2016-01-12 17:00:00,886.20002
2016-01-12 18:00:00,764.8
2016-01-12 19:00:00,776.325
2016-01-12 20:00:00,600.82502
2016-01-12 21:00:00,111.75000250000001
2016-01-12 22:00:00,99.275003
2016-01-12 23:00:00,1.65
2016-01-13 00:00:00,0.0
2016-01-13 01:00:00,0.0
2016-01-13 02:00:00,0.0
2016-01-13 03:00:00,0.0
2016-01-13 04:00:00,0.0
2016-01-13 05:00:00,0.0
2016-01-13 06:00:00,0.0
2016-01-13 07:00:00,0.0
2016-01-13 08:00:00,0.0
2016-01-13 09:00:00,0.0
2016-01-13 10:00:00,60.15000125
2016-01-13 11:00:00,216.14999999999998
2016-01-13 12:00:00,326.25001000000003
2016-01-13 13:00:00,390.725
2016-01-13 14:00:00,454.500005
2016-01-13 15:00:00,479.85
2016-01-13 16:00:00,404.200005
2016-01-13 17:00:00,327.125
2016-01-13 18:00:00,378.275005
2016-01-13 19:00:00,355.325
2016-01-13 20:00:00,275.975005
2016-01-13 21:00:00,166.0500025
2016-01-13 22:00:00,0.0
2016-01-13 23:00:00,0.0
2016-01-14 00:00:00,0.0
2016-01-14 01:00:00,0.0
2016-01-14 02:00:00,0.0
2016-01-14 03:00:00,0.0
2016-01-14 04:00:00,0.0
2016-01-14 05:00:00,0.0
2016-01-14 06:00:00,0.0
2016-01-14 07:00:00,0.0
2016-01-14 08:00:00,0.0
2016-01-14 09:00:00,0.0
2016-01-14 10:00:00,112.80000125000001
2016-01-14 11:00:00,362.025
2016-01-14 12:00:00,607.22501
2016-01-14 13:00:00,833.22501
2016-01-14 14:00:00,968.375
2016-01-14 15:00:00,837.42501
2016-01-14 16:00:00,1008.15
2016-01-14 17:00:00,1124.650075
2016-01-14 18:00:00,995.675
2016-01-14 19:00:00,736.825
2016-01-14 20:00:00,623.37501
2016-01-14 21:00:00,383.925
2016-01-14 22:00:00,138.3
2016-01-14 23:00:00,4.025
2016-01-15 00:00:00,0.0
2016-01-15 01:00:00,0.0
2016-01-15 02:00:00,0.0
2016-01-15 03:00:00,0.0
2016-01-15 04:00:00,0.0
2016-01-15 05:00:00,0.0
2016-01-15 06:00:00,0.0
2016-01-15 07:00:00,0.0
2016-01-15 08:00:00,0.0
2016-01-15 09:00:00,0.0
2016-01-15 10:00:00,103.05000000000001
2016-01-15 11:00:00,349.57501
2016-01-15 12:00:00,581.375
2016-01-15 13:00:00,806.55002
2016-01-15 14:00:00,982.0749999999999
2016-01-15 15:00:00,1082.07505
2016-01-15 16:00:00,984.825025
2016-01-15 17:00:00,671.30002
2016-01-15 18:00:00,564.75001
2016-01-15 19:00:00,406.04999999999995
2016-01-15 20:00:00,372.2
2016-01-15 21:00:00,175.60000250000002
2016-01-15 22:00:00,64.3500005
2016-01-15 23:00:00,3.575
2016-01-16 00:00:00,0.0
2016-01-16 01:00:00,0.0
2016-01-16 02:00:00,0.0
2016-01-16 03:00:00,0.0
2016-01-16 04:00:00,0.0
2016-01-16 05:00:00,0.0
2016-01-16 06:00:00,0.0
2016-01-16 07:00:00,0.0
2016-01-16 08:00:00,0.0
2016-01-16 09:00:00,0.0
2016-01-16 10:00:00,71.20000025
2016-01-16 11:00:00,235.10001
2016-01-16 12:00:00,407.75
2016-01-16 13:00:00,499.35001
2016-01-16 14:00:00,473.54999999999995
2016-01-16 15:00:00,510.975
2016-01-16 16:00:00,570.4000100000001
2016-01-16 17:00:00,518.675
2016-01-16 18:00:00,441.77501
2016-01-16 19:00:00,539.3250049999999
2016-01-16 20:00:00,328.850005
2016-01-16 21:00:00,151.575
2016-01-16 22:00:00,43.7250005
2016-01-16 23:00:00,3.275
2016-01-17 00:00:00,0.0
2016-01-17 01:00:00,0.0
2016-01-17 02:00:00,0.0
2016-01-17 03:00:00,0.0
2016-01-17 04:00:00,0.0
2016-01-17 05:00:00,0.0
2016-01-17 06:00:00,0.0
2016-01-17 07:00:00,0.0
2016-01-17 08:00:00,0.0
2016-01-17 09:00:00,0.0
2016-01-17 10:00:00,92.375
2016-01-17 11:00:00,299.15000499999996
2016-01-17 12:00:00,479.625015
2016-01-17 13:00:00,633.35
2016-01-17 14:00:00,705.875
2016-01-17 15:00:00,644.7250200000001
2016-01-17 16:00:00,644.175
2016-01-17 17:00:00,475.925
2016-01-17 18:00:00,633.275
2016-01-17 19:00:00,699.1500000000001
2016-01-17 20:00:00,547.00001
2016-01-17 21:00:00,298.375005
2016-01-17 22:00:00,69.97500050000001
2016-01-17 23:00:00,3.675
2016-01-18 00:00:00,0.0
2016-01-18 01:00:00,0.0
2016-01-18 02:00:00,0.0
2016-01-18 03:00:00,0.0
2016-01-18 04:00:00,0.0
2016-01-18 05:00:00,0.0
2016-01-18 06:00:00,0.0
2016-01-18 07:00:00,0.0
2016-01-18 08:00:00,0.0
2016-01-18 09:00:00,0.0
2016-01-18 10:00:00,65.875
2016-01-18 11:00:00,285.800005
2016-01-18 12:00:00,447.725005
2016-01-18 13:00:00,722.6500100000001
2016-01-18 14:00:00,964.40001
2016-01-18 15:00:00,917.9750200000001
2016-01-18 16:00:00,856.70001
2016-01-18 17:00:00,748.525
2016-01-18 18:00:00,747.57501
2016-01-18 19:00:00,676.87501
2016-01-18 20:00:00,539.2
2016-01-18 21:00:00,272.35
2016-01-18 22:00:00,94.40000125
2016-01-18 23:00:00,4.70000025
2016-01-19 00:00:00,0.0
2016-01-19 01:00:00,0.0
2016-01-19 02:00:00,0.0
2016-01-19 03:00:00,0.0
2016-01-19 04:00:00,0.0
2016-01-19 05:00:00,0.0
2016-01-19 06:00:00,0.0
2016-01-19 07:00:00,0.0
2016-01-19 08:00:00,0.0
2016-01-19 09:00:00,0.0
2016-01-19 10:00:00,96.55
2016-01-19 11:00:00,345.675
2016-01-19 12:00:00,605.2
2016-01-19 13:00:00,835.57501
2016-01-19 14:00:00,1015.5000249999999
2016-01-19 15:00:00,1101.0500000000002
2016-01-19 16:00:00,1075.0
2016-01-19 17:00:00,1062.8500250000002
2016-01-19 18:00:00,1007.650025
2016-01-19 19:00:00,769.92501
2016-01-19 20:00:00,626.6
2016-01-19 21:00:00,394.0
2016-01-19 22:00:00,146.0
2016-01-19 23:00:00,4.4
2016-01-20 00:00:00,0.0
2016-01-20 01:00:00,0.0
2016-01-20 02:00:00,0.0
2016-01-20 03:00:00,0.0
2016-01-20 04:00:00,0.0
2016-01-20 05:00:00,0.0
2016-01-20 06:00:00,0.0
2016-01-20 07:00:00,0.0
2016-01-20 08:00:00,0.0
2016-01-20 09:00:00,0.0
2016-01-20 10:00:00,95.95
2016-01-20 11:00:00,349.0250025
2016-01-20 12:00:00,606.625
2016-01-20 13:00:00,839.22501
2016-01-20 14:00:00,1020.35001
2016-01-20 15:00:00,1138.625
2016-01-20 16:00:00,1180.025
2016-01-20 17:00:00,1146.175
2016-01-20 18:00:00,1041.67501
2016-01-20 19:00:00,841.05002
2016-01-20 20:00:00,653.25
2016-01-20 21:00:00,403.20001
2016-01-20 22:00:00,150.475
2016-01-20 23:00:00,4.45000025
2016-01-21 00:00:00,0.0
2016-01-21 01:00:00,0.0
2016-01-21 02:00:00,0.0
2016-01-21 03:00:00,0.0
2016-01-21 04:00:00,0.0
2016-01-21 05:00:00,0.0
2016-01-21 06:00:00,0.0
2016-01-21 07:00:00,0.0
2016-01-21 08:00:00,0.0
2016-01-21 09:00:00,0.0
2016-01-21 10:00:00,92.67500125000001
2016-01-21 11:00:00,342.575
2016-01-21 12:00:00,598.025
2016-01-21 13:00:00,831.025
2016-01-21 14:00:00,1012.825025
2016-01-21 15:00:00,1128.600025
2016-01-21 16:00:00,1170.1
2016-01-21 17:00:00,1136.275025
2016-01-21 18:00:00,1018.025025
2016-01-21 19:00:00,857.52502
2016-01-21 20:00:00,641.5250100000001
2016-01-21 21:00:00,394.60001
2016-01-21 22:00:00,133.175
2016-01-21 23:00:00,4.1
2016-01-22 00:00:00,0.0
2016-01-22 01:00:00,0.0
2016-01-22 02:00:00,0.0
2016-01-22 03:00:00,0.0
2016-01-22 04:00:00,0.0
2016-01-22 05:00:00,0.0
2016-01-22 06:00:00,0.0
2016-01-22 07:00:00,0.0
2016-01-22 08:00:00,0.0
2016-01-22 09:00:00,0.0
2016-01-22 10:00:00,81.27500275
2016-01-22 11:00:00,320.7750075
2016-01-22 12:00:00,554.175005
2016-01-22 13:00:00,784.67501
2016-01-22 14:00:00,966.05002
2016-01-22 15:00:00,1072.62505
2016-01-22 16:00:00,1117.90005
2016-01-22 17:00:00,1087.57505
2016-01-22 18:00:00,995.05002
2016-01-22 19:00:00,832.60001
2016-01-22 20:00:00,585.60002
2016-01-22 21:00:00,229.075
2016-01-22 22:00:00,43.3500025
2016-01-22 23:00:00,2.97500025
2016-01-23 00:00:00,0.0
2016-01-23 01:00:00,0.0
2016-01-23 02:00:00,0.0
2016-01-23 03:00:00,0.0
2016-01-23 04:00:00,0.0
2016-01-23 05:00:00,0.0
2016-01-23 06:00:00,0.0
2016-01-23 07:00:00,0.0
2016-01-23 08:00:00,0.0
2016-01-23 09:00:00,0.0
2016-01-23 10:00:00,72.67500375
2016-01-23 11:00:00,302.7250025
2016-01-23 12:00:00,560.22501
2016-01-23 13:00:00,790.3000099999999
2016-01-23 14:00:00,972.42502
2016-01-23 15:00:00,1099.65
2016-01-23 16:00:00,998.20001
2016-01-23 17:00:00,1060.90005
2016-01-23 18:00:00,839.075
2016-01-23 19:00:00,685.95002
2016-01-23 20:00:00,553.15002
2016-01-23 21:00:00,365.650005
2016-01-23 22:00:00,82.35
2016-01-23 23:00:00,0.0
2016-01-24 00:00:00,0.0
2016-01-24 01:00:00,0.0
2016-01-24 02:00:00,0.0
2016-01-24 03:00:00,0.0
2016-01-24 04:00:00,0.0
2016-01-24 05:00:00,0.0
2016-01-24 06:00:00,0.0
2016-01-24 07:00:00,0.0
2016-01-24 08:00:00,0.0
2016-01-24 09:00:00,0.0
2016-01-24 10:00:00,66.3750005
2016-01-24 11:00:00,291.5500025
2016-01-24 12:00:00,555.1
2016-01-24 13:00:00,788.175
2016-01-24 14:00:00,971.375025
2016-01-24 15:00:00,1097.225025
2016-01-24 16:00:00,1146.55005
2016-01-24 17:00:00,1120.975025
2016-01-24 18:00:00,1001.1500100000001
2016-01-24 19:00:00,536.9750200000001
2016-01-24 20:00:00,442.62501000000003
2016-01-24 21:00:00,343.95000500000003
2016-01-24 22:00:00,55.8
2016-01-24 23:00:00,0.0
2016-01-25 00:00:00,0.0
2016-01-25 01:00:00,0.0
2016-01-25 02:00:00,0.0
2016-01-25 03:00:00,0.0
2016-01-25 04:00:00,0.0
2016-01-25 05:00:00,0.0
2016-01-25 06:00:00,0.0
2016-01-25 07:00:00,0.0
2016-01-25 08:00:00,0.0
2016-01-25 09:00:00,0.0
2016-01-25 10:00:00,75.80000375
2016-01-25 11:00:00,318.775
2016-01-25 12:00:00,595.57501
2016-01-25 13:00:00,724.70001
2016-01-25 14:00:00,796.50001
2016-01-25 15:00:00,914.72501
2016-01-25 16:00:00,934.05003
2016-01-25 17:00:00,812.55001
2016-01-25 18:00:00,694.67501
2016-01-25 19:00:00,558.5
2016-01-25 20:00:00,356.6
2016-01-25 21:00:00,156.2500025
2016-01-25 22:00:00,82.80000225
2016-01-25 23:00:00,3.425
2016-01-26 00:00:00,0.0
2016-01-26 01:00:00,0.0
2016-01-26 02:00:00,0.0
2016-01-26 03:00:00,0.0
2016-01-26 04:00:00,0.0
2016-01-26 05:00:00,0.0
2016-01-26 06:00:00,0.0
2016-01-26 07:00:00,0.0
2016-01-26 08:00:00,0.0
2016-01-26 09:00:00,0.0
2016-01-26 10:00:00,73.375000075
2016-01-26 11:00:00,308.2500025
2016-01-26 12:00:00,455.175
2016-01-26 13:00:00,544.95002
2016-01-26 14:00:00,680.15002
2016-01-26 15:00:00,780.70002
2016-01-26 16:00:00,810.05
2016-01-26 17:00:00,728.87501
2016-01-26 18:00:00,637.35
2016-01-26 19:00:00,518.175
2016-01-26 20:00:00,302.34999999999997
2016-01-26 21:00:00,50.30000125
2016-01-26 22:00:00,0.0
2016-01-26 23:00:00,2.72500025
2016-01-27 00:00:00,0.0
2016-01-27 01:00:00,0.0
2016-01-27 02:00:00,0.0
2016-01-27 03:00:00,0.0
2016-01-27 04:00:00,0.0
2016-01-27 05:00:00,0.0
2016-01-27 06:00:00,0.0
2016-01-27 07:00:00,0.0
2016-01-27 08:00:00,0.0
2016-01-27 09:00:00,0.0
2016-01-27 10:00:00,77.550003825
2016-01-27 11:00:00,299.000005
2016-01-27 12:00:00,503.275
2016-01-27 13:00:00,675.925
2016-01-27 14:00:00,881.45
2016-01-27 15:00:00,1093.850025
2016-01-27 16:00:00,1148.375
2016-01-27 17:00:00,1117.200025
2016-01-27 18:00:00,1011.7750100000001
2016-01-27 19:00:00,845.6500100000001
2016-01-27 20:00:00,610.925
2016-01-27 21:00:00,258.45
2016-01-27 22:00:00,13.0
2016-01-27 23:00:00,2.625
2016-01-28 00:00:00,0.0
2016-01-28 01:00:00,0.0
2016-01-28 02:00:00,0.0
2016-01-28 03:00:00,0.0
2016-01-28 04:00:00,0.0
2016-01-28 05:00:00,0.0
2016-01-28 06:00:00,0.0
2016-01-28 07:00:00,0.0
2016-01-28 08:00:00,0.0
2016-01-28 09:00:00,0.0
2016-01-28 10:00:00,70.625
2016-01-28 11:00:00,283.6000025
2016-01-28 12:00:00,520.72501
2016-01-28 13:00:00,769.65003
2016-01-28 14:00:00,952.85
2016-01-28 15:00:00,1048.05
2016-01-28 16:00:00,1110.95005
2016-01-28 17:00:00,698.3
2016-01-28 18:00:00,575.32501
2016-01-28 19:00:00,661.90002
2016-01-28 20:00:00,316.90000499999996
2016-01-28 21:00:00,59.425
2016-01-28 22:00:00,0.0
2016-01-28 23:00:00,0.0
2016-01-29 00:00:00,0.0
2016-01-29 01:00:00,0.0
2016-01-29 02:00:00,0.0
2016-01-29 03:00:00,0.0
2016-01-29 04:00:00,0.0
2016-01-29 05:00:00,0.0
2016-01-29 06:00:00,0.0
2016-01-29 07:00:00,0.0
2016-01-29 08:00:00,0.0
2016-01-29 09:00:00,0.0
2016-01-29 10:00:00,59.85000050000001
2016-01-29 11:00:00,281.925
2016-01-29 12:00:00,475.85
2016-01-29 13:00:00,713.95001
2016-01-29 14:00:00,769.9
2016-01-29 15:00:00,713.1500100000001
2016-01-29 16:00:00,785.525
2016-01-29 17:00:00,540.525
2016-01-29 18:00:00,571.5250149999999
2016-01-29 19:00:00,441.32501
2016-01-29 20:00:00,363.45000500000003
2016-01-29 21:00:00,177.47500374999998
2016-01-29 22:00:00,72.6250005
2016-01-29 23:00:00,1.925000075
2016-01-30 00:00:00,0.0
2016-01-30 01:00:00,0.0
2016-01-30 02:00:00,0.0
2016-01-30 03:00:00,0.0
2016-01-30 04:00:00,0.0
2016-01-30 05:00:00,0.0
2016-01-30 06:00:00,0.0
2016-01-30 07:00:00,0.0
2016-01-30 08:00:00,0.0
2016-01-30 09:00:00,0.0
2016-01-30 10:00:00,49.224999999999994
2016-01-30 11:00:00,225.9500025
2016-01-30 12:00:00,359.125
2016-01-30 13:00:00,592.475
2016-01-30 14:00:00,795.55
2016-01-30 15:00:00,649.62501
2016-01-30 16:00:00,583.775
2016-01-30 17:00:00,573.125005
2016-01-30 18:00:00,564.675
2016-01-30 19:00:00,434.975005
2016-01-30 20:00:00,299.35
2016-01-30 21:00:00,124.65000375000001
2016-01-30 22:00:00,20.5
2016-01-30 23:00:00,0.0
2016-01-31 00:00:00,0.0
2016-01-31 01:00:00,0.0
2016-01-31 02:00:00,0.0
2016-01-31 03:00:00,0.0
2016-01-31 04:00:00,0.0
2016-01-31 05:00:00,0.0
2016-01-31 06:00:00,0.0
2016-01-31 07:00:00,0.0
2016-01-31 08:00:00,0.0
2016-01-31 09:00:00,0.0
2016-01-31 10:00:00,67.02500025
2016-01-31 11:00:00,301.9000075
2016-01-31 12:00:00,470.20001
2016-01-31 13:00:00,787.825
2016-01-31 14:00:00,777.125
2016-01-31 15:00:00,792.475
2016-01-31 16:00:00,710.55002
2016-01-31 17:00:00,594.850005
2016-01-31 18:00:00,488.40000499999996
2016-01-31 19:00:00,447.32501
2016-01-31 20:00:00,429.15
2016-01-31 21:00:00,130.775
2016-01-31 22:00:00,3.47500025
2016-01-31 23:00:00,0.2
2016-02-01 00:00:00,0.0
2016-02-01 01:00:00,0.0
2016-02-01 02:00:00,0.0
2016-02-01 03:00:00,0.0
2016-02-01 04:00:00,0.0
2016-02-01 05:00:00,0.0
2016-02-01 06:00:00,0.0
2016-02-01 07:00:00,0.0
2016-02-01 08:00:00,0.0
2016-02-01 09:00:00,0.0
2016-02-01 10:00:00,53.57500025
2016-02-01 11:00:00,249.1
2016-02-01 12:00:00,376.45001
2016-02-01 13:00:00,448.875
2016-02-01 14:00:00,590.075015
2016-02-01 15:00:00,607.475
2016-02-01 16:00:00,524.075005
2016-02-01 17:00:00,507.15000499999996
2016-02-01 18:00:00,413.57500000000005
2016-02-01 19:00:00,336.4
2016-02-01 20:00:00,232.8750025
2016-02-01 21:00:00,94.7500025
2016-02-01 22:00:00,0.0
2016-02-01 23:00:00,0.0
2016-02-02 00:00:00,0.0
2016-02-02 01:00:00,0.0
2016-02-02 02:00:00,0.0
2016-02-02 03:00:00,0.0
2016-02-02 04:00:00,0.0
2016-02-02 05:00:00,0.0
2016-02-02 06:00:00,0.0
2016-02-02 07:00:00,0.0
2016-02-02 08:00:00,0.0
2016-02-02 09:00:00,0.0
2016-02-02 10:00:00,63.5500005
2016-02-02 11:00:00,261.4250025
2016-02-02 12:00:00,429.70001
2016-02-02 13:00:00,574.15
2016-02-02 14:00:00,642.25001
2016-02-02 15:00:00,767.0500099999999
2016-02-02 16:00:00,704.12501
2016-02-02 17:00:00,535.525005
2016-02-02 18:00:00,407.425005
2016-02-02 19:00:00,346.45000500000003
2016-02-02 20:00:00,427.75001
2016-02-02 21:00:00,160.725
2016-02-02 22:00:00,27.049999999999997
2016-02-02 23:00:00,0.0
2016-02-03 00:00:00,0.0
2016-02-03 01:00:00,0.0
2016-02-03 02:00:00,0.0
2016-02-03 03:00:00,0.0
2016-02-03 04:00:00,0.0
2016-02-03 05:00:00,0.0
2016-02-03 06:00:00,0.0
2016-02-03 07:00:00,0.0
2016-02-03 08:00:00,0.0
2016-02-03 09:00:00,0.0
2016-02-03 10:00:00,63.825000249999995
2016-02-03 11:00:00,306.9250075
2016-02-03 12:00:00,530.425
2016-02-03 13:00:00,769.875
2016-02-03 14:00:00,956.5
2016-02-03 15:00:00,1046.35005
2016-02-03 16:00:00,1033.725
2016-02-03 17:00:00,944.3
2016-02-03 18:00:00,842.5250100000001
2016-02-03 19:00:00,800.9750200000001
2016-02-03 20:00:00,595.125
2016-02-03 21:00:00,274.075
2016-02-03 22:00:00,73.9500025
2016-02-03 23:00:00,1.125
2016-02-04 00:00:00,0.0
2016-02-04 01:00:00,0.0
2016-02-04 02:00:00,0.0
2016-02-04 03:00:00,0.0
2016-02-04 04:00:00,0.0
2016-02-04 05:00:00,0.0
2016-02-04 06:00:00,0.0
2016-02-04 07:00:00,0.0
2016-02-04 08:00:00,0.0
2016-02-04 09:00:00,0.0
2016-02-04 10:00:00,52.725001250000005
2016-02-04 11:00:00,278.975
2016-02-04 12:00:00,535.800005
2016-02-04 13:00:00,771.4
2016-02-04 14:00:00,956.675
2016-02-04 15:00:00,1076.575025
2016-02-04 16:00:00,1012.7250200000001
2016-02-04 17:00:00,570.375025
2016-02-04 18:00:00,411.05
2016-02-04 19:00:00,514.1
2016-02-04 20:00:00,324.825
2016-02-04 21:00:00,206.875
2016-02-04 22:00:00,18.1
2016-02-04 23:00:00,0.0
2016-02-05 00:00:00,0.0
2016-02-05 01:00:00,0.0
2016-02-05 02:00:00,0.0
2016-02-05 03:00:00,0.0
2016-02-05 04:00:00,0.0
2016-02-05 05:00:00,0.0
2016-02-05 06:00:00,0.0
2016-02-05 07:00:00,0.0
2016-02-05 08:00:00,0.0
2016-02-05 09:00:00,0.0
2016-02-05 10:00:00,55.825
2016-02-05 11:00:00,287.875
2016-02-05 12:00:00,511.37501000000003
2016-02-05 13:00:00,648.875
2016-02-05 14:00:00,923.85001
2016-02-05 15:00:00,1000.8249999999999
2016-02-05 16:00:00,1018.550025
2016-02-05 17:00:00,1087.150025
2016-02-05 18:00:00,984.1750099999999
2016-02-05 19:00:00,814.07502
2016-02-05 20:00:00,566.875015
2016-02-05 21:00:00,284.375005
2016-02-05 22:00:00,83.7750025
2016-02-05 23:00:00,0.85
2016-02-06 00:00:00,0.0
2016-02-06 01:00:00,0.0
2016-02-06 02:00:00,0.0
2016-02-06 03:00:00,0.0
2016-02-06 04:00:00,0.0
2016-02-06 05:00:00,0.0
2016-02-06 06:00:00,0.0
2016-02-06 07:00:00,0.0
2016-02-06 08:00:00,0.0
2016-02-06 09:00:00,0.0
2016-02-06 10:00:00,37.475
2016-02-06 11:00:00,239.0
2016-02-06 12:00:00,417.000005
2016-02-06 13:00:00,668.50002
2016-02-06 14:00:00,749.225
2016-02-06 15:00:00,778.7250200000001
2016-02-06 16:00:00,831.2
2016-02-06 17:00:00,896.85
2016-02-06 18:00:00,895.80001
2016-02-06 19:00:00,785.80001
2016-02-06 20:00:00,472.6
2016-02-06 21:00:00,235.57501000000002
2016-02-06 22:00:00,73.62500025
2016-02-06 23:00:00,0.625
2016-02-07 00:00:00,0.0
2016-02-07 01:00:00,0.0
2016-02-07 02:00:00,0.0
2016-02-07 03:00:00,0.0
2016-02-07 04:00:00,0.0
2016-02-07 05:00:00,0.0
2016-02-07 06:00:00,0.0
2016-02-07 07:00:00,0.0
2016-02-07 08:00:00,0.0
2016-02-07 09:00:00,0.0
2016-02-07 10:00:00,40.775
2016-02-07 11:00:00,242.5750025
2016-02-07 12:00:00,485.875
2016-02-07 13:00:00,720.25001
2016-02-07 14:00:00,905.57501
2016-02-07 15:00:00,916.2750100000001
2016-02-07 16:00:00,748.07501
2016-02-07 17:00:00,762.12502
2016-02-07 18:00:00,761.95001
2016-02-07 19:00:00,722.35001
2016-02-07 20:00:00,371.95000500000003
2016-02-07 21:00:00,64.75
2016-02-07 22:00:00,0.0
2016-02-07 23:00:00,0.0
2016-02-08 00:00:00,0.0
2016-02-08 01:00:00,0.0
2016-02-08 02:00:00,0.0
2016-02-08 03:00:00,0.0
2016-02-08 04:00:00,0.0
2016-02-08 05:00:00,0.0
2016-02-08 06:00:00,0.0
2016-02-08 07:00:00,0.0
2016-02-08 08:00:00,0.0
2016-02-08 09:00:00,0.0
2016-02-08 10:00:00,33.599999999999994
2016-02-08 11:00:00,243.10000250000002
2016-02-08 12:00:00,467.85
2016-02-08 13:00:00,699.825
2016-02-08 14:00:00,886.45001
2016-02-08 15:00:00,977.675
2016-02-08 16:00:00,822.15002
2016-02-08 17:00:00,714.25001
2016-02-08 18:00:00,788.97501
2016-02-08 19:00:00,488.2500025
2016-02-08 20:00:00,207.3000025
2016-02-08 21:00:00,113.55000375
2016-02-08 22:00:00,0.0
2016-02-08 23:00:00,0.0
2016-02-09 00:00:00,0.0
2016-02-09 01:00:00,0.0
2016-02-09 02:00:00,0.0
2016-02-09 03:00:00,0.0
2016-02-09 04:00:00,0.0
2016-02-09 05:00:00,0.0
2016-02-09 06:00:00,0.0
2016-02-09 07:00:00,0.0
2016-02-09 08:00:00,0.0
2016-02-09 09:00:00,0.0
2016-02-09 10:00:00,37.45000025
2016-02-09 11:00:00,203.27500250000003
2016-02-09 12:00:00,349.45
2016-02-09 13:00:00,484.725
2016-02-09 14:00:00,734.125
2016-02-09 15:00:00,738.2750100000001
2016-02-09 16:00:00,705.175
2016-02-09 17:00:00,635.75
2016-02-09 18:00:00,527.825
2016-02-09 19:00:00,457.975005
2016-02-09 20:00:00,367.17499999999995
2016-02-09 21:00:00,194.72500300000002
2016-02-09 22:00:00,6.725
2016-02-09 23:00:00,0.275
2016-02-10 00:00:00,0.0
2016-02-10 01:00:00,0.0
2016-02-10 02:00:00,0.0
2016-02-10 03:00:00,0.0
2016-02-10 04:00:00,0.0
2016-02-10 05:00:00,0.0
2016-02-10 06:00:00,0.0
2016-02-10 07:00:00,0.0
2016-02-10 08:00:00,0.0
2016-02-10 09:00:00,0.0
2016-02-10 10:00:00,50.075
2016-02-10 11:00:00,282.525005
2016-02-10 12:00:00,507.62501000000003
2016-02-10 13:00:00,744.62503
2016-02-10 14:00:00,901.55001
2016-02-10 15:00:00,959.425
2016-02-10 16:00:00,879.85001
2016-02-10 17:00:00,835.425
2016-02-10 18:00:00,940.42502
2016-02-10 19:00:00,816.97501
2016-02-10 20:00:00,596.3
2016-02-10 21:00:00,337.05
2016-02-10 22:00:00,92.4000025
2016-02-10 23:00:00,0.0
2016-02-11 00:00:00,0.0
2016-02-11 01:00:00,0.0
2016-02-11 02:00:00,0.0
2016-02-11 03:00:00,0.0
2016-02-11 04:00:00,0.0
2016-02-11 05:00:00,0.0
2016-02-11 06:00:00,0.0
2016-02-11 07:00:00,0.0
2016-02-11 08:00:00,0.0
2016-02-11 09:00:00,0.0
2016-02-11 10:00:00,44.850000249999994
2016-02-11 11:00:00,267.42499999999995
2016-02-11 12:00:00,488.47501
2016-02-11 13:00:00,724.9
2016-02-11 14:00:00,913.35
2016-02-11 15:00:00,1048.2
2016-02-11 16:00:00,1098.75005
2016-02-11 17:00:00,1044.55001
2016-02-11 18:00:00,899.00001
2016-02-11 19:00:00,805.975
2016-02-11 20:00:00,583.875
2016-02-11 21:00:00,319.1
2016-02-11 22:00:00,88.875
2016-02-11 23:00:00,0.0
2016-02-12 00:00:00,0.0
2016-02-12 01:00:00,0.0
2016-02-12 02:00:00,0.0
2016-02-12 03:00:00,0.0
2016-02-12 04:00:00,0.0
2016-02-12 05:00:00,0.0
2016-02-12 06:00:00,0.0
2016-02-12 07:00:00,0.0
2016-02-12 08:00:00,0.0
2016-02-12 09:00:00,0.0
2016-02-12 10:00:00,37.574999999999996
2016-02-12 11:00:00,255.85
2016-02-12 12:00:00,520.850005
2016-02-12 13:00:00,760.37502
2016-02-12 14:00:00,949.075
2016-02-12 15:00:00,1073.600025
2016-02-12 16:00:00,1120.7
2016-02-12 17:00:00,1067.75005
2016-02-12 18:00:00,980.32501
2016-02-12 19:00:00,819.525
2016-02-12 20:00:00,598.17501
2016-02-12 21:00:00,319.775
2016-02-12 22:00:00,20.375
2016-02-12 23:00:00,0.0
2016-02-13 00:00:00,0.0
2016-02-13 01:00:00,0.0
2016-02-13 02:00:00,0.0
2016-02-13 03:00:00,0.0
2016-02-13 04:00:00,0.0
2016-02-13 05:00:00,0.0
2016-02-13 06:00:00,0.0
2016-02-13 07:00:00,0.0
2016-02-13 08:00:00,0.0
2016-02-13 09:00:00,0.0
2016-02-13 10:00:00,28.375
2016-02-13 11:00:00,215.85000125000002
2016-02-13 12:00:00,436.475005
2016-02-13 13:00:00,667.2
2016-02-13 14:00:00,853.77502
2016-02-13 15:00:00,990.2
2016-02-13 16:00:00,1000.925
2016-02-13 17:00:00,507.25001
2016-02-13 18:00:00,308.875005
2016-02-13 19:00:00,283.6
2016-02-13 20:00:00,310.65
2016-02-13 21:00:00,64.8750005
2016-02-13 22:00:00,0.0
2016-02-13 23:00:00,0.0
2016-02-14 00:00:00,0.0
2016-02-14 01:00:00,0.0
2016-02-14 02:00:00,0.0
2016-02-14 03:00:00,0.0
2016-02-14 04:00:00,0.0
2016-02-14 05:00:00,0.0
2016-02-14 06:00:00,0.0
2016-02-14 07:00:00,0.0
2016-02-14 08:00:00,0.0
2016-02-14 09:00:00,0.0
2016-02-14 10:00:00,31.650000000000002
2016-02-14 11:00:00,200.5000025
2016-02-14 12:00:00,387.05002
2016-02-14 13:00:00,567.650005
2016-02-14 14:00:00,804.57501
2016-02-14 15:00:00,1010.600025
2016-02-14 16:00:00,1072.150025
2016-02-14 17:00:00,1095.35
2016-02-14 18:00:00,919.725025
2016-02-14 19:00:00,570.775
2016-02-14 20:00:00,360.65
2016-02-14 21:00:00,118.3000025
2016-02-14 22:00:00,0.0
2016-02-14 23:00:00,0.0
2016-02-15 00:00:00,0.0
2016-02-15 01:00:00,0.0
2016-02-15 02:00:00,0.0
2016-02-15 03:00:00,0.0
2016-02-15 04:00:00,0.0
2016-02-15 05:00:00,0.0
2016-02-15 06:00:00,0.0
2016-02-15 07:00:00,0.0
2016-02-15 08:00:00,0.0
2016-02-15 09:00:00,0.0
2016-02-15 10:00:00,35.25000125
2016-02-15 11:00:00,236.8750075
2016-02-15 12:00:00,479.500005
2016-02-15 13:00:00,669.95001
2016-02-15 14:00:00,779.125
2016-02-15 15:00:00,793.4
2016-02-15 16:00:00,697.97501
2016-02-15 17:00:00,542.35002
2016-02-15 18:00:00,470.925005
2016-02-15 19:00:00,543.72501
2016-02-15 20:00:00,423.70000500000003
2016-02-15 21:00:00,143.17500025
2016-02-15 22:00:00,33.975
2016-02-15 23:00:00,0.0
2016-02-16 00:00:00,0.0
2016-02-16 01:00:00,0.0
2016-02-16 02:00:00,0.0
2016-02-16 03:00:00,0.0
2016-02-16 04:00:00,0.0
2016-02-16 05:00:00,0.0
2016-02-16 06:00:00,0.0
2016-02-16 07:00:00,0.0
2016-02-16 08:00:00,0.0
2016-02-16 09:00:00,0.0
2016-02-16 10:00:00,36.375
2016-02-16 11:00:00,249.450005
2016-02-16 12:00:00,496.57501
2016-02-16 13:00:00,735.0
2016-02-16 14:00:00,924.57501
2016-02-16 15:00:00,1042.75
2016-02-16 16:00:00,1019.8249999999999
2016-02-16 17:00:00,997.125
2016-02-16 18:00:00,640.175
2016-02-16 19:00:00,665.9
2016-02-16 20:00:00,534.22502
2016-02-16 21:00:00,155.075
2016-02-16 22:00:00,0.0
2016-02-16 23:00:00,0.0
2016-02-17 00:00:00,0.0
2016-02-17 01:00:00,0.0
2016-02-17 02:00:00,0.0
2016-02-17 03:00:00,0.0
2016-02-17 04:00:00,0.0
2016-02-17 05:00:00,0.0
2016-02-17 06:00:00,0.0
2016-02-17 07:00:00,0.0
2016-02-17 08:00:00,0.0
2016-02-17 09:00:00,0.0
2016-02-17 10:00:00,32.125
2016-02-17 11:00:00,235.7
2016-02-17 12:00:00,472.875
2016-02-17 13:00:00,710.5500099999999
2016-02-17 14:00:00,898.75
2016-02-17 15:00:00,1035.2000600000001
2016-02-17 16:00:00,1083.00005
2016-02-17 17:00:00,922.625
2016-02-17 18:00:00,679.75002
2016-02-17 19:00:00,462.125
2016-02-17 20:00:00,354.475005
2016-02-17 21:00:00,121.175
2016-02-17 22:00:00,53.675
2016-02-17 23:00:00,0.0
2016-02-18 00:00:00,0.0
2016-02-18 01:00:00,0.0
2016-02-18 02:00:00,0.0
2016-02-18 03:00:00,0.0
2016-02-18 04:00:00,0.0
2016-02-18 05:00:00,0.0
2016-02-18 06:00:00,0.0
2016-02-18 07:00:00,0.0
2016-02-18 08:00:00,0.0
2016-02-18 09:00:00,0.0
2016-02-18 10:00:00,20.525
2016-02-18 11:00:00,131.025
2016-02-18 12:00:00,413.525005
2016-02-18 13:00:00,729.0250100000001
2016-02-18 14:00:00,936.82501
2016-02-18 15:00:00,1035.600025
2016-02-18 16:00:00,980.2750000000001
2016-02-18 17:00:00,845.77503
2016-02-18 18:00:00,726.725
2016-02-18 19:00:00,494.025
2016-02-18 20:00:00,443.65
2016-02-18 21:00:00,350.675
2016-02-18 22:00:00,91.2
2016-02-18 23:00:00,0.0
2016-02-19 00:00:00,0.0
2016-02-19 01:00:00,0.0
2016-02-19 02:00:00,0.0
2016-02-19 03:00:00,0.0
2016-02-19 04:00:00,0.0
2016-02-19 05:00:00,0.0
2016-02-19 06:00:00,0.0
2016-02-19 07:00:00,0.0
2016-02-19 08:00:00,0.0
2016-02-19 09:00:00,0.0
2016-02-19 10:00:00,32.500000075
2016-02-19 11:00:00,246.57500499999998
2016-02-19 12:00:00,452.85
2016-02-19 13:00:00,688.17501
2016-02-19 14:00:00,877.75
2016-02-19 15:00:00,1011.5749999999999
2016-02-19 16:00:00,1061.6
2016-02-19 17:00:00,798.775
2016-02-19 18:00:00,568.700005
2016-02-19 19:00:00,461.55001
2016-02-19 20:00:00,369.175
2016-02-19 21:00:00,125.95
2016-02-19 22:00:00,7.825
2016-02-19 23:00:00,0.0
2016-02-20 00:00:00,0.0
2016-02-20 01:00:00,0.0
2016-02-20 02:00:00,0.0
2016-02-20 03:00:00,0.0
2016-02-20 04:00:00,0.0
2016-02-20 05:00:00,0.0
2016-02-20 06:00:00,0.0
2016-02-20 07:00:00,0.0
2016-02-20 08:00:00,0.0
2016-02-20 09:00:00,0.0
2016-02-20 10:00:00,25.549999999999997
2016-02-20 11:00:00,194.82500125
2016-02-20 12:00:00,370.92501
2016-02-20 13:00:00,512.10001
2016-02-20 14:00:00,527.5
2016-02-20 15:00:00,557.97501
2016-02-20 16:00:00,567.625
2016-02-20 17:00:00,571.20001
2016-02-20 18:00:00,625.375
2016-02-20 19:00:00,520.275005
2016-02-20 20:00:00,286.0000025
2016-02-20 21:00:00,90.675
2016-02-20 22:00:00,0.0
2016-02-20 23:00:00,0.0
2016-02-21 00:00:00,0.0
2016-02-21 01:00:00,0.0
2016-02-21 02:00:00,0.0
2016-02-21 03:00:00,0.0
2016-02-21 04:00:00,0.0
2016-02-21 05:00:00,0.0
2016-02-21 06:00:00,0.0
2016-02-21 07:00:00,0.0
2016-02-21 08:00:00,0.0
2016-02-21 09:00:00,0.0
2016-02-21 10:00:00,31.6
2016-02-21 11:00:00,232.725
2016-02-21 12:00:00,406.450005
2016-02-21 13:00:00,596.50003
2016-02-21 14:00:00,746.32501
2016-02-21 15:00:00,870.10001
2016-02-21 16:00:00,916.67501
2016-02-21 17:00:00,835.05
2016-02-21 18:00:00,715.00001
2016-02-21 19:00:00,565.125
2016-02-21 20:00:00,348.5750075
2016-02-21 21:00:00,104.05000425
2016-02-21 22:00:00,19.500000500000002
2016-02-21 23:00:00,0.0
2016-02-22 00:00:00,0.0
2016-02-22 01:00:00,0.0
2016-02-22 02:00:00,0.0
2016-02-22 03:00:00,0.0
2016-02-22 04:00:00,0.0
2016-02-22 05:00:00,0.0
2016-02-22 06:00:00,0.0
2016-02-22 07:00:00,0.0
2016-02-22 08:00:00,0.0
2016-02-22 09:00:00,0.0
2016-02-22 10:00:00,32.625
2016-02-22 11:00:00,248.425005
2016-02-22 12:00:00,501.25
2016-02-22 13:00:00,732.27502
2016-02-22 14:00:00,765.22501
2016-02-22 15:00:00,700.55001
2016-02-22 16:00:00,659.42502
2016-02-22 17:00:00,685.47501
2016-02-22 18:00:00,571.7250300000001
2016-02-22 19:00:00,460.7
2016-02-22 20:00:00,329.175
2016-02-22 21:00:00,62.70000125
2016-02-22 22:00:00,0.0
2016-02-22 23:00:00,0.0
2016-02-23 00:00:00,0.0
2016-02-23 01:00:00,0.0
2016-02-23 02:00:00,0.0
2016-02-23 03:00:00,0.0
2016-02-23 04:00:00,0.0
2016-02-23 05:00:00,0.0
2016-02-23 06:00:00,0.0
2016-02-23 07:00:00,0.0
2016-02-23 08:00:00,0.0
2016-02-23 09:00:00,0.0
2016-02-23 10:00:00,29.375
2016-02-23 11:00:00,239.075
2016-02-23 12:00:00,466.450015
2016-02-23 13:00:00,541.80002
2016-02-23 14:00:00,625.75002
2016-02-23 15:00:00,656.8
2016-02-23 16:00:00,637.45001
2016-02-23 17:00:00,578.7
2016-02-23 18:00:00,494.875005
2016-02-23 19:00:00,460.15000499999996
2016-02-23 20:00:00,281.35
2016-02-23 21:00:00,77.0000025
2016-02-23 22:00:00,0.0
2016-02-23 23:00:00,0.0
2016-02-24 00:00:00,0.0
2016-02-24 01:00:00,0.0
2016-02-24 02:00:00,0.0
2016-02-24 03:00:00,0.0
2016-02-24 04:00:00,0.0
2016-02-24 05:00:00,0.0
2016-02-24 06:00:00,0.0
2016-02-24 07:00:00,0.0
2016-02-24 08:00:00,0.0
2016-02-24 09:00:00,0.0
2016-02-24 10:00:00,27.674999999999997
2016-02-24 11:00:00,230.5500025
2016-02-24 12:00:00,496.975
2016-02-24 13:00:00,731.25001
2016-02-24 14:00:00,863.325
2016-02-24 15:00:00,877.95001
2016-02-24 16:00:00,879.95
2016-02-24 17:00:00,759.4
2016-02-24 18:00:00,824.525
2016-02-24 19:00:00,622.725
2016-02-24 20:00:00,423.275
2016-02-24 21:00:00,196.125
2016-02-24 22:00:00,0.0
2016-02-24 23:00:00,0.0
2016-02-25 00:00:00,0.0
2016-02-25 01:00:00,0.0
2016-02-25 02:00:00,0.0
2016-02-25 03:00:00,0.0
2016-02-25 04:00:00,0.0
2016-02-25 05:00:00,0.0
2016-02-25 06:00:00,0.0
2016-02-25 07:00:00,0.0
2016-02-25 08:00:00,0.0
2016-02-25 09:00:00,0.0
2016-02-25 10:00:00,27.225
2016-02-25 11:00:00,231.100005
2016-02-25 12:00:00,502.00002
2016-02-25 13:00:00,739.1500100000001
2016-02-25 14:00:00,926.92502
2016-02-25 15:00:00,1004.1500000000001
2016-02-25 16:00:00,852.77502
2016-02-25 17:00:00,773.025
2016-02-25 18:00:00,580.5000150000001
2016-02-25 19:00:00,443.27500499999996
2016-02-25 20:00:00,415.675
2016-02-25 21:00:00,152.225
2016-02-25 22:00:00,3.925
2016-02-25 23:00:00,0.0
2016-02-26 00:00:00,0.0
2016-02-26 01:00:00,0.0
2016-02-26 02:00:00,0.0
2016-02-26 03:00:00,0.0
2016-02-26 04:00:00,0.0
2016-02-26 05:00:00,0.0
2016-02-26 06:00:00,0.0
2016-02-26 07:00:00,0.0
2016-02-26 08:00:00,0.0
2016-02-26 09:00:00,0.0
2016-02-26 10:00:00,28.1
2016-02-26 11:00:00,235.800005
2016-02-26 12:00:00,464.275
2016-02-26 13:00:00,700.725
2016-02-26 14:00:00,890.62501
2016-02-26 15:00:00,1018.575
2016-02-26 16:00:00,1069.55
2016-02-26 17:00:00,957.05001
2016-02-26 18:00:00,413.425005
2016-02-26 19:00:00,276.850005
2016-02-26 20:00:00,267.175
2016-02-26 21:00:00,165.4250025
2016-02-26 22:00:00,47.425
2016-02-26 23:00:00,0.0
2016-02-27 00:00:00,0.0
2016-02-27 01:00:00,0.0
2016-02-27 02:00:00,0.0
2016-02-27 03:00:00,0.0
2016-02-27 04:00:00,0.0
2016-02-27 05:00:00,0.0
2016-02-27 06:00:00,0.0
2016-02-27 07:00:00,0.0
2016-02-27 08:00:00,0.0
2016-02-27 09:00:00,0.0
2016-02-27 10:00:00,23.45
2016-02-27 11:00:00,166.30000375
2016-02-27 12:00:00,335.0333333333333
2016-02-27 13:00:00,436.15
2016-02-27 14:00:00,559.27501
2016-02-27 15:00:00,617.15
2016-02-27 16:00:00,694.25
2016-02-27 17:00:00,618.575
2016-02-27 18:00:00,613.22501
2016-02-27 19:00:00,622.5250100000001
2016-02-27 20:00:00,374.400005
2016-02-27 21:00:00,109.65
2016-02-27 22:00:00,36.850001000000006
2016-02-27 23:00:00,0.0
2016-02-28 00:00:00,0.0
2016-02-28 01:00:00,0.0
2016-02-28 02:00:00,0.0
2016-02-28 03:00:00,0.0
2016-02-28 04:00:00,0.0
2016-02-28 05:00:00,0.0
2016-02-28 06:00:00,0.0
2016-02-28 07:00:00,0.0
2016-02-28 08:00:00,0.0
2016-02-28 09:00:00,0.0
2016-02-28 10:00:00,28.32500125
2016-02-28 11:00:00,244.1750075
2016-02-28 12:00:00,524.7
2016-02-28 13:00:00,701.1000200000001
2016-02-28 14:00:00,887.625
2016-02-28 15:00:00,950.9000100000001
2016-02-28 16:00:00,963.82501
2016-02-28 17:00:00,836.30002
2016-02-28 18:00:00,645.900015
2016-02-28 19:00:00,429.775
2016-02-28 20:00:00,418.07501
2016-02-28 21:00:00,154.45000125
2016-02-28 22:00:00,32.67500075
2016-02-28 23:00:00,0.0
2016-02-29 00:00:00,0.0
2016-02-29 01:00:00,0.0
2016-02-29 02:00:00,0.0
2016-02-29 03:00:00,0.0
2016-02-29 04:00:00,0.0
2016-02-29 05:00:00,0.0
2016-02-29 06:00:00,0.0
2016-02-29 07:00:00,0.0
2016-02-29 08:00:00,0.0
2016-02-29 09:00:00,0.0
2016-02-29 10:00:00,26.25
2016-02-29 11:00:00,231.375
2016-02-29 12:00:00,509.70000000000005
2016-02-29 13:00:00,664.37502
2016-02-29 14:00:00,776.975
2016-02-29 15:00:00,842.62501
2016-02-29 16:00:00,804.3499999999999
2016-02-29 17:00:00,651.95001
2016-02-29 18:00:00,473.80001
2016-02-29 19:00:00,446.925
2016-02-29 20:00:00,263.425
2016-02-29 21:00:00,88.27500125
2016-02-29 22:00:00,18.0
2016-02-29 23:00:00,0.0
2016-03-01 00:00:00,0.0
2016-03-01 01:00:00,0.0
2016-03-01 02:00:00,0.0
2016-03-01 03:00:00,0.0
2016-03-01 04:00:00,0.0
2016-03-01 05:00:00,0.0
2016-03-01 06:00:00,0.0
2016-03-01 07:00:00,0.0
2016-03-01 08:00:00,0.0
2016-03-01 09:00:00,0.0
2016-03-01 10:00:00,27.775
2016-03-01 11:00:00,243.64999999999998
2016-03-01 12:00:00,480.62501
2016-03-01 13:00:00,697.52502
2016-03-01 14:00:00,870.85001
2016-03-01 15:00:00,911.075
2016-03-01 16:00:00,708.3
2016-03-01 17:00:00,643.95001
2016-03-01 18:00:00,525.85001
2016-03-01 19:00:00,430.7
2016-03-01 20:00:00,227.10000250000002
2016-03-01 21:00:00,73.12500125
2016-03-01 22:00:00,4.6
2016-03-01 23:00:00,0.0
2016-03-02 00:00:00,0.0
2016-03-02 01:00:00,0.0
2016-03-02 02:00:00,0.0
2016-03-02 03:00:00,0.0
2016-03-02 04:00:00,0.0
2016-03-02 05:00:00,0.0
2016-03-02 06:00:00,0.0
2016-03-02 07:00:00,0.0
2016-03-02 08:00:00,0.0
2016-03-02 09:00:00,0.0
2016-03-02 10:00:00,26.875
2016-03-02 11:00:00,205.1250025
2016-03-02 12:00:00,401.9
2016-03-02 13:00:00,577.05002
2016-03-02 14:00:00,728.05002
2016-03-02 15:00:00,851.75001
2016-03-02 16:00:00,870.95001
2016-03-02 17:00:00,756.75001
2016-03-02 18:00:00,739.9
2016-03-02 19:00:00,596.35001
2016-03-02 20:00:00,310.2
2016-03-02 21:00:00,100.3250025
2016-03-02 22:00:00,18.8250005
2016-03-02 23:00:00,0.0
2016-03-03 00:00:00,0.0
2016-03-03 01:00:00,0.0
2016-03-03 02:00:00,0.0
2016-03-03 03:00:00,0.0
2016-03-03 04:00:00,0.0
2016-03-03 05:00:00,0.0
2016-03-03 06:00:00,0.0
2016-03-03 07:00:00,0.0
2016-03-03 08:00:00,0.0
2016-03-03 09:00:00,0.0
2016-03-03 10:00:00,26.025
2016-03-03 11:00:00,205.475
2016-03-03 12:00:00,407.54999999999995
2016-03-03 13:00:00,604.425
2016-03-03 14:00:00,723.075
2016-03-03 15:00:00,783.6
2016-03-03 16:00:00,772.325
2016-03-03 17:00:00,750.70001
2016-03-03 18:00:00,692.8000099999999
2016-03-03 19:00:00,564.05
2016-03-03 20:00:00,343.25
2016-03-03 21:00:00,128.325005
2016-03-03 22:00:00,21.275
2016-03-03 23:00:00,0.0
2016-03-04 00:00:00,0.0
2016-03-04 01:00:00,0.0
2016-03-04 02:00:00,0.0
2016-03-04 03:00:00,0.0
2016-03-04 04:00:00,0.0
2016-03-04 05:00:00,0.0
2016-03-04 06:00:00,0.0
2016-03-04 07:00:00,0.0
2016-03-04 08:00:00,0.0
2016-03-04 09:00:00,0.0
2016-03-04 10:00:00,25.6
2016-03-04 11:00:00,238.10000666666667
2016-03-04 12:00:00,441.54999999999995
2016-03-04 13:00:00,652.8000000000001
2016-03-04 14:00:00,751.9000100000001
2016-03-04 15:00:00,833.10001
2016-03-04 16:00:00,828.57501
2016-03-04 17:00:00,739.0250100000001
2016-03-04 18:00:00,631.975
2016-03-04 19:00:00,488.50001
2016-03-04 20:00:00,287.625
2016-03-04 21:00:00,91.25000125
2016-03-04 22:00:00,7.375
2016-03-04 23:00:00,0.0
2016-03-05 00:00:00,0.0
2016-03-05 01:00:00,0.0
2016-03-05 02:00:00,0.0
2016-03-05 03:00:00,0.0
2016-03-05 04:00:00,0.0
2016-03-05 05:00:00,0.0
2016-03-05 06:00:00,0.0
2016-03-05 07:00:00,0.0
2016-03-05 08:00:00,0.0
2016-03-05 09:00:00,0.0
2016-03-05 10:00:00,23.80000125
2016-03-05 11:00:00,200.5
2016-03-05 12:00:00,361.57501
2016-03-05 13:00:00,466.025
2016-03-05 14:00:00,533.300005
2016-03-05 15:00:00,649.55
2016-03-05 16:00:00,665.57501
2016-03-05 17:00:00,599.90001
2016-03-05 18:00:00,556.7249999999999
2016-03-05 19:00:00,394.975
2016-03-05 20:00:00,151.6250025
2016-03-05 21:00:00,3.3
2016-03-05 22:00:00,0.0
2016-03-05 23:00:00,0.0
2016-03-06 00:00:00,0.0
2016-03-06 01:00:00,0.0
2016-03-06 02:00:00,0.0
2016-03-06 03:00:00,0.0
2016-03-06 04:00:00,0.0
2016-03-06 05:00:00,0.0
2016-03-06 06:00:00,0.0
2016-03-06 07:00:00,0.0
2016-03-06 08:00:00,0.0
2016-03-06 09:00:00,0.0
2016-03-06 10:00:00,24.6
2016-03-06 11:00:00,224.6
2016-03-06 12:00:00,454.375005
2016-03-06 13:00:00,692.875
2016-03-06 14:00:00,883.30002
2016-03-06 15:00:00,1019.05
2016-03-06 16:00:00,1061.500025
2016-03-06 17:00:00,1034.25
2016-03-06 18:00:00,925.9
2016-03-06 19:00:00,753.25001
2016-03-06 20:00:00,521.70001
2016-03-06 21:00:00,229.27500500000002
2016-03-06 22:00:00,43.65000025
2016-03-06 23:00:00,0.0
2016-03-07 00:00:00,0.0
2016-03-07 01:00:00,0.0
2016-03-07 02:00:00,0.0
2016-03-07 03:00:00,0.0
2016-03-07 04:00:00,0.0
2016-03-07 05:00:00,0.0
2016-03-07 06:00:00,0.0
2016-03-07 07:00:00,0.0
2016-03-07 08:00:00,0.0
2016-03-07 09:00:00,0.0
2016-03-07 10:00:00,22.475
2016-03-07 11:00:00,214.72500875
2016-03-07 12:00:00,467.65000499999996
2016-03-07 13:00:00,698.70001
2016-03-07 14:00:00,862.1750099999999
2016-03-07 15:00:00,929.725
2016-03-07 16:00:00,955.85
2016-03-07 17:00:00,940.9000100000001
2016-03-07 18:00:00,804.925
2016-03-07 19:00:00,563.95
2016-03-07 20:00:00,449.675
2016-03-07 21:00:00,202.5000025
2016-03-07 22:00:00,49.225
2016-03-07 23:00:00,0.0
2016-03-08 00:00:00,0.0
2016-03-08 01:00:00,0.0
2016-03-08 02:00:00,0.0
2016-03-08 03:00:00,0.0
2016-03-08 04:00:00,0.0
2016-03-08 05:00:00,0.0
2016-03-08 06:00:00,0.0
2016-03-08 07:00:00,0.0
2016-03-08 08:00:00,0.0
2016-03-08 09:00:00,0.0
2016-03-08 10:00:00,23.300000250000004
2016-03-08 11:00:00,234.850005
2016-03-08 12:00:00,488.34999999999997
2016-03-08 13:00:00,713.22502
2016-03-08 14:00:00,891.62501
2016-03-08 15:00:00,996.10001
2016-03-08 16:00:00,852.125
2016-03-08 17:00:00,722.72501
2016-03-08 18:00:00,569.00001
2016-03-08 19:00:00,451.925
2016-03-08 20:00:00,235.9750075
2016-03-08 21:00:00,85.10000125
2016-03-08 22:00:00,7.875
2016-03-08 23:00:00,0.0
2016-03-09 00:00:00,0.0
2016-03-09 01:00:00,0.0
2016-03-09 02:00:00,0.0
2016-03-09 03:00:00,0.0
2016-03-09 04:00:00,0.0
2016-03-09 05:00:00,0.0
2016-03-09 06:00:00,0.0
2016-03-09 07:00:00,0.0
2016-03-09 08:00:00,0.0
2016-03-09 09:00:00,0.0
2016-03-09 10:00:00,19.45
2016-03-09 11:00:00,191.65000125
2016-03-09 12:00:00,456.4
2016-03-09 13:00:00,646.45001
2016-03-09 14:00:00,712.8000099999999
2016-03-09 15:00:00,734.15
2016-03-09 16:00:00,585.47501
2016-03-09 17:00:00,524.0
2016-03-09 18:00:00,486.575
2016-03-09 19:00:00,411.42501
2016-03-09 20:00:00,260.04999999999995
2016-03-09 21:00:00,63.57500125
2016-03-09 22:00:00,18.075000575
2016-03-09 23:00:00,0.0
2016-03-10 00:00:00,0.0
2016-03-10 01:00:00,0.0
2016-03-10 02:00:00,0.0
2016-03-10 03:00:00,0.0
2016-03-10 04:00:00,0.0
2016-03-10 05:00:00,0.0
2016-03-10 06:00:00,0.0
2016-03-10 07:00:00,0.0
2016-03-10 08:00:00,0.0
2016-03-10 09:00:00,0.0
2016-03-10 10:00:00,19.95
2016-03-10 11:00:00,221.0500025
2016-03-10 12:00:00,455.275005
2016-03-10 13:00:00,684.07501
2016-03-10 14:00:00,795.25002
2016-03-10 15:00:00,860.9000100000001
2016-03-10 16:00:00,799.75002
2016-03-10 17:00:00,629.3499999999999
2016-03-10 18:00:00,520.925
2016-03-10 19:00:00,447.65000499999996
2016-03-10 20:00:00,283.2750075
2016-03-10 21:00:00,94.80000050000001
2016-03-10 22:00:00,31.0250005
2016-03-10 23:00:00,0.0
2016-03-11 00:00:00,0.0
2016-03-11 01:00:00,0.0
2016-03-11 02:00:00,0.0
2016-03-11 03:00:00,0.0
2016-03-11 04:00:00,0.0
2016-03-11 05:00:00,0.0
2016-03-11 06:00:00,0.0
2016-03-11 07:00:00,0.0
2016-03-11 08:00:00,0.0
2016-03-11 09:00:00,0.0
2016-03-11 10:00:00,18.9000005
2016-03-11 11:00:00,214.5
2016-03-11 12:00:00,474.825
2016-03-11 13:00:00,715.17501
2016-03-11 14:00:00,903.07501
2016-03-11 15:00:00,1026.225
2016-03-11 16:00:00,996.6
2016-03-11 17:00:00,1032.9000350000001
2016-03-11 18:00:00,921.3000099999999
2016-03-11 19:00:00,745.87501
2016-03-11 20:00:00,433.17501
2016-03-11 21:00:00,207.57500125
2016-03-11 22:00:00,32.324999999999996
2016-03-11 23:00:00,0.0
2016-03-12 00:00:00,0.0
2016-03-12 01:00:00,0.0
2016-03-12 02:00:00,0.0
2016-03-12 03:00:00,0.0
2016-03-12 04:00:00,0.0
2016-03-12 05:00:00,0.0
2016-03-12 06:00:00,0.0
2016-03-12 07:00:00,0.0
2016-03-12 08:00:00,0.0
2016-03-12 09:00:00,0.0
2016-03-12 10:00:00,14.924999999999999
2016-03-12 11:00:00,211.42500875000002
2016-03-12 12:00:00,425.8
2016-03-12 13:00:00,681.25
2016-03-12 14:00:00,872.875
2016-03-12 15:00:00,870.1500100000001
2016-03-12 16:00:00,906.67502
2016-03-12 17:00:00,858.07501
2016-03-12 18:00:00,711.12502
2016-03-12 19:00:00,506.800005
2016-03-12 20:00:00,286.775
2016-03-12 21:00:00,116.1500025
2016-03-12 22:00:00,6.975000075
2016-03-12 23:00:00,0.0
2016-03-13 00:00:00,0.0
2016-03-13 01:00:00,0.0
2016-03-13 02:00:00,0.0
2016-03-13 03:00:00,0.0
2016-03-13 04:00:00,0.0
2016-03-13 05:00:00,0.0
2016-03-13 06:00:00,0.0
2016-03-13 07:00:00,0.0
2016-03-13 08:00:00,0.0
2016-03-13 09:00:00,0.0
2016-03-13 10:00:00,19.2
2016-03-13 11:00:00,186.550005
2016-03-13 12:00:00,335.875
2016-03-13 13:00:00,479.400005
2016-03-13 14:00:00,627.42502
2016-03-13 15:00:00,727.95
2016-03-13 16:00:00,662.875
2016-03-13 17:00:00,709.90002
2016-03-13 18:00:00,636.475
2016-03-13 19:00:00,409.57500500000003
2016-03-13 20:00:00,236.27500250000003
2016-03-13 21:00:00,88.40000125
2016-03-13 22:00:00,25.05
2016-03-13 23:00:00,0.0
2016-03-14 00:00:00,0.0
2016-03-14 01:00:00,0.0
2016-03-14 02:00:00,0.0
2016-03-14 03:00:00,0.0
2016-03-14 04:00:00,0.0
2016-03-14 05:00:00,0.0
2016-03-14 06:00:00,0.0
2016-03-14 07:00:00,0.0
2016-03-14 08:00:00,0.0
2016-03-14 09:00:00,0.0
2016-03-14 10:00:00,17.85
2016-03-14 11:00:00,214.20000249999998
2016-03-14 12:00:00,470.32501
2016-03-14 13:00:00,707.97504
2016-03-14 14:00:00,893.7250200000001
2016-03-14 15:00:00,1013.575
2016-03-14 16:00:00,1056.12505
2016-03-14 17:00:00,1022.025
2016-03-14 18:00:00,911.57501
2016-03-14 19:00:00,735.27501
2016-03-14 20:00:00,504.20000500000003
2016-03-14 21:00:00,213.05000375
2016-03-14 22:00:00,22.375
2016-03-14 23:00:00,0.0
2016-03-15 00:00:00,0.0
2016-03-15 01:00:00,0.0
2016-03-15 02:00:00,0.0
2016-03-15 03:00:00,0.0
2016-03-15 04:00:00,0.0
2016-03-15 05:00:00,0.0
2016-03-15 06:00:00,0.0
2016-03-15 07:00:00,0.0
2016-03-15 08:00:00,0.0
2016-03-15 09:00:00,0.0
2016-03-15 10:00:00,16.55000025
2016-03-15 11:00:00,208.1000025
2016-03-15 12:00:00,462.475
2016-03-15 13:00:00,700.92501
2016-03-15 14:00:00,886.325
2016-03-15 15:00:00,1003.3
2016-03-15 16:00:00,1043.6
2016-03-15 17:00:00,1007.850025
2016-03-15 18:00:00,889.9
2016-03-15 19:00:00,709.025
2016-03-15 20:00:00,405.82500500000003
2016-03-15 21:00:00,228.95
2016-03-15 22:00:00,19.750000025000002
2016-03-15 23:00:00,0.0
2016-03-16 00:00:00,0.0
2016-03-16 01:00:00,0.0
2016-03-16 02:00:00,0.0
2016-03-16 03:00:00,0.0
2016-03-16 04:00:00,0.0
2016-03-16 05:00:00,0.0
2016-03-16 06:00:00,0.0
2016-03-16 07:00:00,0.0
2016-03-16 08:00:00,0.0
2016-03-16 09:00:00,0.0
2016-03-16 10:00:00,13.549999999999999
2016-03-16 11:00:00,178.525
2016-03-16 12:00:00,463.20001
2016-03-16 13:00:00,701.85
2016-03-16 14:00:00,832.47501
2016-03-16 15:00:00,978.575
2016-03-16 16:00:00,1002.325045
2016-03-16 17:00:00,910.9250099999999
2016-03-16 18:00:00,786.25001
2016-03-16 19:00:00,486.65000499999996
2016-03-16 20:00:00,285.0500075
2016-03-16 21:00:00,72.07499999999999
2016-03-16 22:00:00,0.0
2016-03-16 23:00:00,0.0
2016-03-17 00:00:00,0.0
2016-03-17 01:00:00,0.0
2016-03-17 02:00:00,0.0
2016-03-17 03:00:00,0.0
2016-03-17 04:00:00,0.0
2016-03-17 05:00:00,0.0
2016-03-17 06:00:00,0.0
2016-03-17 07:00:00,0.0
2016-03-17 08:00:00,0.0
2016-03-17 09:00:00,0.0
2016-03-17 10:00:00,14.45
2016-03-17 11:00:00,194.725
2016-03-17 12:00:00,434.7
2016-03-17 13:00:00,670.42502
2016-03-17 14:00:00,856.425
2016-03-17 15:00:00,978.6999999999999
2016-03-17 16:00:00,1022.450035
2016-03-17 17:00:00,981.10001
2016-03-17 18:00:00,870.225
2016-03-17 19:00:00,689.45001
2016-03-17 20:00:00,293.7
2016-03-17 21:00:00,43.825
2016-03-17 22:00:00,0.0
2016-03-17 23:00:00,0.0
2016-03-18 00:00:00,0.0
2016-03-18 01:00:00,0.0
2016-03-18 02:00:00,0.0
2016-03-18 03:00:00,0.0
2016-03-18 04:00:00,0.0
2016-03-18 05:00:00,0.0
2016-03-18 06:00:00,0.0
2016-03-18 07:00:00,0.0
2016-03-18 08:00:00,0.0
2016-03-18 09:00:00,0.0
2016-03-18 10:00:00,13.325
2016-03-18 11:00:00,189.6
2016-03-18 12:00:00,426.500005
2016-03-18 13:00:00,662.95001
2016-03-18 14:00:00,849.42502
2016-03-18 15:00:00,968.12501
2016-03-18 16:00:00,1007.0
2016-03-18 17:00:00,952.75
2016-03-18 18:00:00,512.625005
2016-03-18 19:00:00,254.55
2016-03-18 20:00:00,427.75
2016-03-18 21:00:00,90.12500025
2016-03-18 22:00:00,0.0
2016-03-18 23:00:00,0.0
2016-03-19 00:00:00,0.0
2016-03-19 01:00:00,0.0
2016-03-19 02:00:00,0.0
2016-03-19 03:00:00,0.0
2016-03-19 04:00:00,0.0
2016-03-19 05:00:00,0.0
2016-03-19 06:00:00,0.0
2016-03-19 07:00:00,0.0
2016-03-19 08:00:00,0.0
2016-03-19 09:00:00,0.0
2016-03-19 10:00:00,13.1
2016-03-19 11:00:00,128.0
2016-03-19 12:00:00,305.3000025
2016-03-19 13:00:00,458.125
2016-03-19 14:00:00,604.65001
2016-03-19 15:00:00,750.35
2016-03-19 16:00:00,776.45
2016-03-19 17:00:00,799.075
2016-03-19 18:00:00,748.35001
2016-03-19 19:00:00,580.15002
2016-03-19 20:00:00,390.725005
2016-03-19 21:00:00,194.22500875
2016-03-19 22:00:00,18.15
2016-03-19 23:00:00,0.0
2016-03-20 00:00:00,0.0
2016-03-20 01:00:00,0.0
2016-03-20 02:00:00,0.0
2016-03-20 03:00:00,0.0
2016-03-20 04:00:00,0.0
2016-03-20 05:00:00,0.0
2016-03-20 06:00:00,0.0
2016-03-20 07:00:00,0.0
2016-03-20 08:00:00,0.0
2016-03-20 09:00:00,0.0
2016-03-20 10:00:00,13.225
2016-03-20 11:00:00,173.07500375
2016-03-20 12:00:00,407.95
2016-03-20 13:00:00,627.00001
2016-03-20 14:00:00,754.95002
2016-03-20 15:00:00,847.80002
2016-03-20 16:00:00,909.3
2016-03-20 17:00:00,934.52501
2016-03-20 18:00:00,858.225
2016-03-20 19:00:00,678.12502
2016-03-20 20:00:00,468.825
2016-03-20 21:00:00,136.9500005
2016-03-20 22:00:00,0.0
2016-03-20 23:00:00,0.0
2016-03-21 00:00:00,0.0
2016-03-21 01:00:00,0.0
2016-03-21 02:00:00,0.0
2016-03-21 03:00:00,0.0
2016-03-21 04:00:00,0.0
2016-03-21 05:00:00,0.0
2016-03-21 06:00:00,0.0
2016-03-21 07:00:00,0.0
2016-03-21 08:00:00,0.0
2016-03-21 09:00:00,0.0
2016-03-21 10:00:00,6.65
2016-03-21 11:00:00,173.35
2016-03-21 12:00:00,417.775005
2016-03-21 13:00:00,654.675
2016-03-21 14:00:00,769.97501
2016-03-21 15:00:00,796.50001
2016-03-21 16:00:00,696.325
2016-03-21 17:00:00,574.725
2016-03-21 18:00:00,599.225
2016-03-21 19:00:00,603.0500099999999
2016-03-21 20:00:00,323.5
2016-03-21 21:00:00,91.2000005
2016-03-21 22:00:00,0.0
2016-03-21 23:00:00,0.0
2016-03-22 00:00:00,0.0
2016-03-22 01:00:00,0.0
2016-03-22 02:00:00,0.0
2016-03-22 03:00:00,0.0
2016-03-22 04:00:00,0.0
2016-03-22 05:00:00,0.0
2016-03-22 06:00:00,0.0
2016-03-22 07:00:00,0.0
2016-03-22 08:00:00,0.0
2016-03-22 09:00:00,0.0
2016-03-22 10:00:00,6.9
2016-03-22 11:00:00,175.8
2016-03-22 12:00:00,356.75001
2016-03-22 13:00:00,616.9
2016-03-22 14:00:00,806.30002
2016-03-22 15:00:00,921.05
2016-03-22 16:00:00,952.05
2016-03-22 17:00:00,853.5250100000001
2016-03-22 18:00:00,676.60001
2016-03-22 19:00:00,478.47501
2016-03-22 20:00:00,242.4250025
2016-03-22 21:00:00,64.7
2016-03-22 22:00:00,0.0
2016-03-22 23:00:00,0.0
2016-03-23 00:00:00,0.0
2016-03-23 01:00:00,0.0
2016-03-23 02:00:00,0.0
2016-03-23 03:00:00,0.0
2016-03-23 04:00:00,0.0
2016-03-23 05:00:00,0.0
2016-03-23 06:00:00,0.0
2016-03-23 07:00:00,0.0
2016-03-23 08:00:00,0.0
2016-03-23 09:00:00,0.0
2016-03-23 10:00:00,9.5250005
2016-03-23 11:00:00,158.07500375
2016-03-23 12:00:00,374.85001
2016-03-23 13:00:00,552.05
2016-03-23 14:00:00,605.70001
2016-03-23 15:00:00,677.125
2016-03-23 16:00:00,813.92501
2016-03-23 17:00:00,775.05
2016-03-23 18:00:00,519.9749999999999
2016-03-23 19:00:00,332.30001000000004
2016-03-23 20:00:00,259.9500025
2016-03-23 21:00:00,96.725
2016-03-23 22:00:00,0.375
2016-03-23 23:00:00,0.0
2016-03-24 00:00:00,0.0
2016-03-24 01:00:00,0.0
2016-03-24 02:00:00,0.0
2016-03-24 03:00:00,0.0
2016-03-24 04:00:00,0.0
2016-03-24 05:00:00,0.0
2016-03-24 06:00:00,0.0
2016-03-24 07:00:00,0.0
2016-03-24 08:00:00,0.0
2016-03-24 09:00:00,0.0
2016-03-24 10:00:00,11.55
2016-03-24 11:00:00,183.55001000000001
2016-03-24 12:00:00,434.20000500000003
2016-03-24 13:00:00,666.92501
2016-03-24 14:00:00,745.8
2016-03-24 15:00:00,642.15
2016-03-24 16:00:00,453.85
2016-03-24 17:00:00,370.650005
2016-03-24 18:00:00,364.45000500000003
2016-03-24 19:00:00,532.100005
2016-03-24 20:00:00,357.47499999999997
2016-03-24 21:00:00,181.4250025
2016-03-24 22:00:00,14.0
2016-03-24 23:00:00,0.0
2016-03-25 00:00:00,0.0
2016-03-25 01:00:00,0.0
2016-03-25 02:00:00,0.0
2016-03-25 03:00:00,0.0
2016-03-25 04:00:00,0.0
2016-03-25 05:00:00,0.0
2016-03-25 06:00:00,0.0
2016-03-25 07:00:00,0.0
2016-03-25 08:00:00,0.0
2016-03-25 09:00:00,0.0
2016-03-25 10:00:00,7.0249999999999995
2016-03-25 11:00:00,151.425
2016-03-25 12:00:00,381.675005
2016-03-25 13:00:00,540.35001
2016-03-25 14:00:00,515.17501
2016-03-25 15:00:00,533.675
2016-03-25 16:00:00,518.3000099999999
2016-03-25 17:00:00,535.925
2016-03-25 18:00:00,502.700015
2016-03-25 19:00:00,342.75001
2016-03-25 20:00:00,138.60000125
2016-03-25 21:00:00,9.125
2016-03-25 22:00:00,1.175
2016-03-25 23:00:00,0.0
2016-03-26 00:00:00,0.0
2016-03-26 01:00:00,0.0
2016-03-26 02:00:00,0.0
2016-03-26 03:00:00,0.0
2016-03-26 04:00:00,0.0
2016-03-26 05:00:00,0.0
2016-03-26 06:00:00,0.0
2016-03-26 07:00:00,0.0
2016-03-26 08:00:00,0.0
2016-03-26 09:00:00,0.0
2016-03-26 10:00:00,11.25
2016-03-26 11:00:00,172.9250025
2016-03-26 12:00:00,409.27501
2016-03-26 13:00:00,601.625
2016-03-26 14:00:00,710.55
2016-03-26 15:00:00,787.37501
2016-03-26 16:00:00,800.5749999999999
2016-03-26 17:00:00,817.025
2016-03-26 18:00:00,721.125
2016-03-26 19:00:00,526.1500100000001
2016-03-26 20:00:00,296.150005
2016-03-26 21:00:00,124.27500125
2016-03-26 22:00:00,14.125000750000002
2016-03-26 23:00:00,0.0
2016-03-27 00:00:00,0.0
2016-03-27 01:00:00,0.0
2016-03-27 02:00:00,0.0
2016-03-27 03:00:00,0.0
2016-03-27 04:00:00,0.0
2016-03-27 05:00:00,0.0
2016-03-27 06:00:00,0.0
2016-03-27 07:00:00,0.0
2016-03-27 08:00:00,0.0
2016-03-27 09:00:00,0.0
2016-03-27 10:00:00,10.1
2016-03-27 11:00:00,164.47500000000002
2016-03-27 12:00:00,439.200015
2016-03-27 13:00:00,677.025
2016-03-27 14:00:00,859.8000099999999
2016-03-27 15:00:00,973.625
2016-03-27 16:00:00,1009.1000200000001
2016-03-27 17:00:00,965.97502
2016-03-27 18:00:00,844.4
2016-03-27 19:00:00,662.425
2016-03-27 20:00:00,432.87501
2016-03-27 21:00:00,173.35000250000002
2016-03-27 22:00:00,11.175
2016-03-27 23:00:00,0.0
2016-03-28 00:00:00,0.0
2016-03-28 01:00:00,0.0
2016-03-28 02:00:00,0.0
2016-03-28 03:00:00,0.0
2016-03-28 04:00:00,0.0
2016-03-28 05:00:00,0.0
2016-03-28 06:00:00,0.0
2016-03-28 07:00:00,0.0
2016-03-28 08:00:00,0.0
2016-03-28 09:00:00,0.0
2016-03-28 10:00:00,8.55
2016-03-28 11:00:00,165.3000025
2016-03-28 12:00:00,418.95
2016-03-28 13:00:00,651.025
2016-03-28 14:00:00,832.1
2016-03-28 15:00:00,948.50003
2016-03-28 16:00:00,987.4250099999999
2016-03-28 17:00:00,947.525
2016-03-28 18:00:00,824.65
2016-03-28 19:00:00,644.275
2016-03-28 20:00:00,416.175005
2016-03-28 21:00:00,164.9000025
2016-03-28 22:00:00,9.774999999999999
2016-03-28 23:00:00,0.0
2016-03-29 00:00:00,0.0
2016-03-29 01:00:00,0.0
2016-03-29 02:00:00,0.0
2016-03-29 03:00:00,0.0
2016-03-29 04:00:00,0.0
2016-03-29 05:00:00,0.0
2016-03-29 06:00:00,0.0
2016-03-29 07:00:00,0.0
2016-03-29 08:00:00,0.0
2016-03-29 09:00:00,0.0
2016-03-29 10:00:00,8.825
2016-03-29 11:00:00,166.5500075
2016-03-29 12:00:00,425.30001000000004
2016-03-29 13:00:00,657.625
2016-03-29 14:00:00,838.125
2016-03-29 15:00:00,941.50002
2016-03-29 16:00:00,921.47501
2016-03-29 17:00:00,755.97501
2016-03-29 18:00:00,656.22501
2016-03-29 19:00:00,512.20001
2016-03-29 20:00:00,341.150005
2016-03-29 21:00:00,141.4250025
2016-03-29 22:00:00,10.175
2016-03-29 23:00:00,0.0
2016-03-30 00:00:00,0.0
2016-03-30 01:00:00,0.0
2016-03-30 02:00:00,0.0
2016-03-30 03:00:00,0.0
2016-03-30 04:00:00,0.0
2016-03-30 05:00:00,0.0
2016-03-30 06:00:00,0.0
2016-03-30 07:00:00,0.0
2016-03-30 08:00:00,0.0
2016-03-30 09:00:00,0.0
2016-03-30 10:00:00,9.55
2016-03-30 11:00:00,181.04999999999998
2016-03-30 12:00:00,446.45001
2016-03-30 13:00:00,680.1750099999999
2016-03-30 14:00:00,861.10001
2016-03-30 15:00:00,975.625
2016-03-30 16:00:00,1010.12501
2016-03-30 17:00:00,949.7
2016-03-30 18:00:00,842.875
2016-03-30 19:00:00,661.05001
2016-03-30 20:00:00,417.55
2016-03-30 21:00:00,49.70000125
2016-03-30 22:00:00,0.0
2016-03-30 23:00:00,0.0
2016-03-31 00:00:00,0.0
2016-03-31 01:00:00,0.0
2016-03-31 02:00:00,0.0
2016-03-31 03:00:00,0.0
2016-03-31 04:00:00,0.0
2016-03-31 05:00:00,0.0
2016-03-31 06:00:00,0.0
2016-03-31 07:00:00,0.0
2016-03-31 08:00:00,0.0
2016-03-31 09:00:00,0.0
2016-03-31 10:00:00,8.85
2016-03-31 11:00:00,176.2
2016-03-31 12:00:00,421.325005
2016-03-31 13:00:00,655.125
2016-03-31 14:00:00,835.825
2016-03-31 15:00:00,948.02502
2016-03-31 16:00:00,978.7750100000001
2016-03-31 17:00:00,931.675
2016-03-31 18:00:00,811.65
2016-03-31 19:00:00,632.375
2016-03-31 20:00:00,406.075
2016-03-31 21:00:00,158.1
2016-03-31 22:00:00,7.225
2016-03-31 23:00:00,0.0
2016-04-01 00:00:00,0.0
2016-04-01 01:00:00,0.0
2016-04-01 02:00:00,0.0
2016-04-01 03:00:00,0.0
2016-04-01 04:00:00,0.0
2016-04-01 05:00:00,0.0
2016-04-01 06:00:00,0.0
2016-04-01 07:00:00,0.0
2016-04-01 08:00:00,0.0
2016-04-01 09:00:00,0.0
2016-04-01 10:00:00,7.475
2016-04-01 11:00:00,170.175005
2016-04-01 12:00:00,417.125005
2016-04-01 13:00:00,645.90001
2016-04-01 14:00:00,822.22501
2016-04-01 15:00:00,908.025
2016-04-01 16:00:00,925.8000099999999
2016-04-01 17:00:00,921.12501
2016-04-01 18:00:00,663.82501
2016-04-01 19:00:00,462.42500500000006
2016-04-01 20:00:00,271.2
2016-04-01 21:00:00,133.4
2016-04-01 22:00:00,7.35
2016-04-01 23:00:00,0.0
2016-04-02 00:00:00,0.0
2016-04-02 01:00:00,0.0
2016-04-02 02:00:00,0.0
2016-04-02 03:00:00,0.0
2016-04-02 04:00:00,0.0
2016-04-02 05:00:00,0.0
2016-04-02 06:00:00,0.0
2016-04-02 07:00:00,0.0
2016-04-02 08:00:00,0.0
2016-04-02 09:00:00,0.0
2016-04-02 10:00:00,8.25
2016-04-02 11:00:00,176.27500875
2016-04-02 12:00:00,433.350005
2016-04-02 13:00:00,665.525
2016-04-02 14:00:00,845.175
2016-04-02 15:00:00,954.45
2016-04-02 16:00:00,986.275
2016-04-02 17:00:00,939.60001
2016-04-02 18:00:00,811.32501
2016-04-02 19:00:00,589.27501
2016-04-02 20:00:00,337.475005
2016-04-02 21:00:00,125.7250025
2016-04-02 22:00:00,7.3
2016-04-02 23:00:00,0.0
2016-04-03 00:00:00,0.0
2016-04-03 01:00:00,0.0
2016-04-03 02:00:00,0.0
2016-04-03 03:00:00,0.0
2016-04-03 04:00:00,0.0
2016-04-03 05:00:00,0.0
2016-04-03 06:00:00,0.0
2016-04-03 07:00:00,0.0
2016-04-03 08:00:00,0.0
2016-04-03 09:00:00,0.0
2016-04-03 10:00:00,7.8
2016-04-03 11:00:00,166.7500025
2016-04-03 12:00:00,421.825
2016-04-03 13:00:00,651.6750099999999
2016-04-03 14:00:00,828.20001
2016-04-03 15:00:00,868.75
2016-04-03 16:00:00,893.6
2016-04-03 17:00:00,857.075
2016-04-03 18:00:00,559.575
2016-04-03 19:00:00,396.975
2016-04-03 20:00:00,219.6000025
2016-04-03 21:00:00,32.0
2016-04-03 22:00:00,0.0
2016-04-03 23:00:00,0.0
2016-04-04 00:00:00,0.0
2016-04-04 01:00:00,0.0
2016-04-04 02:00:00,0.0
2016-04-04 03:00:00,0.0
2016-04-04 04:00:00,0.0
2016-04-04 05:00:00,0.0
2016-04-04 06:00:00,0.0
2016-04-04 07:00:00,0.0
2016-04-04 08:00:00,0.0
2016-04-04 09:00:00,0.0
2016-04-04 10:00:00,6.775
2016-04-04 11:00:00,166.8000075
2016-04-04 12:00:00,399.025005
2016-04-04 13:00:00,600.20001
2016-04-04 14:00:00,800.55
2016-04-04 15:00:00,915.75
2016-04-04 16:00:00,950.85001
2016-04-04 17:00:00,907.45001
2016-04-04 18:00:00,761.0
2016-04-04 19:00:00,505.4
2016-04-04 20:00:00,310.025005
2016-04-04 21:00:00,120.075
2016-04-04 22:00:00,4.675
2016-04-04 23:00:00,0.0
2016-04-05 00:00:00,0.0
2016-04-05 01:00:00,0.0
2016-04-05 02:00:00,0.0
2016-04-05 03:00:00,0.0
2016-04-05 04:00:00,0.0
2016-04-05 05:00:00,0.0
2016-04-05 06:00:00,0.0
2016-04-05 07:00:00,0.0
2016-04-05 08:00:00,0.0
2016-04-05 09:00:00,0.0
2016-04-05 10:00:00,5.725
2016-04-05 11:00:00,143.475
2016-04-05 12:00:00,333.15
2016-04-05 13:00:00,462.6
2016-04-05 14:00:00,484.7
2016-04-05 15:00:00,592.95001
2016-04-05 16:00:00,595.5250000000001
2016-04-05 17:00:00,581.20001
2016-04-05 18:00:00,510.55
2016-04-05 19:00:00,397.775005
2016-04-05 20:00:00,309.825
2016-04-05 21:00:00,78.45
2016-04-05 22:00:00,3.525
2016-04-05 23:00:00,0.0
2016-04-06 00:00:00,0.0
2016-04-06 01:00:00,0.0
2016-04-06 02:00:00,0.0
2016-04-06 03:00:00,0.0
2016-04-06 04:00:00,0.0
2016-04-06 05:00:00,0.0
2016-04-06 06:00:00,0.0
2016-04-06 07:00:00,0.0
2016-04-06 08:00:00,0.0
2016-04-06 09:00:00,0.0
2016-04-06 10:00:00,6.3
2016-04-06 11:00:00,159.2000025
2016-04-06 12:00:00,410.325
2016-04-06 13:00:00,638.17501
2016-04-06 14:00:00,816.225
2016-04-06 15:00:00,930.92502
2016-04-06 16:00:00,968.1750099999999
2016-04-06 17:00:00,927.0250100000001
2016-04-06 18:00:00,811.65
2016-04-06 19:00:00,628.25002
2016-04-06 20:00:00,398.27501
2016-04-06 21:00:00,151.8000025
2016-04-06 22:00:00,4.675
2016-04-06 23:00:00,0.0
2016-04-07 00:00:00,0.0
2016-04-07 01:00:00,0.0
2016-04-07 02:00:00,0.0
2016-04-07 03:00:00,0.0
2016-04-07 04:00:00,0.0
2016-04-07 05:00:00,0.0
2016-04-07 06:00:00,0.0
2016-04-07 07:00:00,0.0
2016-04-07 08:00:00,0.0
2016-04-07 09:00:00,0.0
2016-04-07 10:00:00,6.525
2016-04-07 11:00:00,163.97500250000002
2016-04-07 12:00:00,404.1
2016-04-07 13:00:00,632.3000099999999
2016-04-07 14:00:00,799.0
2016-04-07 15:00:00,924.30001
2016-04-07 16:00:00,959.425
2016-04-07 17:00:00,916.325
2016-04-07 18:00:00,800.525
2016-04-07 19:00:00,548.775005
2016-04-07 20:00:00,326.0
2016-04-07 21:00:00,94.47500000000001
2016-04-07 22:00:00,0.0
2016-04-07 23:00:00,0.0
2016-04-08 00:00:00,0.0
2016-04-08 01:00:00,0.0
2016-04-08 02:00:00,0.0
2016-04-08 03:00:00,0.0
2016-04-08 04:00:00,0.0
2016-04-08 05:00:00,0.0
2016-04-08 06:00:00,0.0
2016-04-08 07:00:00,0.0
2016-04-08 08:00:00,0.0
2016-04-08 09:00:00,0.0
2016-04-08 10:00:00,1.075
2016-04-08 11:00:00,153.55
2016-04-08 12:00:00,409.575
2016-04-08 13:00:00,574.2250200000001
2016-04-08 14:00:00,768.925
2016-04-08 15:00:00,886.32502
2016-04-08 16:00:00,765.70001
2016-04-08 17:00:00,782.2750100000001
2016-04-08 18:00:00,813.37502
2016-04-08 19:00:00,613.7249999999999
2016-04-08 20:00:00,334.70000500000003
2016-04-08 21:00:00,107.87500025
2016-04-08 22:00:00,3.825
2016-04-08 23:00:00,0.0
2016-04-09 00:00:00,0.0
2016-04-09 01:00:00,0.0
2016-04-09 02:00:00,0.0
2016-04-09 03:00:00,0.0
2016-04-09 04:00:00,0.0
2016-04-09 05:00:00,0.0
2016-04-09 06:00:00,0.0
2016-04-09 07:00:00,0.0
2016-04-09 08:00:00,0.0
2016-04-09 09:00:00,0.0
2016-04-09 10:00:00,6.225
2016-04-09 11:00:00,171.5
2016-04-09 12:00:00,406.95
2016-04-09 13:00:00,593.47501
2016-04-09 14:00:00,710.62502
2016-04-09 15:00:00,733.50002
2016-04-09 16:00:00,707.22501
2016-04-09 17:00:00,478.70001
2016-04-09 18:00:00,318.37501
2016-04-09 19:00:00,262.3
2016-04-09 20:00:00,154.90000375
2016-04-09 21:00:00,29.25
2016-04-09 22:00:00,0.0
2016-04-09 23:00:00,0.0
2016-04-10 00:00:00,0.0
2016-04-10 01:00:00,0.0
2016-04-10 02:00:00,0.0
2016-04-10 03:00:00,0.0
2016-04-10 04:00:00,0.0
2016-04-10 05:00:00,0.0
2016-04-10 06:00:00,0.0
2016-04-10 07:00:00,0.0
2016-04-10 08:00:00,0.0
2016-04-10 09:00:00,0.0
2016-04-10 10:00:00,5.32500025
2016-04-10 11:00:00,147.7500025
2016-04-10 12:00:00,372.150005
2016-04-10 13:00:00,539.62501
2016-04-10 14:00:00,674.85002
2016-04-10 15:00:00,809.57502
2016-04-10 16:00:00,889.3
2016-04-10 17:00:00,829.97501
2016-04-10 18:00:00,751.10002
2016-04-10 19:00:00,586.10001
2016-04-10 20:00:00,355.175
2016-04-10 21:00:00,131.5750055
2016-04-10 22:00:00,2.2
2016-04-10 23:00:00,0.0
2016-04-11 00:00:00,0.0
2016-04-11 01:00:00,0.0
2016-04-11 02:00:00,0.0
2016-04-11 03:00:00,0.0
2016-04-11 04:00:00,0.0
2016-04-11 05:00:00,0.0
2016-04-11 06:00:00,0.0
2016-04-11 07:00:00,0.0
2016-04-11 08:00:00,0.0
2016-04-11 09:00:00,0.0
2016-04-11 10:00:00,4.15
2016-04-11 11:00:00,158.3
2016-04-11 12:00:00,372.10001
2016-04-11 13:00:00,557.125
2016-04-11 14:00:00,708.12501
2016-04-11 15:00:00,695.30002
2016-04-11 16:00:00,623.32501
2016-04-11 17:00:00,657.87502
2016-04-11 18:00:00,678.6750099999999
2016-04-11 19:00:00,480.025005
2016-04-11 20:00:00,295.2250075
2016-04-11 21:00:00,116.25000375
2016-04-11 22:00:00,1.675000075
2016-04-11 23:00:00,0.0
2016-04-12 00:00:00,0.0
2016-04-12 01:00:00,0.0
2016-04-12 02:00:00,0.0
2016-04-12 03:00:00,0.0
2016-04-12 04:00:00,0.0
2016-04-12 05:00:00,0.0
2016-04-12 06:00:00,0.0
2016-04-12 07:00:00,0.0
2016-04-12 08:00:00,0.0
2016-04-12 09:00:00,0.0
2016-04-12 10:00:00,4.775
2016-04-12 11:00:00,150.125
2016-04-12 12:00:00,328.35
2016-04-12 13:00:00,515.1750099999999
2016-04-12 14:00:00,632.85
2016-04-12 15:00:00,771.125
2016-04-12 16:00:00,678.9000100000001
2016-04-12 17:00:00,505.6
2016-04-12 18:00:00,565.025
2016-04-12 19:00:00,587.475005
2016-04-12 20:00:00,362.0
2016-04-12 21:00:00,126.375
2016-04-12 22:00:00,1.325
2016-04-12 23:00:00,0.0
2016-04-13 00:00:00,0.0
2016-04-13 01:00:00,0.0
2016-04-13 02:00:00,0.0
2016-04-13 03:00:00,0.0
2016-04-13 04:00:00,0.0
2016-04-13 05:00:00,0.0
2016-04-13 06:00:00,0.0
2016-04-13 07:00:00,0.0
2016-04-13 08:00:00,0.0
2016-04-13 09:00:00,0.0
2016-04-13 10:00:00,4.925
2016-04-13 11:00:00,159.60000250000002
2016-04-13 12:00:00,409.05
2016-04-13 13:00:00,635.10002
2016-04-13 14:00:00,810.325
2016-04-13 15:00:00,919.60001
2016-04-13 16:00:00,952.5250100000001
2016-04-13 17:00:00,906.5250100000001
2016-04-13 18:00:00,785.75001
2016-04-13 19:00:00,602.32501
2016-04-13 20:00:00,374.7
2016-04-13 21:00:00,130.85000250000002
2016-04-13 22:00:00,1.025
2016-04-13 23:00:00,0.0
2016-04-14 00:00:00,0.0
2016-04-14 01:00:00,0.0
2016-04-14 02:00:00,0.0
2016-04-14 03:00:00,0.0
2016-04-14 04:00:00,0.0
2016-04-14 05:00:00,0.0
2016-04-14 06:00:00,0.0
2016-04-14 07:00:00,0.0
2016-04-14 08:00:00,0.0
2016-04-14 09:00:00,0.0
2016-04-14 10:00:00,4.525
2016-04-14 11:00:00,158.25000125
2016-04-14 12:00:00,390.1
2016-04-14 13:00:00,615.35001
2016-04-14 14:00:00,789.87501
2016-04-14 15:00:00,901.75001
2016-04-14 16:00:00,934.075
2016-04-14 17:00:00,888.37501
2016-04-14 18:00:00,770.4000100000001
2016-04-14 19:00:00,587.95001
2016-04-14 20:00:00,360.25001
2016-04-14 21:00:00,120.0500025
2016-04-14 22:00:00,0.5
2016-04-14 23:00:00,0.0
2016-04-15 00:00:00,0.0
2016-04-15 01:00:00,0.0
2016-04-15 02:00:00,0.0
2016-04-15 03:00:00,0.0
2016-04-15 04:00:00,0.0
2016-04-15 05:00:00,0.0
2016-04-15 06:00:00,0.0
2016-04-15 07:00:00,0.0
2016-04-15 08:00:00,0.0
2016-04-15 09:00:00,0.0
2016-04-15 10:00:00,4.15
2016-04-15 11:00:00,154.82500249999998
2016-04-15 12:00:00,400.57500500000003
2016-04-15 13:00:00,626.1750099999999
2016-04-15 14:00:00,800.8000099999999
2016-04-15 15:00:00,912.175
2016-04-15 16:00:00,946.20001
2016-04-15 17:00:00,902.625
2016-04-15 18:00:00,786.35
2016-04-15 19:00:00,603.0
2016-04-15 20:00:00,371.55
2016-04-15 21:00:00,123.12500375
2016-04-15 22:00:00,0.175
2016-04-15 23:00:00,0.0
2016-04-16 00:00:00,0.0
2016-04-16 01:00:00,0.0
2016-04-16 02:00:00,0.0
2016-04-16 03:00:00,0.0
2016-04-16 04:00:00,0.0
2016-04-16 05:00:00,0.0
2016-04-16 06:00:00,0.0
2016-04-16 07:00:00,0.0
2016-04-16 08:00:00,0.0
2016-04-16 09:00:00,0.0
2016-04-16 10:00:00,3.875
2016-04-16 11:00:00,154.45
2016-04-16 12:00:00,393.650005
2016-04-16 13:00:00,618.75001
2016-04-16 14:00:00,791.25001
2016-04-16 15:00:00,898.95001
2016-04-16 16:00:00,927.75
2016-04-16 17:00:00,877.825
2016-04-16 18:00:00,755.05002
2016-04-16 19:00:00,571.725
2016-04-16 20:00:00,347.525
2016-04-16 21:00:00,109.3
2016-04-16 22:00:00,0.0
2016-04-16 23:00:00,0.0
2016-04-17 00:00:00,0.0
2016-04-17 01:00:00,0.0
2016-04-17 02:00:00,0.0
2016-04-17 03:00:00,0.0
2016-04-17 04:00:00,0.0
2016-04-17 05:00:00,0.0
2016-04-17 06:00:00,0.0
2016-04-17 07:00:00,0.0
2016-04-17 08:00:00,0.0
2016-04-17 09:00:00,0.0
2016-04-17 10:00:00,1.550000075
2016-04-17 11:00:00,125.07500375000001
2016-04-17 12:00:00,365.25
2016-04-17 13:00:00,593.900015
2016-04-17 14:00:00,648.22502
2016-04-17 15:00:00,432.125
2016-04-17 16:00:00,317.675005
2016-04-17 17:00:00,337.625
2016-04-17 18:00:00,341.6
2016-04-17 19:00:00,268.5000025
2016-04-17 20:00:00,148.05
2016-04-17 21:00:00,30.15
2016-04-17 22:00:00,0.0
2016-04-17 23:00:00,0.0
2016-04-18 00:00:00,0.0
2016-04-18 01:00:00,0.0
2016-04-18 02:00:00,0.0
2016-04-18 03:00:00,0.0
2016-04-18 04:00:00,0.0
2016-04-18 05:00:00,0.0
2016-04-18 06:00:00,0.0
2016-04-18 07:00:00,0.0
2016-04-18 08:00:00,0.0
2016-04-18 09:00:00,0.0
2016-04-18 10:00:00,2.85000025
2016-04-18 11:00:00,113.35
2016-04-18 12:00:00,226.375
2016-04-18 13:00:00,441.70001
2016-04-18 14:00:00,551.1750049999999
2016-04-18 15:00:00,447.35
2016-04-18 16:00:00,528.2750149999999
2016-04-18 17:00:00,447.79999999999995
2016-04-18 18:00:00,431.225
2016-04-18 19:00:00,289.45
2016-04-18 20:00:00,152.12500125
2016-04-18 21:00:00,30.700000250000002
2016-04-18 22:00:00,0.0
2016-04-18 23:00:00,0.0
2016-04-19 00:00:00,0.0
2016-04-19 01:00:00,0.0
2016-04-19 02:00:00,0.0
2016-04-19 03:00:00,0.0
2016-04-19 04:00:00,0.0
2016-04-19 05:00:00,0.0
2016-04-19 06:00:00,0.0
2016-04-19 07:00:00,0.0
2016-04-19 08:00:00,0.0
2016-04-19 09:00:00,0.0
2016-04-19 10:00:00,1.2
2016-04-19 11:00:00,124.47500500000001
2016-04-19 12:00:00,358.425005
2016-04-19 13:00:00,575.2750100000001
2016-04-19 14:00:00,679.35001
2016-04-19 15:00:00,473.000005
2016-04-19 16:00:00,492.425005
2016-04-19 17:00:00,452.27501
2016-04-19 18:00:00,577.92501
2016-04-19 19:00:00,466.17501000000004
2016-04-19 20:00:00,310.775005
2016-04-19 21:00:00,58.05
2016-04-19 22:00:00,0.0
2016-04-19 23:00:00,0.0
2016-04-20 00:00:00,0.0
2016-04-20 01:00:00,0.0
2016-04-20 02:00:00,0.0
2016-04-20 03:00:00,0.0
2016-04-20 04:00:00,0.0
2016-04-20 05:00:00,0.0
2016-04-20 06:00:00,0.0
2016-04-20 07:00:00,0.0
2016-04-20 08:00:00,0.0
2016-04-20 09:00:00,0.0
2016-04-20 10:00:00,1.125
2016-04-20 11:00:00,132.0000025
2016-04-20 12:00:00,325.85001
2016-04-20 13:00:00,542.6500100000001
2016-04-20 14:00:00,711.9499999999999
2016-04-20 15:00:00,809.7249999999999
2016-04-20 16:00:00,803.92501
2016-04-20 17:00:00,644.7250200000001
2016-04-20 18:00:00,683.0250100000001
2016-04-20 19:00:00,549.800005
2016-04-20 20:00:00,319.3
2016-04-20 21:00:00,61.324999999999996
2016-04-20 22:00:00,0.0
2016-04-20 23:00:00,0.0
2016-04-21 00:00:00,0.0
2016-04-21 01:00:00,0.0
2016-04-21 02:00:00,0.0
2016-04-21 03:00:00,0.0
2016-04-21 04:00:00,0.0
2016-04-21 05:00:00,0.0
2016-04-21 06:00:00,0.0
2016-04-21 07:00:00,0.0
2016-04-21 08:00:00,0.0
2016-04-21 09:00:00,0.0
2016-04-21 10:00:00,2.55
2016-04-21 11:00:00,145.02500500000002
2016-04-21 12:00:00,386.825
2016-04-21 13:00:00,608.6500100000001
2016-04-21 14:00:00,781.7666666666668
2016-04-21 15:00:00,875.5
2016-04-21 16:00:00,901.67501
2016-04-21 17:00:00,852.425
2016-04-21 18:00:00,731.37501
2016-04-21 19:00:00,552.400005
2016-04-21 20:00:00,295.70000500000003
2016-04-21 21:00:00,57.15
2016-04-21 22:00:00,0.0
2016-04-21 23:00:00,0.0
2016-04-22 00:00:00,0.0
2016-04-22 01:00:00,0.0
2016-04-22 02:00:00,0.0
2016-04-22 03:00:00,0.0
2016-04-22 04:00:00,0.0
2016-04-22 05:00:00,0.0
2016-04-22 06:00:00,0.0
2016-04-22 07:00:00,0.0
2016-04-22 08:00:00,0.0
2016-04-22 09:00:00,0.0
2016-04-22 10:00:00,2.075
2016-04-22 11:00:00,138.85000125
2016-04-22 12:00:00,389.32500500000003
2016-04-22 13:00:00,612.925
2016-04-22 14:00:00,786.475
2016-04-22 15:00:00,895.07502
2016-04-22 16:00:00,926.65001
2016-04-22 17:00:00,882.20002
2016-04-22 18:00:00,763.375
2016-04-22 19:00:00,581.225
2016-04-22 20:00:00,350.650005
2016-04-22 21:00:00,106.42500125000001
2016-04-22 22:00:00,0.0
2016-04-22 23:00:00,0.0
2016-04-23 00:00:00,0.0
2016-04-23 01:00:00,0.0
2016-04-23 02:00:00,0.0
2016-04-23 03:00:00,0.0
2016-04-23 04:00:00,0.0
2016-04-23 05:00:00,0.0
2016-04-23 06:00:00,0.0
2016-04-23 07:00:00,0.0
2016-04-23 08:00:00,0.0
2016-04-23 09:00:00,0.0
2016-04-23 10:00:00,2.075
2016-04-23 11:00:00,146.9
2016-04-23 12:00:00,392.05001000000004
2016-04-23 13:00:00,614.725
2016-04-23 14:00:00,783.95001
2016-04-23 15:00:00,885.775
2016-04-23 16:00:00,913.5250100000001
2016-04-23 17:00:00,865.97501
2016-04-23 18:00:00,747.65002
2016-04-23 19:00:00,566.775
2016-04-23 20:00:00,340.775
2016-04-23 21:00:00,101.425
2016-04-23 22:00:00,0.0
2016-04-23 23:00:00,0.0
2016-04-24 00:00:00,0.0
2016-04-24 01:00:00,0.0
2016-04-24 02:00:00,0.0
2016-04-24 03:00:00,0.0
2016-04-24 04:00:00,0.0
2016-04-24 05:00:00,0.0
2016-04-24 06:00:00,0.0
2016-04-24 07:00:00,0.0
2016-04-24 08:00:00,0.0
2016-04-24 09:00:00,0.0
2016-04-24 10:00:00,0.0
2016-04-24 11:00:00,108.75
2016-04-24 12:00:00,322.525
2016-04-24 13:00:00,488.875005
2016-04-24 14:00:00,446.55001000000004
2016-04-24 15:00:00,376.07500500000003
2016-04-24 16:00:00,322.575
2016-04-24 17:00:00,355.275
2016-04-24 18:00:00,391.625
2016-04-24 19:00:00,327.000005
2016-04-24 20:00:00,148.6750025
2016-04-24 21:00:00,22.25
2016-04-24 22:00:00,0.0
2016-04-24 23:00:00,0.0
2016-04-25 00:00:00,0.0
2016-04-25 01:00:00,0.0
2016-04-25 02:00:00,0.0
2016-04-25 03:00:00,0.0
2016-04-25 04:00:00,0.0
2016-04-25 05:00:00,0.0
2016-04-25 06:00:00,0.0
2016-04-25 07:00:00,0.0
2016-04-25 08:00:00,0.0
2016-04-25 09:00:00,0.0
2016-04-25 10:00:00,1.45
2016-04-25 11:00:00,128.39999999999998
2016-04-25 12:00:00,341.925005
2016-04-25 13:00:00,448.775
2016-04-25 14:00:00,570.1
2016-04-25 15:00:00,646.32502
2016-04-25 16:00:00,646.875
2016-04-25 17:00:00,592.70001
2016-04-25 18:00:00,570.8666666666667
2016-04-25 19:00:00,404.6
2016-04-25 20:00:00,131.9000025
2016-04-25 21:00:00,5.5
2016-04-25 22:00:00,0.0
2016-04-25 23:00:00,0.0
2016-04-26 00:00:00,0.0
2016-04-26 01:00:00,0.0
2016-04-26 02:00:00,0.0
2016-04-26 03:00:00,0.0
2016-04-26 04:00:00,0.0
2016-04-26 05:00:00,0.0
2016-04-26 06:00:00,0.0
2016-04-26 07:00:00,0.0
2016-04-26 08:00:00,0.0
2016-04-26 09:00:00,0.0
2016-04-26 10:00:00,1.175000075
2016-04-26 11:00:00,115.375
2016-04-26 12:00:00,318.1750025
2016-04-26 13:00:00,518.1500149999999
2016-04-26 14:00:00,671.37503
2016-04-26 15:00:00,823.025
2016-04-26 16:00:00,843.225
2016-04-26 17:00:00,836.35001
2016-04-26 18:00:00,720.22501
2016-04-26 19:00:00,543.475
2016-04-26 20:00:00,322.275005
2016-04-26 21:00:00,91.02500025
2016-04-26 22:00:00,0.0
2016-04-26 23:00:00,0.0
2016-04-27 00:00:00,0.0
2016-04-27 01:00:00,0.0
2016-04-27 02:00:00,0.0
2016-04-27 03:00:00,0.0
2016-04-27 04:00:00,0.0
2016-04-27 05:00:00,0.0
2016-04-27 06:00:00,0.0
2016-04-27 07:00:00,0.0
2016-04-27 08:00:00,0.0
2016-04-27 09:00:00,0.0
2016-04-27 10:00:00,0.975
2016-04-27 11:00:00,134.72500000000002
2016-04-27 12:00:00,366.050005
2016-04-27 13:00:00,583.4000100000001
2016-04-27 14:00:00,749.42501
2016-04-27 15:00:00,848.675
2016-04-27 16:00:00,874.40002
2016-04-27 17:00:00,825.5250100000001
2016-04-27 18:00:00,705.35
2016-04-27 19:00:00,474.27500499999996
2016-04-27 20:00:00,178.47500374999998
2016-04-27 21:00:00,37.300000075
2016-04-27 22:00:00,0.0
2016-04-27 23:00:00,0.0
2016-04-28 00:00:00,0.0
2016-04-28 01:00:00,0.0
2016-04-28 02:00:00,0.0
2016-04-28 03:00:00,0.0
2016-04-28 04:00:00,0.0
2016-04-28 05:00:00,0.0
2016-04-28 06:00:00,0.0
2016-04-28 07:00:00,0.0
2016-04-28 08:00:00,0.0
2016-04-28 09:00:00,0.0
2016-04-28 10:00:00,0.0
2016-04-28 11:00:00,123.225
2016-04-28 12:00:00,343.90000499999996
2016-04-28 13:00:00,556.12502
2016-04-28 14:00:00,720.5
2016-04-28 15:00:00,789.82501
2016-04-28 16:00:00,851.45
2016-04-28 17:00:00,804.72501
2016-04-28 18:00:00,689.875
2016-04-28 19:00:00,470.125005
2016-04-28 20:00:00,298.10001
2016-04-28 21:00:00,46.300000325
2016-04-28 22:00:00,0.0
2016-04-28 23:00:00,0.0
2016-04-29 00:00:00,0.0
2016-04-29 01:00:00,0.0
2016-04-29 02:00:00,0.0
2016-04-29 03:00:00,0.0
2016-04-29 04:00:00,0.0
2016-04-29 05:00:00,0.0
2016-04-29 06:00:00,0.0
2016-04-29 07:00:00,0.0
2016-04-29 08:00:00,0.0
2016-04-29 09:00:00,0.0
2016-04-29 10:00:00,0.450000025
2016-04-29 11:00:00,119.525
2016-04-29 12:00:00,346.07500500000003
2016-04-29 13:00:00,558.775
2016-04-29 14:00:00,722.82502
2016-04-29 15:00:00,822.625
2016-04-29 16:00:00,849.42501
2016-04-29 17:00:00,802.52501
2016-04-29 18:00:00,684.15002
2016-04-29 19:00:00,509.450005
2016-04-29 20:00:00,292.825
2016-04-29 21:00:00,72.82500250000001
2016-04-29 22:00:00,0.0
2016-04-29 23:00:00,0.0
2016-04-30 00:00:00,0.0
2016-04-30 01:00:00,0.0
2016-04-30 02:00:00,0.0
2016-04-30 03:00:00,0.0
2016-04-30 04:00:00,0.0
2016-04-30 05:00:00,0.0
2016-04-30 06:00:00,0.0
2016-04-30 07:00:00,0.0
2016-04-30 08:00:00,0.0
2016-04-30 09:00:00,0.0
2016-04-30 10:00:00,0.25
2016-04-30 11:00:00,116.50000374999999
2016-04-30 12:00:00,335.20001
2016-04-30 13:00:00,538.7750100000001
2016-04-30 14:00:00,691.15
2016-04-30 15:00:00,816.975
2016-04-30 16:00:00,851.67501
2016-04-30 17:00:00,803.6
2016-04-30 18:00:00,687.2249999999999
2016-04-30 19:00:00,510.575
2016-04-30 20:00:00,292.3
2016-04-30 21:00:00,71.5
2016-04-30 22:00:00,0.0
2016-04-30 23:00:00,0.0
2016-05-01 00:00:00,0.0
2016-05-01 01:00:00,0.0
2016-05-01 02:00:00,0.0
2016-05-01 03:00:00,0.0
2016-05-01 04:00:00,0.0
2016-05-01 05:00:00,0.0
2016-05-01 06:00:00,0.0
2016-05-01 07:00:00,0.0
2016-05-01 08:00:00,0.0
2016-05-01 09:00:00,0.0
2016-05-01 10:00:00,0.05
2016-05-01 11:00:00,101.475
2016-05-01 12:00:00,305.8
2016-05-01 13:00:00,417.875
2016-05-01 14:00:00,558.125
2016-05-01 15:00:00,695.6500100000001
2016-05-01 16:00:00,835.075
2016-05-01 17:00:00,809.05001
2016-05-01 18:00:00,691.9749999999999
2016-05-01 19:00:00,513.525
2016-05-01 20:00:00,293.7750075
2016-05-01 21:00:00,70.90000175
2016-05-01 22:00:00,0.0
2016-05-01 23:00:00,0.0
2016-05-02 00:00:00,0.0
2016-05-02 01:00:00,0.0
2016-05-02 02:00:00,0.0
2016-05-02 03:00:00,0.0
2016-05-02 04:00:00,0.0
2016-05-02 05:00:00,0.0
2016-05-02 06:00:00,0.0
2016-05-02 07:00:00,0.0
2016-05-02 08:00:00,0.0
2016-05-02 09:00:00,0.0
2016-05-02 10:00:00,0.0
2016-05-02 11:00:00,116.375
2016-05-02 12:00:00,342.4
2016-05-02 13:00:00,383.025
2016-05-02 14:00:00,427.32501
2016-05-02 15:00:00,528.625
2016-05-02 16:00:00,371.650005
2016-05-02 17:00:00,275.725
2016-05-02 18:00:00,561.475
2016-05-02 19:00:00,503.57500500000003
2016-05-02 20:00:00,287.250005
2016-05-02 21:00:00,63.125
2016-05-02 22:00:00,0.0
2016-05-02 23:00:00,0.0
2016-05-03 00:00:00,0.0
2016-05-03 01:00:00,0.0
2016-05-03 02:00:00,0.0
2016-05-03 03:00:00,0.0
2016-05-03 04:00:00,0.0
2016-05-03 05:00:00,0.0
2016-05-03 06:00:00,0.0
2016-05-03 07:00:00,0.0
2016-05-03 08:00:00,0.0
2016-05-03 09:00:00,0.0
2016-05-03 10:00:00,0.0
2016-05-03 11:00:00,105.375005
2016-05-03 12:00:00,316.500005
2016-05-03 13:00:00,505.45
2016-05-03 14:00:00,667.825
2016-05-03 15:00:00,784.97501
2016-05-03 16:00:00,831.775
2016-05-03 17:00:00,784.20001
2016-05-03 18:00:00,669.1750099999999
2016-05-03 19:00:00,493.47501
2016-05-03 20:00:00,277.7
2016-05-03 21:00:00,63.575000025
2016-05-03 22:00:00,0.0
2016-05-03 23:00:00,0.0
2016-05-04 00:00:00,0.0
2016-05-04 01:00:00,0.0
2016-05-04 02:00:00,0.0
2016-05-04 03:00:00,0.0
2016-05-04 04:00:00,0.0
2016-05-04 05:00:00,0.0
2016-05-04 06:00:00,0.0
2016-05-04 07:00:00,0.0
2016-05-04 08:00:00,0.0
2016-05-04 09:00:00,0.0
2016-05-04 10:00:00,0.0
2016-05-04 11:00:00,107.32500275000001
2016-05-04 12:00:00,306.3
2016-05-04 13:00:00,514.250005
2016-05-04 14:00:00,676.15002
2016-05-04 15:00:00,779.80001
2016-05-04 16:00:00,805.775
2016-05-04 17:00:00,758.32501
2016-05-04 18:00:00,642.50001
2016-05-04 19:00:00,468.6
2016-05-04 20:00:00,256.32501
2016-05-04 21:00:00,52.925
2016-05-04 22:00:00,0.0
2016-05-04 23:00:00,0.0
2016-05-05 00:00:00,0.0
2016-05-05 01:00:00,0.0
2016-05-05 02:00:00,0.0
2016-05-05 03:00:00,0.0
2016-05-05 04:00:00,0.0
2016-05-05 05:00:00,0.0
2016-05-05 06:00:00,0.0
2016-05-05 07:00:00,0.0
2016-05-05 08:00:00,0.0
2016-05-05 09:00:00,0.0
2016-05-05 10:00:00,0.0
2016-05-05 11:00:00,75.1
2016-05-05 12:00:00,208.6
2016-05-05 13:00:00,356.950005
2016-05-05 14:00:00,518.925
2016-05-05 15:00:00,677.70002
2016-05-05 16:00:00,435.25
2016-05-05 17:00:00,622.12503
2016-05-05 18:00:00,441.45
2016-05-05 19:00:00,441.450015
2016-05-05 20:00:00,214.275005
2016-05-05 21:00:00,63.050000499999996
2016-05-05 22:00:00,0.0
2016-05-05 23:00:00,0.0
2016-05-06 00:00:00,0.0
2016-05-06 01:00:00,0.0
2016-05-06 02:00:00,0.0
2016-05-06 03:00:00,0.0
2016-05-06 04:00:00,0.0
2016-05-06 05:00:00,0.0
2016-05-06 06:00:00,0.0
2016-05-06 07:00:00,0.0
2016-05-06 08:00:00,0.0
2016-05-06 09:00:00,0.0
2016-05-06 10:00:00,0.0
2016-05-06 11:00:00,98.07499999999999
2016-05-06 12:00:00,308.100005
2016-05-06 13:00:00,521.32501
2016-05-06 14:00:00,690.85001
2016-05-06 15:00:00,759.30002
2016-05-06 16:00:00,738.92503
2016-05-06 17:00:00,650.17502
2016-05-06 18:00:00,522.97501
2016-05-06 19:00:00,410.75
2016-05-06 20:00:00,269.8750025
2016-05-06 21:00:00,51.9
2016-05-06 22:00:00,0.0
2016-05-06 23:00:00,0.0
2016-05-07 00:00:00,0.0
2016-05-07 01:00:00,0.0
2016-05-07 02:00:00,0.0
2016-05-07 03:00:00,0.0
2016-05-07 04:00:00,0.0
2016-05-07 05:00:00,0.0
2016-05-07 06:00:00,0.0
2016-05-07 07:00:00,0.0
2016-05-07 08:00:00,0.0
2016-05-07 09:00:00,0.0
2016-05-07 10:00:00,0.0
2016-05-07 11:00:00,76.875
2016-05-07 12:00:00,239.2500025
2016-05-07 13:00:00,344.15000499999996
2016-05-07 14:00:00,415.525005
2016-05-07 15:00:00,457.175
2016-05-07 16:00:00,497.20001
2016-05-07 17:00:00,423.225
2016-05-07 18:00:00,457.05
2016-05-07 19:00:00,259.0250025
2016-05-07 20:00:00,173.2500025
2016-05-07 21:00:00,27.2000005
2016-05-07 22:00:00,0.0
2016-05-07 23:00:00,0.0
2016-05-08 00:00:00,0.0
2016-05-08 01:00:00,0.0
2016-05-08 02:00:00,0.0
2016-05-08 03:00:00,0.0
2016-05-08 04:00:00,0.0
2016-05-08 05:00:00,0.0
2016-05-08 06:00:00,0.0
2016-05-08 07:00:00,0.0
2016-05-08 08:00:00,0.0
2016-05-08 09:00:00,0.0
2016-05-08 10:00:00,0.0
2016-05-08 11:00:00,94.42500275
2016-05-08 12:00:00,336.725
2016-05-08 13:00:00,462.1
2016-05-08 14:00:00,461.5
2016-05-08 15:00:00,424.475
2016-05-08 16:00:00,397.125005
2016-05-08 17:00:00,548.375
2016-05-08 18:00:00,570.275
2016-05-08 19:00:00,306.575005
2016-05-08 20:00:00,163.3000025
2016-05-08 21:00:00,14.67500025
2016-05-08 22:00:00,0.0
2016-05-08 23:00:00,0.0
2016-05-09 00:00:00,0.0
2016-05-09 01:00:00,0.0
2016-05-09 02:00:00,0.0
2016-05-09 03:00:00,0.0
2016-05-09 04:00:00,0.0
2016-05-09 05:00:00,0.0
2016-05-09 06:00:00,0.0
2016-05-09 07:00:00,0.0
2016-05-09 08:00:00,0.0
2016-05-09 09:00:00,0.0
2016-05-09 10:00:00,0.0
2016-05-09 11:00:00,102.97500025
2016-05-09 12:00:00,315.600005
2016-05-09 13:00:00,523.1250150000001
2016-05-09 14:00:00,667.9
2016-05-09 15:00:00,655.25001
2016-05-09 16:00:00,652.50001
2016-05-09 17:00:00,603.82501
2016-05-09 18:00:00,549.32502
2016-05-09 19:00:00,420.09999999999997
2016-05-09 20:00:00,261.2000025
2016-05-09 21:00:00,55.62500125
2016-05-09 22:00:00,0.0
2016-05-09 23:00:00,0.0
2016-05-10 00:00:00,0.0
2016-05-10 01:00:00,0.0
2016-05-10 02:00:00,0.0
2016-05-10 03:00:00,0.0
2016-05-10 04:00:00,0.0
2016-05-10 05:00:00,0.0
2016-05-10 06:00:00,0.0
2016-05-10 07:00:00,0.0
2016-05-10 08:00:00,0.0
2016-05-10 09:00:00,0.0
2016-05-10 10:00:00,0.0
2016-05-10 11:00:00,96.4750025
2016-05-10 12:00:00,309.575
2016-05-10 13:00:00,462.97501
2016-05-10 14:00:00,626.7250200000001
2016-05-10 15:00:00,699.45002
2016-05-10 16:00:00,464.725
2016-05-10 17:00:00,327.87501
2016-05-10 18:00:00,283.475
2016-05-10 19:00:00,222.025005
2016-05-10 20:00:00,155.45000375
2016-05-10 21:00:00,24.25
2016-05-10 22:00:00,0.0
2016-05-10 23:00:00,0.0
2016-05-11 00:00:00,0.0
2016-05-11 01:00:00,0.0
2016-05-11 02:00:00,0.0
2016-05-11 03:00:00,0.0
2016-05-11 04:00:00,0.0
2016-05-11 05:00:00,0.0
2016-05-11 06:00:00,0.0
2016-05-11 07:00:00,0.0
2016-05-11 08:00:00,0.0
2016-05-11 09:00:00,0.0
2016-05-11 10:00:00,0.0
2016-05-11 11:00:00,
2016-05-11 12:00:00,360.5
2016-05-11 13:00:00,438.625
2016-05-11 14:00:00,506.25001
2016-05-11 15:00:00,530.45
2016-05-11 16:00:00,702.37501
2016-05-11 17:00:00,745.10001
2016-05-11 18:00:00,655.10001
2016-05-11 19:00:00,483.075
2016-05-11 20:00:00,264.125
2016-05-11 21:00:00,30.675000250000004
2016-05-11 22:00:00,0.0
2016-05-11 23:00:00,0.0
2016-05-12 00:00:00,0.0
2016-05-12 01:00:00,0.0
2016-05-12 02:00:00,0.0
2016-05-12 03:00:00,0.0
2016-05-12 04:00:00,0.0
2016-05-12 05:00:00,0.0
2016-05-12 06:00:00,0.0
2016-05-12 07:00:00,0.0
2016-05-12 08:00:00,0.0
2016-05-12 09:00:00,0.0
2016-05-12 10:00:00,0.0
2016-05-12 11:00:00,98.575
2016-05-12 12:00:00,318.575
2016-05-12 13:00:00,513.6
2016-05-12 14:00:00,681.425
2016-05-12 15:00:00,776.85002
2016-05-12 16:00:00,772.1000200000001
2016-05-12 17:00:00,703.1
2016-05-12 18:00:00,630.75
2016-05-12 19:00:00,468.025005
2016-05-12 20:00:00,263.8
2016-05-12 21:00:00,55.349999999999994
2016-05-12 22:00:00,0.0
2016-05-12 23:00:00,0.0
2016-05-13 00:00:00,0.0
2016-05-13 01:00:00,0.0
2016-05-13 02:00:00,0.0
2016-05-13 03:00:00,0.0
2016-05-13 04:00:00,0.0
2016-05-13 05:00:00,0.0
2016-05-13 06:00:00,0.0
2016-05-13 07:00:00,0.0
2016-05-13 08:00:00,0.0
2016-05-13 09:00:00,0.0
2016-05-13 10:00:00,0.0
2016-05-13 11:00:00,91.875
2016-05-13 12:00:00,302.675005
2016-05-13 13:00:00,492.525
2016-05-13 14:00:00,640.9
2016-05-13 15:00:00,779.12501
2016-05-13 16:00:00,822.07502
2016-05-13 17:00:00,776.375
2016-05-13 18:00:00,661.00002
2016-05-13 19:00:00,486.72501
2016-05-13 20:00:00,270.225
2016-05-13 21:00:00,54.849999999999994
2016-05-13 22:00:00,0.0
2016-05-13 23:00:00,0.0
2016-05-14 00:00:00,0.0
2016-05-14 01:00:00,0.0
2016-05-14 02:00:00,0.0
2016-05-14 03:00:00,0.0
2016-05-14 04:00:00,0.0
2016-05-14 05:00:00,0.0
2016-05-14 06:00:00,0.0
2016-05-14 07:00:00,0.0
2016-05-14 08:00:00,0.0
2016-05-14 09:00:00,0.0
2016-05-14 10:00:00,0.0
2016-05-14 11:00:00,97.7
2016-05-14 12:00:00,318.125005
2016-05-14 13:00:00,523.0000150000001
2016-05-14 14:00:00,680.8
2016-05-14 15:00:00,777.925
2016-05-14 16:00:00,804.95002
2016-05-14 17:00:00,678.5250100000001
2016-05-14 18:00:00,651.30001
2016-05-14 19:00:00,480.67501000000004
2016-05-14 20:00:00,267.4250125
2016-05-14 21:00:00,54.82500025
2016-05-14 22:00:00,0.0
2016-05-14 23:00:00,0.0
2016-05-15 00:00:00,0.0
2016-05-15 01:00:00,0.0
2016-05-15 02:00:00,0.0
2016-05-15 03:00:00,0.0
2016-05-15 04:00:00,0.0
2016-05-15 05:00:00,0.0
2016-05-15 06:00:00,0.0
2016-05-15 07:00:00,0.0
2016-05-15 08:00:00,0.0
2016-05-15 09:00:00,0.0
2016-05-15 10:00:00,0.0
2016-05-15 11:00:00,87.20000025
2016-05-15 12:00:00,284.95
2016-05-15 13:00:00,479.650005
2016-05-15 14:00:00,642.15
2016-05-15 15:00:00,761.925
2016-05-15 16:00:00,646.07501
2016-05-15 17:00:00,591.32503
2016-05-15 18:00:00,373.875005
2016-05-15 19:00:00,261.55001
2016-05-15 20:00:00,123.22500375
2016-05-15 21:00:00,14.02500025
2016-05-15 22:00:00,0.0
2016-05-15 23:00:00,0.0
2016-05-16 00:00:00,0.0
2016-05-16 01:00:00,0.0
2016-05-16 02:00:00,0.0
2016-05-16 03:00:00,0.0
2016-05-16 04:00:00,0.0
2016-05-16 05:00:00,0.0
2016-05-16 06:00:00,0.0
2016-05-16 07:00:00,0.0
2016-05-16 08:00:00,0.0
2016-05-16 09:00:00,0.0
2016-05-16 10:00:00,0.0
2016-05-16 11:00:00,69.67500125000001
2016-05-16 12:00:00,262.750005
2016-05-16 13:00:00,377.20001
2016-05-16 14:00:00,588.1500100000001
2016-05-16 15:00:00,567.2
2016-05-16 16:00:00,604.20001
2016-05-16 17:00:00,606.825
2016-05-16 18:00:00,434.6
2016-05-16 19:00:00,237.150005
2016-05-16 20:00:00,134.02500125
2016-05-16 21:00:00,10.625
2016-05-16 22:00:00,0.0
2016-05-16 23:00:00,0.0
2016-05-17 00:00:00,0.0
2016-05-17 01:00:00,0.0
2016-05-17 02:00:00,0.0
2016-05-17 03:00:00,0.0
2016-05-17 04:00:00,0.0
2016-05-17 05:00:00,0.0
2016-05-17 06:00:00,0.0
2016-05-17 07:00:00,0.0
2016-05-17 08:00:00,0.0
2016-05-17 09:00:00,0.0
2016-05-17 10:00:00,0.0
2016-05-17 11:00:00,87.0250025
2016-05-17 12:00:00,294.82500500000003
2016-05-17 13:00:00,499.59999999999997
2016-05-17 14:00:00,658.9000100000001
2016-05-17 15:00:00,758.27502
2016-05-17 16:00:00,786.10001
2016-05-17 17:00:00,741.9000100000001
2016-05-17 18:00:00,634.725
2016-05-17 19:00:00,464.47499999999997
2016-05-17 20:00:00,235.825
2016-05-17 21:00:00,44.05000125
2016-05-17 22:00:00,0.0
2016-05-17 23:00:00,0.0
2016-05-18 00:00:00,0.0
2016-05-18 01:00:00,0.0
2016-05-18 02:00:00,0.0
2016-05-18 03:00:00,0.0
2016-05-18 04:00:00,0.0
2016-05-18 05:00:00,0.0
2016-05-18 06:00:00,0.0
2016-05-18 07:00:00,0.0
2016-05-18 08:00:00,0.0
2016-05-18 09:00:00,0.0
2016-05-18 10:00:00,0.0
2016-05-18 11:00:00,90.95
2016-05-18 12:00:00,307.625
2016-05-18 13:00:00,515.575
2016-05-18 14:00:00,675.9000100000001
2016-05-18 15:00:00,775.45002
2016-05-18 16:00:00,802.27501
2016-05-18 17:00:00,756.5500099999999
2016-05-18 18:00:00,642.275
2016-05-18 19:00:00,468.9
2016-05-18 20:00:00,254.275005
2016-05-18 21:00:00,47.75000125
2016-05-18 22:00:00,0.0
2016-05-18 23:00:00,0.0
2016-05-19 00:00:00,0.0
2016-05-19 01:00:00,0.0
2016-05-19 02:00:00,0.0
2016-05-19 03:00:00,0.0
2016-05-19 04:00:00,0.0
2016-05-19 05:00:00,0.0
2016-05-19 06:00:00,0.0
2016-05-19 07:00:00,0.0
2016-05-19 08:00:00,0.0
2016-05-19 09:00:00,0.0
2016-05-19 10:00:00,0.0
2016-05-19 11:00:00,89.6500025
2016-05-19 12:00:00,311.350005
2016-05-19 13:00:00,519.375
2016-05-19 14:00:00,679.85001
2016-05-19 15:00:00,776.475
2016-05-19 16:00:00,650.900015
2016-05-19 17:00:00,725.425
2016-05-19 18:00:00,523.0
2016-05-19 19:00:00,412.45000500000003
2016-05-19 20:00:00,252.125005
2016-05-19 21:00:00,46.4750005
2016-05-19 22:00:00,0.0
2016-05-19 23:00:00,0.0
2016-05-20 00:00:00,0.0
2016-05-20 01:00:00,0.0
2016-05-20 02:00:00,0.0
2016-05-20 03:00:00,0.0
2016-05-20 04:00:00,0.0
2016-05-20 05:00:00,0.0
2016-05-20 06:00:00,0.0
2016-05-20 07:00:00,0.0
2016-05-20 08:00:00,0.0
2016-05-20 09:00:00,0.0
2016-05-20 10:00:00,0.0
2016-05-20 11:00:00,79.72500074999999
2016-05-20 12:00:00,284.27501
2016-05-20 13:00:00,501.5
2016-05-20 14:00:00,650.2
2016-05-20 15:00:00,718.70002
2016-05-20 16:00:00,710.97501
2016-05-20 17:00:00,719.35001
2016-05-20 18:00:00,625.05001
2016-05-20 19:00:00,409.500005
2016-05-20 20:00:00,193.90000750000002
2016-05-20 21:00:00,20.900001250000003
2016-05-20 22:00:00,0.0
2016-05-20 23:00:00,0.0
2016-05-21 00:00:00,0.0
2016-05-21 01:00:00,0.0
2016-05-21 02:00:00,0.0
2016-05-21 03:00:00,0.0
2016-05-21 04:00:00,0.0
2016-05-21 05:00:00,0.0
2016-05-21 06:00:00,0.0
2016-05-21 07:00:00,0.0
2016-05-21 08:00:00,0.0
2016-05-21 09:00:00,0.0
2016-05-21 10:00:00,0.0
2016-05-21 11:00:00,77.4
2016-05-21 12:00:00,280.575
2016-05-21 13:00:00,449.025
2016-05-21 14:00:00,583.0250100000001
2016-05-21 15:00:00,669.675
2016-05-21 16:00:00,643.9
2016-05-21 17:00:00,649.27503
2016-05-21 18:00:00,574.575
2016-05-21 19:00:00,439.875
2016-05-21 20:00:00,250.950005
2016-05-21 21:00:00,47.0750005
2016-05-21 22:00:00,0.0
2016-05-21 23:00:00,0.0
2016-05-22 00:00:00,0.0
2016-05-22 01:00:00,0.0
2016-05-22 02:00:00,0.0
2016-05-22 03:00:00,0.0
2016-05-22 04:00:00,0.0
2016-05-22 05:00:00,0.0
2016-05-22 06:00:00,0.0
2016-05-22 07:00:00,0.0
2016-05-22 08:00:00,0.0
2016-05-22 09:00:00,0.0
2016-05-22 10:00:00,0.0
2016-05-22 11:00:00,79.2750025
2016-05-22 12:00:00,299.75
2016-05-22 13:00:00,504.32500500000003
2016-05-22 14:00:00,661.85
2016-05-22 15:00:00,757.825
2016-05-22 16:00:00,783.57501
2016-05-22 17:00:00,737.2750100000001
2016-05-22 18:00:00,622.77502
2016-05-22 19:00:00,453.150005
2016-05-22 20:00:00,231.600005
2016-05-22 21:00:00,44.2
2016-05-22 22:00:00,0.0
2016-05-22 23:00:00,0.0
2016-05-23 00:00:00,0.0
2016-05-23 01:00:00,0.0
2016-05-23 02:00:00,0.0
2016-05-23 03:00:00,0.0
2016-05-23 04:00:00,0.0
2016-05-23 05:00:00,0.0
2016-05-23 06:00:00,0.0
2016-05-23 07:00:00,0.0
2016-05-23 08:00:00,0.0
2016-05-23 09:00:00,0.0
2016-05-23 10:00:00,0.0
2016-05-23 11:00:00,74.325001275
2016-05-23 12:00:00,277.20000749999997
2016-05-23 13:00:00,485.07501
2016-05-23 14:00:00,648.0250000000001
2016-05-23 15:00:00,746.90002
2016-05-23 16:00:00,773.0250100000001
2016-05-23 17:00:00,694.7750100000001
2016-05-23 18:00:00,537.72501
2016-05-23 19:00:00,384.600005
2016-05-23 20:00:00,159.875
2016-05-23 21:00:00,15.1250005
2016-05-23 22:00:00,0.0
2016-05-23 23:00:00,0.0
2016-05-24 00:00:00,0.0
2016-05-24 01:00:00,0.0
2016-05-24 02:00:00,0.0
2016-05-24 03:00:00,0.0
2016-05-24 04:00:00,0.0
2016-05-24 05:00:00,0.0
2016-05-24 06:00:00,0.0
2016-05-24 07:00:00,0.0
2016-05-24 08:00:00,0.0
2016-05-24 09:00:00,0.0
2016-05-24 10:00:00,0.0
2016-05-24 11:00:00,75.975003
2016-05-24 12:00:00,296.42499999999995
2016-05-24 13:00:00,502.000005
2016-05-24 14:00:00,661.37501
2016-05-24 15:00:00,760.325
2016-05-24 16:00:00,787.42501
2016-05-24 17:00:00,740.57501
2016-05-24 18:00:00,625.875
2016-05-24 19:00:00,454.4
2016-05-24 20:00:00,244.9750075
2016-05-24 21:00:00,43.375
2016-05-24 22:00:00,0.0
2016-05-24 23:00:00,0.0
2016-05-25 00:00:00,0.0
2016-05-25 01:00:00,0.0
2016-05-25 02:00:00,0.0
2016-05-25 03:00:00,0.0
2016-05-25 04:00:00,0.0
2016-05-25 05:00:00,0.0
2016-05-25 06:00:00,0.0
2016-05-25 07:00:00,0.0
2016-05-25 08:00:00,0.0
2016-05-25 09:00:00,0.0
2016-05-25 10:00:00,0.0
2016-05-25 11:00:00,72.575
2016-05-25 12:00:00,280.025
2016-05-25 13:00:00,491.975
2016-05-25 14:00:00,640.72501
2016-05-25 15:00:00,744.475
2016-05-25 16:00:00,726.0250100000001
2016-05-25 17:00:00,719.10001
2016-05-25 18:00:00,603.9250099999999
2016-05-25 19:00:00,314.425
2016-05-25 20:00:00,154.3250025
2016-05-25 21:00:00,17.07500075
2016-05-25 22:00:00,0.0
2016-05-25 23:00:00,0.0
2016-05-26 00:00:00,0.0
2016-05-26 01:00:00,0.0
2016-05-26 02:00:00,0.0
2016-05-26 03:00:00,0.0
2016-05-26 04:00:00,0.0
2016-05-26 05:00:00,0.0
2016-05-26 06:00:00,0.0
2016-05-26 07:00:00,0.0
2016-05-26 08:00:00,0.0
2016-05-26 09:00:00,0.0
2016-05-26 10:00:00,0.0
2016-05-26 11:00:00,47.075
2016-05-26 12:00:00,171.9
2016-05-26 13:00:00,357.82501
2016-05-26 14:00:00,591.7750000000001
2016-05-26 15:00:00,702.575
2016-05-26 16:00:00,711.67501
2016-05-26 17:00:00,668.0250100000001
2016-05-26 18:00:00,591.32502
2016-05-26 19:00:00,437.07500000000005
2016-05-26 20:00:00,230.325005
2016-05-26 21:00:00,38.7
2016-05-26 22:00:00,0.0
2016-05-26 23:00:00,0.0
2016-05-27 00:00:00,0.0
2016-05-27 01:00:00,0.0
2016-05-27 02:00:00,0.0
2016-05-27 03:00:00,0.0
2016-05-27 04:00:00,0.0
2016-05-27 05:00:00,0.0
2016-05-27 06:00:00,0.0
2016-05-27 07:00:00,0.0
2016-05-27 08:00:00,0.0
2016-05-27 09:00:00,0.0
2016-05-27 10:00:00,0.0
2016-05-27 11:00:00,47.15
2016-05-27 12:00:00,148.87500625
2016-05-27 13:00:00,240.82500750000003
2016-05-27 14:00:00,313.4
2016-05-27 15:00:00,248.60001
2016-05-27 16:00:00,258.45000500000003
2016-05-27 17:00:00,227.77499999999998
2016-05-27 18:00:00,239.925
2016-05-27 19:00:00,181.075
2016-05-27 20:00:00,107.15000375
2016-05-27 21:00:00,11.200000000000001
2016-05-27 22:00:00,0.0
2016-05-27 23:00:00,0.0
2016-05-28 00:00:00,0.0
2016-05-28 01:00:00,0.0
2016-05-28 02:00:00,0.0
2016-05-28 03:00:00,0.0
2016-05-28 04:00:00,0.0
2016-05-28 05:00:00,0.0
2016-05-28 06:00:00,0.0
2016-05-28 07:00:00,0.0
2016-05-28 08:00:00,0.0
2016-05-28 09:00:00,0.0
2016-05-28 10:00:00,0.0
2016-05-28 11:00:00,66.175
2016-05-28 12:00:00,268.425005
2016-05-28 13:00:00,469.17501
2016-05-28 14:00:00,625.4250099999999
2016-05-28 15:00:00,723.62501
2016-05-28 16:00:00,751.3000099999999
2016-05-28 17:00:00,708.35001
2016-05-28 18:00:00,596.775
2016-05-28 19:00:00,367.525
2016-05-28 20:00:00,141.375
2016-05-28 21:00:00,26.725001250000002
2016-05-28 22:00:00,0.0
2016-05-28 23:00:00,0.0
2016-05-29 00:00:00,0.0
2016-05-29 01:00:00,0.0
2016-05-29 02:00:00,0.0
2016-05-29 03:00:00,0.0
2016-05-29 04:00:00,0.0
2016-05-29 05:00:00,0.0
2016-05-29 06:00:00,0.0
2016-05-29 07:00:00,0.0
2016-05-29 08:00:00,0.0
2016-05-29 09:00:00,0.0
2016-05-29 10:00:00,0.0
2016-05-29 11:00:00,67.725
2016-05-29 12:00:00,274.04999999999995
2016-05-29 13:00:00,454.95000500000003
2016-05-29 14:00:00,620.82502
2016-05-29 15:00:00,726.25001
2016-05-29 16:00:00,753.42501
2016-05-29 17:00:00,650.35
2016-05-29 18:00:00,576.17502
2016-05-29 19:00:00,434.875
2016-05-29 20:00:00,195.275
2016-05-29 21:00:00,39.7
2016-05-29 22:00:00,0.0
2016-05-29 23:00:00,0.0
2016-05-30 00:00:00,0.0
2016-05-30 01:00:00,0.0
2016-05-30 02:00:00,0.0
2016-05-30 03:00:00,0.0
2016-05-30 04:00:00,0.0
2016-05-30 05:00:00,0.0
2016-05-30 06:00:00,0.0
2016-05-30 07:00:00,0.0
2016-05-30 08:00:00,0.0
2016-05-30 09:00:00,0.0
2016-05-30 10:00:00,0.0
2016-05-30 11:00:00,51.025
2016-05-30 12:00:00,275.975005
2016-05-30 13:00:00,474.85001
2016-05-30 14:00:00,629.7250200000001
2016-05-30 15:00:00,724.9750200000001
2016-05-30 16:00:00,753.825
2016-05-30 17:00:00,712.9000100000001
2016-05-30 18:00:00,603.65002
2016-05-30 19:00:00,439.000005
2016-05-30 20:00:00,234.15
2016-05-30 21:00:00,39.125
2016-05-30 22:00:00,0.0
2016-05-30 23:00:00,0.0
2016-05-31 00:00:00,0.0
2016-05-31 01:00:00,0.0
2016-05-31 02:00:00,0.0
2016-05-31 03:00:00,0.0
2016-05-31 04:00:00,0.0
2016-05-31 05:00:00,0.0
2016-05-31 06:00:00,0.0
2016-05-31 07:00:00,0.0
2016-05-31 08:00:00,0.0
2016-05-31 09:00:00,0.0
2016-05-31 10:00:00,0.0
2016-05-31 11:00:00,66.6000025
2016-05-31 12:00:00,275.550005
2016-05-31 13:00:00,477.250015
2016-05-31 14:00:00,634.7249999999999
2016-05-31 15:00:00,732.6999999999999
2016-05-31 16:00:00,759.025
2016-05-31 17:00:00,716.62501
2016-05-31 18:00:00,606.67502
2016-05-31 19:00:00,440.750005
2016-05-31 20:00:00,234.200005
2016-05-31 21:00:00,38.87500175
2016-05-31 22:00:00,0.0
2016-05-31 23:00:00,0.0
2016-06-01 00:00:00,0.0
2016-06-01 01:00:00,0.0
2016-06-01 02:00:00,0.0
2016-06-01 03:00:00,0.0
2016-06-01 04:00:00,0.0
2016-06-01 05:00:00,0.0
2016-06-01 06:00:00,0.0
2016-06-01 07:00:00,0.0
2016-06-01 08:00:00,0.0
2016-06-01 09:00:00,0.0
2016-06-01 10:00:00,0.0
2016-06-01 11:00:00,65.80000125
2016-06-01 12:00:00,274.4000075
2016-06-01 13:00:00,475.125
2016-06-01 14:00:00,630.9
2016-06-01 15:00:00,727.9
2016-06-01 16:00:00,755.925
2016-06-01 17:00:00,714.4250099999999
2016-06-01 18:00:00,606.15001
2016-06-01 19:00:00,441.050005
2016-06-01 20:00:00,235.70001000000002
2016-06-01 21:00:00,39.449999999999996
2016-06-01 22:00:00,0.0
2016-06-01 23:00:00,0.0
2016-06-02 00:00:00,0.0
2016-06-02 01:00:00,0.0
2016-06-02 02:00:00,0.0
2016-06-02 03:00:00,0.0
2016-06-02 04:00:00,0.0
2016-06-02 05:00:00,0.0
2016-06-02 06:00:00,0.0
2016-06-02 07:00:00,0.0
2016-06-02 08:00:00,0.0
2016-06-02 09:00:00,0.0
2016-06-02 10:00:00,0.0
2016-06-02 11:00:00,63.050000000000004
2016-06-02 12:00:00,272.57501
2016-06-02 13:00:00,474.675
2016-06-02 14:00:00,632.35
2016-06-02 15:00:00,728.425
2016-06-02 16:00:00,758.05001
2016-06-02 17:00:00,717.575
2016-06-02 18:00:00,607.975
2016-06-02 19:00:00,441.65000499999996
2016-06-02 20:00:00,221.0250025
2016-06-02 21:00:00,15.85
2016-06-02 22:00:00,0.0
2016-06-02 23:00:00,0.0
2016-06-03 00:00:00,0.0
2016-06-03 01:00:00,0.0
2016-06-03 02:00:00,0.0
2016-06-03 03:00:00,0.0
2016-06-03 04:00:00,0.0
2016-06-03 05:00:00,0.0
2016-06-03 06:00:00,0.0
2016-06-03 07:00:00,0.0
2016-06-03 08:00:00,0.0
2016-06-03 09:00:00,0.0
2016-06-03 10:00:00,0.0
2016-06-03 11:00:00,55.17500025
2016-06-03 12:00:00,268.2
2016-06-03 13:00:00,415.650005
2016-06-03 14:00:00,553.35
2016-06-03 15:00:00,659.8499999999999
2016-06-03 16:00:00,670.75002
2016-06-03 17:00:00,715.0250100000001
2016-06-03 18:00:00,579.20001
2016-06-03 19:00:00,318.525
2016-06-03 20:00:00,162.0250025
2016-06-03 21:00:00,37.1
2016-06-03 22:00:00,0.0
2016-06-03 23:00:00,0.0
2016-06-04 00:00:00,0.0
2016-06-04 01:00:00,0.0
2016-06-04 02:00:00,0.0
2016-06-04 03:00:00,0.0
2016-06-04 04:00:00,0.0
2016-06-04 05:00:00,0.0
2016-06-04 06:00:00,0.0
2016-06-04 07:00:00,0.0
2016-06-04 08:00:00,0.0
2016-06-04 09:00:00,0.0
2016-06-04 10:00:00,0.0
2016-06-04 11:00:00,57.900000000000006
2016-06-04 12:00:00,250.525
2016-06-04 13:00:00,459.07500500000003
2016-06-04 14:00:00,628.75
2016-06-04 15:00:00,727.32501
2016-06-04 16:00:00,756.75002
2016-06-04 17:00:00,716.225
2016-06-04 18:00:00,607.45
2016-06-04 19:00:00,441.600005
2016-06-04 20:00:00,234.9
2016-06-04 21:00:00,37.125001250000004
2016-06-04 22:00:00,0.0
2016-06-04 23:00:00,0.0
2016-06-05 00:00:00,0.0
2016-06-05 01:00:00,0.0
2016-06-05 02:00:00,0.0
2016-06-05 03:00:00,0.0
2016-06-05 04:00:00,0.0
2016-06-05 05:00:00,0.0
2016-06-05 06:00:00,0.0
2016-06-05 07:00:00,0.0
2016-06-05 08:00:00,0.0
2016-06-05 09:00:00,0.0
2016-06-05 10:00:00,0.0
2016-06-05 11:00:00,61.4000025
2016-06-05 12:00:00,265.8000025
2016-06-05 13:00:00,435.7
2016-06-05 14:00:00,590.35001
2016-06-05 15:00:00,688.60001
2016-06-05 16:00:00,746.4749999999999
2016-06-05 17:00:00,708.7249999999999
2016-06-05 18:00:00,601.60001
2016-06-05 19:00:00,437.40001
2016-06-05 20:00:00,233.1250025
2016-06-05 21:00:00,38.75
2016-06-05 22:00:00,0.0
2016-06-05 23:00:00,0.0
2016-06-06 00:00:00,0.0
2016-06-06 01:00:00,0.0
2016-06-06 02:00:00,0.0
2016-06-06 03:00:00,0.0
2016-06-06 04:00:00,0.0
2016-06-06 05:00:00,0.0
2016-06-06 06:00:00,0.0
2016-06-06 07:00:00,0.0
2016-06-06 08:00:00,0.0
2016-06-06 09:00:00,0.0
2016-06-06 10:00:00,0.0
2016-06-06 11:00:00,56.325
2016-06-06 12:00:00,256.35
2016-06-06 13:00:00,449.550005
2016-06-06 14:00:00,609.775
2016-06-06 15:00:00,673.275
2016-06-06 16:00:00,679.70001
2016-06-06 17:00:00,605.9750200000001
2016-06-06 18:00:00,440.325015
2016-06-06 19:00:00,360.95
2016-06-06 20:00:00,192.55000375
2016-06-06 21:00:00,28.5
2016-06-06 22:00:00,0.0
2016-06-06 23:00:00,0.0
2016-06-07 00:00:00,0.0
2016-06-07 01:00:00,0.0
2016-06-07 02:00:00,0.0
2016-06-07 03:00:00,0.0
2016-06-07 04:00:00,0.0
2016-06-07 05:00:00,0.0
2016-06-07 06:00:00,0.0
2016-06-07 07:00:00,0.0
2016-06-07 08:00:00,0.0
2016-06-07 09:00:00,0.0
2016-06-07 10:00:00,0.0
2016-06-07 11:00:00,58.425
2016-06-07 12:00:00,253.825005
2016-06-07 13:00:00,454.025005
2016-06-07 14:00:00,610.275
2016-06-07 15:00:00,709.10001
2016-06-07 16:00:00,738.625
2016-06-07 17:00:00,698.7750100000001
2016-06-07 18:00:00,591.45
2016-06-07 19:00:00,427.95000500000003
2016-06-07 20:00:00,224.4000025
2016-06-07 21:00:00,34.4
2016-06-07 22:00:00,0.0
2016-06-07 23:00:00,0.0
2016-06-08 00:00:00,0.0
2016-06-08 01:00:00,0.0
2016-06-08 02:00:00,0.0
2016-06-08 03:00:00,0.0
2016-06-08 04:00:00,0.0
2016-06-08 05:00:00,0.0
2016-06-08 06:00:00,0.0
2016-06-08 07:00:00,0.0
2016-06-08 08:00:00,0.0
2016-06-08 09:00:00,0.0
2016-06-08 10:00:00,0.0
2016-06-08 11:00:00,43.60000025
2016-06-08 12:00:00,252.05
2016-06-08 13:00:00,464.55000500000006
2016-06-08 14:00:00,655.25002
2016-06-08 15:00:00,720.25
2016-06-08 16:00:00,750.20001
2016-06-08 17:00:00,710.67501
2016-06-08 18:00:00,600.70001
2016-06-08 19:00:00,421.15
2016-06-08 20:00:00,224.075005
2016-06-08 21:00:00,19.25
2016-06-08 22:00:00,0.0
2016-06-08 23:00:00,0.0
2016-06-09 00:00:00,0.0
2016-06-09 01:00:00,0.0
2016-06-09 02:00:00,0.0
2016-06-09 03:00:00,0.0
2016-06-09 04:00:00,0.0
2016-06-09 05:00:00,0.0
2016-06-09 06:00:00,0.0
2016-06-09 07:00:00,0.0
2016-06-09 08:00:00,0.0
2016-06-09 09:00:00,0.0
2016-06-09 10:00:00,0.0
2016-06-09 11:00:00,52.8750025
2016-06-09 12:00:00,233.925005
2016-06-09 13:00:00,372.82501
2016-06-09 14:00:00,484.600005
2016-06-09 15:00:00,498.35
2016-06-09 16:00:00,463.7
2016-06-09 17:00:00,442.75
2016-06-09 18:00:00,383.97501
2016-06-09 19:00:00,214.9000025
2016-06-09 20:00:00,94.05000175
2016-06-09 21:00:00,1.775
2016-06-09 22:00:00,0.0
2016-06-09 23:00:00,0.0
2016-06-10 00:00:00,0.0
2016-06-10 01:00:00,0.0
2016-06-10 02:00:00,0.0
2016-06-10 03:00:00,0.0
2016-06-10 04:00:00,0.0
2016-06-10 05:00:00,0.0
2016-06-10 06:00:00,0.0
2016-06-10 07:00:00,0.0
2016-06-10 08:00:00,0.0
2016-06-10 09:00:00,
2016-06-10 10:00:00,0.0
2016-06-10 11:00:00,39.07500025
2016-06-10 12:00:00,178.375
2016-06-10 13:00:00,311.800005
2016-06-10 14:00:00,391.52500499999996
2016-06-10 15:00:00,362.57500500000003
2016-06-10 16:00:00,322.9
2016-06-10 17:00:00,299.025015
2016-06-10 18:00:00,235.00000500000002
2016-06-10 19:00:00,204.2500025
2016-06-10 20:00:00,81.2500005
2016-06-10 21:00:00,8.475
2016-06-10 22:00:00,0.0
2016-06-10 23:00:00,0.0
2016-06-11 00:00:00,0.0
2016-06-11 01:00:00,0.0
2016-06-11 02:00:00,0.0
2016-06-11 03:00:00,0.0
2016-06-11 04:00:00,0.0
2016-06-11 05:00:00,0.0
2016-06-11 06:00:00,0.0
2016-06-11 07:00:00,0.0
2016-06-11 08:00:00,0.0
2016-06-11 09:00:00,0.0
2016-06-11 10:00:00,0.0
2016-06-11 11:00:00,28.20000025
2016-06-11 12:00:00,152.85
2016-06-11 13:00:00,264.0
2016-06-11 14:00:00,419.475005
2016-06-11 15:00:00,507.775
2016-06-11 16:00:00,500.52500499999996
2016-06-11 17:00:00,435.25001
2016-06-11 18:00:00,487.700015
2016-06-11 19:00:00,291.775005
2016-06-11 20:00:00,106.9
2016-06-11 21:00:00,32.9
2016-06-11 22:00:00,0.0
2016-06-11 23:00:00,0.0
2016-06-12 00:00:00,0.0
2016-06-12 01:00:00,0.0
2016-06-12 02:00:00,0.0
2016-06-12 03:00:00,0.0
2016-06-12 04:00:00,0.0
2016-06-12 05:00:00,0.0
2016-06-12 06:00:00,0.0
2016-06-12 07:00:00,0.0
2016-06-12 08:00:00,0.0
2016-06-12 09:00:00,0.0
2016-06-12 10:00:00,0.0
2016-06-12 11:00:00,50.87500025
2016-06-12 12:00:00,225.275
2016-06-12 13:00:00,420.00001
2016-06-12 14:00:00,574.87503
2016-06-12 15:00:00,680.4750200000001
2016-06-12 16:00:00,709.95
2016-06-12 17:00:00,579.85
2016-06-12 18:00:00,474.65
2016-06-12 19:00:00,409.20000500000003
2016-06-12 20:00:00,163.075
2016-06-12 21:00:00,14.424999999999999
2016-06-12 22:00:00,0.0
2016-06-12 23:00:00,0.0
2016-06-13 00:00:00,0.0
2016-06-13 01:00:00,0.0
2016-06-13 02:00:00,0.0
2016-06-13 03:00:00,0.0
2016-06-13 04:00:00,0.0
2016-06-13 05:00:00,0.0
2016-06-13 06:00:00,0.0
2016-06-13 07:00:00,0.0
2016-06-13 08:00:00,0.0
2016-06-13 09:00:00,0.0
2016-06-13 10:00:00,0.0
2016-06-13 11:00:00,31.85
2016-06-13 12:00:00,200.40000500000002
2016-06-13 13:00:00,366.55
2016-06-13 14:00:00,450.05001
2016-06-13 15:00:00,522.325005
2016-06-13 16:00:00,556.1
2016-06-13 17:00:00,583.675
2016-06-13 18:00:00,515.875
2016-06-13 19:00:00,354.32500500000003
2016-06-13 20:00:00,174.45
2016-06-13 21:00:00,17.22500025
2016-06-13 22:00:00,0.0
2016-06-13 23:00:00,0.0
2016-06-14 00:00:00,0.0
2016-06-14 01:00:00,0.0
2016-06-14 02:00:00,0.0
2016-06-14 03:00:00,0.0
2016-06-14 04:00:00,0.0
2016-06-14 05:00:00,0.0
2016-06-14 06:00:00,0.0
2016-06-14 07:00:00,0.0
2016-06-14 08:00:00,0.0
2016-06-14 09:00:00,0.0
2016-06-14 10:00:00,0.0
2016-06-14 11:00:00,44.625
2016-06-14 12:00:00,222.6
2016-06-14 13:00:00,397.200005
2016-06-14 14:00:00,515.20001
2016-06-14 15:00:00,600.4000100000001
2016-06-14 16:00:00,665.325
2016-06-14 17:00:00,685.05001
2016-06-14 18:00:00,585.95002
2016-06-14 19:00:00,412.1
2016-06-14 20:00:00,164.575005
2016-06-14 21:00:00,24.875
2016-06-14 22:00:00,0.0
2016-06-14 23:00:00,0.0
2016-06-15 00:00:00,0.0
2016-06-15 01:00:00,0.0
2016-06-15 02:00:00,0.0
2016-06-15 03:00:00,0.0
2016-06-15 04:00:00,0.0
2016-06-15 05:00:00,0.0
2016-06-15 06:00:00,0.0
2016-06-15 07:00:00,0.0
2016-06-15 08:00:00,0.0
2016-06-15 09:00:00,0.0
2016-06-15 10:00:00,0.0
2016-06-15 11:00:00,45.1250005
2016-06-15 12:00:00,243.850005
2016-06-15 13:00:00,445.925005
2016-06-15 14:00:00,604.875
2016-06-15 15:00:00,707.2750100000001
2016-06-15 16:00:00,738.35002
2016-06-15 17:00:00,698.275
2016-06-15 18:00:00,593.175
2016-06-15 19:00:00,429.750005
2016-06-15 20:00:00,226.625
2016-06-15 21:00:00,30.275001500000002
2016-06-15 22:00:00,0.0
2016-06-15 23:00:00,0.0
2016-06-16 00:00:00,0.0
2016-06-16 01:00:00,0.0
2016-06-16 02:00:00,0.0
2016-06-16 03:00:00,0.0
2016-06-16 04:00:00,0.0
2016-06-16 05:00:00,0.0
2016-06-16 06:00:00,0.0
2016-06-16 07:00:00,0.0
2016-06-16 08:00:00,0.0
2016-06-16 09:00:00,0.0
2016-06-16 10:00:00,0.0
2016-06-16 11:00:00,27.150000000000002
2016-06-16 12:00:00,207.2
2016-06-16 13:00:00,413.90000499999996
2016-06-16 14:00:00,530.72501
2016-06-16 15:00:00,647.4749999999999
2016-06-16 16:00:00,699.9000100000001
2016-06-16 17:00:00,669.0250100000001
2016-06-16 18:00:00,515.325
2016-06-16 19:00:00,399.525005
2016-06-16 20:00:00,147.1750025
2016-06-16 21:00:00,16.075
2016-06-16 22:00:00,0.0
2016-06-16 23:00:00,0.0
2016-06-17 00:00:00,0.0
2016-06-17 01:00:00,0.0
2016-06-17 02:00:00,0.0
2016-06-17 03:00:00,0.0
2016-06-17 04:00:00,0.0
2016-06-17 05:00:00,0.0
2016-06-17 06:00:00,0.0
2016-06-17 07:00:00,0.0
2016-06-17 08:00:00,0.0
2016-06-17 09:00:00,0.0
2016-06-17 10:00:00,0.0
2016-06-17 11:00:00,42.475001325
2016-06-17 12:00:00,213.625
2016-06-17 13:00:00,372.57500500000003
2016-06-17 14:00:00,489.800005
2016-06-17 15:00:00,591.625
2016-06-17 16:00:00,726.3500200000001
2016-06-17 17:00:00,673.50002
2016-06-17 18:00:00,573.325
2016-06-17 19:00:00,415.075005
2016-06-17 20:00:00,213.85000250000002
2016-06-17 21:00:00,33.55
2016-06-17 22:00:00,0.0
2016-06-17 23:00:00,0.0
2016-06-18 00:00:00,0.0
2016-06-18 01:00:00,0.0
2016-06-18 02:00:00,0.0
2016-06-18 03:00:00,0.0
2016-06-18 04:00:00,0.0
2016-06-18 05:00:00,0.0
2016-06-18 06:00:00,0.0
2016-06-18 07:00:00,0.0
2016-06-18 08:00:00,0.0
2016-06-18 09:00:00,0.0
2016-06-18 10:00:00,0.0
2016-06-18 11:00:00,47.650000250000005
2016-06-18 12:00:00,237.15000249999997
2016-06-18 13:00:00,439.300005
2016-06-18 14:00:00,599.15002
2016-06-18 15:00:00,699.175
2016-06-18 16:00:00,730.3
2016-06-18 17:00:00,690.725
2016-06-18 18:00:00,582.25001
2016-06-18 19:00:00,412.100005
2016-06-18 20:00:00,216.9750025
2016-06-18 21:00:00,33.525
2016-06-18 22:00:00,0.0
2016-06-18 23:00:00,0.0
2016-06-19 00:00:00,0.0
2016-06-19 01:00:00,0.0
2016-06-19 02:00:00,0.0
2016-06-19 03:00:00,0.0
2016-06-19 04:00:00,0.0
2016-06-19 05:00:00,0.0
2016-06-19 06:00:00,0.0
2016-06-19 07:00:00,0.0
2016-06-19 08:00:00,0.0
2016-06-19 09:00:00,0.0
2016-06-19 10:00:00,0.0
2016-06-19 11:00:00,41.77500125
2016-06-19 12:00:00,231.45001000000002
2016-06-19 13:00:00,432.625005
2016-06-19 14:00:00,592.57501
2016-06-19 15:00:00,694.60001
2016-06-19 16:00:00,726.37501
2016-06-19 17:00:00,687.2750100000001
2016-06-19 18:00:00,580.17501
2016-06-19 19:00:00,417.525
2016-06-19 20:00:00,216.725005
2016-06-19 21:00:00,34.975
2016-06-19 22:00:00,0.0
2016-06-19 23:00:00,0.0
2016-06-20 00:00:00,0.0
2016-06-20 01:00:00,0.0
2016-06-20 02:00:00,0.0
2016-06-20 03:00:00,0.0
2016-06-20 04:00:00,0.0
2016-06-20 05:00:00,0.0
2016-06-20 06:00:00,0.0
2016-06-20 07:00:00,0.0
2016-06-20 08:00:00,0.0
2016-06-20 09:00:00,0.0
2016-06-20 10:00:00,0.0
2016-06-20 11:00:00,43.225001250000005
2016-06-20 12:00:00,237.05001000000001
2016-06-20 13:00:00,442.1
2016-06-20 14:00:00,580.42501
2016-06-20 15:00:00,674.45001
2016-06-20 16:00:00,731.325
2016-06-20 17:00:00,696.95002
2016-06-20 18:00:00,591.3
2016-06-20 19:00:00,427.325
2016-06-20 20:00:00,224.5250025
2016-06-20 21:00:00,37.6
2016-06-20 22:00:00,0.0
2016-06-20 23:00:00,0.0
2016-06-21 00:00:00,0.0
2016-06-21 01:00:00,0.0
2016-06-21 02:00:00,0.0
2016-06-21 03:00:00,0.0
2016-06-21 04:00:00,0.0
2016-06-21 05:00:00,0.0
2016-06-21 06:00:00,0.0
2016-06-21 07:00:00,0.0
2016-06-21 08:00:00,0.0
2016-06-21 09:00:00,0.0
2016-06-21 10:00:00,0.0
2016-06-21 11:00:00,48.7
2016-06-21 12:00:00,245.39999999999998
2016-06-21 13:00:00,439.8333466666666
2016-06-21 14:00:00,607.8
2016-06-21 15:00:00,707.1
2016-06-21 16:00:00,737.85002
2016-06-21 17:00:00,698.02501
2016-06-21 18:00:00,590.6
2016-06-21 19:00:00,428.750005
2016-06-21 20:00:00,228.60001
2016-06-21 21:00:00,38.67500025
2016-06-21 22:00:00,0.0
2016-06-21 23:00:00,0.0
2016-06-22 00:00:00,0.0
2016-06-22 01:00:00,0.0
2016-06-22 02:00:00,0.0
2016-06-22 03:00:00,0.0
2016-06-22 04:00:00,0.0
2016-06-22 05:00:00,0.0
2016-06-22 06:00:00,0.0
2016-06-22 07:00:00,0.0
2016-06-22 08:00:00,0.0
2016-06-22 09:00:00,0.0
2016-06-22 10:00:00,0.0
2016-06-22 11:00:00,47.97500075
2016-06-22 12:00:00,243.925
2016-06-22 13:00:00,444.325
2016-06-22 14:00:00,602.8
2016-06-22 15:00:00,703.15001
2016-06-22 16:00:00,736.25
2016-06-22 17:00:00,699.00001
2016-06-22 18:00:00,592.32502
2016-06-22 19:00:00,431.42501000000004
2016-06-22 20:00:00,231.6000025
2016-06-22 21:00:00,40.5000005
2016-06-22 22:00:00,0.0
2016-06-22 23:00:00,0.0
2016-06-23 00:00:00,0.0
2016-06-23 01:00:00,0.0
2016-06-23 02:00:00,0.0
2016-06-23 03:00:00,0.0
2016-06-23 04:00:00,0.0
2016-06-23 05:00:00,0.0
2016-06-23 06:00:00,0.0
2016-06-23 07:00:00,0.0
2016-06-23 08:00:00,0.0
2016-06-23 09:00:00,0.0
2016-06-23 10:00:00,0.0
2016-06-23 11:00:00,47.575
2016-06-23 12:00:00,249.4750075
2016-06-23 13:00:00,450.975005
2016-06-23 14:00:00,609.875
2016-06-23 15:00:00,709.02502
2016-06-23 16:00:00,742.9000100000001
2016-06-23 17:00:00,706.77502
2016-06-23 18:00:00,599.8
2016-06-23 19:00:00,438.77500499999996
2016-06-23 20:00:00,236.825005
2016-06-23 21:00:00,42.6250005
2016-06-23 22:00:00,0.0
2016-06-23 23:00:00,0.0
2016-06-24 00:00:00,0.0
2016-06-24 01:00:00,0.0
2016-06-24 02:00:00,0.0
2016-06-24 03:00:00,0.0
2016-06-24 04:00:00,0.0
2016-06-24 05:00:00,0.0
2016-06-24 06:00:00,0.0
2016-06-24 07:00:00,0.0
2016-06-24 08:00:00,0.0
2016-06-24 09:00:00,0.0
2016-06-24 10:00:00,0.0
2016-06-24 11:00:00,39.15
2016-06-24 12:00:00,203.225005
2016-06-24 13:00:00,359.050005
2016-06-24 14:00:00,448.40001
2016-06-24 15:00:00,446.3
2016-06-24 16:00:00,411.475015
2016-06-24 17:00:00,343.750005
2016-06-24 18:00:00,317.375005
2016-06-24 19:00:00,218.75001250000003
2016-06-24 20:00:00,105.27500125
2016-06-24 21:00:00,16.7750005
2016-06-24 22:00:00,0.0
2016-06-24 23:00:00,0.0
2016-06-25 00:00:00,0.0
2016-06-25 01:00:00,0.0
2016-06-25 02:00:00,0.0
2016-06-25 03:00:00,0.0
2016-06-25 04:00:00,0.0
2016-06-25 05:00:00,0.0
2016-06-25 06:00:00,0.0
2016-06-25 07:00:00,0.0
2016-06-25 08:00:00,0.0
2016-06-25 09:00:00,0.0
2016-06-25 10:00:00,0.0
2016-06-25 11:00:00,27.95
2016-06-25 12:00:00,133.925
2016-06-25 13:00:00,238.6500025
2016-06-25 14:00:00,317.500005
2016-06-25 15:00:00,373.350005
2016-06-25 16:00:00,346.75
2016-06-25 17:00:00,323.525005
2016-06-25 18:00:00,301.4
2016-06-25 19:00:00,234.825
2016-06-25 20:00:00,132.35
2016-06-25 21:00:00,20.5
2016-06-25 22:00:00,0.0
2016-06-25 23:00:00,0.0
2016-06-26 00:00:00,0.0
2016-06-26 01:00:00,0.0
2016-06-26 02:00:00,0.0
2016-06-26 03:00:00,0.0
2016-06-26 04:00:00,0.0
2016-06-26 05:00:00,0.0
2016-06-26 06:00:00,0.0
2016-06-26 07:00:00,0.0
2016-06-26 08:00:00,0.0
2016-06-26 09:00:00,0.0
2016-06-26 10:00:00,0.0
2016-06-26 11:00:00,36.32500025
2016-06-26 12:00:00,184.7750025
2016-06-26 13:00:00,337.15
2016-06-26 14:00:00,449.05001
2016-06-26 15:00:00,536.2750100000001
2016-06-26 16:00:00,594.3
2016-06-26 17:00:00,559.22501
2016-06-26 18:00:00,453.825
2016-06-26 19:00:00,350.30001000000004
2016-06-26 20:00:00,215.175
2016-06-26 21:00:00,45.10000125
2016-06-26 22:00:00,0.0
2016-06-26 23:00:00,0.0
2016-06-27 00:00:00,0.0
2016-06-27 01:00:00,0.0
2016-06-27 02:00:00,0.0
2016-06-27 03:00:00,0.0
2016-06-27 04:00:00,0.0
2016-06-27 05:00:00,0.0
2016-06-27 06:00:00,0.0
2016-06-27 07:00:00,0.0
2016-06-27 08:00:00,0.0
2016-06-27 09:00:00,0.0
2016-06-27 10:00:00,0.0
2016-06-27 11:00:00,47.4250015
2016-06-27 12:00:00,252.875005
2016-06-27 13:00:00,458.57500500000003
2016-06-27 14:00:00,620.90002
2016-06-27 15:00:00,724.5500099999999
2016-06-27 16:00:00,758.92502
2016-06-27 17:00:00,722.35
2016-06-27 18:00:00,589.575
2016-06-27 19:00:00,310.0
2016-06-27 20:00:00,159.29999999999998
2016-06-27 21:00:00,47.60000025
2016-06-27 22:00:00,0.0
2016-06-27 23:00:00,0.0
2016-06-28 00:00:00,
2016-06-28 01:00:00,
2016-06-28 02:00:00,
2016-06-28 03:00:00,0.0
2016-06-28 04:00:00,0.0
2016-06-28 05:00:00,0.0
2016-06-28 06:00:00,0.0
2016-06-28 07:00:00,0.0
2016-06-28 08:00:00,0.0
2016-06-28 09:00:00,0.0
2016-06-28 10:00:00,0.0
2016-06-28 11:00:00,45.724999999999994
2016-06-28 12:00:00,240.9250075
2016-06-28 13:00:00,443.90000499999996
2016-06-28 14:00:00,604.875
2016-06-28 15:00:00,685.60001
2016-06-28 16:00:00,573.62501
2016-06-28 17:00:00,538.125
2016-06-28 18:00:00,424.52501
2016-06-28 19:00:00,249.8
2016-06-28 20:00:00,145.1
2016-06-28 21:00:00,27.45
2016-06-28 22:00:00,0.0
2016-06-28 23:00:00,0.0
2016-06-29 00:00:00,0.0
2016-06-29 01:00:00,0.0
2016-06-29 02:00:00,0.0
2016-06-29 03:00:00,0.0
2016-06-29 04:00:00,0.0
2016-06-29 05:00:00,0.0
2016-06-29 06:00:00,0.0
2016-06-29 07:00:00,0.0
2016-06-29 08:00:00,0.0
2016-06-29 09:00:00,0.0
2016-06-29 10:00:00,0.0
2016-06-29 11:00:00,34.32500125
2016-06-29 12:00:00,168.15
2016-06-29 13:00:00,301.725005
2016-06-29 14:00:00,405.000005
2016-06-29 15:00:00,435.725005
2016-06-29 16:00:00,494.700015
2016-06-29 17:00:00,643.8
2016-06-29 18:00:00,588.9250099999999
2016-06-29 19:00:00,439.35
2016-06-29 20:00:00,240.57500249999998
2016-06-29 21:00:00,46.625
2016-06-29 22:00:00,0.0
2016-06-29 23:00:00,0.0
2016-06-30 00:00:00,0.0
2016-06-30 01:00:00,0.0
2016-06-30 02:00:00,0.0
2016-06-30 03:00:00,0.0
2016-06-30 04:00:00,0.0
2016-06-30 05:00:00,0.0
2016-06-30 06:00:00,0.0
2016-06-30 07:00:00,0.0
2016-06-30 08:00:00,0.0
2016-06-30 09:00:00,0.0
2016-06-30 10:00:00,0.0
2016-06-30 11:00:00,45.725001500000005
2016-06-30 12:00:00,244.525
2016-06-30 13:00:00,449.175
2016-06-30 14:00:00,611.2
2016-06-30 15:00:00,714.62501
2016-06-30 16:00:00,748.50001
2016-06-30 17:00:00,711.25001
2016-06-30 18:00:00,606.12501
2016-06-30 19:00:00,445.300005
2016-06-30 20:00:00,244.2500025
2016-06-30 21:00:00,43.65000025
2016-06-30 22:00:00,0.0
2016-06-30 23:00:00,0.0
2016-07-01 00:00:00,0.0
2016-07-01 01:00:00,0.0
2016-07-01 02:00:00,0.0
2016-07-01 03:00:00,0.0
2016-07-01 04:00:00,0.0
2016-07-01 05:00:00,0.0
2016-07-01 06:00:00,0.0
2016-07-01 07:00:00,0.0
2016-07-01 08:00:00,0.0
2016-07-01 09:00:00,0.0
2016-07-01 10:00:00,0.0
2016-07-01 11:00:00,42.275
2016-07-01 12:00:00,235.45
2016-07-01 13:00:00,453.225005
2016-07-01 14:00:00,615.1750099999999
2016-07-01 15:00:00,717.87502
2016-07-01 16:00:00,737.35
2016-07-01 17:00:00,685.25001
2016-07-01 18:00:00,480.625005
2016-07-01 19:00:00,300.15001
2016-07-01 20:00:00,149.925
2016-07-01 21:00:00,27.049999999999997
2016-07-01 22:00:00,0.0
2016-07-01 23:00:00,0.0
2016-07-02 00:00:00,0.0
2016-07-02 01:00:00,0.0
2016-07-02 02:00:00,0.0
2016-07-02 03:00:00,0.0
2016-07-02 04:00:00,0.0
2016-07-02 05:00:00,0.0
2016-07-02 06:00:00,0.0
2016-07-02 07:00:00,0.0
2016-07-02 08:00:00,0.0
2016-07-02 09:00:00,0.0
2016-07-02 10:00:00,0.0
2016-07-02 11:00:00,44.525
2016-07-02 12:00:00,236.350005
2016-07-02 13:00:00,437.375
2016-07-02 14:00:00,590.1500100000001
2016-07-02 15:00:00,675.55
2016-07-02 16:00:00,731.075
2016-07-02 17:00:00,696.2750100000001
2016-07-02 18:00:00,594.40003
2016-07-02 19:00:00,437.4
2016-07-02 20:00:00,240.1
2016-07-02 21:00:00,44.275
2016-07-02 22:00:00,0.0
2016-07-02 23:00:00,0.0
2016-07-03 00:00:00,0.0
2016-07-03 01:00:00,0.0
2016-07-03 02:00:00,0.0
2016-07-03 03:00:00,0.0
2016-07-03 04:00:00,0.0
2016-07-03 05:00:00,0.0
2016-07-03 06:00:00,0.0
2016-07-03 07:00:00,0.0
2016-07-03 08:00:00,0.0
2016-07-03 09:00:00,0.0
2016-07-03 10:00:00,0.0
2016-07-03 11:00:00,36.500001250000004
2016-07-03 12:00:00,225.225005
2016-07-03 13:00:00,418.350005
2016-07-03 14:00:00,590.35
2016-07-03 15:00:00,687.07501
2016-07-03 16:00:00,685.20001
2016-07-03 17:00:00,632.92501
2016-07-03 18:00:00,576.75
2016-07-03 19:00:00,421.65000499999996
2016-07-03 20:00:00,194.65000125
2016-07-03 21:00:00,23.925
2016-07-03 22:00:00,0.0
2016-07-03 23:00:00,0.0
2016-07-04 00:00:00,0.0
2016-07-04 01:00:00,0.0
2016-07-04 02:00:00,0.0
2016-07-04 03:00:00,0.0
2016-07-04 04:00:00,0.0
2016-07-04 05:00:00,0.0
2016-07-04 06:00:00,0.0
2016-07-04 07:00:00,0.0
2016-07-04 08:00:00,0.0
2016-07-04 09:00:00,0.0
2016-07-04 10:00:00,0.0
2016-07-04 11:00:00,43.400000250000005
2016-07-04 12:00:00,199.625
2016-07-04 13:00:00,299.59999999999997
2016-07-04 14:00:00,343.625005
2016-07-04 15:00:00,490.125
2016-07-04 16:00:00,650.50002
2016-07-04 17:00:00,329.400005
2016-07-04 18:00:00,236.800005
2016-07-04 19:00:00,217.375005
2016-07-04 20:00:00,138.525
2016-07-04 21:00:00,38.5
2016-07-04 22:00:00,0.0
2016-07-04 23:00:00,0.0
2016-07-05 00:00:00,0.0
2016-07-05 01:00:00,0.0
2016-07-05 02:00:00,0.0
2016-07-05 03:00:00,0.0
2016-07-05 04:00:00,0.0
2016-07-05 05:00:00,0.0
2016-07-05 06:00:00,0.0
2016-07-05 07:00:00,0.0
2016-07-05 08:00:00,0.0
2016-07-05 09:00:00,0.0
2016-07-05 10:00:00,0.0
2016-07-05 11:00:00,40.45000125
2016-07-05 12:00:00,228.8
2016-07-05 13:00:00,401.07501
2016-07-05 14:00:00,557.1
2016-07-05 15:00:00,637.25
2016-07-05 16:00:00,672.1000200000001
2016-07-05 17:00:00,682.05002
2016-07-05 18:00:00,597.125
2016-07-05 19:00:00,453.87501000000003
2016-07-05 20:00:00,251.45
2016-07-05 21:00:00,51.52500125
2016-07-05 22:00:00,0.0
2016-07-05 23:00:00,0.0
2016-07-06 00:00:00,0.0
2016-07-06 01:00:00,0.0
2016-07-06 02:00:00,0.0
2016-07-06 03:00:00,0.0
2016-07-06 04:00:00,0.0
2016-07-06 05:00:00,0.0
2016-07-06 06:00:00,0.0
2016-07-06 07:00:00,0.0
2016-07-06 08:00:00,0.0
2016-07-06 09:00:00,0.0
2016-07-06 10:00:00,0.0
2016-07-06 11:00:00,49.625001250000004
2016-07-06 12:00:00,256.1000075
2016-07-06 13:00:00,465.250005
2016-07-06 14:00:00,629.175
2016-07-06 15:00:00,729.9
2016-07-06 16:00:00,765.00002
2016-07-06 17:00:00,728.95
2016-07-06 18:00:00,625.12501
2016-07-06 19:00:00,464.475015
2016-07-06 20:00:00,260.7
2016-07-06 21:00:00,54.27500125
2016-07-06 22:00:00,0.0
2016-07-06 23:00:00,0.0
2016-07-07 00:00:00,0.0
2016-07-07 01:00:00,0.0
2016-07-07 02:00:00,0.0
2016-07-07 03:00:00,0.0
2016-07-07 04:00:00,0.0
2016-07-07 05:00:00,0.0
2016-07-07 06:00:00,0.0
2016-07-07 07:00:00,0.0
2016-07-07 08:00:00,0.0
2016-07-07 09:00:00,0.0
2016-07-07 10:00:00,0.0
2016-07-07 11:00:00,44.52500125
2016-07-07 12:00:00,244.15000249999997
2016-07-07 13:00:00,449.47501
2016-07-07 14:00:00,603.2249999999999
2016-07-07 15:00:00,681.325
2016-07-07 16:00:00,641.67501
2016-07-07 17:00:00,398.3
2016-07-07 18:00:00,389.325
2016-07-07 19:00:00,414.15
2016-07-07 20:00:00,222.35000875
2016-07-07 21:00:00,24.850000075
2016-07-07 22:00:00,0.0
2016-07-07 23:00:00,0.0
2016-07-08 00:00:00,0.0
2016-07-08 01:00:00,0.0
2016-07-08 02:00:00,0.0
2016-07-08 03:00:00,0.0
2016-07-08 04:00:00,0.0
2016-07-08 05:00:00,0.0
2016-07-08 06:00:00,0.0
2016-07-08 07:00:00,0.0
2016-07-08 08:00:00,0.0
2016-07-08 09:00:00,0.0
2016-07-08 10:00:00,0.0
2016-07-08 11:00:00,42.5
2016-07-08 12:00:00,147.80000625
2016-07-08 13:00:00,217.8000025
2016-07-08 14:00:00,309.4750075
2016-07-08 15:00:00,569.8
2016-07-08 16:00:00,714.15
2016-07-08 17:00:00,655.60001
2016-07-08 18:00:00,595.875
2016-07-08 19:00:00,442.80001000000004
2016-07-08 20:00:00,247.7250075
2016-07-08 21:00:00,53.85000025
2016-07-08 22:00:00,0.0
2016-07-08 23:00:00,0.0
2016-07-09 00:00:00,0.0
2016-07-09 01:00:00,0.0
2016-07-09 02:00:00,0.0
2016-07-09 03:00:00,0.0
2016-07-09 04:00:00,0.0
2016-07-09 05:00:00,0.0
2016-07-09 06:00:00,0.0
2016-07-09 07:00:00,0.0
2016-07-09 08:00:00,0.0
2016-07-09 09:00:00,0.0
2016-07-09 10:00:00,0.0
2016-07-09 11:00:00,46.55
2016-07-09 12:00:00,243.8000075
2016-07-09 13:00:00,447.02501
2016-07-09 14:00:00,609.02501
2016-07-09 15:00:00,715.37501
2016-07-09 16:00:00,752.6500100000001
2016-07-09 17:00:00,719.47501
2016-07-09 18:00:00,619.9000000000001
2016-07-09 19:00:00,461.125
2016-07-09 20:00:00,260.425005
2016-07-09 21:00:00,56.75
2016-07-09 22:00:00,0.0
2016-07-09 23:00:00,0.0
2016-07-10 00:00:00,0.0
2016-07-10 01:00:00,0.0
2016-07-10 02:00:00,0.0
2016-07-10 03:00:00,0.0
2016-07-10 04:00:00,0.0
2016-07-10 05:00:00,0.0
2016-07-10 06:00:00,0.0
2016-07-10 07:00:00,0.0
2016-07-10 08:00:00,0.0
2016-07-10 09:00:00,0.0
2016-07-10 10:00:00,0.0
2016-07-10 11:00:00,41.675
2016-07-10 12:00:00,245.4250025
2016-07-10 13:00:00,446.55001
2016-07-10 14:00:00,606.975
2016-07-10 15:00:00,710.07502
2016-07-10 16:00:00,747.4000100000001
2016-07-10 17:00:00,715.5
2016-07-10 18:00:00,617.02502
2016-07-10 19:00:00,419.975005
2016-07-10 20:00:00,181.125
2016-07-10 21:00:00,21.6
2016-07-10 22:00:00,0.0
2016-07-10 23:00:00,0.0
2016-07-11 00:00:00,0.0
2016-07-11 01:00:00,0.0
2016-07-11 02:00:00,0.0
2016-07-11 03:00:00,0.0
2016-07-11 04:00:00,0.0
2016-07-11 05:00:00,0.0
2016-07-11 06:00:00,0.0
2016-07-11 07:00:00,0.0
2016-07-11 08:00:00,0.0
2016-07-11 09:00:00,0.0
2016-07-11 10:00:00,0.0
2016-07-11 11:00:00,46.475
2016-07-11 12:00:00,242.57500499999998
2016-07-11 13:00:00,444.80001000000004
2016-07-11 14:00:00,606.35001
2016-07-11 15:00:00,711.32501
2016-07-11 16:00:00,748.4749999999999
2016-07-11 17:00:00,716.575
2016-07-11 18:00:00,618.37502
2016-07-11 19:00:00,462.175005
2016-07-11 20:00:00,262.65
2016-07-11 21:00:00,58.87500125
2016-07-11 22:00:00,0.0
2016-07-11 23:00:00,0.0
2016-07-12 00:00:00,0.0
2016-07-12 01:00:00,0.0
2016-07-12 02:00:00,0.0
2016-07-12 03:00:00,0.0
2016-07-12 04:00:00,0.0
2016-07-12 05:00:00,0.0
2016-07-12 06:00:00,0.0
2016-07-12 07:00:00,0.0
2016-07-12 08:00:00,0.0
2016-07-12 09:00:00,0.0
2016-07-12 10:00:00,0.0
2016-07-12 11:00:00,48.4250005
2016-07-12 12:00:00,253.97500000000002
2016-07-12 13:00:00,461.100005
2016-07-12 14:00:00,626.15
2016-07-12 15:00:00,733.3000099999999
2016-07-12 16:00:00,770.925
2016-07-12 17:00:00,738.1500100000001
2016-07-12 18:00:00,
2016-07-12 19:00:00,
2016-07-12 20:00:00,
2016-07-12 21:00:00,
2016-07-12 22:00:00,0.0
2016-07-12 23:00:00,0.0
2016-07-13 00:00:00,0.0
2016-07-13 01:00:00,0.0
2016-07-13 02:00:00,0.0
2016-07-13 03:00:00,0.0
2016-07-13 04:00:00,0.0
2016-07-13 05:00:00,0.0
2016-07-13 06:00:00,0.0
2016-07-13 07:00:00,0.0
2016-07-13 08:00:00,0.0
2016-07-13 09:00:00,0.0
2016-07-13 10:00:00,0.0
2016-07-13 11:00:00,51.05
2016-07-13 12:00:00,259.075
2016-07-13 13:00:00,467.725005
2016-07-13 14:00:00,633.15001
2016-07-13 15:00:00,738.42501
2016-07-13 16:00:00,776.32502
2016-07-13 17:00:00,743.80001
2016-07-13 18:00:00,643.12501
2016-07-13 19:00:00,483.42501000000004
2016-07-13 20:00:00,278.2
2016-07-13 21:00:00,64.125
2016-07-13 22:00:00,0.0
2016-07-13 23:00:00,0.0
2016-07-14 00:00:00,0.0
2016-07-14 01:00:00,0.0
2016-07-14 02:00:00,0.0
2016-07-14 03:00:00,0.0
2016-07-14 04:00:00,0.0
2016-07-14 05:00:00,0.0
2016-07-14 06:00:00,0.0
2016-07-14 07:00:00,0.0
2016-07-14 08:00:00,0.0
2016-07-14 09:00:00,0.0
2016-07-14 10:00:00,0.0
2016-07-14 11:00:00,50.325002500000004
2016-07-14 12:00:00,259.625
2016-07-14 13:00:00,469.1
2016-07-14 14:00:00,634.8
2016-07-14 15:00:00,740.8000099999999
2016-07-14 16:00:00,762.55
2016-07-14 17:00:00,723.25001
2016-07-14 18:00:00,647.62501
2016-07-14 19:00:00,486.800005
2016-07-14 20:00:00,280.875005
2016-07-14 21:00:00,65.7500025
2016-07-14 22:00:00,0.0
2016-07-14 23:00:00,0.0
2016-07-15 00:00:00,0.0
2016-07-15 01:00:00,0.0
2016-07-15 02:00:00,0.0
2016-07-15 03:00:00,0.0
2016-07-15 04:00:00,0.0
2016-07-15 05:00:00,0.0
2016-07-15 06:00:00,0.0
2016-07-15 07:00:00,0.0
2016-07-15 08:00:00,0.0
2016-07-15 09:00:00,0.0
2016-07-15 10:00:00,0.0
2016-07-15 11:00:00,47.875
2016-07-15 12:00:00,255.5750075
2016-07-15 13:00:00,464.45000500000003
2016-07-15 14:00:00,630.00002
2016-07-15 15:00:00,734.95
2016-07-15 16:00:00,768.60001
2016-07-15 17:00:00,743.52502
2016-07-15 18:00:00,642.95
2016-07-15 19:00:00,461.525015
2016-07-15 20:00:00,276.675005
2016-07-15 21:00:00,64.55000000000001
2016-07-15 22:00:00,0.0
2016-07-15 23:00:00,0.0
2016-07-16 00:00:00,0.0
2016-07-16 01:00:00,0.0
2016-07-16 02:00:00,0.0
2016-07-16 03:00:00,0.0
2016-07-16 04:00:00,0.0
2016-07-16 05:00:00,0.0
2016-07-16 06:00:00,0.0
2016-07-16 07:00:00,0.0
2016-07-16 08:00:00,0.0
2016-07-16 09:00:00,0.0
2016-07-16 10:00:00,0.0
2016-07-16 11:00:00,50.35000025
2016-07-16 12:00:00,265.1500025
2016-07-16 13:00:00,476.25
2016-07-16 14:00:00,642.35
2016-07-16 15:00:00,755.6500100000001
2016-07-16 16:00:00,794.57501
2016-07-16 17:00:00,760.37501
2016-07-16 18:00:00,629.9
2016-07-16 19:00:00,491.725005
2016-07-16 20:00:00,284.100005
2016-07-16 21:00:00,67.05
2016-07-16 22:00:00,0.0
2016-07-16 23:00:00,0.0
2016-07-17 00:00:00,0.0
2016-07-17 01:00:00,0.0
2016-07-17 02:00:00,0.0
2016-07-17 03:00:00,0.0
2016-07-17 04:00:00,0.0
2016-07-17 05:00:00,0.0
2016-07-17 06:00:00,0.0
2016-07-17 07:00:00,0.0
2016-07-17 08:00:00,0.0
2016-07-17 09:00:00,0.0
2016-07-17 10:00:00,0.0
2016-07-17 11:00:00,49.225
2016-07-17 12:00:00,260.0000025
2016-07-17 13:00:00,427.6
2016-07-17 14:00:00,636.675
2016-07-17 15:00:00,743.87501
2016-07-17 16:00:00,783.87501
2016-07-17 17:00:00,712.875
2016-07-17 18:00:00,618.1
2016-07-17 19:00:00,422.45000500000003
2016-07-17 20:00:00,156.400005
2016-07-17 21:00:00,12.325
2016-07-17 22:00:00,0.0
2016-07-17 23:00:00,0.0
2016-07-18 00:00:00,0.0
2016-07-18 01:00:00,0.0
2016-07-18 02:00:00,0.0
2016-07-18 03:00:00,0.0
2016-07-18 04:00:00,0.0
2016-07-18 05:00:00,0.0
2016-07-18 06:00:00,0.0
2016-07-18 07:00:00,0.0
2016-07-18 08:00:00,0.0
2016-07-18 09:00:00,0.0
2016-07-18 10:00:00,0.0
2016-07-18 11:00:00,44.475
2016-07-18 12:00:00,201.45
2016-07-18 13:00:00,379.1
2016-07-18 14:00:00,589.42501
2016-07-18 15:00:00,439.02501
2016-07-18 16:00:00,693.875
2016-07-18 17:00:00,756.45001
2016-07-18 18:00:00,655.12501
2016-07-18 19:00:00,493.050005
2016-07-18 20:00:00,286.7
2016-07-18 21:00:00,70.3250005
2016-07-18 22:00:00,0.0
2016-07-18 23:00:00,0.0
2016-07-19 00:00:00,0.0
2016-07-19 01:00:00,0.0
2016-07-19 02:00:00,0.0
2016-07-19 03:00:00,0.0
2016-07-19 04:00:00,0.0
2016-07-19 05:00:00,0.0
2016-07-19 06:00:00,0.0
2016-07-19 07:00:00,0.0
2016-07-19 08:00:00,0.0
2016-07-19 09:00:00,0.0
2016-07-19 10:00:00,0.0
2016-07-19 11:00:00,51.975
2016-07-19 12:00:00,260.725
2016-07-19 13:00:00,470.475005
2016-07-19 14:00:00,637.4
2016-07-19 15:00:00,744.55001
2016-07-19 16:00:00,783.1750099999999
2016-07-19 17:00:00,750.57501
2016-07-19 18:00:00,650.32502
2016-07-19 19:00:00,489.35001
2016-07-19 20:00:00,283.825
2016-07-19 21:00:00,69.72500000000001
2016-07-19 22:00:00,0.0
2016-07-19 23:00:00,0.0
2016-07-20 00:00:00,0.0
2016-07-20 01:00:00,0.0
2016-07-20 02:00:00,0.0
2016-07-20 03:00:00,0.0
2016-07-20 04:00:00,0.0
2016-07-20 05:00:00,0.0
2016-07-20 06:00:00,0.0
2016-07-20 07:00:00,0.0
2016-07-20 08:00:00,0.0
2016-07-20 09:00:00,0.0
2016-07-20 10:00:00,0.0
2016-07-20 11:00:00,54.2
2016-07-20 12:00:00,267.40001
2016-07-20 13:00:00,480.300005
2016-07-20 14:00:00,650.175
2016-07-20 15:00:00,760.3500200000001
2016-07-20 16:00:00,800.25
2016-07-20 17:00:00,767.2
2016-07-20 18:00:00,666.1
2016-07-20 19:00:00,502.7
2016-07-20 20:00:00,293.75000750000004
2016-07-20 21:00:00,73.92500125
2016-07-20 22:00:00,0.0
2016-07-20 23:00:00,0.0
2016-07-21 00:00:00,0.0
2016-07-21 01:00:00,0.0
2016-07-21 02:00:00,0.0
2016-07-21 03:00:00,0.0
2016-07-21 04:00:00,0.0
2016-07-21 05:00:00,0.0
2016-07-21 06:00:00,0.0
2016-07-21 07:00:00,0.0
2016-07-21 08:00:00,0.0
2016-07-21 09:00:00,0.0
2016-07-21 10:00:00,0.0
2016-07-21 11:00:00,50.775
2016-07-21 12:00:00,261.875005
2016-07-21 13:00:00,474.75001000000003
2016-07-21 14:00:00,627.7750100000001
2016-07-21 15:00:00,750.32502
2016-07-21 16:00:00,791.775
2016-07-21 17:00:00,757.82502
2016-07-21 18:00:00,653.87501
2016-07-21 19:00:00,489.59999999999997
2016-07-21 20:00:00,275.8
2016-07-21 21:00:00,45.175
2016-07-21 22:00:00,0.0
2016-07-21 23:00:00,0.0
2016-07-22 00:00:00,0.0
2016-07-22 01:00:00,0.0
2016-07-22 02:00:00,0.0
2016-07-22 03:00:00,0.0
2016-07-22 04:00:00,0.0
2016-07-22 05:00:00,0.0
2016-07-22 06:00:00,0.0
2016-07-22 07:00:00,0.0
2016-07-22 08:00:00,0.0
2016-07-22 09:00:00,0.0
2016-07-22 10:00:00,0.0
2016-07-22 11:00:00,50.600000333333334
2016-07-22 12:00:00,270.90000499999996
2016-07-22 13:00:00,486.00001
2016-07-22 14:00:00,657.0250100000001
2016-07-22 15:00:00,767.8
2016-07-22 16:00:00,807.775
2016-07-22 17:00:00,773.25
2016-07-22 18:00:00,668.60001
2016-07-22 19:00:00,503.350015
2016-07-22 20:00:00,293.57500500000003
2016-07-22 21:00:00,73.57500125
2016-07-22 22:00:00,0.0
2016-07-22 23:00:00,0.0
2016-07-23 00:00:00,0.0
2016-07-23 01:00:00,0.0
2016-07-23 02:00:00,0.0
2016-07-23 03:00:00,0.0
2016-07-23 04:00:00,0.0
2016-07-23 05:00:00,0.0
2016-07-23 06:00:00,0.0
2016-07-23 07:00:00,0.0
2016-07-23 08:00:00,0.0
2016-07-23 09:00:00,0.0
2016-07-23 10:00:00,0.0
2016-07-23 11:00:00,57.65000025
2016-07-23 12:00:00,271.00000750000004
2016-07-23 13:00:00,488.600015
2016-07-23 14:00:00,662.02502
2016-07-23 15:00:00,770.6000200000001
2016-07-23 16:00:00,809.17501
2016-07-23 17:00:00,773.95
2016-07-23 18:00:00,668.675
2016-07-23 19:00:00,504.90001
2016-07-23 20:00:00,296.025005
2016-07-23 21:00:00,71.1
2016-07-23 22:00:00,0.0
2016-07-23 23:00:00,0.0
2016-07-24 00:00:00,0.0
2016-07-24 01:00:00,0.0
2016-07-24 02:00:00,0.0
2016-07-24 03:00:00,0.0
2016-07-24 04:00:00,0.0
2016-07-24 05:00:00,0.0
2016-07-24 06:00:00,0.0
2016-07-24 07:00:00,0.0
2016-07-24 08:00:00,0.0
2016-07-24 09:00:00,0.0
2016-07-24 10:00:00,0.0
2016-07-24 11:00:00,58.82500125
2016-07-24 12:00:00,268.375005
2016-07-24 13:00:00,482.5
2016-07-24 14:00:00,651.95001
2016-07-24 15:00:00,759.3000099999999
2016-07-24 16:00:00,798.90002
2016-07-24 17:00:00,766.1750099999999
2016-07-24 18:00:00,663.6000200000001
2016-07-24 19:00:00,499.05001
2016-07-24 20:00:00,289.675
2016-07-24 21:00:00,69.7500005
2016-07-24 22:00:00,0.0
2016-07-24 23:00:00,0.0
2016-07-25 00:00:00,0.0
2016-07-25 01:00:00,0.0
2016-07-25 02:00:00,0.0
2016-07-25 03:00:00,0.0
2016-07-25 04:00:00,0.0
2016-07-25 05:00:00,0.0
2016-07-25 06:00:00,0.0
2016-07-25 07:00:00,0.0
2016-07-25 08:00:00,0.0
2016-07-25 09:00:00,0.0
2016-07-25 10:00:00,0.0
2016-07-25 11:00:00,58.75000125
2016-07-25 12:00:00,273.3250125
2016-07-25 13:00:00,486.125
2016-07-25 14:00:00,655.775
2016-07-25 15:00:00,766.75001
2016-07-25 16:00:00,808.50001
2016-07-25 17:00:00,778.00002
2016-07-25 18:00:00,681.00002
2016-07-25 19:00:00,517.125
2016-07-25 20:00:00,306.675005
2016-07-25 21:00:00,82.80000150000001
2016-07-25 22:00:00,0.0
2016-07-25 23:00:00,0.0
2016-07-26 00:00:00,0.0
2016-07-26 01:00:00,0.0
2016-07-26 02:00:00,0.0
2016-07-26 03:00:00,0.0
2016-07-26 04:00:00,0.0
2016-07-26 05:00:00,0.0
2016-07-26 06:00:00,0.0
2016-07-26 07:00:00,0.0
2016-07-26 08:00:00,0.0
2016-07-26 09:00:00,0.0
2016-07-26 10:00:00,0.0
2016-07-26 11:00:00,61.025000000000006
2016-07-26 12:00:00,283.0750025
2016-07-26 13:00:00,499.925
2016-07-26 14:00:00,672.0500099999999
2016-07-26 15:00:00,783.05001
2016-07-26 16:00:00,823.87501
2016-07-26 17:00:00,789.25
2016-07-26 18:00:00,681.2750100000001
2016-07-26 19:00:00,514.45001
2016-07-26 20:00:00,302.725
2016-07-26 21:00:00,78.925
2016-07-26 22:00:00,0.0
2016-07-26 23:00:00,0.0
2016-07-27 00:00:00,0.0
2016-07-27 01:00:00,0.0
2016-07-27 02:00:00,0.0
2016-07-27 03:00:00,0.0
2016-07-27 04:00:00,0.0
2016-07-27 05:00:00,0.0
2016-07-27 06:00:00,0.0
2016-07-27 07:00:00,0.0
2016-07-27 08:00:00,0.0
2016-07-27 09:00:00,0.0
2016-07-27 10:00:00,0.0
2016-07-27 11:00:00,57.62500125
2016-07-27 12:00:00,267.9250075
2016-07-27 13:00:00,475.125
2016-07-27 14:00:00,653.6500100000001
2016-07-27 15:00:00,779.2750100000001
2016-07-27 16:00:00,820.0
2016-07-27 17:00:00,787.375
2016-07-27 18:00:00,684.40001
2016-07-27 19:00:00,520.0
2016-07-27 20:00:00,309.275
2016-07-27 21:00:00,85.7500005
2016-07-27 22:00:00,0.0
2016-07-27 23:00:00,0.0
2016-07-28 00:00:00,0.0
2016-07-28 01:00:00,0.0
2016-07-28 02:00:00,0.0
2016-07-28 03:00:00,0.0
2016-07-28 04:00:00,0.0
2016-07-28 05:00:00,0.0
2016-07-28 06:00:00,0.0
2016-07-28 07:00:00,0.0
2016-07-28 08:00:00,0.0
2016-07-28 09:00:00,0.0
2016-07-28 10:00:00,0.0
2016-07-28 11:00:00,55.7750025
2016-07-28 12:00:00,257.8333333333333
2016-07-28 13:00:00,504.29999999999995
2016-07-28 14:00:00,676.60001
2016-07-28 15:00:00,789.07501
2016-07-28 16:00:00,829.7
2016-07-28 17:00:00,796.3499999999999
2016-07-28 18:00:00,691.52502
2016-07-28 19:00:00,525.3
2016-07-28 20:00:00,312.80001000000004
2016-07-28 21:00:00,86.69999999999999
2016-07-28 22:00:00,0.0
2016-07-28 23:00:00,0.0
2016-07-29 00:00:00,0.0
2016-07-29 01:00:00,0.0
2016-07-29 02:00:00,0.0
2016-07-29 03:00:00,0.0
2016-07-29 04:00:00,0.0
2016-07-29 05:00:00,0.0
2016-07-29 06:00:00,0.0
2016-07-29 07:00:00,0.0
2016-07-29 08:00:00,0.0
2016-07-29 09:00:00,0.0
2016-07-29 10:00:00,0.0
2016-07-29 11:00:00,66.60000050000001
2016-07-29 12:00:00,289.600005
2016-07-29 13:00:00,507.15
2016-07-29 14:00:00,680.05
2016-07-29 15:00:00,792.0500099999999
2016-07-29 16:00:00,832.7750000000001
2016-07-29 17:00:00,799.10001
2016-07-29 18:00:00,694.90002
2016-07-29 19:00:00,528.275005
2016-07-29 20:00:00,315.32500500000003
2016-07-29 21:00:00,87.1500005
2016-07-29 22:00:00,0.0
2016-07-29 23:00:00,0.0
2016-07-30 00:00:00,0.0
2016-07-30 01:00:00,0.0
2016-07-30 02:00:00,0.0
2016-07-30 03:00:00,0.0
2016-07-30 04:00:00,0.0
2016-07-30 05:00:00,0.0
2016-07-30 06:00:00,0.0
2016-07-30 07:00:00,0.0
2016-07-30 08:00:00,0.0
2016-07-30 09:00:00,0.0
2016-07-30 10:00:00,0.0
2016-07-30 11:00:00,65.92500000000001
2016-07-30 12:00:00,281.0
2016-07-30 13:00:00,494.975
2016-07-30 14:00:00,664.60001
2016-07-30 15:00:00,772.47501
2016-07-30 16:00:00,811.575
2016-07-30 17:00:00,777.7250200000001
2016-07-30 18:00:00,673.55002
2016-07-30 19:00:00,508.40001
2016-07-30 20:00:00,299.1
2016-07-30 21:00:00,80.65000125
2016-07-30 22:00:00,0.0
2016-07-30 23:00:00,0.0
2016-07-31 00:00:00,0.0
2016-07-31 01:00:00,0.0
2016-07-31 02:00:00,0.0
2016-07-31 03:00:00,0.0
2016-07-31 04:00:00,0.0
2016-07-31 05:00:00,0.0
2016-07-31 06:00:00,0.0
2016-07-31 07:00:00,0.0
2016-07-31 08:00:00,0.0
2016-07-31 09:00:00,0.0
2016-07-31 10:00:00,0.0
2016-07-31 11:00:00,60.24999999999999
2016-07-31 12:00:00,277.1
2016-07-31 13:00:00,490.17501
2016-07-31 14:00:00,660.075
2016-07-31 15:00:00,772.95002
2016-07-31 16:00:00,812.70002
2016-07-31 17:00:00,779.275
2016-07-31 18:00:00,676.4250099999999
2016-07-31 19:00:00,512.85
2016-07-31 20:00:00,304.4000025
2016-07-31 21:00:00,84.65000125
2016-07-31 22:00:00,0.0
2016-07-31 23:00:00,0.0
2016-08-01 00:00:00,0.0
2016-08-01 01:00:00,0.0
2016-08-01 02:00:00,0.0
2016-08-01 03:00:00,0.0
2016-08-01 04:00:00,0.0
2016-08-01 05:00:00,0.0
2016-08-01 06:00:00,0.0
2016-08-01 07:00:00,0.0
2016-08-01 08:00:00,0.0
2016-08-01 09:00:00,0.0
2016-08-01 10:00:00,0.0
2016-08-01 11:00:00,69.05
2016-08-01 12:00:00,286.225
2016-08-01 13:00:00,463.675
2016-08-01 14:00:00,627.25002
2016-08-01 15:00:00,714.72501
2016-08-01 16:00:00,682.47501
2016-08-01 17:00:00,605.25002
2016-08-01 18:00:00,568.82501
2016-08-01 19:00:00,479.35
2016-08-01 20:00:00,304.2
2016-08-01 21:00:00,84.8750015
2016-08-01 22:00:00,0.0
2016-08-01 23:00:00,0.0
2016-08-02 00:00:00,0.0
2016-08-02 01:00:00,0.0
2016-08-02 02:00:00,0.0
2016-08-02 03:00:00,0.0
2016-08-02 04:00:00,0.0
2016-08-02 05:00:00,0.0
2016-08-02 06:00:00,0.0
2016-08-02 07:00:00,0.0
2016-08-02 08:00:00,0.0
2016-08-02 09:00:00,0.0
2016-08-02 10:00:00,0.0
2016-08-02 11:00:00,68.125
2016-08-02 12:00:00,287.650005
2016-08-02 13:00:00,506.1
2016-08-02 14:00:00,680.42502
2016-08-02 15:00:00,797.72502
2016-08-02 16:00:00,837.825
2016-08-02 17:00:00,803.5250100000001
2016-08-02 18:00:00,697.97501
2016-08-02 19:00:00,530.275005
2016-08-02 20:00:00,315.34999999999997
2016-08-02 21:00:00,87.60000125
2016-08-02 22:00:00,0.0
2016-08-02 23:00:00,0.0
2016-08-03 00:00:00,0.0
2016-08-03 01:00:00,0.0
2016-08-03 02:00:00,0.0
2016-08-03 03:00:00,0.0
2016-08-03 04:00:00,0.0
2016-08-03 05:00:00,0.0
2016-08-03 06:00:00,0.0
2016-08-03 07:00:00,0.0
2016-08-03 08:00:00,0.0
2016-08-03 09:00:00,0.0
2016-08-03 10:00:00,0.0
2016-08-03 11:00:00,72.675
2016-08-03 12:00:00,308.55001000000004
2016-08-03 13:00:00,529.7249999999999
2016-08-03 14:00:00,703.80002
2016-08-03 15:00:00,815.07501
2016-08-03 16:00:00,853.5250100000001
2016-08-03 17:00:00,817.45
2016-08-03 18:00:00,708.825
2016-08-03 19:00:00,540.5250100000001
2016-08-03 20:00:00,325.4500025
2016-08-03 21:00:00,93.52500024999999
2016-08-03 22:00:00,0.0
2016-08-03 23:00:00,0.0
2016-08-04 00:00:00,0.0
2016-08-04 01:00:00,0.0
2016-08-04 02:00:00,0.0
2016-08-04 03:00:00,0.0
2016-08-04 04:00:00,0.0
2016-08-04 05:00:00,0.0
2016-08-04 06:00:00,0.0
2016-08-04 07:00:00,0.0
2016-08-04 08:00:00,0.0
2016-08-04 09:00:00,0.0
2016-08-04 10:00:00,0.0
2016-08-04 11:00:00,75.475
2016-08-04 12:00:00,300.35000249999996
2016-08-04 13:00:00,520.8000099999999
2016-08-04 14:00:00,695.575
2016-08-04 15:00:00,806.87502
2016-08-04 16:00:00,845.525
2016-08-04 17:00:00,808.925
2016-08-04 18:00:00,699.70001
2016-08-04 19:00:00,530.050015
2016-08-04 20:00:00,314.925
2016-08-04 21:00:00,79.15000007500001
2016-08-04 22:00:00,0.0
2016-08-04 23:00:00,0.0
2016-08-05 00:00:00,0.0
2016-08-05 01:00:00,0.0
2016-08-05 02:00:00,0.0
2016-08-05 03:00:00,0.0
2016-08-05 04:00:00,0.0
2016-08-05 05:00:00,0.0
2016-08-05 06:00:00,0.0
2016-08-05 07:00:00,0.0
2016-08-05 08:00:00,0.0
2016-08-05 09:00:00,0.0
2016-08-05 10:00:00,0.0
2016-08-05 11:00:00,71.95000250000001
2016-08-05 12:00:00,290.50000750000004
2016-08-05 13:00:00,505.82500000000005
2016-08-05 14:00:00,676.90001
2016-08-05 15:00:00,786.975
2016-08-05 16:00:00,826.375
2016-08-05 17:00:00,791.45002
2016-08-05 18:00:00,684.225
2016-08-05 19:00:00,517.87501
2016-08-05 20:00:00,306.400005
2016-08-05 21:00:00,74.475
2016-08-05 22:00:00,0.0
2016-08-05 23:00:00,0.0
2016-08-06 00:00:00,0.0
2016-08-06 01:00:00,0.0
2016-08-06 02:00:00,0.0
2016-08-06 03:00:00,0.0
2016-08-06 04:00:00,0.0
2016-08-06 05:00:00,0.0
2016-08-06 06:00:00,0.0
2016-08-06 07:00:00,0.0
2016-08-06 08:00:00,0.0
2016-08-06 09:00:00,0.0
2016-08-06 10:00:00,0.0
2016-08-06 11:00:00,45.600000324999996
2016-08-06 12:00:00,189.3750025
2016-08-06 13:00:00,319.125
2016-08-06 14:00:00,381.22501
2016-08-06 15:00:00,405.000005
2016-08-06 16:00:00,332.75
2016-08-06 17:00:00,317.775005
2016-08-06 18:00:00,310.7
2016-08-06 19:00:00,220.300005
2016-08-06 20:00:00,187.22500250000002
2016-08-06 21:00:00,43.7750015
2016-08-06 22:00:00,0.0
2016-08-06 23:00:00,0.0
2016-08-07 00:00:00,0.0
2016-08-07 01:00:00,0.0
2016-08-07 02:00:00,0.0
2016-08-07 03:00:00,0.0
2016-08-07 04:00:00,0.0
2016-08-07 05:00:00,0.0
2016-08-07 06:00:00,0.0
2016-08-07 07:00:00,0.0
2016-08-07 08:00:00,0.0
2016-08-07 09:00:00,0.0
2016-08-07 10:00:00,0.0
2016-08-07 11:00:00,57.87500125
2016-08-07 12:00:00,222.3500025
2016-08-07 13:00:00,344.97501
2016-08-07 14:00:00,478.15
2016-08-07 15:00:00,492.500005
2016-08-07 16:00:00,477.15000499999996
2016-08-07 17:00:00,564.25
2016-08-07 18:00:00,519.35
2016-08-07 19:00:00,449.625005
2016-08-07 20:00:00,266.4750075
2016-08-07 21:00:00,87.22500125
2016-08-07 22:00:00,0.0
2016-08-07 23:00:00,0.0
2016-08-08 00:00:00,0.0
2016-08-08 01:00:00,0.0
2016-08-08 02:00:00,0.0
2016-08-08 03:00:00,0.0
2016-08-08 04:00:00,0.0
2016-08-08 05:00:00,0.0
2016-08-08 06:00:00,0.0
2016-08-08 07:00:00,0.0
2016-08-08 08:00:00,0.0
2016-08-08 09:00:00,0.0
2016-08-08 10:00:00,0.0
2016-08-08 11:00:00,84.85
2016-08-08 12:00:00,305.575
2016-08-08 13:00:00,525.350015
2016-08-08 14:00:00,699.55
2016-08-08 15:00:00,811.975
2016-08-08 16:00:00,849.3
2016-08-08 17:00:00,809.175
2016-08-08 18:00:00,683.75001
2016-08-08 19:00:00,447.6
2016-08-08 20:00:00,264.50001000000003
2016-08-08 21:00:00,78.9500005
2016-08-08 22:00:00,0.0
2016-08-08 23:00:00,0.0
2016-08-09 00:00:00,0.0
2016-08-09 01:00:00,0.0
2016-08-09 02:00:00,0.0
2016-08-09 03:00:00,0.0
2016-08-09 04:00:00,0.0
2016-08-09 05:00:00,0.0
2016-08-09 06:00:00,0.0
2016-08-09 07:00:00,0.0
2016-08-09 08:00:00,0.0
2016-08-09 09:00:00,0.0
2016-08-09 10:00:00,0.0
2016-08-09 11:00:00,83.95
2016-08-09 12:00:00,306.67499999999995
2016-08-09 13:00:00,524.575
2016-08-09 14:00:00,696.27502
2016-08-09 15:00:00,792.40002
2016-08-09 16:00:00,781.7
2016-08-09 17:00:00,542.15
2016-08-09 18:00:00,384.375005
2016-08-09 19:00:00,282.825
2016-08-09 20:00:00,163.1000025
2016-08-09 21:00:00,45.375
2016-08-09 22:00:00,0.0
2016-08-09 23:00:00,0.0
2016-08-10 00:00:00,0.0
2016-08-10 01:00:00,0.0
2016-08-10 02:00:00,0.0
2016-08-10 03:00:00,0.0
2016-08-10 04:00:00,0.0
2016-08-10 05:00:00,0.0
2016-08-10 06:00:00,0.0
2016-08-10 07:00:00,0.0
2016-08-10 08:00:00,0.0
2016-08-10 09:00:00,0.0
2016-08-10 10:00:00,0.0
2016-08-10 11:00:00,89.80000175
2016-08-10 12:00:00,316.15
2016-08-10 13:00:00,535.47501
2016-08-10 14:00:00,708.70001
2016-08-10 15:00:00,819.1000200000001
2016-08-10 16:00:00,823.50002
2016-08-10 17:00:00,822.525
2016-08-10 18:00:00,713.57501
2016-08-10 19:00:00,543.5000150000001
2016-08-10 20:00:00,327.62500750000004
2016-08-10 21:00:00,97.6000025
2016-08-10 22:00:00,0.0
2016-08-10 23:00:00,0.0
2016-08-11 00:00:00,0.0
2016-08-11 01:00:00,0.0
2016-08-11 02:00:00,0.0
2016-08-11 03:00:00,0.0
2016-08-11 04:00:00,0.0
2016-08-11 05:00:00,0.0
2016-08-11 06:00:00,0.0
2016-08-11 07:00:00,0.0
2016-08-11 08:00:00,0.0
2016-08-11 09:00:00,0.0
2016-08-11 10:00:00,0.0
2016-08-11 11:00:00,97.77500125
2016-08-11 12:00:00,332.4
2016-08-11 13:00:00,557.175
2016-08-11 14:00:00,734.1
2016-08-11 15:00:00,847.37501
2016-08-11 16:00:00,886.87501
2016-08-11 17:00:00,849.52501
2016-08-11 18:00:00,730.35001
2016-08-11 19:00:00,553.5250149999999
2016-08-11 20:00:00,331.17501
2016-08-11 21:00:00,79.325
2016-08-11 22:00:00,0.0
2016-08-11 23:00:00,0.0
2016-08-12 00:00:00,0.0
2016-08-12 01:00:00,0.0
2016-08-12 02:00:00,0.0
2016-08-12 03:00:00,0.0
2016-08-12 04:00:00,0.0
2016-08-12 05:00:00,0.0
2016-08-12 06:00:00,0.0
2016-08-12 07:00:00,0.0
2016-08-12 08:00:00,0.0
2016-08-12 09:00:00,0.0
2016-08-12 10:00:00,0.0
2016-08-12 11:00:00,90.8750015
2016-08-12 12:00:00,332.45
2016-08-12 13:00:00,552.175
2016-08-12 14:00:00,726.0
2016-08-12 15:00:00,837.37501
2016-08-12 16:00:00,875.80001
2016-08-12 17:00:00,838.3
2016-08-12 18:00:00,726.8499999999999
2016-08-12 19:00:00,555.450015
2016-08-12 20:00:00,339.10001
2016-08-12 21:00:00,107.3500025
2016-08-12 22:00:00,0.0
2016-08-12 23:00:00,0.0
2016-08-13 00:00:00,0.0
2016-08-13 01:00:00,0.0
2016-08-13 02:00:00,0.0
2016-08-13 03:00:00,0.0
2016-08-13 04:00:00,0.0
2016-08-13 05:00:00,0.0
2016-08-13 06:00:00,0.0
2016-08-13 07:00:00,0.0
2016-08-13 08:00:00,0.0
2016-08-13 09:00:00,0.0
2016-08-13 10:00:00,0.0
2016-08-13 11:00:00,101.30000125000001
2016-08-13 12:00:00,331.95
2016-08-13 13:00:00,556.3
2016-08-13 14:00:00,732.42501
2016-08-13 15:00:00,846.925
2016-08-13 16:00:00,883.275
2016-08-13 17:00:00,844.30001
2016-08-13 18:00:00,731.8
2016-08-13 19:00:00,555.60002
2016-08-13 20:00:00,333.20000000000005
2016-08-13 21:00:00,97.85
2016-08-13 22:00:00,0.0
2016-08-13 23:00:00,0.0
2016-08-14 00:00:00,0.0
2016-08-14 01:00:00,0.0
2016-08-14 02:00:00,0.0
2016-08-14 03:00:00,0.0
2016-08-14 04:00:00,0.0
2016-08-14 05:00:00,0.0
2016-08-14 06:00:00,0.0
2016-08-14 07:00:00,0.0
2016-08-14 08:00:00,0.0
2016-08-14 09:00:00,0.0
2016-08-14 10:00:00,0.0
2016-08-14 11:00:00,105.25000025
2016-08-14 12:00:00,351.25
2016-08-14 13:00:00,576.175
2016-08-14 14:00:00,751.275
2016-08-14 15:00:00,861.22502
2016-08-14 16:00:00,896.9250099999999
2016-08-14 17:00:00,857.85
2016-08-14 18:00:00,746.0250100000001
2016-08-14 19:00:00,572.62501
2016-08-14 20:00:00,350.65001
2016-08-14 21:00:00,110.7
2016-08-14 22:00:00,0.0
2016-08-14 23:00:00,0.0
2016-08-15 00:00:00,0.0
2016-08-15 01:00:00,0.0
2016-08-15 02:00:00,0.0
2016-08-15 03:00:00,0.0
2016-08-15 04:00:00,0.0
2016-08-15 05:00:00,0.0
2016-08-15 06:00:00,0.0
2016-08-15 07:00:00,0.0
2016-08-15 08:00:00,0.0
2016-08-15 09:00:00,0.0
2016-08-15 10:00:00,0.0
2016-08-15 11:00:00,107.6500025
2016-08-15 12:00:00,380.66667333333334
2016-08-15 13:00:00,574.6500100000001
2016-08-15 14:00:00,749.05
2016-08-15 15:00:00,857.82501
2016-08-15 16:00:00,894.0250100000001
2016-08-15 17:00:00,855.67501
2016-08-15 18:00:00,738.525
2016-08-15 19:00:00,560.35
2016-08-15 20:00:00,341.20000749999997
2016-08-15 21:00:00,104.82499999999999
2016-08-15 22:00:00,0.0
2016-08-15 23:00:00,0.0
2016-08-16 00:00:00,0.0
2016-08-16 01:00:00,0.0
2016-08-16 02:00:00,0.0
2016-08-16 03:00:00,0.0
2016-08-16 04:00:00,0.0
2016-08-16 05:00:00,0.0
2016-08-16 06:00:00,0.0
2016-08-16 07:00:00,0.0
2016-08-16 08:00:00,0.0
2016-08-16 09:00:00,0.0
2016-08-16 10:00:00,0.0
2016-08-16 11:00:00,112.275
2016-08-16 12:00:00,357.67499999999995
2016-08-16 13:00:00,583.2500150000001
2016-08-16 14:00:00,760.50002
2016-08-16 15:00:00,872.975
2016-08-16 16:00:00,912.0
2016-08-16 17:00:00,875.85001
2016-08-16 18:00:00,767.85
2016-08-16 19:00:00,593.0250100000001
2016-08-16 20:00:00,367.375005
2016-08-16 21:00:00,120.1
2016-08-16 22:00:00,0.0
2016-08-16 23:00:00,0.0
2016-08-17 00:00:00,0.0
2016-08-17 01:00:00,0.0
2016-08-17 02:00:00,0.0
2016-08-17 03:00:00,0.0
2016-08-17 04:00:00,0.0
2016-08-17 05:00:00,0.0
2016-08-17 06:00:00,0.0
2016-08-17 07:00:00,0.0
2016-08-17 08:00:00,0.0
2016-08-17 09:00:00,0.0
2016-08-17 10:00:00,0.0
2016-08-17 11:00:00,119.875
2016-08-17 12:00:00,369.625
2016-08-17 13:00:00,597.45001
2016-08-17 14:00:00,774.975
2016-08-17 15:00:00,885.25
2016-08-17 16:00:00,923.0250100000001
2016-08-17 17:00:00,884.525
2016-08-17 18:00:00,770.4
2016-08-17 19:00:00,594.6
2016-08-17 20:00:00,369.275005
2016-08-17 21:00:00,121.4250025
2016-08-17 22:00:00,0.0
2016-08-17 23:00:00,0.0
2016-08-18 00:00:00,0.0
2016-08-18 01:00:00,0.0
2016-08-18 02:00:00,0.0
2016-08-18 03:00:00,0.0
2016-08-18 04:00:00,0.0
2016-08-18 05:00:00,0.0
2016-08-18 06:00:00,0.0
2016-08-18 07:00:00,0.0
2016-08-18 08:00:00,0.0
2016-08-18 09:00:00,0.0
2016-08-18 10:00:00,0.0
2016-08-18 11:00:00,125.2750025
2016-08-18 12:00:00,362.65000499999996
2016-08-18 13:00:00,592.02502
2016-08-18 14:00:00,770.4250099999999
2016-08-18 15:00:00,881.375
2016-08-18 16:00:00,918.05
2016-08-18 17:00:00,877.85
2016-08-18 18:00:00,766.475
2016-08-18 19:00:00,588.05001
2016-08-18 20:00:00,360.7
2016-08-18 21:00:00,116.6250025
2016-08-18 22:00:00,0.0
2016-08-18 23:00:00,0.0
2016-08-19 00:00:00,0.0
2016-08-19 01:00:00,0.0
2016-08-19 02:00:00,0.0
2016-08-19 03:00:00,0.0
2016-08-19 04:00:00,0.0
2016-08-19 05:00:00,0.0
2016-08-19 06:00:00,0.0
2016-08-19 07:00:00,0.0
2016-08-19 08:00:00,0.0
2016-08-19 09:00:00,0.0
2016-08-19 10:00:00,0.0
2016-08-19 11:00:00,127.525
2016-08-19 12:00:00,379.45000500000003
2016-08-19 13:00:00,609.225
2016-08-19 14:00:00,788.20002
2016-08-19 15:00:00,902.4
2016-08-19 16:00:00,938.95
2016-08-19 17:00:00,899.55
2016-08-19 18:00:00,787.8500200000001
2016-08-19 19:00:00,610.5
2016-08-19 20:00:00,381.775
2016-08-19 21:00:00,130.9750005
2016-08-19 22:00:00,0.0
2016-08-19 23:00:00,0.0
2016-08-20 00:00:00,0.0
2016-08-20 01:00:00,0.0
2016-08-20 02:00:00,0.0
2016-08-20 03:00:00,0.0
2016-08-20 04:00:00,0.0
2016-08-20 05:00:00,0.0
2016-08-20 06:00:00,0.0
2016-08-20 07:00:00,0.0
2016-08-20 08:00:00,0.0
2016-08-20 09:00:00,0.0
2016-08-20 10:00:00,0.0
2016-08-20 11:00:00,114.15
2016-08-20 12:00:00,355.475005
2016-08-20 13:00:00,562.0250149999999
2016-08-20 14:00:00,694.50001
2016-08-20 15:00:00,748.175
2016-08-20 16:00:00,778.2750000000001
2016-08-20 17:00:00,743.775
2016-08-20 18:00:00,626.95
2016-08-20 19:00:00,441.55
2016-08-20 20:00:00,283.125
2016-08-20 21:00:00,94.64999999999999
2016-08-20 22:00:00,0.1
2016-08-20 23:00:00,0.0
2016-08-21 00:00:00,0.0
2016-08-21 01:00:00,0.0
2016-08-21 02:00:00,0.0
2016-08-21 03:00:00,0.0
2016-08-21 04:00:00,0.0
2016-08-21 05:00:00,0.0
2016-08-21 06:00:00,0.0
2016-08-21 07:00:00,0.0
2016-08-21 08:00:00,0.0
2016-08-21 09:00:00,0.0
2016-08-21 10:00:00,0.375
2016-08-21 11:00:00,114.94999999999999
2016-08-21 12:00:00,377.750005
2016-08-21 13:00:00,604.87502
2016-08-21 14:00:00,782.65
2016-08-21 15:00:00,896.2
2016-08-21 16:00:00,931.97501
2016-08-21 17:00:00,890.07502
2016-08-21 18:00:00,778.05001
2016-08-21 19:00:00,601.325
2016-08-21 20:00:00,376.70001
2016-08-21 21:00:00,131.5500005
2016-08-21 22:00:00,0.3
2016-08-21 23:00:00,0.0
2016-08-22 00:00:00,0.0
2016-08-22 01:00:00,0.0
2016-08-22 02:00:00,0.0
2016-08-22 03:00:00,0.0
2016-08-22 04:00:00,0.0
2016-08-22 05:00:00,0.0
2016-08-22 06:00:00,0.0
2016-08-22 07:00:00,0.0
2016-08-22 08:00:00,0.0
2016-08-22 09:00:00,0.0
2016-08-22 10:00:00,0.825
2016-08-22 11:00:00,137.95
2016-08-22 12:00:00,383.45000500000003
2016-08-22 13:00:00,610.4000100000001
2016-08-22 14:00:00,788.1500100000001
2016-08-22 15:00:00,900.35001
2016-08-22 16:00:00,937.30001
2016-08-22 17:00:00,896.4
2016-08-22 18:00:00,779.6
2016-08-22 19:00:00,600.575
2016-08-22 20:00:00,374.550005
2016-08-22 21:00:00,129.2750025
2016-08-22 22:00:00,0.475
2016-08-22 23:00:00,0.0
2016-08-23 00:00:00,0.0
2016-08-23 01:00:00,0.0
2016-08-23 02:00:00,0.0
2016-08-23 03:00:00,0.0
2016-08-23 04:00:00,0.0
2016-08-23 05:00:00,0.0
2016-08-23 06:00:00,0.0
2016-08-23 07:00:00,0.0
2016-08-23 08:00:00,0.0
2016-08-23 09:00:00,0.0
2016-08-23 10:00:00,1.225
2016-08-23 11:00:00,135.1
2016-08-23 12:00:00,387.575
2016-08-23 13:00:00,613.10001
2016-08-23 14:00:00,788.37502
2016-08-23 15:00:00,893.3000099999999
2016-08-23 16:00:00,927.87501
2016-08-23 17:00:00,885.25001
2016-08-23 18:00:00,761.00001
2016-08-23 19:00:00,573.075
2016-08-23 20:00:00,256.67499999999995
2016-08-23 21:00:00,68.2500005
2016-08-23 22:00:00,0.0
2016-08-23 23:00:00,0.0
2016-08-24 00:00:00,0.0
2016-08-24 01:00:00,0.0
2016-08-24 02:00:00,0.0
2016-08-24 03:00:00,0.0
2016-08-24 04:00:00,0.0
2016-08-24 05:00:00,0.0
2016-08-24 06:00:00,0.0
2016-08-24 07:00:00,0.0
2016-08-24 08:00:00,0.0
2016-08-24 09:00:00,0.0
2016-08-24 10:00:00,1.575
2016-08-24 11:00:00,131.0000025
2016-08-24 12:00:00,376.375
2016-08-24 13:00:00,599.175
2016-08-24 14:00:00,773.675
2016-08-24 15:00:00,884.55
2016-08-24 16:00:00,921.9750200000001
2016-08-24 17:00:00,882.25001
2016-08-24 18:00:00,761.20001
2016-08-24 19:00:00,583.025
2016-08-24 20:00:00,358.100005
2016-08-24 21:00:00,106.0750005
2016-08-24 22:00:00,0.55
2016-08-24 23:00:00,0.0
2016-08-25 00:00:00,0.0
2016-08-25 01:00:00,0.0
2016-08-25 02:00:00,0.0
2016-08-25 03:00:00,0.0
2016-08-25 04:00:00,0.0
2016-08-25 05:00:00,0.0
2016-08-25 06:00:00,0.0
2016-08-25 07:00:00,0.0
2016-08-25 08:00:00,0.0
2016-08-25 09:00:00,0.0
2016-08-25 10:00:00,2.10000025
2016-08-25 11:00:00,135.6250025
2016-08-25 12:00:00,380.32500500000003
2016-08-25 13:00:00,602.4000100000001
2016-08-25 14:00:00,776.425
2016-08-25 15:00:00,886.85
2016-08-25 16:00:00,922.65
2016-08-25 17:00:00,881.9750200000001
2016-08-25 18:00:00,767.57501
2016-08-25 19:00:00,591.17502
2016-08-25 20:00:00,368.52501
2016-08-25 21:00:00,125.20000125
2016-08-25 22:00:00,0.925
2016-08-25 23:00:00,0.0
2016-08-26 00:00:00,0.0
2016-08-26 01:00:00,0.0
2016-08-26 02:00:00,0.0
2016-08-26 03:00:00,0.0
2016-08-26 04:00:00,0.0
2016-08-26 05:00:00,0.0
2016-08-26 06:00:00,0.0
2016-08-26 07:00:00,0.0
2016-08-26 08:00:00,0.0
2016-08-26 09:00:00,0.0
2016-08-26 10:00:00,0.0
2016-08-26 11:00:00,145.60000375
2016-08-26 12:00:00,390.650005
2016-08-26 13:00:00,618.1500100000001
2016-08-26 14:00:00,795.5
2016-08-26 15:00:00,907.6500000000001
2016-08-26 16:00:00,936.625
2016-08-26 17:00:00,899.95002
2016-08-26 18:00:00,781.00001
2016-08-26 19:00:00,600.625
2016-08-26 20:00:00,342.550005
2016-08-26 21:00:00,39.87500025
2016-08-26 22:00:00,0.0
2016-08-26 23:00:00,0.0
2016-08-27 00:00:00,0.0
2016-08-27 01:00:00,0.0
2016-08-27 02:00:00,0.0
2016-08-27 03:00:00,0.0
2016-08-27 04:00:00,0.0
2016-08-27 05:00:00,0.0
2016-08-27 06:00:00,0.0
2016-08-27 07:00:00,0.0
2016-08-27 08:00:00,0.0
2016-08-27 09:00:00,0.0
2016-08-27 10:00:00,0.775000025
2016-08-27 11:00:00,108.25000375
2016-08-27 12:00:00,376.5
2016-08-27 13:00:00,596.825
2016-08-27 14:00:00,740.925
2016-08-27 15:00:00,790.97501
2016-08-27 16:00:00,733.225
2016-08-27 17:00:00,650.15
2016-08-27 18:00:00,548.675005
2016-08-27 19:00:00,355.7
2016-08-27 20:00:00,193.575
2016-08-27 21:00:00,56.49999999999999
2016-08-27 22:00:00,0.0
2016-08-27 23:00:00,0.0
2016-08-28 00:00:00,0.0
2016-08-28 01:00:00,0.0
2016-08-28 02:00:00,0.0
2016-08-28 03:00:00,0.0
2016-08-28 04:00:00,0.0
2016-08-28 05:00:00,0.0
2016-08-28 06:00:00,0.0
2016-08-28 07:00:00,0.0
2016-08-28 08:00:00,0.0
2016-08-28 09:00:00,0.0
2016-08-28 10:00:00,0.525000025
2016-08-28 11:00:00,130.1
2016-08-28 12:00:00,366.90000499999996
2016-08-28 13:00:00,591.6500100000001
2016-08-28 14:00:00,760.25003
2016-08-28 15:00:00,843.12501
2016-08-28 16:00:00,870.30001
2016-08-28 17:00:00,634.50001
2016-08-28 18:00:00,395.75001
2016-08-28 19:00:00,330.275
2016-08-28 20:00:00,176.70000249999998
2016-08-28 21:00:00,29.775
2016-08-28 22:00:00,0.0
2016-08-28 23:00:00,0.0
2016-08-29 00:00:00,0.0
2016-08-29 01:00:00,0.0
2016-08-29 02:00:00,0.0
2016-08-29 03:00:00,0.0
2016-08-29 04:00:00,0.0
2016-08-29 05:00:00,0.0
2016-08-29 06:00:00,0.0
2016-08-29 07:00:00,0.0
2016-08-29 08:00:00,0.0
2016-08-29 09:00:00,0.0
2016-08-29 10:00:00,3.375
2016-08-29 11:00:00,113.05
2016-08-29 12:00:00,286.4
2016-08-29 13:00:00,402.600005
2016-08-29 14:00:00,420.500005
2016-08-29 15:00:00,332.65000499999996
2016-08-29 16:00:00,267.67501000000004
2016-08-29 17:00:00,227.825005
2016-08-29 18:00:00,256.65001
2016-08-29 19:00:00,287.0
2016-08-29 20:00:00,184.475
2016-08-29 21:00:00,40.50000075
2016-08-29 22:00:00,0.0
2016-08-29 23:00:00,0.0
2016-08-30 00:00:00,0.0
2016-08-30 01:00:00,0.0
2016-08-30 02:00:00,0.0
2016-08-30 03:00:00,0.0
2016-08-30 04:00:00,0.0
2016-08-30 05:00:00,0.0
2016-08-30 06:00:00,0.0
2016-08-30 07:00:00,0.0
2016-08-30 08:00:00,0.0
2016-08-30 09:00:00,0.0
2016-08-30 10:00:00,5.70000025
2016-08-30 11:00:00,131.7750025
2016-08-30 12:00:00,401.84999999999997
2016-08-30 13:00:00,655.75
2016-08-30 14:00:00,834.10001
2016-08-30 15:00:00,946.50002
2016-08-30 16:00:00,982.7750100000001
2016-08-30 17:00:00,939.50001
2016-08-30 18:00:00,819.67502
2016-08-30 19:00:00,634.45002
2016-08-30 20:00:00,400.65001
2016-08-30 21:00:00,145.625
2016-08-30 22:00:00,2.10000025
2016-08-30 23:00:00,0.0
2016-08-31 00:00:00,0.0
2016-08-31 01:00:00,0.0
2016-08-31 02:00:00,0.0
2016-08-31 03:00:00,0.0
2016-08-31 04:00:00,0.0
2016-08-31 05:00:00,0.0
2016-08-31 06:00:00,0.0
2016-08-31 07:00:00,0.0
2016-08-31 08:00:00,0.0
2016-08-31 09:00:00,0.0
2016-08-31 10:00:00,6.4
2016-08-31 11:00:00,163.3750025
2016-08-31 12:00:00,425.17499999999995
2016-08-31 13:00:00,655.77502
2016-08-31 14:00:00,834.05001
2016-08-31 15:00:00,944.8
2016-08-31 16:00:00,979.375
2016-08-31 17:00:00,935.575
2016-08-31 18:00:00,817.42502
2016-08-31 19:00:00,632.55
2016-08-31 20:00:00,397.77500499999996
2016-08-31 21:00:00,135.55000375
2016-08-31 22:00:00,2.10000025
2016-08-31 23:00:00,0.0
2016-09-01 00:00:00,0.0
2016-09-01 01:00:00,0.0
2016-09-01 02:00:00,0.0
2016-09-01 03:00:00,0.0
2016-09-01 04:00:00,0.0
2016-09-01 05:00:00,0.0
2016-09-01 06:00:00,0.0
2016-09-01 07:00:00,0.0
2016-09-01 08:00:00,0.0
2016-09-01 09:00:00,0.0
2016-09-01 10:00:00,7.175
2016-09-01 11:00:00,177.85
2016-09-01 12:00:00,434.34999999999997
2016-09-01 13:00:00,664.77502
2016-09-01 14:00:00,841.0
2016-09-01 15:00:00,948.22502
2016-09-01 16:00:00,979.45
2016-09-01 17:00:00,932.42503
2016-09-01 18:00:00,808.4
2016-09-01 19:00:00,619.95001
2016-09-01 20:00:00,356.500005
2016-09-01 21:00:00,47.5750005
2016-09-01 22:00:00,0.0
2016-09-01 23:00:00,0.0
2016-09-02 00:00:00,0.0
2016-09-02 01:00:00,0.0
2016-09-02 02:00:00,0.0
2016-09-02 03:00:00,0.0
2016-09-02 04:00:00,0.0
2016-09-02 05:00:00,0.0
2016-09-02 06:00:00,0.0
2016-09-02 07:00:00,0.0
2016-09-02 08:00:00,0.0
2016-09-02 09:00:00,0.0
2016-09-02 10:00:00,7.275
2016-09-02 11:00:00,149.15
2016-09-02 12:00:00,377.675
2016-09-02 13:00:00,552.625
2016-09-02 14:00:00,711.22501
2016-09-02 15:00:00,828.0500099999999
2016-09-02 16:00:00,880.125
2016-09-02 17:00:00,899.4
2016-09-02 18:00:00,776.67501
2016-09-02 19:00:00,608.0250100000001
2016-09-02 20:00:00,386.8
2016-09-02 21:00:00,77.39999999999999
2016-09-02 22:00:00,0.0
2016-09-02 23:00:00,0.0
2016-09-03 00:00:00,0.0
2016-09-03 01:00:00,0.0
2016-09-03 02:00:00,0.0
2016-09-03 03:00:00,0.0
2016-09-03 04:00:00,0.0
2016-09-03 05:00:00,0.0
2016-09-03 06:00:00,0.0
2016-09-03 07:00:00,0.0
2016-09-03 08:00:00,0.0
2016-09-03 09:00:00,0.0
2016-09-03 10:00:00,5.45000025
2016-09-03 11:00:00,162.9
2016-09-03 12:00:00,411.1
2016-09-03 13:00:00,634.175
2016-09-03 14:00:00,807.4000100000001
2016-09-03 15:00:00,913.95002
2016-09-03 16:00:00,945.77502
2016-09-03 17:00:00,929.5
2016-09-03 18:00:00,816.0250100000001
2016-09-03 19:00:00,624.70001
2016-09-03 20:00:00,399.27501
2016-09-03 21:00:00,148.7250005
2016-09-03 22:00:00,2.9
2016-09-03 23:00:00,0.0
2016-09-04 00:00:00,0.0
2016-09-04 01:00:00,0.0
2016-09-04 02:00:00,0.0
2016-09-04 03:00:00,0.0
2016-09-04 04:00:00,0.0
2016-09-04 05:00:00,0.0
2016-09-04 06:00:00,0.0
2016-09-04 07:00:00,0.0
2016-09-04 08:00:00,0.0
2016-09-04 09:00:00,0.0
2016-09-04 10:00:00,4.975
2016-09-04 11:00:00,158.5500025
2016-09-04 12:00:00,415.70001
2016-09-04 13:00:00,649.00001
2016-09-04 14:00:00,825.17502
2016-09-04 15:00:00,936.5
2016-09-04 16:00:00,972.92502
2016-09-04 17:00:00,894.57501
2016-09-04 18:00:00,794.22501
2016-09-04 19:00:00,619.50001
2016-09-04 20:00:00,390.725005
2016-09-04 21:00:00,139.3250025
2016-09-04 22:00:00,2.675
2016-09-04 23:00:00,0.0
2016-09-05 00:00:00,0.0
2016-09-05 01:00:00,0.0
2016-09-05 02:00:00,0.0
2016-09-05 03:00:00,0.0
2016-09-05 04:00:00,0.0
2016-09-05 05:00:00,0.0
2016-09-05 06:00:00,0.0
2016-09-05 07:00:00,0.0
2016-09-05 08:00:00,0.0
2016-09-05 09:00:00,0.0
2016-09-05 10:00:00,6.2
2016-09-05 11:00:00,159.6
2016-09-05 12:00:00,428.275
2016-09-05 13:00:00,678.9000100000001
2016-09-05 14:00:00,863.5
2016-09-05 15:00:00,974.12501
2016-09-05 16:00:00,1008.0749999999999
2016-09-05 17:00:00,962.00002
2016-09-05 18:00:00,839.575
2016-09-05 19:00:00,651.25
2016-09-05 20:00:00,414.625
2016-09-05 21:00:00,156.65
2016-09-05 22:00:00,3.5
2016-09-05 23:00:00,0.0
2016-09-06 00:00:00,0.0
2016-09-06 01:00:00,0.0
2016-09-06 02:00:00,0.0
2016-09-06 03:00:00,0.0
2016-09-06 04:00:00,0.0
2016-09-06 05:00:00,0.0
2016-09-06 06:00:00,0.0
2016-09-06 07:00:00,0.0
2016-09-06 08:00:00,0.0
2016-09-06 09:00:00,0.0
2016-09-06 10:00:00,12.35
2016-09-06 11:00:00,191.75
2016-09-06 12:00:00,462.800005
2016-09-06 13:00:00,693.4000100000001
2016-09-06 14:00:00,870.975
2016-09-06 15:00:00,979.22501
2016-09-06 16:00:00,1009.7750100000001
2016-09-06 17:00:00,958.6500100000001
2016-09-06 18:00:00,830.375
2016-09-06 19:00:00,629.72501
2016-09-06 20:00:00,356.20000749999997
2016-09-06 21:00:00,28.250000775000004
2016-09-06 22:00:00,0.0
2016-09-06 23:00:00,0.0
2016-09-07 00:00:00,0.0
2016-09-07 01:00:00,0.0
2016-09-07 02:00:00,0.0
2016-09-07 03:00:00,0.0
2016-09-07 04:00:00,0.0
2016-09-07 05:00:00,0.0
2016-09-07 06:00:00,0.0
2016-09-07 07:00:00,0.0
2016-09-07 08:00:00,0.0
2016-09-07 09:00:00,0.0
2016-09-07 10:00:00,13.2
2016-09-07 11:00:00,196.6250025
2016-09-07 12:00:00,457.75
2016-09-07 13:00:00,688.57502
2016-09-07 14:00:00,865.125
2016-09-07 15:00:00,970.3
2016-09-07 16:00:00,998.07501
2016-09-07 17:00:00,945.40002
2016-09-07 18:00:00,809.825
2016-09-07 19:00:00,617.75
2016-09-07 20:00:00,383.625005
2016-09-07 21:00:00,110.45
2016-09-07 22:00:00,3.075
2016-09-07 23:00:00,0.0
2016-09-08 00:00:00,0.0
2016-09-08 01:00:00,0.0
2016-09-08 02:00:00,0.0
2016-09-08 03:00:00,0.0
2016-09-08 04:00:00,0.0
2016-09-08 05:00:00,0.0
2016-09-08 06:00:00,0.0
2016-09-08 07:00:00,0.0
2016-09-08 08:00:00,0.0
2016-09-08 09:00:00,0.0
2016-09-08 10:00:00,11.675
2016-09-08 11:00:00,199.325
2016-09-08 12:00:00,467.625015
2016-09-08 13:00:00,697.625
2016-09-08 14:00:00,873.05002
2016-09-08 15:00:00,977.725
2016-09-08 16:00:00,1003.55001
2016-09-08 17:00:00,950.9000100000001
2016-09-08 18:00:00,821.67501
2016-09-08 19:00:00,634.07501
2016-09-08 20:00:00,401.150005
2016-09-08 21:00:00,149.6250005
2016-09-08 22:00:00,3.72500025
2016-09-08 23:00:00,0.0
2016-09-09 00:00:00,0.0
2016-09-09 01:00:00,0.0
2016-09-09 02:00:00,0.0
2016-09-09 03:00:00,0.0
2016-09-09 04:00:00,0.0
2016-09-09 05:00:00,0.0
2016-09-09 06:00:00,0.0
2016-09-09 07:00:00,0.0
2016-09-09 08:00:00,0.0
2016-09-09 09:00:00,0.0
2016-09-09 10:00:00,16.8
2016-09-09 11:00:00,204.100005
2016-09-09 12:00:00,470.90001
2016-09-09 13:00:00,698.75001
2016-09-09 14:00:00,871.90002
2016-09-09 15:00:00,972.72501
2016-09-09 16:00:00,997.42502
2016-09-09 17:00:00,944.6500100000001
2016-09-09 18:00:00,811.62501
2016-09-09 19:00:00,625.5500099999999
2016-09-09 20:00:00,395.47501
2016-09-09 21:00:00,146.50000125
2016-09-09 22:00:00,3.72500025
2016-09-09 23:00:00,0.0
2016-09-10 00:00:00,0.0
2016-09-10 01:00:00,0.0
2016-09-10 02:00:00,0.0
2016-09-10 03:00:00,0.0
2016-09-10 04:00:00,0.0
2016-09-10 05:00:00,0.0
2016-09-10 06:00:00,0.0
2016-09-10 07:00:00,0.0
2016-09-10 08:00:00,0.0
2016-09-10 09:00:00,0.0
2016-09-10 10:00:00,15.7
2016-09-10 11:00:00,211.9
2016-09-10 12:00:00,475.22502000000003
2016-09-10 13:00:00,702.32501
2016-09-10 14:00:00,874.75
2016-09-10 15:00:00,978.00001
2016-09-10 16:00:00,1005.5999999999999
2016-09-10 17:00:00,956.70001
2016-09-10 18:00:00,832.075
2016-09-10 19:00:00,643.6500100000001
2016-09-10 20:00:00,408.32500500000003
2016-09-10 21:00:00,149.8250005
2016-09-10 22:00:00,4.0
2016-09-10 23:00:00,0.0
2016-09-11 00:00:00,0.0
2016-09-11 01:00:00,0.0
2016-09-11 02:00:00,0.0
2016-09-11 03:00:00,0.0
2016-09-11 04:00:00,0.0
2016-09-11 05:00:00,0.0
2016-09-11 06:00:00,0.0
2016-09-11 07:00:00,0.0
2016-09-11 08:00:00,0.0
2016-09-11 09:00:00,0.0
2016-09-11 10:00:00,19.82500125
2016-09-11 11:00:00,215.375
2016-09-11 12:00:00,485.175005
2016-09-11 13:00:00,717.92501
2016-09-11 14:00:00,894.825
2016-09-11 15:00:00,1002.10001
2016-09-11 16:00:00,1030.625
2016-09-11 17:00:00,980.5250100000001
2016-09-11 18:00:00,849.6750099999999
2016-09-11 19:00:00,656.62501
2016-09-11 20:00:00,413.525
2016-09-11 21:00:00,146.550005
2016-09-11 22:00:00,3.825
2016-09-11 23:00:00,0.0
2016-09-12 00:00:00,0.0
2016-09-12 01:00:00,0.0
2016-09-12 02:00:00,0.0
2016-09-12 03:00:00,0.0
2016-09-12 04:00:00,0.0
2016-09-12 05:00:00,0.0
2016-09-12 06:00:00,0.0
2016-09-12 07:00:00,0.0
2016-09-12 08:00:00,0.0
2016-09-12 09:00:00,0.0
2016-09-12 10:00:00,15.35
2016-09-12 11:00:00,229.70000249999998
2016-09-12 12:00:00,494.85
2016-09-12 13:00:00,728.00001
2016-09-12 14:00:00,905.30001
2016-09-12 15:00:00,976.65002
2016-09-12 16:00:00,968.90002
2016-09-12 17:00:00,926.4000100000001
2016-09-12 18:00:00,743.60001
2016-09-12 19:00:00,521.50001
2016-09-12 20:00:00,212.29999999999998
2016-09-12 21:00:00,6.75
2016-09-12 22:00:00,0.0
2016-09-12 23:00:00,0.0
2016-09-13 00:00:00,0.0
2016-09-13 01:00:00,0.0
2016-09-13 02:00:00,0.0
2016-09-13 03:00:00,0.0
2016-09-13 04:00:00,0.0
2016-09-13 05:00:00,0.0
2016-09-13 06:00:00,0.0
2016-09-13 07:00:00,0.0
2016-09-13 08:00:00,0.0
2016-09-13 09:00:00,0.0
2016-09-13 10:00:00,15.625
2016-09-13 11:00:00,187.375
2016-09-13 12:00:00,413.300005
2016-09-13 13:00:00,538.025
2016-09-13 14:00:00,648.57502
2016-09-13 15:00:00,758.20001
2016-09-13 16:00:00,800.05002
2016-09-13 17:00:00,816.85001
2016-09-13 18:00:00,785.50001
2016-09-13 19:00:00,647.10002
2016-09-13 20:00:00,408.425
2016-09-13 21:00:00,112.9
2016-09-13 22:00:00,0.0
2016-09-13 23:00:00,0.0
2016-09-14 00:00:00,0.0
2016-09-14 01:00:00,0.0
2016-09-14 02:00:00,0.0
2016-09-14 03:00:00,0.0
2016-09-14 04:00:00,0.0
2016-09-14 05:00:00,0.0
2016-09-14 06:00:00,0.0
2016-09-14 07:00:00,0.0
2016-09-14 08:00:00,0.0
2016-09-14 09:00:00,0.0
2016-09-14 10:00:00,21.799999999999997
2016-09-14 11:00:00,196.7750025
2016-09-14 12:00:00,472.65
2016-09-14 13:00:00,705.825
2016-09-14 14:00:00,881.375
2016-09-14 15:00:00,976.95001
2016-09-14 16:00:00,1002.57501
2016-09-14 17:00:00,947.40002
2016-09-14 18:00:00,803.625
2016-09-14 19:00:00,612.05
2016-09-14 20:00:00,355.35001
2016-09-14 21:00:00,126.45000375000001
2016-09-14 22:00:00,4.025
2016-09-14 23:00:00,0.0
2016-09-15 00:00:00,0.0
2016-09-15 01:00:00,0.0
2016-09-15 02:00:00,0.0
2016-09-15 03:00:00,0.0
2016-09-15 04:00:00,0.0
2016-09-15 05:00:00,0.0
2016-09-15 06:00:00,0.0
2016-09-15 07:00:00,0.0
2016-09-15 08:00:00,0.0
2016-09-15 09:00:00,0.0
2016-09-15 10:00:00,25.700000250000002
2016-09-15 11:00:00,240.825
2016-09-15 12:00:00,505.950015
2016-09-15 13:00:00,737.52501
2016-09-15 14:00:00,913.65
2016-09-15 15:00:00,1017.175
2016-09-15 16:00:00,1043.15005
2016-09-15 17:00:00,984.975
2016-09-15 18:00:00,833.35002
2016-09-15 19:00:00,637.57501
2016-09-15 20:00:00,399.725
2016-09-15 21:00:00,140.85000300000002
2016-09-15 22:00:00,4.125
2016-09-15 23:00:00,0.0
2016-09-16 00:00:00,0.0
2016-09-16 01:00:00,0.0
2016-09-16 02:00:00,0.0
2016-09-16 03:00:00,0.0
2016-09-16 04:00:00,0.0
2016-09-16 05:00:00,0.0
2016-09-16 06:00:00,0.0
2016-09-16 07:00:00,0.0
2016-09-16 08:00:00,0.0
2016-09-16 09:00:00,0.0
2016-09-16 10:00:00,28.1
2016-09-16 11:00:00,238.17499999999998
2016-09-16 12:00:00,498.2
2016-09-16 13:00:00,726.82501
2016-09-16 14:00:00,901.70001
2016-09-16 15:00:00,1005.325
2016-09-16 16:00:00,1028.1
2016-09-16 17:00:00,969.40001
2016-09-16 18:00:00,814.65002
2016-09-16 19:00:00,622.5500099999999
2016-09-16 20:00:00,388.225005
2016-09-16 21:00:00,124.00000125
2016-09-16 22:00:00,3.47500025
2016-09-16 23:00:00,0.0
2016-09-17 00:00:00,0.0
2016-09-17 01:00:00,0.0
2016-09-17 02:00:00,0.0
2016-09-17 03:00:00,0.0
2016-09-17 04:00:00,0.0
2016-09-17 05:00:00,0.0
2016-09-17 06:00:00,0.0
2016-09-17 07:00:00,0.0
2016-09-17 08:00:00,0.0
2016-09-17 09:00:00,0.0
2016-09-17 10:00:00,29.1
2016-09-17 11:00:00,242.775
2016-09-17 12:00:00,513.675005
2016-09-17 13:00:00,744.65002
2016-09-17 14:00:00,919.17503
2016-09-17 15:00:00,1024.500035
2016-09-17 16:00:00,1049.225025
2016-09-17 17:00:00,990.25
2016-09-17 18:00:00,834.87501
2016-09-17 19:00:00,639.6750099999999
2016-09-17 20:00:00,402.32500000000005
2016-09-17 21:00:00,126.1
2016-09-17 22:00:00,3.60000025
2016-09-17 23:00:00,0.0
2016-09-18 00:00:00,0.0
2016-09-18 01:00:00,0.0
2016-09-18 02:00:00,0.0
2016-09-18 03:00:00,0.0
2016-09-18 04:00:00,0.0
2016-09-18 05:00:00,0.0
2016-09-18 06:00:00,0.0
2016-09-18 07:00:00,0.0
2016-09-18 08:00:00,0.0
2016-09-18 09:00:00,0.0
2016-09-18 10:00:00,20.50000025
2016-09-18 11:00:00,193.82500000000002
2016-09-18 12:00:00,451.075005
2016-09-18 13:00:00,654.52502
2016-09-18 14:00:00,838.57501
2016-09-18 15:00:00,680.27502
2016-09-18 16:00:00,547.75001
2016-09-18 17:00:00,438.02500499999996
2016-09-18 18:00:00,351.25
2016-09-18 19:00:00,317.475005
2016-09-18 20:00:00,112.575
2016-09-18 21:00:00,16.75000025
2016-09-18 22:00:00,0.0
2016-09-18 23:00:00,0.0
2016-09-19 00:00:00,0.0
2016-09-19 01:00:00,0.0
2016-09-19 02:00:00,0.0
2016-09-19 03:00:00,0.0
2016-09-19 04:00:00,0.0
2016-09-19 05:00:00,0.0
2016-09-19 06:00:00,0.0
2016-09-19 07:00:00,0.0
2016-09-19 08:00:00,0.0
2016-09-19 09:00:00,0.0
2016-09-19 10:00:00,20.35
2016-09-19 11:00:00,170.575
2016-09-19 12:00:00,339.85
2016-09-19 13:00:00,505.37501
2016-09-19 14:00:00,674.35
2016-09-19 15:00:00,747.30003
2016-09-19 16:00:00,683.9000100000001
2016-09-19 17:00:00,614.85
2016-09-19 18:00:00,385.75
2016-09-19 19:00:00,329.725015
2016-09-19 20:00:00,173.9
2016-09-19 21:00:00,17.0
2016-09-19 22:00:00,0.0
2016-09-19 23:00:00,0.0
2016-09-20 00:00:00,0.0
2016-09-20 01:00:00,0.0
2016-09-20 02:00:00,0.0
2016-09-20 03:00:00,0.0
2016-09-20 04:00:00,0.0
2016-09-20 05:00:00,0.0
2016-09-20 06:00:00,0.0
2016-09-20 07:00:00,0.0
2016-09-20 08:00:00,0.0
2016-09-20 09:00:00,0.0
2016-09-20 10:00:00,22.2500005
2016-09-20 11:00:00,198.350005
2016-09-20 12:00:00,463.875
2016-09-20 13:00:00,685.925
2016-09-20 14:00:00,855.12501
2016-09-20 15:00:00,953.67502
2016-09-20 16:00:00,978.52503
2016-09-20 17:00:00,925.2750100000001
2016-09-20 18:00:00,785.275
2016-09-20 19:00:00,596.50001
2016-09-20 20:00:00,365.125
2016-09-20 21:00:00,129.6000025
2016-09-20 22:00:00,4.20000025
2016-09-20 23:00:00,0.0
2016-09-21 00:00:00,0.0
2016-09-21 01:00:00,0.0
2016-09-21 02:00:00,0.0
2016-09-21 03:00:00,0.0
2016-09-21 04:00:00,0.0
2016-09-21 05:00:00,0.0
2016-09-21 06:00:00,0.0
2016-09-21 07:00:00,0.0
2016-09-21 08:00:00,0.0
2016-09-21 09:00:00,0.0
2016-09-21 10:00:00,31.55000175
2016-09-21 11:00:00,239.625
2016-09-21 12:00:00,484.02500499999996
2016-09-21 13:00:00,706.1
2016-09-21 14:00:00,871.90002
2016-09-21 15:00:00,965.90002
2016-09-21 16:00:00,987.775
2016-09-21 17:00:00,934.27502
2016-09-21 18:00:00,784.675
2016-09-21 19:00:00,595.75
2016-09-21 20:00:00,364.55001000000004
2016-09-21 21:00:00,119.85000124999999
2016-09-21 22:00:00,4.07500025
2016-09-21 23:00:00,0.0
2016-09-22 00:00:00,0.0
2016-09-22 01:00:00,0.0
2016-09-22 02:00:00,0.0
2016-09-22 03:00:00,0.0
2016-09-22 04:00:00,0.0
2016-09-22 05:00:00,0.0
2016-09-22 06:00:00,0.0
2016-09-22 07:00:00,0.0
2016-09-22 08:00:00,0.0
2016-09-22 09:00:00,0.0
2016-09-22 10:00:00,27.75
2016-09-22 11:00:00,216.7500025
2016-09-22 12:00:00,457.575005
2016-09-22 13:00:00,677.125
2016-09-22 14:00:00,843.6
2016-09-22 15:00:00,943.07501
2016-09-22 16:00:00,966.07501
2016-09-22 17:00:00,912.12501
2016-09-22 18:00:00,775.22501
2016-09-22 19:00:00,586.5
2016-09-22 20:00:00,356.57500500000003
2016-09-22 21:00:00,113.57500049999999
2016-09-22 22:00:00,3.85000025
2016-09-22 23:00:00,0.0
2016-09-23 00:00:00,0.0
2016-09-23 01:00:00,0.0
2016-09-23 02:00:00,0.0
2016-09-23 03:00:00,0.0
2016-09-23 04:00:00,0.0
2016-09-23 05:00:00,0.0
2016-09-23 06:00:00,0.0
2016-09-23 07:00:00,0.0
2016-09-23 08:00:00,0.0
2016-09-23 09:00:00,0.0
2016-09-23 10:00:00,18.55
2016-09-23 11:00:00,127.92500000000001
2016-09-23 12:00:00,319.8333333333333
2016-09-23 13:00:00,441.45000000000005
2016-09-23 14:00:00,576.95001
2016-09-23 15:00:00,626.65
2016-09-23 16:00:00,635.72501
2016-09-23 17:00:00,656.35001
2016-09-23 18:00:00,537.9000100000001
2016-09-23 19:00:00,449.25
2016-09-23 20:00:00,270.8250025
2016-09-23 21:00:00,23.200000000000003
2016-09-23 22:00:00,0.0
2016-09-23 23:00:00,0.0
2016-09-24 00:00:00,0.0
2016-09-24 01:00:00,0.0
2016-09-24 02:00:00,0.0
2016-09-24 03:00:00,0.0
2016-09-24 04:00:00,0.0
2016-09-24 05:00:00,0.0
2016-09-24 06:00:00,0.0
2016-09-24 07:00:00,0.0
2016-09-24 08:00:00,0.0
2016-09-24 09:00:00,0.0
2016-09-24 10:00:00,31.575001750000002
2016-09-24 11:00:00,226.800005
2016-09-24 12:00:00,482.075015
2016-09-24 13:00:00,697.8
2016-09-24 14:00:00,872.075
2016-09-24 15:00:00,914.85
2016-09-24 16:00:00,861.02502
2016-09-24 17:00:00,749.3
2016-09-24 18:00:00,590.52502
2016-09-24 19:00:00,490.50001000000003
2016-09-24 20:00:00,221.1
2016-09-24 21:00:00,74.2750005
2016-09-24 22:00:00,6.125
2016-09-24 23:00:00,0.0
2016-09-25 00:00:00,0.0
2016-09-25 01:00:00,0.0
2016-09-25 02:00:00,0.0
2016-09-25 03:00:00,0.0
2016-09-25 04:00:00,0.0
2016-09-25 05:00:00,0.0
2016-09-25 06:00:00,0.0
2016-09-25 07:00:00,0.0
2016-09-25 08:00:00,0.0
2016-09-25 09:00:00,0.0
2016-09-25 10:00:00,45.1250005
2016-09-25 11:00:00,275.375
2016-09-25 12:00:00,519.12502
2016-09-25 13:00:00,743.525
2016-09-25 14:00:00,910.45
2016-09-25 15:00:00,1007.200025
2016-09-25 16:00:00,1025.25
2016-09-25 17:00:00,966.4000100000001
2016-09-25 18:00:00,822.325
2016-09-25 19:00:00,631.10004
2016-09-25 20:00:00,396.250005
2016-09-25 21:00:00,144.5
2016-09-25 22:00:00,5.55
2016-09-25 23:00:00,0.0
2016-09-26 00:00:00,0.0
2016-09-26 01:00:00,0.0
2016-09-26 02:00:00,0.0
2016-09-26 03:00:00,0.0
2016-09-26 04:00:00,0.0
2016-09-26 05:00:00,0.0
2016-09-26 06:00:00,0.0
2016-09-26 07:00:00,0.0
2016-09-26 08:00:00,0.0
2016-09-26 09:00:00,0.0
2016-09-26 10:00:00,50.275000000000006
2016-09-26 11:00:00,285.95
2016-09-26 12:00:00,533.25001
2016-09-26 13:00:00,757.1500000000001
2016-09-26 14:00:00,923.75001
2016-09-26 15:00:00,1022.000035
2016-09-26 16:00:00,1041.475025
2016-09-26 17:00:00,984.0
2016-09-26 18:00:00,846.125
2016-09-26 19:00:00,652.6000200000001
2016-09-26 20:00:00,414.92501000000004
2016-09-26 21:00:00,151.75000125
2016-09-26 22:00:00,6.20000025
2016-09-26 23:00:00,0.0
2016-09-27 00:00:00,0.0
2016-09-27 01:00:00,0.0
2016-09-27 02:00:00,0.0
2016-09-27 03:00:00,0.0
2016-09-27 04:00:00,0.0
2016-09-27 05:00:00,0.0
2016-09-27 06:00:00,0.0
2016-09-27 07:00:00,0.0
2016-09-27 08:00:00,0.0
2016-09-27 09:00:00,0.0
2016-09-27 10:00:00,48.25000175
2016-09-27 11:00:00,274.925005
2016-09-27 12:00:00,511.475005
2016-09-27 13:00:00,733.35001
2016-09-27 14:00:00,899.32501
2016-09-27 15:00:00,984.12502
2016-09-27 16:00:00,1005.525
2016-09-27 17:00:00,950.10001
2016-09-27 18:00:00,594.02502
2016-09-27 19:00:00,576.70001
2016-09-27 20:00:00,278.1
2016-09-27 21:00:00,102.32500125
2016-09-27 22:00:00,5.725
2016-09-27 23:00:00,0.0
2016-09-28 00:00:00,0.0
2016-09-28 01:00:00,0.0
2016-09-28 02:00:00,0.0
2016-09-28 03:00:00,0.0
2016-09-28 04:00:00,0.0
2016-09-28 05:00:00,0.0
2016-09-28 06:00:00,0.0
2016-09-28 07:00:00,0.0
2016-09-28 08:00:00,0.0
2016-09-28 09:00:00,0.0
2016-09-28 10:00:00,49.82500125
2016-09-28 11:00:00,279.675005
2016-09-28 12:00:00,550.2500150000001
2016-09-28 13:00:00,772.675
2016-09-28 14:00:00,914.2
2016-09-28 15:00:00,845.7249999999999
2016-09-28 16:00:00,788.37501
2016-09-28 17:00:00,695.1999999999999
2016-09-28 18:00:00,538.67501
2016-09-28 19:00:00,369.90001
2016-09-28 20:00:00,179.275
2016-09-28 21:00:00,52.1500005
2016-09-28 22:00:00,6.175
2016-09-28 23:00:00,0.0
2016-09-29 00:00:00,0.0
2016-09-29 01:00:00,0.0
2016-09-29 02:00:00,0.0
2016-09-29 03:00:00,0.0
2016-09-29 04:00:00,0.0
2016-09-29 05:00:00,0.0
2016-09-29 06:00:00,0.0
2016-09-29 07:00:00,0.0
2016-09-29 08:00:00,0.0
2016-09-29 09:00:00,0.0
2016-09-29 10:00:00,44.600001750000004
2016-09-29 11:00:00,233.600005
2016-09-29 12:00:00,451.97499999999997
2016-09-29 13:00:00,545.35
2016-09-29 14:00:00,706.375
2016-09-29 15:00:00,766.1500100000001
2016-09-29 16:00:00,679.70001
2016-09-29 17:00:00,622.00001
2016-09-29 18:00:00,470.550005
2016-09-29 19:00:00,401.400005
2016-09-29 20:00:00,244.975
2016-09-29 21:00:00,83.95000125
2016-09-29 22:00:00,6.05
2016-09-29 23:00:00,0.0
2016-09-30 00:00:00,0.0
2016-09-30 01:00:00,0.0
2016-09-30 02:00:00,0.0
2016-09-30 03:00:00,0.0
2016-09-30 04:00:00,0.0
2016-09-30 05:00:00,0.0
2016-09-30 06:00:00,0.0
2016-09-30 07:00:00,0.0
2016-09-30 08:00:00,0.0
2016-09-30 09:00:00,0.0
2016-09-30 10:00:00,64.55000000000001
2016-09-30 11:00:00,316.5250025
2016-09-30 12:00:00,580.025
2016-09-30 13:00:00,809.7750100000001
2016-09-30 14:00:00,981.0
2016-09-30 15:00:00,1076.250025
2016-09-30 16:00:00,1091.17505
2016-09-30 17:00:00,1022.750025
2016-09-30 18:00:00,869.45001
2016-09-30 19:00:00,608.05
2016-09-30 20:00:00,393.000015
2016-09-30 21:00:00,79.775
2016-09-30 22:00:00,0.0
2016-09-30 23:00:00,0.0
2016-10-01 00:00:00,0.0
2016-10-01 01:00:00,0.0
2016-10-01 02:00:00,0.0
2016-10-01 03:00:00,0.0
2016-10-01 04:00:00,0.0
2016-10-01 05:00:00,0.0
2016-10-01 06:00:00,0.0
2016-10-01 07:00:00,0.0
2016-10-01 08:00:00,0.0
2016-10-01 09:00:00,0.0
2016-10-01 10:00:00,49.525000500000004
2016-10-01 11:00:00,238.475
2016-10-01 12:00:00,445.750005
2016-10-01 13:00:00,558.05
2016-10-01 14:00:00,630.3500200000001
2016-10-01 15:00:00,615.8499999999999
2016-10-01 16:00:00,548.87501
2016-10-01 17:00:00,456.60001
2016-10-01 18:00:00,397.45000500000003
2016-10-01 19:00:00,285.2
2016-10-01 20:00:00,146.1500025
2016-10-01 21:00:00,85.77499999999999
2016-10-01 22:00:00,8.2
2016-10-01 23:00:00,0.0
2016-10-02 00:00:00,0.0
2016-10-02 01:00:00,0.0
2016-10-02 02:00:00,0.0
2016-10-02 03:00:00,0.0
2016-10-02 04:00:00,0.0
2016-10-02 05:00:00,0.0
2016-10-02 06:00:00,0.0
2016-10-02 07:00:00,0.0
2016-10-02 08:00:00,0.0
2016-10-02 09:00:00,0.0
2016-10-02 10:00:00,64.3750025
2016-10-02 11:00:00,305.975
2016-10-02 12:00:00,538.425005
2016-10-02 13:00:00,759.57502
2016-10-02 14:00:00,925.8
2016-10-02 15:00:00,1004.5
2016-10-02 16:00:00,1010.75001
2016-10-02 17:00:00,806.00001
2016-10-02 18:00:00,533.10001
2016-10-02 19:00:00,359.25
2016-10-02 20:00:00,249.1250075
2016-10-02 21:00:00,102.175
2016-10-02 22:00:00,8.675
2016-10-02 23:00:00,0.0
2016-10-03 00:00:00,0.0
2016-10-03 01:00:00,0.0
2016-10-03 02:00:00,0.0
2016-10-03 03:00:00,0.0
2016-10-03 04:00:00,0.0
2016-10-03 05:00:00,0.0
2016-10-03 06:00:00,0.0
2016-10-03 07:00:00,0.0
2016-10-03 08:00:00,0.0
2016-10-03 09:00:00,0.0
2016-10-03 10:00:00,68.69999999999999
2016-10-03 11:00:00,242.6250075
2016-10-03 12:00:00,444.525
2016-10-03 13:00:00,639.25
2016-10-03 14:00:00,826.47502
2016-10-03 15:00:00,836.525
2016-10-03 16:00:00,730.725
2016-10-03 17:00:00,541.875005
2016-10-03 18:00:00,450.37501
2016-10-03 19:00:00,449.6
2016-10-03 20:00:00,267.875005
2016-10-03 21:00:00,111.14999999999999
2016-10-03 22:00:00,2.4
2016-10-03 23:00:00,0.0
2016-10-04 00:00:00,0.0
2016-10-04 01:00:00,0.0
2016-10-04 02:00:00,0.0
2016-10-04 03:00:00,0.0
2016-10-04 04:00:00,0.0
2016-10-04 05:00:00,0.0
2016-10-04 06:00:00,0.0
2016-10-04 07:00:00,0.0
2016-10-04 08:00:00,0.0
2016-10-04 09:00:00,0.0
2016-10-04 10:00:00,79.325
2016-10-04 11:00:00,340.9500075
2016-10-04 12:00:00,595.950005
2016-10-04 13:00:00,823.85001
2016-10-04 14:00:00,994.32502
2016-10-04 15:00:00,1094.0
2016-10-04 16:00:00,1114.15005
2016-10-04 17:00:00,1053.700035
2016-10-04 18:00:00,908.05
2016-10-04 19:00:00,701.75001
2016-10-04 20:00:00,292.9250025
2016-10-04 21:00:00,101.47500000000001
2016-10-04 22:00:00,0.0
2016-10-04 23:00:00,0.0
2016-10-05 00:00:00,0.0
2016-10-05 01:00:00,0.0
2016-10-05 02:00:00,0.0
2016-10-05 03:00:00,0.0
2016-10-05 04:00:00,0.0
2016-10-05 05:00:00,0.0
2016-10-05 06:00:00,0.0
2016-10-05 07:00:00,0.0
2016-10-05 08:00:00,0.0
2016-10-05 09:00:00,0.0
2016-10-05 10:00:00,68.950002525
2016-10-05 11:00:00,274.875005
2016-10-05 12:00:00,464.70000500000003
2016-10-05 13:00:00,613.45001
2016-10-05 14:00:00,766.875
2016-10-05 15:00:00,930.95
2016-10-05 16:00:00,1063.55
2016-10-05 17:00:00,988.12501
2016-10-05 18:00:00,885.65001
2016-10-05 19:00:00,685.025
2016-10-05 20:00:00,373.625
2016-10-05 21:00:00,162.725
2016-10-05 22:00:00,11.725
2016-10-05 23:00:00,0.0
2016-10-06 00:00:00,0.0
2016-10-06 01:00:00,0.0
2016-10-06 02:00:00,0.0
2016-10-06 03:00:00,0.0
2016-10-06 04:00:00,0.0
2016-10-06 05:00:00,0.0
2016-10-06 06:00:00,0.0
2016-10-06 07:00:00,0.0
2016-10-06 08:00:00,0.0
2016-10-06 09:00:00,0.0
2016-10-06 10:00:00,86.800003
2016-10-06 11:00:00,346.47501
2016-10-06 12:00:00,597.17501
2016-10-06 13:00:00,819.70001
2016-10-06 14:00:00,982.82501
2016-10-06 15:00:00,1073.650025
2016-10-06 16:00:00,1087.35
2016-10-06 17:00:00,1024.2749999999999
2016-10-06 18:00:00,886.325
2016-10-06 19:00:00,689.85001
2016-10-06 20:00:00,450.35
2016-10-06 21:00:00,193.15
2016-10-06 22:00:00,12.300000075
2016-10-06 23:00:00,0.0
2016-10-07 00:00:00,0.0
2016-10-07 01:00:00,0.0
2016-10-07 02:00:00,0.0
2016-10-07 03:00:00,0.0
2016-10-07 04:00:00,0.0
2016-10-07 05:00:00,0.0
2016-10-07 06:00:00,0.0
2016-10-07 07:00:00,0.0
2016-10-07 08:00:00,0.0
2016-10-07 09:00:00,0.0
2016-10-07 10:00:00,87.70000250000001
2016-10-07 11:00:00,346.65001
2016-10-07 12:00:00,596.8500200000001
2016-10-07 13:00:00,821.35
2016-10-07 14:00:00,987.65
2016-10-07 15:00:00,1078.100025
2016-10-07 16:00:00,1089.525
2016-10-07 17:00:00,1024.425035
2016-10-07 18:00:00,790.70001
2016-10-07 19:00:00,474.85
2016-10-07 20:00:00,232.72500250000002
2016-10-07 21:00:00,77.2500005
2016-10-07 22:00:00,10.475
2016-10-07 23:00:00,0.0
2016-10-08 00:00:00,0.0
2016-10-08 01:00:00,0.0
2016-10-08 02:00:00,0.0
2016-10-08 03:00:00,0.0
2016-10-08 04:00:00,0.0
2016-10-08 05:00:00,0.0
2016-10-08 06:00:00,0.0
2016-10-08 07:00:00,0.0
2016-10-08 08:00:00,0.0
2016-10-08 09:00:00,0.0
2016-10-08 10:00:00,76.32500175000001
2016-10-08 11:00:00,286.77500499999996
2016-10-08 12:00:00,489.725005
2016-10-08 13:00:00,677.92501
2016-10-08 14:00:00,849.825
2016-10-08 15:00:00,967.8499999999999
2016-10-08 16:00:00,986.125
2016-10-08 17:00:00,954.7750100000001
2016-10-08 18:00:00,855.7249999999999
2016-10-08 19:00:00,650.0500099999999
2016-10-08 20:00:00,385.37501
2016-10-08 21:00:00,161.575005
2016-10-08 22:00:00,11.425
2016-10-08 23:00:00,0.0
2016-10-09 00:00:00,0.0
2016-10-09 01:00:00,0.0
2016-10-09 02:00:00,0.0
2016-10-09 03:00:00,0.0
2016-10-09 04:00:00,0.0
2016-10-09 05:00:00,0.0
2016-10-09 06:00:00,0.0
2016-10-09 07:00:00,0.0
2016-10-09 08:00:00,0.0
2016-10-09 09:00:00,0.0
2016-10-09 10:00:00,95.775
2016-10-09 11:00:00,317.56666666666666
2016-10-09 12:00:00,586.750015
2016-10-09 13:00:00,801.45002
2016-10-09 14:00:00,971.4250099999999
2016-10-09 15:00:00,1029.475025
2016-10-09 16:00:00,970.1500100000001
2016-10-09 17:00:00,852.125
2016-10-09 18:00:00,816.575
2016-10-09 19:00:00,625.7250200000001
2016-10-09 20:00:00,430.075
2016-10-09 21:00:00,156.07500050000002
2016-10-09 22:00:00,1.75
2016-10-09 23:00:00,0.0
2016-10-10 00:00:00,0.0
2016-10-10 01:00:00,0.0
2016-10-10 02:00:00,0.0
2016-10-10 03:00:00,0.0
2016-10-10 04:00:00,0.0
2016-10-10 05:00:00,0.0
2016-10-10 06:00:00,0.0
2016-10-10 07:00:00,0.0
2016-10-10 08:00:00,0.0
2016-10-10 09:00:00,0.0
2016-10-10 10:00:00,95.30000375
2016-10-10 11:00:00,320.5000033333333
2016-10-10 12:00:00,608.475
2016-10-10 13:00:00,834.5
2016-10-10 14:00:00,1004.375
2016-10-10 15:00:00,1101.525
2016-10-10 16:00:00,1121.375
2016-10-10 17:00:00,1060.3999999999999
2016-10-10 18:00:00,918.2
2016-10-10 19:00:00,711.4000100000001
2016-10-10 20:00:00,459.550005
2016-10-10 21:00:00,191.2500025
2016-10-10 22:00:00,12.950000575
2016-10-10 23:00:00,0.0
2016-10-11 00:00:00,0.0
2016-10-11 01:00:00,0.0
2016-10-11 02:00:00,0.0
2016-10-11 03:00:00,0.0
2016-10-11 04:00:00,0.0
2016-10-11 05:00:00,0.0
2016-10-11 06:00:00,0.0
2016-10-11 07:00:00,0.0
2016-10-11 08:00:00,0.0
2016-10-11 09:00:00,0.0
2016-10-11 10:00:00,105.35
2016-10-11 11:00:00,338.53334
2016-10-11 12:00:00,626.70001
2016-10-11 13:00:00,851.2249999999999
2016-10-11 14:00:00,1015.95
2016-10-11 15:00:00,1106.8750249999998
2016-10-11 16:00:00,1120.925025
2016-10-11 17:00:00,993.675
2016-10-11 18:00:00,762.3249999999999
2016-10-11 19:00:00,591.375
2016-10-11 20:00:00,281.825
2016-10-11 21:00:00,73.475
2016-10-11 22:00:00,11.875
2016-10-11 23:00:00,0.0
2016-10-12 00:00:00,0.0
2016-10-12 01:00:00,0.0
2016-10-12 02:00:00,0.0
2016-10-12 03:00:00,0.0
2016-10-12 04:00:00,0.0
2016-10-12 05:00:00,0.0
2016-10-12 06:00:00,0.0
2016-10-12 07:00:00,0.0
2016-10-12 08:00:00,0.0
2016-10-12 09:00:00,0.0
2016-10-12 10:00:00,104.2750025
2016-10-12 11:00:00,333.46667333333335
2016-10-12 12:00:00,621.95
2016-10-12 13:00:00,845.65
2016-10-12 14:00:00,1011.375
2016-10-12 15:00:00,1106.72505
2016-10-12 16:00:00,1122.95
2016-10-12 17:00:00,1055.60005
2016-10-12 18:00:00,872.8499999999999
2016-10-12 19:00:00,690.92501
2016-10-12 20:00:00,439.550005
2016-10-12 21:00:00,206.52500500000002
2016-10-12 22:00:00,15.325000500000002
2016-10-12 23:00:00,0.0
2016-10-13 00:00:00,0.0
2016-10-13 01:00:00,0.0
2016-10-13 02:00:00,0.0
2016-10-13 03:00:00,0.0
2016-10-13 04:00:00,0.0
2016-10-13 05:00:00,0.0
2016-10-13 06:00:00,0.0
2016-10-13 07:00:00,0.0
2016-10-13 08:00:00,0.0
2016-10-13 09:00:00,0.0
2016-10-13 10:00:00,111.0
2016-10-13 11:00:00,379.2
2016-10-13 12:00:00,674.46668
2016-10-13 13:00:00,793.225
2016-10-13 14:00:00,985.025
2016-10-13 15:00:00,1068.4
2016-10-13 16:00:00,1023.07501
2016-10-13 17:00:00,918.95
2016-10-13 18:00:00,770.87502
2016-10-13 19:00:00,505.125
2016-10-13 20:00:00,350.050005
2016-10-13 21:00:00,107.1250005
2016-10-13 22:00:00,5.125
2016-10-13 23:00:00,0.0
2016-10-14 00:00:00,0.0
2016-10-14 01:00:00,0.0
2016-10-14 02:00:00,0.0
2016-10-14 03:00:00,0.0
2016-10-14 04:00:00,0.0
2016-10-14 05:00:00,0.0
2016-10-14 06:00:00,0.0
2016-10-14 07:00:00,0.0
2016-10-14 08:00:00,0.0
2016-10-14 09:00:00,0.0
2016-10-14 10:00:00,103.85
2016-10-14 11:00:00,378.500005
2016-10-14 12:00:00,643.37503
2016-10-14 13:00:00,867.75001
2016-10-14 14:00:00,1034.10001
2016-10-14 15:00:00,1126.550025
2016-10-14 16:00:00,1142.70005
2016-10-14 17:00:00,1079.35
2016-10-14 18:00:00,936.475
2016-10-14 19:00:00,732.92501
2016-10-14 20:00:00,480.00001
2016-10-14 21:00:00,57.974999999999994
2016-10-14 22:00:00,0.0
2016-10-14 23:00:00,0.0
2016-10-15 00:00:00,0.0
2016-10-15 01:00:00,0.0
2016-10-15 02:00:00,0.0
2016-10-15 03:00:00,0.0
2016-10-15 04:00:00,0.0
2016-10-15 05:00:00,0.0
2016-10-15 06:00:00,0.0
2016-10-15 07:00:00,0.0
2016-10-15 08:00:00,0.0
2016-10-15 09:00:00,0.0
2016-10-15 10:00:00,119.175
2016-10-15 11:00:00,390.87501
2016-10-15 12:00:00,590.15
2016-10-15 13:00:00,
2016-10-15 14:00:00,
2016-10-15 15:00:00,
2016-10-15 16:00:00,1143.7001
2016-10-15 17:00:00,1093.025025
2016-10-15 18:00:00,956.67502
2016-10-15 19:00:00,754.425
2016-10-15 20:00:00,502.125015
2016-10-15 21:00:00,217.13333666666665
2016-10-15 22:00:00,
2016-10-15 23:00:00,
2016-10-16 00:00:00,
2016-10-16 01:00:00,
2016-10-16 02:00:00,
2016-10-16 03:00:00,
2016-10-16 04:00:00,
2016-10-16 05:00:00,
2016-10-16 06:00:00,
2016-10-16 07:00:00,
2016-10-16 08:00:00,
2016-10-16 09:00:00,
2016-10-16 10:00:00,
2016-10-16 11:00:00,
2016-10-16 12:00:00,
2016-10-16 13:00:00,
2016-10-16 14:00:00,
2016-10-16 15:00:00,
2016-10-16 16:00:00,
2016-10-16 17:00:00,1092.475
2016-10-16 18:00:00,953.42502
2016-10-16 19:00:00,733.20001
2016-10-16 20:00:00,409.750015
2016-10-16 21:00:00,158.6
2016-10-16 22:00:00,
2016-10-16 23:00:00,
2016-10-17 00:00:00,
2016-10-17 01:00:00,
2016-10-17 02:00:00,
2016-10-17 03:00:00,
2016-10-17 04:00:00,
2016-10-17 05:00:00,
2016-10-17 06:00:00,
2016-10-17 07:00:00,
2016-10-17 08:00:00,
2016-10-17 09:00:00,
2016-10-17 10:00:00,
2016-10-17 11:00:00,
2016-10-17 12:00:00,
2016-10-17 13:00:00,763.6666666666666
2016-10-17 14:00:00,826.97501
2016-10-17 15:00:00,794.1999999999999
2016-10-17 16:00:00,704.27501
2016-10-17 17:00:00,749.20001
2016-10-17 18:00:00,606.95
2016-10-17 19:00:00,497.67499999999995
2016-10-17 20:00:00,274.05
2016-10-17 21:00:00,65.30000275
2016-10-17 22:00:00,8.55
2016-10-17 23:00:00,0.0
2016-10-18 00:00:00,0.0
2016-10-18 01:00:00,0.0
2016-10-18 02:00:00,0.0
2016-10-18 03:00:00,0.0
2016-10-18 04:00:00,0.0
2016-10-18 05:00:00,0.0
2016-10-18 06:00:00,0.0
2016-10-18 07:00:00,0.0
2016-10-18 08:00:00,0.0
2016-10-18 09:00:00,0.0
2016-10-18 10:00:00,79.225
2016-10-18 11:00:00,312.0250025
2016-10-18 12:00:00,467.775
2016-10-18 13:00:00,574.925
2016-10-18 14:00:00,635.7250200000001
2016-10-18 15:00:00,712.5
2016-10-18 16:00:00,1039.52505
2016-10-18 17:00:00,1090.800025
2016-10-18 18:00:00,953.3
2016-10-18 19:00:00,750.5
2016-10-18 20:00:00,442.17501
2016-10-18 21:00:00,115.27500125
2016-10-18 22:00:00,0.625
2016-10-18 23:00:00,0.0
2016-10-19 00:00:00,0.0
2016-10-19 01:00:00,0.0
2016-10-19 02:00:00,0.0
2016-10-19 03:00:00,0.0
2016-10-19 04:00:00,0.0
2016-10-19 05:00:00,0.0
2016-10-19 06:00:00,0.0
2016-10-19 07:00:00,0.0
2016-10-19 08:00:00,0.0
2016-10-19 09:00:00,0.0
2016-10-19 10:00:00,139.45
2016-10-19 11:00:00,415.225005
2016-10-19 12:00:00,681.45001
2016-10-19 13:00:00,906.62501
2016-10-19 14:00:00,1072.10005
2016-10-19 15:00:00,1165.0
2016-10-19 16:00:00,1180.375025
2016-10-19 17:00:00,1115.4
2016-10-19 18:00:00,973.97501
2016-10-19 19:00:00,767.50001
2016-10-19 20:00:00,511.6
2016-10-19 21:00:00,233.750005
2016-10-19 22:00:00,22.92500125
2016-10-19 23:00:00,0.0
2016-10-20 00:00:00,0.0
2016-10-20 01:00:00,0.0
2016-10-20 02:00:00,0.0
2016-10-20 03:00:00,0.0
2016-10-20 04:00:00,0.0
2016-10-20 05:00:00,0.0
2016-10-20 06:00:00,0.0
2016-10-20 07:00:00,0.0
2016-10-20 08:00:00,0.0
2016-10-20 09:00:00,0.175
2016-10-20 10:00:00,131.25
2016-10-20 11:00:00,380.175005
2016-10-20 12:00:00,609.1
2016-10-20 13:00:00,812.0999999999999
2016-10-20 14:00:00,1056.07501
2016-10-20 15:00:00,1142.325025
2016-10-20 16:00:00,1166.125
2016-10-20 17:00:00,1058.35001
2016-10-20 18:00:00,805.20002
2016-10-20 19:00:00,586.175025
2016-10-20 20:00:00,474.775
2016-10-20 21:00:00,152.3500025
2016-10-20 22:00:00,10.675
2016-10-20 23:00:00,0.0
2016-10-21 00:00:00,0.0
2016-10-21 01:00:00,0.0
2016-10-21 02:00:00,0.0
2016-10-21 03:00:00,0.0
2016-10-21 04:00:00,0.0
2016-10-21 05:00:00,0.0
2016-10-21 06:00:00,0.0
2016-10-21 07:00:00,0.0
2016-10-21 08:00:00,0.0
2016-10-21 09:00:00,0.0
2016-10-21 10:00:00,139.9750005
2016-10-21 11:00:00,409.75
2016-10-21 12:00:00,660.32501
2016-10-21 13:00:00,884.375
2016-10-21 14:00:00,1047.17501
2016-10-21 15:00:00,1132.625025
2016-10-21 16:00:00,1115.7
2016-10-21 17:00:00,984.67501
2016-10-21 18:00:00,675.8499999999999
2016-10-21 19:00:00,510.30001
2016-10-21 20:00:00,471.025
2016-10-21 21:00:00,138.8750025
2016-10-21 22:00:00,0.0
2016-10-21 23:00:00,0.0
2016-10-22 00:00:00,0.0
2016-10-22 01:00:00,0.0
2016-10-22 02:00:00,0.0
2016-10-22 03:00:00,0.0
2016-10-22 04:00:00,0.0
2016-10-22 05:00:00,0.0
2016-10-22 06:00:00,0.0
2016-10-22 07:00:00,0.0
2016-10-22 08:00:00,0.0
2016-10-22 09:00:00,0.925
2016-10-22 10:00:00,138.875
2016-10-22 11:00:00,403.65000499999996
2016-10-22 12:00:00,650.3500200000001
2016-10-22 13:00:00,871.92501
2016-10-22 14:00:00,1037.675
2016-10-22 15:00:00,1135.15005
2016-10-22 16:00:00,1143.675025
2016-10-22 17:00:00,737.57501
2016-10-22 18:00:00,733.9
2016-10-22 19:00:00,737.175
2016-10-22 20:00:00,502.6
2016-10-22 21:00:00,229.400005
2016-10-22 22:00:00,23.25
2016-10-22 23:00:00,0.0
2016-10-23 00:00:00,0.0
2016-10-23 01:00:00,0.0
2016-10-23 02:00:00,0.0
2016-10-23 03:00:00,0.0
2016-10-23 04:00:00,0.0
2016-10-23 05:00:00,0.0
2016-10-23 06:00:00,0.0
2016-10-23 07:00:00,0.0
2016-10-23 08:00:00,0.0
2016-10-23 09:00:00,1.45
2016-10-23 10:00:00,147.625
2016-10-23 11:00:00,387.1
2016-10-23 12:00:00,670.5500099999999
2016-10-23 13:00:00,902.20001
2016-10-23 14:00:00,1054.575
2016-10-23 15:00:00,1152.05
2016-10-23 16:00:00,1161.75
2016-10-23 17:00:00,1096.700025
2016-10-23 18:00:00,962.22501
2016-10-23 19:00:00,743.32502
2016-10-23 20:00:00,470.52501
2016-10-23 21:00:00,232.925005
2016-10-23 22:00:00,24.800000250000004
2016-10-23 23:00:00,0.0
2016-10-24 00:00:00,0.0
2016-10-24 01:00:00,0.0
2016-10-24 02:00:00,0.0
2016-10-24 03:00:00,0.0
2016-10-24 04:00:00,0.0
2016-10-24 05:00:00,0.0
2016-10-24 06:00:00,0.0
2016-10-24 07:00:00,0.0
2016-10-24 08:00:00,0.0
2016-10-24 09:00:00,1.9
2016-10-24 10:00:00,152.2000025
2016-10-24 11:00:00,425.37501000000003
2016-10-24 12:00:00,675.85
2016-10-24 13:00:00,897.25
2016-10-24 14:00:00,1058.725
2016-10-24 15:00:00,1149.025
2016-10-24 16:00:00,1162.175
2016-10-24 17:00:00,1097.350075
2016-10-24 18:00:00,941.70002
2016-10-24 19:00:00,662.3
2016-10-24 20:00:00,462.400005
2016-10-24 21:00:00,208.47500250000002
2016-10-24 22:00:00,21.85
2016-10-24 23:00:00,0.0
2016-10-25 00:00:00,0.0
2016-10-25 01:00:00,0.0
2016-10-25 02:00:00,0.0
2016-10-25 03:00:00,0.0
2016-10-25 04:00:00,0.0
2016-10-25 05:00:00,0.0
2016-10-25 06:00:00,0.0
2016-10-25 07:00:00,0.0
2016-10-25 08:00:00,0.0
2016-10-25 09:00:00,2.325
2016-10-25 10:00:00,140.1750025
2016-10-25 11:00:00,356.200015
2016-10-25 12:00:00,566.225025
2016-10-25 13:00:00,708.65003
2016-10-25 14:00:00,938.30002
2016-10-25 15:00:00,1083.225025
2016-10-25 16:00:00,1106.35
2016-10-25 17:00:00,1067.6
2016-10-25 18:00:00,882.75001
2016-10-25 19:00:00,650.72501
2016-10-25 20:00:00,464.325
2016-10-25 21:00:00,201.5250025
2016-10-25 22:00:00,26.275
2016-10-25 23:00:00,0.0
2016-10-26 00:00:00,0.0
2016-10-26 01:00:00,0.0
2016-10-26 02:00:00,0.0
2016-10-26 03:00:00,0.0
2016-10-26 04:00:00,0.0
2016-10-26 05:00:00,0.0
2016-10-26 06:00:00,0.0
2016-10-26 07:00:00,0.0
2016-10-26 08:00:00,0.0
2016-10-26 09:00:00,2.9
2016-10-26 10:00:00,149.00000125
2016-10-26 11:00:00,419.10001
2016-10-26 12:00:00,688.05
2016-10-26 13:00:00,865.75
2016-10-26 14:00:00,1004.425025
2016-10-26 15:00:00,1150.65
2016-10-26 16:00:00,1151.9
2016-10-26 17:00:00,1033.300025
2016-10-26 18:00:00,879.3
2016-10-26 19:00:00,733.07501
2016-10-26 20:00:00,491.250005
2016-10-26 21:00:00,228.0000025
2016-10-26 22:00:00,24.900001250000003
2016-10-26 23:00:00,0.0
2016-10-27 00:00:00,0.0
2016-10-27 01:00:00,0.0
2016-10-27 02:00:00,0.0
2016-10-27 03:00:00,0.0
2016-10-27 04:00:00,0.0
2016-10-27 05:00:00,0.0
2016-10-27 06:00:00,0.0
2016-10-27 07:00:00,0.0
2016-10-27 08:00:00,0.0
2016-10-27 09:00:00,3.10000025
2016-10-27 10:00:00,152.72500000000002
2016-10-27 11:00:00,420.400005
2016-10-27 12:00:00,681.47501
2016-10-27 13:00:00,900.2
2016-10-27 14:00:00,1058.025
2016-10-27 15:00:00,1141.775
2016-10-27 16:00:00,1150.075025
2016-10-27 17:00:00,1011.0500099999999
2016-10-27 18:00:00,903.925
2016-10-27 19:00:00,651.075
2016-10-27 20:00:00,392.7
2016-10-27 21:00:00,176.0000025
2016-10-27 22:00:00,26.025000249999998
2016-10-27 23:00:00,0.0
2016-10-28 00:00:00,0.0
2016-10-28 01:00:00,0.0
2016-10-28 02:00:00,0.0
2016-10-28 03:00:00,0.0
2016-10-28 04:00:00,0.0
2016-10-28 05:00:00,0.0
2016-10-28 06:00:00,0.0
2016-10-28 07:00:00,0.0
2016-10-28 08:00:00,0.0
2016-10-28 09:00:00,3.10000025
2016-10-28 10:00:00,144.5000025
2016-10-28 11:00:00,405.250005
2016-10-28 12:00:00,629.47502
2016-10-28 13:00:00,846.40002
2016-10-28 14:00:00,1004.9000000000001
2016-10-28 15:00:00,1081.125
2016-10-28 16:00:00,1001.4749999999999
2016-10-28 17:00:00,873.75
2016-10-28 18:00:00,870.525
2016-10-28 19:00:00,612.37501
2016-10-28 20:00:00,352.750005
2016-10-28 21:00:00,164.9000025
2016-10-28 22:00:00,22.125
2016-10-28 23:00:00,0.0
2016-10-29 00:00:00,0.0
2016-10-29 01:00:00,0.0
2016-10-29 02:00:00,0.0
2016-10-29 03:00:00,0.0
2016-10-29 04:00:00,0.0
2016-10-29 05:00:00,0.0
2016-10-29 06:00:00,0.0
2016-10-29 07:00:00,0.0
2016-10-29 08:00:00,0.0
2016-10-29 09:00:00,3.325
2016-10-29 10:00:00,142.775
2016-10-29 11:00:00,402.175005
2016-10-29 12:00:00,658.575
2016-10-29 13:00:00,874.7249999999999
2016-10-29 14:00:00,1033.275
2016-10-29 15:00:00,1126.550025
2016-10-29 16:00:00,1136.5
2016-10-29 17:00:00,1066.350025
2016-10-29 18:00:00,918.97501
2016-10-29 19:00:00,530.275005
2016-10-29 20:00:00,360.900015
2016-10-29 21:00:00,233.800005
2016-10-29 22:00:00,28.075000000000003
2016-10-29 23:00:00,0.0
2016-10-30 00:00:00,0.0
2016-10-30 01:00:00,0.0
2016-10-30 02:00:00,0.0
2016-10-30 03:00:00,0.0
2016-10-30 04:00:00,0.0
2016-10-30 05:00:00,0.0
2016-10-30 06:00:00,0.0
2016-10-30 07:00:00,0.0
2016-10-30 08:00:00,0.0
2016-10-30 09:00:00,4.65
2016-10-30 10:00:00,165.3
2016-10-30 11:00:00,435.225005
2016-10-30 12:00:00,693.4000100000001
2016-10-30 13:00:00,913.75
2016-10-30 14:00:00,1075.15
2016-10-30 15:00:00,1163.825025
2016-10-30 16:00:00,1171.25
2016-10-30 17:00:00,1098.4499999999998
2016-10-30 18:00:00,952.2750100000001
2016-10-30 19:00:00,748.5
2016-10-30 20:00:00,449.7
2016-10-30 21:00:00,193.6750025
2016-10-30 22:00:00,29.575000000000003
2016-10-30 23:00:00,0.0
2016-10-31 00:00:00,0.0
2016-10-31 01:00:00,0.0
2016-10-31 02:00:00,0.0
2016-10-31 03:00:00,0.0
2016-10-31 04:00:00,0.0
2016-10-31 05:00:00,0.0
2016-10-31 06:00:00,0.0
2016-10-31 07:00:00,0.0
2016-10-31 08:00:00,0.0
2016-10-31 09:00:00,5.475
2016-10-31 10:00:00,175.000005
2016-10-31 11:00:00,449.225
2016-10-31 12:00:00,703.525
2016-10-31 13:00:00,920.05
2016-10-31 14:00:00,1074.775025
2016-10-31 15:00:00,1154.20005
2016-10-31 16:00:00,1162.75
2016-10-31 17:00:00,1096.0
2016-10-31 18:00:00,946.7249999999999
2016-10-31 19:00:00,742.1
2016-10-31 20:00:00,496.45
2016-10-31 21:00:00,237.675005
2016-10-31 22:00:00,29.325
2016-10-31 23:00:00,0.0
2016-11-01 00:00:00,0.0
2016-11-01 01:00:00,0.0
2016-11-01 02:00:00,0.0
2016-11-01 03:00:00,0.0
2016-11-01 04:00:00,0.0
2016-11-01 05:00:00,0.0
2016-11-01 06:00:00,0.0
2016-11-01 07:00:00,0.0
2016-11-01 08:00:00,0.0
2016-11-01 09:00:00,5.70000025
2016-11-01 10:00:00,172.1
2016-11-01 11:00:00,441.70002
2016-11-01 12:00:00,689.40001
2016-11-01 13:00:00,907.475
2016-11-01 14:00:00,1066.675025
2016-11-01 15:00:00,1154.5
2016-11-01 16:00:00,1165.975025
2016-11-01 17:00:00,1099.70005
2016-11-01 18:00:00,858.00001
2016-11-01 19:00:00,471.02501
2016-11-01 20:00:00,351.65
2016-11-01 21:00:00,125.52499999999999
2016-11-01 22:00:00,7.00000025
2016-11-01 23:00:00,0.0
2016-11-02 00:00:00,0.0
2016-11-02 01:00:00,0.0
2016-11-02 02:00:00,0.0
2016-11-02 03:00:00,0.0
2016-11-02 04:00:00,0.0
2016-11-02 05:00:00,0.0
2016-11-02 06:00:00,0.0
2016-11-02 07:00:00,0.0
2016-11-02 08:00:00,0.0
2016-11-02 09:00:00,2.0
2016-11-02 10:00:00,155.97500125
2016-11-02 11:00:00,407.1
2016-11-02 12:00:00,684.15
2016-11-02 13:00:00,915.72501
2016-11-02 14:00:00,1075.4
2016-11-02 15:00:00,1157.475025
2016-11-02 16:00:00,1131.650025
2016-11-02 17:00:00,1030.325025
2016-11-02 18:00:00,852.62501
2016-11-02 19:00:00,657.95
2016-11-02 20:00:00,443.42501000000004
2016-11-02 21:00:00,178.675
2016-11-02 22:00:00,9.475
2016-11-02 23:00:00,0.0
2016-11-03 00:00:00,0.0
2016-11-03 01:00:00,0.0
2016-11-03 02:00:00,0.0
2016-11-03 03:00:00,0.0
2016-11-03 04:00:00,0.0
2016-11-03 05:00:00,0.0
2016-11-03 06:00:00,0.0
2016-11-03 07:00:00,0.0
2016-11-03 08:00:00,0.0
2016-11-03 09:00:00,6.07500025
2016-11-03 10:00:00,167.92499999999998
2016-11-03 11:00:00,432.67501000000004
2016-11-03 12:00:00,683.72502
2016-11-03 13:00:00,899.17501
2016-11-03 14:00:00,1055.625025
2016-11-03 15:00:00,1142.575
2016-11-03 16:00:00,1152.72505
2016-11-03 17:00:00,1086.725
2016-11-03 18:00:00,945.37501
2016-11-03 19:00:00,747.925
2016-11-03 20:00:00,506.425
2016-11-03 21:00:00,232.625
2016-11-03 22:00:00,29.725
2016-11-03 23:00:00,0.0
2016-11-04 00:00:00,0.0
2016-11-04 01:00:00,0.0
2016-11-04 02:00:00,0.0
2016-11-04 03:00:00,0.0
2016-11-04 04:00:00,0.0
2016-11-04 05:00:00,0.0
2016-11-04 06:00:00,0.0
2016-11-04 07:00:00,0.0
2016-11-04 08:00:00,0.0
2016-11-04 09:00:00,6.175
2016-11-04 10:00:00,166.2
2016-11-04 11:00:00,429.775005
2016-11-04 12:00:00,724.1
2016-11-04 13:00:00,909.37501
2016-11-04 14:00:00,1066.650025
2016-11-04 15:00:00,1152.92505
2016-11-04 16:00:00,1163.275025
2016-11-04 17:00:00,1097.725
2016-11-04 18:00:00,957.8000099999999
2016-11-04 19:00:00,759.32501
2016-11-04 20:00:00,385.00001
2016-11-04 21:00:00,246.3
2016-11-04 22:00:00,36.475001750000004
2016-11-04 23:00:00,0.0
2016-11-05 00:00:00,0.0
2016-11-05 01:00:00,0.0
2016-11-05 02:00:00,0.0
2016-11-05 03:00:00,0.0
2016-11-05 04:00:00,0.0
2016-11-05 05:00:00,0.0
2016-11-05 06:00:00,0.0
2016-11-05 07:00:00,0.0
2016-11-05 08:00:00,0.0
2016-11-05 09:00:00,7.35
2016-11-05 10:00:00,177.7000075
2016-11-05 11:00:00,443.3
2016-11-05 12:00:00,675.5749999999999
2016-11-05 13:00:00,891.22501
2016-11-05 14:00:00,1047.45
2016-11-05 15:00:00,1125.75
2016-11-05 16:00:00,1136.200025
2016-11-05 17:00:00,1070.025025
2016-11-05 18:00:00,812.3500200000001
2016-11-05 19:00:00,531.65001
2016-11-05 20:00:00,376.85
2016-11-05 21:00:00,195.22500875
2016-11-05 22:00:00,23.674999999999997
2016-11-05 23:00:00,0.0
2016-11-06 00:00:00,0.0
2016-11-06 01:00:00,0.0
2016-11-06 02:00:00,0.0
2016-11-06 03:00:00,0.0
2016-11-06 04:00:00,0.0
2016-11-06 05:00:00,0.0
2016-11-06 06:00:00,0.0
2016-11-06 07:00:00,0.0
2016-11-06 08:00:00,0.0
2016-11-06 09:00:00,5.125
2016-11-06 10:00:00,141.8000025
2016-11-06 11:00:00,390.92501
2016-11-06 12:00:00,652.0
2016-11-06 13:00:00,866.8
2016-11-06 14:00:00,1024.9000099999998
2016-11-06 15:00:00,1064.925025
2016-11-06 16:00:00,827.60001
2016-11-06 17:00:00,1009.12501
2016-11-06 18:00:00,904.95001
2016-11-06 19:00:00,665.62501
2016-11-06 20:00:00,245.7250075
2016-11-06 21:00:00,19.025
2016-11-06 22:00:00,6.250000249999999
2016-11-06 23:00:00,0.0
2016-11-07 00:00:00,0.0
2016-11-07 01:00:00,0.0
2016-11-07 02:00:00,0.0
2016-11-07 03:00:00,0.0
2016-11-07 04:00:00,0.0
2016-11-07 05:00:00,0.0
2016-11-07 06:00:00,0.0
2016-11-07 07:00:00,0.0
2016-11-07 08:00:00,0.0
2016-11-07 09:00:00,7.475
2016-11-07 10:00:00,174.1250075
2016-11-07 11:00:00,438.50001
2016-11-07 12:00:00,690.00001
2016-11-07 13:00:00,905.8000099999999
2016-11-07 14:00:00,1066.675
2016-11-07 15:00:00,955.37503
2016-11-07 16:00:00,739.4000100000001
2016-11-07 17:00:00,392.525
2016-11-07 18:00:00,516.1500149999999
2016-11-07 19:00:00,614.07501
2016-11-07 20:00:00,316.85001
2016-11-07 21:00:00,232.17501000000001
2016-11-07 22:00:00,34.575000075000005
2016-11-07 23:00:00,0.0
2016-11-08 00:00:00,0.0
2016-11-08 01:00:00,0.0
2016-11-08 02:00:00,0.0
2016-11-08 03:00:00,0.0
2016-11-08 04:00:00,0.0
2016-11-08 05:00:00,0.0
2016-11-08 06:00:00,0.0
2016-11-08 07:00:00,0.0
2016-11-08 08:00:00,0.0
2016-11-08 09:00:00,8.075
2016-11-08 10:00:00,153.1750025
2016-11-08 11:00:00,363.65
2016-11-08 12:00:00,658.725
2016-11-08 13:00:00,875.4
2016-11-08 14:00:00,1008.4000450000001
2016-11-08 15:00:00,1117.6999999999998
2016-11-08 16:00:00,1128.9
2016-11-08 17:00:00,844.32501
2016-11-08 18:00:00,748.00001
2016-11-08 19:00:00,392.70001
2016-11-08 20:00:00,229.15000500000002
2016-11-08 21:00:00,101.2
2016-11-08 22:00:00,15.725000000000001
2016-11-08 23:00:00,0.0
2016-11-09 00:00:00,0.0
2016-11-09 01:00:00,0.0
2016-11-09 02:00:00,0.0
2016-11-09 03:00:00,0.0
2016-11-09 04:00:00,0.0
2016-11-09 05:00:00,0.0
2016-11-09 06:00:00,0.0
2016-11-09 07:00:00,0.0
2016-11-09 08:00:00,0.0
2016-11-09 09:00:00,8.475
2016-11-09 10:00:00,182.25
2016-11-09 11:00:00,449.075015
2016-11-09 12:00:00,697.0250100000001
2016-11-09 13:00:00,910.02503
2016-11-09 14:00:00,1063.850035
2016-11-09 15:00:00,1141.87505
2016-11-09 16:00:00,1103.675
2016-11-09 17:00:00,808.60002
2016-11-09 18:00:00,658.4000149999999
2016-11-09 19:00:00,528.300015
2016-11-09 20:00:00,366.250005
2016-11-09 21:00:00,235.02499999999998
2016-11-09 22:00:00,34.05000175
2016-11-09 23:00:00,0.0
2016-11-10 00:00:00,0.0
2016-11-10 01:00:00,0.0
2016-11-10 02:00:00,0.0
2016-11-10 03:00:00,0.0
2016-11-10 04:00:00,0.0
2016-11-10 05:00:00,0.0
2016-11-10 06:00:00,0.0
2016-11-10 07:00:00,0.0
2016-11-10 08:00:00,0.0
2016-11-10 09:00:00,7.4
2016-11-10 10:00:00,161.375005
2016-11-10 11:00:00,361.32500500000003
2016-11-10 12:00:00,612.65
2016-11-10 13:00:00,841.1500100000001
2016-11-10 14:00:00,900.2750000000001
2016-11-10 15:00:00,882.025
2016-11-10 16:00:00,745.9250099999999
2016-11-10 17:00:00,634.675
2016-11-10 18:00:00,664.05002
2016-11-10 19:00:00,687.925
2016-11-10 20:00:00,352.325
2016-11-10 21:00:00,131.2
2016-11-10 22:00:00,6.8
2016-11-10 23:00:00,0.0
2016-11-11 00:00:00,0.0
2016-11-11 01:00:00,0.0
2016-11-11 02:00:00,0.0
2016-11-11 03:00:00,0.0
2016-11-11 04:00:00,0.0
2016-11-11 05:00:00,0.0
2016-11-11 06:00:00,0.0
2016-11-11 07:00:00,0.0
2016-11-11 08:00:00,0.0
2016-11-11 09:00:00,2.65
2016-11-11 10:00:00,138.35
2016-11-11 11:00:00,410.575
2016-11-11 12:00:00,632.0
2016-11-11 13:00:00,604.95
2016-11-11 14:00:00,373.3750025
2016-11-11 15:00:00,307.375005
2016-11-11 16:00:00,272.0000025
2016-11-11 17:00:00,325.4500025
2016-11-11 18:00:00,474.950005
2016-11-11 19:00:00,463.600005
2016-11-11 20:00:00,243.35
2016-11-11 21:00:00,12.25
2016-11-11 22:00:00,0.0
2016-11-11 23:00:00,0.0
2016-11-12 00:00:00,0.0
2016-11-12 01:00:00,0.0
2016-11-12 02:00:00,0.0
2016-11-12 03:00:00,0.0
2016-11-12 04:00:00,0.0
2016-11-12 05:00:00,0.0
2016-11-12 06:00:00,0.0
2016-11-12 07:00:00,0.0
2016-11-12 08:00:00,0.0
2016-11-12 09:00:00,9.7750005
2016-11-12 10:00:00,172.92500625
2016-11-12 11:00:00,450.07501
2016-11-12 12:00:00,683.525
2016-11-12 13:00:00,837.6
2016-11-12 14:00:00,942.70002
2016-11-12 15:00:00,945.7750100000001
2016-11-12 16:00:00,677.35002
2016-11-12 17:00:00,786.4000100000001
2016-11-12 18:00:00,669.67502
2016-11-12 19:00:00,482.150005
2016-11-12 20:00:00,461.175005
2016-11-12 21:00:00,257.875005
2016-11-12 22:00:00,42.625001250000004
2016-11-12 23:00:00,0.0
2016-11-13 00:00:00,0.0
2016-11-13 01:00:00,0.0
2016-11-13 02:00:00,0.0
2016-11-13 03:00:00,0.0
2016-11-13 04:00:00,0.0
2016-11-13 05:00:00,0.0
2016-11-13 06:00:00,0.0
2016-11-13 07:00:00,0.0
2016-11-13 08:00:00,0.0
2016-11-13 09:00:00,10.550000500000001
2016-11-13 10:00:00,194.40000500000002
2016-11-13 11:00:00,461.72501
2016-11-13 12:00:00,696.95
2016-11-13 13:00:00,914.2250200000001
2016-11-13 14:00:00,1072.65005
2016-11-13 15:00:00,1157.125025
2016-11-13 16:00:00,1164.075
2016-11-13 17:00:00,1093.25
2016-11-13 18:00:00,935.30001
2016-11-13 19:00:00,604.525
2016-11-13 20:00:00,468.300005
2016-11-13 21:00:00,166.225
2016-11-13 22:00:00,0.0
2016-11-13 23:00:00,0.0
2016-11-14 00:00:00,0.0
2016-11-14 01:00:00,0.0
2016-11-14 02:00:00,0.0
2016-11-14 03:00:00,0.0
2016-11-14 04:00:00,0.0
2016-11-14 05:00:00,0.0
2016-11-14 06:00:00,0.0
2016-11-14 07:00:00,0.0
2016-11-14 08:00:00,0.0
2016-11-14 09:00:00,10.900000024999999
2016-11-14 10:00:00,195.35000125
2016-11-14 11:00:00,463.8
2016-11-14 12:00:00,711.67502
2016-11-14 13:00:00,922.275
2016-11-14 14:00:00,985.925
2016-11-14 15:00:00,1001.75002
2016-11-14 16:00:00,789.9499999999999
2016-11-14 17:00:00,552.875
2016-11-14 18:00:00,472.325
2016-11-14 19:00:00,561.77502
2016-11-14 20:00:00,370.575005
2016-11-14 21:00:00,213.6750075
2016-11-14 22:00:00,32.725
2016-11-14 23:00:00,0.0
2016-11-15 00:00:00,0.0
2016-11-15 01:00:00,0.0
2016-11-15 02:00:00,0.0
2016-11-15 03:00:00,0.0
2016-11-15 04:00:00,0.0
2016-11-15 05:00:00,0.0
2016-11-15 06:00:00,0.0
2016-11-15 07:00:00,0.0
2016-11-15 08:00:00,0.0
2016-11-15 09:00:00,11.450000025000001
2016-11-15 10:00:00,197.02500875
2016-11-15 11:00:00,466.05001
2016-11-15 12:00:00,709.30003
2016-11-15 13:00:00,925.00001
2016-11-15 14:00:00,1082.775025
2016-11-15 15:00:00,984.95001
2016-11-15 16:00:00,656.10001
2016-11-15 17:00:00,530.675
2016-11-15 18:00:00,719.87501
2016-11-15 19:00:00,668.35002
2016-11-15 20:00:00,459.175
2016-11-15 21:00:00,161.8750025
2016-11-15 22:00:00,7.175
2016-11-15 23:00:00,0.0
2016-11-16 00:00:00,0.0
2016-11-16 01:00:00,0.0
2016-11-16 02:00:00,0.0
2016-11-16 03:00:00,0.0
2016-11-16 04:00:00,0.0
2016-11-16 05:00:00,0.0
2016-11-16 06:00:00,0.0
2016-11-16 07:00:00,0.0
2016-11-16 08:00:00,0.0
2016-11-16 09:00:00,11.175
2016-11-16 10:00:00,190.85
2016-11-16 11:00:00,447.79999999999995
2016-11-16 12:00:00,504.17499999999995
2016-11-16 13:00:00,588.45
2016-11-16 14:00:00,747.90002
2016-11-16 15:00:00,1062.8
2016-11-16 16:00:00,616.025
2016-11-16 17:00:00,774.57501
2016-11-16 18:00:00,566.575
2016-11-16 19:00:00,398.20001
2016-11-16 20:00:00,271.7000075
2016-11-16 21:00:00,119.27500500000001
2016-11-16 22:00:00,36.57500125
2016-11-16 23:00:00,0.0
2016-11-17 00:00:00,0.0
2016-11-17 01:00:00,0.0
2016-11-17 02:00:00,0.0
2016-11-17 03:00:00,0.0
2016-11-17 04:00:00,0.0
2016-11-17 05:00:00,0.0
2016-11-17 06:00:00,0.0
2016-11-17 07:00:00,0.0
2016-11-17 08:00:00,0.0
2016-11-17 09:00:00,11.35
2016-11-17 10:00:00,166.72500125
2016-11-17 11:00:00,280.57500500000003
2016-11-17 12:00:00,406.75001
2016-11-17 13:00:00,502.450015
2016-11-17 14:00:00,637.575
2016-11-17 15:00:00,718.4000100000001
2016-11-17 16:00:00,863.75002
2016-11-17 17:00:00,855.85001
2016-11-17 18:00:00,717.20001
2016-11-17 19:00:00,488.40000000000003
2016-11-17 20:00:00,238.5
2016-11-17 21:00:00,111.05
2016-11-17 22:00:00,15.925
2016-11-17 23:00:00,0.0
2016-11-18 00:00:00,0.0
2016-11-18 01:00:00,0.0
2016-11-18 02:00:00,0.0
2016-11-18 03:00:00,0.0
2016-11-18 04:00:00,0.0
2016-11-18 05:00:00,0.0
2016-11-18 06:00:00,0.0
2016-11-18 07:00:00,0.0
2016-11-18 08:00:00,0.0
2016-11-18 09:00:00,11.05
2016-11-18 10:00:00,193.0500025
2016-11-18 11:00:00,457.200015
2016-11-18 12:00:00,708.72502
2016-11-18 13:00:00,923.20001
2016-11-18 14:00:00,1078.75005
2016-11-18 15:00:00,1162.950025
2016-11-18 16:00:00,1165.775075
2016-11-18 17:00:00,887.50001
2016-11-18 18:00:00,700.325
2016-11-18 19:00:00,535.450005
2016-11-18 20:00:00,434.575
2016-11-18 21:00:00,274.8500075
2016-11-18 22:00:00,45.82500125
2016-11-18 23:00:00,0.0
2016-11-19 00:00:00,0.0
2016-11-19 01:00:00,0.0
2016-11-19 02:00:00,0.0
2016-11-19 03:00:00,0.0
2016-11-19 04:00:00,0.0
2016-11-19 05:00:00,0.0
2016-11-19 06:00:00,0.0
2016-11-19 07:00:00,0.0
2016-11-19 08:00:00,0.0
2016-11-19 09:00:00,6.925
2016-11-19 10:00:00,178.3750025
2016-11-19 11:00:00,447.17502
2016-11-19 12:00:00,669.77502
2016-11-19 13:00:00,881.2
2016-11-19 14:00:00,870.075
2016-11-19 15:00:00,982.175035
2016-11-19 16:00:00,1031.05
2016-11-19 17:00:00,727.9000100000001
2016-11-19 18:00:00,506.500005
2016-11-19 19:00:00,459.60001
2016-11-19 20:00:00,274.6250025
2016-11-19 21:00:00,65.37500125
2016-11-19 22:00:00,0.0
2016-11-19 23:00:00,0.0
2016-11-20 00:00:00,0.0
2016-11-20 01:00:00,0.0
2016-11-20 02:00:00,0.0
2016-11-20 03:00:00,0.0
2016-11-20 04:00:00,0.0
2016-11-20 05:00:00,0.0
2016-11-20 06:00:00,0.0
2016-11-20 07:00:00,0.0
2016-11-20 08:00:00,0.0
2016-11-20 09:00:00,11.375
2016-11-20 10:00:00,192.90000375
2016-11-20 11:00:00,400.20000500000003
2016-11-20 12:00:00,711.825
2016-11-20 13:00:00,927.25001
2016-11-20 14:00:00,1038.45005
2016-11-20 15:00:00,1011.55
2016-11-20 16:00:00,853.80002
2016-11-20 17:00:00,645.275
2016-11-20 18:00:00,528.55001
2016-11-20 19:00:00,365.65
2016-11-20 20:00:00,207.72500250000002
2016-11-20 21:00:00,88.8500005
2016-11-20 22:00:00,19.450000000000003
2016-11-20 23:00:00,0.0
2016-11-21 00:00:00,0.0
2016-11-21 01:00:00,0.0
2016-11-21 02:00:00,0.0
2016-11-21 03:00:00,0.0
2016-11-21 04:00:00,0.0
2016-11-21 05:00:00,0.0
2016-11-21 06:00:00,0.0
2016-11-21 07:00:00,0.0
2016-11-21 08:00:00,0.0
2016-11-21 09:00:00,12.674999999999999
2016-11-21 10:00:00,179.55000875000002
2016-11-21 11:00:00,329.550005
2016-11-21 12:00:00,387.5
2016-11-21 13:00:00,422.925005
2016-11-21 14:00:00,456.15
2016-11-21 15:00:00,416.75
2016-11-21 16:00:00,295.175
2016-11-21 17:00:00,351.77500499999996
2016-11-21 18:00:00,359.475
2016-11-21 19:00:00,325.65
2016-11-21 20:00:00,271.2000025
2016-11-21 21:00:00,53.125
2016-11-21 22:00:00,15.225
2016-11-21 23:00:00,0.0
2016-11-22 00:00:00,0.0
2016-11-22 01:00:00,0.0
2016-11-22 02:00:00,0.0
2016-11-22 03:00:00,0.0
2016-11-22 04:00:00,0.0
2016-11-22 05:00:00,0.0
2016-11-22 06:00:00,0.0
2016-11-22 07:00:00,0.0
2016-11-22 08:00:00,0.0
2016-11-22 09:00:00,13.5250005
2016-11-22 10:00:00,130.25
2016-11-22 11:00:00,305.275
2016-11-22 12:00:00,537.75
2016-11-22 13:00:00,647.20002
2016-11-22 14:00:00,837.80002
2016-11-22 15:00:00,776.9
2016-11-22 16:00:00,802.10001
2016-11-22 17:00:00,770.00001
2016-11-22 18:00:00,672.12501
2016-11-22 19:00:00,548.975005
2016-11-22 20:00:00,357.65
2016-11-22 21:00:00,159.8
2016-11-22 22:00:00,57.47500125
2016-11-22 23:00:00,0.0
2016-11-23 00:00:00,0.0
2016-11-23 01:00:00,0.0
2016-11-23 02:00:00,0.0
2016-11-23 03:00:00,0.0
2016-11-23 04:00:00,0.0
2016-11-23 05:00:00,0.0
2016-11-23 06:00:00,0.0
2016-11-23 07:00:00,0.0
2016-11-23 08:00:00,0.0
2016-11-23 09:00:00,14.600000075
2016-11-23 10:00:00,209.725
2016-11-23 11:00:00,481.82500500000003
2016-11-23 12:00:00,737.8000099999999
2016-11-23 13:00:00,957.575
2016-11-23 14:00:00,1119.2
2016-11-23 15:00:00,1209.725
2016-11-23 16:00:00,1223.275025
2016-11-23 17:00:00,1159.075025
2016-11-23 18:00:00,1020.37501
2016-11-23 19:00:00,819.15
2016-11-23 20:00:00,575.75002
2016-11-23 21:00:00,315.2500025
2016-11-23 22:00:00,71.85
2016-11-23 23:00:00,0.0
2016-11-24 00:00:00,0.0
2016-11-24 01:00:00,0.0
2016-11-24 02:00:00,0.0
2016-11-24 03:00:00,0.0
2016-11-24 04:00:00,0.0
2016-11-24 05:00:00,0.0
2016-11-24 06:00:00,0.0
2016-11-24 07:00:00,0.0
2016-11-24 08:00:00,0.0
2016-11-24 09:00:00,17.366667333333336
2016-11-24 10:00:00,209.17500875000002
2016-11-24 11:00:00,480.5
2016-11-24 12:00:00,729.4250099999999
2016-11-24 13:00:00,947.67501
2016-11-24 14:00:00,1107.650025
2016-11-24 15:00:00,1196.250025
2016-11-24 16:00:00,1207.85
2016-11-24 17:00:00,1138.425075
2016-11-24 18:00:00,996.12501
2016-11-24 19:00:00,798.025
2016-11-24 20:00:00,561.2750149999999
2016-11-24 21:00:00,302.47501
2016-11-24 22:00:00,67.9000025
2016-11-24 23:00:00,0.0
2016-11-25 00:00:00,0.0
2016-11-25 01:00:00,0.0
2016-11-25 02:00:00,0.0
2016-11-25 03:00:00,0.0
2016-11-25 04:00:00,0.0
2016-11-25 05:00:00,0.0
2016-11-25 06:00:00,0.0
2016-11-25 07:00:00,0.0
2016-11-25 08:00:00,0.0
2016-11-25 09:00:00,13.825
2016-11-25 10:00:00,200.875
2016-11-25 11:00:00,466.55002
2016-11-25 12:00:00,702.45
2016-11-25 13:00:00,915.175
2016-11-25 14:00:00,1069.425
2016-11-25 15:00:00,1148.950025
2016-11-25 16:00:00,1162.700025
2016-11-25 17:00:00,1096.12505
2016-11-25 18:00:00,946.82502
2016-11-25 19:00:00,680.2750100000001
2016-11-25 20:00:00,524.875
2016-11-25 21:00:00,222.6750005
2016-11-25 22:00:00,35.87500125
2016-11-25 23:00:00,0.0
2016-11-26 00:00:00,0.0
2016-11-26 01:00:00,0.0
2016-11-26 02:00:00,0.0
2016-11-26 03:00:00,0.0
2016-11-26 04:00:00,0.0
2016-11-26 05:00:00,0.0
2016-11-26 06:00:00,0.0
2016-11-26 07:00:00,0.0
2016-11-26 08:00:00,0.0
2016-11-26 09:00:00,11.1500005
2016-11-26 10:00:00,189.89999999999998
2016-11-26 11:00:00,452.725
2016-11-26 12:00:00,703.5
2016-11-26 13:00:00,921.55001
2016-11-26 14:00:00,1080.250025
2016-11-26 15:00:00,1149.925
2016-11-26 16:00:00,1114.675
2016-11-26 17:00:00,962.02505
2016-11-26 18:00:00,796.65001
2016-11-26 19:00:00,562.200015
2016-11-26 20:00:00,317.65
2016-11-26 21:00:00,167.4250025
2016-11-26 22:00:00,60.000000025
2016-11-26 23:00:00,0.0
2016-11-27 00:00:00,0.0
2016-11-27 01:00:00,0.0
2016-11-27 02:00:00,0.0
2016-11-27 03:00:00,0.0
2016-11-27 04:00:00,0.0
2016-11-27 05:00:00,0.0
2016-11-27 06:00:00,0.0
2016-11-27 07:00:00,0.0
2016-11-27 08:00:00,0.0
2016-11-27 09:00:00,13.05
2016-11-27 10:00:00,193.275
2016-11-27 11:00:00,424.025
2016-11-27 12:00:00,583.4250099999999
2016-11-27 13:00:00,645.35
2016-11-27 14:00:00,690.00001
2016-11-27 15:00:00,670.45
2016-11-27 16:00:00,757.82502
2016-11-27 17:00:00,721.8750150000001
2016-11-27 18:00:00,644.15001
2016-11-27 19:00:00,466.525
2016-11-27 20:00:00,305.45
2016-11-27 21:00:00,153.5750025
2016-11-27 22:00:00,49.35
2016-11-27 23:00:00,0.0
2016-11-28 00:00:00,0.0
2016-11-28 01:00:00,0.0
2016-11-28 02:00:00,0.0
2016-11-28 03:00:00,0.0
2016-11-28 04:00:00,0.0
2016-11-28 05:00:00,0.0
2016-11-28 06:00:00,0.0
2016-11-28 07:00:00,0.0
2016-11-28 08:00:00,0.0
2016-11-28 09:00:00,12.125
2016-11-28 10:00:00,200.72500875
2016-11-28 11:00:00,426.1
2016-11-28 12:00:00,636.60001
2016-11-28 13:00:00,813.125
2016-11-28 14:00:00,839.3000099999999
2016-11-28 15:00:00,797.95003
2016-11-28 16:00:00,557.225
2016-11-28 17:00:00,464.42499999999995
2016-11-28 18:00:00,444.925
2016-11-28 19:00:00,365.775
2016-11-28 20:00:00,298.02500499999996
2016-11-28 21:00:00,132.925
2016-11-28 22:00:00,29.800000075
2016-11-28 23:00:00,0.0
2016-11-29 00:00:00,0.0
2016-11-29 01:00:00,0.0
2016-11-29 02:00:00,0.0
2016-11-29 03:00:00,0.0
2016-11-29 04:00:00,0.0
2016-11-29 05:00:00,0.0
2016-11-29 06:00:00,0.0
2016-11-29 07:00:00,0.0
2016-11-29 08:00:00,0.0
2016-11-29 09:00:00,11.0250005
2016-11-29 10:00:00,130.47500250000002
2016-11-29 11:00:00,291.425005
2016-11-29 12:00:00,450.80001
2016-11-29 13:00:00,554.37501
2016-11-29 14:00:00,616.65002
2016-11-29 15:00:00,753.25001
2016-11-29 16:00:00,718.82501
2016-11-29 17:00:00,542.65001
2016-11-29 18:00:00,317.650005
2016-11-29 19:00:00,326.82501
2016-11-29 20:00:00,173.2500025
2016-11-29 21:00:00,124.60000124999999
2016-11-29 22:00:00,0.0
2016-11-29 23:00:00,0.0
2016-11-30 00:00:00,0.0
2016-11-30 01:00:00,0.0
2016-11-30 02:00:00,0.0
2016-11-30 03:00:00,0.0
2016-11-30 04:00:00,0.0
2016-11-30 05:00:00,0.0
2016-11-30 06:00:00,0.0
2016-11-30 07:00:00,0.0
2016-11-30 08:00:00,0.0
2016-11-30 09:00:00,10.5250005
2016-11-30 10:00:00,163.825
2016-11-30 11:00:00,374.05001000000004
2016-11-30 12:00:00,577.925025
2016-11-30 13:00:00,691.67501
2016-11-30 14:00:00,811.525
2016-11-30 15:00:00,951.82501
2016-11-30 16:00:00,850.12501
2016-11-30 17:00:00,714.4750200000001
2016-11-30 18:00:00,529.17501
2016-11-30 19:00:00,332.675005
2016-11-30 20:00:00,204.475
2016-11-30 21:00:00,36.850000075
2016-11-30 22:00:00,0.0
2016-11-30 23:00:00,0.0
2016-12-01 00:00:00,0.0
2016-12-01 01:00:00,0.0
2016-12-01 02:00:00,0.0
2016-12-01 03:00:00,0.0
2016-12-01 04:00:00,0.0
2016-12-01 05:00:00,0.0
2016-12-01 06:00:00,0.0
2016-12-01 07:00:00,0.0
2016-12-01 08:00:00,0.0
2016-12-01 09:00:00,5.3
2016-12-01 10:00:00,145.22500250000002
2016-12-01 11:00:00,352.975005
2016-12-01 12:00:00,582.675
2016-12-01 13:00:00,840.075
2016-12-01 14:00:00,1032.050025
2016-12-01 15:00:00,916.1
2016-12-01 16:00:00,852.65
2016-12-01 17:00:00,657.60002
2016-12-01 18:00:00,769.375005
2016-12-01 19:00:00,371.250005
2016-12-01 20:00:00,189.72500000000002
2016-12-01 21:00:00,50.825
2016-12-01 22:00:00,14.799999999999999
2016-12-01 23:00:00,0.0
2016-12-02 00:00:00,0.0
2016-12-02 01:00:00,0.0
2016-12-02 02:00:00,0.0
2016-12-02 03:00:00,0.0
2016-12-02 04:00:00,0.0
2016-12-02 05:00:00,0.0
2016-12-02 06:00:00,0.0
2016-12-02 07:00:00,0.0
2016-12-02 08:00:00,0.0
2016-12-02 09:00:00,10.1500005
2016-12-02 10:00:00,179.5500025
2016-12-02 11:00:00,436.300005
2016-12-02 12:00:00,675.20001
2016-12-02 13:00:00,866.70001
2016-12-02 14:00:00,922.725
2016-12-02 15:00:00,897.25001
2016-12-02 16:00:00,776.90002
2016-12-02 17:00:00,733.775
2016-12-02 18:00:00,814.5500099999999
2016-12-02 19:00:00,690.35002
2016-12-02 20:00:00,426.40000499999996
2016-12-02 21:00:00,180.575
2016-12-02 22:00:00,36.8750005
2016-12-02 23:00:00,0.0
2016-12-03 00:00:00,0.0
2016-12-03 01:00:00,0.0
2016-12-03 02:00:00,0.0
2016-12-03 03:00:00,0.0
2016-12-03 04:00:00,0.0
2016-12-03 05:00:00,0.0
2016-12-03 06:00:00,0.0
2016-12-03 07:00:00,0.0
2016-12-03 08:00:00,0.0
2016-12-03 09:00:00,10.825000000000001
2016-12-03 10:00:00,164.75
2016-12-03 11:00:00,359.625005
2016-12-03 12:00:00,606.80002
2016-12-03 13:00:00,702.25002
2016-12-03 14:00:00,881.8000000000001
2016-12-03 15:00:00,992.9
2016-12-03 16:00:00,782.9000100000001
2016-12-03 17:00:00,783.05
2016-12-03 18:00:00,788.3000099999999
2016-12-03 19:00:00,474.87501000000003
2016-12-03 20:00:00,377.400005
2016-12-03 21:00:00,234.15000500000002
2016-12-03 22:00:00,0.075
2016-12-03 23:00:00,0.0
2016-12-04 00:00:00,0.0
2016-12-04 01:00:00,0.0
2016-12-04 02:00:00,0.0
2016-12-04 03:00:00,0.0
2016-12-04 04:00:00,0.0
2016-12-04 05:00:00,0.0
2016-12-04 06:00:00,0.0
2016-12-04 07:00:00,0.0
2016-12-04 08:00:00,0.0
2016-12-04 09:00:00,10.975
2016-12-04 10:00:00,176.425
2016-12-04 11:00:00,431.475015
2016-12-04 12:00:00,671.175
2016-12-04 13:00:00,883.9
2016-12-04 14:00:00,1040.7250250000002
2016-12-04 15:00:00,1122.67505
2016-12-04 16:00:00,1034.500025
2016-12-04 17:00:00,863.75001
2016-12-04 18:00:00,755.80001
2016-12-04 19:00:00,611.725005
2016-12-04 20:00:00,365.475
2016-12-04 21:00:00,108.4250005
2016-12-04 22:00:00,10.425
2016-12-04 23:00:00,0.0
2016-12-05 00:00:00,0.0
2016-12-05 01:00:00,0.0
2016-12-05 02:00:00,0.0
2016-12-05 03:00:00,0.0
2016-12-05 04:00:00,0.0
2016-12-05 05:00:00,0.0
2016-12-05 06:00:00,0.0
2016-12-05 07:00:00,0.0
2016-12-05 08:00:00,0.0
2016-12-05 09:00:00,12.1
2016-12-05 10:00:00,188.200005
2016-12-05 11:00:00,450.52500000000003
2016-12-05 12:00:00,704.2
2016-12-05 13:00:00,920.225
2016-12-05 14:00:00,1078.550025
2016-12-05 15:00:00,1168.35
2016-12-05 16:00:00,1183.175075
2016-12-05 17:00:00,1120.525025
2016-12-05 18:00:00,942.475
2016-12-05 19:00:00,668.475
2016-12-05 20:00:00,556.25001
2016-12-05 21:00:00,317.32501
2016-12-05 22:00:00,85.64999999999999
2016-12-05 23:00:00,0.0
2016-12-06 00:00:00,0.0
2016-12-06 01:00:00,0.0
2016-12-06 02:00:00,0.0
2016-12-06 03:00:00,0.0
2016-12-06 04:00:00,0.0
2016-12-06 05:00:00,0.0
2016-12-06 06:00:00,0.0
2016-12-06 07:00:00,0.0
2016-12-06 08:00:00,0.0
2016-12-06 09:00:00,11.125
2016-12-06 10:00:00,178.85000250000002
2016-12-06 11:00:00,433.95000500000003
2016-12-06 12:00:00,584.97501
2016-12-06 13:00:00,582.87502
2016-12-06 14:00:00,717.90001
2016-12-06 15:00:00,614.975
2016-12-06 16:00:00,551.0000200000001
2016-12-06 17:00:00,528.90001
2016-12-06 18:00:00,560.6999999999999
2016-12-06 19:00:00,447.775005
2016-12-06 20:00:00,324.725
2016-12-06 21:00:00,137.9500025
2016-12-06 22:00:00,7.325000275000001
2016-12-06 23:00:00,0.0
2016-12-07 00:00:00,0.0
2016-12-07 01:00:00,0.0
2016-12-07 02:00:00,0.0
2016-12-07 03:00:00,0.0
2016-12-07 04:00:00,0.0
2016-12-07 05:00:00,0.0
2016-12-07 06:00:00,0.0
2016-12-07 07:00:00,0.0
2016-12-07 08:00:00,0.0
2016-12-07 09:00:00,12.799999999999999
2016-12-07 10:00:00,193.875
2016-12-07 11:00:00,454.57500500000003
2016-12-07 12:00:00,696.52503
2016-12-07 13:00:00,910.35
2016-12-07 14:00:00,1069.300025
2016-12-07 15:00:00,1161.25
2016-12-07 16:00:00,1183.875
2016-12-07 17:00:00,1125.125025
2016-12-07 18:00:00,933.8
2016-12-07 19:00:00,683.875
2016-12-07 20:00:00,357.275005
2016-12-07 21:00:00,115.125
2016-12-07 22:00:00,51.15
2016-12-07 23:00:00,0.0
2016-12-08 00:00:00,0.0
2016-12-08 01:00:00,0.0
2016-12-08 02:00:00,0.0
2016-12-08 03:00:00,0.0
2016-12-08 04:00:00,0.0
2016-12-08 05:00:00,0.0
2016-12-08 06:00:00,0.0
2016-12-08 07:00:00,0.0
2016-12-08 08:00:00,0.0
2016-12-08 09:00:00,12.075000000000001
2016-12-08 10:00:00,192.35000625
2016-12-08 11:00:00,456.225
2016-12-08 12:00:00,545.125
2016-12-08 13:00:00,602.35001
2016-12-08 14:00:00,633.00001
2016-12-08 15:00:00,581.82501
2016-12-08 16:00:00,536.875
2016-12-08 17:00:00,502.7
2016-12-08 18:00:00,642.35001
2016-12-08 19:00:00,658.80002
2016-12-08 20:00:00,452.47501
2016-12-08 21:00:00,299.425
2016-12-08 22:00:00,6.425
2016-12-08 23:00:00,0.0
2016-12-09 00:00:00,0.0
2016-12-09 01:00:00,0.0
2016-12-09 02:00:00,0.0
2016-12-09 03:00:00,0.0
2016-12-09 04:00:00,0.0
2016-12-09 05:00:00,0.0
2016-12-09 06:00:00,0.0
2016-12-09 07:00:00,0.0
2016-12-09 08:00:00,0.0
2016-12-09 09:00:00,12.424999999999999
2016-12-09 10:00:00,196.1250075
2016-12-09 11:00:00,461.425
2016-12-09 12:00:00,710.85001
2016-12-09 13:00:00,930.75001
2016-12-09 14:00:00,1096.00005
2016-12-09 15:00:00,1191.000025
2016-12-09 16:00:00,1212.27505
2016-12-09 17:00:00,1130.12505
2016-12-09 18:00:00,1029.90001
2016-12-09 19:00:00,843.05002
2016-12-09 20:00:00,611.20002
2016-12-09 21:00:00,351.125005
2016-12-09 22:00:00,108.52500275
2016-12-09 23:00:00,0.0
2016-12-10 00:00:00,0.0
2016-12-10 01:00:00,0.0
2016-12-10 02:00:00,0.0
2016-12-10 03:00:00,0.0
2016-12-10 04:00:00,0.0
2016-12-10 05:00:00,0.0
2016-12-10 06:00:00,0.0
2016-12-10 07:00:00,0.0
2016-12-10 08:00:00,0.0
2016-12-10 09:00:00,12.600000000000001
2016-12-10 10:00:00,200.95
2016-12-10 11:00:00,470.77501
2016-12-10 12:00:00,722.87502
2016-12-10 13:00:00,942.80003
2016-12-10 14:00:00,1107.87505
2016-12-10 15:00:00,1201.55
2016-12-10 16:00:00,1206.975025
2016-12-10 17:00:00,903.075
2016-12-10 18:00:00,739.725
2016-12-10 19:00:00,554.250005
2016-12-10 20:00:00,327.2
2016-12-10 21:00:00,107.35000125
2016-12-10 22:00:00,34.10000075
2016-12-10 23:00:00,0.0
2016-12-11 00:00:00,0.0
2016-12-11 01:00:00,0.0
2016-12-11 02:00:00,0.0
2016-12-11 03:00:00,0.0
2016-12-11 04:00:00,0.0
2016-12-11 05:00:00,0.0
2016-12-11 06:00:00,0.0
2016-12-11 07:00:00,0.0
2016-12-11 08:00:00,0.0
2016-12-11 09:00:00,11.925
2016-12-11 10:00:00,195.5750075
2016-12-11 11:00:00,460.850005
2016-12-11 12:00:00,709.80002
2016-12-11 13:00:00,924.825
2016-12-11 14:00:00,907.8500200000001
2016-12-11 15:00:00,908.07501
2016-12-11 16:00:00,893.72501
2016-12-11 17:00:00,777.65003
2016-12-11 18:00:00,733.2249999999999
2016-12-11 19:00:00,602.47501
2016-12-11 20:00:00,395.05
2016-12-11 21:00:00,202.0000025
2016-12-11 22:00:00,34.725
2016-12-11 23:00:00,0.0
2016-12-12 00:00:00,0.0
2016-12-12 01:00:00,0.0
2016-12-12 02:00:00,0.0
2016-12-12 03:00:00,0.0
2016-12-12 04:00:00,0.0
2016-12-12 05:00:00,0.0
2016-12-12 06:00:00,0.0
2016-12-12 07:00:00,0.0
2016-12-12 08:00:00,0.0
2016-12-12 09:00:00,11.2
2016-12-12 10:00:00,189.97500875
2016-12-12 11:00:00,451.15000499999996
2016-12-12 12:00:00,697.17501
2016-12-12 13:00:00,914.1000200000001
2016-12-12 14:00:00,1078.525025
2016-12-12 15:00:00,1177.4750250000002
2016-12-12 16:00:00,1205.92505
2016-12-12 17:00:00,1153.325
2016-12-12 18:00:00,1020.5250100000001
2016-12-12 19:00:00,833.75003
2016-12-12 20:00:00,602.650005
2016-12-12 21:00:00,342.225005
2016-12-12 22:00:00,101.50000125000001
2016-12-12 23:00:00,0.0
2016-12-13 00:00:00,0.0
2016-12-13 01:00:00,0.0
2016-12-13 02:00:00,0.0
2016-12-13 03:00:00,0.0
2016-12-13 04:00:00,0.0
2016-12-13 05:00:00,0.0
2016-12-13 06:00:00,0.0
2016-12-13 07:00:00,0.0
2016-12-13 08:00:00,0.0
2016-12-13 09:00:00,8.800000025
2016-12-13 10:00:00,168.600005
2016-12-13 11:00:00,420.37501
2016-12-13 12:00:00,670.625
2016-12-13 13:00:00,883.85001
2016-12-13 14:00:00,1043.30005
2016-12-13 15:00:00,885.0999999999999
2016-12-13 16:00:00,603.2250200000001
2016-12-13 17:00:00,655.75002
2016-12-13 18:00:00,550.600005
2016-12-13 19:00:00,525.15
2016-12-13 20:00:00,446.50001
2016-12-13 21:00:00,298.375
2016-12-13 22:00:00,61.25000175
2016-12-13 23:00:00,0.0
2016-12-14 00:00:00,0.0
2016-12-14 01:00:00,0.0
2016-12-14 02:00:00,0.0
2016-12-14 03:00:00,0.0
2016-12-14 04:00:00,0.0
2016-12-14 05:00:00,0.0
2016-12-14 06:00:00,0.0
2016-12-14 07:00:00,0.0
2016-12-14 08:00:00,0.0
2016-12-14 09:00:00,10.1500005
2016-12-14 10:00:00,158.825005
2016-12-14 11:00:00,320.375
2016-12-14 12:00:00,445.750005
2016-12-14 13:00:00,460.075
2016-12-14 14:00:00,626.8
2016-12-14 15:00:00,592.1750099999999
2016-12-14 16:00:00,630.97501
2016-12-14 17:00:00,607.5250100000001
2016-12-14 18:00:00,570.70001
2016-12-14 19:00:00,642.275
2016-12-14 20:00:00,341.7500025
2016-12-14 21:00:00,150.02500375
2016-12-14 22:00:00,8.05
2016-12-14 23:00:00,0.0
2016-12-15 00:00:00,0.0
2016-12-15 01:00:00,0.0
2016-12-15 02:00:00,0.0
2016-12-15 03:00:00,0.0
2016-12-15 04:00:00,0.0
2016-12-15 05:00:00,0.0
2016-12-15 06:00:00,0.0
2016-12-15 07:00:00,0.0
2016-12-15 08:00:00,0.0
2016-12-15 09:00:00,6.1
2016-12-15 10:00:00,150.8250025
2016-12-15 11:00:00,390.25001
2016-12-15 12:00:00,601.45002
2016-12-15 13:00:00,814.0250100000001
2016-12-15 14:00:00,919.50002
2016-12-15 15:00:00,1058.15
2016-12-15 16:00:00,979.2750100000001
2016-12-15 17:00:00,898.75002
2016-12-15 18:00:00,731.35
2016-12-15 19:00:00,624.20001
2016-12-15 20:00:00,295.975
2016-12-15 21:00:00,111.45000250000001
2016-12-15 22:00:00,22.325
2016-12-15 23:00:00,0.025
2016-12-16 00:00:00,0.0
2016-12-16 01:00:00,0.0
2016-12-16 02:00:00,0.0
2016-12-16 03:00:00,0.0
2016-12-16 04:00:00,0.0
2016-12-16 05:00:00,0.0
2016-12-16 06:00:00,0.0
2016-12-16 07:00:00,0.0
2016-12-16 08:00:00,0.0
2016-12-16 09:00:00,5.225
2016-12-16 10:00:00,156.075
2016-12-16 11:00:00,406.125005
2016-12-16 12:00:00,654.70001
2016-12-16 13:00:00,861.15002
2016-12-16 14:00:00,1031.90001
2016-12-16 15:00:00,1128.025025
2016-12-16 16:00:00,1153.550075
2016-12-16 17:00:00,1106.32505
2016-12-16 18:00:00,990.125
2016-12-16 19:00:00,812.12501
2016-12-16 20:00:00,525.05001
2016-12-16 21:00:00,71.725
2016-12-16 22:00:00,36.75
2016-12-16 23:00:00,0.0
2016-12-17 00:00:00,0.0
2016-12-17 01:00:00,0.0
2016-12-17 02:00:00,0.0
2016-12-17 03:00:00,0.0
2016-12-17 04:00:00,0.0
2016-12-17 05:00:00,0.0
2016-12-17 06:00:00,0.0
2016-12-17 07:00:00,0.0
2016-12-17 08:00:00,0.0
2016-12-17 09:00:00,7.75
2016-12-17 10:00:00,165.525
2016-12-17 11:00:00,417.250005
2016-12-17 12:00:00,661.75
2016-12-17 13:00:00,874.575
2016-12-17 14:00:00,1034.4000700000001
2016-12-17 15:00:00,1125.500025
2016-12-17 16:00:00,1149.275025
2016-12-17 17:00:00,1009.95
2016-12-17 18:00:00,836.3000099999999
2016-12-17 19:00:00,735.375005
2016-12-17 20:00:00,547.12502
2016-12-17 21:00:00,290.7250075
2016-12-17 22:00:00,93.97500124999999
2016-12-17 23:00:00,0.425
2016-12-18 00:00:00,0.0
2016-12-18 01:00:00,0.0
2016-12-18 02:00:00,0.0
2016-12-18 03:00:00,0.0
2016-12-18 04:00:00,0.0
2016-12-18 05:00:00,0.0
2016-12-18 06:00:00,0.0
2016-12-18 07:00:00,0.0
2016-12-18 08:00:00,0.0
2016-12-18 09:00:00,7.6
2016-12-18 10:00:00,166.2
2016-12-18 11:00:00,419.575
2016-12-18 12:00:00,651.8000099999999
2016-12-18 13:00:00,865.12501
2016-12-18 14:00:00,1027.5250350000001
2016-12-18 15:00:00,1126.875025
2016-12-18 16:00:00,1153.45
2016-12-18 17:00:00,923.050025
2016-12-18 18:00:00,678.42502
2016-12-18 19:00:00,641.87501
2016-12-18 20:00:00,540.7750100000001
2016-12-18 21:00:00,214.6750025
2016-12-18 22:00:00,41.5000005
2016-12-18 23:00:00,0.625
2016-12-19 00:00:00,0.0
2016-12-19 01:00:00,0.0
2016-12-19 02:00:00,0.0
2016-12-19 03:00:00,0.0
2016-12-19 04:00:00,0.0
2016-12-19 05:00:00,0.0
2016-12-19 06:00:00,0.0
2016-12-19 07:00:00,0.0
2016-12-19 08:00:00,0.0
2016-12-19 09:00:00,7.70000025
2016-12-19 10:00:00,114.40000125
2016-12-19 11:00:00,223.275
2016-12-19 12:00:00,326.000005
2016-12-19 13:00:00,431.15001
2016-12-19 14:00:00,550.32501
2016-12-19 15:00:00,606.3000099999999
2016-12-19 16:00:00,555.57501
2016-12-19 17:00:00,555.1500100000001
2016-12-19 18:00:00,552.95001
2016-12-19 19:00:00,525.0250100000001
2016-12-19 20:00:00,253.42499999999998
2016-12-19 21:00:00,129.70000375
2016-12-19 22:00:00,15.55000025
2016-12-19 23:00:00,0.875
2016-12-20 00:00:00,0.0
2016-12-20 01:00:00,0.0
2016-12-20 02:00:00,0.0
2016-12-20 03:00:00,0.0
2016-12-20 04:00:00,0.0
2016-12-20 05:00:00,0.0
2016-12-20 06:00:00,0.0
2016-12-20 07:00:00,0.0
2016-12-20 08:00:00,0.0
2016-12-20 09:00:00,7.0
2016-12-20 10:00:00,162.425
2016-12-20 11:00:00,416.100005
2016-12-20 12:00:00,654.8000099999999
2016-12-20 13:00:00,873.4750200000001
2016-12-20 14:00:00,1040.100035
2016-12-20 15:00:00,1146.95005
2016-12-20 16:00:00,1178.575025
2016-12-20 17:00:00,1121.9
2016-12-20 18:00:00,1011.125035
2016-12-20 19:00:00,770.925
2016-12-20 20:00:00,521.5749999999999
2016-12-20 21:00:00,308.15
2016-12-20 22:00:00,112.250005
2016-12-20 23:00:00,0.0
2016-12-21 00:00:00,0.0
2016-12-21 01:00:00,0.0
2016-12-21 02:00:00,0.0
2016-12-21 03:00:00,0.0
2016-12-21 04:00:00,0.0
2016-12-21 05:00:00,0.0
2016-12-21 06:00:00,0.0
2016-12-21 07:00:00,0.0
2016-12-21 08:00:00,0.0
2016-12-21 09:00:00,5.875
2016-12-21 10:00:00,149.0500025
2016-12-21 11:00:00,397.700005
2016-12-21 12:00:00,653.775
2016-12-21 13:00:00,870.75003
2016-12-21 14:00:00,1036.32501
2016-12-21 15:00:00,1142.6
2016-12-21 16:00:00,1173.675075
2016-12-21 17:00:00,1129.6250249999998
2016-12-21 18:00:00,1017.550025
2016-12-21 19:00:00,841.17502
2016-12-21 20:00:00,620.35001
2016-12-21 21:00:00,369.8
2016-12-21 22:00:00,122.95000125
2016-12-21 23:00:00,1.325
2016-12-22 00:00:00,0.0
2016-12-22 01:00:00,0.0
2016-12-22 02:00:00,0.0
2016-12-22 03:00:00,0.0
2016-12-22 04:00:00,0.0
2016-12-22 05:00:00,0.0
2016-12-22 06:00:00,0.0
2016-12-22 07:00:00,0.0
2016-12-22 08:00:00,0.0
2016-12-22 09:00:00,7.25
2016-12-22 10:00:00,172.20000124999999
2016-12-22 11:00:00,433.92499999999995
2016-12-22 12:00:00,692.25001
2016-12-22 13:00:00,911.075
2016-12-22 14:00:00,1075.250025
2016-12-22 15:00:00,1174.0
2016-12-22 16:00:00,1201.20005
2016-12-22 17:00:00,1143.600025
2016-12-22 18:00:00,1020.125025
2016-12-22 19:00:00,855.425
2016-12-22 20:00:00,598.475005
2016-12-22 21:00:00,146.85
2016-12-22 22:00:00,0.0
2016-12-22 23:00:00,1.725
2016-12-23 00:00:00,0.0
2016-12-23 01:00:00,0.0
2016-12-23 02:00:00,0.0
2016-12-23 03:00:00,0.0
2016-12-23 04:00:00,0.0
2016-12-23 05:00:00,0.0
2016-12-23 06:00:00,0.0
2016-12-23 07:00:00,0.0
2016-12-23 08:00:00,0.0
2016-12-23 09:00:00,5.75
2016-12-23 10:00:00,152.625
2016-12-23 11:00:00,401.9
2016-12-23 12:00:00,636.20001
2016-12-23 13:00:00,851.70001
2016-12-23 14:00:00,825.95
2016-12-23 15:00:00,755.15003
2016-12-23 16:00:00,770.87502
2016-12-23 17:00:00,748.62501
2016-12-23 18:00:00,613.72501
2016-12-23 19:00:00,436.47501
2016-12-23 20:00:00,275.10001
2016-12-23 21:00:00,198.625
2016-12-23 22:00:00,87.8750005
2016-12-23 23:00:00,0.0
2016-12-24 00:00:00,0.0
2016-12-24 01:00:00,0.0
2016-12-24 02:00:00,0.0
2016-12-24 03:00:00,0.0
2016-12-24 04:00:00,0.0
2016-12-24 05:00:00,0.0
2016-12-24 06:00:00,0.0
2016-12-24 07:00:00,0.0
2016-12-24 08:00:00,0.0
2016-12-24 09:00:00,5.175
2016-12-24 10:00:00,146.05000175
2016-12-24 11:00:00,393.425005
2016-12-24 12:00:00,607.62501
2016-12-24 13:00:00,825.175
2016-12-24 14:00:00,936.5250100000001
2016-12-24 15:00:00,1020.6500100000001
2016-12-24 16:00:00,993.55
2016-12-24 17:00:00,647.67502
2016-12-24 18:00:00,481.55
2016-12-24 19:00:00,485.9
2016-12-24 20:00:00,427.375
2016-12-24 21:00:00,261.5
2016-12-24 22:00:00,94.89999999999999
2016-12-24 23:00:00,0.0
2016-12-25 00:00:00,0.0
2016-12-25 01:00:00,0.0
2016-12-25 02:00:00,0.0
2016-12-25 03:00:00,0.0
2016-12-25 04:00:00,0.0
2016-12-25 05:00:00,0.0
2016-12-25 06:00:00,0.0
2016-12-25 07:00:00,0.0
2016-12-25 08:00:00,0.0
2016-12-25 09:00:00,2.575
2016-12-25 10:00:00,143.300003
2016-12-25 11:00:00,395.375
2016-12-25 12:00:00,645.8
2016-12-25 13:00:00,865.02503
2016-12-25 14:00:00,1030.85006
2016-12-25 15:00:00,1113.275025
2016-12-25 16:00:00,956.97501
2016-12-25 17:00:00,754.77501
2016-12-25 18:00:00,778.20002
2016-12-25 19:00:00,643.6500100000001
2016-12-25 20:00:00,444.80000500000006
2016-12-25 21:00:00,199.7
2016-12-25 22:00:00,92.375
2016-12-25 23:00:00,0.675
2016-12-26 00:00:00,0.0
2016-12-26 01:00:00,0.0
2016-12-26 02:00:00,0.0
2016-12-26 03:00:00,0.0
2016-12-26 04:00:00,0.0
2016-12-26 05:00:00,0.0
2016-12-26 06:00:00,0.0
2016-12-26 07:00:00,0.0
2016-12-26 08:00:00,0.0
2016-12-26 09:00:00,4.225
2016-12-26 10:00:00,137.8750025
2016-12-26 11:00:00,385.550005
2016-12-26 12:00:00,636.45001
2016-12-26 13:00:00,855.60002
2016-12-26 14:00:00,1014.025
2016-12-26 15:00:00,1031.35005
2016-12-26 16:00:00,703.87501
2016-12-26 17:00:00,774.4000100000001
2016-12-26 18:00:00,399.800005
2016-12-26 19:00:00,322.125
2016-12-26 20:00:00,236.175005
2016-12-26 21:00:00,41.025
2016-12-26 22:00:00,0.0
2016-12-26 23:00:00,0.0
2016-12-27 00:00:00,0.0
2016-12-27 01:00:00,0.0
2016-12-27 02:00:00,0.0
2016-12-27 03:00:00,0.0
2016-12-27 04:00:00,0.0
2016-12-27 05:00:00,0.0
2016-12-27 06:00:00,0.0
2016-12-27 07:00:00,0.0
2016-12-27 08:00:00,0.0
2016-12-27 09:00:00,1.6
2016-12-27 10:00:00,130.30000375
2016-12-27 11:00:00,288.125005
2016-12-27 12:00:00,441.8
2016-12-27 13:00:00,560.50001
2016-12-27 14:00:00,656.8000099999999
2016-12-27 15:00:00,627.575
2016-12-27 16:00:00,536.175
2016-12-27 17:00:00,491.6
2016-12-27 18:00:00,480.750015
2016-12-27 19:00:00,494.425
2016-12-27 20:00:00,330.475
2016-12-27 21:00:00,201.150005
2016-12-27 22:00:00,36.90000025
2016-12-27 23:00:00,1.35
2016-12-28 00:00:00,0.0
2016-12-28 01:00:00,0.0
2016-12-28 02:00:00,0.0
2016-12-28 03:00:00,0.0
2016-12-28 04:00:00,0.0
2016-12-28 05:00:00,0.0
2016-12-28 06:00:00,0.0
2016-12-28 07:00:00,0.0
2016-12-28 08:00:00,0.0
2016-12-28 09:00:00,3.9
2016-12-28 10:00:00,126.7
2016-12-28 11:00:00,284.15
2016-12-28 12:00:00,405.650005
2016-12-28 13:00:00,487.525
2016-12-28 14:00:00,571.5
2016-12-28 15:00:00,654.275
2016-12-28 16:00:00,754.15001
2016-12-28 17:00:00,814.125
2016-12-28 18:00:00,715.37501
2016-12-28 19:00:00,494.85
2016-12-28 20:00:00,154.9250025
2016-12-28 21:00:00,154.87500125
2016-12-28 22:00:00,56.62500300000001
2016-12-28 23:00:00,2.25
2016-12-29 00:00:00,0.0
2016-12-29 01:00:00,0.0
2016-12-29 02:00:00,0.0
2016-12-29 03:00:00,0.0
2016-12-29 04:00:00,0.0
2016-12-29 05:00:00,0.0
2016-12-29 06:00:00,0.0
2016-12-29 07:00:00,0.0
2016-12-29 08:00:00,0.0
2016-12-29 09:00:00,3.375
2016-12-29 10:00:00,132.6
2016-12-29 11:00:00,378.675005
2016-12-29 12:00:00,570.35
2016-12-29 13:00:00,776.20002
2016-12-29 14:00:00,873.72501
2016-12-29 15:00:00,940.575
2016-12-29 16:00:00,862.17502
2016-12-29 17:00:00,650.175
2016-12-29 18:00:00,543.4
2016-12-29 19:00:00,456.600005
2016-12-29 20:00:00,356.2
2016-12-29 21:00:00,153.0000025
2016-12-29 22:00:00,3.075
2016-12-29 23:00:00,0.0
2016-12-30 00:00:00,0.0
2016-12-30 01:00:00,0.0
2016-12-30 02:00:00,0.0
2016-12-30 03:00:00,0.0
2016-12-30 04:00:00,0.0
2016-12-30 05:00:00,0.0
2016-12-30 06:00:00,0.0
2016-12-30 07:00:00,0.0
2016-12-30 08:00:00,0.0
2016-12-30 09:00:00,2.45
2016-12-30 10:00:00,110.025
2016-12-30 11:00:00,349.1000025
2016-12-30 12:00:00,606.025
2016-12-30 13:00:00,791.5
2016-12-30 14:00:00,868.5
2016-12-30 15:00:00,908.62502
2016-12-30 16:00:00,863.6750099999999
2016-12-30 17:00:00,799.75001
2016-12-30 18:00:00,790.60001
2016-12-30 19:00:00,619.675
2016-12-30 20:00:00,358.450015
2016-12-30 21:00:00,231.1
2016-12-30 22:00:00,27.700000075
2016-12-30 23:00:00,0.0
2016-12-31 00:00:00,0.0
2016-12-31 01:00:00,0.0
2016-12-31 02:00:00,0.0
2016-12-31 03:00:00,0.0
2016-12-31 04:00:00,0.0
2016-12-31 05:00:00,0.0
2016-12-31 06:00:00,0.0
2016-12-31 07:00:00,0.0
2016-12-31 08:00:00,0.0
2016-12-31 09:00:00,1.975
2016-12-31 10:00:00,129.57500249999998
2016-12-31 11:00:00,376.025
2016-12-31 12:00:00,619.82501
2016-12-31 13:00:00,841.675
2016-12-31 14:00:00,1012.725
2016-12-31 15:00:00,1124.25
2016-12-31 16:00:00,1159.75
2016-12-31 17:00:00,1121.35005
2016-12-31 18:00:00,921.70001
2016-12-31 19:00:00,647.75
2016-12-31 20:00:00,403.500005
2016-12-31 21:00:00,319.725005
2016-12-31 22:00:00,29.725
2016-12-31 23:00:00,2.72500025
2017-01-01 00:00:00,0.0
2017-01-01 01:00:00,0.0
2017-01-01 02:00:00,0.0
2017-01-01 03:00:00,0.0
2017-01-01 04:00:00,0.0
2017-01-01 05:00:00,0.0
2017-01-01 06:00:00,0.0
2017-01-01 07:00:00,0.0
2017-01-01 08:00:00,0.0
2017-01-01 09:00:00,2.65
2017-01-01 10:00:00,127.4750025
2017-01-01 11:00:00,375.650005
2017-01-01 12:00:00,649.75001
2017-01-01 13:00:00,872.325
2017-01-01 14:00:00,1042.975
2017-01-01 15:00:00,1009.625
2017-01-01 16:00:00,1110.6999999999998
2017-01-01 17:00:00,965.6750099999999
2017-01-01 18:00:00,872.57501
2017-01-01 19:00:00,697.625
2017-01-01 20:00:00,609.225
2017-01-01 21:00:00,254.525005
2017-01-01 22:00:00,13.05
2017-01-01 23:00:00,0.0
2017-01-02 00:00:00,0.0
2017-01-02 01:00:00,0.0
2017-01-02 02:00:00,0.0
2017-01-02 03:00:00,0.0
2017-01-02 04:00:00,0.0
2017-01-02 05:00:00,0.0
2017-01-02 06:00:00,0.0
2017-01-02 07:00:00,0.0
2017-01-02 08:00:00,0.0
2017-01-02 09:00:00,1.075
2017-01-02 10:00:00,102.57500250000001
2017-01-02 11:00:00,313.6000075
2017-01-02 12:00:00,534.275005
2017-01-02 13:00:00,770.775
2017-01-02 14:00:00,888.55
2017-01-02 15:00:00,995.9000100000001
2017-01-02 16:00:00,974.25
2017-01-02 17:00:00,962.925
2017-01-02 18:00:00,954.25
2017-01-02 19:00:00,792.50001
2017-01-02 20:00:00,568.850025
2017-01-02 21:00:00,303.3250025
2017-01-02 22:00:00,95.92500125000001
2017-01-02 23:00:00,2.10000025
2017-01-03 00:00:00,0.0
2017-01-03 01:00:00,0.0
2017-01-03 02:00:00,0.0
2017-01-03 03:00:00,0.0
2017-01-03 04:00:00,0.0
2017-01-03 05:00:00,0.0
2017-01-03 06:00:00,0.0
2017-01-03 07:00:00,0.0
2017-01-03 08:00:00,0.0
2017-01-03 09:00:00,1.475
2017-01-03 10:00:00,96.525
2017-01-03 11:00:00,316.475
2017-01-03 12:00:00,552.125005
2017-01-03 13:00:00,773.50001
2017-01-03 14:00:00,946.075
2017-01-03 15:00:00,1060.6999999999998
2017-01-03 16:00:00,1096.625
2017-01-03 17:00:00,1058.25
2017-01-03 18:00:00,947.95001
2017-01-03 19:00:00,777.30002
2017-01-03 20:00:00,559.375005
2017-01-03 21:00:00,258.525005
2017-01-03 22:00:00,11.2
2017-01-03 23:00:00,0.0
2017-01-04 00:00:00,0.0
2017-01-04 01:00:00,0.0
2017-01-04 02:00:00,0.0
2017-01-04 03:00:00,0.0
2017-01-04 04:00:00,0.0
2017-01-04 05:00:00,0.0
2017-01-04 06:00:00,0.0
2017-01-04 07:00:00,0.0
2017-01-04 08:00:00,0.0
2017-01-04 09:00:00,1.2
2017-01-04 10:00:00,90.025
2017-01-04 11:00:00,302.90000499999996
2017-01-04 12:00:00,588.0250100000001
2017-01-04 13:00:00,809.125
2017-01-04 14:00:00,869.00002
2017-01-04 15:00:00,1044.07505
2017-01-04 16:00:00,430.02500499999996
2017-01-04 17:00:00,390.40000499999996
2017-01-04 18:00:00,440.975005
2017-01-04 19:00:00,374.175005
2017-01-04 20:00:00,257.225
2017-01-04 21:00:00,121.95000425
2017-01-04 22:00:00,0.0
2017-01-04 23:00:00,0.0
2017-01-05 00:00:00,0.0
2017-01-05 01:00:00,0.0
2017-01-05 02:00:00,0.0
2017-01-05 03:00:00,0.0
2017-01-05 04:00:00,0.0
2017-01-05 05:00:00,0.0
2017-01-05 06:00:00,0.0
2017-01-05 07:00:00,0.0
2017-01-05 08:00:00,0.0
2017-01-05 09:00:00,0.0
2017-01-05 10:00:00,97.825
2017-01-05 11:00:00,293.025
2017-01-05 12:00:00,544.85001
2017-01-05 13:00:00,768.8000099999999
2017-01-05 14:00:00,840.6500100000001
2017-01-05 15:00:00,646.3
2017-01-05 16:00:00,572.45001
2017-01-05 17:00:00,246.1750025
2017-01-05 18:00:00,263.000005
2017-01-05 19:00:00,249.97500250000002
2017-01-05 20:00:00,195.2250025
2017-01-05 21:00:00,123.9250025
2017-01-05 22:00:00,12.525000250000002
2017-01-05 23:00:00,2.22500025
2017-01-06 00:00:00,0.0
2017-01-06 01:00:00,0.0
2017-01-06 02:00:00,0.0
2017-01-06 03:00:00,0.0
2017-01-06 04:00:00,0.0
2017-01-06 05:00:00,0.0
2017-01-06 06:00:00,0.0
2017-01-06 07:00:00,0.0
2017-01-06 08:00:00,0.0
2017-01-06 09:00:00,0.0
2017-01-06 10:00:00,101.17500050000001
2017-01-06 11:00:00,291.375005
2017-01-06 12:00:00,443.67501
2017-01-06 13:00:00,540.725
2017-01-06 14:00:00,700.5
2017-01-06 15:00:00,761.92502
2017-01-06 16:00:00,691.02501
2017-01-06 17:00:00,600.625
2017-01-06 18:00:00,755.87501
2017-01-06 19:00:00,435.175005
2017-01-06 20:00:00,255.375
2017-01-06 21:00:00,149.125
2017-01-06 22:00:00,4.9
2017-01-06 23:00:00,0.0
2017-01-07 00:00:00,0.0
2017-01-07 01:00:00,0.0
2017-01-07 02:00:00,0.0
2017-01-07 03:00:00,0.0
2017-01-07 04:00:00,0.0
2017-01-07 05:00:00,0.0
2017-01-07 06:00:00,0.0
2017-01-07 07:00:00,0.0
2017-01-07 08:00:00,0.0
2017-01-07 09:00:00,0.0
2017-01-07 10:00:00,112.55000025000001
2017-01-07 11:00:00,359.625005
2017-01-07 12:00:00,561.00001
2017-01-07 13:00:00,709.60001
2017-01-07 14:00:00,857.825
2017-01-07 15:00:00,911.2
2017-01-07 16:00:00,953.17501
2017-01-07 17:00:00,809.6750099999999
2017-01-07 18:00:00,804.175
2017-01-07 19:00:00,600.8
2017-01-07 20:00:00,379.05001
2017-01-07 21:00:00,236.4750075
2017-01-07 22:00:00,74.2
2017-01-07 23:00:00,2.875
2017-01-08 00:00:00,0.0
2017-01-08 01:00:00,0.0
2017-01-08 02:00:00,0.0
2017-01-08 03:00:00,0.0
2017-01-08 04:00:00,0.0
2017-01-08 05:00:00,0.0
2017-01-08 06:00:00,0.0
2017-01-08 07:00:00,0.0
2017-01-08 08:00:00,0.0
2017-01-08 09:00:00,0.625
2017-01-08 10:00:00,109.4000025
2017-01-08 11:00:00,349.8
2017-01-08 12:00:00,591.87501
2017-01-08 13:00:00,814.35001
2017-01-08 14:00:00,986.1999999999999
2017-01-08 15:00:00,1090.2
2017-01-08 16:00:00,1072.05005
2017-01-08 17:00:00,902.225
2017-01-08 18:00:00,700.50001
2017-01-08 19:00:00,508.275005
2017-01-08 20:00:00,463.82500500000003
2017-01-08 21:00:00,171.2500025
2017-01-08 22:00:00,0.0
2017-01-08 23:00:00,0.0
2017-01-09 00:00:00,0.0
2017-01-09 01:00:00,0.0
2017-01-09 02:00:00,0.0
2017-01-09 03:00:00,0.0
2017-01-09 04:00:00,0.0
2017-01-09 05:00:00,0.0
2017-01-09 06:00:00,0.0
2017-01-09 07:00:00,0.0
2017-01-09 08:00:00,0.0
2017-01-09 09:00:00,0.0
2017-01-09 10:00:00,108.1500005
2017-01-09 11:00:00,348.725015
2017-01-09 12:00:00,575.55
2017-01-09 13:00:00,799.3
2017-01-09 14:00:00,973.35
2017-01-09 15:00:00,1085.8249999999998
2017-01-09 16:00:00,1126.275025
2017-01-09 17:00:00,949.07502
2017-01-09 18:00:00,769.875
2017-01-09 19:00:00,516.325005
2017-01-09 20:00:00,249.475
2017-01-09 21:00:00,36.95
2017-01-09 22:00:00,0.0
2017-01-09 23:00:00,0.0
2017-01-10 00:00:00,0.0
2017-01-10 01:00:00,0.0
2017-01-10 02:00:00,0.0
2017-01-10 03:00:00,0.0
2017-01-10 04:00:00,0.0
2017-01-10 05:00:00,0.0
2017-01-10 06:00:00,0.0
2017-01-10 07:00:00,0.0
2017-01-10 08:00:00,0.0
2017-01-10 09:00:00,0.0
2017-01-10 10:00:00,61.300000000000004
2017-01-10 11:00:00,177.27500500000002
2017-01-10 12:00:00,276.90000499999996
2017-01-10 13:00:00,339.9
2017-01-10 14:00:00,329.27500499999996
2017-01-10 15:00:00,307.225
2017-01-10 16:00:00,356.125005
2017-01-10 17:00:00,400.550005
2017-01-10 18:00:00,499.150005
2017-01-10 19:00:00,501.95001
2017-01-10 20:00:00,312.5750025
2017-01-10 21:00:00,108.725
2017-01-10 22:00:00,0.0
2017-01-10 23:00:00,0.0
2017-01-11 00:00:00,0.0
2017-01-11 01:00:00,0.0
2017-01-11 02:00:00,0.0
2017-01-11 03:00:00,0.0
2017-01-11 04:00:00,0.0
2017-01-11 05:00:00,0.0
2017-01-11 06:00:00,0.0
2017-01-11 07:00:00,0.0
2017-01-11 08:00:00,0.0
2017-01-11 09:00:00,0.0
2017-01-11 10:00:00,109.35
2017-01-11 11:00:00,356.775
2017-01-11 12:00:00,566.900005
2017-01-11 13:00:00,733.65
2017-01-11 14:00:00,854.62502
2017-01-11 15:00:00,919.95002
2017-01-11 16:00:00,1011.825
2017-01-11 17:00:00,980.32501
2017-01-11 18:00:00,986.1750099999999
2017-01-11 19:00:00,816.975
2017-01-11 20:00:00,622.3
2017-01-11 21:00:00,363.95
2017-01-11 22:00:00,126.80000125000001
2017-01-11 23:00:00,3.45
2017-01-12 00:00:00,0.0
2017-01-12 01:00:00,0.0
2017-01-12 02:00:00,0.0
2017-01-12 03:00:00,0.0
2017-01-12 04:00:00,0.0
2017-01-12 05:00:00,0.0
2017-01-12 06:00:00,0.0
2017-01-12 07:00:00,0.0
2017-01-12 08:00:00,0.0
2017-01-12 09:00:00,0.0
2017-01-12 10:00:00,101.45000125
2017-01-12 11:00:00,342.725005
2017-01-12 12:00:00,583.9
2017-01-12 13:00:00,808.67501
2017-01-12 14:00:00,984.250035
2017-01-12 15:00:00,1092.475025
2017-01-12 16:00:00,1118.750025
2017-01-12 17:00:00,995.1000200000001
2017-01-12 18:00:00,870.5
2017-01-12 19:00:00,687.35
2017-01-12 20:00:00,500.62501
2017-01-12 21:00:00,264.25
2017-01-12 22:00:00,99.25000125
2017-01-12 23:00:00,3.3
2017-01-13 00:00:00,0.0
2017-01-13 01:00:00,0.0
2017-01-13 02:00:00,0.0
2017-01-13 03:00:00,0.0
2017-01-13 04:00:00,0.0
2017-01-13 05:00:00,0.0
2017-01-13 06:00:00,0.0
2017-01-13 07:00:00,0.0
2017-01-13 08:00:00,0.0
2017-01-13 09:00:00,0.0
2017-01-13 10:00:00,99.7
2017-01-13 11:00:00,342.67501000000004
2017-01-13 12:00:00,608.45001
2017-01-13 13:00:00,836.0
2017-01-13 14:00:00,1012.8
2017-01-13 15:00:00,1052.925
2017-01-13 16:00:00,994.50001
2017-01-13 17:00:00,995.025
2017-01-13 18:00:00,911.9250099999999
2017-01-13 19:00:00,821.92501
2017-01-13 20:00:00,619.3
2017-01-13 21:00:00,176.4750005
2017-01-13 22:00:00,0.0
2017-01-13 23:00:00,0.0
2017-01-14 00:00:00,0.0
2017-01-14 01:00:00,0.0
2017-01-14 02:00:00,0.0
2017-01-14 03:00:00,0.0
2017-01-14 04:00:00,0.0
2017-01-14 05:00:00,0.0
2017-01-14 06:00:00,0.0
2017-01-14 07:00:00,0.0
2017-01-14 08:00:00,0.0
2017-01-14 09:00:00,0.0
2017-01-14 10:00:00,100.075
2017-01-14 11:00:00,338.250005
2017-01-14 12:00:00,581.00002
2017-01-14 13:00:00,806.87501
2017-01-14 14:00:00,894.775
2017-01-14 15:00:00,879.20001
2017-01-14 16:00:00,834.90001
2017-01-14 17:00:00,430.225
2017-01-14 18:00:00,273.250005
2017-01-14 19:00:00,289.65
2017-01-14 20:00:00,212.5
2017-01-14 21:00:00,50.25
2017-01-14 22:00:00,0.0
2017-01-14 23:00:00,0.125
2017-01-15 00:00:00,0.0
2017-01-15 01:00:00,0.0
2017-01-15 02:00:00,0.0
2017-01-15 03:00:00,0.0
2017-01-15 04:00:00,0.0
2017-01-15 05:00:00,0.0
2017-01-15 06:00:00,0.0
2017-01-15 07:00:00,0.0
2017-01-15 08:00:00,0.0
2017-01-15 09:00:00,0.0
2017-01-15 10:00:00,93.0
2017-01-15 11:00:00,329.45
2017-01-15 12:00:00,566.75001
2017-01-15 13:00:00,792.00001
2017-01-15 14:00:00,968.75001
2017-01-15 15:00:00,1079.475025
2017-01-15 16:00:00,1100.025025
2017-01-15 17:00:00,952.55
2017-01-15 18:00:00,853.82502
2017-01-15 19:00:00,718.07501
2017-01-15 20:00:00,211.1250025
2017-01-15 21:00:00,53.1250005
2017-01-15 22:00:00,0.0
2017-01-15 23:00:00,0.0
2017-01-16 00:00:00,0.0
2017-01-16 01:00:00,0.0
2017-01-16 02:00:00,0.0
2017-01-16 03:00:00,0.0
2017-01-16 04:00:00,0.0
2017-01-16 05:00:00,0.0
2017-01-16 06:00:00,0.0
2017-01-16 07:00:00,0.0
2017-01-16 08:00:00,0.0
2017-01-16 09:00:00,0.0
2017-01-16 10:00:00,97.9
2017-01-16 11:00:00,336.27500499999996
2017-01-16 12:00:00,588.92501
2017-01-16 13:00:00,773.32501
2017-01-16 14:00:00,952.47501
2017-01-16 15:00:00,933.0250100000001
2017-01-16 16:00:00,1031.30001
2017-01-16 17:00:00,892.30002
2017-01-16 18:00:00,746.95001
2017-01-16 19:00:00,579.475
2017-01-16 20:00:00,626.525
2017-01-16 21:00:00,322.825
2017-01-16 22:00:00,141.65000375
2017-01-16 23:00:00,4.55
2017-01-17 00:00:00,0.0
2017-01-17 01:00:00,0.0
2017-01-17 02:00:00,0.0
2017-01-17 03:00:00,0.0
2017-01-17 04:00:00,0.0
2017-01-17 05:00:00,0.0
2017-01-17 06:00:00,0.0
2017-01-17 07:00:00,0.0
2017-01-17 08:00:00,0.0
2017-01-17 09:00:00,0.0
2017-01-17 10:00:00,86.300004
2017-01-17 11:00:00,339.750005
2017-01-17 12:00:00,585.925
2017-01-17 13:00:00,783.25001
2017-01-17 14:00:00,776.1999999999999
2017-01-17 15:00:00,750.12503
2017-01-17 16:00:00,746.65
2017-01-17 17:00:00,776.15
2017-01-17 18:00:00,930.775
2017-01-17 19:00:00,699.10001
2017-01-17 20:00:00,535.17502
2017-01-17 21:00:00,294.67501
2017-01-17 22:00:00,77.85
2017-01-17 23:00:00,3.8
2017-01-18 00:00:00,0.0
2017-01-18 01:00:00,0.0
2017-01-18 02:00:00,0.0
2017-01-18 03:00:00,0.0
2017-01-18 04:00:00,0.0
2017-01-18 05:00:00,0.0
2017-01-18 06:00:00,0.0
2017-01-18 07:00:00,0.0
2017-01-18 08:00:00,0.0
2017-01-18 09:00:00,0.0
2017-01-18 10:00:00,88.55
2017-01-18 11:00:00,324.525
2017-01-18 12:00:00,549.425
2017-01-18 13:00:00,652.42501
2017-01-18 14:00:00,699.57502
2017-01-18 15:00:00,680.00001
2017-01-18 16:00:00,724.75002
2017-01-18 17:00:00,693.425
2017-01-18 18:00:00,695.12501
2017-01-18 19:00:00,755.175
2017-01-18 20:00:00,574.70001
2017-01-18 21:00:00,260.8250025
2017-01-18 22:00:00,49.625
2017-01-18 23:00:00,0.0
2017-01-19 00:00:00,0.0
2017-01-19 01:00:00,0.0
2017-01-19 02:00:00,0.0
2017-01-19 03:00:00,0.0
2017-01-19 04:00:00,0.0
2017-01-19 05:00:00,0.0
2017-01-19 06:00:00,0.0
2017-01-19 07:00:00,0.0
2017-01-19 08:00:00,0.0
2017-01-19 09:00:00,0.0
2017-01-19 10:00:00,89.375
2017-01-19 11:00:00,329.475
2017-01-19 12:00:00,572.7750100000001
2017-01-19 13:00:00,742.9
2017-01-19 14:00:00,916.82502
2017-01-19 15:00:00,1038.750025
2017-01-19 16:00:00,1022.750045
2017-01-19 17:00:00,984.37501
2017-01-19 18:00:00,878.6750099999999
2017-01-19 19:00:00,775.45001
2017-01-19 20:00:00,594.675
2017-01-19 21:00:00,363.1
2017-01-19 22:00:00,132.75
2017-01-19 23:00:00,0.0
2017-01-20 00:00:00,0.0
2017-01-20 01:00:00,0.0
2017-01-20 02:00:00,0.0
2017-01-20 03:00:00,0.0
2017-01-20 04:00:00,0.0
2017-01-20 05:00:00,0.0
2017-01-20 06:00:00,0.0
2017-01-20 07:00:00,0.0
2017-01-20 08:00:00,0.0
2017-01-20 09:00:00,0.0
2017-01-20 10:00:00,87.225
2017-01-20 11:00:00,330.825
2017-01-20 12:00:00,604.85001
2017-01-20 13:00:00,834.90003
2017-01-20 14:00:00,1015.50001
2017-01-20 15:00:00,1131.9
2017-01-20 16:00:00,1175.925
2017-01-20 17:00:00,1145.40005
2017-01-20 18:00:00,1042.250025
2017-01-20 19:00:00,875.85
2017-01-20 20:00:00,658.30002
2017-01-20 21:00:00,309.32500500000003
2017-01-20 22:00:00,1.15
2017-01-20 23:00:00,0.0
2017-01-21 00:00:00,0.0
2017-01-21 01:00:00,0.0
2017-01-21 02:00:00,0.0
2017-01-21 03:00:00,0.0
2017-01-21 04:00:00,0.0
2017-01-21 05:00:00,0.0
2017-01-21 06:00:00,0.0
2017-01-21 07:00:00,0.0
2017-01-21 08:00:00,0.0
2017-01-21 09:00:00,0.0
2017-01-21 10:00:00,88.8750025
2017-01-21 11:00:00,333.0
2017-01-21 12:00:00,593.575015
2017-01-21 13:00:00,822.875
2017-01-21 14:00:00,1003.675035
2017-01-21 15:00:00,1072.075
2017-01-21 16:00:00,1140.350025
2017-01-21 17:00:00,1116.450025
2017-01-21 18:00:00,953.450025
2017-01-21 19:00:00,810.45001
2017-01-21 20:00:00,592.0
2017-01-21 21:00:00,358.75
2017-01-21 22:00:00,148.425
2017-01-21 23:00:00,4.57500025
2017-01-22 00:00:00,0.0
2017-01-22 01:00:00,0.0
2017-01-22 02:00:00,0.0
2017-01-22 03:00:00,0.0
2017-01-22 04:00:00,0.0
2017-01-22 05:00:00,0.0
2017-01-22 06:00:00,0.0
2017-01-22 07:00:00,0.0
2017-01-22 08:00:00,0.0
2017-01-22 09:00:00,0.0
2017-01-22 10:00:00,92.05
2017-01-22 11:00:00,340.5500075
2017-01-22 12:00:00,584.5
2017-01-22 13:00:00,803.20001
2017-01-22 14:00:00,843.45001
2017-01-22 15:00:00,970.52502
2017-01-22 16:00:00,918.05001
2017-01-22 17:00:00,782.95001
2017-01-22 18:00:00,727.6
2017-01-22 19:00:00,586.3000099999999
2017-01-22 20:00:00,413.425
2017-01-22 21:00:00,70.825
2017-01-22 22:00:00,14.575
2017-01-22 23:00:00,0.25
2017-01-23 00:00:00,0.0
2017-01-23 01:00:00,0.0
2017-01-23 02:00:00,0.0
2017-01-23 03:00:00,0.0
2017-01-23 04:00:00,0.0
2017-01-23 05:00:00,0.0
2017-01-23 06:00:00,0.0
2017-01-23 07:00:00,0.0
2017-01-23 08:00:00,0.0
2017-01-23 09:00:00,0.0
2017-01-23 10:00:00,78.97500124999999
2017-01-23 11:00:00,240.950005
2017-01-23 12:00:00,429.35
2017-01-23 13:00:00,561.22501
2017-01-23 14:00:00,724.25001
2017-01-23 15:00:00,725.575
2017-01-23 16:00:00,649.47501
2017-01-23 17:00:00,568.7
2017-01-23 18:00:00,436.725
2017-01-23 19:00:00,380.97501
2017-01-23 20:00:00,281.5
2017-01-23 21:00:00,42.4000025
2017-01-23 22:00:00,8.65
2017-01-23 23:00:00,0.0
2017-01-24 00:00:00,0.0
2017-01-24 01:00:00,0.0
2017-01-24 02:00:00,0.0
2017-01-24 03:00:00,0.0
2017-01-24 04:00:00,0.0
2017-01-24 05:00:00,0.0
2017-01-24 06:00:00,0.0
2017-01-24 07:00:00,0.0
2017-01-24 08:00:00,0.0
2017-01-24 09:00:00,0.0
2017-01-24 10:00:00,86.875
2017-01-24 11:00:00,332.85
2017-01-24 12:00:00,567.575
2017-01-24 13:00:00,754.925
2017-01-24 14:00:00,923.62501
2017-01-24 15:00:00,915.325
2017-01-24 16:00:00,739.05002
2017-01-24 17:00:00,541.5250100000001
2017-01-24 18:00:00,821.1750099999999
2017-01-24 19:00:00,603.425
2017-01-24 20:00:00,381.075
2017-01-24 21:00:00,241.85
2017-01-24 22:00:00,7.00000025
2017-01-24 23:00:00,2.125
2017-01-25 00:00:00,0.0
2017-01-25 01:00:00,0.0
2017-01-25 02:00:00,0.0
2017-01-25 03:00:00,0.0
2017-01-25 04:00:00,0.0
2017-01-25 05:00:00,0.0
2017-01-25 06:00:00,0.0
2017-01-25 07:00:00,0.0
2017-01-25 08:00:00,0.0
2017-01-25 09:00:00,0.0
2017-01-25 10:00:00,77.80000050000001
2017-01-25 11:00:00,320.325
2017-01-25 12:00:00,570.35
2017-01-25 13:00:00,676.72501
2017-01-25 14:00:00,728.7
2017-01-25 15:00:00,872.625
2017-01-25 16:00:00,867.70002
2017-01-25 17:00:00,809.625
2017-01-25 18:00:00,755.12502
2017-01-25 19:00:00,614.00002
2017-01-25 20:00:00,455.30001000000004
2017-01-25 21:00:00,226.4750025
2017-01-25 22:00:00,36.3500005
2017-01-25 23:00:00,0.0
2017-01-26 00:00:00,0.0
2017-01-26 01:00:00,0.0
2017-01-26 02:00:00,0.0
2017-01-26 03:00:00,0.0
2017-01-26 04:00:00,0.0
2017-01-26 05:00:00,0.0
2017-01-26 06:00:00,0.0
2017-01-26 07:00:00,0.0
2017-01-26 08:00:00,0.0
2017-01-26 09:00:00,0.0
2017-01-26 10:00:00,37.375
2017-01-26 11:00:00,150.8250025
2017-01-26 12:00:00,218.6750075
2017-01-26 13:00:00,464.475005
2017-01-26 14:00:00,520.6500100000001
2017-01-26 15:00:00,637.05001
2017-01-26 16:00:00,711.42502
2017-01-26 17:00:00,808.77501
2017-01-26 18:00:00,817.575
2017-01-26 19:00:00,559.35001
2017-01-26 20:00:00,357.65000499999996
2017-01-26 21:00:00,252.02499999999998
2017-01-26 22:00:00,21.60000025
2017-01-26 23:00:00,0.0
2017-01-27 00:00:00,0.0
2017-01-27 01:00:00,0.0
2017-01-27 02:00:00,0.0
2017-01-27 03:00:00,0.0
2017-01-27 04:00:00,0.0
2017-01-27 05:00:00,0.0
2017-01-27 06:00:00,0.0
2017-01-27 07:00:00,0.0
2017-01-27 08:00:00,0.0
2017-01-27 09:00:00,0.0
2017-01-27 10:00:00,71.75000125
2017-01-27 11:00:00,284.975
2017-01-27 12:00:00,564.475005
2017-01-27 13:00:00,758.30001
2017-01-27 14:00:00,871.725
2017-01-27 15:00:00,891.925
2017-01-27 16:00:00,905.82501
2017-01-27 17:00:00,930.65002
2017-01-27 18:00:00,887.575
2017-01-27 19:00:00,727.82502
2017-01-27 20:00:00,554.500005
2017-01-27 21:00:00,331.6000075
2017-01-27 22:00:00,129.6750005
2017-01-27 23:00:00,3.25
2017-01-28 00:00:00,0.0
2017-01-28 01:00:00,0.0
2017-01-28 02:00:00,0.0
2017-01-28 03:00:00,0.0
2017-01-28 04:00:00,0.0
2017-01-28 05:00:00,0.0
2017-01-28 06:00:00,0.0
2017-01-28 07:00:00,0.0
2017-01-28 08:00:00,0.0
2017-01-28 09:00:00,0.0
2017-01-28 10:00:00,76.05000125000001
2017-01-28 11:00:00,324.8
2017-01-28 12:00:00,588.275
2017-01-28 13:00:00,826.55003
2017-01-28 14:00:00,1013.67506
2017-01-28 15:00:00,1134.10005
2017-01-28 16:00:00,1181.375
2017-01-28 17:00:00,1152.00005
2017-01-28 18:00:00,1049.1
2017-01-28 19:00:00,879.70001
2017-01-28 20:00:00,641.47502
2017-01-28 21:00:00,388.775
2017-01-28 22:00:00,141.8
2017-01-28 23:00:00,3.0
2017-01-29 00:00:00,0.0
2017-01-29 01:00:00,0.0
2017-01-29 02:00:00,0.0
2017-01-29 03:00:00,0.0
2017-01-29 04:00:00,0.0
2017-01-29 05:00:00,0.0
2017-01-29 06:00:00,0.0
2017-01-29 07:00:00,0.0
2017-01-29 08:00:00,0.0
2017-01-29 09:00:00,0.0
2017-01-29 10:00:00,74.375
2017-01-29 11:00:00,323.35
2017-01-29 12:00:00,595.175
2017-01-29 13:00:00,832.45
2017-01-29 14:00:00,1018.525
2017-01-29 15:00:00,1139.400025
2017-01-29 16:00:00,1187.02505
2017-01-29 17:00:00,1157.57505
2017-01-29 18:00:00,1053.500035
2017-01-29 19:00:00,882.12502
2017-01-29 20:00:00,636.4000100000001
2017-01-29 21:00:00,395.375005
2017-01-29 22:00:00,147.8
2017-01-29 23:00:00,3.15
2017-01-30 00:00:00,0.0
2017-01-30 01:00:00,0.0
2017-01-30 02:00:00,0.0
2017-01-30 03:00:00,0.0
2017-01-30 04:00:00,0.0
2017-01-30 05:00:00,0.0
2017-01-30 06:00:00,0.0
2017-01-30 07:00:00,0.0
2017-01-30 08:00:00,0.0
2017-01-30 09:00:00,0.0
2017-01-30 10:00:00,74.25000002499999
2017-01-30 11:00:00,322.7750025
2017-01-30 12:00:00,565.67501
2017-01-30 13:00:00,801.37502
2017-01-30 14:00:00,985.47502
2017-01-30 15:00:00,1100.125
2017-01-30 16:00:00,1149.125
2017-01-30 17:00:00,1108.700025
2017-01-30 18:00:00,1000.600035
2017-01-30 19:00:00,811.82501
2017-01-30 20:00:00,607.5250100000001
2017-01-30 21:00:00,324.650005
2017-01-30 22:00:00,73.15000375
2017-01-30 23:00:00,1.6
2017-01-31 00:00:00,0.0
2017-01-31 01:00:00,0.0
2017-01-31 02:00:00,0.0
2017-01-31 03:00:00,0.0
2017-01-31 04:00:00,0.0
2017-01-31 05:00:00,0.0
2017-01-31 06:00:00,0.0
2017-01-31 07:00:00,0.0
2017-01-31 08:00:00,0.0
2017-01-31 09:00:00,0.0
2017-01-31 10:00:00,47.2500005
2017-01-31 11:00:00,235.8
2017-01-31 12:00:00,479.67499999999995
2017-01-31 13:00:00,774.62501
2017-01-31 14:00:00,864.82501
2017-01-31 15:00:00,640.4749999999999
2017-01-31 16:00:00,643.95002
2017-01-31 17:00:00,463.55001000000004
2017-01-31 18:00:00,854.6999999999999
2017-01-31 19:00:00,626.8
2017-01-31 20:00:00,556.5749999999999
2017-01-31 21:00:00,112.075
2017-01-31 22:00:00,2.425000025
2017-01-31 23:00:00,0.0
2017-02-01 00:00:00,0.0
2017-02-01 01:00:00,0.0
2017-02-01 02:00:00,0.0
2017-02-01 03:00:00,0.0
2017-02-01 04:00:00,0.0
2017-02-01 05:00:00,0.0
2017-02-01 06:00:00,0.0
2017-02-01 07:00:00,0.0
2017-02-01 08:00:00,0.0
2017-02-01 09:00:00,0.0
2017-02-01 10:00:00,52.475
2017-02-01 11:00:00,291.4250025
2017-02-01 12:00:00,515.1
2017-02-01 13:00:00,623.77502
2017-02-01 14:00:00,680.9666666666667
2017-02-01 15:00:00,808.72502
2017-02-01 16:00:00,830.1666666666666
2017-02-01 17:00:00,672.525
2017-02-01 18:00:00,697.975
2017-02-01 19:00:00,511.20000500000003
2017-02-01 20:00:00,291.8500075
2017-02-01 21:00:00,220.4250025
2017-02-01 22:00:00,64.575
2017-02-01 23:00:00,0.0
2017-02-02 00:00:00,0.0
2017-02-02 01:00:00,0.0
2017-02-02 02:00:00,0.0
2017-02-02 03:00:00,0.0
2017-02-02 04:00:00,0.0
2017-02-02 05:00:00,0.0
2017-02-02 06:00:00,0.0
2017-02-02 07:00:00,0.0
2017-02-02 08:00:00,0.0
2017-02-02 09:00:00,0.0
2017-02-02 10:00:00,60.425002750000004
2017-02-02 11:00:00,279.9
2017-02-02 12:00:00,439.75
2017-02-02 13:00:00,645.57501
2017-02-02 14:00:00,752.22504
2017-02-02 15:00:00,825.1500100000001
2017-02-02 16:00:00,713.32501
2017-02-02 17:00:00,494.4
2017-02-02 18:00:00,465.575
2017-02-02 19:00:00,450.67501000000004
2017-02-02 20:00:00,335.175
2017-02-02 21:00:00,188.350005
2017-02-02 22:00:00,52.325
2017-02-02 23:00:00,2.10000025
2017-02-03 00:00:00,0.0
2017-02-03 01:00:00,0.0
2017-02-03 02:00:00,0.0
2017-02-03 03:00:00,0.0
2017-02-03 04:00:00,0.0
2017-02-03 05:00:00,0.0
2017-02-03 06:00:00,0.0
2017-02-03 07:00:00,0.0
2017-02-03 08:00:00,0.0
2017-02-03 09:00:00,0.0
2017-02-03 10:00:00,65.47500025
2017-02-03 11:00:00,312.45000749999997
2017-02-03 12:00:00,566.70001
2017-02-03 13:00:00,771.875
2017-02-03 14:00:00,887.17501
2017-02-03 15:00:00,969.9749999999999
2017-02-03 16:00:00,866.47502
2017-02-03 17:00:00,720.62501
2017-02-03 18:00:00,605.07501
2017-02-03 19:00:00,531.92501
2017-02-03 20:00:00,354.375005
2017-02-03 21:00:00,191.1500025
2017-02-03 22:00:00,109.3
2017-02-03 23:00:00,1.65
2017-02-04 00:00:00,0.0
2017-02-04 01:00:00,0.0
2017-02-04 02:00:00,0.0
2017-02-04 03:00:00,0.0
2017-02-04 04:00:00,0.0
2017-02-04 05:00:00,0.0
2017-02-04 06:00:00,0.0
2017-02-04 07:00:00,0.0
2017-02-04 08:00:00,0.0
2017-02-04 09:00:00,0.0
2017-02-04 10:00:00,63.7500015
2017-02-04 11:00:00,310.300005
2017-02-04 12:00:00,581.550015
2017-02-04 13:00:00,822.275
2017-02-04 14:00:00,1012.60001
2017-02-04 15:00:00,1140.10005
2017-02-04 16:00:00,1191.6
2017-02-04 17:00:00,1148.150025
2017-02-04 18:00:00,865.825
2017-02-04 19:00:00,623.37502
2017-02-04 20:00:00,447.52501
2017-02-04 21:00:00,239.92499999999998
2017-02-04 22:00:00,121.0500025
2017-02-04 23:00:00,0.0
2017-02-05 00:00:00,0.0
2017-02-05 01:00:00,0.0
2017-02-05 02:00:00,0.0
2017-02-05 03:00:00,0.0
2017-02-05 04:00:00,0.0
2017-02-05 05:00:00,0.0
2017-02-05 06:00:00,0.0
2017-02-05 07:00:00,0.0
2017-02-05 08:00:00,0.0
2017-02-05 09:00:00,0.0
2017-02-05 10:00:00,58.87500025
2017-02-05 11:00:00,269.9250025
2017-02-05 12:00:00,436.65
2017-02-05 13:00:00,585.075
2017-02-05 14:00:00,672.92502
2017-02-05 15:00:00,803.42501
2017-02-05 16:00:00,941.32502
2017-02-05 17:00:00,829.075
2017-02-05 18:00:00,686.85002
2017-02-05 19:00:00,528.85
2017-02-05 20:00:00,297.20000500000003
2017-02-05 21:00:00,147.85000175
2017-02-05 22:00:00,0.0
2017-02-05 23:00:00,1.375
2017-02-06 00:00:00,0.0
2017-02-06 01:00:00,0.0
2017-02-06 02:00:00,0.0
2017-02-06 03:00:00,0.0
2017-02-06 04:00:00,0.0
2017-02-06 05:00:00,0.0
2017-02-06 06:00:00,0.0
2017-02-06 07:00:00,0.0
2017-02-06 08:00:00,0.0
2017-02-06 09:00:00,0.0
2017-02-06 10:00:00,56.224999999999994
2017-02-06 11:00:00,257.250005
2017-02-06 12:00:00,454.29999999999995
2017-02-06 13:00:00,629.75001
2017-02-06 14:00:00,765.6
2017-02-06 15:00:00,870.3500200000001
2017-02-06 16:00:00,940.5250100000001
2017-02-06 17:00:00,942.4000100000001
2017-02-06 18:00:00,797.70002
2017-02-06 19:00:00,711.75001
2017-02-06 20:00:00,463.125005
2017-02-06 21:00:00,228.07500249999998
2017-02-06 22:00:00,85.32500250000001
2017-02-06 23:00:00,0.0
2017-02-07 00:00:00,0.0
2017-02-07 01:00:00,0.0
2017-02-07 02:00:00,0.0
2017-02-07 03:00:00,0.0
2017-02-07 04:00:00,0.0
2017-02-07 05:00:00,0.0
2017-02-07 06:00:00,0.0
2017-02-07 07:00:00,0.0
2017-02-07 08:00:00,0.0
2017-02-07 09:00:00,0.0
2017-02-07 10:00:00,59.2
2017-02-07 11:00:00,304.225
2017-02-07 12:00:00,565.8000099999999
2017-02-07 13:00:00,787.57501
2017-02-07 14:00:00,982.425
2017-02-07 15:00:00,1073.075
2017-02-07 16:00:00,1136.750025
2017-02-07 17:00:00,1130.250025
2017-02-07 18:00:00,1020.775025
2017-02-07 19:00:00,816.825
2017-02-07 20:00:00,503.57500500000003
2017-02-07 21:00:00,313.025005
2017-02-07 22:00:00,122.6250025
2017-02-07 23:00:00,0.8
2017-02-08 00:00:00,0.0
2017-02-08 01:00:00,0.0
2017-02-08 02:00:00,0.0
2017-02-08 03:00:00,0.0
2017-02-08 04:00:00,0.0
2017-02-08 05:00:00,0.0
2017-02-08 06:00:00,0.0
2017-02-08 07:00:00,0.0
2017-02-08 08:00:00,0.0
2017-02-08 09:00:00,0.0
2017-02-08 10:00:00,57.7
2017-02-08 11:00:00,304.42501
2017-02-08 12:00:00,571.57502
2017-02-08 13:00:00,814.10001
2017-02-08 14:00:00,1002.825
2017-02-08 15:00:00,1120.350025
2017-02-08 16:00:00,1161.075
2017-02-08 17:00:00,1125.225
2017-02-08 18:00:00,1015.05
2017-02-08 19:00:00,818.0749999999999
2017-02-08 20:00:00,544.65
2017-02-08 21:00:00,298.70000500000003
2017-02-08 22:00:00,116.3000025
2017-02-08 23:00:00,0.475
2017-02-09 00:00:00,0.0
2017-02-09 01:00:00,0.0
2017-02-09 02:00:00,0.0
2017-02-09 03:00:00,0.0
2017-02-09 04:00:00,0.0
2017-02-09 05:00:00,0.0
2017-02-09 06:00:00,0.0
2017-02-09 07:00:00,0.0
2017-02-09 08:00:00,0.0
2017-02-09 09:00:00,0.0
2017-02-09 10:00:00,53.725
2017-02-09 11:00:00,293.975005
2017-02-09 12:00:00,553.2750100000001
2017-02-09 13:00:00,794.575
2017-02-09 14:00:00,983.12501
2017-02-09 15:00:00,1102.850025
2017-02-09 16:00:00,1147.27505
2017-02-09 17:00:00,1111.600025
2017-02-09 18:00:00,955.55
2017-02-09 19:00:00,609.45001
2017-02-09 20:00:00,449.17501000000004
2017-02-09 21:00:00,296.225005
2017-02-09 22:00:00,73.72500125
2017-02-09 23:00:00,0.0
2017-02-10 00:00:00,0.0
2017-02-10 01:00:00,0.0
2017-02-10 02:00:00,0.0
2017-02-10 03:00:00,0.0
2017-02-10 04:00:00,0.0
2017-02-10 05:00:00,0.0
2017-02-10 06:00:00,0.0
2017-02-10 07:00:00,0.0
2017-02-10 08:00:00,0.0
2017-02-10 09:00:00,0.0
2017-02-10 10:00:00,52.075
2017-02-10 11:00:00,227.425
2017-02-10 12:00:00,434.35
2017-02-10 13:00:00,687.425
2017-02-10 14:00:00,692.82501
2017-02-10 15:00:00,609.37501
2017-02-10 16:00:00,615.00001
2017-02-10 17:00:00,505.85
2017-02-10 18:00:00,538.95001
2017-02-10 19:00:00,448.000005
2017-02-10 20:00:00,257.375
2017-02-10 21:00:00,139.85000125
2017-02-10 22:00:00,30.20000025
2017-02-10 23:00:00,0.025
2017-02-11 00:00:00,0.0
2017-02-11 01:00:00,0.0
2017-02-11 02:00:00,0.0
2017-02-11 03:00:00,0.0
2017-02-11 04:00:00,0.0
2017-02-11 05:00:00,0.0
2017-02-11 06:00:00,0.0
2017-02-11 07:00:00,0.0
2017-02-11 08:00:00,0.0
2017-02-11 09:00:00,0.0
2017-02-11 10:00:00,44.3
2017-02-11 11:00:00,240.1
2017-02-11 12:00:00,475.54999999999995
2017-02-11 13:00:00,660.05001
2017-02-11 14:00:00,747.27501
2017-02-11 15:00:00,764.17501
2017-02-11 16:00:00,748.85001
2017-02-11 17:00:00,748.05001
2017-02-11 18:00:00,706.0
2017-02-11 19:00:00,563.75
2017-02-11 20:00:00,347.0500025
2017-02-11 21:00:00,173.75
2017-02-11 22:00:00,44.55
2017-02-11 23:00:00,0.0
2017-02-12 00:00:00,0.0
2017-02-12 01:00:00,0.0
2017-02-12 02:00:00,0.0
2017-02-12 03:00:00,0.0
2017-02-12 04:00:00,0.0
2017-02-12 05:00:00,0.0
2017-02-12 06:00:00,0.0
2017-02-12 07:00:00,0.0
2017-02-12 08:00:00,0.0
2017-02-12 09:00:00,0.0
2017-02-12 10:00:00,50.675000250000004
2017-02-12 11:00:00,290.55
2017-02-12 12:00:00,528.450015
2017-02-12 13:00:00,711.25
2017-02-12 14:00:00,707.37501
2017-02-12 15:00:00,673.17501
2017-02-12 16:00:00,515.300015
2017-02-12 17:00:00,423.375
2017-02-12 18:00:00,418.37501
2017-02-12 19:00:00,390.95001
2017-02-12 20:00:00,258.70000500000003
2017-02-12 21:00:00,54.599999999999994
2017-02-12 22:00:00,6.925
2017-02-12 23:00:00,0.0
2017-02-13 00:00:00,0.0
2017-02-13 01:00:00,0.0
2017-02-13 02:00:00,0.0
2017-02-13 03:00:00,0.0
2017-02-13 04:00:00,0.0
2017-02-13 05:00:00,0.0
2017-02-13 06:00:00,0.0
2017-02-13 07:00:00,0.0
2017-02-13 08:00:00,0.0
2017-02-13 09:00:00,0.0
2017-02-13 10:00:00,34.82500125
2017-02-13 11:00:00,233.075005
2017-02-13 12:00:00,432.725
2017-02-13 13:00:00,590.275
2017-02-13 14:00:00,612.75
2017-02-13 15:00:00,639.22502
2017-02-13 16:00:00,519.525
2017-02-13 17:00:00,599.37502
2017-02-13 18:00:00,509.075
2017-02-13 19:00:00,355.65
2017-02-13 20:00:00,197.3250075
2017-02-13 21:00:00,41.7250005
2017-02-13 22:00:00,27.1500005
2017-02-13 23:00:00,0.0
2017-02-14 00:00:00,0.0
2017-02-14 01:00:00,0.0
2017-02-14 02:00:00,0.0
2017-02-14 03:00:00,0.0
2017-02-14 04:00:00,0.0
2017-02-14 05:00:00,0.0
2017-02-14 06:00:00,0.0
2017-02-14 07:00:00,0.0
2017-02-14 08:00:00,0.0
2017-02-14 09:00:00,0.0
2017-02-14 10:00:00,45.675000499999996
2017-02-14 11:00:00,268.650005
2017-02-14 12:00:00,506.900015
2017-02-14 13:00:00,678.70002
2017-02-14 14:00:00,814.92502
2017-02-14 15:00:00,736.2249999999999
2017-02-14 16:00:00,649.35001
2017-02-14 17:00:00,586.5500099999999
2017-02-14 18:00:00,533.175
2017-02-14 19:00:00,432.65
2017-02-14 20:00:00,323.425005
2017-02-14 21:00:00,167.050003
2017-02-14 22:00:00,11.475000075
2017-02-14 23:00:00,0.0
2017-02-15 00:00:00,0.0
2017-02-15 01:00:00,0.0
2017-02-15 02:00:00,0.0
2017-02-15 03:00:00,0.0
2017-02-15 04:00:00,0.0
2017-02-15 05:00:00,0.0
2017-02-15 06:00:00,0.0
2017-02-15 07:00:00,0.0
2017-02-15 08:00:00,0.0
2017-02-15 09:00:00,0.0
2017-02-15 10:00:00,37.65
2017-02-15 11:00:00,260.025005
2017-02-15 12:00:00,529.075
2017-02-15 13:00:00,723.20001
2017-02-15 14:00:00,721.5
2017-02-15 15:00:00,699.6750099999999
2017-02-15 16:00:00,715.17503
2017-02-15 17:00:00,688.87502
2017-02-15 18:00:00,761.52501
2017-02-15 19:00:00,633.7
2017-02-15 20:00:00,403.350005
2017-02-15 21:00:00,171.425
2017-02-15 22:00:00,50.825
2017-02-15 23:00:00,0.0
2017-02-16 00:00:00,0.0
2017-02-16 01:00:00,0.0
2017-02-16 02:00:00,0.0
2017-02-16 03:00:00,0.0
2017-02-16 04:00:00,0.0
2017-02-16 05:00:00,0.0
2017-02-16 06:00:00,0.0
2017-02-16 07:00:00,0.0
2017-02-16 08:00:00,0.0
2017-02-16 09:00:00,0.0
2017-02-16 10:00:00,42.77500175
2017-02-16 11:00:00,276.3750025
2017-02-16 12:00:00,535.95
2017-02-16 13:00:00,775.2750100000001
2017-02-16 14:00:00,911.05
2017-02-16 15:00:00,996.62501
2017-02-16 16:00:00,981.9000100000001
2017-02-16 17:00:00,1036.9000350000001
2017-02-16 18:00:00,968.1
2017-02-16 19:00:00,773.9
2017-02-16 20:00:00,560.87503
2017-02-16 21:00:00,310.675005
2017-02-16 22:00:00,29.87500125
2017-02-16 23:00:00,0.0
2017-02-17 00:00:00,0.0
2017-02-17 01:00:00,0.0
2017-02-17 02:00:00,0.0
2017-02-17 03:00:00,0.0
2017-02-17 04:00:00,0.0
2017-02-17 05:00:00,0.0
2017-02-17 06:00:00,0.0
2017-02-17 07:00:00,0.0
2017-02-17 08:00:00,0.0
2017-02-17 09:00:00,0.0
2017-02-17 10:00:00,41.3
2017-02-17 11:00:00,268.000005
2017-02-17 12:00:00,512.9000100000001
2017-02-17 13:00:00,750.97501
2017-02-17 14:00:00,938.6
2017-02-17 15:00:00,1028.675025
2017-02-17 16:00:00,912.62501
2017-02-17 17:00:00,755.17503
2017-02-17 18:00:00,801.425
2017-02-17 19:00:00,496.025
2017-02-17 20:00:00,296.0
2017-02-17 21:00:00,277.725005
2017-02-17 22:00:00,10.5
2017-02-17 23:00:00,0.0
2017-02-18 00:00:00,0.0
2017-02-18 01:00:00,0.0
2017-02-18 02:00:00,0.0
2017-02-18 03:00:00,0.0
2017-02-18 04:00:00,0.0
2017-02-18 05:00:00,0.0
2017-02-18 06:00:00,0.0
2017-02-18 07:00:00,0.0
2017-02-18 08:00:00,0.0
2017-02-18 09:00:00,0.0
2017-02-18 10:00:00,33.025000500000004
2017-02-18 11:00:00,250.375
2017-02-18 12:00:00,494.3
2017-02-18 13:00:00,732.575
2017-02-18 14:00:00,920.525
2017-02-18 15:00:00,927.55
2017-02-18 16:00:00,792.975
2017-02-18 17:00:00,873.5500099999999
2017-02-18 18:00:00,424.550005
2017-02-18 19:00:00,363.100015
2017-02-18 20:00:00,224.275
2017-02-18 21:00:00,85.7750025
2017-02-18 22:00:00,0.0
2017-02-18 23:00:00,0.0
2017-02-19 00:00:00,0.0
2017-02-19 01:00:00,0.0
2017-02-19 02:00:00,0.0
2017-02-19 03:00:00,0.0
2017-02-19 04:00:00,0.0
2017-02-19 05:00:00,0.0
2017-02-19 06:00:00,0.0
2017-02-19 07:00:00,0.0
2017-02-19 08:00:00,0.0
2017-02-19 09:00:00,0.0
2017-02-19 10:00:00,25.075
2017-02-19 11:00:00,175.75000125
2017-02-19 12:00:00,306.775
2017-02-19 13:00:00,442.125015
2017-02-19 14:00:00,601.45001
2017-02-19 15:00:00,688.57501
2017-02-19 16:00:00,801.075
2017-02-19 17:00:00,799.7750100000001
2017-02-19 18:00:00,713.62502
2017-02-19 19:00:00,539.0
2017-02-19 20:00:00,591.2750100000001
2017-02-19 21:00:00,333.70001
2017-02-19 22:00:00,38.65
2017-02-19 23:00:00,0.0
2017-02-20 00:00:00,0.0
2017-02-20 01:00:00,0.0
2017-02-20 02:00:00,0.0
2017-02-20 03:00:00,0.0
2017-02-20 04:00:00,0.0
2017-02-20 05:00:00,0.0
2017-02-20 06:00:00,0.0
2017-02-20 07:00:00,0.0
2017-02-20 08:00:00,0.0
2017-02-20 09:00:00,0.0
2017-02-20 10:00:00,35.325
2017-02-20 11:00:00,206.15001
2017-02-20 12:00:00,409.475
2017-02-20 13:00:00,608.425
2017-02-20 14:00:00,678.17502
2017-02-20 15:00:00,694.87503
2017-02-20 16:00:00,616.85
2017-02-20 17:00:00,651.075
2017-02-20 18:00:00,740.9000100000001
2017-02-20 19:00:00,441.6
2017-02-20 20:00:00,256.550005
2017-02-20 21:00:00,44.9000015
2017-02-20 22:00:00,0.0
2017-02-20 23:00:00,0.0
2017-02-21 00:00:00,0.0
2017-02-21 01:00:00,0.0
2017-02-21 02:00:00,0.0
2017-02-21 03:00:00,0.0
2017-02-21 04:00:00,0.0
2017-02-21 05:00:00,0.0
2017-02-21 06:00:00,0.0
2017-02-21 07:00:00,0.0
2017-02-21 08:00:00,0.0
2017-02-21 09:00:00,0.0
2017-02-21 10:00:00,18.175000500000003
2017-02-21 11:00:00,195.37500500000002
2017-02-21 12:00:00,339.175005
2017-02-21 13:00:00,522.225
2017-02-21 14:00:00,576.425
2017-02-21 15:00:00,611.5500099999999
2017-02-21 16:00:00,558.35
2017-02-21 17:00:00,617.4
2017-02-21 18:00:00,581.67501
2017-02-21 19:00:00,748.35002
2017-02-21 20:00:00,510.72501
2017-02-21 21:00:00,239.57500000000002
2017-02-21 22:00:00,13.3750005
2017-02-21 23:00:00,0.0
2017-02-22 00:00:00,0.0
2017-02-22 01:00:00,0.0
2017-02-22 02:00:00,0.0
2017-02-22 03:00:00,0.0
2017-02-22 04:00:00,0.0
2017-02-22 05:00:00,0.0
2017-02-22 06:00:00,0.0
2017-02-22 07:00:00,0.0
2017-02-22 08:00:00,0.0
2017-02-22 09:00:00,0.0
2017-02-22 10:00:00,26.70000125
2017-02-22 11:00:00,198.6500025
2017-02-22 12:00:00,377.05
2017-02-22 13:00:00,443.250005
2017-02-22 14:00:00,686.4000100000001
2017-02-22 15:00:00,915.1
2017-02-22 16:00:00,803.50001
2017-02-22 17:00:00,649.82501
2017-02-22 18:00:00,609.8
2017-02-22 19:00:00,434.875
2017-02-22 20:00:00,248.975005
2017-02-22 21:00:00,102.50000125
2017-02-22 22:00:00,7.325
2017-02-22 23:00:00,0.0
2017-02-23 00:00:00,0.0
2017-02-23 01:00:00,0.0
2017-02-23 02:00:00,0.0
2017-02-23 03:00:00,0.0
2017-02-23 04:00:00,0.0
2017-02-23 05:00:00,0.0
2017-02-23 06:00:00,0.0
2017-02-23 07:00:00,0.0
2017-02-23 08:00:00,0.0
2017-02-23 09:00:00,0.0
2017-02-23 10:00:00,29.500001750000003
2017-02-23 11:00:00,224.25
2017-02-23 12:00:00,492.17501500000003
2017-02-23 13:00:00,730.95001
2017-02-23 14:00:00,872.75001
2017-02-23 15:00:00,735.025
2017-02-23 16:00:00,1016.050025
2017-02-23 17:00:00,714.32502
2017-02-23 18:00:00,534.075015
2017-02-23 19:00:00,666.1500100000001
2017-02-23 20:00:00,422.82501
2017-02-23 21:00:00,153.92500124999998
2017-02-23 22:00:00,75.20000125
2017-02-23 23:00:00,0.0
2017-02-24 00:00:00,0.0
2017-02-24 01:00:00,0.0
2017-02-24 02:00:00,0.0
2017-02-24 03:00:00,0.0
2017-02-24 04:00:00,0.0
2017-02-24 05:00:00,0.0
2017-02-24 06:00:00,0.0
2017-02-24 07:00:00,0.0
2017-02-24 08:00:00,0.0
2017-02-24 09:00:00,0.0
2017-02-24 10:00:00,31.275
2017-02-24 11:00:00,246.500005
2017-02-24 12:00:00,505.20001
2017-02-24 13:00:00,743.00001
2017-02-24 14:00:00,892.0500099999999
2017-02-24 15:00:00,941.175
2017-02-24 16:00:00,847.15
2017-02-24 17:00:00,775.35
2017-02-24 18:00:00,497.475
2017-02-24 19:00:00,365.175
2017-02-24 20:00:00,437.375
2017-02-24 21:00:00,357.5666733333333
2017-02-24 22:00:00,
2017-02-24 23:00:00,
2017-02-25 00:00:00,
2017-02-25 01:00:00,
2017-02-25 02:00:00,
2017-02-25 03:00:00,
2017-02-25 04:00:00,0.0
2017-02-25 05:00:00,0.0
2017-02-25 06:00:00,0.0
2017-02-25 07:00:00,0.0
2017-02-25 08:00:00,0.0
2017-02-25 09:00:00,0.0
2017-02-25 10:00:00,30.525
2017-02-25 11:00:00,243.60000000000002
2017-02-25 12:00:00,502.79999999999995
2017-02-25 13:00:00,731.07501
2017-02-25 14:00:00,797.92502
2017-02-25 15:00:00,834.95001
2017-02-25 16:00:00,662.6
2017-02-25 17:00:00,590.8
2017-02-25 18:00:00,400.35001
2017-02-25 19:00:00,658.9
2017-02-25 20:00:00,557.35001
2017-02-25 21:00:00,165.05000124999998
2017-02-25 22:00:00,18.55
2017-02-25 23:00:00,0.0
2017-02-26 00:00:00,0.0
2017-02-26 01:00:00,0.0
2017-02-26 02:00:00,0.0
2017-02-26 03:00:00,0.0
2017-02-26 04:00:00,0.0
2017-02-26 05:00:00,0.0
2017-02-26 06:00:00,0.0
2017-02-26 07:00:00,0.0
2017-02-26 08:00:00,0.0
2017-02-26 09:00:00,0.0
2017-02-26 10:00:00,23.0
2017-02-26 11:00:00,186.25000375
2017-02-26 12:00:00,380.76666666666665
2017-02-26 13:00:00,635.025005
2017-02-26 14:00:00,782.55
2017-02-26 15:00:00,848.1750099999999
2017-02-26 16:00:00,581.075005
2017-02-26 17:00:00,450.375
2017-02-26 18:00:00,562.55003
2017-02-26 19:00:00,496.75001000000003
2017-02-26 20:00:00,311.650005
2017-02-26 21:00:00,73.85
2017-02-26 22:00:00,3.9
2017-02-26 23:00:00,0.0
2017-02-27 00:00:00,0.0
2017-02-27 01:00:00,0.0
2017-02-27 02:00:00,0.0
2017-02-27 03:00:00,0.0
2017-02-27 04:00:00,0.0
2017-02-27 05:00:00,0.0
2017-02-27 06:00:00,0.0
2017-02-27 07:00:00,0.0
2017-02-27 08:00:00,0.0
2017-02-27 09:00:00,0.0
2017-02-27 10:00:00,19.7500005
2017-02-27 11:00:00,207.8500025
2017-02-27 12:00:00,453.0333333333333
2017-02-27 13:00:00,580.9
2017-02-27 14:00:00,694.47501
2017-02-27 15:00:00,679.1500100000001
2017-02-27 16:00:00,762.62501
2017-02-27 17:00:00,284.650005
2017-02-27 18:00:00,294.82500500000003
2017-02-27 19:00:00,458.025005
2017-02-27 20:00:00,298.2000025
2017-02-27 21:00:00,134.375
2017-02-27 22:00:00,23.62500025
2017-02-27 23:00:00,0.0
2017-02-28 00:00:00,0.0
2017-02-28 01:00:00,0.0
2017-02-28 02:00:00,0.0
2017-02-28 03:00:00,0.0
2017-02-28 04:00:00,0.0
2017-02-28 05:00:00,0.0
2017-02-28 06:00:00,0.0
2017-02-28 07:00:00,0.0
2017-02-28 08:00:00,0.0
2017-02-28 09:00:00,0.0
2017-02-28 10:00:00,25.075
2017-02-28 11:00:00,145.75000125
2017-02-28 12:00:00,325.3666733333334
2017-02-28 13:00:00,517.52501
2017-02-28 14:00:00,632.875
2017-02-28 15:00:00,719.00001
2017-02-28 16:00:00,635.7250200000001
2017-02-28 17:00:00,457.925
2017-02-28 18:00:00,412.625005
2017-02-28 19:00:00,419.875
2017-02-28 20:00:00,349.25
2017-02-28 21:00:00,157.60000625
2017-02-28 22:00:00,5.70000025
2017-02-28 23:00:00,0.0
2017-03-01 00:00:00,0.0
2017-03-01 01:00:00,0.0
2017-03-01 02:00:00,0.0
2017-03-01 03:00:00,0.0
2017-03-01 04:00:00,0.0
2017-03-01 05:00:00,0.0
2017-03-01 06:00:00,0.0
2017-03-01 07:00:00,0.0
2017-03-01 08:00:00,0.0
2017-03-01 09:00:00,0.0
2017-03-01 10:00:00,27.900000249999998
2017-03-01 11:00:00,239.025005
2017-03-01 12:00:00,479.925
2017-03-01 13:00:00,717.80001
2017-03-01 14:00:00,854.6000200000001
2017-03-01 15:00:00,777.95
2017-03-01 16:00:00,633.475
2017-03-01 17:00:00,468.40000499999996
2017-03-01 18:00:00,615.70001
2017-03-01 19:00:00,571.850005
2017-03-01 20:00:00,445.675
2017-03-01 21:00:00,244.325005
2017-03-01 22:00:00,32.050000025
2017-03-01 23:00:00,0.0
2017-03-02 00:00:00,0.0
2017-03-02 01:00:00,0.0
2017-03-02 02:00:00,0.0
2017-03-02 03:00:00,0.0
2017-03-02 04:00:00,0.0
2017-03-02 05:00:00,0.0
2017-03-02 06:00:00,0.0
2017-03-02 07:00:00,0.0
2017-03-02 08:00:00,0.0
2017-03-02 09:00:00,0.0
2017-03-02 10:00:00,24.35
2017-03-02 11:00:00,225.85
2017-03-02 12:00:00,484.05002
2017-03-02 13:00:00,719.20001
2017-03-02 14:00:00,904.8000099999999
2017-03-02 15:00:00,1010.85
2017-03-02 16:00:00,935.1000349999999
2017-03-02 17:00:00,744.67502
2017-03-02 18:00:00,612.725005
2017-03-02 19:00:00,373.775005
2017-03-02 20:00:00,360.52500499999996
2017-03-02 21:00:00,79.82499999999999
2017-03-02 22:00:00,0.0
2017-03-02 23:00:00,0.0
2017-03-03 00:00:00,0.0
2017-03-03 01:00:00,0.0
2017-03-03 02:00:00,0.0
2017-03-03 03:00:00,0.0
2017-03-03 04:00:00,0.0
2017-03-03 05:00:00,0.0
2017-03-03 06:00:00,0.0
2017-03-03 07:00:00,0.0
2017-03-03 08:00:00,0.0
2017-03-03 09:00:00,0.0
2017-03-03 10:00:00,21.5
2017-03-03 11:00:00,199.875
2017-03-03 12:00:00,339.750005
2017-03-03 13:00:00,389.20000500000003
2017-03-03 14:00:00,525.65
2017-03-03 15:00:00,643.875
2017-03-03 16:00:00,656.025
2017-03-03 17:00:00,554.825
2017-03-03 18:00:00,506.05
2017-03-03 19:00:00,475.60001
2017-03-03 20:00:00,330.9500075
2017-03-03 21:00:00,93.15
2017-03-03 22:00:00,0.0
2017-03-03 23:00:00,0.0
2017-03-04 00:00:00,0.0
2017-03-04 01:00:00,0.0
2017-03-04 02:00:00,0.0
2017-03-04 03:00:00,0.0
2017-03-04 04:00:00,0.0
2017-03-04 05:00:00,0.0
2017-03-04 06:00:00,0.0
2017-03-04 07:00:00,0.0
2017-03-04 08:00:00,0.0
2017-03-04 09:00:00,0.0
2017-03-04 10:00:00,26.775000249999998
2017-03-04 11:00:00,242.25
2017-03-04 12:00:00,505.10002000000003
2017-03-04 13:00:00,746.65003
2017-03-04 14:00:00,937.75
2017-03-04 15:00:00,1060.1
2017-03-04 16:00:00,1104.85
2017-03-04 17:00:00,1071.175025
2017-03-04 18:00:00,959.2
2017-03-04 19:00:00,783.87502
2017-03-04 20:00:00,557.475015
2017-03-04 21:00:00,297.725
2017-03-04 22:00:00,60.824999999999996
2017-03-04 23:00:00,0.0
2017-03-05 00:00:00,0.0
2017-03-05 01:00:00,0.0
2017-03-05 02:00:00,0.0
2017-03-05 03:00:00,0.0
2017-03-05 04:00:00,0.0
2017-03-05 05:00:00,0.0
2017-03-05 06:00:00,0.0
2017-03-05 07:00:00,0.0
2017-03-05 08:00:00,0.0
2017-03-05 09:00:00,0.0
2017-03-05 10:00:00,25.225
2017-03-05 11:00:00,229.2
2017-03-05 12:00:00,455.92501
2017-03-05 13:00:00,688.6
2017-03-05 14:00:00,823.575
2017-03-05 15:00:00,961.07502
2017-03-05 16:00:00,1040.875
2017-03-05 17:00:00,977.90001
2017-03-05 18:00:00,844.87501
2017-03-05 19:00:00,660.6
2017-03-05 20:00:00,484.57502
2017-03-05 21:00:00,241.02499999999998
2017-03-05 22:00:00,47.70000125
2017-03-05 23:00:00,0.0
2017-03-06 00:00:00,0.0
2017-03-06 01:00:00,0.0
2017-03-06 02:00:00,0.0
2017-03-06 03:00:00,0.0
2017-03-06 04:00:00,0.0
2017-03-06 05:00:00,0.0
2017-03-06 06:00:00,0.0
2017-03-06 07:00:00,0.0
2017-03-06 08:00:00,0.0
2017-03-06 09:00:00,0.0
2017-03-06 10:00:00,21.85000025
2017-03-06 11:00:00,216.525
2017-03-06 12:00:00,458.350005
2017-03-06 13:00:00,657.525
2017-03-06 14:00:00,850.1
2017-03-06 15:00:00,968.575
2017-03-06 16:00:00,1009.45
2017-03-06 17:00:00,934.825
2017-03-06 18:00:00,784.8
2017-03-06 19:00:00,738.125
2017-03-06 20:00:00,491.675005
2017-03-06 21:00:00,118.125
2017-03-06 22:00:00,0.775000025
2017-03-06 23:00:00,0.0
2017-03-07 00:00:00,0.0
2017-03-07 01:00:00,0.0
2017-03-07 02:00:00,0.0
2017-03-07 03:00:00,0.0
2017-03-07 04:00:00,0.0
2017-03-07 05:00:00,0.0
2017-03-07 06:00:00,0.0
2017-03-07 07:00:00,0.0
2017-03-07 08:00:00,0.0
2017-03-07 09:00:00,0.0
2017-03-07 10:00:00,20.125
2017-03-07 11:00:00,240.26667333333333
2017-03-07 12:00:00,461.250005
2017-03-07 13:00:00,659.25002
2017-03-07 14:00:00,754.35
2017-03-07 15:00:00,853.75
2017-03-07 16:00:00,886.75
2017-03-07 17:00:00,838.6000200000001
2017-03-07 18:00:00,650.07502
2017-03-07 19:00:00,522.675
2017-03-07 20:00:00,352.575
2017-03-07 21:00:00,161.15
2017-03-07 22:00:00,43.775
2017-03-07 23:00:00,0.0
2017-03-08 00:00:00,0.0
2017-03-08 01:00:00,0.0
2017-03-08 02:00:00,0.0
2017-03-08 03:00:00,0.0
2017-03-08 04:00:00,0.0
2017-03-08 05:00:00,0.0
2017-03-08 06:00:00,0.0
2017-03-08 07:00:00,0.0
2017-03-08 08:00:00,0.0
2017-03-08 09:00:00,0.0
2017-03-08 10:00:00,21.100001250000002
2017-03-08 11:00:00,219.1250075
2017-03-08 12:00:00,479.70000000000005
2017-03-08 13:00:00,716.175
2017-03-08 14:00:00,903.05001
2017-03-08 15:00:00,1006.55
2017-03-08 16:00:00,1044.300025
2017-03-08 17:00:00,986.62501
2017-03-08 18:00:00,699.22501
2017-03-08 19:00:00,464.225005
2017-03-08 20:00:00,234.250005
2017-03-08 21:00:00,104.625
2017-03-08 22:00:00,9.25
2017-03-08 23:00:00,0.0
2017-03-09 00:00:00,0.0
2017-03-09 01:00:00,0.0
2017-03-09 02:00:00,0.0
2017-03-09 03:00:00,0.0
2017-03-09 04:00:00,0.0
2017-03-09 05:00:00,0.0
2017-03-09 06:00:00,0.0
2017-03-09 07:00:00,0.0
2017-03-09 08:00:00,0.0
2017-03-09 09:00:00,0.0
2017-03-09 10:00:00,20.625
2017-03-09 11:00:00,218.50000375000002
2017-03-09 12:00:00,485.65
2017-03-09 13:00:00,722.62501
2017-03-09 14:00:00,909.62501
2017-03-09 15:00:00,1028.025
2017-03-09 16:00:00,1074.325
2017-03-09 17:00:00,1035.675035
2017-03-09 18:00:00,900.65
2017-03-09 19:00:00,628.47501
2017-03-09 20:00:00,342.575005
2017-03-09 21:00:00,47.550000499999996
2017-03-09 22:00:00,3.72500025
2017-03-09 23:00:00,0.0
2017-03-10 00:00:00,0.0
2017-03-10 01:00:00,0.0
2017-03-10 02:00:00,0.0
2017-03-10 03:00:00,0.0
2017-03-10 04:00:00,0.0
2017-03-10 05:00:00,0.0
2017-03-10 06:00:00,0.0
2017-03-10 07:00:00,0.0
2017-03-10 08:00:00,0.0
2017-03-10 09:00:00,0.0
2017-03-10 10:00:00,17.525
2017-03-10 11:00:00,198.3750025
2017-03-10 12:00:00,417.125
2017-03-10 13:00:00,515.275
2017-03-10 14:00:00,513.35001
2017-03-10 15:00:00,501.82501
2017-03-10 16:00:00,514.25
2017-03-10 17:00:00,583.12501
2017-03-10 18:00:00,557.5250100000001
2017-03-10 19:00:00,434.000015
2017-03-10 20:00:00,239.525
2017-03-10 21:00:00,67.97500050000001
2017-03-10 22:00:00,0.0
2017-03-10 23:00:00,0.0
2017-03-11 00:00:00,0.0
2017-03-11 01:00:00,0.0
2017-03-11 02:00:00,0.0
2017-03-11 03:00:00,0.0
2017-03-11 04:00:00,0.0
2017-03-11 05:00:00,0.0
2017-03-11 06:00:00,0.0
2017-03-11 07:00:00,0.0
2017-03-11 08:00:00,0.0
2017-03-11 09:00:00,0.0
2017-03-11 10:00:00,18.12500075
2017-03-11 11:00:00,213.45
2017-03-11 12:00:00,469.475
2017-03-11 13:00:00,704.4000000000001
2017-03-11 14:00:00,889.5
2017-03-11 15:00:00,1008.07501
2017-03-11 16:00:00,1051.975025
2017-03-11 17:00:00,1018.5
2017-03-11 18:00:00,889.125
2017-03-11 19:00:00,666.42502
2017-03-11 20:00:00,394.45000500000003
2017-03-11 21:00:00,114.7500005
2017-03-11 22:00:00,15.075
2017-03-11 23:00:00,0.0
2017-03-12 00:00:00,0.0
2017-03-12 01:00:00,0.0
2017-03-12 02:00:00,0.0
2017-03-12 03:00:00,0.0
2017-03-12 04:00:00,0.0
2017-03-12 05:00:00,0.0
2017-03-12 06:00:00,0.0
2017-03-12 07:00:00,0.0
2017-03-12 08:00:00,0.0
2017-03-12 09:00:00,0.0
2017-03-12 10:00:00,17.6
2017-03-12 11:00:00,158.5
2017-03-12 12:00:00,346.225
2017-03-12 13:00:00,387.97501
2017-03-12 14:00:00,444.950015
2017-03-12 15:00:00,474.55001500000003
2017-03-12 16:00:00,466.20000500000003
2017-03-12 17:00:00,487.850015
2017-03-12 18:00:00,493.55001000000004
2017-03-12 19:00:00,381.92501000000004
2017-03-12 20:00:00,259.375005
2017-03-12 21:00:00,205.7500025
2017-03-12 22:00:00,39.075
2017-03-12 23:00:00,0.0
2017-03-13 00:00:00,0.0
2017-03-13 01:00:00,0.0
2017-03-13 02:00:00,0.0
2017-03-13 03:00:00,0.0
2017-03-13 04:00:00,0.0
2017-03-13 05:00:00,0.0
2017-03-13 06:00:00,0.0
2017-03-13 07:00:00,0.0
2017-03-13 08:00:00,0.0
2017-03-13 09:00:00,0.0
2017-03-13 10:00:00,17.849999999999998
2017-03-13 11:00:00,208.575
2017-03-13 12:00:00,468.60001
2017-03-13 13:00:00,703.15
2017-03-13 14:00:00,886.7
2017-03-13 15:00:00,1008.8000099999999
2017-03-13 16:00:00,1053.325025
2017-03-13 17:00:00,1019.8499999999999
2017-03-13 18:00:00,909.85
2017-03-13 19:00:00,736.62502
2017-03-13 20:00:00,465.5500025
2017-03-13 21:00:00,99.925
2017-03-13 22:00:00,0.0
2017-03-13 23:00:00,0.0
2017-03-14 00:00:00,0.0
2017-03-14 01:00:00,0.0
2017-03-14 02:00:00,0.0
2017-03-14 03:00:00,0.0
2017-03-14 04:00:00,0.0
2017-03-14 05:00:00,0.0
2017-03-14 06:00:00,0.0
2017-03-14 07:00:00,0.0
2017-03-14 08:00:00,0.0
2017-03-14 09:00:00,0.0
2017-03-14 10:00:00,16.37500075
2017-03-14 11:00:00,203.025
2017-03-14 12:00:00,440.1
2017-03-14 13:00:00,681.32501
2017-03-14 14:00:00,853.95
2017-03-14 15:00:00,972.15
2017-03-14 16:00:00,1038.525
2017-03-14 17:00:00,1006.375
2017-03-14 18:00:00,820.15001
2017-03-14 19:00:00,439.45001
2017-03-14 20:00:00,293.0250025
2017-03-14 21:00:00,90.5
2017-03-14 22:00:00,0.0
2017-03-14 23:00:00,0.0
2017-03-15 00:00:00,0.0
2017-03-15 01:00:00,0.0
2017-03-15 02:00:00,0.0
2017-03-15 03:00:00,0.0
2017-03-15 04:00:00,0.0
2017-03-15 05:00:00,0.0
2017-03-15 06:00:00,0.0
2017-03-15 07:00:00,0.0
2017-03-15 08:00:00,0.0
2017-03-15 09:00:00,0.0
2017-03-15 10:00:00,16.3500005
2017-03-15 11:00:00,208.7250025
2017-03-15 12:00:00,480.4
2017-03-15 13:00:00,718.87501
2017-03-15 14:00:00,904.325
2017-03-15 15:00:00,1011.95001
2017-03-15 16:00:00,885.10001
2017-03-15 17:00:00,663.62501
2017-03-15 18:00:00,692.1750099999999
2017-03-15 19:00:00,395.225005
2017-03-15 20:00:00,335.675005
2017-03-15 21:00:00,140.52500125
2017-03-15 22:00:00,9.725
2017-03-15 23:00:00,0.0
2017-03-16 00:00:00,0.0
2017-03-16 01:00:00,0.0
2017-03-16 02:00:00,0.0
2017-03-16 03:00:00,0.0
2017-03-16 04:00:00,0.0
2017-03-16 05:00:00,0.0
2017-03-16 06:00:00,0.0
2017-03-16 07:00:00,0.0
2017-03-16 08:00:00,0.0
2017-03-16 09:00:00,0.0
2017-03-16 10:00:00,9.4250005
2017-03-16 11:00:00,113.9250025
2017-03-16 12:00:00,281.9500025
2017-03-16 13:00:00,418.85
2017-03-16 14:00:00,457.700015
2017-03-16 15:00:00,532.125005
2017-03-16 16:00:00,432.025005
2017-03-16 17:00:00,383.825
2017-03-16 18:00:00,390.000005
2017-03-16 19:00:00,411.72501
2017-03-16 20:00:00,265.825
2017-03-16 21:00:00,52.025
2017-03-16 22:00:00,19.625001025000003
2017-03-16 23:00:00,0.0
2017-03-17 00:00:00,0.0
2017-03-17 01:00:00,0.0
2017-03-17 02:00:00,0.0
2017-03-17 03:00:00,0.0
2017-03-17 04:00:00,0.0
2017-03-17 05:00:00,0.0
2017-03-17 06:00:00,0.0
2017-03-17 07:00:00,0.0
2017-03-17 08:00:00,0.0
2017-03-17 09:00:00,0.0
2017-03-17 10:00:00,16.47500025
2017-03-17 11:00:00,175.175
2017-03-17 12:00:00,379.67501
2017-03-17 13:00:00,469.125
2017-03-17 14:00:00,543.97501
2017-03-17 15:00:00,619.70001
2017-03-17 16:00:00,564.05001
2017-03-17 17:00:00,459.125005
2017-03-17 18:00:00,371.6
2017-03-17 19:00:00,383.62501
2017-03-17 20:00:00,317.225
2017-03-17 21:00:00,134.76667
2017-03-17 22:00:00,11.299999999999999
2017-03-17 23:00:00,0.0
2017-03-18 00:00:00,0.0
2017-03-18 01:00:00,0.0
2017-03-18 02:00:00,0.0
2017-03-18 03:00:00,0.0
2017-03-18 04:00:00,0.0
2017-03-18 05:00:00,0.0
2017-03-18 06:00:00,0.0
2017-03-18 07:00:00,0.0
2017-03-18 08:00:00,0.0
2017-03-18 09:00:00,0.0
2017-03-18 10:00:00,15.22500025
2017-03-18 11:00:00,205.42500375
2017-03-18 12:00:00,455.45
2017-03-18 13:00:00,692.50002
2017-03-18 14:00:00,878.0
2017-03-18 15:00:00,996.075
2017-03-18 16:00:00,1038.1
2017-03-18 17:00:00,975.900035
2017-03-18 18:00:00,757.975
2017-03-18 19:00:00,547.92501
2017-03-18 20:00:00,379.650005
2017-03-18 21:00:00,201.125
2017-03-18 22:00:00,28.275000249999998
2017-03-18 23:00:00,0.0
2017-03-19 00:00:00,0.0
2017-03-19 01:00:00,0.0
2017-03-19 02:00:00,0.0
2017-03-19 03:00:00,0.0
2017-03-19 04:00:00,0.0
2017-03-19 05:00:00,0.0
2017-03-19 06:00:00,0.0
2017-03-19 07:00:00,0.0
2017-03-19 08:00:00,0.0
2017-03-19 09:00:00,0.0
2017-03-19 10:00:00,14.299999999999999
2017-03-19 11:00:00,197.775
2017-03-19 12:00:00,434.9
2017-03-19 13:00:00,668.475
2017-03-19 14:00:00,852.07501
2017-03-19 15:00:00,943.225
2017-03-19 16:00:00,935.5
2017-03-19 17:00:00,808.75
2017-03-19 18:00:00,742.15
2017-03-19 19:00:00,548.625005
2017-03-19 20:00:00,409.30001000000004
2017-03-19 21:00:00,130.25000025
2017-03-19 22:00:00,0.525000025
2017-03-19 23:00:00,0.0
2017-03-20 00:00:00,0.0
2017-03-20 01:00:00,0.0
2017-03-20 02:00:00,0.0
2017-03-20 03:00:00,0.0
2017-03-20 04:00:00,0.0
2017-03-20 05:00:00,0.0
2017-03-20 06:00:00,0.0
2017-03-20 07:00:00,0.0
2017-03-20 08:00:00,0.0
2017-03-20 09:00:00,0.0
2017-03-20 10:00:00,12.325000000000001
2017-03-20 11:00:00,167.675
2017-03-20 12:00:00,407.575005
2017-03-20 13:00:00,590.62502
2017-03-20 14:00:00,695.25001
2017-03-20 15:00:00,805.85001
2017-03-20 16:00:00,866.9749999999999
2017-03-20 17:00:00,805.175
2017-03-20 18:00:00,684.15001
2017-03-20 19:00:00,521.35001
2017-03-20 20:00:00,264.6
2017-03-20 21:00:00,137.65
2017-03-20 22:00:00,20.55000125
2017-03-20 23:00:00,0.0
2017-03-21 00:00:00,0.0
2017-03-21 01:00:00,0.0
2017-03-21 02:00:00,0.0
2017-03-21 03:00:00,0.0
2017-03-21 04:00:00,0.0
2017-03-21 05:00:00,0.0
2017-03-21 06:00:00,0.0
2017-03-21 07:00:00,0.0
2017-03-21 08:00:00,0.0
2017-03-21 09:00:00,0.0
2017-03-21 10:00:00,1.6666666666666667
2017-03-21 11:00:00,153.77499999999998
2017-03-21 12:00:00,347.80001
2017-03-21 13:00:00,516.07501
2017-03-21 14:00:00,670.55
2017-03-21 15:00:00,809.57502
2017-03-21 16:00:00,735.6500100000001
2017-03-21 17:00:00,518.175
2017-03-21 18:00:00,511.52501
2017-03-21 19:00:00,436.475
2017-03-21 20:00:00,299.3500025
2017-03-21 21:00:00,140.55000125
2017-03-21 22:00:00,21.174999999999997
2017-03-21 23:00:00,0.0
2017-03-22 00:00:00,0.0
2017-03-22 01:00:00,0.0
2017-03-22 02:00:00,0.0
2017-03-22 03:00:00,0.0
2017-03-22 04:00:00,0.0
2017-03-22 05:00:00,0.0
2017-03-22 06:00:00,0.0
2017-03-22 07:00:00,0.0
2017-03-22 08:00:00,0.0
2017-03-22 09:00:00,0.0
2017-03-22 10:00:00,12.924999999999999
2017-03-22 11:00:00,198.275
2017-03-22 12:00:00,447.8
2017-03-22 13:00:00,637.4
2017-03-22 14:00:00,724.225
2017-03-22 15:00:00,809.37501
2017-03-22 16:00:00,822.125
2017-03-22 17:00:00,786.225
2017-03-22 18:00:00,648.1
2017-03-22 19:00:00,512.6250150000001
2017-03-22 20:00:00,290.875005
2017-03-22 21:00:00,84.075
2017-03-22 22:00:00,17.450000250000002
2017-03-22 23:00:00,0.0
2017-03-23 00:00:00,0.0
2017-03-23 01:00:00,0.0
2017-03-23 02:00:00,0.0
2017-03-23 03:00:00,0.0
2017-03-23 04:00:00,0.0
2017-03-23 05:00:00,0.0
2017-03-23 06:00:00,0.0
2017-03-23 07:00:00,0.0
2017-03-23 08:00:00,0.0
2017-03-23 09:00:00,0.0
2017-03-23 10:00:00,12.675
2017-03-23 11:00:00,189.3
2017-03-23 12:00:00,398.82500500000003
2017-03-23 13:00:00,511.225005
2017-03-23 14:00:00,578.67502
2017-03-23 15:00:00,647.65001
2017-03-23 16:00:00,567.12503
2017-03-23 17:00:00,507.775
2017-03-23 18:00:00,432.80001000000004
2017-03-23 19:00:00,339.80001000000004
2017-03-23 20:00:00,202.125
2017-03-23 21:00:00,101.90000125
2017-03-23 22:00:00,14.6
2017-03-23 23:00:00,0.0
2017-03-24 00:00:00,0.0
2017-03-24 01:00:00,0.0
2017-03-24 02:00:00,0.0
2017-03-24 03:00:00,0.0
2017-03-24 04:00:00,0.0
2017-03-24 05:00:00,0.0
2017-03-24 06:00:00,0.0
2017-03-24 07:00:00,0.0
2017-03-24 08:00:00,0.0
2017-03-24 09:00:00,0.0
2017-03-24 10:00:00,11.325000025000001
2017-03-24 11:00:00,181.45000375
2017-03-24 12:00:00,431.35001
2017-03-24 13:00:00,642.875
2017-03-24 14:00:00,791.37501
2017-03-24 15:00:00,906.2750100000001
2017-03-24 16:00:00,862.475
2017-03-24 17:00:00,739.375
2017-03-24 18:00:00,589.50001
2017-03-24 19:00:00,414.0
2017-03-24 20:00:00,212.200005
2017-03-24 21:00:00,46.82500125
2017-03-24 22:00:00,3.55
2017-03-24 23:00:00,0.0
2017-03-25 00:00:00,0.0
2017-03-25 01:00:00,0.0
2017-03-25 02:00:00,0.0
2017-03-25 03:00:00,0.0
2017-03-25 04:00:00,0.0
2017-03-25 05:00:00,0.0
2017-03-25 06:00:00,0.0
2017-03-25 07:00:00,0.0
2017-03-25 08:00:00,0.0
2017-03-25 09:00:00,0.0
2017-03-25 10:00:00,10.150000025
2017-03-25 11:00:00,169.62500500000002
2017-03-25 12:00:00,416.15
2017-03-25 13:00:00,550.425
2017-03-25 14:00:00,628.425
2017-03-25 15:00:00,794.85001
2017-03-25 16:00:00,882.1500100000001
2017-03-25 17:00:00,877.35001
2017-03-25 18:00:00,859.3500200000001
2017-03-25 19:00:00,656.425
2017-03-25 20:00:00,429.07500500000003
2017-03-25 21:00:00,181.10000125
2017-03-25 22:00:00,16.57500025
2017-03-25 23:00:00,0.0
2017-03-26 00:00:00,0.0
2017-03-26 01:00:00,0.0
2017-03-26 02:00:00,0.0
2017-03-26 03:00:00,0.0
2017-03-26 04:00:00,0.0
2017-03-26 05:00:00,0.0
2017-03-26 06:00:00,0.0
2017-03-26 07:00:00,0.0
2017-03-26 08:00:00,0.0
2017-03-26 09:00:00,0.0
2017-03-26 10:00:00,11.625000025
2017-03-26 11:00:00,198.525
2017-03-26 12:00:00,463.32500500000003
2017-03-26 13:00:00,674.075
2017-03-26 14:00:00,673.00002
2017-03-26 15:00:00,782.1500100000001
2017-03-26 16:00:00,765.57501
2017-03-26 17:00:00,655.22502
2017-03-26 18:00:00,574.875
2017-03-26 19:00:00,507.200015
2017-03-26 20:00:00,378.975015
2017-03-26 21:00:00,152.10000125
2017-03-26 22:00:00,12.8500005
2017-03-26 23:00:00,0.0
2017-03-27 00:00:00,0.0
2017-03-27 01:00:00,0.0
2017-03-27 02:00:00,0.0
2017-03-27 03:00:00,0.0
2017-03-27 04:00:00,0.0
2017-03-27 05:00:00,0.0
2017-03-27 06:00:00,0.0
2017-03-27 07:00:00,0.0
2017-03-27 08:00:00,0.0
2017-03-27 09:00:00,0.0
2017-03-27 10:00:00,10.25
2017-03-27 11:00:00,181.075005
2017-03-27 12:00:00,447.075005
2017-03-27 13:00:00,622.05002
2017-03-27 14:00:00,667.075
2017-03-27 15:00:00,684.95002
2017-03-27 16:00:00,547.025005
2017-03-27 17:00:00,596.4
2017-03-27 18:00:00,500.625015
2017-03-27 19:00:00,415.675005
2017-03-27 20:00:00,330.025
2017-03-27 21:00:00,179.725
2017-03-27 22:00:00,14.875000750000002
2017-03-27 23:00:00,0.0
2017-03-28 00:00:00,0.0
2017-03-28 01:00:00,0.0
2017-03-28 02:00:00,0.0
2017-03-28 03:00:00,0.0
2017-03-28 04:00:00,0.0
2017-03-28 05:00:00,0.0
2017-03-28 06:00:00,0.0
2017-03-28 07:00:00,0.0
2017-03-28 08:00:00,0.0
2017-03-28 09:00:00,0.0
2017-03-28 10:00:00,8.55
2017-03-28 11:00:00,155.10000250000002
2017-03-28 12:00:00,274.9333433333333
2017-03-28 13:00:00,437.075
2017-03-28 14:00:00,649.1
2017-03-28 15:00:00,510.025
2017-03-28 16:00:00,381.92499999999995
2017-03-28 17:00:00,483.57501
2017-03-28 18:00:00,578.9000100000001
2017-03-28 19:00:00,429.77501
2017-03-28 20:00:00,298.175005
2017-03-28 21:00:00,111.4000025
2017-03-28 22:00:00,10.500000074999999
2017-03-28 23:00:00,0.0
2017-03-29 00:00:00,0.0
2017-03-29 01:00:00,0.0
2017-03-29 02:00:00,0.0
2017-03-29 03:00:00,0.0
2017-03-29 04:00:00,0.0
2017-03-29 05:00:00,0.0
2017-03-29 06:00:00,0.0
2017-03-29 07:00:00,0.0
2017-03-29 08:00:00,0.0
2017-03-29 09:00:00,0.0
2017-03-29 10:00:00,7.625
2017-03-29 11:00:00,90.875
2017-03-29 12:00:00,233.60000125
2017-03-29 13:00:00,493.20001
2017-03-29 14:00:00,685.225
2017-03-29 15:00:00,783.92502
2017-03-29 16:00:00,829.30002
2017-03-29 17:00:00,687.37501
2017-03-29 18:00:00,684.22501
2017-03-29 19:00:00,582.95
2017-03-29 20:00:00,420.20001
2017-03-29 21:00:00,172.5
2017-03-29 22:00:00,10.55
2017-03-29 23:00:00,0.0
2017-03-30 00:00:00,0.0
2017-03-30 01:00:00,0.0
2017-03-30 02:00:00,0.0
2017-03-30 03:00:00,0.0
2017-03-30 04:00:00,0.0
2017-03-30 05:00:00,0.0
2017-03-30 06:00:00,0.0
2017-03-30 07:00:00,0.0
2017-03-30 08:00:00,0.0
2017-03-30 09:00:00,0.0
2017-03-30 10:00:00,7.9
2017-03-30 11:00:00,149.02500125
2017-03-30 12:00:00,351.400005
2017-03-30 13:00:00,592.675
2017-03-30 14:00:00,600.47502
2017-03-30 15:00:00,612.575
2017-03-30 16:00:00,611.92501
2017-03-30 17:00:00,646.65
2017-03-30 18:00:00,582.47504
2017-03-30 19:00:00,557.6500100000001
2017-03-30 20:00:00,271.25
2017-03-30 21:00:00,96.97500375
2017-03-30 22:00:00,4.700000025
2017-03-30 23:00:00,0.0
2017-03-31 00:00:00,0.0
2017-03-31 01:00:00,0.0
2017-03-31 02:00:00,0.0
2017-03-31 03:00:00,0.0
2017-03-31 04:00:00,0.0
2017-03-31 05:00:00,0.0
2017-03-31 06:00:00,0.0
2017-03-31 07:00:00,0.0
2017-03-31 08:00:00,0.0
2017-03-31 09:00:00,0.0
2017-03-31 10:00:00,7.525
2017-03-31 11:00:00,166.22500250000002
2017-03-31 12:00:00,400.15
2017-03-31 13:00:00,543.90002
2017-03-31 14:00:00,495.42501
2017-03-31 15:00:00,433.79999999999995
2017-03-31 16:00:00,325.72501
2017-03-31 17:00:00,305.4
2017-03-31 18:00:00,219.97500250000002
2017-03-31 19:00:00,362.4
2017-03-31 20:00:00,295.525005
2017-03-31 21:00:00,72.9500025
2017-03-31 22:00:00,2.925
2017-03-31 23:00:00,0.0
2017-04-01 00:00:00,0.0
2017-04-01 01:00:00,0.0
2017-04-01 02:00:00,0.0
2017-04-01 03:00:00,0.0
2017-04-01 04:00:00,0.0
2017-04-01 05:00:00,0.0
2017-04-01 06:00:00,0.0
2017-04-01 07:00:00,0.0
2017-04-01 08:00:00,0.0
2017-04-01 09:00:00,0.0
2017-04-01 10:00:00,4.8
2017-04-01 11:00:00,119.5000005
2017-04-01 12:00:00,288.4250075
2017-04-01 13:00:00,474.150005
2017-04-01 14:00:00,553.1
2017-04-01 15:00:00,536.725015
2017-04-01 16:00:00,613.82501
2017-04-01 17:00:00,585.0500099999999
2017-04-01 18:00:00,574.875
2017-04-01 19:00:00,501.45001
2017-04-01 20:00:00,331.20000500000003
2017-04-01 21:00:00,117.5
2017-04-01 22:00:00,0.0
2017-04-01 23:00:00,0.0
2017-04-02 00:00:00,0.0
2017-04-02 01:00:00,0.0
2017-04-02 02:00:00,0.0
2017-04-02 03:00:00,0.0
2017-04-02 04:00:00,0.0
2017-04-02 05:00:00,0.0
2017-04-02 06:00:00,0.0
2017-04-02 07:00:00,0.0
2017-04-02 08:00:00,0.0
2017-04-02 09:00:00,0.0
2017-04-02 10:00:00,6.0
2017-04-02 11:00:00,170.5
2017-04-02 12:00:00,433.575
2017-04-02 13:00:00,664.475
2017-04-02 14:00:00,845.225
2017-04-02 15:00:00,956.90002
2017-04-02 16:00:00,991.95
2017-04-02 17:00:00,947.9
2017-04-02 18:00:00,831.8500200000001
2017-04-02 19:00:00,609.875005
2017-04-02 20:00:00,412.750005
2017-04-02 21:00:00,172.6500025
2017-04-02 22:00:00,8.825
2017-04-02 23:00:00,0.0
2017-04-03 00:00:00,0.0
2017-04-03 01:00:00,0.0
2017-04-03 02:00:00,0.0
2017-04-03 03:00:00,0.0
2017-04-03 04:00:00,0.0
2017-04-03 05:00:00,0.0
2017-04-03 06:00:00,0.0
2017-04-03 07:00:00,0.0
2017-04-03 08:00:00,0.0
2017-04-03 09:00:00,0.0
2017-04-03 10:00:00,8.3
2017-04-03 11:00:00,148.72500375
2017-04-03 12:00:00,321.875
2017-04-03 13:00:00,395.15000499999996
2017-04-03 14:00:00,393.7
2017-04-03 15:00:00,505.84999999999997
2017-04-03 16:00:00,493.800005
2017-04-03 17:00:00,527.5250100000001
2017-04-03 18:00:00,579.25001
2017-04-03 19:00:00,428.725
2017-04-03 20:00:00,205.875
2017-04-03 21:00:00,38.8
2017-04-03 22:00:00,7.175
2017-04-03 23:00:00,0.0
2017-04-04 00:00:00,0.0
2017-04-04 01:00:00,0.0
2017-04-04 02:00:00,0.0
2017-04-04 03:00:00,0.0
2017-04-04 04:00:00,0.0
2017-04-04 05:00:00,0.0
2017-04-04 06:00:00,0.0
2017-04-04 07:00:00,0.0
2017-04-04 08:00:00,0.0
2017-04-04 09:00:00,0.0
2017-04-04 10:00:00,8.075
2017-04-04 11:00:00,183.75000875
2017-04-04 12:00:00,436.075015
2017-04-04 13:00:00,669.75
2017-04-04 14:00:00,852.10002
2017-04-04 15:00:00,966.70002
2017-04-04 16:00:00,1001.3000099999999
2017-04-04 17:00:00,957.20002
2017-04-04 18:00:00,834.72501
2017-04-04 19:00:00,651.00001
2017-04-04 20:00:00,417.250005
2017-04-04 21:00:00,161.025
2017-04-04 22:00:00,6.225
2017-04-04 23:00:00,0.0
2017-04-05 00:00:00,0.0
2017-04-05 01:00:00,0.0
2017-04-05 02:00:00,0.0
2017-04-05 03:00:00,0.0
2017-04-05 04:00:00,0.0
2017-04-05 05:00:00,0.0
2017-04-05 06:00:00,0.0
2017-04-05 07:00:00,0.0
2017-04-05 08:00:00,0.0
2017-04-05 09:00:00,0.0
2017-04-05 10:00:00,7.225
2017-04-05 11:00:00,163.5000025
2017-04-05 12:00:00,388.550005
2017-04-05 13:00:00,540.575
2017-04-05 14:00:00,644.3
2017-04-05 15:00:00,691.35
2017-04-05 16:00:00,701.075
2017-04-05 17:00:00,634.82501
2017-04-05 18:00:00,542.5250100000001
2017-04-05 19:00:00,422.05001
2017-04-05 20:00:00,234.14999999999998
2017-04-05 21:00:00,71.9
2017-04-05 22:00:00,5.625
2017-04-05 23:00:00,0.0
2017-04-06 00:00:00,0.0
2017-04-06 01:00:00,0.0
2017-04-06 02:00:00,0.0
2017-04-06 03:00:00,0.0
2017-04-06 04:00:00,0.0
2017-04-06 05:00:00,0.0
2017-04-06 06:00:00,0.0
2017-04-06 07:00:00,0.0
2017-04-06 08:00:00,0.0
2017-04-06 09:00:00,0.0
2017-04-06 10:00:00,7.275
2017-04-06 11:00:00,162.5500025
2017-04-06 12:00:00,401.500005
2017-04-06 13:00:00,597.55003
2017-04-06 14:00:00,723.8000099999999
2017-04-06 15:00:00,827.82501
2017-04-06 16:00:00,869.85
2017-04-06 17:00:00,811.00003
2017-04-06 18:00:00,718.47501
2017-04-06 19:00:00,530.30001
2017-04-06 20:00:00,312.925
2017-04-06 21:00:00,127.275
2017-04-06 22:00:00,5.275
2017-04-06 23:00:00,0.0
2017-04-07 00:00:00,0.0
2017-04-07 01:00:00,0.0
2017-04-07 02:00:00,0.0
2017-04-07 03:00:00,0.0
2017-04-07 04:00:00,0.0
2017-04-07 05:00:00,0.0
2017-04-07 06:00:00,0.0
2017-04-07 07:00:00,0.0
2017-04-07 08:00:00,0.0
2017-04-07 09:00:00,0.0
2017-04-07 10:00:00,5.375
2017-04-07 11:00:00,151.450005
2017-04-07 12:00:00,315.425
2017-04-07 13:00:00,472.75
2017-04-07 14:00:00,544.4
2017-04-07 15:00:00,590.8500200000001
2017-04-07 16:00:00,629.2
2017-04-07 17:00:00,692.62501
2017-04-07 18:00:00,443.2
2017-04-07 19:00:00,363.675005
2017-04-07 20:00:00,220.4250025
2017-04-07 21:00:00,61.475
2017-04-07 22:00:00,0.0
2017-04-07 23:00:00,0.0
2017-04-08 00:00:00,0.0
2017-04-08 01:00:00,0.0
2017-04-08 02:00:00,0.0
2017-04-08 03:00:00,0.0
2017-04-08 04:00:00,0.0
2017-04-08 05:00:00,0.0
2017-04-08 06:00:00,0.0
2017-04-08 07:00:00,0.0
2017-04-08 08:00:00,0.0
2017-04-08 09:00:00,0.0
2017-04-08 10:00:00,6.75
2017-04-08 11:00:00,172.05
2017-04-08 12:00:00,412.2
2017-04-08 13:00:00,600.3
2017-04-08 14:00:00,780.57501
2017-04-08 15:00:00,891.2750100000001
2017-04-08 16:00:00,949.375
2017-04-08 17:00:00,879.1750099999999
2017-04-08 18:00:00,585.90002
2017-04-08 19:00:00,423.35
2017-04-08 20:00:00,220.14999999999998
2017-04-08 21:00:00,125.55000025
2017-04-08 22:00:00,0.0
2017-04-08 23:00:00,0.0
2017-04-09 00:00:00,0.0
2017-04-09 01:00:00,0.0
2017-04-09 02:00:00,0.0
2017-04-09 03:00:00,0.0
2017-04-09 04:00:00,0.0
2017-04-09 05:00:00,0.0
2017-04-09 06:00:00,0.0
2017-04-09 07:00:00,0.0
2017-04-09 08:00:00,0.0
2017-04-09 09:00:00,0.0
2017-04-09 10:00:00,5.875
2017-04-09 11:00:00,150.325
2017-04-09 12:00:00,403.42501000000004
2017-04-09 13:00:00,613.85
2017-04-09 14:00:00,780.25001
2017-04-09 15:00:00,825.275
2017-04-09 16:00:00,916.6500100000001
2017-04-09 17:00:00,890.65
2017-04-09 18:00:00,725.70001
2017-04-09 19:00:00,600.25
2017-04-09 20:00:00,396.175005
2017-04-09 21:00:00,150.97500300000002
2017-04-09 22:00:00,3.7
2017-04-09 23:00:00,0.0
2017-04-10 00:00:00,0.0
2017-04-10 01:00:00,0.0
2017-04-10 02:00:00,0.0
2017-04-10 03:00:00,0.0
2017-04-10 04:00:00,0.0
2017-04-10 05:00:00,0.0
2017-04-10 06:00:00,0.0
2017-04-10 07:00:00,0.0
2017-04-10 08:00:00,0.0
2017-04-10 09:00:00,0.0
2017-04-10 10:00:00,6.275
2017-04-10 11:00:00,166.925
2017-04-10 12:00:00,426.4
2017-04-10 13:00:00,656.02502
2017-04-10 14:00:00,832.325
2017-04-10 15:00:00,939.425
2017-04-10 16:00:00,970.55
2017-04-10 17:00:00,923.62502
2017-04-10 18:00:00,801.77501
2017-04-10 19:00:00,620.57501
2017-04-10 20:00:00,392.475
2017-04-10 21:00:00,142.525
2017-04-10 22:00:00,2.925
2017-04-10 23:00:00,0.0
2017-04-11 00:00:00,0.0
2017-04-11 01:00:00,0.0
2017-04-11 02:00:00,0.0
2017-04-11 03:00:00,0.0
2017-04-11 04:00:00,0.0
2017-04-11 05:00:00,0.0
2017-04-11 06:00:00,0.0
2017-04-11 07:00:00,0.0
2017-04-11 08:00:00,0.0
2017-04-11 09:00:00,0.0
2017-04-11 10:00:00,5.675
2017-04-11 11:00:00,162.10000250000002
2017-04-11 12:00:00,394.15000499999996
2017-04-11 13:00:00,620.07502
2017-04-11 14:00:00,794.57501
2017-04-11 15:00:00,900.275
2017-04-11 16:00:00,932.30001
2017-04-11 17:00:00,887.0250100000001
2017-04-11 18:00:00,758.95001
2017-04-11 19:00:00,578.925
2017-04-11 20:00:00,363.86668000000003
2017-04-11 21:00:00,119.65000125
2017-04-11 22:00:00,1.875
2017-04-11 23:00:00,0.0
2017-04-12 00:00:00,0.0
2017-04-12 01:00:00,0.0
2017-04-12 02:00:00,0.0
2017-04-12 03:00:00,0.0
2017-04-12 04:00:00,0.0
2017-04-12 05:00:00,0.0
2017-04-12 06:00:00,0.0
2017-04-12 07:00:00,0.0
2017-04-12 08:00:00,0.0
2017-04-12 09:00:00,0.0
2017-04-12 10:00:00,3.75
2017-04-12 11:00:00,133.90000375
2017-04-12 12:00:00,382.550005
2017-04-12 13:00:00,605.27502
2017-04-12 14:00:00,778.72501
2017-04-12 15:00:00,885.05001
2017-04-12 16:00:00,914.025
2017-04-12 17:00:00,855.35002
2017-04-12 18:00:00,738.325
2017-04-12 19:00:00,561.65002
2017-04-12 20:00:00,351.125
2017-04-12 21:00:00,121.6250025
2017-04-12 22:00:00,1.625
2017-04-12 23:00:00,0.0
2017-04-13 00:00:00,0.0
2017-04-13 01:00:00,0.0
2017-04-13 02:00:00,0.0
2017-04-13 03:00:00,0.0
2017-04-13 04:00:00,0.0
2017-04-13 05:00:00,0.0
2017-04-13 06:00:00,0.0
2017-04-13 07:00:00,0.0
2017-04-13 08:00:00,0.0
2017-04-13 09:00:00,0.0
2017-04-13 10:00:00,4.82500025
2017-04-13 11:00:00,152.575
2017-04-13 12:00:00,412.15001
2017-04-13 13:00:00,639.07502
2017-04-13 14:00:00,814.47502
2017-04-13 15:00:00,921.32502
2017-04-13 16:00:00,939.15003
2017-04-13 17:00:00,853.5250100000001
2017-04-13 18:00:00,522.775005
2017-04-13 19:00:00,523.175015
2017-04-13 20:00:00,341.325
2017-04-13 21:00:00,112.925
2017-04-13 22:00:00,0.0
2017-04-13 23:00:00,0.0
2017-04-14 00:00:00,0.0
2017-04-14 01:00:00,0.0
2017-04-14 02:00:00,0.0
2017-04-14 03:00:00,0.0
2017-04-14 04:00:00,0.0
2017-04-14 05:00:00,0.0
2017-04-14 06:00:00,0.0
2017-04-14 07:00:00,0.0
2017-04-14 08:00:00,0.0
2017-04-14 09:00:00,0.0
2017-04-14 10:00:00,4.65
2017-04-14 11:00:00,154.1750025
2017-04-14 12:00:00,408.275
2017-04-14 13:00:00,635.15
2017-04-14 14:00:00,810.05002
2017-04-14 15:00:00,786.00001
2017-04-14 16:00:00,660.02502
2017-04-14 17:00:00,449.90001500000005
2017-04-14 18:00:00,396.20000500000003
2017-04-14 19:00:00,293.1
2017-04-14 20:00:00,287.6
2017-04-14 21:00:00,42.725001250000005
2017-04-14 22:00:00,0.0
2017-04-14 23:00:00,0.0
2017-04-15 00:00:00,0.0
2017-04-15 01:00:00,0.0
2017-04-15 02:00:00,0.0
2017-04-15 03:00:00,0.0
2017-04-15 04:00:00,0.0
2017-04-15 05:00:00,0.0
2017-04-15 06:00:00,0.0
2017-04-15 07:00:00,0.0
2017-04-15 08:00:00,0.0
2017-04-15 09:00:00,0.0
2017-04-15 10:00:00,3.60000025
2017-04-15 11:00:00,141.85000125
2017-04-15 12:00:00,394.50001
2017-04-15 13:00:00,626.50003
2017-04-15 14:00:00,800.45001
2017-04-15 15:00:00,905.65001
2017-04-15 16:00:00,937.12502
2017-04-15 17:00:00,883.2750100000001
2017-04-15 18:00:00,734.075
2017-04-15 19:00:00,531.175
2017-04-15 20:00:00,334.27501
2017-04-15 21:00:00,121.625
2017-04-15 22:00:00,0.525000025
2017-04-15 23:00:00,0.0
2017-04-16 00:00:00,0.0
2017-04-16 01:00:00,0.0
2017-04-16 02:00:00,0.0
2017-04-16 03:00:00,0.0
2017-04-16 04:00:00,0.0
2017-04-16 05:00:00,0.0
2017-04-16 06:00:00,0.0
2017-04-16 07:00:00,0.0
2017-04-16 08:00:00,0.0
2017-04-16 09:00:00,0.0
2017-04-16 10:00:00,3.97500025
2017-04-16 11:00:00,133.20000425
2017-04-16 12:00:00,349.95
2017-04-16 13:00:00,519.82501
2017-04-16 14:00:00,624.325
2017-04-16 15:00:00,714.55
2017-04-16 16:00:00,770.70002
2017-04-16 17:00:00,754.625
2017-04-16 18:00:00,660.80002
2017-04-16 19:00:00,453.375
2017-04-16 20:00:00,248.77500500000002
2017-04-16 21:00:00,91.20000375000001
2017-04-16 22:00:00,0.175
2017-04-16 23:00:00,0.0
2017-04-17 00:00:00,0.0
2017-04-17 01:00:00,0.0
2017-04-17 02:00:00,0.0
2017-04-17 03:00:00,0.0
2017-04-17 04:00:00,0.0
2017-04-17 05:00:00,0.0
2017-04-17 06:00:00,0.0
2017-04-17 07:00:00,0.0
2017-04-17 08:00:00,0.0
2017-04-17 09:00:00,0.0
2017-04-17 10:00:00,0.0
2017-04-17 11:00:00,126.87500250000001
2017-04-17 12:00:00,340.52500499999996
2017-04-17 13:00:00,530.37501
2017-04-17 14:00:00,680.02501
2017-04-17 15:00:00,819.475
2017-04-17 16:00:00,842.1500100000001
2017-04-17 17:00:00,832.35001
2017-04-17 18:00:00,725.12502
2017-04-17 19:00:00,529.82502
2017-04-17 20:00:00,310.2250075
2017-04-17 21:00:00,110.2750025
2017-04-17 22:00:00,0.0
2017-04-17 23:00:00,0.0
2017-04-18 00:00:00,0.0
2017-04-18 01:00:00,0.0
2017-04-18 02:00:00,0.0
2017-04-18 03:00:00,0.0
2017-04-18 04:00:00,0.0
2017-04-18 05:00:00,0.0
2017-04-18 06:00:00,0.0
2017-04-18 07:00:00,0.0
2017-04-18 08:00:00,0.0
2017-04-18 09:00:00,0.0
2017-04-18 10:00:00,3.25
2017-04-18 11:00:00,104.4000005
2017-04-18 12:00:00,287.95
2017-04-18 13:00:00,453.050005
2017-04-18 14:00:00,566.35001
2017-04-18 15:00:00,673.67501
2017-04-18 16:00:00,693.70001
2017-04-18 17:00:00,608.57503
2017-04-18 18:00:00,491.875
2017-04-18 19:00:00,419.925
2017-04-18 20:00:00,159.625
2017-04-18 21:00:00,43.8000005
2017-04-18 22:00:00,0.0
2017-04-18 23:00:00,0.0
2017-04-19 00:00:00,0.0
2017-04-19 01:00:00,0.0
2017-04-19 02:00:00,0.0
2017-04-19 03:00:00,0.0
2017-04-19 04:00:00,0.0
2017-04-19 05:00:00,0.0
2017-04-19 06:00:00,0.0
2017-04-19 07:00:00,0.0
2017-04-19 08:00:00,0.0
2017-04-19 09:00:00,0.0
2017-04-19 10:00:00,0.0
2017-04-19 11:00:00,122.9
2017-04-19 12:00:00,318.750015
2017-04-19 13:00:00,511.475005
2017-04-19 14:00:00,595.20001
2017-04-19 15:00:00,408.500005
2017-04-19 16:00:00,476.15
2017-04-19 17:00:00,450.850005
2017-04-19 18:00:00,374.25
2017-04-19 19:00:00,529.17501
2017-04-19 20:00:00,343.175005
2017-04-19 21:00:00,114.85000275
2017-04-19 22:00:00,0.0
2017-04-19 23:00:00,0.0
2017-04-20 00:00:00,0.0
2017-04-20 01:00:00,0.0
2017-04-20 02:00:00,0.0
2017-04-20 03:00:00,0.0
2017-04-20 04:00:00,0.0
2017-04-20 05:00:00,0.0
2017-04-20 06:00:00,0.0
2017-04-20 07:00:00,0.0
2017-04-20 08:00:00,0.0
2017-04-20 09:00:00,0.0
2017-04-20 10:00:00,3.10000025
2017-04-20 11:00:00,141.0500025
2017-04-20 12:00:00,379.9
2017-04-20 13:00:00,602.925
2017-04-20 14:00:00,772.0500099999999
2017-04-20 15:00:00,874.60001
2017-04-20 16:00:00,905.425
2017-04-20 17:00:00,860.25002
2017-04-20 18:00:00,741.3500200000001
2017-04-20 19:00:00,563.625025
2017-04-20 20:00:00,341.50001
2017-04-20 21:00:00,106.45000125
2017-04-20 22:00:00,0.0
2017-04-20 23:00:00,0.0
2017-04-21 00:00:00,0.0
2017-04-21 01:00:00,0.0
2017-04-21 02:00:00,0.0
2017-04-21 03:00:00,0.0
2017-04-21 04:00:00,0.0
2017-04-21 05:00:00,0.0
2017-04-21 06:00:00,0.0
2017-04-21 07:00:00,0.0
2017-04-21 08:00:00,0.0
2017-04-21 09:00:00,0.0
2017-04-21 10:00:00,2.72500025
2017-04-21 11:00:00,145.85000125
2017-04-21 12:00:00,380.025015
2017-04-21 13:00:00,601.70001
2017-04-21 14:00:00,772.8
2017-04-21 15:00:00,842.1500100000001
2017-04-21 16:00:00,844.025
2017-04-21 17:00:00,797.3
2017-04-21 18:00:00,693.8500200000001
2017-04-21 19:00:00,547.57501
2017-04-21 20:00:00,330.5250025
2017-04-21 21:00:00,103.825
2017-04-21 22:00:00,0.0
2017-04-21 23:00:00,0.0
2017-04-22 00:00:00,0.0
2017-04-22 01:00:00,0.0
2017-04-22 02:00:00,0.0
2017-04-22 03:00:00,0.0
2017-04-22 04:00:00,0.0
2017-04-22 05:00:00,0.0
2017-04-22 06:00:00,0.0
2017-04-22 07:00:00,0.0
2017-04-22 08:00:00,0.0
2017-04-22 09:00:00,0.0
2017-04-22 10:00:00,2.4
2017-04-22 11:00:00,139.02500125
2017-04-22 12:00:00,378.90001
2017-04-22 13:00:00,602.22501
2017-04-22 14:00:00,774.425
2017-04-22 15:00:00,881.95001
2017-04-22 16:00:00,913.62502
2017-04-22 17:00:00,866.07501
2017-04-22 18:00:00,740.3
2017-04-22 19:00:00,555.45
2017-04-22 20:00:00,327.925005
2017-04-22 21:00:00,100.25000025
2017-04-22 22:00:00,0.0
2017-04-22 23:00:00,0.0
2017-04-23 00:00:00,0.0
2017-04-23 01:00:00,0.0
2017-04-23 02:00:00,0.0
2017-04-23 03:00:00,0.0
2017-04-23 04:00:00,0.0
2017-04-23 05:00:00,0.0
2017-04-23 06:00:00,0.0
2017-04-23 07:00:00,0.0
2017-04-23 08:00:00,0.0
2017-04-23 09:00:00,0.0
2017-04-23 10:00:00,0.0
2017-04-23 11:00:00,131.3
2017-04-23 12:00:00,385.875
2017-04-23 13:00:00,608.82501
2017-04-23 14:00:00,781.25001
2017-04-23 15:00:00,888.2
2017-04-23 16:00:00,915.725
2017-04-23 17:00:00,860.375
2017-04-23 18:00:00,747.0500099999999
2017-04-23 19:00:00,561.5250100000001
2017-04-23 20:00:00,332.9
2017-04-23 21:00:00,97.125
2017-04-23 22:00:00,0.0
2017-04-23 23:00:00,0.0
2017-04-24 00:00:00,0.0
2017-04-24 01:00:00,0.0
2017-04-24 02:00:00,0.0
2017-04-24 03:00:00,0.0
2017-04-24 04:00:00,0.0
2017-04-24 05:00:00,0.0
2017-04-24 06:00:00,0.0
2017-04-24 07:00:00,0.0
2017-04-24 08:00:00,0.0
2017-04-24 09:00:00,0.0
2017-04-24 10:00:00,1.875
2017-04-24 11:00:00,138.72500374999998
2017-04-24 12:00:00,370.25001
2017-04-24 13:00:00,592.5500099999999
2017-04-24 14:00:00,763.57501
2017-04-24 15:00:00,868.02501
2017-04-24 16:00:00,897.40002
2017-04-24 17:00:00,850.5
2017-04-24 18:00:00,732.25002
2017-04-24 19:00:00,549.45001
2017-04-24 20:00:00,321.025005
2017-04-24 21:00:00,86.8
2017-04-24 22:00:00,0.0
2017-04-24 23:00:00,0.0
2017-04-25 00:00:00,0.0
2017-04-25 01:00:00,0.0
2017-04-25 02:00:00,0.0
2017-04-25 03:00:00,0.0
2017-04-25 04:00:00,0.0
2017-04-25 05:00:00,0.0
2017-04-25 06:00:00,0.0
2017-04-25 07:00:00,0.0
2017-04-25 08:00:00,0.0
2017-04-25 09:00:00,0.0
2017-04-25 10:00:00,0.0
2017-04-25 11:00:00,101.200005
2017-04-25 12:00:00,455.5
2017-04-25 13:00:00,610.3666666666667
2017-04-25 14:00:00,752.00002
2017-04-25 15:00:00,860.35
2017-04-25 16:00:00,896.3000099999999
2017-04-25 17:00:00,856.25002
2017-04-25 18:00:00,746.7750100000001
2017-04-25 19:00:00,567.07501
2017-04-25 20:00:00,339.5
2017-04-25 21:00:00,99.65
2017-04-25 22:00:00,0.0
2017-04-25 23:00:00,0.0
2017-04-26 00:00:00,0.0
2017-04-26 01:00:00,0.0
2017-04-26 02:00:00,0.0
2017-04-26 03:00:00,0.0
2017-04-26 04:00:00,0.0
2017-04-26 05:00:00,0.0
2017-04-26 06:00:00,0.0
2017-04-26 07:00:00,0.0
2017-04-26 08:00:00,0.0
2017-04-26 09:00:00,0.0
2017-04-26 10:00:00,1.45
2017-04-26 11:00:00,124.525
2017-04-26 12:00:00,340.20000500000003
2017-04-26 13:00:00,521.5
2017-04-26 14:00:00,662.3249999999999
2017-04-26 15:00:00,748.67501
2017-04-26 16:00:00,738.25001
2017-04-26 17:00:00,686.25003
2017-04-26 18:00:00,623.97501
2017-04-26 19:00:00,480.900015
2017-04-26 20:00:00,286.8000125
2017-04-26 21:00:00,88.05
2017-04-26 22:00:00,0.0
2017-04-26 23:00:00,0.0
2017-04-27 00:00:00,0.0
2017-04-27 01:00:00,0.0
2017-04-27 02:00:00,0.0
2017-04-27 03:00:00,0.0
2017-04-27 04:00:00,0.0
2017-04-27 05:00:00,0.0
2017-04-27 06:00:00,0.0
2017-04-27 07:00:00,0.0
2017-04-27 08:00:00,0.0
2017-04-27 09:00:00,0.0
2017-04-27 10:00:00,1.175000075
2017-04-27 11:00:00,135.900003
2017-04-27 12:00:00,366.87501
2017-04-27 13:00:00,587.5
2017-04-27 14:00:00,756.27502
2017-04-27 15:00:00,857.50003
2017-04-27 16:00:00,884.67501
2017-04-27 17:00:00,835.22501
2017-04-27 18:00:00,707.85
2017-04-27 19:00:00,526.350025
2017-04-27 20:00:00,303.025
2017-04-27 21:00:00,77.9750025
2017-04-27 22:00:00,0.0
2017-04-27 23:00:00,0.0
2017-04-28 00:00:00,0.0
2017-04-28 01:00:00,0.0
2017-04-28 02:00:00,0.0
2017-04-28 03:00:00,0.0
2017-04-28 04:00:00,0.0
2017-04-28 05:00:00,0.0
2017-04-28 06:00:00,0.0
2017-04-28 07:00:00,0.0
2017-04-28 08:00:00,0.0
2017-04-28 09:00:00,0.0
2017-04-28 10:00:00,0.85
2017-04-28 11:00:00,127.5250025
2017-04-28 12:00:00,359.225005
2017-04-28 13:00:00,578.775015
2017-04-28 14:00:00,745.85001
2017-04-28 15:00:00,843.8
2017-04-28 16:00:00,866.95001
2017-04-28 17:00:00,815.70001
2017-04-28 18:00:00,690.62501
2017-04-28 19:00:00,511.950005
2017-04-28 20:00:00,292.300005
2017-04-28 21:00:00,73.42500125000001
2017-04-28 22:00:00,0.0
2017-04-28 23:00:00,0.0
2017-04-29 00:00:00,0.0
2017-04-29 01:00:00,0.0
2017-04-29 02:00:00,0.0
2017-04-29 03:00:00,0.0
2017-04-29 04:00:00,0.0
2017-04-29 05:00:00,0.0
2017-04-29 06:00:00,0.0
2017-04-29 07:00:00,0.0
2017-04-29 08:00:00,0.0
2017-04-29 09:00:00,0.0
2017-04-29 10:00:00,0.6
2017-04-29 11:00:00,123.35000425
2017-04-29 12:00:00,352.450005
2017-04-29 13:00:00,571.225
2017-04-29 14:00:00,738.20001
2017-04-29 15:00:00,838.1000200000001
2017-04-29 16:00:00,862.325
2017-04-29 17:00:00,810.725
2017-04-29 18:00:00,687.55001
2017-04-29 19:00:00,507.35
2017-04-29 20:00:00,287.85
2017-04-29 21:00:00,69.925000075
2017-04-29 22:00:00,0.0
2017-04-29 23:00:00,0.0
2017-04-30 00:00:00,0.0
2017-04-30 01:00:00,0.0
2017-04-30 02:00:00,0.0
2017-04-30 03:00:00,0.0
2017-04-30 04:00:00,0.0
2017-04-30 05:00:00,0.0
2017-04-30 06:00:00,0.0
2017-04-30 07:00:00,0.0
2017-04-30 08:00:00,0.0
2017-04-30 09:00:00,0.0
2017-04-30 10:00:00,0.0
2017-04-30 11:00:00,114.0250025
2017-04-30 12:00:00,352.475
2017-04-30 13:00:00,568.275
2017-04-30 14:00:00,733.925
2017-04-30 15:00:00,832.125
2017-04-30 16:00:00,858.35001
2017-04-30 17:00:00,790.025
2017-04-30 18:00:00,689.05001
2017-04-30 19:00:00,485.625015
2017-04-30 20:00:00,273.525
2017-04-30 21:00:00,70.77500125
2017-04-30 22:00:00,0.0
2017-04-30 23:00:00,0.0
2017-05-01 00:00:00,0.0
2017-05-01 01:00:00,0.0
2017-05-01 02:00:00,0.0
2017-05-01 03:00:00,0.0
2017-05-01 04:00:00,0.0
2017-05-01 05:00:00,0.0
2017-05-01 06:00:00,0.0
2017-05-01 07:00:00,0.0
2017-05-01 08:00:00,0.0
2017-05-01 09:00:00,0.0
2017-05-01 10:00:00,0.22500001
2017-05-01 11:00:00,120.875
2017-05-01 12:00:00,359.675
2017-05-01 13:00:00,576.7000049999999
2017-05-01 14:00:00,743.5999999999999
2017-05-01 15:00:00,845.725
2017-05-01 16:00:00,874.00001
2017-05-01 17:00:00,825.325
2017-05-01 18:00:00,701.20001
2017-05-01 19:00:00,519.925015
2017-05-01 20:00:00,297.6250025
2017-05-01 21:00:00,70.550003825
2017-05-01 22:00:00,0.0
2017-05-01 23:00:00,0.0
2017-05-02 00:00:00,0.0
2017-05-02 01:00:00,0.0
2017-05-02 02:00:00,0.0
2017-05-02 03:00:00,0.0
2017-05-02 04:00:00,0.0
2017-05-02 05:00:00,0.0
2017-05-02 06:00:00,0.0
2017-05-02 07:00:00,0.0
2017-05-02 08:00:00,0.0
2017-05-02 09:00:00,0.0
2017-05-02 10:00:00,0.025
2017-05-02 11:00:00,122.1
2017-05-02 12:00:00,361.95
2017-05-02 13:00:00,579.47501
2017-05-02 14:00:00,746.27501
2017-05-02 15:00:00,846.95001
2017-05-02 16:00:00,873.9250099999999
2017-05-02 17:00:00,825.45002
2017-05-02 18:00:00,705.425
2017-05-02 19:00:00,525.925005
2017-05-02 20:00:00,294.15
2017-05-02 21:00:00,45.925
2017-05-02 22:00:00,0.0
2017-05-02 23:00:00,0.0
2017-05-03 00:00:00,0.0
2017-05-03 01:00:00,0.0
2017-05-03 02:00:00,0.0
2017-05-03 03:00:00,0.0
2017-05-03 04:00:00,0.0
2017-05-03 05:00:00,0.0
2017-05-03 06:00:00,0.0
2017-05-03 07:00:00,0.0
2017-05-03 08:00:00,0.0
2017-05-03 09:00:00,0.0
2017-05-03 10:00:00,0.0
2017-05-03 11:00:00,114.225003
2017-05-03 12:00:00,336.000005
2017-05-03 13:00:00,546.5
2017-05-03 14:00:00,708.1750099999999
2017-05-03 15:00:00,758.725
2017-05-03 16:00:00,732.0500099999999
2017-05-03 17:00:00,611.20001
2017-05-03 18:00:00,455.500005
2017-05-03 19:00:00,348.30001000000004
2017-05-03 20:00:00,163.5750025
2017-05-03 21:00:00,45.375
2017-05-03 22:00:00,0.0
2017-05-03 23:00:00,0.0
2017-05-04 00:00:00,0.0
2017-05-04 01:00:00,0.0
2017-05-04 02:00:00,0.0
2017-05-04 03:00:00,0.0
2017-05-04 04:00:00,0.0
2017-05-04 05:00:00,0.0
2017-05-04 06:00:00,0.0
2017-05-04 07:00:00,0.0
2017-05-04 08:00:00,0.0
2017-05-04 09:00:00,0.0
2017-05-04 10:00:00,0.0
2017-05-04 11:00:00,116.32500125000001
2017-05-04 12:00:00,347.12501
2017-05-04 13:00:00,561.2
2017-05-04 14:00:00,725.75001
2017-05-04 15:00:00,826.9250099999999
2017-05-04 16:00:00,857.27502
2017-05-04 17:00:00,811.82501
2017-05-04 18:00:00,690.05001
2017-05-04 19:00:00,509.27500000000003
2017-05-04 20:00:00,289.000005
2017-05-04 21:00:00,66.35000125
2017-05-04 22:00:00,0.0
2017-05-04 23:00:00,0.0
2017-05-05 00:00:00,0.0
2017-05-05 01:00:00,0.0
2017-05-05 02:00:00,0.0
2017-05-05 03:00:00,0.0
2017-05-05 04:00:00,0.0
2017-05-05 05:00:00,0.0
2017-05-05 06:00:00,0.0
2017-05-05 07:00:00,0.0
2017-05-05 08:00:00,0.0
2017-05-05 09:00:00,0.0
2017-05-05 10:00:00,0.0
2017-05-05 11:00:00,115.20000125
2017-05-05 12:00:00,340.05
2017-05-05 13:00:00,555.85001
2017-05-05 14:00:00,721.05
2017-05-05 15:00:00,820.0250100000001
2017-05-05 16:00:00,844.3
2017-05-05 17:00:00,793.70001
2017-05-05 18:00:00,671.10002
2017-05-05 19:00:00,493.42501500000003
2017-05-05 20:00:00,275.3250025
2017-05-05 21:00:00,59.25
2017-05-05 22:00:00,0.0
2017-05-05 23:00:00,0.0
2017-05-06 00:00:00,0.0
2017-05-06 01:00:00,0.0
2017-05-06 02:00:00,0.0
2017-05-06 03:00:00,0.0
2017-05-06 04:00:00,0.0
2017-05-06 05:00:00,0.0
2017-05-06 06:00:00,0.0
2017-05-06 07:00:00,0.0
2017-05-06 08:00:00,0.0
2017-05-06 09:00:00,0.0
2017-05-06 10:00:00,0.0
2017-05-06 11:00:00,110.3000025
2017-05-06 12:00:00,334.125
2017-05-06 13:00:00,549.70002
2017-05-06 14:00:00,716.37501
2017-05-06 15:00:00,823.675
2017-05-06 16:00:00,852.37502
2017-05-06 17:00:00,805.65
2017-05-06 18:00:00,685.70001
2017-05-06 19:00:00,505.90001
2017-05-06 20:00:00,282.875
2017-05-06 21:00:00,62.2
2017-05-06 22:00:00,0.0
2017-05-06 23:00:00,0.0
2017-05-07 00:00:00,0.0
2017-05-07 01:00:00,0.0
2017-05-07 02:00:00,0.0
2017-05-07 03:00:00,0.0
2017-05-07 04:00:00,0.0
2017-05-07 05:00:00,0.0
2017-05-07 06:00:00,0.0
2017-05-07 07:00:00,0.0
2017-05-07 08:00:00,0.0
2017-05-07 09:00:00,0.0
2017-05-07 10:00:00,0.0
2017-05-07 11:00:00,107.3750025
2017-05-07 12:00:00,343.92501
2017-05-07 13:00:00,557.72501
2017-05-07 14:00:00,721.60001
2017-05-07 15:00:00,818.45
2017-05-07 16:00:00,844.42501
2017-05-07 17:00:00,797.5250100000001
2017-05-07 18:00:00,679.125
2017-05-07 19:00:00,502.825
2017-05-07 20:00:00,284.17501
2017-05-07 21:00:00,65.15
2017-05-07 22:00:00,0.0
2017-05-07 23:00:00,0.0
2017-05-08 00:00:00,0.0
2017-05-08 01:00:00,0.0
2017-05-08 02:00:00,0.0
2017-05-08 03:00:00,0.0
2017-05-08 04:00:00,0.0
2017-05-08 05:00:00,0.0
2017-05-08 06:00:00,0.0
2017-05-08 07:00:00,0.0
2017-05-08 08:00:00,0.0
2017-05-08 09:00:00,0.0
2017-05-08 10:00:00,0.0
2017-05-08 11:00:00,108.95000375000001
2017-05-08 12:00:00,338.9
2017-05-08 13:00:00,552.35
2017-05-08 14:00:00,714.90002
2017-05-08 15:00:00,806.9000133333333
2017-05-08 16:00:00,839.75
2017-05-08 17:00:00,791.20001
2017-05-08 18:00:00,582.575
2017-05-08 19:00:00,395.85
2017-05-08 20:00:00,225.6
2017-05-08 21:00:00,53.475
2017-05-08 22:00:00,0.0
2017-05-08 23:00:00,0.0
2017-05-09 00:00:00,0.0
2017-05-09 01:00:00,0.0
2017-05-09 02:00:00,0.0
2017-05-09 03:00:00,0.0
2017-05-09 04:00:00,0.0
2017-05-09 05:00:00,0.0
2017-05-09 06:00:00,0.0
2017-05-09 07:00:00,0.0
2017-05-09 08:00:00,0.0
2017-05-09 09:00:00,0.0
2017-05-09 10:00:00,0.0
2017-05-09 11:00:00,76.17500050000001
2017-05-09 12:00:00,269.5
2017-05-09 13:00:00,418.32500500000003
2017-05-09 14:00:00,525.600025
2017-05-09 15:00:00,604.1
2017-05-09 16:00:00,566.10002
2017-05-09 17:00:00,534.825
2017-05-09 18:00:00,477.77501500000005
2017-05-09 19:00:00,376.04999999999995
2017-05-09 20:00:00,210.4
2017-05-09 21:00:00,59.9250015
2017-05-09 22:00:00,0.0
2017-05-09 23:00:00,0.0
2017-05-10 00:00:00,0.0
2017-05-10 01:00:00,0.0
2017-05-10 02:00:00,0.0
2017-05-10 03:00:00,0.0
2017-05-10 04:00:00,0.0
2017-05-10 05:00:00,0.0
2017-05-10 06:00:00,0.0
2017-05-10 07:00:00,0.0
2017-05-10 08:00:00,0.0
2017-05-10 09:00:00,0.0
2017-05-10 10:00:00,0.0
2017-05-10 11:00:00,90.57500125
2017-05-10 12:00:00,258.45001
2017-05-10 13:00:00,439.75
2017-05-10 14:00:00,510.45
2017-05-10 15:00:00,425.25
2017-05-10 16:00:00,352.40001
2017-05-10 17:00:00,258.850005
2017-05-10 18:00:00,427.7
2017-05-10 19:00:00,291.07500500000003
2017-05-10 20:00:00,177.22500250000002
2017-05-10 21:00:00,41.6750005
2017-05-10 22:00:00,0.0
2017-05-10 23:00:00,0.0
2017-05-11 00:00:00,0.0
2017-05-11 01:00:00,0.0
2017-05-11 02:00:00,0.0
2017-05-11 03:00:00,0.0
2017-05-11 04:00:00,0.0
2017-05-11 05:00:00,0.0
2017-05-11 06:00:00,0.0
2017-05-11 07:00:00,0.0
2017-05-11 08:00:00,0.0
2017-05-11 09:00:00,0.0
2017-05-11 10:00:00,0.0
2017-05-11 11:00:00,74.47500125
2017-05-11 12:00:00,225.475005
2017-05-11 13:00:00,351.425005
2017-05-11 14:00:00,414.26667333333336
2017-05-11 15:00:00,422.425005
2017-05-11 16:00:00,383.100005
2017-05-11 17:00:00,371.57500500000003
2017-05-11 18:00:00,348.32500500000003
2017-05-11 19:00:00,225.39999999999998
2017-05-11 20:00:00,116.9250025
2017-05-11 21:00:00,11.10000025
2017-05-11 22:00:00,0.0
2017-05-11 23:00:00,0.0
2017-05-12 00:00:00,0.0
2017-05-12 01:00:00,0.0
2017-05-12 02:00:00,0.0
2017-05-12 03:00:00,0.0
2017-05-12 04:00:00,0.0
2017-05-12 05:00:00,0.0
2017-05-12 06:00:00,0.0
2017-05-12 07:00:00,0.0
2017-05-12 08:00:00,0.0
2017-05-12 09:00:00,0.0
2017-05-12 10:00:00,0.0
2017-05-12 11:00:00,98.85000000000001
2017-05-12 12:00:00,317.650005
2017-05-12 13:00:00,524.22501
2017-05-12 14:00:00,683.925
2017-05-12 15:00:00,777.25002
2017-05-12 16:00:00,804.4250099999999
2017-05-12 17:00:00,757.05
2017-05-12 18:00:00,652.00001
2017-05-12 19:00:00,478.95
2017-05-12 20:00:00,261.75
2017-05-12 21:00:00,56.05000125
2017-05-12 22:00:00,0.0
2017-05-12 23:00:00,0.0
2017-05-13 00:00:00,0.0
2017-05-13 01:00:00,0.0
2017-05-13 02:00:00,0.0
2017-05-13 03:00:00,0.0
2017-05-13 04:00:00,0.0
2017-05-13 05:00:00,0.0
2017-05-13 06:00:00,0.0
2017-05-13 07:00:00,0.0
2017-05-13 08:00:00,0.0
2017-05-13 09:00:00,0.0
2017-05-13 10:00:00,0.0
2017-05-13 11:00:00,93.175
2017-05-13 12:00:00,320.500005
2017-05-13 13:00:00,529.775
2017-05-13 14:00:00,691.35
2017-05-13 15:00:00,791.2750100000001
2017-05-13 16:00:00,791.625
2017-05-13 17:00:00,736.675
2017-05-13 18:00:00,616.17502
2017-05-13 19:00:00,484.55
2017-05-13 20:00:00,270.825
2017-05-13 21:00:00,56.67500375
2017-05-13 22:00:00,0.0
2017-05-13 23:00:00,0.0
2017-05-14 00:00:00,0.0
2017-05-14 01:00:00,0.0
2017-05-14 02:00:00,0.0
2017-05-14 03:00:00,0.0
2017-05-14 04:00:00,0.0
2017-05-14 05:00:00,0.0
2017-05-14 06:00:00,0.0
2017-05-14 07:00:00,0.0
2017-05-14 08:00:00,0.0
2017-05-14 09:00:00,0.0
2017-05-14 10:00:00,0.0
2017-05-14 11:00:00,99.72500275
2017-05-14 12:00:00,330.0
2017-05-14 13:00:00,539.575
2017-05-14 14:00:00,700.67501
2017-05-14 15:00:00,798.82501
2017-05-14 16:00:00,825.62501
2017-05-14 17:00:00,780.175
2017-05-14 18:00:00,665.3000099999999
2017-05-14 19:00:00,491.25
2017-05-14 20:00:00,274.600005
2017-05-14 21:00:00,57.300002500000005
2017-05-14 22:00:00,0.0
2017-05-14 23:00:00,0.0
2017-05-15 00:00:00,0.0
2017-05-15 01:00:00,0.0
2017-05-15 02:00:00,0.0
2017-05-15 03:00:00,0.0
2017-05-15 04:00:00,0.0
2017-05-15 05:00:00,0.0
2017-05-15 06:00:00,0.0
2017-05-15 07:00:00,0.0
2017-05-15 08:00:00,0.0
2017-05-15 09:00:00,0.0
2017-05-15 10:00:00,0.0
2017-05-15 11:00:00,96.02500125
2017-05-15 12:00:00,309.9
2017-05-15 13:00:00,517.05
2017-05-15 14:00:00,677.025
2017-05-15 15:00:00,773.92501
2017-05-15 16:00:00,761.12501
2017-05-15 17:00:00,652.45
2017-05-15 18:00:00,532.72501
2017-05-15 19:00:00,424.625005
2017-05-15 20:00:00,234.8000025
2017-05-15 21:00:00,46.02500125
2017-05-15 22:00:00,0.0
2017-05-15 23:00:00,0.0
2017-05-16 00:00:00,0.0
2017-05-16 01:00:00,0.0
2017-05-16 02:00:00,0.0
2017-05-16 03:00:00,0.0
2017-05-16 04:00:00,0.0
2017-05-16 05:00:00,0.0
2017-05-16 06:00:00,0.0
2017-05-16 07:00:00,0.0
2017-05-16 08:00:00,0.0
2017-05-16 09:00:00,0.0
2017-05-16 10:00:00,0.0
2017-05-16 11:00:00,90.30000025
2017-05-16 12:00:00,315.875015
2017-05-16 13:00:00,524.375
2017-05-16 14:00:00,684.87501
2017-05-16 15:00:00,784.00001
2017-05-16 16:00:00,810.375
2017-05-16 17:00:00,764.3000099999999
2017-05-16 18:00:00,649.5500099999999
2017-05-16 19:00:00,477.15000499999996
2017-05-16 20:00:00,262.2000025
2017-05-16 21:00:00,50.90000125
2017-05-16 22:00:00,0.0
2017-05-16 23:00:00,0.0
2017-05-17 00:00:00,0.0
2017-05-17 01:00:00,0.0
2017-05-17 02:00:00,0.0
2017-05-17 03:00:00,0.0
2017-05-17 04:00:00,0.0
2017-05-17 05:00:00,0.0
2017-05-17 06:00:00,0.0
2017-05-17 07:00:00,0.0
2017-05-17 08:00:00,0.0
2017-05-17 09:00:00,0.0
2017-05-17 10:00:00,0.0
2017-05-17 11:00:00,91.44999999999999
2017-05-17 12:00:00,314.60000249999996
2017-05-17 13:00:00,522.175
2017-05-17 14:00:00,682.30001
2017-05-17 15:00:00,778.25
2017-05-17 16:00:00,804.675
2017-05-17 17:00:00,760.27502
2017-05-17 18:00:00,643.775
2017-05-17 19:00:00,471.125
2017-05-17 20:00:00,257.275005
2017-05-17 21:00:00,48.075
2017-05-17 22:00:00,0.0
2017-05-17 23:00:00,0.0
2017-05-18 00:00:00,0.0
2017-05-18 01:00:00,0.0
2017-05-18 02:00:00,0.0
2017-05-18 03:00:00,0.0
2017-05-18 04:00:00,0.0
2017-05-18 05:00:00,0.0
2017-05-18 06:00:00,0.0
2017-05-18 07:00:00,0.0
2017-05-18 08:00:00,0.0
2017-05-18 09:00:00,0.0
2017-05-18 10:00:00,0.0
2017-05-18 11:00:00,87.67500000000001
2017-05-18 12:00:00,311.425005
2017-05-18 13:00:00,517.2249999999999
2017-05-18 14:00:00,675.52501
2017-05-18 15:00:00,770.85001
2017-05-18 16:00:00,800.725
2017-05-18 17:00:00,759.075
2017-05-18 18:00:00,650.05002
2017-05-18 19:00:00,477.175005
2017-05-18 20:00:00,262.475
2017-05-18 21:00:00,51.90000125
2017-05-18 22:00:00,0.0
2017-05-18 23:00:00,0.0
2017-05-19 00:00:00,0.0
2017-05-19 01:00:00,0.0
2017-05-19 02:00:00,0.0
2017-05-19 03:00:00,0.0
2017-05-19 04:00:00,0.0
2017-05-19 05:00:00,0.0
2017-05-19 06:00:00,0.0
2017-05-19 07:00:00,0.0
2017-05-19 08:00:00,0.0
2017-05-19 09:00:00,0.0
2017-05-19 10:00:00,0.0
2017-05-19 11:00:00,90.4250005
2017-05-19 12:00:00,312.47501
2017-05-19 13:00:00,519.825
2017-05-19 14:00:00,679.07502
2017-05-19 15:00:00,775.875
2017-05-19 16:00:00,803.62502
2017-05-19 17:00:00,760.2249999999999
2017-05-19 18:00:00,648.20002
2017-05-19 19:00:00,476.15
2017-05-19 20:00:00,260.7
2017-05-19 21:00:00,49.62500075
2017-05-19 22:00:00,0.0
2017-05-19 23:00:00,0.0
2017-05-20 00:00:00,0.0
2017-05-20 01:00:00,0.0
2017-05-20 02:00:00,0.0
2017-05-20 03:00:00,0.0
2017-05-20 04:00:00,0.0
2017-05-20 05:00:00,0.0
2017-05-20 06:00:00,0.0
2017-05-20 07:00:00,0.0
2017-05-20 08:00:00,0.0
2017-05-20 09:00:00,0.0
2017-05-20 10:00:00,0.0
2017-05-20 11:00:00,87.1
2017-05-20 12:00:00,298.375005
2017-05-20 13:00:00,504.050005
2017-05-20 14:00:00,662.47501
2017-05-20 15:00:00,758.325
2017-05-20 16:00:00,784.00002
2017-05-20 17:00:00,739.475
2017-05-20 18:00:00,622.075
2017-05-20 19:00:00,450.825
2017-05-20 20:00:00,239.42499999999998
2017-05-20 21:00:00,41.6
2017-05-20 22:00:00,0.0
2017-05-20 23:00:00,0.0
2017-05-21 00:00:00,0.0
2017-05-21 01:00:00,0.0
2017-05-21 02:00:00,0.0
2017-05-21 03:00:00,0.0
2017-05-21 04:00:00,0.0
2017-05-21 05:00:00,0.0
2017-05-21 06:00:00,0.0
2017-05-21 07:00:00,0.0
2017-05-21 08:00:00,0.0
2017-05-21 09:00:00,0.0
2017-05-21 10:00:00,0.0
2017-05-21 11:00:00,88.225
2017-05-21 12:00:00,315.025005
2017-05-21 13:00:00,525.2750149999999
2017-05-21 14:00:00,686.15
2017-05-21 15:00:00,780.525
2017-05-21 16:00:00,806.95
2017-05-21 17:00:00,760.55001
2017-05-21 18:00:00,644.2750100000001
2017-05-21 19:00:00,464.62501
2017-05-21 20:00:00,235.875
2017-05-21 21:00:00,43.35000075
2017-05-21 22:00:00,0.0
2017-05-21 23:00:00,0.0
2017-05-22 00:00:00,0.0
2017-05-22 01:00:00,0.0
2017-05-22 02:00:00,0.0
2017-05-22 03:00:00,0.0
2017-05-22 04:00:00,0.0
2017-05-22 05:00:00,0.0
2017-05-22 06:00:00,0.0
2017-05-22 07:00:00,0.0
2017-05-22 08:00:00,0.0
2017-05-22 09:00:00,0.0
2017-05-22 10:00:00,0.0
2017-05-22 11:00:00,61.17500125
2017-05-22 12:00:00,258.57500500000003
2017-05-22 13:00:00,376.725
2017-05-22 14:00:00,331.47501
2017-05-22 15:00:00,515.7666800000001
2017-05-22 16:00:00,419.550005
2017-05-22 17:00:00,689.65003
2017-05-22 18:00:00,566.82501
2017-05-22 19:00:00,391.7
2017-05-22 20:00:00,192.275005
2017-05-22 21:00:00,31.075
2017-05-22 22:00:00,0.0
2017-05-22 23:00:00,0.0
2017-05-23 00:00:00,0.0
2017-05-23 01:00:00,0.0
2017-05-23 02:00:00,0.0
2017-05-23 03:00:00,0.0
2017-05-23 04:00:00,0.0
2017-05-23 05:00:00,0.0
2017-05-23 06:00:00,0.0
2017-05-23 07:00:00,0.0
2017-05-23 08:00:00,0.0
2017-05-23 09:00:00,0.0
2017-05-23 10:00:00,0.0
2017-05-23 11:00:00,70.6500025
2017-05-23 12:00:00,261.575
2017-05-23 13:00:00,461.95000500000003
2017-05-23 14:00:00,597.62503
2017-05-23 15:00:00,738.1
2017-05-23 16:00:00,771.32501
2017-05-23 17:00:00,727.30001
2017-05-23 18:00:00,615.82502
2017-05-23 19:00:00,449.67499999999995
2017-05-23 20:00:00,242.1750075
2017-05-23 21:00:00,42.52500175
2017-05-23 22:00:00,0.0
2017-05-23 23:00:00,0.0
2017-05-24 00:00:00,0.0
2017-05-24 01:00:00,0.0
2017-05-24 02:00:00,0.0
2017-05-24 03:00:00,0.0
2017-05-24 04:00:00,0.0
2017-05-24 05:00:00,0.0
2017-05-24 06:00:00,0.0
2017-05-24 07:00:00,0.0
2017-05-24 08:00:00,0.0
2017-05-24 09:00:00,0.0
2017-05-24 10:00:00,0.0
2017-05-24 11:00:00,72.8
2017-05-24 12:00:00,271.0500025
2017-05-24 13:00:00,469.1
2017-05-24 14:00:00,623.975
2017-05-24 15:00:00,713.9
2017-05-24 16:00:00,726.47501
2017-05-24 17:00:00,648.75
2017-05-24 18:00:00,398.800005
2017-05-24 19:00:00,248.1
2017-05-24 20:00:00,107.32499999999999
2017-05-24 21:00:00,14.9
2017-05-24 22:00:00,0.0
2017-05-24 23:00:00,0.0
2017-05-25 00:00:00,0.0
2017-05-25 01:00:00,0.0
2017-05-25 02:00:00,0.0
2017-05-25 03:00:00,0.0
2017-05-25 04:00:00,0.0
2017-05-25 05:00:00,0.0
2017-05-25 06:00:00,0.0
2017-05-25 07:00:00,0.0
2017-05-25 08:00:00,0.0
2017-05-25 09:00:00,0.0
2017-05-25 10:00:00,0.0
2017-05-25 11:00:00,69.1000025
2017-05-25 12:00:00,277.5750075
2017-05-25 13:00:00,472.000015
2017-05-25 14:00:00,614.95002
2017-05-25 15:00:00,720.57501
2017-05-25 16:00:00,706.20001
2017-05-25 17:00:00,587.10001
2017-05-25 18:00:00,352.54999999999995
2017-05-25 19:00:00,297.15
2017-05-25 20:00:00,125.3
2017-05-25 21:00:00,5.975
2017-05-25 22:00:00,0.0
2017-05-25 23:00:00,0.0
2017-05-26 00:00:00,0.0
2017-05-26 01:00:00,0.0
2017-05-26 02:00:00,0.0
2017-05-26 03:00:00,0.0
2017-05-26 04:00:00,0.0
2017-05-26 05:00:00,0.0
2017-05-26 06:00:00,0.0
2017-05-26 07:00:00,0.0
2017-05-26 08:00:00,0.0
2017-05-26 09:00:00,0.0
2017-05-26 10:00:00,0.0
2017-05-26 11:00:00,58.350001250000005
2017-05-26 12:00:00,176.5000025
2017-05-26 13:00:00,268.275
2017-05-26 14:00:00,326.775
2017-05-26 15:00:00,296.22501
2017-05-26 16:00:00,253.45
2017-05-26 17:00:00,242.85
2017-05-26 18:00:00,249.85
2017-05-26 19:00:00,210.0500025
2017-05-26 20:00:00,111.70000250000001
2017-05-26 21:00:00,13.0
2017-05-26 22:00:00,0.0
2017-05-26 23:00:00,0.0
2017-05-27 00:00:00,0.0
2017-05-27 01:00:00,0.0
2017-05-27 02:00:00,0.0
2017-05-27 03:00:00,0.0
2017-05-27 04:00:00,0.0
2017-05-27 05:00:00,0.0
2017-05-27 06:00:00,0.0
2017-05-27 07:00:00,0.0
2017-05-27 08:00:00,0.0
2017-05-27 09:00:00,0.0
2017-05-27 10:00:00,0.0
2017-05-27 11:00:00,68.125001325
2017-05-27 12:00:00,280.350005
2017-05-27 13:00:00,477.30001
2017-05-27 14:00:00,636.825
2017-05-27 15:00:00,734.02502
2017-05-27 16:00:00,761.925
2017-05-27 17:00:00,720.77502
2017-05-27 18:00:00,606.45002
2017-05-27 19:00:00,437.70001
2017-05-27 20:00:00,230.075005
2017-05-27 21:00:00,38.225
2017-05-27 22:00:00,0.0
2017-05-27 23:00:00,0.0
2017-05-28 00:00:00,0.0
2017-05-28 01:00:00,0.0
2017-05-28 02:00:00,0.0
2017-05-28 03:00:00,0.0
2017-05-28 04:00:00,0.0
2017-05-28 05:00:00,0.0
2017-05-28 06:00:00,0.0
2017-05-28 07:00:00,0.0
2017-05-28 08:00:00,0.0
2017-05-28 09:00:00,0.0
2017-05-28 10:00:00,0.0
2017-05-28 11:00:00,65.20000126
2017-05-28 12:00:00,255.525
2017-05-28 13:00:00,460.42499999999995
2017-05-28 14:00:00,611.17503
2017-05-28 15:00:00,706.2
2017-05-28 16:00:00,515.825005
2017-05-28 17:00:00,396.27501
2017-05-28 18:00:00,311.250005
2017-05-28 19:00:00,217.15
2017-05-28 20:00:00,118.40000375
2017-05-28 21:00:00,11.7
2017-05-28 22:00:00,0.0
2017-05-28 23:00:00,0.0
2017-05-29 00:00:00,0.0
2017-05-29 01:00:00,0.0
2017-05-29 02:00:00,0.0
2017-05-29 03:00:00,0.0
2017-05-29 04:00:00,0.0
2017-05-29 05:00:00,0.0
2017-05-29 06:00:00,0.0
2017-05-29 07:00:00,0.0
2017-05-29 08:00:00,0.0
2017-05-29 09:00:00,0.0
2017-05-29 10:00:00,0.0
2017-05-29 11:00:00,55.275
2017-05-29 12:00:00,236.6500025
2017-05-29 13:00:00,364.850005
2017-05-29 14:00:00,411.45000500000003
2017-05-29 15:00:00,397.325015
2017-05-29 16:00:00,331.9
2017-05-29 17:00:00,317.67501000000004
2017-05-29 18:00:00,514.075
2017-05-29 19:00:00,338.225
2017-05-29 20:00:00,164.975005
2017-05-29 21:00:00,13.649999999999999
2017-05-29 22:00:00,0.0
2017-05-29 23:00:00,0.0
2017-05-30 00:00:00,0.0
2017-05-30 01:00:00,0.0
2017-05-30 02:00:00,0.0
2017-05-30 03:00:00,0.0
2017-05-30 04:00:00,0.0
2017-05-30 05:00:00,0.0
2017-05-30 06:00:00,0.0
2017-05-30 07:00:00,0.0
2017-05-30 08:00:00,0.0
2017-05-30 09:00:00,0.0
2017-05-30 10:00:00,0.0
2017-05-30 11:00:00,63.25
2017-05-30 12:00:00,262.9250075
2017-05-30 13:00:00,469.05001000000004
2017-05-30 14:00:00,371.25001
2017-05-30 15:00:00,435.100005
2017-05-30 16:00:00,689.70002
2017-05-30 17:00:00,643.85002
2017-05-30 18:00:00,549.5250100000001
2017-05-30 19:00:00,430.40000499999996
2017-05-30 20:00:00,235.2750025
2017-05-30 21:00:00,37.67500125
2017-05-30 22:00:00,0.0
2017-05-30 23:00:00,0.0
2017-05-31 00:00:00,0.0
2017-05-31 01:00:00,0.0
2017-05-31 02:00:00,0.0
2017-05-31 03:00:00,0.0
2017-05-31 04:00:00,0.0
2017-05-31 05:00:00,0.0
2017-05-31 06:00:00,0.0
2017-05-31 07:00:00,0.0
2017-05-31 08:00:00,0.0
2017-05-31 09:00:00,0.0
2017-05-31 10:00:00,0.0
2017-05-31 11:00:00,68.42500125000001
2017-05-31 12:00:00,277.175
2017-05-31 13:00:00,481.05
2017-05-31 14:00:00,638.90002
2017-05-31 15:00:00,738.15
2017-05-31 16:00:00,765.85
2017-05-31 17:00:00,721.8
2017-05-31 18:00:00,607.05
2017-05-31 19:00:00,438.425005
2017-05-31 20:00:00,231.1
2017-05-31 21:00:00,36.025
2017-05-31 22:00:00,0.0
2017-05-31 23:00:00,0.0
2017-06-01 00:00:00,0.0
2017-06-01 01:00:00,0.0
2017-06-01 02:00:00,0.0
2017-06-01 03:00:00,0.0
2017-06-01 04:00:00,0.0
2017-06-01 05:00:00,0.0
2017-06-01 06:00:00,0.0
2017-06-01 07:00:00,0.0
2017-06-01 08:00:00,0.0
2017-06-01 09:00:00,0.0
2017-06-01 10:00:00,0.0
2017-06-01 11:00:00,67.65000001
2017-06-01 12:00:00,269.1333333333334
2017-06-01 13:00:00,483.575
2017-06-01 14:00:00,642.175
2017-06-01 15:00:00,739.6
2017-06-01 16:00:00,767.35
2017-06-01 17:00:00,723.3000099999999
2017-06-01 18:00:00,609.6000200000001
2017-06-01 19:00:00,441.47501
2017-06-01 20:00:00,233.6250025
2017-06-01 21:00:00,38.325
2017-06-01 22:00:00,0.0
2017-06-01 23:00:00,0.0
2017-06-02 00:00:00,0.0
2017-06-02 01:00:00,0.0
2017-06-02 02:00:00,0.0
2017-06-02 03:00:00,0.0
2017-06-02 04:00:00,0.0
2017-06-02 05:00:00,0.0
2017-06-02 06:00:00,0.0
2017-06-02 07:00:00,0.0
2017-06-02 08:00:00,0.0
2017-06-02 09:00:00,0.0
2017-06-02 10:00:00,0.0
2017-06-02 11:00:00,67.32500125
2017-06-02 12:00:00,258.4750025
2017-06-02 13:00:00,462.225005
2017-06-02 14:00:00,621.42502
2017-06-02 15:00:00,722.7249999999999
2017-06-02 16:00:00,738.62501
2017-06-02 17:00:00,701.525
2017-06-02 18:00:00,505.92502
2017-06-02 19:00:00,349.3
2017-06-02 20:00:00,150.85000125
2017-06-02 21:00:00,33.225001250000005
2017-06-02 22:00:00,0.0
2017-06-02 23:00:00,0.0
2017-06-03 00:00:00,0.0
2017-06-03 01:00:00,0.0
2017-06-03 02:00:00,0.0
2017-06-03 03:00:00,0.0
2017-06-03 04:00:00,0.0
2017-06-03 05:00:00,0.0
2017-06-03 06:00:00,0.0
2017-06-03 07:00:00,0.0
2017-06-03 08:00:00,0.0
2017-06-03 09:00:00,0.0
2017-06-03 10:00:00,0.0
2017-06-03 11:00:00,64.675
2017-06-03 12:00:00,271.4750025
2017-06-03 13:00:00,475.85
2017-06-03 14:00:00,627.87501
2017-06-03 15:00:00,712.75001
2017-06-03 16:00:00,754.2750100000001
2017-06-03 17:00:00,709.5250100000001
2017-06-03 18:00:00,605.42502
2017-06-03 19:00:00,436.975005
2017-06-03 20:00:00,228.45000000000002
2017-06-03 21:00:00,21.4
2017-06-03 22:00:00,0.0
2017-06-03 23:00:00,0.0
2017-06-04 00:00:00,0.0
2017-06-04 01:00:00,0.0
2017-06-04 02:00:00,0.0
2017-06-04 03:00:00,0.0
2017-06-04 04:00:00,0.0
2017-06-04 05:00:00,0.0
2017-06-04 06:00:00,0.0
2017-06-04 07:00:00,0.0
2017-06-04 08:00:00,0.0
2017-06-04 09:00:00,0.0
2017-06-04 10:00:00,0.0
2017-06-04 11:00:00,59.05000375
2017-06-04 12:00:00,259.4
2017-06-04 13:00:00,458.57500500000003
2017-06-04 14:00:00,613.55
2017-06-04 15:00:00,712.25001
2017-06-04 16:00:00,738.775
2017-06-04 17:00:00,696.225
2017-06-04 18:00:00,587.675
2017-06-04 19:00:00,424.275005
2017-06-04 20:00:00,115.7500005
2017-06-04 21:00:00,10.1
2017-06-04 22:00:00,0.0
2017-06-04 23:00:00,0.0
2017-06-05 00:00:00,0.0
2017-06-05 01:00:00,0.0
2017-06-05 02:00:00,0.0
2017-06-05 03:00:00,0.0
2017-06-05 04:00:00,0.0
2017-06-05 05:00:00,0.0
2017-06-05 06:00:00,0.0
2017-06-05 07:00:00,0.0
2017-06-05 08:00:00,0.0
2017-06-05 09:00:00,0.0
2017-06-05 10:00:00,0.0
2017-06-05 11:00:00,54.30000125
2017-06-05 12:00:00,176.675
2017-06-05 13:00:00,314.15
2017-06-05 14:00:00,444.875005
2017-06-05 15:00:00,383.875005
2017-06-05 16:00:00,327.350005
2017-06-05 17:00:00,408.375
2017-06-05 18:00:00,514.75
2017-06-05 19:00:00,364.5
2017-06-05 20:00:00,163.25
2017-06-05 21:00:00,10.97500025
2017-06-05 22:00:00,0.0
2017-06-05 23:00:00,0.0
2017-06-06 00:00:00,0.0
2017-06-06 01:00:00,0.0
2017-06-06 02:00:00,0.0
2017-06-06 03:00:00,0.0
2017-06-06 04:00:00,0.0
2017-06-06 05:00:00,0.0
2017-06-06 06:00:00,0.0
2017-06-06 07:00:00,0.0
2017-06-06 08:00:00,0.0
2017-06-06 09:00:00,0.0
2017-06-06 10:00:00,0.0
2017-06-06 11:00:00,46.725
2017-06-06 12:00:00,204.475
2017-06-06 13:00:00,280.45000500000003
2017-06-06 14:00:00,409.900005
2017-06-06 15:00:00,384.82500500000003
2017-06-06 16:00:00,349.67499999999995
2017-06-06 17:00:00,318.750005
2017-06-06 18:00:00,222.35000000000002
2017-06-06 19:00:00,188.850005
2017-06-06 20:00:00,110.15
2017-06-06 21:00:00,17.925000500000003
2017-06-06 22:00:00,0.0
2017-06-06 23:00:00,0.0
2017-06-07 00:00:00,0.0
2017-06-07 01:00:00,0.0
2017-06-07 02:00:00,0.0
2017-06-07 03:00:00,0.0
2017-06-07 04:00:00,0.0
2017-06-07 05:00:00,0.0
2017-06-07 06:00:00,0.0
2017-06-07 07:00:00,0.0
2017-06-07 08:00:00,0.0
2017-06-07 09:00:00,0.0
2017-06-07 10:00:00,0.0
2017-06-07 11:00:00,45.975
2017-06-07 12:00:00,177.3250025
2017-06-07 13:00:00,273.000015
2017-06-07 14:00:00,291.95
2017-06-07 15:00:00,342.725005
2017-06-07 16:00:00,508.375005
2017-06-07 17:00:00,490.67501
2017-06-07 18:00:00,426.075005
2017-06-07 19:00:00,389.90000499999996
2017-06-07 20:00:00,210.325
2017-06-07 21:00:00,36.6
2017-06-07 22:00:00,0.0
2017-06-07 23:00:00,0.0
2017-06-08 00:00:00,0.0
2017-06-08 01:00:00,0.0
2017-06-08 02:00:00,0.0
2017-06-08 03:00:00,0.0
2017-06-08 04:00:00,0.0
2017-06-08 05:00:00,0.0
2017-06-08 06:00:00,0.0
2017-06-08 07:00:00,0.0
2017-06-08 08:00:00,0.0
2017-06-08 09:00:00,0.0
2017-06-08 10:00:00,0.0
2017-06-08 11:00:00,61.15
2017-06-08 12:00:00,268.275
2017-06-08 13:00:00,471.250005
2017-06-08 14:00:00,629.2750100000001
2017-06-08 15:00:00,727.92501
2017-06-08 16:00:00,757.225
2017-06-08 17:00:00,716.0250100000001
2017-06-08 18:00:00,609.07501
2017-06-08 19:00:00,443.575
2017-06-08 20:00:00,237.525
2017-06-08 21:00:00,40.125
2017-06-08 22:00:00,0.0
2017-06-08 23:00:00,0.0
2017-06-09 00:00:00,0.0
2017-06-09 01:00:00,0.0
2017-06-09 02:00:00,0.0
2017-06-09 03:00:00,0.0
2017-06-09 04:00:00,0.0
2017-06-09 05:00:00,0.0
2017-06-09 06:00:00,0.0
2017-06-09 07:00:00,0.0
2017-06-09 08:00:00,0.0
2017-06-09 09:00:00,0.0
2017-06-09 10:00:00,0.0
2017-06-09 11:00:00,60.175
2017-06-09 12:00:00,266.600005
2017-06-09 13:00:00,469.15
2017-06-09 14:00:00,626.5500099999999
2017-06-09 15:00:00,725.25
2017-06-09 16:00:00,754.0
2017-06-09 17:00:00,712.52502
2017-06-09 18:00:00,604.6500100000001
2017-06-09 19:00:00,439.5
2017-06-09 20:00:00,235.0
2017-06-09 21:00:00,39.02500125
2017-06-09 22:00:00,0.0
2017-06-09 23:00:00,0.0
2017-06-10 00:00:00,0.0
2017-06-10 01:00:00,0.0
2017-06-10 02:00:00,0.0
2017-06-10 03:00:00,0.0
2017-06-10 04:00:00,0.0
2017-06-10 05:00:00,0.0
2017-06-10 06:00:00,0.0
2017-06-10 07:00:00,0.0
2017-06-10 08:00:00,0.0
2017-06-10 09:00:00,0.0
2017-06-10 10:00:00,0.0
2017-06-10 11:00:00,59.60000125
2017-06-10 12:00:00,270.025
2017-06-10 13:00:00,473.6
2017-06-10 14:00:00,632.4000100000001
2017-06-10 15:00:00,731.25
2017-06-10 16:00:00,762.72501
2017-06-10 17:00:00,723.925
2017-06-10 18:00:00,616.15
2017-06-10 19:00:00,450.850005
2017-06-10 20:00:00,242.17499999999998
2017-06-10 21:00:00,38.000000075
2017-06-10 22:00:00,0.0
2017-06-10 23:00:00,0.0
2017-06-11 00:00:00,0.0
2017-06-11 01:00:00,0.0
2017-06-11 02:00:00,0.0
2017-06-11 03:00:00,0.0
2017-06-11 04:00:00,0.0
2017-06-11 05:00:00,0.0
2017-06-11 06:00:00,0.0
2017-06-11 07:00:00,0.0
2017-06-11 08:00:00,0.0
2017-06-11 09:00:00,0.0
2017-06-11 10:00:00,0.0
2017-06-11 11:00:00,51.349999999999994
2017-06-11 12:00:00,251.400005
2017-06-11 13:00:00,454.32500500000003
2017-06-11 14:00:00,612.525
2017-06-11 15:00:00,710.75
2017-06-11 16:00:00,740.07501
2017-06-11 17:00:00,698.52503
2017-06-11 18:00:00,586.475
2017-06-11 19:00:00,421.3
2017-06-11 20:00:00,217.87500500000002
2017-06-11 21:00:00,31.625001825000002
2017-06-11 22:00:00,0.0
2017-06-11 23:00:00,0.0
2017-06-12 00:00:00,0.0
2017-06-12 01:00:00,0.0
2017-06-12 02:00:00,0.0
2017-06-12 03:00:00,0.0
2017-06-12 04:00:00,0.0
2017-06-12 05:00:00,0.0
2017-06-12 06:00:00,0.0
2017-06-12 07:00:00,0.0
2017-06-12 08:00:00,0.0
2017-06-12 09:00:00,0.0
2017-06-12 10:00:00,0.0
2017-06-12 11:00:00,52.725
2017-06-12 12:00:00,259.0500025
2017-06-12 13:00:00,463.475005
2017-06-12 14:00:00,622.45001
2017-06-12 15:00:00,719.92502
2017-06-12 16:00:00,748.80002
2017-06-12 17:00:00,698.5
2017-06-12 18:00:00,599.7
2017-06-12 19:00:00,435.350015
2017-06-12 20:00:00,230.200005
2017-06-12 21:00:00,37.4750005
2017-06-12 22:00:00,0.0
2017-06-12 23:00:00,0.0
2017-06-13 00:00:00,0.0
2017-06-13 01:00:00,0.0
2017-06-13 02:00:00,0.0
2017-06-13 03:00:00,0.0
2017-06-13 04:00:00,0.0
2017-06-13 05:00:00,0.0
2017-06-13 06:00:00,0.0
2017-06-13 07:00:00,0.0
2017-06-13 08:00:00,0.0
2017-06-13 09:00:00,0.0
2017-06-13 10:00:00,0.0
2017-06-13 11:00:00,54.40000125
2017-06-13 12:00:00,259.175005
2017-06-13 13:00:00,464.45000500000003
2017-06-13 14:00:00,624.4
2017-06-13 15:00:00,722.05
2017-06-13 16:00:00,750.8
2017-06-13 17:00:00,708.80001
2017-06-13 18:00:00,601.00001
2017-06-13 19:00:00,435.67501
2017-06-13 20:00:00,230.325005
2017-06-13 21:00:00,34.075
2017-06-13 22:00:00,0.0
2017-06-13 23:00:00,0.0
2017-06-14 00:00:00,0.0
2017-06-14 01:00:00,0.0
2017-06-14 02:00:00,0.0
2017-06-14 03:00:00,0.0
2017-06-14 04:00:00,0.0
2017-06-14 05:00:00,0.0
2017-06-14 06:00:00,0.0
2017-06-14 07:00:00,0.0
2017-06-14 08:00:00,0.0
2017-06-14 09:00:00,0.0
2017-06-14 10:00:00,0.0
2017-06-14 11:00:00,42.3500005
2017-06-14 12:00:00,247.5500075
2017-06-14 13:00:00,441.9
2017-06-14 14:00:00,603.375
2017-06-14 15:00:00,652.875
2017-06-14 16:00:00,696.55002
2017-06-14 17:00:00,680.1500100000001
2017-06-14 18:00:00,584.40001
2017-06-14 19:00:00,331.975005
2017-06-14 20:00:00,125.67500000000001
2017-06-14 21:00:00,14.5
2017-06-14 22:00:00,0.0
2017-06-14 23:00:00,0.0
2017-06-15 00:00:00,0.0
2017-06-15 01:00:00,0.0
2017-06-15 02:00:00,0.0
2017-06-15 03:00:00,0.0
2017-06-15 04:00:00,0.0
2017-06-15 05:00:00,0.0
2017-06-15 06:00:00,0.0
2017-06-15 07:00:00,0.0
2017-06-15 08:00:00,0.0
2017-06-15 09:00:00,0.0
2017-06-15 10:00:00,0.0
2017-06-15 11:00:00,45.650000000000006
2017-06-15 12:00:00,252.825
2017-06-15 13:00:00,457.775005
2017-06-15 14:00:00,617.4000100000001
2017-06-15 15:00:00,717.85001
2017-06-15 16:00:00,747.3
2017-06-15 17:00:00,705.975
2017-06-15 18:00:00,596.8249999999999
2017-06-15 19:00:00,432.57500500000003
2017-06-15 20:00:00,228.2500025
2017-06-15 21:00:00,37.75000025
2017-06-15 22:00:00,0.0
2017-06-15 23:00:00,0.0
2017-06-16 00:00:00,0.0
2017-06-16 01:00:00,0.0
2017-06-16 02:00:00,0.0
2017-06-16 03:00:00,0.0
2017-06-16 04:00:00,0.0
2017-06-16 05:00:00,0.0
2017-06-16 06:00:00,0.0
2017-06-16 07:00:00,0.0
2017-06-16 08:00:00,0.0
2017-06-16 09:00:00,0.0
2017-06-16 10:00:00,0.0
2017-06-16 11:00:00,50.100001250000005
2017-06-16 12:00:00,249.35000000000002
2017-06-16 13:00:00,451.975
2017-06-16 14:00:00,610.875
2017-06-16 15:00:00,710.70002
2017-06-16 16:00:00,741.65
2017-06-16 17:00:00,702.35
2017-06-16 18:00:00,598.82501
2017-06-16 19:00:00,417.825
2017-06-16 20:00:00,174.2250025
2017-06-16 21:00:00,21.50000025
2017-06-16 22:00:00,0.0
2017-06-16 23:00:00,0.0
2017-06-17 00:00:00,0.0
2017-06-17 01:00:00,0.0
2017-06-17 02:00:00,0.0
2017-06-17 03:00:00,0.0
2017-06-17 04:00:00,0.0
2017-06-17 05:00:00,0.0
2017-06-17 06:00:00,0.0
2017-06-17 07:00:00,0.0
2017-06-17 08:00:00,0.0
2017-06-17 09:00:00,0.0
2017-06-17 10:00:00,0.0
2017-06-17 11:00:00,49.775
2017-06-17 12:00:00,245.225005
2017-06-17 13:00:00,415.725
2017-06-17 14:00:00,516.6500000000001
2017-06-17 15:00:00,556.9
2017-06-17 16:00:00,599.00001
2017-06-17 17:00:00,668.45002
2017-06-17 18:00:00,599.32502
2017-06-17 19:00:00,382.500005
2017-06-17 20:00:00,231.950005
2017-06-17 21:00:00,34.675
2017-06-17 22:00:00,0.0
2017-06-17 23:00:00,0.0
2017-06-18 00:00:00,0.0
2017-06-18 01:00:00,0.0
2017-06-18 02:00:00,0.0
2017-06-18 03:00:00,0.0
2017-06-18 04:00:00,0.0
2017-06-18 05:00:00,0.0
2017-06-18 06:00:00,0.0
2017-06-18 07:00:00,0.0
2017-06-18 08:00:00,0.0
2017-06-18 09:00:00,0.0
2017-06-18 10:00:00,0.0
2017-06-18 11:00:00,38.25
2017-06-18 12:00:00,232.075005
2017-06-18 13:00:00,395.225
2017-06-18 14:00:00,398.15
2017-06-18 15:00:00,481.925
2017-06-18 16:00:00,538.0250100000001
2017-06-18 17:00:00,539.4250099999999
2017-06-18 18:00:00,416.575
2017-06-18 19:00:00,290.575
2017-06-18 20:00:00,170.775
2017-06-18 21:00:00,35.300000575000006
2017-06-18 22:00:00,0.0
2017-06-18 23:00:00,0.0
2017-06-19 00:00:00,0.0
2017-06-19 01:00:00,0.0
2017-06-19 02:00:00,0.0
2017-06-19 03:00:00,0.0
2017-06-19 04:00:00,0.0
2017-06-19 05:00:00,0.0
2017-06-19 06:00:00,0.0
2017-06-19 07:00:00,0.0
2017-06-19 08:00:00,0.0
2017-06-19 09:00:00,0.0
2017-06-19 10:00:00,0.0
2017-06-19 11:00:00,49.25
2017-06-19 12:00:00,241.35
2017-06-19 13:00:00,446.10001
2017-06-19 14:00:00,607.32502
2017-06-19 15:00:00,709.07501
2017-06-19 16:00:00,740.15001
2017-06-19 17:00:00,699.95001
2017-06-19 18:00:00,596.57501
2017-06-19 19:00:00,432.7
2017-06-19 20:00:00,229.5500075
2017-06-19 21:00:00,38.50000075
2017-06-19 22:00:00,0.0
2017-06-19 23:00:00,0.0
2017-06-20 00:00:00,0.0
2017-06-20 01:00:00,0.0
2017-06-20 02:00:00,0.0
2017-06-20 03:00:00,0.0
2017-06-20 04:00:00,0.0
2017-06-20 05:00:00,0.0
2017-06-20 06:00:00,0.0
2017-06-20 07:00:00,0.0
2017-06-20 08:00:00,0.0
2017-06-20 09:00:00,0.0
2017-06-20 10:00:00,0.0
2017-06-20 11:00:00,51.175
2017-06-20 12:00:00,247.3
2017-06-20 13:00:00,451.9
2017-06-20 14:00:00,612.925
2017-06-20 15:00:00,714.62501
2017-06-20 16:00:00,746.32501
2017-06-20 17:00:00,707.525
2017-06-20 18:00:00,599.4000100000001
2017-06-20 19:00:00,435.9
2017-06-20 20:00:00,231.775005
2017-06-20 21:00:00,39.07500025
2017-06-20 22:00:00,0.0
2017-06-20 23:00:00,0.0
2017-06-21 00:00:00,0.0
2017-06-21 01:00:00,0.0
2017-06-21 02:00:00,0.0
2017-06-21 03:00:00,0.0
2017-06-21 04:00:00,0.0
2017-06-21 05:00:00,0.0
2017-06-21 06:00:00,0.0
2017-06-21 07:00:00,0.0
2017-06-21 08:00:00,0.0
2017-06-21 09:00:00,0.0
2017-06-21 10:00:00,0.0
2017-06-21 11:00:00,48.20000025
2017-06-21 12:00:00,246.175005
2017-06-21 13:00:00,449.825015
2017-06-21 14:00:00,610.35002
2017-06-21 15:00:00,711.47501
2017-06-21 16:00:00,744.5250100000001
2017-06-21 17:00:00,706.95001
2017-06-21 18:00:00,599.7
2017-06-21 19:00:00,437.075
2017-06-21 20:00:00,232.9250025
2017-06-21 21:00:00,38.675
2017-06-21 22:00:00,0.0
2017-06-21 23:00:00,0.0
2017-06-22 00:00:00,0.0
2017-06-22 01:00:00,0.0
2017-06-22 02:00:00,0.0
2017-06-22 03:00:00,0.0
2017-06-22 04:00:00,0.0
2017-06-22 05:00:00,0.0
2017-06-22 06:00:00,0.0
2017-06-22 07:00:00,0.0
2017-06-22 08:00:00,0.0
2017-06-22 09:00:00,0.0
2017-06-22 10:00:00,0.0
2017-06-22 11:00:00,26.23333333333333
2017-06-22 12:00:00,249.6
2017-06-22 13:00:00,454.425005
2017-06-22 14:00:00,615.57502
2017-06-22 15:00:00,717.37503
2017-06-22 16:00:00,750.47501
2017-06-22 17:00:00,712.975
2017-06-22 18:00:00,606.50001
2017-06-22 19:00:00,443.075005
2017-06-22 20:00:00,238.225005
2017-06-22 21:00:00,41.60000025
2017-06-22 22:00:00,0.0
2017-06-22 23:00:00,0.0
2017-06-23 00:00:00,0.0
2017-06-23 01:00:00,0.0
2017-06-23 02:00:00,0.0
2017-06-23 03:00:00,0.0
2017-06-23 04:00:00,0.0
2017-06-23 05:00:00,0.0
2017-06-23 06:00:00,0.0
2017-06-23 07:00:00,0.0
2017-06-23 08:00:00,0.0
2017-06-23 09:00:00,0.0
2017-06-23 10:00:00,0.0
2017-06-23 11:00:00,47.6750005
2017-06-23 12:00:00,244.85
2017-06-23 13:00:00,447.975
2017-06-23 14:00:00,607.95
2017-06-23 15:00:00,708.8
2017-06-23 16:00:00,741.52502
2017-06-23 17:00:00,704.35001
2017-06-23 18:00:00,598.50001
2017-06-23 19:00:00,436.07501
2017-06-23 20:00:00,233.0750075
2017-06-23 21:00:00,40.275
2017-06-23 22:00:00,0.0
2017-06-23 23:00:00,0.0
2017-06-24 00:00:00,0.0
2017-06-24 01:00:00,0.0
2017-06-24 02:00:00,0.0
2017-06-24 03:00:00,0.0
2017-06-24 04:00:00,0.0
2017-06-24 05:00:00,0.0
2017-06-24 06:00:00,0.0
2017-06-24 07:00:00,0.0
2017-06-24 08:00:00,0.0
2017-06-24 09:00:00,0.0
2017-06-24 10:00:00,0.0
2017-06-24 11:00:00,46.675000250000004
2017-06-24 12:00:00,250.850005
2017-06-24 13:00:00,456.100005
2017-06-24 14:00:00,617.975
2017-06-24 15:00:00,721.45
2017-06-24 16:00:00,754.97501
2017-06-24 17:00:00,717.675
2017-06-24 18:00:00,611.0
2017-06-24 19:00:00,447.675005
2017-06-24 20:00:00,242.64999999999998
2017-06-24 21:00:00,43.80000125
2017-06-24 22:00:00,0.0
2017-06-24 23:00:00,0.0
2017-06-25 00:00:00,0.0
2017-06-25 01:00:00,0.0
2017-06-25 02:00:00,0.0
2017-06-25 03:00:00,0.0
2017-06-25 04:00:00,0.0
2017-06-25 05:00:00,0.0
2017-06-25 06:00:00,0.0
2017-06-25 07:00:00,0.0
2017-06-25 08:00:00,0.0
2017-06-25 09:00:00,0.0
2017-06-25 10:00:00,0.0
2017-06-25 11:00:00,44.474999999999994
2017-06-25 12:00:00,236.4250025
2017-06-25 13:00:00,435.75
2017-06-25 14:00:00,592.50001
2017-06-25 15:00:00,692.52501
2017-06-25 16:00:00,724.8499999999999
2017-06-25 17:00:00,687.5
2017-06-25 18:00:00,585.575
2017-06-25 19:00:00,426.575005
2017-06-25 20:00:00,228.3000025
2017-06-25 21:00:00,25.150000000000002
2017-06-25 22:00:00,0.0
2017-06-25 23:00:00,0.0
2017-06-26 00:00:00,0.0
2017-06-26 01:00:00,0.0
2017-06-26 02:00:00,0.0
2017-06-26 03:00:00,0.0
2017-06-26 04:00:00,0.0
2017-06-26 05:00:00,0.0
2017-06-26 06:00:00,0.0
2017-06-26 07:00:00,0.0
2017-06-26 08:00:00,0.0
2017-06-26 09:00:00,0.0
2017-06-26 10:00:00,0.0
2017-06-26 11:00:00,33.975
2017-06-26 12:00:00,180.5500025
2017-06-26 13:00:00,301.12501
2017-06-26 14:00:00,423.22501
2017-06-26 15:00:00,523.800005
2017-06-26 16:00:00,576.225015
2017-06-26 17:00:00,481.15
2017-06-26 18:00:00,595.1500100000001
2017-06-26 19:00:00,437.875
2017-06-26 20:00:00,237.750005
2017-06-26 21:00:00,43.32500175
2017-06-26 22:00:00,0.0
2017-06-26 23:00:00,0.0
2017-06-27 00:00:00,0.0
2017-06-27 01:00:00,0.0
2017-06-27 02:00:00,0.0
2017-06-27 03:00:00,0.0
2017-06-27 04:00:00,0.0
2017-06-27 05:00:00,0.0
2017-06-27 06:00:00,0.0
2017-06-27 07:00:00,0.0
2017-06-27 08:00:00,0.0
2017-06-27 09:00:00,0.0
2017-06-27 10:00:00,0.0
2017-06-27 11:00:00,47.575
2017-06-27 12:00:00,247.600005
2017-06-27 13:00:00,451.700015
2017-06-27 14:00:00,612.75
2017-06-27 15:00:00,714.0500099999999
2017-06-27 16:00:00,748.85
2017-06-27 17:00:00,712.55001
2017-06-27 18:00:00,540.375
2017-06-27 19:00:00,371.70000500000003
2017-06-27 20:00:00,245.975
2017-06-27 21:00:00,46.40000125
2017-06-27 22:00:00,0.0
2017-06-27 23:00:00,0.0
2017-06-28 00:00:00,0.0
2017-06-28 01:00:00,0.0
2017-06-28 02:00:00,0.0
2017-06-28 03:00:00,0.0
2017-06-28 04:00:00,0.0
2017-06-28 05:00:00,0.0
2017-06-28 06:00:00,0.0
2017-06-28 07:00:00,0.0
2017-06-28 08:00:00,0.0
2017-06-28 09:00:00,0.0
2017-06-28 10:00:00,0.0
2017-06-28 11:00:00,44.5
2017-06-28 12:00:00,
2017-06-28 13:00:00,464.26666666666665
2017-06-28 14:00:00,600.57501
2017-06-28 15:00:00,701.6500100000001
2017-06-28 16:00:00,736.07501
2017-06-28 17:00:00,700.4000100000001
2017-06-28 18:00:00,597.4
2017-06-28 19:00:00,436.525005
2017-06-28 20:00:00,235.27499999999998
2017-06-28 21:00:00,42.625
2017-06-28 22:00:00,0.0
2017-06-28 23:00:00,0.0
2017-06-29 00:00:00,0.0
2017-06-29 01:00:00,0.0
2017-06-29 02:00:00,0.0
2017-06-29 03:00:00,0.0
2017-06-29 04:00:00,0.0
2017-06-29 05:00:00,0.0
2017-06-29 06:00:00,0.0
2017-06-29 07:00:00,0.0
2017-06-29 08:00:00,0.0
2017-06-29 09:00:00,0.0
2017-06-29 10:00:00,0.0
2017-06-29 11:00:00,43.95000125
2017-06-29 12:00:00,240.6500025
2017-06-29 13:00:00,443.37501
2017-06-29 14:00:00,604.375
2017-06-29 15:00:00,707.60001
2017-06-29 16:00:00,743.22501
2017-06-29 17:00:00,708.27502
2017-06-29 18:00:00,605.925
2017-06-29 19:00:00,445.325
2017-06-29 20:00:00,240.75
2017-06-29 21:00:00,39.25
2017-06-29 22:00:00,0.0
2017-06-29 23:00:00,0.0
2017-06-30 00:00:00,0.0
2017-06-30 01:00:00,0.0
2017-06-30 02:00:00,0.0
2017-06-30 03:00:00,0.0
2017-06-30 04:00:00,0.0
2017-06-30 05:00:00,0.0
2017-06-30 06:00:00,0.0
2017-06-30 07:00:00,0.0
2017-06-30 08:00:00,0.0
2017-06-30 09:00:00,0.0
2017-06-30 10:00:00,0.0
2017-06-30 11:00:00,40.82500175
2017-06-30 12:00:00,229.8
2017-06-30 13:00:00,433.275005
2017-06-30 14:00:00,595.77502
2017-06-30 15:00:00,694.42502
2017-06-30 16:00:00,731.25
2017-06-30 17:00:00,691.97502
2017-06-30 18:00:00,574.5
2017-06-30 19:00:00,412.575
2017-06-30 20:00:00,210.05
2017-06-30 21:00:00,34.25000125
2017-06-30 22:00:00,0.0
2017-06-30 23:00:00,0.0
2017-07-01 00:00:00,0.0
2017-07-01 01:00:00,0.0
2017-07-01 02:00:00,0.0
2017-07-01 03:00:00,0.0
2017-07-01 04:00:00,0.0
2017-07-01 05:00:00,0.0
2017-07-01 06:00:00,0.0
2017-07-01 07:00:00,0.0
2017-07-01 08:00:00,0.0
2017-07-01 09:00:00,0.0
2017-07-01 10:00:00,0.0
2017-07-01 11:00:00,37.2
2017-07-01 12:00:00,222.57500249999998
2017-07-01 13:00:00,420.55
2017-07-01 14:00:00,577.92502
2017-07-01 15:00:00,657.35
2017-07-01 16:00:00,689.25001
2017-07-01 17:00:00,528.7750149999999
2017-07-01 18:00:00,575.87503
2017-07-01 19:00:00,418.95000500000003
2017-07-01 20:00:00,223.025
2017-07-01 21:00:00,31.7
2017-07-01 22:00:00,0.0
2017-07-01 23:00:00,0.0
2017-07-02 00:00:00,0.0
2017-07-02 01:00:00,0.0
2017-07-02 02:00:00,0.0
2017-07-02 03:00:00,0.0
2017-07-02 04:00:00,0.0
2017-07-02 05:00:00,0.0
2017-07-02 06:00:00,0.0
2017-07-02 07:00:00,0.0
2017-07-02 08:00:00,0.0
2017-07-02 09:00:00,0.0
2017-07-02 10:00:00,0.0
2017-07-02 11:00:00,37.05000125
2017-07-02 12:00:00,224.2750025
2017-07-02 13:00:00,424.750005
2017-07-02 14:00:00,585.52502
2017-07-02 15:00:00,688.70002
2017-07-02 16:00:00,723.92501
2017-07-02 17:00:00,688.65002
2017-07-02 18:00:00,547.700015
2017-07-02 19:00:00,365.350005
2017-07-02 20:00:00,217.0250025
2017-07-02 21:00:00,41.350001250000005
2017-07-02 22:00:00,0.0
2017-07-02 23:00:00,0.0
2017-07-03 00:00:00,0.0
2017-07-03 01:00:00,0.0
2017-07-03 02:00:00,0.0
2017-07-03 03:00:00,0.0
2017-07-03 04:00:00,0.0
2017-07-03 05:00:00,0.0
2017-07-03 06:00:00,0.0
2017-07-03 07:00:00,0.0
2017-07-03 08:00:00,0.0
2017-07-03 09:00:00,0.0
2017-07-03 10:00:00,0.0
2017-07-03 11:00:00,44.850001250000005
2017-07-03 12:00:00,237.77500250000003
2017-07-03 13:00:00,444.425
2017-07-03 14:00:00,608.57501
2017-07-03 15:00:00,713.17501
2017-07-03 16:00:00,749.075
2017-07-03 17:00:00,713.57501
2017-07-03 18:00:00,607.8000099999999
2017-07-03 19:00:00,444.875005
2017-07-03 20:00:00,241.025
2017-07-03 21:00:00,44.725
2017-07-03 22:00:00,0.0
2017-07-03 23:00:00,0.0
2017-07-04 00:00:00,0.0
2017-07-04 01:00:00,0.0
2017-07-04 02:00:00,0.0
2017-07-04 03:00:00,0.0
2017-07-04 04:00:00,0.0
2017-07-04 05:00:00,0.0
2017-07-04 06:00:00,0.0
2017-07-04 07:00:00,0.0
2017-07-04 08:00:00,0.0
2017-07-04 09:00:00,0.0
2017-07-04 10:00:00,0.0
2017-07-04 11:00:00,45.5
2017-07-04 12:00:00,246.425005
2017-07-04 13:00:00,454.875
2017-07-04 14:00:00,619.75001
2017-07-04 15:00:00,727.92503
2017-07-04 16:00:00,762.875
2017-07-04 17:00:00,725.17503
2017-07-04 18:00:00,619.80003
2017-07-04 19:00:00,458.4
2017-07-04 20:00:00,253.8750025
2017-07-04 21:00:00,50.400000250000005
2017-07-04 22:00:00,0.0
2017-07-04 23:00:00,0.0
2017-07-05 00:00:00,0.0
2017-07-05 01:00:00,0.0
2017-07-05 02:00:00,0.0
2017-07-05 03:00:00,0.0
2017-07-05 04:00:00,0.0
2017-07-05 05:00:00,0.0
2017-07-05 06:00:00,0.0
2017-07-05 07:00:00,0.0
2017-07-05 08:00:00,0.0
2017-07-05 09:00:00,0.0
2017-07-05 10:00:00,0.0
2017-07-05 11:00:00,48.175
2017-07-05 12:00:00,251.375
2017-07-05 13:00:00,457.30000500000006
2017-07-05 14:00:00,619.55
2017-07-05 15:00:00,721.95002
2017-07-05 16:00:00,758.50002
2017-07-05 17:00:00,723.9
2017-07-05 18:00:00,616.92501
2017-07-05 19:00:00,455.600005
2017-07-05 20:00:00,252.0750075
2017-07-05 21:00:00,43.6250015
2017-07-05 22:00:00,0.0
2017-07-05 23:00:00,0.0
2017-07-06 00:00:00,0.0
2017-07-06 01:00:00,0.0
2017-07-06 02:00:00,0.0
2017-07-06 03:00:00,0.0
2017-07-06 04:00:00,0.0
2017-07-06 05:00:00,0.0
2017-07-06 06:00:00,0.0
2017-07-06 07:00:00,0.0
2017-07-06 08:00:00,0.0
2017-07-06 09:00:00,0.0
2017-07-06 10:00:00,0.0
2017-07-06 11:00:00,44.95000025
2017-07-06 12:00:00,239.975
2017-07-06 13:00:00,446.2
2017-07-06 14:00:00,610.22501
2017-07-06 15:00:00,716.025
2017-07-06 16:00:00,752.65001
2017-07-06 17:00:00,717.9250099999999
2017-07-06 18:00:00,610.3
2017-07-06 19:00:00,448.575
2017-07-06 20:00:00,245.27500500000002
2017-07-06 21:00:00,49.2750005
2017-07-06 22:00:00,0.0
2017-07-06 23:00:00,0.0
2017-07-07 00:00:00,0.0
2017-07-07 01:00:00,0.0
2017-07-07 02:00:00,0.0
2017-07-07 03:00:00,0.0
2017-07-07 04:00:00,0.0
2017-07-07 05:00:00,0.0
2017-07-07 06:00:00,0.0
2017-07-07 07:00:00,0.0
2017-07-07 08:00:00,0.0
2017-07-07 09:00:00,0.0
2017-07-07 10:00:00,0.0
2017-07-07 11:00:00,41.150000000000006
2017-07-07 12:00:00,234.72500250000002
2017-07-07 13:00:00,442.100005
2017-07-07 14:00:00,607.25001
2017-07-07 15:00:00,711.275
2017-07-07 16:00:00,744.95001
2017-07-07 17:00:00,708.375
2017-07-07 18:00:00,605.02502
2017-07-07 19:00:00,443.95
2017-07-07 20:00:00,241.675
2017-07-07 21:00:00,47.525000500000004
2017-07-07 22:00:00,0.0
2017-07-07 23:00:00,0.0
2017-07-08 00:00:00,0.0
2017-07-08 01:00:00,0.0
2017-07-08 02:00:00,0.0
2017-07-08 03:00:00,0.0
2017-07-08 04:00:00,0.0
2017-07-08 05:00:00,0.0
2017-07-08 06:00:00,0.0
2017-07-08 07:00:00,0.0
2017-07-08 08:00:00,0.0
2017-07-08 09:00:00,0.0
2017-07-08 10:00:00,0.0
2017-07-08 11:00:00,41.90000175
2017-07-08 12:00:00,238.0
2017-07-08 13:00:00,446.67499999999995
2017-07-08 14:00:00,613.00001
2017-07-08 15:00:00,719.3
2017-07-08 16:00:00,754.75001
2017-07-08 17:00:00,718.175
2017-07-08 18:00:00,613.62501
2017-07-08 19:00:00,451.0
2017-07-08 20:00:00,246.95
2017-07-08 21:00:00,50.225
2017-07-08 22:00:00,0.0
2017-07-08 23:00:00,0.0
2017-07-09 00:00:00,0.0
2017-07-09 01:00:00,0.0
2017-07-09 02:00:00,0.0
2017-07-09 03:00:00,0.0
2017-07-09 04:00:00,0.0
2017-07-09 05:00:00,0.0
2017-07-09 06:00:00,0.0
2017-07-09 07:00:00,0.0
2017-07-09 08:00:00,0.0
2017-07-09 09:00:00,0.0
2017-07-09 10:00:00,0.0
2017-07-09 11:00:00,47.075
2017-07-09 12:00:00,247.15
2017-07-09 13:00:00,455.250005
2017-07-09 14:00:00,620.825
2017-07-09 15:00:00,729.175
2017-07-09 16:00:00,766.27502
2017-07-09 17:00:00,731.975
2017-07-09 18:00:00,628.60001
2017-07-09 19:00:00,467.45001
2017-07-09 20:00:00,262.5750075
2017-07-09 21:00:00,53.525
2017-07-09 22:00:00,0.0
2017-07-09 23:00:00,0.0
2017-07-10 00:00:00,0.0
2017-07-10 01:00:00,0.0
2017-07-10 02:00:00,0.0
2017-07-10 03:00:00,0.0
2017-07-10 04:00:00,0.0
2017-07-10 05:00:00,0.0
2017-07-10 06:00:00,0.0
2017-07-10 07:00:00,0.0
2017-07-10 08:00:00,0.0
2017-07-10 09:00:00,0.0
2017-07-10 10:00:00,0.0
2017-07-10 11:00:00,47.47500025
2017-07-10 12:00:00,243.4
2017-07-10 13:00:00,453.000005
2017-07-10 14:00:00,619.9250099999999
2017-07-10 15:00:00,726.1
2017-07-10 16:00:00,763.70001
2017-07-10 17:00:00,729.025
2017-07-10 18:00:00,622.9000100000001
2017-07-10 19:00:00,459.5
2017-07-10 20:00:00,253.4750075
2017-07-10 21:00:00,51.050000000000004
2017-07-10 22:00:00,0.0
2017-07-10 23:00:00,0.0
2017-07-11 00:00:00,0.0
2017-07-11 01:00:00,0.0
2017-07-11 02:00:00,0.0
2017-07-11 03:00:00,0.0
2017-07-11 04:00:00,0.0
2017-07-11 05:00:00,0.0
2017-07-11 06:00:00,0.0
2017-07-11 07:00:00,0.0
2017-07-11 08:00:00,0.0
2017-07-11 09:00:00,0.0
2017-07-11 10:00:00,0.0
2017-07-11 11:00:00,45.95
2017-07-11 12:00:00,237.02499999999998
2017-07-11 13:00:00,445.85001
2017-07-11 14:00:00,612.75001
2017-07-11 15:00:00,716.75001
2017-07-11 16:00:00,754.25
2017-07-11 17:00:00,720.175
2017-07-11 18:00:00,619.45
2017-07-11 19:00:00,455.975005
2017-07-11 20:00:00,250.4250025
2017-07-11 21:00:00,52.000001250000004
2017-07-11 22:00:00,0.0
2017-07-11 23:00:00,0.0
2017-07-12 00:00:00,0.0
2017-07-12 01:00:00,0.0
2017-07-12 02:00:00,0.0
2017-07-12 03:00:00,0.0
2017-07-12 04:00:00,0.0
2017-07-12 05:00:00,0.0
2017-07-12 06:00:00,0.0
2017-07-12 07:00:00,0.0
2017-07-12 08:00:00,0.0
2017-07-12 09:00:00,0.0
2017-07-12 10:00:00,0.0
2017-07-12 11:00:00,33.3
2017-07-12 12:00:00,233.775
2017-07-12 13:00:00,439.05
2017-07-12 14:00:00,602.8000099999999
2017-07-12 15:00:00,710.7750100000001
2017-07-12 16:00:00,748.05001
2017-07-12 17:00:00,714.82501
2017-07-12 18:00:00,614.25
2017-07-12 19:00:00,453.825015
2017-07-12 20:00:00,251.6250075
2017-07-12 21:00:00,52.40000125
2017-07-12 22:00:00,0.0
2017-07-12 23:00:00,0.0
2017-07-13 00:00:00,0.0
2017-07-13 01:00:00,0.0
2017-07-13 02:00:00,0.0
2017-07-13 03:00:00,0.0
2017-07-13 04:00:00,0.0
2017-07-13 05:00:00,0.0
2017-07-13 06:00:00,0.0
2017-07-13 07:00:00,0.0
2017-07-13 08:00:00,0.0
2017-07-13 09:00:00,0.0
2017-07-13 10:00:00,0.0
2017-07-13 11:00:00,34.2
2017-07-13 12:00:00,241.375
2017-07-13 13:00:00,449.750005
2017-07-13 14:00:00,615.55
2017-07-13 15:00:00,724.17501
2017-07-13 16:00:00,762.12501
2017-07-13 17:00:00,728.5
2017-07-13 18:00:00,627.12501
2017-07-13 19:00:00,466.500005
2017-07-13 20:00:00,262.8000025
2017-07-13 21:00:00,56.224999999999994
2017-07-13 22:00:00,0.0
2017-07-13 23:00:00,0.0
2017-07-14 00:00:00,0.0
2017-07-14 01:00:00,0.0
2017-07-14 02:00:00,0.0
2017-07-14 03:00:00,0.0
2017-07-14 04:00:00,0.0
2017-07-14 05:00:00,0.0
2017-07-14 06:00:00,0.0
2017-07-14 07:00:00,0.0
2017-07-14 08:00:00,0.0
2017-07-14 09:00:00,0.0
2017-07-14 10:00:00,0.0
2017-07-14 11:00:00,43.45
2017-07-14 12:00:00,247.875005
2017-07-14 13:00:00,457.525
2017-07-14 14:00:00,624.40002
2017-07-14 15:00:00,731.95001
2017-07-14 16:00:00,768.9
2017-07-14 17:00:00,735.35001
2017-07-14 18:00:00,633.20001
2017-07-14 19:00:00,465.72502000000003
2017-07-14 20:00:00,240.40000750000002
2017-07-14 21:00:00,30.425
2017-07-14 22:00:00,0.0
2017-07-14 23:00:00,0.0
2017-07-15 00:00:00,0.0
2017-07-15 01:00:00,0.0
2017-07-15 02:00:00,0.0
2017-07-15 03:00:00,0.0
2017-07-15 04:00:00,0.0
2017-07-15 05:00:00,0.0
2017-07-15 06:00:00,0.0
2017-07-15 07:00:00,0.0
2017-07-15 08:00:00,0.0
2017-07-15 09:00:00,0.0
2017-07-15 10:00:00,0.0
2017-07-15 11:00:00,41.575
2017-07-15 12:00:00,199.35
2017-07-15 13:00:00,331.875005
2017-07-15 14:00:00,479.05
2017-07-15 15:00:00,626.375
2017-07-15 16:00:00,629.35001
2017-07-15 17:00:00,604.875
2017-07-15 18:00:00,533.375
2017-07-15 19:00:00,471.60002000000003
2017-07-15 20:00:00,267.525
2017-07-15 21:00:00,59.9
2017-07-15 22:00:00,0.0
2017-07-15 23:00:00,0.0
2017-07-16 00:00:00,0.0
2017-07-16 01:00:00,0.0
2017-07-16 02:00:00,0.0
2017-07-16 03:00:00,0.0
2017-07-16 04:00:00,0.0
2017-07-16 05:00:00,0.0
2017-07-16 06:00:00,0.0
2017-07-16 07:00:00,0.0
2017-07-16 08:00:00,0.0
2017-07-16 09:00:00,0.0
2017-07-16 10:00:00,0.0
2017-07-16 11:00:00,27.95000125
2017-07-16 12:00:00,172.675
2017-07-16 13:00:00,325.575
2017-07-16 14:00:00,452.82500500000003
2017-07-16 15:00:00,516.525
2017-07-16 16:00:00,533.45002
2017-07-16 17:00:00,550.30001
2017-07-16 18:00:00,528.175
2017-07-16 19:00:00,426.77501
2017-07-16 20:00:00,260.8000025
2017-07-16 21:00:00,60.600001250000005
2017-07-16 22:00:00,0.0
2017-07-16 23:00:00,0.0
2017-07-17 00:00:00,0.0
2017-07-17 01:00:00,0.0
2017-07-17 02:00:00,0.0
2017-07-17 03:00:00,0.0
2017-07-17 04:00:00,0.0
2017-07-17 05:00:00,0.0
2017-07-17 06:00:00,0.0
2017-07-17 07:00:00,0.0
2017-07-17 08:00:00,0.0
2017-07-17 09:00:00,0.0
2017-07-17 10:00:00,0.0
2017-07-17 11:00:00,46.5500005
2017-07-17 12:00:00,256.45000500000003
2017-07-17 13:00:00,466.15
2017-07-17 14:00:00,631.475
2017-07-17 15:00:00,759.0
2017-07-17 16:00:00,770.07501
2017-07-17 17:00:00,734.05001
2017-07-17 18:00:00,626.725
2017-07-17 19:00:00,466.05001
2017-07-17 20:00:00,264.225
2017-07-17 21:00:00,58.72500125
2017-07-17 22:00:00,0.0
2017-07-17 23:00:00,0.0
2017-07-18 00:00:00,0.0
2017-07-18 01:00:00,0.0
2017-07-18 02:00:00,0.0
2017-07-18 03:00:00,0.0
2017-07-18 04:00:00,0.0
2017-07-18 05:00:00,0.0
2017-07-18 06:00:00,0.0
2017-07-18 07:00:00,0.0
2017-07-18 08:00:00,0.0
2017-07-18 09:00:00,0.0
2017-07-18 10:00:00,0.0
2017-07-18 11:00:00,51.3
2017-07-18 12:00:00,245.525
2017-07-18 13:00:00,455.85001
2017-07-18 14:00:00,624.05001
2017-07-18 15:00:00,732.52501
2017-07-18 16:00:00,771.325
2017-07-18 17:00:00,738.2
2017-07-18 18:00:00,634.70001
2017-07-18 19:00:00,472.60001
2017-07-18 20:00:00,266.7000075
2017-07-18 21:00:00,59.1250015
2017-07-18 22:00:00,0.0
2017-07-18 23:00:00,0.0
2017-07-19 00:00:00,0.0
2017-07-19 01:00:00,0.0
2017-07-19 02:00:00,0.0
2017-07-19 03:00:00,0.0
2017-07-19 04:00:00,0.0
2017-07-19 05:00:00,0.0
2017-07-19 06:00:00,0.0
2017-07-19 07:00:00,0.0
2017-07-19 08:00:00,0.0
2017-07-19 09:00:00,0.0
2017-07-19 10:00:00,0.0
2017-07-19 11:00:00,49.175
2017-07-19 12:00:00,246.475005
2017-07-19 13:00:00,461.5
2017-07-19 14:00:00,630.725
2017-07-19 15:00:00,740.775
2017-07-19 16:00:00,775.42501
2017-07-19 17:00:00,740.475
2017-07-19 18:00:00,632.67501
2017-07-19 19:00:00,469.3
2017-07-19 20:00:00,264.3000025
2017-07-19 21:00:00,58.675000250000004
2017-07-19 22:00:00,0.0
2017-07-19 23:00:00,0.0
2017-07-20 00:00:00,0.0
2017-07-20 01:00:00,0.0
2017-07-20 02:00:00,0.0
2017-07-20 03:00:00,0.0
2017-07-20 04:00:00,0.0
2017-07-20 05:00:00,0.0
2017-07-20 06:00:00,0.0
2017-07-20 07:00:00,0.0
2017-07-20 08:00:00,0.0
2017-07-20 09:00:00,0.0
2017-07-20 10:00:00,0.0
2017-07-20 11:00:00,49.175
2017-07-20 12:00:00,236.55
2017-07-20 13:00:00,444.9
2017-07-20 14:00:00,612.6500100000001
2017-07-20 15:00:00,715.67501
2017-07-20 16:00:00,754.3000099999999
2017-07-20 17:00:00,706.00001
2017-07-20 18:00:00,615.70001
2017-07-20 19:00:00,453.12501
2017-07-20 20:00:00,249.7250075
2017-07-20 21:00:00,54.90000125
2017-07-20 22:00:00,0.0
2017-07-20 23:00:00,0.0
2017-07-21 00:00:00,0.0
2017-07-21 01:00:00,0.0
2017-07-21 02:00:00,0.0
2017-07-21 03:00:00,0.0
2017-07-21 04:00:00,0.0
2017-07-21 05:00:00,0.0
2017-07-21 06:00:00,0.0
2017-07-21 07:00:00,0.0
2017-07-21 08:00:00,0.0
2017-07-21 09:00:00,0.0
2017-07-21 10:00:00,0.0
2017-07-21 11:00:00,44.07500075
2017-07-21 12:00:00,236.35
2017-07-21 13:00:00,444.625005
2017-07-21 14:00:00,611.9749999999999
2017-07-21 15:00:00,718.87501
2017-07-21 16:00:00,743.2750100000001
2017-07-21 17:00:00,720.42501
2017-07-21 18:00:00,599.2
2017-07-21 19:00:00,449.325
2017-07-21 20:00:00,219.9750025
2017-07-21 21:00:00,44.95
2017-07-21 22:00:00,0.0
2017-07-21 23:00:00,0.0
2017-07-22 00:00:00,0.0
2017-07-22 01:00:00,0.0
2017-07-22 02:00:00,0.0
2017-07-22 03:00:00,0.0
2017-07-22 04:00:00,0.0
2017-07-22 05:00:00,0.0
2017-07-22 06:00:00,0.0
2017-07-22 07:00:00,0.0
2017-07-22 08:00:00,0.0
2017-07-22 09:00:00,0.0
2017-07-22 10:00:00,0.0
2017-07-22 11:00:00,42.05
2017-07-22 12:00:00,241.9750075
2017-07-22 13:00:00,451.92499999999995
2017-07-22 14:00:00,620.87501
2017-07-22 15:00:00,733.37501
2017-07-22 16:00:00,773.2750100000001
2017-07-22 17:00:00,740.10001
2017-07-22 18:00:00,638.6
2017-07-22 19:00:00,474.77500499999996
2017-07-22 20:00:00,268.175
2017-07-22 21:00:00,63.7
2017-07-22 22:00:00,0.0
2017-07-22 23:00:00,0.0
2017-07-23 00:00:00,0.0
2017-07-23 01:00:00,0.0
2017-07-23 02:00:00,0.0
2017-07-23 03:00:00,0.0
2017-07-23 04:00:00,0.0
2017-07-23 05:00:00,0.0
2017-07-23 06:00:00,0.0
2017-07-23 07:00:00,0.0
2017-07-23 08:00:00,0.0
2017-07-23 09:00:00,0.0
2017-07-23 10:00:00,0.0
2017-07-23 11:00:00,52.47500025
2017-07-23 12:00:00,258.6500025
2017-07-23 13:00:00,469.75
2017-07-23 14:00:00,638.92502
2017-07-23 15:00:00,749.0
2017-07-23 16:00:00,788.95001
2017-07-23 17:00:00,756.6
2017-07-23 18:00:00,654.00002
2017-07-23 19:00:00,491.875015
2017-07-23 20:00:00,284.850005
2017-07-23 21:00:00,70.325
2017-07-23 22:00:00,0.0
2017-07-23 23:00:00,0.0
2017-07-24 00:00:00,0.0
2017-07-24 01:00:00,0.0
2017-07-24 02:00:00,0.0
2017-07-24 03:00:00,0.0
2017-07-24 04:00:00,0.0
2017-07-24 05:00:00,0.0
2017-07-24 06:00:00,0.0
2017-07-24 07:00:00,0.0
2017-07-24 08:00:00,0.0
2017-07-24 09:00:00,0.0
2017-07-24 10:00:00,0.0
2017-07-24 11:00:00,57.775
2017-07-24 12:00:00,271.4500075
2017-07-24 13:00:00,488.200015
2017-07-24 14:00:00,659.65003
2017-07-24 15:00:00,770.05
2017-07-24 16:00:00,809.75001
2017-07-24 17:00:00,776.17501
2017-07-24 18:00:00,671.65
2017-07-24 19:00:00,504.80002
2017-07-24 20:00:00,292.82500749999997
2017-07-24 21:00:00,72.875
2017-07-24 22:00:00,0.0
2017-07-24 23:00:00,0.0
2017-07-25 00:00:00,0.0
2017-07-25 01:00:00,0.0
2017-07-25 02:00:00,0.0
2017-07-25 03:00:00,0.0
2017-07-25 04:00:00,0.0
2017-07-25 05:00:00,0.0
2017-07-25 06:00:00,0.0
2017-07-25 07:00:00,0.0
2017-07-25 08:00:00,0.0
2017-07-25 09:00:00,0.0
2017-07-25 10:00:00,0.0
2017-07-25 11:00:00,57.75000125
2017-07-25 12:00:00,257.9750025
2017-07-25 13:00:00,472.050005
2017-07-25 14:00:00,643.125
2017-07-25 15:00:00,755.4750200000001
2017-07-25 16:00:00,795.175
2017-07-25 17:00:00,760.3500200000001
2017-07-25 18:00:00,658.00001
2017-07-25 19:00:00,492.07501
2017-07-25 20:00:00,282.475005
2017-07-25 21:00:00,69.650000575
2017-07-25 22:00:00,0.0
2017-07-25 23:00:00,0.0
2017-07-26 00:00:00,0.0
2017-07-26 01:00:00,0.0
2017-07-26 02:00:00,0.0
2017-07-26 03:00:00,0.0
2017-07-26 04:00:00,0.0
2017-07-26 05:00:00,0.0
2017-07-26 06:00:00,0.0
2017-07-26 07:00:00,0.0
2017-07-26 08:00:00,0.0
2017-07-26 09:00:00,0.0
2017-07-26 10:00:00,0.0
2017-07-26 11:00:00,58.15
2017-07-26 12:00:00,272.2250075
2017-07-26 13:00:00,490.000005
2017-07-26 14:00:00,662.85
2017-07-26 15:00:00,773.0500099999999
2017-07-26 16:00:00,811.75
2017-07-26 17:00:00,775.3
2017-07-26 18:00:00,666.5250100000001
2017-07-26 19:00:00,498.075015
2017-07-26 20:00:00,287.125
2017-07-26 21:00:00,71.0
2017-07-26 22:00:00,0.0
2017-07-26 23:00:00,0.0
2017-07-27 00:00:00,0.0
2017-07-27 01:00:00,0.0
2017-07-27 02:00:00,0.0
2017-07-27 03:00:00,0.0
2017-07-27 04:00:00,0.0
2017-07-27 05:00:00,0.0
2017-07-27 06:00:00,0.0
2017-07-27 07:00:00,0.0
2017-07-27 08:00:00,0.0
2017-07-27 09:00:00,0.0
2017-07-27 10:00:00,0.0
2017-07-27 11:00:00,58.57500275
2017-07-27 12:00:00,259.65
2017-07-27 13:00:00,475.375015
2017-07-27 14:00:00,648.25
2017-07-27 15:00:00,760.47501
2017-07-27 16:00:00,798.8500200000001
2017-07-27 17:00:00,761.05
2017-07-27 18:00:00,651.675
2017-07-27 19:00:00,483.82501
2017-07-27 20:00:00,275.525
2017-07-27 21:00:00,66.62500250000001
2017-07-27 22:00:00,0.0
2017-07-27 23:00:00,0.0
2017-07-28 00:00:00,0.0
2017-07-28 01:00:00,0.0
2017-07-28 02:00:00,0.0
2017-07-28 03:00:00,0.0
2017-07-28 04:00:00,0.0
2017-07-28 05:00:00,0.0
2017-07-28 06:00:00,0.0
2017-07-28 07:00:00,0.0
2017-07-28 08:00:00,0.0
2017-07-28 09:00:00,0.0
2017-07-28 10:00:00,0.0
2017-07-28 11:00:00,56.2
2017-07-28 12:00:00,270.875005
2017-07-28 13:00:00,484.975015
2017-07-28 14:00:00,655.42501
2017-07-28 15:00:00,765.92501
2017-07-28 16:00:00,804.4250099999999
2017-07-28 17:00:00,767.9
2017-07-28 18:00:00,659.2750100000001
2017-07-28 19:00:00,493.225005
2017-07-28 20:00:00,285.4
2017-07-28 21:00:00,72.5000005
2017-07-28 22:00:00,0.0
2017-07-28 23:00:00,0.0
2017-07-29 00:00:00,0.0
2017-07-29 01:00:00,0.0
2017-07-29 02:00:00,0.0
2017-07-29 03:00:00,0.0
2017-07-29 04:00:00,0.0
2017-07-29 05:00:00,0.0
2017-07-29 06:00:00,0.0
2017-07-29 07:00:00,0.0
2017-07-29 08:00:00,0.0
2017-07-29 09:00:00,0.0
2017-07-29 10:00:00,0.0
2017-07-29 11:00:00,60.60000025
2017-07-29 12:00:00,240.875
2017-07-29 13:00:00,450.82500500000003
2017-07-29 14:00:00,621.225
2017-07-29 15:00:00,733.87501
2017-07-29 16:00:00,771.10001
2017-07-29 17:00:00,733.07501
2017-07-29 18:00:00,625.12501
2017-07-29 19:00:00,459.975
2017-07-29 20:00:00,256.8
2017-07-29 21:00:00,58.82500175
2017-07-29 22:00:00,0.0
2017-07-29 23:00:00,0.0
2017-07-30 00:00:00,0.0
2017-07-30 01:00:00,0.0
2017-07-30 02:00:00,0.0
2017-07-30 03:00:00,0.0
2017-07-30 04:00:00,0.0
2017-07-30 05:00:00,0.0
2017-07-30 06:00:00,0.0
2017-07-30 07:00:00,0.0
2017-07-30 08:00:00,0.0
2017-07-30 09:00:00,0.0
2017-07-30 10:00:00,0.0
2017-07-30 11:00:00,48.82500075
2017-07-30 12:00:00,225.25
2017-07-30 13:00:00,384.9
2017-07-30 14:00:00,488.2
2017-07-30 15:00:00,529.075
2017-07-30 16:00:00,479.750005
2017-07-30 17:00:00,444.275005
2017-07-30 18:00:00,401.07500000000005
2017-07-30 19:00:00,313.125005
2017-07-30 20:00:00,155.675
2017-07-30 21:00:00,52.15
2017-07-30 22:00:00,0.0
2017-07-30 23:00:00,0.0
2017-07-31 00:00:00,0.0
2017-07-31 01:00:00,0.0
2017-07-31 02:00:00,0.0
2017-07-31 03:00:00,0.0
2017-07-31 04:00:00,0.0
2017-07-31 05:00:00,0.0
2017-07-31 06:00:00,0.0
2017-07-31 07:00:00,0.0
2017-07-31 08:00:00,0.0
2017-07-31 09:00:00,0.0
2017-07-31 10:00:00,0.0
2017-07-31 11:00:00,62.1
2017-07-31 12:00:00,272.175
2017-07-31 13:00:00,488.17501
2017-07-31 14:00:00,661.075
2017-07-31 15:00:00,774.025
2017-07-31 16:00:00,813.45
2017-07-31 17:00:00,778.47501
2017-07-31 18:00:00,673.75
2017-07-31 19:00:00,507.125005
2017-07-31 20:00:00,295.9250075
2017-07-31 21:00:00,80.0250015
2017-07-31 22:00:00,0.0
2017-07-31 23:00:00,0.0
2017-08-01 00:00:00,0.0
2017-08-01 01:00:00,0.0
2017-08-01 02:00:00,0.0
2017-08-01 03:00:00,0.0
2017-08-01 04:00:00,0.0
2017-08-01 05:00:00,0.0
2017-08-01 06:00:00,0.0
2017-08-01 07:00:00,0.0
2017-08-01 08:00:00,0.0
2017-08-01 09:00:00,0.0
2017-08-01 10:00:00,0.0
2017-08-01 11:00:00,54.5000015
2017-08-01 12:00:00,249.725
2017-08-01 13:00:00,442.80001000000004
2017-08-01 14:00:00,638.0
2017-08-01 15:00:00,619.12502
2017-08-01 16:00:00,603.9499999999999
2017-08-01 17:00:00,451.925
2017-08-01 18:00:00,629.075
2017-08-01 19:00:00,515.075005
2017-08-01 20:00:00,251.25000500000002
2017-08-01 21:00:00,48.0000015
2017-08-01 22:00:00,0.0
2017-08-01 23:00:00,0.0
2017-08-02 00:00:00,0.0
2017-08-02 01:00:00,0.0
2017-08-02 02:00:00,0.0
2017-08-02 03:00:00,0.0
2017-08-02 04:00:00,0.0
2017-08-02 05:00:00,0.0
2017-08-02 06:00:00,0.0
2017-08-02 07:00:00,0.0
2017-08-02 08:00:00,0.0
2017-08-02 09:00:00,0.0
2017-08-02 10:00:00,0.0
2017-08-02 11:00:00,63.175
2017-08-02 12:00:00,293.400005
2017-08-02 13:00:00,512.275
2017-08-02 14:00:00,686.075
2017-08-02 15:00:00,797.1
2017-08-02 16:00:00,836.75002
2017-08-02 17:00:00,798.42502
2017-08-02 18:00:00,686.12502
2017-08-02 19:00:00,512.85
2017-08-02 20:00:00,296.0000125
2017-08-02 21:00:00,81.20000125
2017-08-02 22:00:00,0.0
2017-08-02 23:00:00,
2017-08-03 00:00:00,
2017-08-03 01:00:00,0.0
2017-08-03 02:00:00,0.0
2017-08-03 03:00:00,0.0
2017-08-03 04:00:00,0.0
2017-08-03 05:00:00,0.0
2017-08-03 06:00:00,0.0
2017-08-03 07:00:00,0.0
2017-08-03 08:00:00,0.0
2017-08-03 09:00:00,0.0
2017-08-03 10:00:00,0.0
2017-08-03 11:00:00,73.5
2017-08-03 12:00:00,283.5500025
2017-08-03 13:00:00,501.800005
2017-08-03 14:00:00,675.125
2017-08-03 15:00:00,786.72501
2017-08-03 16:00:00,825.60002
2017-08-03 17:00:00,789.45
2017-08-03 18:00:00,683.12501
2017-08-03 19:00:00,515.150005
2017-08-03 20:00:00,302.625
2017-08-03 21:00:00,82.57500125
2017-08-03 22:00:00,0.0
2017-08-03 23:00:00,0.0
2017-08-04 00:00:00,0.0
2017-08-04 01:00:00,0.0
2017-08-04 02:00:00,0.0
2017-08-04 03:00:00,0.0
2017-08-04 04:00:00,0.0
2017-08-04 05:00:00,0.0
2017-08-04 06:00:00,0.0
2017-08-04 07:00:00,0.0
2017-08-04 08:00:00,0.0
2017-08-04 09:00:00,0.0
2017-08-04 10:00:00,0.0
2017-08-04 11:00:00,70.95000250000001
2017-08-04 12:00:00,293.675005
2017-08-04 13:00:00,511.375005
2017-08-04 14:00:00,683.75001
2017-08-04 15:00:00,793.2
2017-08-04 16:00:00,832.57501
2017-08-04 17:00:00,797.975
2017-08-04 18:00:00,689.75001
2017-08-04 19:00:00,520.77501
2017-08-04 20:00:00,288.3000075
2017-08-04 21:00:00,64.7
2017-08-04 22:00:00,0.0
2017-08-04 23:00:00,0.0
2017-08-05 00:00:00,0.0
2017-08-05 01:00:00,0.0
2017-08-05 02:00:00,0.0
2017-08-05 03:00:00,0.0
2017-08-05 04:00:00,0.0
2017-08-05 05:00:00,0.0
2017-08-05 06:00:00,0.0
2017-08-05 07:00:00,0.0
2017-08-05 08:00:00,0.0
2017-08-05 09:00:00,0.0
2017-08-05 10:00:00,0.0
2017-08-05 11:00:00,78.07499999999999
2017-08-05 12:00:00,304.70000500000003
2017-08-05 13:00:00,527.3000099999999
2017-08-05 14:00:00,702.525
2017-08-05 15:00:00,814.67501
2017-08-05 16:00:00,852.925
2017-08-05 17:00:00,817.87502
2017-08-05 18:00:00,711.00001
2017-08-05 19:00:00,540.925025
2017-08-05 20:00:00,323.675
2017-08-05 21:00:00,93.15
2017-08-05 22:00:00,0.0
2017-08-05 23:00:00,0.0
2017-08-06 00:00:00,0.0
2017-08-06 01:00:00,0.0
2017-08-06 02:00:00,0.0
2017-08-06 03:00:00,0.0
2017-08-06 04:00:00,0.0
2017-08-06 05:00:00,0.0
2017-08-06 06:00:00,0.0
2017-08-06 07:00:00,0.0
2017-08-06 08:00:00,0.0
2017-08-06 09:00:00,0.0
2017-08-06 10:00:00,0.0
2017-08-06 11:00:00,83.17500050000001
2017-08-06 12:00:00,297.6250025
2017-08-06 13:00:00,518.10001
2017-08-06 14:00:00,692.25
2017-08-06 15:00:00,803.05
2017-08-06 16:00:00,841.325
2017-08-06 17:00:00,805.75001
2017-08-06 18:00:00,697.3500200000001
2017-08-06 19:00:00,527.300015
2017-08-06 20:00:00,311.175005
2017-08-06 21:00:00,86.125
2017-08-06 22:00:00,0.0
2017-08-06 23:00:00,0.0
2017-08-07 00:00:00,0.0
2017-08-07 01:00:00,0.0
2017-08-07 02:00:00,0.0
2017-08-07 03:00:00,0.0
2017-08-07 04:00:00,0.0
2017-08-07 05:00:00,0.0
2017-08-07 06:00:00,0.0
2017-08-07 07:00:00,0.0
2017-08-07 08:00:00,0.0
2017-08-07 09:00:00,0.0
2017-08-07 10:00:00,0.0
2017-08-07 11:00:00,76.45000125
2017-08-07 12:00:00,303.650005
2017-08-07 13:00:00,523.07502
2017-08-07 14:00:00,697.25001
2017-08-07 15:00:00,812.25
2017-08-07 16:00:00,853.0500099999999
2017-08-07 17:00:00,819.72501
2017-08-07 18:00:00,716.20001
2017-08-07 19:00:00,548.0250100000001
2017-08-07 20:00:00,331.6750075
2017-08-07 21:00:00,100.175
2017-08-07 22:00:00,0.0
2017-08-07 23:00:00,0.0
2017-08-08 00:00:00,0.0
2017-08-08 01:00:00,0.0
2017-08-08 02:00:00,0.0
2017-08-08 03:00:00,0.0
2017-08-08 04:00:00,0.0
2017-08-08 05:00:00,0.0
2017-08-08 06:00:00,0.0
2017-08-08 07:00:00,0.0
2017-08-08 08:00:00,0.0
2017-08-08 09:00:00,0.0
2017-08-08 10:00:00,0.0
2017-08-08 11:00:00,88.5
2017-08-08 12:00:00,321.0250075
2017-08-08 13:00:00,543.05
2017-08-08 14:00:00,717.675
2017-08-08 15:00:00,827.72501
2017-08-08 16:00:00,866.10001
2017-08-08 17:00:00,827.8499999999999
2017-08-08 18:00:00,710.57501
2017-08-08 19:00:00,529.975
2017-08-08 20:00:00,298.3
2017-08-08 21:00:00,86.57500025
2017-08-08 22:00:00,0.0
2017-08-08 23:00:00,0.0
2017-08-09 00:00:00,0.0
2017-08-09 01:00:00,0.0
2017-08-09 02:00:00,0.0
2017-08-09 03:00:00,0.0
2017-08-09 04:00:00,0.0
2017-08-09 05:00:00,0.0
2017-08-09 06:00:00,0.0
2017-08-09 07:00:00,0.0
2017-08-09 08:00:00,0.0
2017-08-09 09:00:00,0.0
2017-08-09 10:00:00,0.0
2017-08-09 11:00:00,68.30000000000001
2017-08-09 12:00:00,262.27501
2017-08-09 13:00:00,491.375
2017-08-09 14:00:00,699.8500200000001
2017-08-09 15:00:00,817.35
2017-08-09 16:00:00,857.4750200000001
2017-08-09 17:00:00,822.37501
2017-08-09 18:00:00,713.725
2017-08-09 19:00:00,543.55
2017-08-09 20:00:00,325.65001
2017-08-09 21:00:00,97.20000125
2017-08-09 22:00:00,0.0
2017-08-09 23:00:00,0.0
2017-08-10 00:00:00,0.0
2017-08-10 01:00:00,0.0
2017-08-10 02:00:00,0.0
2017-08-10 03:00:00,0.0
2017-08-10 04:00:00,0.0
2017-08-10 05:00:00,0.0
2017-08-10 06:00:00,0.0
2017-08-10 07:00:00,0.0
2017-08-10 08:00:00,0.0
2017-08-10 09:00:00,0.0
2017-08-10 10:00:00,0.0
2017-08-10 11:00:00,88.42500150000001
2017-08-10 12:00:00,326.575
2017-08-10 13:00:00,550.125005
2017-08-10 14:00:00,724.275
2017-08-10 15:00:00,834.9
2017-08-10 16:00:00,873.42501
2017-08-10 17:00:00,835.8499999999999
2017-08-10 18:00:00,724.2250200000001
2017-08-10 19:00:00,553.32501
2017-08-10 20:00:00,335.2250025
2017-08-10 21:00:00,103.20000025
2017-08-10 22:00:00,0.0
2017-08-10 23:00:00,0.0
2017-08-11 00:00:00,0.0
2017-08-11 01:00:00,0.0
2017-08-11 02:00:00,0.0
2017-08-11 03:00:00,0.0
2017-08-11 04:00:00,0.0
2017-08-11 05:00:00,0.0
2017-08-11 06:00:00,0.0
2017-08-11 07:00:00,0.0
2017-08-11 08:00:00,0.0
2017-08-11 09:00:00,0.0
2017-08-11 10:00:00,0.0
2017-08-11 11:00:00,88.65000025
2017-08-11 12:00:00,309.5000025
2017-08-11 13:00:00,525.4
2017-08-11 14:00:00,695.55
2017-08-11 15:00:00,802.0
2017-08-11 16:00:00,841.775
2017-08-11 17:00:00,795.35004
2017-08-11 18:00:00,700.92502
2017-08-11 19:00:00,535.0749999999999
2017-08-11 20:00:00,321.4250125
2017-08-11 21:00:00,84.575
2017-08-11 22:00:00,0.0
2017-08-11 23:00:00,0.0
2017-08-12 00:00:00,0.0
2017-08-12 01:00:00,0.0
2017-08-12 02:00:00,0.0
2017-08-12 03:00:00,0.0
2017-08-12 04:00:00,0.0
2017-08-12 05:00:00,0.0
2017-08-12 06:00:00,0.0
2017-08-12 07:00:00,0.0
2017-08-12 08:00:00,0.0
2017-08-12 09:00:00,0.0
2017-08-12 10:00:00,0.0
2017-08-12 11:00:00,53.60000025
2017-08-12 12:00:00,233.77499999999998
2017-08-12 13:00:00,395.725
2017-08-12 14:00:00,475.375
2017-08-12 15:00:00,407.45
2017-08-12 16:00:00,395.20000500000003
2017-08-12 17:00:00,380.55
2017-08-12 18:00:00,377.4
2017-08-12 19:00:00,311.02501
2017-08-12 20:00:00,288.8250025
2017-08-12 21:00:00,94.2
2017-08-12 22:00:00,0.0
2017-08-12 23:00:00,0.0
2017-08-13 00:00:00,0.0
2017-08-13 01:00:00,0.0
2017-08-13 02:00:00,0.0
2017-08-13 03:00:00,0.0
2017-08-13 04:00:00,0.0
2017-08-13 05:00:00,0.0
2017-08-13 06:00:00,0.0
2017-08-13 07:00:00,0.0
2017-08-13 08:00:00,0.0
2017-08-13 09:00:00,0.0
2017-08-13 10:00:00,0.0
2017-08-13 11:00:00,97.82499999999999
2017-08-13 12:00:00,339.25000750000004
2017-08-13 13:00:00,563.225015
2017-08-13 14:00:00,740.0250100000001
2017-08-13 15:00:00,854.4250099999999
2017-08-13 16:00:00,893.475
2017-08-13 17:00:00,856.50002
2017-08-13 18:00:00,748.325
2017-08-13 19:00:00,574.650005
2017-08-13 20:00:00,353.40000499999996
2017-08-13 21:00:00,114.775
2017-08-13 22:00:00,0.0
2017-08-13 23:00:00,0.0
2017-08-14 00:00:00,0.0
2017-08-14 01:00:00,0.0
2017-08-14 02:00:00,0.0
2017-08-14 03:00:00,0.0
2017-08-14 04:00:00,0.0
2017-08-14 05:00:00,0.0
2017-08-14 06:00:00,0.0
2017-08-14 07:00:00,0.0
2017-08-14 08:00:00,0.0
2017-08-14 09:00:00,0.0
2017-08-14 10:00:00,0.0
2017-08-14 11:00:00,104.225
2017-08-14 12:00:00,342.250005
2017-08-14 13:00:00,567.07501
2017-08-14 14:00:00,742.25
2017-08-14 15:00:00,849.775
2017-08-14 16:00:00,886.02503
2017-08-14 17:00:00,848.10001
2017-08-14 18:00:00,735.0500099999999
2017-08-14 19:00:00,563.47501
2017-08-14 20:00:00,343.0000025
2017-08-14 21:00:00,101.65000125
2017-08-14 22:00:00,0.0
2017-08-14 23:00:00,0.0
2017-08-15 00:00:00,0.0
2017-08-15 01:00:00,0.0
2017-08-15 02:00:00,0.0
2017-08-15 03:00:00,0.0
2017-08-15 04:00:00,0.0
2017-08-15 05:00:00,0.0
2017-08-15 06:00:00,0.0
2017-08-15 07:00:00,0.0
2017-08-15 08:00:00,0.0
2017-08-15 09:00:00,0.0
2017-08-15 10:00:00,0.0
2017-08-15 11:00:00,107.45
2017-08-15 12:00:00,341.40001
2017-08-15 13:00:00,569.45001
2017-08-15 14:00:00,748.275
2017-08-15 15:00:00,859.775
2017-08-15 16:00:00,896.35
2017-08-15 17:00:00,856.325
2017-08-15 18:00:00,739.975
2017-08-15 19:00:00,564.025
2017-08-15 20:00:00,339.475
2017-08-15 21:00:00,101.475
2017-08-15 22:00:00,0.0
2017-08-15 23:00:00,0.0
2017-08-16 00:00:00,0.0
2017-08-16 01:00:00,0.0
2017-08-16 02:00:00,0.0
2017-08-16 03:00:00,0.0
2017-08-16 04:00:00,0.0
2017-08-16 05:00:00,0.0
2017-08-16 06:00:00,0.0
2017-08-16 07:00:00,0.0
2017-08-16 08:00:00,0.0
2017-08-16 09:00:00,0.0
2017-08-16 10:00:00,0.0
2017-08-16 11:00:00,85.525
2017-08-16 12:00:00,268.300005
2017-08-16 13:00:00,354.65001
2017-08-16 14:00:00,377.750005
2017-08-16 15:00:00,402.65
2017-08-16 16:00:00,397.450005
2017-08-16 17:00:00,414.550005
2017-08-16 18:00:00,374.525
2017-08-16 19:00:00,357.900005
2017-08-16 20:00:00,240.75
2017-08-16 21:00:00,100.39999999999999
2017-08-16 22:00:00,0.0
2017-08-16 23:00:00,0.0
2017-08-17 00:00:00,0.0
2017-08-17 01:00:00,0.0
2017-08-17 02:00:00,0.0
2017-08-17 03:00:00,0.0
2017-08-17 04:00:00,0.0
2017-08-17 05:00:00,0.0
2017-08-17 06:00:00,0.0
2017-08-17 07:00:00,0.0
2017-08-17 08:00:00,0.0
2017-08-17 09:00:00,0.0
2017-08-17 10:00:00,0.0
2017-08-17 11:00:00,113.05
2017-08-17 12:00:00,348.725
2017-08-17 13:00:00,576.80001
2017-08-17 14:00:00,755.375
2017-08-17 15:00:00,866.625
2017-08-17 16:00:00,902.25001
2017-08-17 17:00:00,858.725
2017-08-17 18:00:00,732.2750100000001
2017-08-17 19:00:00,551.250015
2017-08-17 20:00:00,329.325005
2017-08-17 21:00:00,97.5
2017-08-17 22:00:00,0.0
2017-08-17 23:00:00,0.0
2017-08-18 00:00:00,0.0
2017-08-18 01:00:00,0.0
2017-08-18 02:00:00,0.0
2017-08-18 03:00:00,0.0
2017-08-18 04:00:00,0.0
2017-08-18 05:00:00,0.0
2017-08-18 06:00:00,0.0
2017-08-18 07:00:00,0.0
2017-08-18 08:00:00,0.0
2017-08-18 09:00:00,0.0
2017-08-18 10:00:00,0.0
2017-08-18 11:00:00,114.7250025
2017-08-18 12:00:00,359.100005
2017-08-18 13:00:00,587.575
2017-08-18 14:00:00,764.2
2017-08-18 15:00:00,876.1750099999999
2017-08-18 16:00:00,910.8
2017-08-18 17:00:00,869.47502
2017-08-18 18:00:00,757.95001
2017-08-18 19:00:00,582.500005
2017-08-18 20:00:00,360.425005
2017-08-18 21:00:00,118.075
2017-08-18 22:00:00,0.0
2017-08-18 23:00:00,0.0
2017-08-19 00:00:00,0.0
2017-08-19 01:00:00,0.0
2017-08-19 02:00:00,0.0
2017-08-19 03:00:00,0.0
2017-08-19 04:00:00,0.0
2017-08-19 05:00:00,0.0
2017-08-19 06:00:00,0.0
2017-08-19 07:00:00,0.0
2017-08-19 08:00:00,0.0
2017-08-19 09:00:00,0.0
2017-08-19 10:00:00,0.0
2017-08-19 11:00:00,116.7500005
2017-08-19 12:00:00,353.85001
2017-08-19 13:00:00,577.62501
2017-08-19 14:00:00,752.25
2017-08-19 15:00:00,863.275
2017-08-19 16:00:00,901.825
2017-08-19 17:00:00,864.87501
2017-08-19 18:00:00,756.97501
2017-08-19 19:00:00,582.925
2017-08-19 20:00:00,359.875
2017-08-19 21:00:00,112.1
2017-08-19 22:00:00,0.0
2017-08-19 23:00:00,0.0
2017-08-20 00:00:00,0.0
2017-08-20 01:00:00,0.0
2017-08-20 02:00:00,0.0
2017-08-20 03:00:00,0.0
2017-08-20 04:00:00,0.0
2017-08-20 05:00:00,0.0
2017-08-20 06:00:00,0.0
2017-08-20 07:00:00,0.0
2017-08-20 08:00:00,0.0
2017-08-20 09:00:00,0.0
2017-08-20 10:00:00,0.0
2017-08-20 11:00:00,84.95
2017-08-20 12:00:00,274.0
2017-08-20 13:00:00,424.225
2017-08-20 14:00:00,509.675
2017-08-20 15:00:00,552.625
2017-08-20 16:00:00,558.3
2017-08-20 17:00:00,584.72501
2017-08-20 18:00:00,541.97501
2017-08-20 19:00:00,412.050005
2017-08-20 20:00:00,224.8000075
2017-08-20 21:00:00,84.45000125
2017-08-20 22:00:00,0.0
2017-08-20 23:00:00,0.0
2017-08-21 00:00:00,0.0
2017-08-21 01:00:00,0.0
2017-08-21 02:00:00,0.0
2017-08-21 03:00:00,0.0
2017-08-21 04:00:00,0.0
2017-08-21 05:00:00,0.0
2017-08-21 06:00:00,0.0
2017-08-21 07:00:00,0.0
2017-08-21 08:00:00,0.0
2017-08-21 09:00:00,0.0
2017-08-21 10:00:00,0.0
2017-08-21 11:00:00,120.95
2017-08-21 12:00:00,348.250005
2017-08-21 13:00:00,574.10001
2017-08-21 14:00:00,751.40003
2017-08-21 15:00:00,868.875
2017-08-21 16:00:00,905.2750100000001
2017-08-21 17:00:00,862.85
2017-08-21 18:00:00,744.62501
2017-08-21 19:00:00,566.65
2017-08-21 20:00:00,343.925005
2017-08-21 21:00:00,110.42500000000001
2017-08-21 22:00:00,0.1
2017-08-21 23:00:00,0.0
2017-08-22 00:00:00,0.0
2017-08-22 01:00:00,0.0
2017-08-22 02:00:00,0.0
2017-08-22 03:00:00,0.0
2017-08-22 04:00:00,0.0
2017-08-22 05:00:00,0.0
2017-08-22 06:00:00,0.0
2017-08-22 07:00:00,0.0
2017-08-22 08:00:00,0.0
2017-08-22 09:00:00,0.0
2017-08-22 10:00:00,0.325000025
2017-08-22 11:00:00,127.32500124999999
2017-08-22 12:00:00,360.375
2017-08-22 13:00:00,587.100005
2017-08-22 14:00:00,765.275
2017-08-22 15:00:00,881.9
2017-08-22 16:00:00,920.20001
2017-08-22 17:00:00,881.7250200000001
2017-08-22 18:00:00,770.7
2017-08-22 19:00:00,593.075
2017-08-22 20:00:00,366.550005
2017-08-22 21:00:00,119.0750025
2017-08-22 22:00:00,0.25
2017-08-22 23:00:00,0.0
2017-08-23 00:00:00,0.0
2017-08-23 01:00:00,0.0
2017-08-23 02:00:00,0.0
2017-08-23 03:00:00,0.0
2017-08-23 04:00:00,0.0
2017-08-23 05:00:00,0.0
2017-08-23 06:00:00,0.0
2017-08-23 07:00:00,0.0
2017-08-23 08:00:00,0.0
2017-08-23 09:00:00,0.0
2017-08-23 10:00:00,0.0
2017-08-23 11:00:00,124.8500025
2017-08-23 12:00:00,377.025005
2017-08-23 13:00:00,606.25
2017-08-23 14:00:00,784.45
2017-08-23 15:00:00,890.15001
2017-08-23 16:00:00,888.30001
2017-08-23 17:00:00,845.4000100000001
2017-08-23 18:00:00,738.15
2017-08-23 19:00:00,559.775
2017-08-23 20:00:00,341.1250025
2017-08-23 21:00:00,93.725000075
2017-08-23 22:00:00,0.3
2017-08-23 23:00:00,0.0
2017-08-24 00:00:00,0.0
2017-08-24 01:00:00,0.0
2017-08-24 02:00:00,0.0
2017-08-24 03:00:00,0.0
2017-08-24 04:00:00,0.0
2017-08-24 05:00:00,0.0
2017-08-24 06:00:00,0.0
2017-08-24 07:00:00,0.0
2017-08-24 08:00:00,0.0
2017-08-24 09:00:00,0.0
2017-08-24 10:00:00,0.0
2017-08-24 11:00:00,126.25000375
2017-08-24 12:00:00,378.2
2017-08-24 13:00:00,606.2750100000001
2017-08-24 14:00:00,783.42501
2017-08-24 15:00:00,893.85
2017-08-24 16:00:00,929.425
2017-08-24 17:00:00,889.00002
2017-08-24 18:00:00,775.1500100000001
2017-08-24 19:00:00,596.57501
2017-08-24 20:00:00,368.92499999999995
2017-08-24 21:00:00,121.17500125000001
2017-08-24 22:00:00,0.55
2017-08-24 23:00:00,0.0
2017-08-25 00:00:00,0.0
2017-08-25 01:00:00,0.0
2017-08-25 02:00:00,0.0
2017-08-25 03:00:00,0.0
2017-08-25 04:00:00,0.0
2017-08-25 05:00:00,0.0
2017-08-25 06:00:00,0.0
2017-08-25 07:00:00,0.0
2017-08-25 08:00:00,0.0
2017-08-25 09:00:00,0.0
2017-08-25 10:00:00,1.65
2017-08-25 11:00:00,136.85000300000002
2017-08-25 12:00:00,386.2
2017-08-25 13:00:00,613.925
2017-08-25 14:00:00,790.80002
2017-08-25 15:00:00,901.7250200000001
2017-08-25 16:00:00,937.72501
2017-08-25 17:00:00,895.45001
2017-08-25 18:00:00,777.7750100000001
2017-08-25 19:00:00,597.70001
2017-08-25 20:00:00,369.275
2017-08-25 21:00:00,117.7500025
2017-08-25 22:00:00,0.675
2017-08-25 23:00:00,0.0
2017-08-26 00:00:00,0.0
2017-08-26 01:00:00,0.0
2017-08-26 02:00:00,0.0
2017-08-26 03:00:00,0.0
2017-08-26 04:00:00,0.0
2017-08-26 05:00:00,0.0
2017-08-26 06:00:00,0.0
2017-08-26 07:00:00,0.0
2017-08-26 08:00:00,0.0
2017-08-26 09:00:00,0.0
2017-08-26 10:00:00,2.25
2017-08-26 11:00:00,113.7250025
2017-08-26 12:00:00,328.525
2017-08-26 13:00:00,537.375
2017-08-26 14:00:00,680.35001
2017-08-26 15:00:00,814.35
2017-08-26 16:00:00,900.10001
2017-08-26 17:00:00,897.87501
2017-08-26 18:00:00,772.12501
2017-08-26 19:00:00,595.37501
2017-08-26 20:00:00,366.15
2017-08-26 21:00:00,119.450005
2017-08-26 22:00:00,0.8
2017-08-26 23:00:00,0.0
2017-08-27 00:00:00,0.0
2017-08-27 01:00:00,0.0
2017-08-27 02:00:00,0.0
2017-08-27 03:00:00,0.0
2017-08-27 04:00:00,0.0
2017-08-27 05:00:00,0.0
2017-08-27 06:00:00,0.0
2017-08-27 07:00:00,0.0
2017-08-27 08:00:00,0.0
2017-08-27 09:00:00,0.0
2017-08-27 10:00:00,2.75
2017-08-27 11:00:00,144.5000025
2017-08-27 12:00:00,400.42499999999995
2017-08-27 13:00:00,630.35001
2017-08-27 14:00:00,807.3000099999999
2017-08-27 15:00:00,916.37502
2017-08-27 16:00:00,950.7750100000001
2017-08-27 17:00:00,908.15002
2017-08-27 18:00:00,790.2750100000001
2017-08-27 19:00:00,610.225
2017-08-27 20:00:00,380.725
2017-08-27 21:00:00,127.6500025
2017-08-27 22:00:00,1.075
2017-08-27 23:00:00,0.0
2017-08-28 00:00:00,0.0
2017-08-28 01:00:00,0.0
2017-08-28 02:00:00,0.0
2017-08-28 03:00:00,0.0
2017-08-28 04:00:00,0.0
2017-08-28 05:00:00,0.0
2017-08-28 06:00:00,0.0
2017-08-28 07:00:00,0.0
2017-08-28 08:00:00,0.0
2017-08-28 09:00:00,0.0
2017-08-28 10:00:00,3.45
2017-08-28 11:00:00,150.77500375
2017-08-28 12:00:00,391.775005
2017-08-28 13:00:00,618.7750100000001
2017-08-28 14:00:00,793.775
2017-08-28 15:00:00,900.50001
2017-08-28 16:00:00,933.15001
2017-08-28 17:00:00,889.4000100000001
2017-08-28 18:00:00,771.75001
2017-08-28 19:00:00,590.40001
2017-08-28 20:00:00,362.725005
2017-08-28 21:00:00,116.55
2017-08-28 22:00:00,1.050000075
2017-08-28 23:00:00,0.0
2017-08-29 00:00:00,0.0
2017-08-29 01:00:00,0.0
2017-08-29 02:00:00,0.0
2017-08-29 03:00:00,0.0
2017-08-29 04:00:00,0.0
2017-08-29 05:00:00,0.0
2017-08-29 06:00:00,0.0
2017-08-29 07:00:00,0.0
2017-08-29 08:00:00,0.0
2017-08-29 09:00:00,0.0
2017-08-29 10:00:00,3.625
2017-08-29 11:00:00,144.97500250000002
2017-08-29 12:00:00,392.02500499999996
2017-08-29 13:00:00,617.02502
2017-08-29 14:00:00,792.92502
2017-08-29 15:00:00,904.72501
2017-08-29 16:00:00,941.15001
2017-08-29 17:00:00,899.275
2017-08-29 18:00:00,780.15
2017-08-29 19:00:00,555.4
2017-08-29 20:00:00,346.075
2017-08-29 21:00:00,119.300005
2017-08-29 22:00:00,1.225
2017-08-29 23:00:00,0.0
2017-08-30 00:00:00,0.0
2017-08-30 01:00:00,0.0
2017-08-30 02:00:00,0.0
2017-08-30 03:00:00,0.0
2017-08-30 04:00:00,0.0
2017-08-30 05:00:00,0.0
2017-08-30 06:00:00,0.0
2017-08-30 07:00:00,0.0
2017-08-30 08:00:00,0.0
2017-08-30 09:00:00,0.0
2017-08-30 10:00:00,4.225
2017-08-30 11:00:00,120.05
2017-08-30 12:00:00,348.5
2017-08-30 13:00:00,584.62501
2017-08-30 14:00:00,762.1
2017-08-30 15:00:00,888.50001
2017-08-30 16:00:00,924.475
2017-08-30 17:00:00,885.07502
2017-08-30 18:00:00,768.72501
2017-08-30 19:00:00,591.4000100000001
2017-08-30 20:00:00,366.800005
2017-08-30 21:00:00,99.57500125
2017-08-30 22:00:00,0.0
2017-08-30 23:00:00,0.0
2017-08-31 00:00:00,0.0
2017-08-31 01:00:00,0.0
2017-08-31 02:00:00,0.0
2017-08-31 03:00:00,0.0
2017-08-31 04:00:00,0.0
2017-08-31 05:00:00,0.0
2017-08-31 06:00:00,0.0
2017-08-31 07:00:00,0.0
2017-08-31 08:00:00,0.0
2017-08-31 09:00:00,0.0
2017-08-31 10:00:00,0.6
2017-08-31 11:00:00,130.025
2017-08-31 12:00:00,348.425
2017-08-31 13:00:00,610.05
2017-08-31 14:00:00,784.775
2017-08-31 15:00:00,893.5500099999999
2017-08-31 16:00:00,927.12501
2017-08-31 17:00:00,884.4250099999999
2017-08-31 18:00:00,808.15
2017-08-31 19:00:00,591.15002
2017-08-31 20:00:00,365.1
2017-08-31 21:00:00,125.3750005
2017-08-31 22:00:00,0.0
2017-08-31 23:00:00,0.0
2017-09-01 00:00:00,0.0
2017-09-01 01:00:00,0.0
2017-09-01 02:00:00,0.0
2017-09-01 03:00:00,0.0
2017-09-01 04:00:00,0.0
2017-09-01 05:00:00,0.0
2017-09-01 06:00:00,0.0
2017-09-01 07:00:00,0.0
2017-09-01 08:00:00,0.0
2017-09-01 09:00:00,0.0
2017-09-01 10:00:00,5.25
2017-09-01 11:00:00,155.825
2017-09-01 12:00:00,409.875
2017-09-01 13:00:00,636.55002
2017-09-01 14:00:00,811.975
2017-09-01 15:00:00,921.4
2017-09-01 16:00:00,955.475
2017-09-01 17:00:00,912.0500099999999
2017-09-01 18:00:00,790.95001
2017-09-01 19:00:00,606.85001
2017-09-01 20:00:00,376.50001
2017-09-01 21:00:00,130.95000125
2017-09-01 22:00:00,1.875
2017-09-01 23:00:00,0.0
2017-09-02 00:00:00,0.0
2017-09-02 01:00:00,0.0
2017-09-02 02:00:00,0.0
2017-09-02 03:00:00,0.0
2017-09-02 04:00:00,0.0
2017-09-02 05:00:00,0.0
2017-09-02 06:00:00,0.0
2017-09-02 07:00:00,0.0
2017-09-02 08:00:00,0.0
2017-09-02 09:00:00,0.0
2017-09-02 10:00:00,6.475
2017-09-02 11:00:00,165.675
2017-09-02 12:00:00,394.55001
2017-09-02 13:00:00,619.7750100000001
2017-09-02 14:00:00,794.8
2017-09-02 15:00:00,907.60002
2017-09-02 16:00:00,938.8
2017-09-02 17:00:00,891.75001
2017-09-02 18:00:00,770.775
2017-09-02 19:00:00,587.95001
2017-09-02 20:00:00,360.65000499999996
2017-09-02 21:00:00,119.125
2017-09-02 22:00:00,1.75
2017-09-02 23:00:00,0.0
2017-09-03 00:00:00,0.0
2017-09-03 01:00:00,0.0
2017-09-03 02:00:00,0.0
2017-09-03 03:00:00,0.0
2017-09-03 04:00:00,0.0
2017-09-03 05:00:00,0.0
2017-09-03 06:00:00,0.0
2017-09-03 07:00:00,0.0
2017-09-03 08:00:00,0.0
2017-09-03 09:00:00,0.0
2017-09-03 10:00:00,1.875
2017-09-03 11:00:00,138.475
2017-09-03 12:00:00,403.500005
2017-09-03 13:00:00,625.225
2017-09-03 14:00:00,796.67501
2017-09-03 15:00:00,895.92501
2017-09-03 16:00:00,928.40002
2017-09-03 17:00:00,884.7
2017-09-03 18:00:00,741.4000100000001
2017-09-03 19:00:00,336.725005
2017-09-03 20:00:00,206.475
2017-09-03 21:00:00,50.15000025
2017-09-03 22:00:00,0.450000025
2017-09-03 23:00:00,0.0
2017-09-04 00:00:00,0.0
2017-09-04 01:00:00,0.0
2017-09-04 02:00:00,0.0
2017-09-04 03:00:00,0.0
2017-09-04 04:00:00,0.0
2017-09-04 05:00:00,0.0
2017-09-04 06:00:00,0.0
2017-09-04 07:00:00,0.0
2017-09-04 08:00:00,0.0
2017-09-04 09:00:00,0.0
2017-09-04 10:00:00,6.6
2017-09-04 11:00:00,144.7
2017-09-04 12:00:00,366.0
2017-09-04 13:00:00,519.62501
2017-09-04 14:00:00,698.9250099999999
2017-09-04 15:00:00,680.05
2017-09-04 16:00:00,447.27500000000003
2017-09-04 17:00:00,346.675
2017-09-04 18:00:00,281.325
2017-09-04 19:00:00,249.8000025
2017-09-04 20:00:00,183.975
2017-09-04 21:00:00,81.675
2017-09-04 22:00:00,1.95
2017-09-04 23:00:00,0.0
2017-09-05 00:00:00,0.0
2017-09-05 01:00:00,0.0
2017-09-05 02:00:00,0.0
2017-09-05 03:00:00,0.0
2017-09-05 04:00:00,0.0
2017-09-05 05:00:00,0.0
2017-09-05 06:00:00,0.0
2017-09-05 07:00:00,0.0
2017-09-05 08:00:00,0.0
2017-09-05 09:00:00,0.0
2017-09-05 10:00:00,9.2
2017-09-05 11:00:00,171.1
2017-09-05 12:00:00,444.90000000000003
2017-09-05 13:00:00,675.37502
2017-09-05 14:00:00,853.2750100000001
2017-09-05 15:00:00,961.25
2017-09-05 16:00:00,990.1000200000001
2017-09-05 17:00:00,938.975
2017-09-05 18:00:00,812.10001
2017-09-05 19:00:00,624.475
2017-09-05 20:00:00,391.875005
2017-09-05 21:00:00,141.7250005
2017-09-05 22:00:00,2.775
2017-09-05 23:00:00,0.0
2017-09-06 00:00:00,0.0
2017-09-06 01:00:00,0.0
2017-09-06 02:00:00,0.0
2017-09-06 03:00:00,0.0
2017-09-06 04:00:00,0.0
2017-09-06 05:00:00,0.0
2017-09-06 06:00:00,0.0
2017-09-06 07:00:00,0.0
2017-09-06 08:00:00,0.0
2017-09-06 09:00:00,0.0
2017-09-06 10:00:00,9.9750005
2017-09-06 11:00:00,182.85000250000002
2017-09-06 12:00:00,434.20001
2017-09-06 13:00:00,665.7750100000001
2017-09-06 14:00:00,843.3
2017-09-06 15:00:00,950.45
2017-09-06 16:00:00,981.75
2017-09-06 17:00:00,934.8
2017-09-06 18:00:00,803.45001
2017-09-06 19:00:00,616.27501
2017-09-06 20:00:00,379.05
2017-09-06 21:00:00,119.75000250000001
2017-09-06 22:00:00,2.125
2017-09-06 23:00:00,0.0
2017-09-07 00:00:00,0.0
2017-09-07 01:00:00,0.0
2017-09-07 02:00:00,0.0
2017-09-07 03:00:00,0.0
2017-09-07 04:00:00,0.0
2017-09-07 05:00:00,0.0
2017-09-07 06:00:00,0.0
2017-09-07 07:00:00,0.0
2017-09-07 08:00:00,0.0
2017-09-07 09:00:00,0.0
2017-09-07 10:00:00,10.275
2017-09-07 11:00:00,181.12500125
2017-09-07 12:00:00,438.025005
2017-09-07 13:00:00,666.90001
2017-09-07 14:00:00,842.0250100000001
2017-09-07 15:00:00,947.62501
2017-09-07 16:00:00,911.45001
2017-09-07 17:00:00,649.525
2017-09-07 18:00:00,525.17501
2017-09-07 19:00:00,443.75001
2017-09-07 20:00:00,320.7500025
2017-09-07 21:00:00,113.27500275
2017-09-07 22:00:00,0.0
2017-09-07 23:00:00,0.0
2017-09-08 00:00:00,0.0
2017-09-08 01:00:00,0.0
2017-09-08 02:00:00,0.0
2017-09-08 03:00:00,0.0
2017-09-08 04:00:00,0.0
2017-09-08 05:00:00,0.0
2017-09-08 06:00:00,0.0
2017-09-08 07:00:00,0.0
2017-09-08 08:00:00,0.0
2017-09-08 09:00:00,0.0
2017-09-08 10:00:00,11.2
2017-09-08 11:00:00,195.52499999999998
2017-09-08 12:00:00,458.325005
2017-09-08 13:00:00,689.275
2017-09-08 14:00:00,866.7
2017-09-08 15:00:00,977.20001
2017-09-08 16:00:00,1007.9
2017-09-08 17:00:00,960.25
2017-09-08 18:00:00,836.12501
2017-09-08 19:00:00,648.20001
2017-09-08 20:00:00,411.675
2017-09-08 21:00:00,145.97500250000002
2017-09-08 22:00:00,3.3
2017-09-08 23:00:00,0.0
2017-09-09 00:00:00,0.0
2017-09-09 01:00:00,0.0
2017-09-09 02:00:00,0.0
2017-09-09 03:00:00,0.0
2017-09-09 04:00:00,0.0
2017-09-09 05:00:00,0.0
2017-09-09 06:00:00,0.0
2017-09-09 07:00:00,0.0
2017-09-09 08:00:00,0.0
2017-09-09 09:00:00,0.0
2017-09-09 10:00:00,10.424999999999999
2017-09-09 11:00:00,193.40000250000003
2017-09-09 12:00:00,456.375015
2017-09-09 13:00:00,684.32501
2017-09-09 14:00:00,858.85002
2017-09-09 15:00:00,963.125
2017-09-09 16:00:00,992.55
2017-09-09 17:00:00,946.85001
2017-09-09 18:00:00,823.97501
2017-09-09 19:00:00,636.42502
2017-09-09 20:00:00,399.925005
2017-09-09 21:00:00,142.45000124999999
2017-09-09 22:00:00,3.275
2017-09-09 23:00:00,0.0
2017-09-10 00:00:00,0.0
2017-09-10 01:00:00,0.0
2017-09-10 02:00:00,0.0
2017-09-10 03:00:00,0.0
2017-09-10 04:00:00,0.0
2017-09-10 05:00:00,0.0
2017-09-10 06:00:00,0.0
2017-09-10 07:00:00,0.0
2017-09-10 08:00:00,0.0
2017-09-10 09:00:00,0.0
2017-09-10 10:00:00,16.25
2017-09-10 11:00:00,206.9500025
2017-09-10 12:00:00,471.100005
2017-09-10 13:00:00,700.25001
2017-09-10 14:00:00,875.32502
2017-09-10 15:00:00,985.725
2017-09-10 16:00:00,1021.07502
2017-09-10 17:00:00,973.625
2017-09-10 18:00:00,850.15003
2017-09-10 19:00:00,658.7
2017-09-10 20:00:00,421.30001500000003
2017-09-10 21:00:00,162.52500625000002
2017-09-10 22:00:00,4.425
2017-09-10 23:00:00,0.0
2017-09-11 00:00:00,0.0
2017-09-11 01:00:00,0.0
2017-09-11 02:00:00,0.0
2017-09-11 03:00:00,0.0
2017-09-11 04:00:00,0.0
2017-09-11 05:00:00,0.0
2017-09-11 06:00:00,0.0
2017-09-11 07:00:00,0.0
2017-09-11 08:00:00,0.0
2017-09-11 09:00:00,0.0
2017-09-11 10:00:00,14.7
2017-09-11 11:00:00,202.10000625
2017-09-11 12:00:00,474.55
2017-09-11 13:00:00,707.3
2017-09-11 14:00:00,885.47501
2017-09-11 15:00:00,995.42502
2017-09-11 16:00:00,1025.7
2017-09-11 17:00:00,976.2750000000001
2017-09-11 18:00:00,853.75
2017-09-11 19:00:00,659.35001
2017-09-11 20:00:00,415.15
2017-09-11 21:00:00,157.675
2017-09-11 22:00:00,4.32500025
2017-09-11 23:00:00,0.0
2017-09-12 00:00:00,0.0
2017-09-12 01:00:00,0.0
2017-09-12 02:00:00,0.0
2017-09-12 03:00:00,0.0
2017-09-12 04:00:00,0.0
2017-09-12 05:00:00,0.0
2017-09-12 06:00:00,0.0
2017-09-12 07:00:00,0.0
2017-09-12 08:00:00,0.0
2017-09-12 09:00:00,0.0
2017-09-12 10:00:00,17.974999999999998
2017-09-12 11:00:00,200.82500125
2017-09-12 12:00:00,460.575005
2017-09-12 13:00:00,684.6500100000001
2017-09-12 14:00:00,856.25
2017-09-12 15:00:00,961.30002
2017-09-12 16:00:00,986.7
2017-09-12 17:00:00,935.2
2017-09-12 18:00:00,805.12501
2017-09-12 19:00:00,484.62501000000003
2017-09-12 20:00:00,222.23333333333335
2017-09-12 21:00:00,45.825000075
2017-09-12 22:00:00,0.0
2017-09-12 23:00:00,0.0
2017-09-13 00:00:00,0.0
2017-09-13 01:00:00,0.0
2017-09-13 02:00:00,0.0
2017-09-13 03:00:00,0.0
2017-09-13 04:00:00,0.0
2017-09-13 05:00:00,0.0
2017-09-13 06:00:00,0.0
2017-09-13 07:00:00,0.0
2017-09-13 08:00:00,0.0
2017-09-13 09:00:00,0.0
2017-09-13 10:00:00,17.12500075
2017-09-13 11:00:00,194.6
2017-09-13 12:00:00,450.6
2017-09-13 13:00:00,677.37501
2017-09-13 14:00:00,851.82501
2017-09-13 15:00:00,963.95001
2017-09-13 16:00:00,996.275
2017-09-13 17:00:00,950.425
2017-09-13 18:00:00,836.15001
2017-09-13 19:00:00,648.9
2017-09-13 20:00:00,412.5
2017-09-13 21:00:00,147.525
2017-09-13 22:00:00,0.15
2017-09-13 23:00:00,0.0
2017-09-14 00:00:00,0.0
2017-09-14 01:00:00,0.0
2017-09-14 02:00:00,0.0
2017-09-14 03:00:00,0.0
2017-09-14 04:00:00,0.0
2017-09-14 05:00:00,0.0
2017-09-14 06:00:00,0.0
2017-09-14 07:00:00,0.0
2017-09-14 08:00:00,0.0
2017-09-14 09:00:00,0.0
2017-09-14 10:00:00,24.82500125
2017-09-14 11:00:00,230.67501000000001
2017-09-14 12:00:00,499.675
2017-09-14 13:00:00,731.45002
2017-09-14 14:00:00,908.025
2017-09-14 15:00:00,1013.150025
2017-09-14 16:00:00,1041.4
2017-09-14 17:00:00,991.3000099999999
2017-09-14 18:00:00,862.60001
2017-09-14 19:00:00,670.6
2017-09-14 20:00:00,428.07500500000003
2017-09-14 21:00:00,158.02500125
2017-09-14 22:00:00,4.675
2017-09-14 23:00:00,0.0
2017-09-15 00:00:00,0.0
2017-09-15 01:00:00,0.0
2017-09-15 02:00:00,0.0
2017-09-15 03:00:00,0.0
2017-09-15 04:00:00,0.0
2017-09-15 05:00:00,0.0
2017-09-15 06:00:00,0.0
2017-09-15 07:00:00,0.0
2017-09-15 08:00:00,0.0
2017-09-15 09:00:00,0.0
2017-09-15 10:00:00,23.425000250000004
2017-09-15 11:00:00,196.27499999999998
2017-09-15 12:00:00,434.375
2017-09-15 13:00:00,640.25
2017-09-15 14:00:00,681.22502
2017-09-15 15:00:00,683.85001
2017-09-15 16:00:00,550.975
2017-09-15 17:00:00,396.0
2017-09-15 18:00:00,493.47501
2017-09-15 19:00:00,411.4
2017-09-15 20:00:00,242.100005
2017-09-15 21:00:00,41.95
2017-09-15 22:00:00,0.0
2017-09-15 23:00:00,0.0
2017-09-16 00:00:00,0.0
2017-09-16 01:00:00,0.0
2017-09-16 02:00:00,0.0
2017-09-16 03:00:00,0.0
2017-09-16 04:00:00,0.0
2017-09-16 05:00:00,0.0
2017-09-16 06:00:00,0.0
2017-09-16 07:00:00,0.0
2017-09-16 08:00:00,0.0
2017-09-16 09:00:00,0.0
2017-09-16 10:00:00,24.85
2017-09-16 11:00:00,225.950005
2017-09-16 12:00:00,483.675
2017-09-16 13:00:00,714.275
2017-09-16 14:00:00,887.22501
2017-09-16 15:00:00,986.95001
2017-09-16 16:00:00,1009.60001
2017-09-16 17:00:00,953.25
2017-09-16 18:00:00,815.5
2017-09-16 19:00:00,623.8
2017-09-16 20:00:00,388.7
2017-09-16 21:00:00,134.825
2017-09-16 22:00:00,3.825
2017-09-16 23:00:00,0.0
2017-09-17 00:00:00,0.0
2017-09-17 01:00:00,0.0
2017-09-17 02:00:00,0.0
2017-09-17 03:00:00,0.0
2017-09-17 04:00:00,0.0
2017-09-17 05:00:00,0.0
2017-09-17 06:00:00,0.0
2017-09-17 07:00:00,0.0
2017-09-17 08:00:00,0.0
2017-09-17 09:00:00,0.0
2017-09-17 10:00:00,21.575
2017-09-17 11:00:00,215.475005
2017-09-17 12:00:00,487.575
2017-09-17 13:00:00,713.57503
2017-09-17 14:00:00,884.75002
2017-09-17 15:00:00,982.35
2017-09-17 16:00:00,1007.65
2017-09-17 17:00:00,953.85
2017-09-17 18:00:00,812.5
2017-09-17 19:00:00,620.57501
2017-09-17 20:00:00,386.70000500000003
2017-09-17 21:00:00,137.35000300000002
2017-09-17 22:00:00,4.15
2017-09-17 23:00:00,0.0
2017-09-18 00:00:00,0.0
2017-09-18 01:00:00,0.0
2017-09-18 02:00:00,0.0
2017-09-18 03:00:00,0.0
2017-09-18 04:00:00,0.0
2017-09-18 05:00:00,0.0
2017-09-18 06:00:00,0.0
2017-09-18 07:00:00,0.0
2017-09-18 08:00:00,0.0
2017-09-18 09:00:00,0.0
2017-09-18 10:00:00,27.625000500000002
2017-09-18 11:00:00,242.8000025
2017-09-18 12:00:00,504.825
2017-09-18 13:00:00,733.47501
2017-09-18 14:00:00,905.9749999999999
2017-09-18 15:00:00,1006.8499999999999
2017-09-18 16:00:00,1029.25
2017-09-18 17:00:00,973.05
2017-09-18 18:00:00,841.37501
2017-09-18 19:00:00,649.075
2017-09-18 20:00:00,412.225005
2017-09-18 21:00:00,154.925
2017-09-18 22:00:00,5.20000025
2017-09-18 23:00:00,0.0
2017-09-19 00:00:00,0.0
2017-09-19 01:00:00,0.0
2017-09-19 02:00:00,0.0
2017-09-19 03:00:00,0.0
2017-09-19 04:00:00,0.0
2017-09-19 05:00:00,0.0
2017-09-19 06:00:00,0.0
2017-09-19 07:00:00,0.0
2017-09-19 08:00:00,0.0
2017-09-19 09:00:00,0.0
2017-09-19 10:00:00,28.5
2017-09-19 11:00:00,252.2250075
2017-09-19 12:00:00,512.05
2017-09-19 13:00:00,742.72501
2017-09-19 14:00:00,917.70001
2017-09-19 15:00:00,1022.32501
2017-09-19 16:00:00,1048.525025
2017-09-19 17:00:00,995.10001
2017-09-19 18:00:00,861.30002
2017-09-19 19:00:00,663.27501
2017-09-19 20:00:00,419.825
2017-09-19 21:00:00,155.90000500000002
2017-09-19 22:00:00,5.32500025
2017-09-19 23:00:00,0.0
2017-09-20 00:00:00,0.0
2017-09-20 01:00:00,0.0
2017-09-20 02:00:00,0.0
2017-09-20 03:00:00,0.0
2017-09-20 04:00:00,0.0
2017-09-20 05:00:00,0.0
2017-09-20 06:00:00,0.0
2017-09-20 07:00:00,0.0
2017-09-20 08:00:00,0.0
2017-09-20 09:00:00,0.0
2017-09-20 10:00:00,32.9
2017-09-20 11:00:00,253.0
2017-09-20 12:00:00,506.075
2017-09-20 13:00:00,733.4750200000001
2017-09-20 14:00:00,904.37501
2017-09-20 15:00:00,1007.375
2017-09-20 16:00:00,1031.025
2017-09-20 17:00:00,976.475
2017-09-20 18:00:00,840.02502
2017-09-20 19:00:00,644.4000100000001
2017-09-20 20:00:00,404.925
2017-09-20 21:00:00,142.65000125
2017-09-20 22:00:00,4.75
2017-09-20 23:00:00,0.0
2017-09-21 00:00:00,0.0
2017-09-21 01:00:00,0.0
2017-09-21 02:00:00,0.0
2017-09-21 03:00:00,0.0
2017-09-21 04:00:00,0.0
2017-09-21 05:00:00,0.0
2017-09-21 06:00:00,0.0
2017-09-21 07:00:00,0.0
2017-09-21 08:00:00,0.0
2017-09-21 09:00:00,0.0
2017-09-21 10:00:00,9.82500025
2017-09-21 11:00:00,107.65000125
2017-09-21 12:00:00,329.625005
2017-09-21 13:00:00,516.800005
2017-09-21 14:00:00,679.05
2017-09-21 15:00:00,763.425
2017-09-21 16:00:00,736.60001
2017-09-21 17:00:00,664.17501
2017-09-21 18:00:00,525.550015
2017-09-21 19:00:00,432.375
2017-09-21 20:00:00,209.625
2017-09-21 21:00:00,68.6750005
2017-09-21 22:00:00,3.7
2017-09-21 23:00:00,0.0
2017-09-22 00:00:00,0.0
2017-09-22 01:00:00,0.0
2017-09-22 02:00:00,0.0
2017-09-22 03:00:00,0.0
2017-09-22 04:00:00,0.0
2017-09-22 05:00:00,0.0
2017-09-22 06:00:00,0.0
2017-09-22 07:00:00,0.0
2017-09-22 08:00:00,0.0
2017-09-22 09:00:00,0.0
2017-09-22 10:00:00,28.175
2017-09-22 11:00:00,164.7
2017-09-22 12:00:00,563.40002
2017-09-22 13:00:00,726.3500200000001
2017-09-22 14:00:00,895.85001
2017-09-22 15:00:00,991.17503
2017-09-22 16:00:00,1002.92501
2017-09-22 17:00:00,890.37502
2017-09-22 18:00:00,676.9000100000001
2017-09-22 19:00:00,553.775
2017-09-22 20:00:00,351.725
2017-09-22 21:00:00,139.15000125
2017-09-22 22:00:00,6.25
2017-09-22 23:00:00,0.0
2017-09-23 00:00:00,0.0
2017-09-23 01:00:00,0.0
2017-09-23 02:00:00,0.0
2017-09-23 03:00:00,0.0
2017-09-23 04:00:00,0.0
2017-09-23 05:00:00,0.0
2017-09-23 06:00:00,0.0
2017-09-23 07:00:00,0.0
2017-09-23 08:00:00,0.0
2017-09-23 09:00:00,0.0
2017-09-23 10:00:00,36.9250005
2017-09-23 11:00:00,256.2
2017-09-23 12:00:00,503.45
2017-09-23 13:00:00,727.47502
2017-09-23 14:00:00,897.10001
2017-09-23 15:00:00,996.975
2017-09-23 16:00:00,1020.175
2017-09-23 17:00:00,964.45002
2017-09-23 18:00:00,835.82501
2017-09-23 19:00:00,645.12501
2017-09-23 20:00:00,408.25001
2017-09-23 21:00:00,150.3250025
2017-09-23 22:00:00,5.525
2017-09-23 23:00:00,0.0
2017-09-24 00:00:00,0.0
2017-09-24 01:00:00,0.0
2017-09-24 02:00:00,0.0
2017-09-24 03:00:00,0.0
2017-09-24 04:00:00,0.0
2017-09-24 05:00:00,0.0
2017-09-24 06:00:00,0.0
2017-09-24 07:00:00,0.0
2017-09-24 08:00:00,0.0
2017-09-24 09:00:00,0.0
2017-09-24 10:00:00,42.2250005
2017-09-24 11:00:00,269.7
2017-09-24 12:00:00,500.97501
2017-09-24 13:00:00,725.65
2017-09-24 14:00:00,895.4000100000001
2017-09-24 15:00:00,997.925
2017-09-24 16:00:00,1021.800025
2017-09-24 17:00:00,966.4000100000001
2017-09-24 18:00:00,829.07501
2017-09-24 19:00:00,603.67501
2017-09-24 20:00:00,257.2250075
2017-09-24 21:00:00,118.05
2017-09-24 22:00:00,0.0
2017-09-24 23:00:00,0.0
2017-09-25 00:00:00,0.0
2017-09-25 01:00:00,0.0
2017-09-25 02:00:00,0.0
2017-09-25 03:00:00,0.0
2017-09-25 04:00:00,0.0
2017-09-25 05:00:00,0.0
2017-09-25 06:00:00,0.0
2017-09-25 07:00:00,0.0
2017-09-25 08:00:00,0.0
2017-09-25 09:00:00,0.0
2017-09-25 10:00:00,42.475
2017-09-25 11:00:00,267.8000025
2017-09-25 12:00:00,507.875
2017-09-25 13:00:00,730.1750099999999
2017-09-25 14:00:00,897.20001
2017-09-25 15:00:00,995.525
2017-09-25 16:00:00,1016.3
2017-09-25 17:00:00,935.55002
2017-09-25 18:00:00,815.5749999999999
2017-09-25 19:00:00,613.5
2017-09-25 20:00:00,331.225005
2017-09-25 21:00:00,78.60000025
2017-09-25 22:00:00,5.95000025
2017-09-25 23:00:00,0.0
2017-09-26 00:00:00,0.0
2017-09-26 01:00:00,0.0
2017-09-26 02:00:00,0.0
2017-09-26 03:00:00,0.0
2017-09-26 04:00:00,0.0
2017-09-26 05:00:00,0.0
2017-09-26 06:00:00,0.0
2017-09-26 07:00:00,0.0
2017-09-26 08:00:00,0.0
2017-09-26 09:00:00,0.0
2017-09-26 10:00:00,48.0750005
2017-09-26 11:00:00,278.4500125
2017-09-26 12:00:00,517.37501
2017-09-26 13:00:00,740.97502
2017-09-26 14:00:00,907.95
2017-09-26 15:00:00,1002.275
2017-09-26 16:00:00,1022.25001
2017-09-26 17:00:00,955.72501
2017-09-26 18:00:00,709.75001
2017-09-26 19:00:00,263.37500750000004
2017-09-26 20:00:00,90.92500125000001
2017-09-26 21:00:00,0.0
2017-09-26 22:00:00,0.0
2017-09-26 23:00:00,0.0
2017-09-27 00:00:00,0.0
2017-09-27 01:00:00,0.0
2017-09-27 02:00:00,0.0
2017-09-27 03:00:00,0.0
2017-09-27 04:00:00,0.0
2017-09-27 05:00:00,0.0
2017-09-27 06:00:00,0.0
2017-09-27 07:00:00,0.0
2017-09-27 08:00:00,0.0
2017-09-27 09:00:00,0.0
2017-09-27 10:00:00,30.525001250000003
2017-09-27 11:00:00,177.2
2017-09-27 12:00:00,366.425
2017-09-27 13:00:00,455.40001
2017-09-27 14:00:00,466.17499999999995
2017-09-27 15:00:00,452.85002000000003
2017-09-27 16:00:00,535.7
2017-09-27 17:00:00,644.025
2017-09-27 18:00:00,386.175005
2017-09-27 19:00:00,227.225
2017-09-27 20:00:00,175.45
2017-09-27 21:00:00,38.650000250000005
2017-09-27 22:00:00,0.0
2017-09-27 23:00:00,0.0
2017-09-28 00:00:00,0.0
2017-09-28 01:00:00,0.0
2017-09-28 02:00:00,0.0
2017-09-28 03:00:00,0.0
2017-09-28 04:00:00,0.0
2017-09-28 05:00:00,0.0
2017-09-28 06:00:00,0.0
2017-09-28 07:00:00,0.0
2017-09-28 08:00:00,0.0
2017-09-28 09:00:00,0.0
2017-09-28 10:00:00,42.55
2017-09-28 11:00:00,234.52499999999998
2017-09-28 12:00:00,468.775
2017-09-28 13:00:00,650.57502
2017-09-28 14:00:00,794.1500100000001
2017-09-28 15:00:00,748.65
2017-09-28 16:00:00,839.1500100000001
2017-09-28 17:00:00,666.175
2017-09-28 18:00:00,435.275
2017-09-28 19:00:00,447.55
2017-09-28 20:00:00,361.85001
2017-09-28 21:00:00,74.15000125
2017-09-28 22:00:00,0.0
2017-09-28 23:00:00,0.0
2017-09-29 00:00:00,0.0
2017-09-29 01:00:00,0.0
2017-09-29 02:00:00,0.0
2017-09-29 03:00:00,0.0
2017-09-29 04:00:00,0.0
2017-09-29 05:00:00,0.0
2017-09-29 06:00:00,0.0
2017-09-29 07:00:00,0.0
2017-09-29 08:00:00,0.0
2017-09-29 09:00:00,0.0
2017-09-29 10:00:00,57.75000250000001
2017-09-29 11:00:00,300.025
2017-09-29 12:00:00,559.47501
2017-09-29 13:00:00,783.97502
2017-09-29 14:00:00,953.8000099999999
2017-09-29 15:00:00,1046.800035
2017-09-29 16:00:00,1066.225
2017-09-29 17:00:00,1006.300025
2017-09-29 18:00:00,860.15
2017-09-29 19:00:00,662.425
2017-09-29 20:00:00,422.55001500000003
2017-09-29 21:00:00,138.625
2017-09-29 22:00:00,7.275
2017-09-29 23:00:00,0.0
2017-09-30 00:00:00,0.0
2017-09-30 01:00:00,0.0
2017-09-30 02:00:00,0.0
2017-09-30 03:00:00,0.0
2017-09-30 04:00:00,0.0
2017-09-30 05:00:00,0.0
2017-09-30 06:00:00,0.0
2017-09-30 07:00:00,0.0
2017-09-30 08:00:00,0.0
2017-09-30 09:00:00,0.0
2017-09-30 10:00:00,58.675
2017-09-30 11:00:00,301.625
2017-09-30 12:00:00,561.30001
2017-09-30 13:00:00,789.0
2017-09-30 14:00:00,961.40002
2017-09-30 15:00:00,1066.55
2017-09-30 16:00:00,1089.225
2017-09-30 17:00:00,1031.8250600000001
2017-09-30 18:00:00,898.02501
2017-09-30 19:00:00,697.72501
2017-09-30 20:00:00,395.45000500000003
2017-09-30 21:00:00,181.775
2017-09-30 22:00:00,9.2
2017-09-30 23:00:00,0.0
2017-10-01 00:00:00,0.0
2017-10-01 01:00:00,0.0
2017-10-01 02:00:00,0.0
2017-10-01 03:00:00,0.0
2017-10-01 04:00:00,0.0
2017-10-01 05:00:00,0.0
2017-10-01 06:00:00,0.0
2017-10-01 07:00:00,0.0
2017-10-01 08:00:00,0.0
2017-10-01 09:00:00,0.0
2017-10-01 10:00:00,64.375
2017-10-01 11:00:00,313.125
2017-10-01 12:00:00,572.25001
2017-10-01 13:00:00,800.4
2017-10-01 14:00:00,973.20001
2017-10-01 15:00:00,1071.6
2017-10-01 16:00:00,978.5999999999999
2017-10-01 17:00:00,782.67502
2017-10-01 18:00:00,477.67501000000004
2017-10-01 19:00:00,381.750005
2017-10-01 20:00:00,229.2750025
2017-10-01 21:00:00,59.599999999999994
2017-10-01 22:00:00,8.35
2017-10-01 23:00:00,0.0
2017-10-02 00:00:00,0.0
2017-10-02 01:00:00,0.0
2017-10-02 02:00:00,0.0
2017-10-02 03:00:00,0.0
2017-10-02 04:00:00,0.0
2017-10-02 05:00:00,0.0
2017-10-02 06:00:00,0.0
2017-10-02 07:00:00,0.0
2017-10-02 08:00:00,0.0
2017-10-02 09:00:00,0.0
2017-10-02 10:00:00,56.525
2017-10-02 11:00:00,313.000005
2017-10-02 12:00:00,585.900005
2017-10-02 13:00:00,815.22501
2017-10-02 14:00:00,983.700025
2017-10-02 15:00:00,1074.975
2017-10-02 16:00:00,1090.375025
2017-10-02 17:00:00,1032.2
2017-10-02 18:00:00,896.5250100000001
2017-10-02 19:00:00,694.25001
2017-10-02 20:00:00,445.975005
2017-10-02 21:00:00,137.47500025
2017-10-02 22:00:00,0.1
2017-10-02 23:00:00,0.0
2017-10-03 00:00:00,0.0
2017-10-03 01:00:00,0.0
2017-10-03 02:00:00,0.0
2017-10-03 03:00:00,0.0
2017-10-03 04:00:00,0.0
2017-10-03 05:00:00,0.0
2017-10-03 06:00:00,0.0
2017-10-03 07:00:00,0.0
2017-10-03 08:00:00,0.0
2017-10-03 09:00:00,0.0
2017-10-03 10:00:00,66.7
2017-10-03 11:00:00,315.5500025
2017-10-03 12:00:00,579.925
2017-10-03 13:00:00,805.95
2017-10-03 14:00:00,973.12501
2017-10-03 15:00:00,1066.5249999999999
2017-10-03 16:00:00,1081.125
2017-10-03 17:00:00,1018.125035
2017-10-03 18:00:00,871.42502
2017-10-03 19:00:00,672.925
2017-10-03 20:00:00,429.125
2017-10-03 21:00:00,148.2
2017-10-03 22:00:00,0.875
2017-10-03 23:00:00,0.0
2017-10-04 00:00:00,0.0
2017-10-04 01:00:00,0.0
2017-10-04 02:00:00,0.0
2017-10-04 03:00:00,0.0
2017-10-04 04:00:00,0.0
2017-10-04 05:00:00,0.0
2017-10-04 06:00:00,0.0
2017-10-04 07:00:00,0.0
2017-10-04 08:00:00,0.0
2017-10-04 09:00:00,0.0
2017-10-04 10:00:00,67.10000124999999
2017-10-04 11:00:00,319.8000025
2017-10-04 12:00:00,582.5250000000001
2017-10-04 13:00:00,811.12501
2017-10-04 14:00:00,982.875
2017-10-04 15:00:00,1086.50005
2017-10-04 16:00:00,1107.925
2017-10-04 17:00:00,1046.350035
2017-10-04 18:00:00,906.32501
2017-10-04 19:00:00,699.70002
2017-10-04 20:00:00,450.70000500000003
2017-10-04 21:00:00,187.90000875
2017-10-04 22:00:00,3.575
2017-10-04 23:00:00,0.0
2017-10-05 00:00:00,0.0
2017-10-05 01:00:00,0.0
2017-10-05 02:00:00,0.0
2017-10-05 03:00:00,0.0
2017-10-05 04:00:00,0.0
2017-10-05 05:00:00,0.0
2017-10-05 06:00:00,0.0
2017-10-05 07:00:00,0.0
2017-10-05 08:00:00,0.0
2017-10-05 09:00:00,0.0
2017-10-05 10:00:00,75.775
2017-10-05 11:00:00,336.7
2017-10-05 12:00:00,592.45001
2017-10-05 13:00:00,838.05
2017-10-05 14:00:00,1006.825
2017-10-05 15:00:00,1100.525075
2017-10-05 16:00:00,1092.750025
2017-10-05 17:00:00,978.200025
2017-10-05 18:00:00,791.25001
2017-10-05 19:00:00,464.05002
2017-10-05 20:00:00,169.8
2017-10-05 21:00:00,0.0
2017-10-05 22:00:00,0.0
2017-10-05 23:00:00,0.0
2017-10-06 00:00:00,0.0
2017-10-06 01:00:00,0.0
2017-10-06 02:00:00,0.0
2017-10-06 03:00:00,0.0
2017-10-06 04:00:00,0.0
2017-10-06 05:00:00,0.0
2017-10-06 06:00:00,0.0
2017-10-06 07:00:00,0.0
2017-10-06 08:00:00,0.0
2017-10-06 09:00:00,0.0
2017-10-06 10:00:00,80.42500000000001
2017-10-06 11:00:00,342.1000075
2017-10-06 12:00:00,601.32501
2017-10-06 13:00:00,831.85001
2017-10-06 14:00:00,1002.62501
2017-10-06 15:00:00,1056.550035
2017-10-06 16:00:00,818.4749999999999
2017-10-06 17:00:00,615.20002
2017-10-06 18:00:00,443.80001000000004
2017-10-06 19:00:00,332.25
2017-10-06 20:00:00,127.0
2017-10-06 21:00:00,72.15000025
2017-10-06 22:00:00,1.25
2017-10-06 23:00:00,0.0
2017-10-07 00:00:00,0.0
2017-10-07 01:00:00,0.0
2017-10-07 02:00:00,0.0
2017-10-07 03:00:00,0.0
2017-10-07 04:00:00,0.0
2017-10-07 05:00:00,0.0
2017-10-07 06:00:00,0.0
2017-10-07 07:00:00,0.0
2017-10-07 08:00:00,0.0
2017-10-07 09:00:00,0.0
2017-10-07 10:00:00,62.2500005
2017-10-07 11:00:00,253.95
2017-10-07 12:00:00,474.42501500000003
2017-10-07 13:00:00,634.9750200000001
2017-10-07 14:00:00,835.2
2017-10-07 15:00:00,934.15
2017-10-07 16:00:00,1008.47501
2017-10-07 17:00:00,943.90001
2017-10-07 18:00:00,865.62501
2017-10-07 19:00:00,674.875
2017-10-07 20:00:00,368.100005
2017-10-07 21:00:00,154.125
2017-10-07 22:00:00,11.7500005
2017-10-07 23:00:00,0.0
2017-10-08 00:00:00,0.0
2017-10-08 01:00:00,0.0
2017-10-08 02:00:00,0.0
2017-10-08 03:00:00,0.0
2017-10-08 04:00:00,0.0
2017-10-08 05:00:00,0.0
2017-10-08 06:00:00,0.0
2017-10-08 07:00:00,0.0
2017-10-08 08:00:00,0.0
2017-10-08 09:00:00,0.0
2017-10-08 10:00:00,89.62500125
2017-10-08 11:00:00,355.100005
2017-10-08 12:00:00,613.00001
2017-10-08 13:00:00,842.625
2017-10-08 14:00:00,1011.725035
2017-10-08 15:00:00,1108.17505
2017-10-08 16:00:00,1124.875025
2017-10-08 17:00:00,1059.42505
2017-10-08 18:00:00,901.925
2017-10-08 19:00:00,681.3
2017-10-08 20:00:00,354.050005
2017-10-08 21:00:00,56.9
2017-10-08 22:00:00,0.0
2017-10-08 23:00:00,0.0
2017-10-09 00:00:00,0.0
2017-10-09 01:00:00,0.0
2017-10-09 02:00:00,0.0
2017-10-09 03:00:00,0.0
2017-10-09 04:00:00,0.0
2017-10-09 05:00:00,0.0
2017-10-09 06:00:00,0.0
2017-10-09 07:00:00,0.0
2017-10-09 08:00:00,0.0
2017-10-09 09:00:00,0.0
2017-10-09 10:00:00,65.72500175
2017-10-09 11:00:00,254.3000075
2017-10-09 12:00:00,491.77500000000003
2017-10-09 13:00:00,686.0250100000001
2017-10-09 14:00:00,844.52501
2017-10-09 15:00:00,905.87502
2017-10-09 16:00:00,929.2
2017-10-09 17:00:00,931.02503
2017-10-09 18:00:00,841.85001
2017-10-09 19:00:00,642.475
2017-10-09 20:00:00,380.050005
2017-10-09 21:00:00,161.0500025
2017-10-09 22:00:00,12.274999999999999
2017-10-09 23:00:00,0.0
2017-10-10 00:00:00,0.0
2017-10-10 01:00:00,0.0
2017-10-10 02:00:00,0.0
2017-10-10 03:00:00,0.0
2017-10-10 04:00:00,0.0
2017-10-10 05:00:00,0.0
2017-10-10 06:00:00,0.0
2017-10-10 07:00:00,0.0
2017-10-10 08:00:00,0.0
2017-10-10 09:00:00,0.0
2017-10-10 10:00:00,86.3750005
2017-10-10 11:00:00,353.500005
2017-10-10 12:00:00,620.12501
2017-10-10 13:00:00,846.92501
2017-10-10 14:00:00,1013.9250099999999
2017-10-10 15:00:00,1111.675025
2017-10-10 16:00:00,1130.82505
2017-10-10 17:00:00,1068.80005
2017-10-10 18:00:00,929.875
2017-10-10 19:00:00,727.275
2017-10-10 20:00:00,475.32500500000003
2017-10-10 21:00:00,204.1000025
2017-10-10 22:00:00,13.825000000000001
2017-10-10 23:00:00,0.0
2017-10-11 00:00:00,0.0
2017-10-11 01:00:00,0.0
2017-10-11 02:00:00,0.0
2017-10-11 03:00:00,0.0
2017-10-11 04:00:00,0.0
2017-10-11 05:00:00,0.0
2017-10-11 06:00:00,0.0
2017-10-11 07:00:00,0.0
2017-10-11 08:00:00,0.0
2017-10-11 09:00:00,0.0
2017-10-11 10:00:00,89.64999999999999
2017-10-11 11:00:00,310.93334
2017-10-11 12:00:00,586.85
2017-10-11 13:00:00,811.22501
2017-10-11 14:00:00,977.175
2017-10-11 15:00:00,1070.65
2017-10-11 16:00:00,1088.275
2017-10-11 17:00:00,1026.225035
2017-10-11 18:00:00,870.6500100000001
2017-10-11 19:00:00,558.5
2017-10-11 20:00:00,346.55
2017-10-11 21:00:00,157.975
2017-10-11 22:00:00,3.3499999999999996
2017-10-11 23:00:00,0.0
2017-10-12 00:00:00,0.0
2017-10-12 01:00:00,0.0
2017-10-12 02:00:00,0.0
2017-10-12 03:00:00,0.0
2017-10-12 04:00:00,0.0
2017-10-12 05:00:00,0.0
2017-10-12 06:00:00,0.0
2017-10-12 07:00:00,0.0
2017-10-12 08:00:00,0.0
2017-10-12 09:00:00,0.0
2017-10-12 10:00:00,92.225
2017-10-12 11:00:00,314.5333333333333
2017-10-12 12:00:00,602.97501
2017-10-12 13:00:00,824.30001
2017-10-12 14:00:00,987.9499999999999
2017-10-12 15:00:00,1081.75
2017-10-12 16:00:00,1098.625025
2017-10-12 17:00:00,1028.575025
2017-10-12 18:00:00,851.45
2017-10-12 19:00:00,687.35001
2017-10-12 20:00:00,441.575015
2017-10-12 21:00:00,189.5
2017-10-12 22:00:00,13.550000500000001
2017-10-12 23:00:00,0.0
2017-10-13 00:00:00,0.0
2017-10-13 01:00:00,0.0
2017-10-13 02:00:00,0.0
2017-10-13 03:00:00,0.0
2017-10-13 04:00:00,0.0
2017-10-13 05:00:00,0.0
2017-10-13 06:00:00,0.0
2017-10-13 07:00:00,0.0
2017-10-13 08:00:00,0.0
2017-10-13 09:00:00,0.0
2017-10-13 10:00:00,92.85
2017-10-13 11:00:00,320.30001
2017-10-13 12:00:00,613.05001
2017-10-13 13:00:00,834.60001
2017-10-13 14:00:00,997.70001
2017-10-13 15:00:00,1084.1
2017-10-13 16:00:00,1099.600025
2017-10-13 17:00:00,1036.125
2017-10-13 18:00:00,892.925
2017-10-13 19:00:00,692.32501
2017-10-13 20:00:00,448.47501
2017-10-13 21:00:00,196.4
2017-10-13 22:00:00,14.450000500000002
2017-10-13 23:00:00,0.0
2017-10-14 00:00:00,0.0
2017-10-14 01:00:00,0.0
2017-10-14 02:00:00,0.0
2017-10-14 03:00:00,0.0
2017-10-14 04:00:00,0.0
2017-10-14 05:00:00,0.0
2017-10-14 06:00:00,0.0
2017-10-14 07:00:00,0.0
2017-10-14 08:00:00,0.0
2017-10-14 09:00:00,0.0
2017-10-14 10:00:00,105.19999999999999
2017-10-14 11:00:00,364.350005
2017-10-14 12:00:00,617.12502
2017-10-14 13:00:00,838.425
2017-10-14 14:00:00,1002.15002
2017-10-14 15:00:00,1089.925
2017-10-14 16:00:00,1103.12505
2017-10-14 17:00:00,1036.175025
2017-10-14 18:00:00,888.55001
2017-10-14 19:00:00,688.7750100000001
2017-10-14 20:00:00,446.225
2017-10-14 21:00:00,200.40000375
2017-10-14 22:00:00,15.42500025
2017-10-14 23:00:00,0.0
2017-10-15 00:00:00,0.0
2017-10-15 01:00:00,0.0
2017-10-15 02:00:00,0.0
2017-10-15 03:00:00,0.0
2017-10-15 04:00:00,0.0
2017-10-15 05:00:00,0.0
2017-10-15 06:00:00,0.0
2017-10-15 07:00:00,0.0
2017-10-15 08:00:00,0.0
2017-10-15 09:00:00,0.0
2017-10-15 10:00:00,102.55
2017-10-15 11:00:00,357.350005
2017-10-15 12:00:00,603.6500149999999
2017-10-15 13:00:00,824.725
2017-10-15 14:00:00,987.50001
2017-10-15 15:00:00,1078.575025
2017-10-15 16:00:00,1092.425025
2017-10-15 17:00:00,1027.25
2017-10-15 18:00:00,618.3249999999999
2017-10-15 19:00:00,350.175
2017-10-15 20:00:00,270.05
2017-10-15 21:00:00,23.975
2017-10-15 22:00:00,1.825
2017-10-15 23:00:00,0.0
2017-10-16 00:00:00,0.0
2017-10-16 01:00:00,0.0
2017-10-16 02:00:00,0.0
2017-10-16 03:00:00,0.0
2017-10-16 04:00:00,0.0
2017-10-16 05:00:00,0.0
2017-10-16 06:00:00,0.0
2017-10-16 07:00:00,0.0
2017-10-16 08:00:00,0.0
2017-10-16 09:00:00,0.0
2017-10-16 10:00:00,113.17500000000001
2017-10-16 11:00:00,371.82500000000005
2017-10-16 12:00:00,629.47501
2017-10-16 13:00:00,848.8499999999999
2017-10-16 14:00:00,1011.85
2017-10-16 15:00:00,1105.975025
2017-10-16 16:00:00,1119.425
2017-10-16 17:00:00,915.025
2017-10-16 18:00:00,594.4250099999999
2017-10-16 19:00:00,592.85001
2017-10-16 20:00:00,287.1750075
2017-10-16 21:00:00,49.7
2017-10-16 22:00:00,0.0
2017-10-16 23:00:00,0.0
2017-10-17 00:00:00,0.0
2017-10-17 01:00:00,0.0
2017-10-17 02:00:00,0.0
2017-10-17 03:00:00,0.0
2017-10-17 04:00:00,0.0
2017-10-17 05:00:00,0.0
2017-10-17 06:00:00,0.0
2017-10-17 07:00:00,0.0
2017-10-17 08:00:00,0.0
2017-10-17 09:00:00,0.0
2017-10-17 10:00:00,114.20000250000001
2017-10-17 11:00:00,365.700015
2017-10-17 12:00:00,604.30002
2017-10-17 13:00:00,779.65001
2017-10-17 14:00:00,1031.500035
2017-10-17 15:00:00,1121.825
2017-10-17 16:00:00,1135.50005
2017-10-17 17:00:00,1070.475025
2017-10-17 18:00:00,926.1750099999999
2017-10-17 19:00:00,618.725005
2017-10-17 20:00:00,476.09999999999997
2017-10-17 21:00:00,145.575
2017-10-17 22:00:00,0.0
2017-10-17 23:00:00,0.0
2017-10-18 00:00:00,0.0
2017-10-18 01:00:00,0.0
2017-10-18 02:00:00,0.0
2017-10-18 03:00:00,0.0
2017-10-18 04:00:00,0.0
2017-10-18 05:00:00,0.0
2017-10-18 06:00:00,0.0
2017-10-18 07:00:00,0.0
2017-10-18 08:00:00,0.0
2017-10-18 09:00:00,0.0
2017-10-18 10:00:00,110.825
2017-10-18 11:00:00,380.675005
2017-10-18 12:00:00,642.9000100000001
2017-10-18 13:00:00,866.4000100000001
2017-10-18 14:00:00,1031.8000200000001
2017-10-18 15:00:00,1124.25005
2017-10-18 16:00:00,1139.800025
2017-10-18 17:00:00,1076.200025
2017-10-18 18:00:00,939.575
2017-10-18 19:00:00,739.7750100000001
2017-10-18 20:00:00,412.350005
2017-10-18 21:00:00,216.27500500000002
2017-10-18 22:00:00,18.775
2017-10-18 23:00:00,0.0
2017-10-19 00:00:00,0.0
2017-10-19 01:00:00,0.0
2017-10-19 02:00:00,0.0
2017-10-19 03:00:00,0.0
2017-10-19 04:00:00,0.0
2017-10-19 05:00:00,0.0
2017-10-19 06:00:00,0.0
2017-10-19 07:00:00,0.0
2017-10-19 08:00:00,0.0
2017-10-19 09:00:00,0.0
2017-10-19 10:00:00,84.55000000000001
2017-10-19 11:00:00,220.075
2017-10-19 12:00:00,395.400005
2017-10-19 13:00:00,546.200015
2017-10-19 14:00:00,861.67502
2017-10-19 15:00:00,817.27502
2017-10-19 16:00:00,753.35002
2017-10-19 17:00:00,628.6250150000001
2017-10-19 18:00:00,438.90000499999996
2017-10-19 19:00:00,352.20000500000003
2017-10-19 20:00:00,180.775
2017-10-19 21:00:00,51.37500275
2017-10-19 22:00:00,4.5
2017-10-19 23:00:00,0.0
2017-10-20 00:00:00,0.0
2017-10-20 01:00:00,0.0
2017-10-20 02:00:00,0.0
2017-10-20 03:00:00,0.0
2017-10-20 04:00:00,0.0
2017-10-20 05:00:00,0.0
2017-10-20 06:00:00,0.0
2017-10-20 07:00:00,0.0
2017-10-20 08:00:00,0.0
2017-10-20 09:00:00,0.0
2017-10-20 10:00:00,126.02500500000001
2017-10-20 11:00:00,390.175
2017-10-20 12:00:00,653.65
2017-10-20 13:00:00,878.0500099999999
2017-10-20 14:00:00,1045.625
2017-10-20 15:00:00,1142.150025
2017-10-20 16:00:00,1157.525025
2017-10-20 17:00:00,1086.75
2017-10-20 18:00:00,934.8
2017-10-20 19:00:00,731.67502
2017-10-20 20:00:00,483.27502000000004
2017-10-20 21:00:00,214.975
2017-10-20 22:00:00,19.9000005
2017-10-20 23:00:00,0.0
2017-10-21 00:00:00,0.0
2017-10-21 01:00:00,0.0
2017-10-21 02:00:00,0.0
2017-10-21 03:00:00,0.0
2017-10-21 04:00:00,0.0
2017-10-21 05:00:00,0.0
2017-10-21 06:00:00,0.0
2017-10-21 07:00:00,0.0
2017-10-21 08:00:00,0.0
2017-10-21 09:00:00,0.125
2017-10-21 10:00:00,134.8
2017-10-21 11:00:00,407.775005
2017-10-21 12:00:00,672.0
2017-10-21 13:00:00,893.3
2017-10-21 14:00:00,1041.2
2017-10-21 15:00:00,1024.57501
2017-10-21 16:00:00,755.77502
2017-10-21 17:00:00,543.12501
2017-10-21 18:00:00,434.825
2017-10-21 19:00:00,365.025005
2017-10-21 20:00:00,147.25000125
2017-10-21 21:00:00,25.099999999999998
2017-10-21 22:00:00,0.0
2017-10-21 23:00:00,0.0
2017-10-22 00:00:00,0.0
2017-10-22 01:00:00,0.0
2017-10-22 02:00:00,0.0
2017-10-22 03:00:00,0.0
2017-10-22 04:00:00,0.0
2017-10-22 05:00:00,0.0
2017-10-22 06:00:00,0.0
2017-10-22 07:00:00,0.0
2017-10-22 08:00:00,0.0
2017-10-22 09:00:00,0.5
2017-10-22 10:00:00,105.175
2017-10-22 11:00:00,302.7250025
2017-10-22 12:00:00,484.650015
2017-10-22 13:00:00,655.3500200000001
2017-10-22 14:00:00,877.87501
2017-10-22 15:00:00,1025.05
2017-10-22 16:00:00,1019.875
2017-10-22 17:00:00,996.37501
2017-10-22 18:00:00,920.62501
2017-10-22 19:00:00,707.55
2017-10-22 20:00:00,399.12501
2017-10-22 21:00:00,145.1500025
2017-10-22 22:00:00,0.0
2017-10-22 23:00:00,0.0
2017-10-23 00:00:00,0.0
2017-10-23 01:00:00,0.0
2017-10-23 02:00:00,0.0
2017-10-23 03:00:00,0.0
2017-10-23 04:00:00,0.0
2017-10-23 05:00:00,0.0
2017-10-23 06:00:00,0.0
2017-10-23 07:00:00,0.0
2017-10-23 08:00:00,0.0
2017-10-23 09:00:00,0.975
2017-10-23 10:00:00,142.95000375
2017-10-23 11:00:00,413.350015
2017-10-23 12:00:00,668.2750100000001
2017-10-23 13:00:00,889.45002
2017-10-23 14:00:00,1050.72505
2017-10-23 15:00:00,1139.625
2017-10-23 16:00:00,1149.675
2017-10-23 17:00:00,1076.425025
2017-10-23 18:00:00,919.275
2017-10-23 19:00:00,634.15
2017-10-23 20:00:00,398.825005
2017-10-23 21:00:00,194.25000375
2017-10-23 22:00:00,1.5
2017-10-23 23:00:00,0.0
2017-10-24 00:00:00,0.0
2017-10-24 01:00:00,0.0
2017-10-24 02:00:00,0.0
2017-10-24 03:00:00,0.0
2017-10-24 04:00:00,0.0
2017-10-24 05:00:00,0.0
2017-10-24 06:00:00,0.0
2017-10-24 07:00:00,0.0
2017-10-24 08:00:00,0.0
2017-10-24 09:00:00,1.45
2017-10-24 10:00:00,149.05000124999998
2017-10-24 11:00:00,421.60001
2017-10-24 12:00:00,677.22501
2017-10-24 13:00:00,897.47501
2017-10-24 14:00:00,1058.50005
2017-10-24 15:00:00,1145.8
2017-10-24 16:00:00,1154.425
2017-10-24 17:00:00,1084.225
2017-10-24 18:00:00,934.2750100000001
2017-10-24 19:00:00,731.82501
2017-10-24 20:00:00,482.85001
2017-10-24 21:00:00,208.675005
2017-10-24 22:00:00,12.800000075
2017-10-24 23:00:00,0.0
2017-10-25 00:00:00,0.0
2017-10-25 01:00:00,0.0
2017-10-25 02:00:00,0.0
2017-10-25 03:00:00,0.0
2017-10-25 04:00:00,0.0
2017-10-25 05:00:00,0.0
2017-10-25 06:00:00,0.0
2017-10-25 07:00:00,0.0
2017-10-25 08:00:00,0.0
2017-10-25 09:00:00,1.9
2017-10-25 10:00:00,152.825003
2017-10-25 11:00:00,427.975005
2017-10-25 12:00:00,691.17501
2017-10-25 13:00:00,913.25
2017-10-25 14:00:00,1074.50005
2017-10-25 15:00:00,1161.25
2017-10-25 16:00:00,1174.175025
2017-10-25 17:00:00,959.55002
2017-10-25 18:00:00,742.7
2017-10-25 19:00:00,506.025005
2017-10-25 20:00:00,328.500005
2017-10-25 21:00:00,163.6000025
2017-10-25 22:00:00,17.375
2017-10-25 23:00:00,0.0
2017-10-26 00:00:00,0.0
2017-10-26 01:00:00,0.0
2017-10-26 02:00:00,0.0
2017-10-26 03:00:00,0.0
2017-10-26 04:00:00,0.0
2017-10-26 05:00:00,0.0
2017-10-26 06:00:00,0.0
2017-10-26 07:00:00,0.0
2017-10-26 08:00:00,0.0
2017-10-26 09:00:00,2.375
2017-10-26 10:00:00,156.175005
2017-10-26 11:00:00,434.825
2017-10-26 12:00:00,695.37503
2017-10-26 13:00:00,904.20001
2017-10-26 14:00:00,1011.15
2017-10-26 15:00:00,1068.250025
2017-10-26 16:00:00,1026.87505
2017-10-26 17:00:00,935.65002
2017-10-26 18:00:00,810.85002
2017-10-26 19:00:00,589.52501
2017-10-26 20:00:00,359.85
2017-10-26 21:00:00,160.0250025
2017-10-26 22:00:00,20.075
2017-10-26 23:00:00,0.0
2017-10-27 00:00:00,0.0
2017-10-27 01:00:00,0.0
2017-10-27 02:00:00,0.0
2017-10-27 03:00:00,0.0
2017-10-27 04:00:00,0.0
2017-10-27 05:00:00,0.0
2017-10-27 06:00:00,0.0
2017-10-27 07:00:00,0.0
2017-10-27 08:00:00,0.0
2017-10-27 09:00:00,2.97500025
2017-10-27 10:00:00,161.6750005
2017-10-27 11:00:00,373.82501
2017-10-27 12:00:00,457.425005
2017-10-27 13:00:00,538.62502
2017-10-27 14:00:00,657.125
2017-10-27 15:00:00,702.075
2017-10-27 16:00:00,643.97501
2017-10-27 17:00:00,649.05
2017-10-27 18:00:00,617.95
2017-10-27 19:00:00,446.85
2017-10-27 20:00:00,237.14999999999998
2017-10-27 21:00:00,80.67500050000001
2017-10-27 22:00:00,6.17500025
2017-10-27 23:00:00,0.0
2017-10-28 00:00:00,0.0
2017-10-28 01:00:00,0.0
2017-10-28 02:00:00,0.0
2017-10-28 03:00:00,0.0
2017-10-28 04:00:00,0.0
2017-10-28 05:00:00,0.0
2017-10-28 06:00:00,0.0
2017-10-28 07:00:00,0.0
2017-10-28 08:00:00,0.0
2017-10-28 09:00:00,0.075
2017-10-28 10:00:00,146.67500375
2017-10-28 11:00:00,403.675
2017-10-28 12:00:00,686.4
2017-10-28 13:00:00,911.1500100000001
2017-10-28 14:00:00,1074.875025
2017-10-28 15:00:00,1163.700025
2017-10-28 16:00:00,1177.85
2017-10-28 17:00:00,1109.2
2017-10-28 18:00:00,952.35002
2017-10-28 19:00:00,742.85
2017-10-28 20:00:00,487.92501
2017-10-28 21:00:00,224.25000375
2017-10-28 22:00:00,24.125
2017-10-28 23:00:00,0.0
2017-10-29 00:00:00,0.0
2017-10-29 01:00:00,0.0
2017-10-29 02:00:00,0.0
2017-10-29 03:00:00,0.0
2017-10-29 04:00:00,0.0
2017-10-29 05:00:00,0.0
2017-10-29 06:00:00,0.0
2017-10-29 07:00:00,0.0
2017-10-29 08:00:00,0.0
2017-10-29 09:00:00,1.275
2017-10-29 10:00:00,151.42500124999998
2017-10-29 11:00:00,428.875
2017-10-29 12:00:00,684.85
2017-10-29 13:00:00,904.22504
2017-10-29 14:00:00,1063.075
2017-10-29 15:00:00,1148.925025
2017-10-29 16:00:00,1160.550025
2017-10-29 17:00:00,1097.1
2017-10-29 18:00:00,961.75002
2017-10-29 19:00:00,761.12501
2017-10-29 20:00:00,511.35001
2017-10-29 21:00:00,237.300005
2017-10-29 22:00:00,27.17500125
2017-10-29 23:00:00,0.0
2017-10-30 00:00:00,0.0
2017-10-30 01:00:00,0.0
2017-10-30 02:00:00,0.0
2017-10-30 03:00:00,0.0
2017-10-30 04:00:00,0.0
2017-10-30 05:00:00,0.0
2017-10-30 06:00:00,0.0
2017-10-30 07:00:00,0.0
2017-10-30 08:00:00,0.0
2017-10-30 09:00:00,4.1
2017-10-30 10:00:00,162.325
2017-10-30 11:00:00,434.8
2017-10-30 12:00:00,694.95002
2017-10-30 13:00:00,913.87501
2017-10-30 14:00:00,1072.150025
2017-10-30 15:00:00,1144.225
2017-10-30 16:00:00,957.92502
2017-10-30 17:00:00,851.87501
2017-10-30 18:00:00,851.625
2017-10-30 19:00:00,571.6750049999999
2017-10-30 20:00:00,358.15
2017-10-30 21:00:00,10.525000075
2017-10-30 22:00:00,0.0
2017-10-30 23:00:00,0.0
2017-10-31 00:00:00,0.0
2017-10-31 01:00:00,0.0
2017-10-31 02:00:00,0.0
2017-10-31 03:00:00,0.0
2017-10-31 04:00:00,0.0
2017-10-31 05:00:00,0.0
2017-10-31 06:00:00,0.0
2017-10-31 07:00:00,0.0
2017-10-31 08:00:00,0.0
2017-10-31 09:00:00,4.55
2017-10-31 10:00:00,130.65000125
2017-10-31 11:00:00,361.675
2017-10-31 12:00:00,561.1999999999999
2017-10-31 13:00:00,768.20003
2017-10-31 14:00:00,917.25
2017-10-31 15:00:00,873.9250099999999
2017-10-31 16:00:00,822.2
2017-10-31 17:00:00,604.95003
2017-10-31 18:00:00,537.6500100000001
2017-10-31 19:00:00,408.97499999999997
2017-10-31 20:00:00,256.55001
2017-10-31 21:00:00,101.525
2017-10-31 22:00:00,13.225
2017-10-31 23:00:00,0.0
2017-11-01 00:00:00,0.0
2017-11-01 01:00:00,0.0
2017-11-01 02:00:00,0.0
2017-11-01 03:00:00,0.0
2017-11-01 04:00:00,0.0
2017-11-01 05:00:00,0.0
2017-11-01 06:00:00,0.0
2017-11-01 07:00:00,0.0
2017-11-01 08:00:00,0.0
2017-11-01 09:00:00,4.95000025
2017-11-01 10:00:00,165.6750025
2017-11-01 11:00:00,437.07500500000003
2017-11-01 12:00:00,695.02502
2017-11-01 13:00:00,916.7
2017-11-01 14:00:00,1078.225025
2017-11-01 15:00:00,1167.27505
2017-11-01 16:00:00,1179.850025
2017-11-01 17:00:00,1114.175
2017-11-01 18:00:00,917.77501
2017-11-01 19:00:00,634.2750100000001
2017-11-01 20:00:00,416.725005
2017-11-01 21:00:00,213.47500250000002
2017-11-01 22:00:00,28.775
2017-11-01 23:00:00,0.0
2017-11-02 00:00:00,0.0
2017-11-02 01:00:00,0.0
2017-11-02 02:00:00,0.0
2017-11-02 03:00:00,0.0
2017-11-02 04:00:00,0.0
2017-11-02 05:00:00,0.0
2017-11-02 06:00:00,0.0
2017-11-02 07:00:00,0.0
2017-11-02 08:00:00,0.0
2017-11-02 09:00:00,5.625
2017-11-02 10:00:00,173.075
2017-11-02 11:00:00,447.32501
2017-11-02 12:00:00,707.95002
2017-11-02 13:00:00,927.27502
2017-11-02 14:00:00,1086.650025
2017-11-02 15:00:00,1173.000025
2017-11-02 16:00:00,1186.400025
2017-11-02 17:00:00,1123.475025
2017-11-02 18:00:00,984.7500200000001
2017-11-02 19:00:00,783.25002
2017-11-02 20:00:00,532.65002
2017-11-02 21:00:00,257.5250075
2017-11-02 22:00:00,33.30000176
2017-11-02 23:00:00,0.0
2017-11-03 00:00:00,0.0
2017-11-03 01:00:00,0.0
2017-11-03 02:00:00,0.0
2017-11-03 03:00:00,0.0
2017-11-03 04:00:00,0.0
2017-11-03 05:00:00,0.0
2017-11-03 06:00:00,0.0
2017-11-03 07:00:00,0.0
2017-11-03 08:00:00,0.0
2017-11-03 09:00:00,5.775
2017-11-03 10:00:00,178.95
2017-11-03 11:00:00,456.550005
2017-11-03 12:00:00,709.60001
2017-11-03 13:00:00,930.95
2017-11-03 14:00:00,1090.35
2017-11-03 15:00:00,1163.125025
2017-11-03 16:00:00,1182.85
2017-11-03 17:00:00,994.375
2017-11-03 18:00:00,925.77501
2017-11-03 19:00:00,665.42501
2017-11-03 20:00:00,408.09999999999997
2017-11-03 21:00:00,62.175002500000005
2017-11-03 22:00:00,3.2
2017-11-03 23:00:00,0.0
2017-11-04 00:00:00,0.0
2017-11-04 01:00:00,0.0
2017-11-04 02:00:00,0.0
2017-11-04 03:00:00,0.0
2017-11-04 04:00:00,0.0
2017-11-04 05:00:00,0.0
2017-11-04 06:00:00,0.0
2017-11-04 07:00:00,0.0
2017-11-04 08:00:00,0.0
2017-11-04 09:00:00,6.025
2017-11-04 10:00:00,178.65000750000002
2017-11-04 11:00:00,458.4
2017-11-04 12:00:00,720.9000100000001
2017-11-04 13:00:00,809.275
2017-11-04 14:00:00,931.10001
2017-11-04 15:00:00,991.95001
2017-11-04 16:00:00,900.55001
2017-11-04 17:00:00,976.175
2017-11-04 18:00:00,789.00001
2017-11-04 19:00:00,608.4
2017-11-04 20:00:00,309.4250075
2017-11-04 21:00:00,165.4
2017-11-04 22:00:00,7.275000025
2017-11-04 23:00:00,0.0
2017-11-05 00:00:00,0.0
2017-11-05 01:00:00,0.0
2017-11-05 02:00:00,0.0
2017-11-05 03:00:00,0.0
2017-11-05 04:00:00,0.0
2017-11-05 05:00:00,0.0
2017-11-05 06:00:00,0.0
2017-11-05 07:00:00,0.0
2017-11-05 08:00:00,0.0
2017-11-05 09:00:00,6.925
2017-11-05 10:00:00,178.65
2017-11-05 11:00:00,450.45
2017-11-05 12:00:00,695.1
2017-11-05 13:00:00,916.87502
2017-11-05 14:00:00,1078.625025
2017-11-05 15:00:00,1160.55
2017-11-05 16:00:00,1165.525025
2017-11-05 17:00:00,1089.175
2017-11-05 18:00:00,941.62502
2017-11-05 19:00:00,738.45
2017-11-05 20:00:00,494.27501
2017-11-05 21:00:00,245.52500500000002
2017-11-05 22:00:00,33.75
2017-11-05 23:00:00,0.0
2017-11-06 00:00:00,0.0
2017-11-06 01:00:00,0.0
2017-11-06 02:00:00,0.0
2017-11-06 03:00:00,0.0
2017-11-06 04:00:00,0.0
2017-11-06 05:00:00,0.0
2017-11-06 06:00:00,0.0
2017-11-06 07:00:00,0.0
2017-11-06 08:00:00,0.0
2017-11-06 09:00:00,6.95000025
2017-11-06 10:00:00,173.5
2017-11-06 11:00:00,439.22499999999997
2017-11-06 12:00:00,690.00001
2017-11-06 13:00:00,905.125
2017-11-06 14:00:00,1060.475
2017-11-06 15:00:00,1146.325
2017-11-06 16:00:00,1156.77505
2017-11-06 17:00:00,1063.85
2017-11-06 18:00:00,853.075
2017-11-06 19:00:00,549.75
2017-11-06 20:00:00,290.550005
2017-11-06 21:00:00,73.44999999999999
2017-11-06 22:00:00,13.950000575
2017-11-06 23:00:00,0.0
2017-11-07 00:00:00,0.0
2017-11-07 01:00:00,0.0
2017-11-07 02:00:00,0.0
2017-11-07 03:00:00,0.0
2017-11-07 04:00:00,0.0
2017-11-07 05:00:00,0.0
2017-11-07 06:00:00,0.0
2017-11-07 07:00:00,
2017-11-07 08:00:00,0.0
2017-11-07 09:00:00,7.82500025
2017-11-07 10:00:00,182.625
2017-11-07 11:00:00,452.000005
2017-11-07 12:00:00,708.07501
2017-11-07 13:00:00,926.0500099999999
2017-11-07 14:00:00,1085.725025
2017-11-07 15:00:00,1168.7
2017-11-07 16:00:00,1171.200025
2017-11-07 17:00:00,1095.3
2017-11-07 18:00:00,949.025
2017-11-07 19:00:00,752.02501
2017-11-07 20:00:00,513.475
2017-11-07 21:00:00,258.0000075
2017-11-07 22:00:00,40.425
2017-11-07 23:00:00,0.0
2017-11-08 00:00:00,0.0
2017-11-08 01:00:00,0.0
2017-11-08 02:00:00,0.0
2017-11-08 03:00:00,0.0
2017-11-08 04:00:00,0.0
2017-11-08 05:00:00,0.0
2017-11-08 06:00:00,0.0
2017-11-08 07:00:00,0.0
2017-11-08 08:00:00,0.0
2017-11-08 09:00:00,8.2750005
2017-11-08 10:00:00,185.15
2017-11-08 11:00:00,455.125
2017-11-08 12:00:00,705.6500100000001
2017-11-08 13:00:00,898.175
2017-11-08 14:00:00,1071.62505
2017-11-08 15:00:00,947.65
2017-11-08 16:00:00,997.8499999999999
2017-11-08 17:00:00,849.25001
2017-11-08 18:00:00,602.07502
2017-11-08 19:00:00,442.67501000000004
2017-11-08 20:00:00,284.525
2017-11-08 21:00:00,107.00000125
2017-11-08 22:00:00,20.5
2017-11-08 23:00:00,0.0
2017-11-09 00:00:00,0.0
2017-11-09 01:00:00,0.0
2017-11-09 02:00:00,0.0
2017-11-09 03:00:00,0.0
2017-11-09 04:00:00,0.0
2017-11-09 05:00:00,0.0
2017-11-09 06:00:00,0.0
2017-11-09 07:00:00,0.0
2017-11-09 08:00:00,0.0
2017-11-09 09:00:00,8.475
2017-11-09 10:00:00,138.77500500000002
2017-11-09 11:00:00,347.4
2017-11-09 12:00:00,502.4
2017-11-09 13:00:00,660.85
2017-11-09 14:00:00,953.475045
2017-11-09 15:00:00,1107.52505
2017-11-09 16:00:00,1164.75
2017-11-09 17:00:00,1022.750035
2017-11-09 18:00:00,886.45
2017-11-09 19:00:00,727.25003
2017-11-09 20:00:00,495.9
2017-11-09 21:00:00,272.65001
2017-11-09 22:00:00,45.3750015
2017-11-09 23:00:00,0.0
2017-11-10 00:00:00,0.0
2017-11-10 01:00:00,0.0
2017-11-10 02:00:00,0.0
2017-11-10 03:00:00,0.0
2017-11-10 04:00:00,0.0
2017-11-10 05:00:00,0.0
2017-11-10 06:00:00,0.0
2017-11-10 07:00:00,0.0
2017-11-10 08:00:00,0.0
2017-11-10 09:00:00,8.925
2017-11-10 10:00:00,183.425005
2017-11-10 11:00:00,405.600005
2017-11-10 12:00:00,521.025015
2017-11-10 13:00:00,609.5
2017-11-10 14:00:00,709.45
2017-11-10 15:00:00,681.9749999999999
2017-11-10 16:00:00,587.525
2017-11-10 17:00:00,610.75001
2017-11-10 18:00:00,533.625
2017-11-10 19:00:00,374.77501
2017-11-10 20:00:00,192.5000025
2017-11-10 21:00:00,33.150000500000004
2017-11-10 22:00:00,2.75
2017-11-10 23:00:00,0.0
2017-11-11 00:00:00,0.0
2017-11-11 01:00:00,0.0
2017-11-11 02:00:00,0.0
2017-11-11 03:00:00,0.0
2017-11-11 04:00:00,0.0
2017-11-11 05:00:00,0.0
2017-11-11 06:00:00,0.0
2017-11-11 07:00:00,0.0
2017-11-11 08:00:00,0.0
2017-11-11 09:00:00,9.125
2017-11-11 10:00:00,185.325005
2017-11-11 11:00:00,449.85
2017-11-11 12:00:00,687.47502
2017-11-11 13:00:00,841.575
2017-11-11 14:00:00,986.575
2017-11-11 15:00:00,902.05
2017-11-11 16:00:00,884.0250100000001
2017-11-11 17:00:00,846.52502
2017-11-11 18:00:00,790.5250100000001
2017-11-11 19:00:00,576.65001
2017-11-11 20:00:00,337.700005
2017-11-11 21:00:00,168.0
2017-11-11 22:00:00,27.95
2017-11-11 23:00:00,0.0
2017-11-12 00:00:00,0.0
2017-11-12 01:00:00,0.0
2017-11-12 02:00:00,0.0
2017-11-12 03:00:00,0.0
2017-11-12 04:00:00,0.0
2017-11-12 05:00:00,0.0
2017-11-12 06:00:00,0.0
2017-11-12 07:00:00,0.0
2017-11-12 08:00:00,0.0
2017-11-12 09:00:00,9.0
2017-11-12 10:00:00,181.10000250000002
2017-11-12 11:00:00,441.2
2017-11-12 12:00:00,658.37502
2017-11-12 13:00:00,870.10001
2017-11-12 14:00:00,1024.22501
2017-11-12 15:00:00,1117.000025
2017-11-12 16:00:00,1114.925
2017-11-12 17:00:00,977.650025
2017-11-12 18:00:00,832.525
2017-11-12 19:00:00,611.125
2017-11-12 20:00:00,335.875005
2017-11-12 21:00:00,120.625
2017-11-12 22:00:00,29.35
2017-11-12 23:00:00,0.0
2017-11-13 00:00:00,0.0
2017-11-13 01:00:00,0.0
2017-11-13 02:00:00,0.0
2017-11-13 03:00:00,0.0
2017-11-13 04:00:00,0.0
2017-11-13 05:00:00,0.0
2017-11-13 06:00:00,0.0
2017-11-13 07:00:00,0.0
2017-11-13 08:00:00,0.0
2017-11-13 09:00:00,8.225
2017-11-13 10:00:00,172.225
2017-11-13 11:00:00,431.100005
2017-11-13 12:00:00,686.8
2017-11-13 13:00:00,896.07501
2017-11-13 14:00:00,1006.200025
2017-11-13 15:00:00,883.7750100000001
2017-11-13 16:00:00,680.10001
2017-11-13 17:00:00,402.925
2017-11-13 18:00:00,417.025
2017-11-13 19:00:00,426.825
2017-11-13 20:00:00,253.850015
2017-11-13 21:00:00,49.925
2017-11-13 22:00:00,5.70000025
2017-11-13 23:00:00,0.0
2017-11-14 00:00:00,0.0
2017-11-14 01:00:00,0.0
2017-11-14 02:00:00,0.0
2017-11-14 03:00:00,0.0
2017-11-14 04:00:00,0.0
2017-11-14 05:00:00,0.0
2017-11-14 06:00:00,0.0
2017-11-14 07:00:00,0.0
2017-11-14 08:00:00,0.0
2017-11-14 09:00:00,3.525
2017-11-14 10:00:00,165.125
2017-11-14 11:00:00,429.25
2017-11-14 12:00:00,682.1999999999999
2017-11-14 13:00:00,882.72502
2017-11-14 14:00:00,1035.950025
2017-11-14 15:00:00,1032.500025
2017-11-14 16:00:00,790.975
2017-11-14 17:00:00,848.72501
2017-11-14 18:00:00,537.575015
2017-11-14 19:00:00,353.25
2017-11-14 20:00:00,178.95
2017-11-14 21:00:00,29.225
2017-11-14 22:00:00,3.075
2017-11-14 23:00:00,0.0
2017-11-15 00:00:00,0.0
2017-11-15 01:00:00,0.0
2017-11-15 02:00:00,0.0
2017-11-15 03:00:00,0.0
2017-11-15 04:00:00,0.0
2017-11-15 05:00:00,0.0
2017-11-15 06:00:00,0.0
2017-11-15 07:00:00,0.0
2017-11-15 08:00:00,0.0
2017-11-15 09:00:00,8.85
2017-11-15 10:00:00,173.725
2017-11-15 11:00:00,432.67499999999995
2017-11-15 12:00:00,689.7
2017-11-15 13:00:00,902.35002
2017-11-15 14:00:00,1059.35
2017-11-15 15:00:00,1148.475025
2017-11-15 16:00:00,1161.85005
2017-11-15 17:00:00,1057.700035
2017-11-15 18:00:00,960.95
2017-11-15 19:00:00,697.05001
2017-11-15 20:00:00,364.425
2017-11-15 21:00:00,229.42501000000001
2017-11-15 22:00:00,42.4250005
2017-11-15 23:00:00,0.0
2017-11-16 00:00:00,0.0
2017-11-16 01:00:00,0.0
2017-11-16 02:00:00,0.0
2017-11-16 03:00:00,0.0
2017-11-16 04:00:00,0.0
2017-11-16 05:00:00,0.0
2017-11-16 06:00:00,0.0
2017-11-16 07:00:00,0.0
2017-11-16 08:00:00,0.0
2017-11-16 09:00:00,9.175000500000001
2017-11-16 10:00:00,158.77499999999998
2017-11-16 11:00:00,368.32500000000005
2017-11-16 12:00:00,660.75001
2017-11-16 13:00:00,900.125
2017-11-16 14:00:00,1017.525
2017-11-16 15:00:00,954.77502
2017-11-16 16:00:00,1023.95001
2017-11-16 17:00:00,1053.25
2017-11-16 18:00:00,847.625
2017-11-16 19:00:00,740.575
2017-11-16 20:00:00,532.475005
2017-11-16 21:00:00,224.425
2017-11-16 22:00:00,42.775
2017-11-16 23:00:00,0.0
2017-11-17 00:00:00,0.0
2017-11-17 01:00:00,0.0
2017-11-17 02:00:00,0.0
2017-11-17 03:00:00,0.0
2017-11-17 04:00:00,0.0
2017-11-17 05:00:00,0.0
2017-11-17 06:00:00,0.0
2017-11-17 07:00:00,0.0
2017-11-17 08:00:00,0.0
2017-11-17 09:00:00,12.424999999999999
2017-11-17 10:00:00,204.3
2017-11-17 11:00:00,474.95001
2017-11-17 12:00:00,731.17501
2017-11-17 13:00:00,947.35002
2017-11-17 14:00:00,1106.125025
2017-11-17 15:00:00,1196.150025
2017-11-17 16:00:00,1207.70005
2017-11-17 17:00:00,1136.6250249999998
2017-11-17 18:00:00,979.6
2017-11-17 19:00:00,738.55
2017-11-17 20:00:00,418.1
2017-11-17 21:00:00,274.275
2017-11-17 22:00:00,41.52500025
2017-11-17 23:00:00,0.0
2017-11-18 00:00:00,0.0
2017-11-18 01:00:00,0.0
2017-11-18 02:00:00,0.0
2017-11-18 03:00:00,0.0
2017-11-18 04:00:00,0.0
2017-11-18 05:00:00,0.0
2017-11-18 06:00:00,0.0
2017-11-18 07:00:00,0.0
2017-11-18 08:00:00,0.0
2017-11-18 09:00:00,11.5250005
2017-11-18 10:00:00,130.47500125
2017-11-18 11:00:00,334.150005
2017-11-18 12:00:00,455.750015
2017-11-18 13:00:00,562.475
2017-11-18 14:00:00,680.80002
2017-11-18 15:00:00,826.17502
2017-11-18 16:00:00,1087.1
2017-11-18 17:00:00,872.35001
2017-11-18 18:00:00,785.5250100000001
2017-11-18 19:00:00,567.05001
2017-11-18 20:00:00,387.5
2017-11-18 21:00:00,192.45
2017-11-18 22:00:00,39.82500075
2017-11-18 23:00:00,0.0
2017-11-19 00:00:00,0.0
2017-11-19 01:00:00,0.0
2017-11-19 02:00:00,0.0
2017-11-19 03:00:00,0.0
2017-11-19 04:00:00,0.0
2017-11-19 05:00:00,0.0
2017-11-19 06:00:00,0.0
2017-11-19 07:00:00,0.0
2017-11-19 08:00:00,0.0
2017-11-19 09:00:00,12.625
2017-11-19 10:00:00,202.30000625
2017-11-19 11:00:00,473.275
2017-11-19 12:00:00,722.1500100000001
2017-11-19 13:00:00,936.2750100000001
2017-11-19 14:00:00,1089.875
2017-11-19 15:00:00,1167.675025
2017-11-19 16:00:00,1174.675025
2017-11-19 17:00:00,991.800025
2017-11-19 18:00:00,665.625
2017-11-19 19:00:00,563.325005
2017-11-19 20:00:00,263.5250025
2017-11-19 21:00:00,152.6
2017-11-19 22:00:00,50.50000025
2017-11-19 23:00:00,0.0
2017-11-20 00:00:00,0.0
2017-11-20 01:00:00,0.0
2017-11-20 02:00:00,0.0
2017-11-20 03:00:00,0.0
2017-11-20 04:00:00,0.0
2017-11-20 05:00:00,0.0
2017-11-20 06:00:00,0.0
2017-11-20 07:00:00,0.0
2017-11-20 08:00:00,0.0
2017-11-20 09:00:00,12.875
2017-11-20 10:00:00,201.725005
2017-11-20 11:00:00,472.42501500000003
2017-11-20 12:00:00,729.625
2017-11-20 13:00:00,949.37502
2017-11-20 14:00:00,1110.575
2017-11-20 15:00:00,1201.525025
2017-11-20 16:00:00,1212.425
2017-11-20 17:00:00,1142.25
2017-11-20 18:00:00,992.6000100000001
2017-11-20 19:00:00,793.2
2017-11-20 20:00:00,552.2
2017-11-20 21:00:00,283.2750025
2017-11-20 22:00:00,55.30000125
2017-11-20 23:00:00,0.0
2017-11-21 00:00:00,0.0
2017-11-21 01:00:00,0.0
2017-11-21 02:00:00,0.0
2017-11-21 03:00:00,0.0
2017-11-21 04:00:00,0.0
2017-11-21 05:00:00,0.0
2017-11-21 06:00:00,0.0
2017-11-21 07:00:00,0.0
2017-11-21 08:00:00,0.0
2017-11-21 09:00:00,12.825000575
2017-11-21 10:00:00,200.4
2017-11-21 11:00:00,471.975
2017-11-21 12:00:00,649.35
2017-11-21 13:00:00,661.55
2017-11-21 14:00:00,830.325
2017-11-21 15:00:00,783.42502
2017-11-21 16:00:00,665.225
2017-11-21 17:00:00,701.97502
2017-11-21 18:00:00,539.50001
2017-11-21 19:00:00,467.500005
2017-11-21 20:00:00,324.8
2017-11-21 21:00:00,142.80000375
2017-11-21 22:00:00,25.3
2017-11-21 23:00:00,0.0
2017-11-22 00:00:00,0.0
2017-11-22 01:00:00,0.0
2017-11-22 02:00:00,0.0
2017-11-22 03:00:00,0.0
2017-11-22 04:00:00,0.0
2017-11-22 05:00:00,0.0
2017-11-22 06:00:00,0.0
2017-11-22 07:00:00,0.0
2017-11-22 08:00:00,0.0
2017-11-22 09:00:00,12.825
2017-11-22 10:00:00,157.8750025
2017-11-22 11:00:00,410.225005
2017-11-22 12:00:00,588.32502
2017-11-22 13:00:00,778.425
2017-11-22 14:00:00,840.70001
2017-11-22 15:00:00,940.70001
2017-11-22 16:00:00,1030.2
2017-11-22 17:00:00,982.25
2017-11-22 18:00:00,725.475
2017-11-22 19:00:00,509.900015
2017-11-22 20:00:00,283.45
2017-11-22 21:00:00,76.575001
2017-11-22 22:00:00,13.350000325
2017-11-22 23:00:00,0.0
2017-11-23 00:00:00,0.0
2017-11-23 01:00:00,0.0
2017-11-23 02:00:00,0.0
2017-11-23 03:00:00,0.0
2017-11-23 04:00:00,0.0
2017-11-23 05:00:00,0.0
2017-11-23 06:00:00,0.0
2017-11-23 07:00:00,0.0
2017-11-23 08:00:00,0.0
2017-11-23 09:00:00,14.000000074999999
2017-11-23 10:00:00,205.4500025
2017-11-23 11:00:00,474.150005
2017-11-23 12:00:00,702.97502
2017-11-23 13:00:00,916.67501
2017-11-23 14:00:00,1069.575
2017-11-23 15:00:00,1153.7
2017-11-23 16:00:00,1162.62505
2017-11-23 17:00:00,1100.275025
2017-11-23 18:00:00,972.32501
2017-11-23 19:00:00,780.3
2017-11-23 20:00:00,541.45001
2017-11-23 21:00:00,263.8
2017-11-23 22:00:00,56.925
2017-11-23 23:00:00,0.0
2017-11-24 00:00:00,0.0
2017-11-24 01:00:00,0.0
2017-11-24 02:00:00,0.0
2017-11-24 03:00:00,0.0
2017-11-24 04:00:00,0.0
2017-11-24 05:00:00,0.0
2017-11-24 06:00:00,0.0
2017-11-24 07:00:00,0.0
2017-11-24 08:00:00,0.0
2017-11-24 09:00:00,13.05
2017-11-24 10:00:00,198.950005
2017-11-24 11:00:00,469.225015
2017-11-24 12:00:00,732.22501
2017-11-24 13:00:00,940.75
2017-11-24 14:00:00,1087.550025
2017-11-24 15:00:00,1132.225
2017-11-24 16:00:00,1029.075035
2017-11-24 17:00:00,887.12501
2017-11-24 18:00:00,703.37501
2017-11-24 19:00:00,515.42501
2017-11-24 20:00:00,410.4
2017-11-24 21:00:00,189.1
2017-11-24 22:00:00,37.57500125
2017-11-24 23:00:00,0.0
2017-11-25 00:00:00,0.0
2017-11-25 01:00:00,0.0
2017-11-25 02:00:00,0.0
2017-11-25 03:00:00,0.0
2017-11-25 04:00:00,0.0
2017-11-25 05:00:00,0.0
2017-11-25 06:00:00,0.0
2017-11-25 07:00:00,0.0
2017-11-25 08:00:00,0.0
2017-11-25 09:00:00,13.925000500000001
2017-11-25 10:00:00,194.675
2017-11-25 11:00:00,375.25001
2017-11-25 12:00:00,557.35001
2017-11-25 13:00:00,810.45
2017-11-25 14:00:00,930.900025
2017-11-25 15:00:00,901.325
2017-11-25 16:00:00,788.17503
2017-11-25 17:00:00,793.20001
2017-11-25 18:00:00,566.92502
2017-11-25 19:00:00,422.375
2017-11-25 20:00:00,233.45000249999998
2017-11-25 21:00:00,23.6250005
2017-11-25 22:00:00,0.425
2017-11-25 23:00:00,0.0
2017-11-26 00:00:00,0.0
2017-11-26 01:00:00,0.0
2017-11-26 02:00:00,0.0
2017-11-26 03:00:00,0.0
2017-11-26 04:00:00,0.0
2017-11-26 05:00:00,0.0
2017-11-26 06:00:00,0.0
2017-11-26 07:00:00,0.0
2017-11-26 08:00:00,0.0
2017-11-26 09:00:00,13.700000575
2017-11-26 10:00:00,198.0
2017-11-26 11:00:00,460.325
2017-11-26 12:00:00,705.55
2017-11-26 13:00:00,916.2
2017-11-26 14:00:00,1069.125025
2017-11-26 15:00:00,1151.5
2017-11-26 16:00:00,1171.475
2017-11-26 17:00:00,1112.975
2017-11-26 18:00:00,967.050045
2017-11-26 19:00:00,653.2
2017-11-26 20:00:00,325.875
2017-11-26 21:00:00,144.47500250000002
2017-11-26 22:00:00,54.5000005
2017-11-26 23:00:00,0.0
2017-11-27 00:00:00,0.0
2017-11-27 01:00:00,0.0
2017-11-27 02:00:00,0.0
2017-11-27 03:00:00,0.0
2017-11-27 04:00:00,0.0
2017-11-27 05:00:00,0.0
2017-11-27 06:00:00,0.0
2017-11-27 07:00:00,0.0
2017-11-27 08:00:00,0.0
2017-11-27 09:00:00,13.674999999999999
2017-11-27 10:00:00,197.925
2017-11-27 11:00:00,460.85
2017-11-27 12:00:00,713.12501
2017-11-27 13:00:00,908.00002
2017-11-27 14:00:00,787.50003
2017-11-27 15:00:00,735.45002
2017-11-27 16:00:00,723.95001
2017-11-27 17:00:00,683.60002
2017-11-27 18:00:00,528.42501
2017-11-27 19:00:00,387.35
2017-11-27 20:00:00,276.3000025
2017-11-27 21:00:00,62.025000500000004
2017-11-27 22:00:00,9.2
2017-11-27 23:00:00,0.0
2017-11-28 00:00:00,0.0
2017-11-28 01:00:00,0.0
2017-11-28 02:00:00,0.0
2017-11-28 03:00:00,0.0
2017-11-28 04:00:00,0.0
2017-11-28 05:00:00,0.0
2017-11-28 06:00:00,0.0
2017-11-28 07:00:00,0.0
2017-11-28 08:00:00,0.0
2017-11-28 09:00:00,2.325
2017-11-28 10:00:00,93.47500125
2017-11-28 11:00:00,261.425
2017-11-28 12:00:00,424.775015
2017-11-28 13:00:00,631.775
2017-11-28 14:00:00,740.6
2017-11-28 15:00:00,720.55
2017-11-28 16:00:00,758.4250099999999
2017-11-28 17:00:00,686.55
2017-11-28 18:00:00,585.8500200000001
2017-11-28 19:00:00,379.07500500000003
2017-11-28 20:00:00,223.47500250000002
2017-11-28 21:00:00,67.65
2017-11-28 22:00:00,16.924999999999997
2017-11-28 23:00:00,0.0
2017-11-29 00:00:00,0.0
2017-11-29 01:00:00,0.0
2017-11-29 02:00:00,0.0
2017-11-29 03:00:00,0.0
2017-11-29 04:00:00,0.0
2017-11-29 05:00:00,0.0
2017-11-29 06:00:00,0.0
2017-11-29 07:00:00,0.0
2017-11-29 08:00:00,0.0
2017-11-29 09:00:00,9.425
2017-11-29 10:00:00,180.35000125
2017-11-29 11:00:00,430.650005
2017-11-29 12:00:00,661.9000100000001
2017-11-29 13:00:00,850.725
2017-11-29 14:00:00,1032.350025
2017-11-29 15:00:00,1029.47501
2017-11-29 16:00:00,925.85001
2017-11-29 17:00:00,845.90002
2017-11-29 18:00:00,694.425
2017-11-29 19:00:00,583.675
2017-11-29 20:00:00,361.47501
2017-11-29 21:00:00,155.575
2017-11-29 22:00:00,21.55
2017-11-29 23:00:00,0.0
2017-11-30 00:00:00,0.0
2017-11-30 01:00:00,0.0
2017-11-30 02:00:00,0.0
2017-11-30 03:00:00,0.0
2017-11-30 04:00:00,0.0
2017-11-30 05:00:00,0.0
2017-11-30 06:00:00,0.0
2017-11-30 07:00:00,0.0
2017-11-30 08:00:00,0.0
2017-11-30 09:00:00,12.075
2017-11-30 10:00:00,197.175
2017-11-30 11:00:00,443.925
2017-11-30 12:00:00,480.54999999999995
2017-11-30 13:00:00,672.375
2017-11-30 14:00:00,780.85001
2017-11-30 15:00:00,754.4
2017-11-30 16:00:00,581.775
2017-11-30 17:00:00,429.875
2017-11-30 18:00:00,461.775
2017-11-30 19:00:00,409.575015
2017-11-30 20:00:00,198.725
2017-11-30 21:00:00,28.775
2017-11-30 22:00:00,0.0
2017-11-30 23:00:00,0.0
2017-12-01 00:00:00,0.0
2017-12-01 01:00:00,0.0
2017-12-01 02:00:00,0.0
2017-12-01 03:00:00,0.0
2017-12-01 04:00:00,0.0
2017-12-01 05:00:00,0.0
2017-12-01 06:00:00,0.0
2017-12-01 07:00:00,0.0
2017-12-01 08:00:00,0.0
2017-12-01 09:00:00,12.875
2017-12-01 10:00:00,188.300005
2017-12-01 11:00:00,410.575005
2017-12-01 12:00:00,704.55
2017-12-01 13:00:00,894.70001
2017-12-01 14:00:00,858.95
2017-12-01 15:00:00,794.5
2017-12-01 16:00:00,739.9750200000001
2017-12-01 17:00:00,762.6500100000001
2017-12-01 18:00:00,585.35001
2017-12-01 19:00:00,506.07500500000003
2017-12-01 20:00:00,424.35
2017-12-01 21:00:00,265.9500025
2017-12-01 22:00:00,21.42500025
2017-12-01 23:00:00,0.0
2017-12-02 00:00:00,0.0
2017-12-02 01:00:00,0.0
2017-12-02 02:00:00,0.0
2017-12-02 03:00:00,0.0
2017-12-02 04:00:00,0.0
2017-12-02 05:00:00,0.0
2017-12-02 06:00:00,0.0
2017-12-02 07:00:00,0.0
2017-12-02 08:00:00,0.0
2017-12-02 09:00:00,13.625
2017-12-02 10:00:00,199.6
2017-12-02 11:00:00,467.20000500000003
2017-12-02 12:00:00,721.5250100000001
2017-12-02 13:00:00,937.85001
2017-12-02 14:00:00,1033.6500350000001
2017-12-02 15:00:00,1134.30005
2017-12-02 16:00:00,1104.22505
2017-12-02 17:00:00,871.750035
2017-12-02 18:00:00,688.92502
2017-12-02 19:00:00,554.325
2017-12-02 20:00:00,369.750005
2017-12-02 21:00:00,213.95000249999998
2017-12-02 22:00:00,43.325
2017-12-02 23:00:00,0.0
2017-12-03 00:00:00,0.0
2017-12-03 01:00:00,0.0
2017-12-03 02:00:00,0.0
2017-12-03 03:00:00,0.0
2017-12-03 04:00:00,0.0
2017-12-03 05:00:00,0.0
2017-12-03 06:00:00,0.0
2017-12-03 07:00:00,0.0
2017-12-03 08:00:00,0.0
2017-12-03 09:00:00,7.75
2017-12-03 10:00:00,136.90000500000002
2017-12-03 11:00:00,374.025005
2017-12-03 12:00:00,588.5250100000001
2017-12-03 13:00:00,696.70001
2017-12-03 14:00:00,941.825
2017-12-03 15:00:00,982.175
2017-12-03 16:00:00,1032.25
2017-12-03 17:00:00,851.45001
2017-12-03 18:00:00,640.82502
2017-12-03 19:00:00,470.37501
2017-12-03 20:00:00,260.3500075
2017-12-03 21:00:00,87.250003
2017-12-03 22:00:00,21.300000075
2017-12-03 23:00:00,0.0
2017-12-04 00:00:00,0.0
2017-12-04 01:00:00,0.0
2017-12-04 02:00:00,0.0
2017-12-04 03:00:00,0.0
2017-12-04 04:00:00,0.0
2017-12-04 05:00:00,0.0
2017-12-04 06:00:00,0.0
2017-12-04 07:00:00,0.0
2017-12-04 08:00:00,0.0
2017-12-04 09:00:00,11.0
2017-12-04 10:00:00,140.85000125
2017-12-04 11:00:00,267.425
2017-12-04 12:00:00,386.750015
2017-12-04 13:00:00,512.300005
2017-12-04 14:00:00,553.85001
2017-12-04 15:00:00,542.7
2017-12-04 16:00:00,666.575
2017-12-04 17:00:00,487.45000000000005
2017-12-04 18:00:00,428.85
2017-12-04 19:00:00,361.43334000000004
2017-12-04 20:00:00,254.3
2017-12-04 21:00:00,56.2250015
2017-12-04 22:00:00,0.0
2017-12-04 23:00:00,0.0
2017-12-05 00:00:00,0.0
2017-12-05 01:00:00,0.0
2017-12-05 02:00:00,0.0
2017-12-05 03:00:00,0.0
2017-12-05 04:00:00,0.0
2017-12-05 05:00:00,0.0
2017-12-05 06:00:00,0.0
2017-12-05 07:00:00,0.0
2017-12-05 08:00:00,0.0
2017-12-05 09:00:00,7.35
2017-12-05 10:00:00,139.60000125
2017-12-05 11:00:00,293.150005
2017-12-05 12:00:00,481.775
2017-12-05 13:00:00,562.05
2017-12-05 14:00:00,549.3
2017-12-05 15:00:00,535.47501
2017-12-05 16:00:00,494.02500499999996
2017-12-05 17:00:00,490.59999999999997
2017-12-05 18:00:00,428.00001
2017-12-05 19:00:00,361.45
2017-12-05 20:00:00,259.0
2017-12-05 21:00:00,133.9000025
2017-12-05 22:00:00,27.600001250000002
2017-12-05 23:00:00,0.0
2017-12-06 00:00:00,0.0
2017-12-06 01:00:00,0.0
2017-12-06 02:00:00,0.0
2017-12-06 03:00:00,0.0
2017-12-06 04:00:00,0.0
2017-12-06 05:00:00,0.0
2017-12-06 06:00:00,0.0
2017-12-06 07:00:00,0.0
2017-12-06 08:00:00,0.0
2017-12-06 09:00:00,11.7
2017-12-06 10:00:00,193.8
2017-12-06 11:00:00,407.050005
2017-12-06 12:00:00,683.575
2017-12-06 13:00:00,915.0500099999999
2017-12-06 14:00:00,928.0250100000001
2017-12-06 15:00:00,813.95
2017-12-06 16:00:00,769.60001
2017-12-06 17:00:00,866.07502
2017-12-06 18:00:00,926.0250000000001
2017-12-06 19:00:00,662.175
2017-12-06 20:00:00,337.75
2017-12-06 21:00:00,281.825
2017-12-06 22:00:00,91.42500025
2017-12-06 23:00:00,0.0
2017-12-07 00:00:00,0.0
2017-12-07 01:00:00,0.0
2017-12-07 02:00:00,0.0
2017-12-07 03:00:00,0.0
2017-12-07 04:00:00,0.0
2017-12-07 05:00:00,0.0
2017-12-07 06:00:00,0.0
2017-12-07 07:00:00,0.0
2017-12-07 08:00:00,0.0
2017-12-07 09:00:00,11.800000075
2017-12-07 10:00:00,184.32500000000002
2017-12-07 11:00:00,441.525
2017-12-07 12:00:00,679.75002
2017-12-07 13:00:00,892.9750200000001
2017-12-07 14:00:00,942.4000100000001
2017-12-07 15:00:00,797.175
2017-12-07 16:00:00,769.1500100000001
2017-12-07 17:00:00,635.37501
2017-12-07 18:00:00,539.275005
2017-12-07 19:00:00,423.7
2017-12-07 20:00:00,281.5000025
2017-12-07 21:00:00,150.12500125
2017-12-07 22:00:00,12.25000025
2017-12-07 23:00:00,0.0
2017-12-08 00:00:00,0.0
2017-12-08 01:00:00,0.0
2017-12-08 02:00:00,0.0
2017-12-08 03:00:00,0.0
2017-12-08 04:00:00,0.0
2017-12-08 05:00:00,0.0
2017-12-08 06:00:00,0.0
2017-12-08 07:00:00,0.0
2017-12-08 08:00:00,0.0
2017-12-08 09:00:00,12.075
2017-12-08 10:00:00,174.3750025
2017-12-08 11:00:00,447.1
2017-12-08 12:00:00,695.17501
2017-12-08 13:00:00,907.65001
2017-12-08 14:00:00,1066.900075
2017-12-08 15:00:00,1084.75
2017-12-08 16:00:00,1083.625025
2017-12-08 17:00:00,1000.250035
2017-12-08 18:00:00,984.17501
2017-12-08 19:00:00,757.97501
2017-12-08 20:00:00,591.375
2017-12-08 21:00:00,340.27500499999996
2017-12-08 22:00:00,94.87500125
2017-12-08 23:00:00,0.0
2017-12-09 00:00:00,0.0
2017-12-09 01:00:00,0.0
2017-12-09 02:00:00,0.0
2017-12-09 03:00:00,0.0
2017-12-09 04:00:00,0.0
2017-12-09 05:00:00,0.0
2017-12-09 06:00:00,0.0
2017-12-09 07:00:00,0.0
2017-12-09 08:00:00,0.0
2017-12-09 09:00:00,12.050000500000001
2017-12-09 10:00:00,188.60000000000002
2017-12-09 11:00:00,445.075
2017-12-09 12:00:00,680.42502
2017-12-09 13:00:00,747.90002
2017-12-09 14:00:00,962.5250100000001
2017-12-09 15:00:00,857.97502
2017-12-09 16:00:00,1071.7000249999999
2017-12-09 17:00:00,750.20001
2017-12-09 18:00:00,513.925005
2017-12-09 19:00:00,302.350005
2017-12-09 20:00:00,215.5750075
2017-12-09 21:00:00,136.8000025
2017-12-09 22:00:00,45.22500025
2017-12-09 23:00:00,0.0
2017-12-10 00:00:00,0.0
2017-12-10 01:00:00,0.0
2017-12-10 02:00:00,0.0
2017-12-10 03:00:00,0.0
2017-12-10 04:00:00,0.0
2017-12-10 05:00:00,0.0
2017-12-10 06:00:00,0.0
2017-12-10 07:00:00,0.0
2017-12-10 08:00:00,0.0
2017-12-10 09:00:00,11.675
2017-12-10 10:00:00,140.22500250000002
2017-12-10 11:00:00,288.125
2017-12-10 12:00:00,487.65000000000003
2017-12-10 13:00:00,651.57502
2017-12-10 14:00:00,684.05
2017-12-10 15:00:00,626.95
2017-12-10 16:00:00,553.35001
2017-12-10 17:00:00,622.2750100000001
2017-12-10 18:00:00,891.400025
2017-12-10 19:00:00,610.300015
2017-12-10 20:00:00,364.45000500000003
2017-12-10 21:00:00,171.525
2017-12-10 22:00:00,25.65
2017-12-10 23:00:00,0.0
2017-12-11 00:00:00,0.0
2017-12-11 01:00:00,0.0
2017-12-11 02:00:00,0.0
2017-12-11 03:00:00,0.0
2017-12-11 04:00:00,0.0
2017-12-11 05:00:00,0.0
2017-12-11 06:00:00,0.0
2017-12-11 07:00:00,0.0
2017-12-11 08:00:00,0.0
2017-12-11 09:00:00,5.975
2017-12-11 10:00:00,129.875
2017-12-11 11:00:00,340.125
2017-12-11 12:00:00,455.4
2017-12-11 13:00:00,453.9
2017-12-11 14:00:00,449.45
2017-12-11 15:00:00,529.050015
2017-12-11 16:00:00,847.85002
2017-12-11 17:00:00,852.325
2017-12-11 18:00:00,944.15
2017-12-11 19:00:00,530.975
2017-12-11 20:00:00,397.425
2017-12-11 21:00:00,91.475
2017-12-11 22:00:00,9.925
2017-12-11 23:00:00,0.0
2017-12-12 00:00:00,0.0
2017-12-12 01:00:00,0.0
2017-12-12 02:00:00,0.0
2017-12-12 03:00:00,0.0
2017-12-12 04:00:00,0.0
2017-12-12 05:00:00,0.0
2017-12-12 06:00:00,0.0
2017-12-12 07:00:00,0.0
2017-12-12 08:00:00,0.0
2017-12-12 09:00:00,10.475000000000001
2017-12-12 10:00:00,181.79999999999998
2017-12-12 11:00:00,441.975005
2017-12-12 12:00:00,701.37501
2017-12-12 13:00:00,916.10002
2017-12-12 14:00:00,1075.100025
2017-12-12 15:00:00,1166.12505
2017-12-12 16:00:00,1187.050025
2017-12-12 17:00:00,1133.8000000000002
2017-12-12 18:00:00,1005.60001
2017-12-12 19:00:00,825.1
2017-12-12 20:00:00,598.47501
2017-12-12 21:00:00,347.875
2017-12-12 22:00:00,104.55000000000001
2017-12-12 23:00:00,0.0
2017-12-13 00:00:00,0.0
2017-12-13 01:00:00,0.0
2017-12-13 02:00:00,0.0
2017-12-13 03:00:00,0.0
2017-12-13 04:00:00,0.0
2017-12-13 05:00:00,0.0
2017-12-13 06:00:00,0.0
2017-12-13 07:00:00,0.0
2017-12-13 08:00:00,0.0
2017-12-13 09:00:00,10.8500005
2017-12-13 10:00:00,185.5500025
2017-12-13 11:00:00,443.400005
2017-12-13 12:00:00,687.6750099999999
2017-12-13 13:00:00,901.20001
2017-12-13 14:00:00,1059.250025
2017-12-13 15:00:00,1149.775025
2017-12-13 16:00:00,1142.650025
2017-12-13 17:00:00,858.6500100000001
2017-12-13 18:00:00,512.725
2017-12-13 19:00:00,437.82501
2017-12-13 20:00:00,290.125005
2017-12-13 21:00:00,149.10000250000002
2017-12-13 22:00:00,69.1
2017-12-13 23:00:00,0.0
2017-12-14 00:00:00,0.0
2017-12-14 01:00:00,0.0
2017-12-14 02:00:00,0.0
2017-12-14 03:00:00,0.0
2017-12-14 04:00:00,0.0
2017-12-14 05:00:00,0.0
2017-12-14 06:00:00,0.0
2017-12-14 07:00:00,0.0
2017-12-14 08:00:00,0.0
2017-12-14 09:00:00,9.45
2017-12-14 10:00:00,174.77500125
2017-12-14 11:00:00,410.475005
2017-12-14 12:00:00,561.00001
2017-12-14 13:00:00,836.4
2017-12-14 14:00:00,800.1750099999999
2017-12-14 15:00:00,755.875
2017-12-14 16:00:00,643.9
2017-12-14 17:00:00,601.525
2017-12-14 18:00:00,542.7
2017-12-14 19:00:00,423.82500500000003
2017-12-14 20:00:00,293.275
2017-12-14 21:00:00,49.62500025
2017-12-14 22:00:00,0.0
2017-12-14 23:00:00,0.0
2017-12-15 00:00:00,0.0
2017-12-15 01:00:00,0.0
2017-12-15 02:00:00,0.0
2017-12-15 03:00:00,0.0
2017-12-15 04:00:00,0.0
2017-12-15 05:00:00,0.0
2017-12-15 06:00:00,0.0
2017-12-15 07:00:00,0.0
2017-12-15 08:00:00,0.0
2017-12-15 09:00:00,9.17500001
2017-12-15 10:00:00,173.65
2017-12-15 11:00:00,426.30001
2017-12-15 12:00:00,675.125
2017-12-15 13:00:00,887.75
2017-12-15 14:00:00,1047.625025
2017-12-15 15:00:00,1140.700025
2017-12-15 16:00:00,1164.175
2017-12-15 17:00:00,835.925
2017-12-15 18:00:00,636.675
2017-12-15 19:00:00,365.7
2017-12-15 20:00:00,192.75000125
2017-12-15 21:00:00,14.925
2017-12-15 22:00:00,0.0
2017-12-15 23:00:00,0.0
2017-12-16 00:00:00,0.0
2017-12-16 01:00:00,0.0
2017-12-16 02:00:00,0.0
2017-12-16 03:00:00,0.0
2017-12-16 04:00:00,0.0
2017-12-16 05:00:00,0.0
2017-12-16 06:00:00,0.0
2017-12-16 07:00:00,0.0
2017-12-16 08:00:00,0.0
2017-12-16 09:00:00,9.1
2017-12-16 10:00:00,176.3750025
2017-12-16 11:00:00,432.275
2017-12-16 12:00:00,681.32501
2017-12-16 13:00:00,895.2750100000001
2017-12-16 14:00:00,1055.725
2017-12-16 15:00:00,1149.100025
2017-12-16 16:00:00,1173.7
2017-12-16 17:00:00,739.5
2017-12-16 18:00:00,482.825005
2017-12-16 19:00:00,516.45
2017-12-16 20:00:00,539.825
2017-12-16 21:00:00,261.15000249999997
2017-12-16 22:00:00,6.925
2017-12-16 23:00:00,0.075
2017-12-17 00:00:00,0.0
2017-12-17 01:00:00,0.0
2017-12-17 02:00:00,0.0
2017-12-17 03:00:00,0.0
2017-12-17 04:00:00,0.0
2017-12-17 05:00:00,0.0
2017-12-17 06:00:00,0.0
2017-12-17 07:00:00,0.0
2017-12-17 08:00:00,0.0
2017-12-17 09:00:00,8.5250005
2017-12-17 10:00:00,172.7
2017-12-17 11:00:00,425.52500499999996
2017-12-17 12:00:00,538.425
2017-12-17 13:00:00,603.17501
2017-12-17 14:00:00,502.525005
2017-12-17 15:00:00,400.175005
2017-12-17 16:00:00,251.6
2017-12-17 17:00:00,249.95000249999998
2017-12-17 18:00:00,285.55001000000004
2017-12-17 19:00:00,312.025
2017-12-17 20:00:00,228.625
2017-12-17 21:00:00,43.02500125
2017-12-17 22:00:00,0.0
2017-12-17 23:00:00,0.0
2017-12-18 00:00:00,0.0
2017-12-18 01:00:00,0.0
2017-12-18 02:00:00,0.0
2017-12-18 03:00:00,0.0
2017-12-18 04:00:00,0.0
2017-12-18 05:00:00,0.0
2017-12-18 06:00:00,0.0
2017-12-18 07:00:00,0.0
2017-12-18 08:00:00,0.0
2017-12-18 09:00:00,3.175
2017-12-18 10:00:00,139.65
2017-12-18 11:00:00,313.325
2017-12-18 12:00:00,503.775
2017-12-18 13:00:00,597.30001
2017-12-18 14:00:00,644.875
2017-12-18 15:00:00,751.45001
2017-12-18 16:00:00,636.65
2017-12-18 17:00:00,674.75001
2017-12-18 18:00:00,501.97501
2017-12-18 19:00:00,531.075005
2017-12-18 20:00:00,459.57500500000003
2017-12-18 21:00:00,186.4250075
2017-12-18 22:00:00,0.0
2017-12-18 23:00:00,0.0
2017-12-19 00:00:00,0.0
2017-12-19 01:00:00,0.0
2017-12-19 02:00:00,0.0
2017-12-19 03:00:00,0.0
2017-12-19 04:00:00,0.0
2017-12-19 05:00:00,0.0
2017-12-19 06:00:00,0.0
2017-12-19 07:00:00,0.0
2017-12-19 08:00:00,0.0
2017-12-19 09:00:00,7.65
2017-12-19 10:00:00,164.95
2017-12-19 11:00:00,415.25
2017-12-19 12:00:00,666.925
2017-12-19 13:00:00,879.975
2017-12-19 14:00:00,992.025025
2017-12-19 15:00:00,837.35
2017-12-19 16:00:00,690.57501
2017-12-19 17:00:00,701.9250099999999
2017-12-19 18:00:00,607.225
2017-12-19 19:00:00,372.15000499999996
2017-12-19 20:00:00,291.100005
2017-12-19 21:00:00,66.7250025
2017-12-19 22:00:00,0.0
2017-12-19 23:00:00,0.0
2017-12-20 00:00:00,0.0
2017-12-20 01:00:00,0.0
2017-12-20 02:00:00,0.0
2017-12-20 03:00:00,0.0
2017-12-20 04:00:00,0.0
2017-12-20 05:00:00,0.0
2017-12-20 06:00:00,0.0
2017-12-20 07:00:00,0.0
2017-12-20 08:00:00,0.0
2017-12-20 09:00:00,7.82500025
2017-12-20 10:00:00,120.775003
2017-12-20 11:00:00,386.300005
2017-12-20 12:00:00,643.95001
2017-12-20 13:00:00,735.075
2017-12-20 14:00:00,899.4250099999999
2017-12-20 15:00:00,784.82502
2017-12-20 16:00:00,694.15
2017-12-20 17:00:00,688.1
2017-12-20 18:00:00,719.57501
2017-12-20 19:00:00,559.7750100000001
2017-12-20 20:00:00,378.82500500000003
2017-12-20 21:00:00,226.25
2017-12-20 22:00:00,44.75
2017-12-20 23:00:00,0.0
2017-12-21 00:00:00,0.0
2017-12-21 01:00:00,0.0
2017-12-21 02:00:00,0.0
2017-12-21 03:00:00,0.0
2017-12-21 04:00:00,0.0
2017-12-21 05:00:00,0.0
2017-12-21 06:00:00,0.0
2017-12-21 07:00:00,0.0
2017-12-21 08:00:00,0.0
2017-12-21 09:00:00,4.35
2017-12-21 10:00:00,164.6250075
2017-12-21 11:00:00,415.52500499999996
2017-12-21 12:00:00,630.95001
2017-12-21 13:00:00,778.65
2017-12-21 14:00:00,697.45
2017-12-21 15:00:00,741.1
2017-12-21 16:00:00,459.000005
2017-12-21 17:00:00,647.4250099999999
2017-12-21 18:00:00,445.875005
2017-12-21 19:00:00,433.475005
2017-12-21 20:00:00,393.675005
2017-12-21 21:00:00,267.825
2017-12-21 22:00:00,0.0
2017-12-21 23:00:00,0.0
2017-12-22 00:00:00,0.0
2017-12-22 01:00:00,0.0
2017-12-22 02:00:00,0.0
2017-12-22 03:00:00,0.0
2017-12-22 04:00:00,0.0
2017-12-22 05:00:00,0.0
2017-12-22 06:00:00,0.0
2017-12-22 07:00:00,0.0
2017-12-22 08:00:00,0.0
2017-12-22 09:00:00,3.85000025
2017-12-22 10:00:00,135.625
2017-12-22 11:00:00,283.9
2017-12-22 12:00:00,467.82501
2017-12-22 13:00:00,653.9250099999999
2017-12-22 14:00:00,781.57502
2017-12-22 15:00:00,777.00002
2017-12-22 16:00:00,891.9
2017-12-22 17:00:00,1119.100025
2017-12-22 18:00:00,755.675
2017-12-22 19:00:00,470.1
2017-12-22 20:00:00,494.375
2017-12-22 21:00:00,249.75
2017-12-22 22:00:00,13.975
2017-12-22 23:00:00,1.325
2017-12-23 00:00:00,0.0
2017-12-23 01:00:00,0.0
2017-12-23 02:00:00,0.0
2017-12-23 03:00:00,0.0
2017-12-23 04:00:00,0.0
2017-12-23 05:00:00,0.0
2017-12-23 06:00:00,0.0
2017-12-23 07:00:00,0.0
2017-12-23 08:00:00,0.0
2017-12-23 09:00:00,6.675
2017-12-23 10:00:00,161.97500250000002
2017-12-23 11:00:00,326.500005
2017-12-23 12:00:00,346.59999999999997
2017-12-23 13:00:00,449.475015
2017-12-23 14:00:00,747.17502
2017-12-23 15:00:00,770.00001
2017-12-23 16:00:00,647.32501
2017-12-23 17:00:00,655.100005
2017-12-23 18:00:00,459.300005
2017-12-23 19:00:00,411.250005
2017-12-23 20:00:00,406.8
2017-12-23 21:00:00,139.57500025
2017-12-23 22:00:00,0.0
2017-12-23 23:00:00,0.0
2017-12-24 00:00:00,0.0
2017-12-24 01:00:00,0.0
2017-12-24 02:00:00,0.0
2017-12-24 03:00:00,0.0
2017-12-24 04:00:00,0.0
2017-12-24 05:00:00,0.0
2017-12-24 06:00:00,0.0
2017-12-24 07:00:00,0.0
2017-12-24 08:00:00,0.0
2017-12-24 09:00:00,6.8
2017-12-24 10:00:00,120.725
2017-12-24 11:00:00,285.85
2017-12-24 12:00:00,452.60001
2017-12-24 13:00:00,615.8
2017-12-24 14:00:00,686.50001
2017-12-24 15:00:00,794.70001
2017-12-24 16:00:00,836.55001
2017-12-24 17:00:00,774.82501
2017-12-24 18:00:00,678.57501
2017-12-24 19:00:00,553.4000100000001
2017-12-24 20:00:00,370.350005
2017-12-24 21:00:00,183.9000005
2017-12-24 22:00:00,10.0250005
2017-12-24 23:00:00,0.0
2017-12-25 00:00:00,0.0
2017-12-25 01:00:00,0.0
2017-12-25 02:00:00,0.0
2017-12-25 03:00:00,0.0
2017-12-25 04:00:00,0.0
2017-12-25 05:00:00,0.0
2017-12-25 06:00:00,0.0
2017-12-25 07:00:00,0.0
2017-12-25 08:00:00,0.0
2017-12-25 09:00:00,6.475
2017-12-25 10:00:00,165.95
2017-12-25 11:00:00,419.70000500000003
2017-12-25 12:00:00,511.525005
2017-12-25 13:00:00,674.075
2017-12-25 14:00:00,808.02502
2017-12-25 15:00:00,631.8500200000001
2017-12-25 16:00:00,494.750005
2017-12-25 17:00:00,392.875
2017-12-25 18:00:00,966.82501
2017-12-25 19:00:00,622.72501
2017-12-25 20:00:00,357.325
2017-12-25 21:00:00,248.0750025
2017-12-25 22:00:00,66.45000125
2017-12-25 23:00:00,1.925000075
2017-12-26 00:00:00,0.0
2017-12-26 01:00:00,0.0
2017-12-26 02:00:00,0.0
2017-12-26 03:00:00,0.0
2017-12-26 04:00:00,0.0
2017-12-26 05:00:00,0.0
2017-12-26 06:00:00,0.0
2017-12-26 07:00:00,0.0
2017-12-26 08:00:00,0.0
2017-12-26 09:00:00,5.975
2017-12-26 10:00:00,163.55
2017-12-26 11:00:00,423.75
2017-12-26 12:00:00,677.5500099999999
2017-12-26 13:00:00,896.6
2017-12-26 14:00:00,1060.275
2017-12-26 15:00:00,1040.925025
2017-12-26 16:00:00,1081.2000349999998
2017-12-26 17:00:00,942.0250000000001
2017-12-26 18:00:00,733.60001
2017-12-26 19:00:00,510.075015
2017-12-26 20:00:00,479.85
2017-12-26 21:00:00,239.8250025
2017-12-26 22:00:00,105.65000125
2017-12-26 23:00:00,2.22500025
2017-12-27 00:00:00,0.0
2017-12-27 01:00:00,0.0
2017-12-27 02:00:00,0.0
2017-12-27 03:00:00,0.0
2017-12-27 04:00:00,0.0
2017-12-27 05:00:00,0.0
2017-12-27 06:00:00,0.0
2017-12-27 07:00:00,0.0
2017-12-27 08:00:00,0.0
2017-12-27 09:00:00,5.225
2017-12-27 10:00:00,154.4
2017-12-27 11:00:00,407.900005
2017-12-27 12:00:00,645.10001
2017-12-27 13:00:00,725.825
2017-12-27 14:00:00,684.75001
2017-12-27 15:00:00,664.25
2017-12-27 16:00:00,674.4000149999999
2017-12-27 17:00:00,465.350005
2017-12-27 18:00:00,592.15
2017-12-27 19:00:00,532.125
2017-12-27 20:00:00,448.225
2017-12-27 21:00:00,287.550005
2017-12-27 22:00:00,29.6
2017-12-27 23:00:00,0.0
2017-12-28 00:00:00,0.0
2017-12-28 01:00:00,0.0
2017-12-28 02:00:00,0.0
2017-12-28 03:00:00,0.0
2017-12-28 04:00:00,0.0
2017-12-28 05:00:00,0.0
2017-12-28 06:00:00,0.0
2017-12-28 07:00:00,0.0
2017-12-28 08:00:00,0.0
2017-12-28 09:00:00,4.6
2017-12-28 10:00:00,148.325
2017-12-28 11:00:00,347.0750075
2017-12-28 12:00:00,487.550005
2017-12-28 13:00:00,481.775015
2017-12-28 14:00:00,538.85
2017-12-28 15:00:00,716.5
2017-12-28 16:00:00,633.9749999999999
2017-12-28 17:00:00,610.975
2017-12-28 18:00:00,617.175
2017-12-28 19:00:00,696.6750099999999
2017-12-28 20:00:00,573.90001
2017-12-28 21:00:00,261.625
2017-12-28 22:00:00,102.450001
2017-12-28 23:00:00,2.925
2017-12-29 00:00:00,0.0
2017-12-29 01:00:00,0.0
2017-12-29 02:00:00,0.0
2017-12-29 03:00:00,0.0
2017-12-29 04:00:00,0.0
2017-12-29 05:00:00,0.0
2017-12-29 06:00:00,0.0
2017-12-29 07:00:00,0.0
2017-12-29 08:00:00,0.0
2017-12-29 09:00:00,4.8
2017-12-29 10:00:00,156.4500025
2017-12-29 11:00:00,412.450015
2017-12-29 12:00:00,658.90003
2017-12-29 13:00:00,878.8
2017-12-29 14:00:00,1046.550025
2017-12-29 15:00:00,1149.5
2017-12-29 16:00:00,1182.275
2017-12-29 17:00:00,1136.550025
2017-12-29 18:00:00,1013.075
2017-12-29 19:00:00,845.55
2017-12-29 20:00:00,623.95001
2017-12-29 21:00:00,370.150005
2017-12-29 22:00:00,123.9250005
2017-12-29 23:00:00,2.625
2017-12-30 00:00:00,0.0
2017-12-30 01:00:00,0.0
2017-12-30 02:00:00,0.0
2017-12-30 03:00:00,0.0
2017-12-30 04:00:00,0.0
2017-12-30 05:00:00,0.0
2017-12-30 06:00:00,0.0
2017-12-30 07:00:00,0.0
2017-12-30 08:00:00,0.0
2017-12-30 09:00:00,3.47500025
2017-12-30 10:00:00,136.3
2017-12-30 11:00:00,386.075005
2017-12-30 12:00:00,652.57502
2017-12-30 13:00:00,873.075
2017-12-30 14:00:00,1041.475025
2017-12-30 15:00:00,1146.3249999999998
2017-12-30 16:00:00,1131.95
2017-12-30 17:00:00,969.2000350000001
2017-12-30 18:00:00,782.1
2017-12-30 19:00:00,735.90001
2017-12-30 20:00:00,562.95
2017-12-30 21:00:00,387.975005
2017-12-30 22:00:00,139.95
2017-12-30 23:00:00,3.25
2017-12-31 00:00:00,0.0
2017-12-31 01:00:00,0.0
2017-12-31 02:00:00,0.0
2017-12-31 03:00:00,0.0
2017-12-31 04:00:00,0.0
2017-12-31 05:00:00,0.0
2017-12-31 06:00:00,0.0
2017-12-31 07:00:00,0.0
2017-12-31 08:00:00,0.0
2017-12-31 09:00:00,3.275
2017-12-31 10:00:00,136.70000249999998
2017-12-31 11:00:00,385.80001000000004
2017-12-31 12:00:00,620.00001
2017-12-31 13:00:00,614.875
2017-12-31 14:00:00,652.1
2017-12-31 15:00:00,551.95001
2017-12-31 16:00:00,414.550005
2017-12-31 17:00:00,504.625
2017-12-31 18:00:00,573.8000099999999
2017-12-31 19:00:00,478.4
2017-12-31 20:00:00,312.350005
2017-12-31 21:00:00,140.4
2017-12-31 22:00:00,0.0
2017-12-31 23:00:00,0.0
2018-01-01 00:00:00,
2018-01-01 01:00:00,
2018-01-01 02:00:00,
2018-01-01 03:00:00,
2018-01-01 04:00:00,
2018-01-01 05:00:00,
2018-01-01 06:00:00,
2018-01-01 07:00:00,
2018-01-01 08:00:00,
2018-01-01 09:00:00,
2018-01-01 10:00:00,
2018-01-01 11:00:00,
2018-01-01 12:00:00,
2018-01-01 13:00:00,
2018-01-01 14:00:00,
2018-01-01 15:00:00,
2018-01-01 16:00:00,
2018-01-01 17:00:00,
2018-01-01 18:00:00,
2018-01-01 19:00:00,
2018-01-01 20:00:00,
2018-01-01 21:00:00,
2018-01-01 22:00:00,
2018-01-01 23:00:00,
2018-01-02 00:00:00,
2018-01-02 01:00:00,
2018-01-02 02:00:00,
2018-01-02 03:00:00,
2018-01-02 04:00:00,
2018-01-02 05:00:00,
2018-01-02 06:00:00,
2018-01-02 07:00:00,
2018-01-02 08:00:00,
2018-01-02 09:00:00,
2018-01-02 10:00:00,
2018-01-02 11:00:00,
2018-01-02 12:00:00,
2018-01-02 13:00:00,
2018-01-02 14:00:00,
2018-01-02 15:00:00,
2018-01-02 16:00:00,
2018-01-02 17:00:00,
2018-01-02 18:00:00,
2018-01-02 19:00:00,
2018-01-02 20:00:00,
2018-01-02 21:00:00,
2018-01-02 22:00:00,
2018-01-02 23:00:00,
2018-01-03 00:00:00,
2018-01-03 01:00:00,
2018-01-03 02:00:00,
2018-01-03 03:00:00,
2018-01-03 04:00:00,
2018-01-03 05:00:00,
2018-01-03 06:00:00,
2018-01-03 07:00:00,
2018-01-03 08:00:00,
2018-01-03 09:00:00,
2018-01-03 10:00:00,
2018-01-03 11:00:00,
2018-01-03 12:00:00,
2018-01-03 13:00:00,
2018-01-03 14:00:00,
2018-01-03 15:00:00,
2018-01-03 16:00:00,
2018-01-03 17:00:00,
2018-01-03 18:00:00,
2018-01-03 19:00:00,
2018-01-03 20:00:00,
2018-01-03 21:00:00,
2018-01-03 22:00:00,
2018-01-03 23:00:00,
2018-01-04 00:00:00,
2018-01-04 01:00:00,
2018-01-04 02:00:00,
2018-01-04 03:00:00,
2018-01-04 04:00:00,
2018-01-04 05:00:00,
2018-01-04 06:00:00,
2018-01-04 07:00:00,
2018-01-04 08:00:00,
2018-01-04 09:00:00,
2018-01-04 10:00:00,
2018-01-04 11:00:00,
2018-01-04 12:00:00,
2018-01-04 13:00:00,
2018-01-04 14:00:00,
2018-01-04 15:00:00,
2018-01-04 16:00:00,
2018-01-04 17:00:00,
2018-01-04 18:00:00,
2018-01-04 19:00:00,
2018-01-04 20:00:00,
2018-01-04 21:00:00,
2018-01-04 22:00:00,
2018-01-04 23:00:00,
2018-01-05 00:00:00,
2018-01-05 01:00:00,
2018-01-05 02:00:00,
2018-01-05 03:00:00,
2018-01-05 04:00:00,
2018-01-05 05:00:00,
2018-01-05 06:00:00,
2018-01-05 07:00:00,
2018-01-05 08:00:00,
2018-01-05 09:00:00,
2018-01-05 10:00:00,
2018-01-05 11:00:00,
2018-01-05 12:00:00,
2018-01-05 13:00:00,
2018-01-05 14:00:00,
2018-01-05 15:00:00,
2018-01-05 16:00:00,
2018-01-05 17:00:00,
2018-01-05 18:00:00,
2018-01-05 19:00:00,
2018-01-05 20:00:00,
2018-01-05 21:00:00,
2018-01-05 22:00:00,
2018-01-05 23:00:00,
2018-01-06 00:00:00,
2018-01-06 01:00:00,
2018-01-06 02:00:00,
2018-01-06 03:00:00,
2018-01-06 04:00:00,
2018-01-06 05:00:00,
2018-01-06 06:00:00,
2018-01-06 07:00:00,
2018-01-06 08:00:00,
2018-01-06 09:00:00,
2018-01-06 10:00:00,
2018-01-06 11:00:00,
2018-01-06 12:00:00,
2018-01-06 13:00:00,
2018-01-06 14:00:00,
2018-01-06 15:00:00,
2018-01-06 16:00:00,
2018-01-06 17:00:00,
2018-01-06 18:00:00,
2018-01-06 19:00:00,
2018-01-06 20:00:00,
2018-01-06 21:00:00,
2018-01-06 22:00:00,
2018-01-06 23:00:00,
2018-01-07 00:00:00,
2018-01-07 01:00:00,
2018-01-07 02:00:00,
2018-01-07 03:00:00,
2018-01-07 04:00:00,
2018-01-07 05:00:00,
2018-01-07 06:00:00,
2018-01-07 07:00:00,
2018-01-07 08:00:00,
2018-01-07 09:00:00,
2018-01-07 10:00:00,
2018-01-07 11:00:00,
2018-01-07 12:00:00,
2018-01-07 13:00:00,
2018-01-07 14:00:00,
2018-01-07 15:00:00,
2018-01-07 16:00:00,
2018-01-07 17:00:00,
2018-01-07 18:00:00,
2018-01-07 19:00:00,
2018-01-07 20:00:00,
2018-01-07 21:00:00,
2018-01-07 22:00:00,
2018-01-07 23:00:00,
2018-01-08 00:00:00,
2018-01-08 01:00:00,
2018-01-08 02:00:00,
2018-01-08 03:00:00,
2018-01-08 04:00:00,
2018-01-08 05:00:00,
2018-01-08 06:00:00,
2018-01-08 07:00:00,
2018-01-08 08:00:00,
2018-01-08 09:00:00,
2018-01-08 10:00:00,
2018-01-08 11:00:00,
2018-01-08 12:00:00,
2018-01-08 13:00:00,
2018-01-08 14:00:00,
2018-01-08 15:00:00,
2018-01-08 16:00:00,
2018-01-08 17:00:00,
2018-01-08 18:00:00,
2018-01-08 19:00:00,
2018-01-08 20:00:00,
2018-01-08 21:00:00,
2018-01-08 22:00:00,
2018-01-08 23:00:00,
2018-01-09 00:00:00,
2018-01-09 01:00:00,
2018-01-09 02:00:00,
2018-01-09 03:00:00,
2018-01-09 04:00:00,
2018-01-09 05:00:00,
2018-01-09 06:00:00,
2018-01-09 07:00:00,
2018-01-09 08:00:00,
2018-01-09 09:00:00,
2018-01-09 10:00:00,
2018-01-09 11:00:00,
2018-01-09 12:00:00,
2018-01-09 13:00:00,
2018-01-09 14:00:00,
2018-01-09 15:00:00,
2018-01-09 16:00:00,
2018-01-09 17:00:00,
2018-01-09 18:00:00,
2018-01-09 19:00:00,
2018-01-09 20:00:00,
2018-01-09 21:00:00,
2018-01-09 22:00:00,
2018-01-09 23:00:00,
2018-01-10 00:00:00,
2018-01-10 01:00:00,
2018-01-10 02:00:00,
2018-01-10 03:00:00,
2018-01-10 04:00:00,
2018-01-10 05:00:00,
2018-01-10 06:00:00,
2018-01-10 07:00:00,
2018-01-10 08:00:00,
2018-01-10 09:00:00,
2018-01-10 10:00:00,
2018-01-10 11:00:00,
2018-01-10 12:00:00,
2018-01-10 13:00:00,
2018-01-10 14:00:00,
2018-01-10 15:00:00,
2018-01-10 16:00:00,
2018-01-10 17:00:00,
2018-01-10 18:00:00,
2018-01-10 19:00:00,
2018-01-10 20:00:00,
2018-01-10 21:00:00,
2018-01-10 22:00:00,
2018-01-10 23:00:00,
2018-01-11 00:00:00,
2018-01-11 01:00:00,
2018-01-11 02:00:00,
2018-01-11 03:00:00,
2018-01-11 04:00:00,
2018-01-11 05:00:00,
2018-01-11 06:00:00,
2018-01-11 07:00:00,
2018-01-11 08:00:00,
2018-01-11 09:00:00,
2018-01-11 10:00:00,
2018-01-11 11:00:00,
2018-01-11 12:00:00,
2018-01-11 13:00:00,
2018-01-11 14:00:00,
2018-01-11 15:00:00,
2018-01-11 16:00:00,
2018-01-11 17:00:00,
2018-01-11 18:00:00,
2018-01-11 19:00:00,
2018-01-11 20:00:00,
2018-01-11 21:00:00,
2018-01-11 22:00:00,
2018-01-11 23:00:00,
2018-01-12 00:00:00,
2018-01-12 01:00:00,
2018-01-12 02:00:00,
2018-01-12 03:00:00,
2018-01-12 04:00:00,
2018-01-12 05:00:00,
2018-01-12 06:00:00,
2018-01-12 07:00:00,
2018-01-12 08:00:00,
2018-01-12 09:00:00,
2018-01-12 10:00:00,
2018-01-12 11:00:00,
2018-01-12 12:00:00,
2018-01-12 13:00:00,
2018-01-12 14:00:00,
2018-01-12 15:00:00,
2018-01-12 16:00:00,
2018-01-12 17:00:00,
2018-01-12 18:00:00,
2018-01-12 19:00:00,
2018-01-12 20:00:00,
2018-01-12 21:00:00,
2018-01-12 22:00:00,
2018-01-12 23:00:00,
2018-01-13 00:00:00,
2018-01-13 01:00:00,
2018-01-13 02:00:00,
2018-01-13 03:00:00,
2018-01-13 04:00:00,
2018-01-13 05:00:00,
2018-01-13 06:00:00,
2018-01-13 07:00:00,
2018-01-13 08:00:00,
2018-01-13 09:00:00,
2018-01-13 10:00:00,
2018-01-13 11:00:00,
2018-01-13 12:00:00,
2018-01-13 13:00:00,
2018-01-13 14:00:00,
2018-01-13 15:00:00,
2018-01-13 16:00:00,
2018-01-13 17:00:00,
2018-01-13 18:00:00,
2018-01-13 19:00:00,
2018-01-13 20:00:00,
2018-01-13 21:00:00,
2018-01-13 22:00:00,
2018-01-13 23:00:00,
2018-01-14 00:00:00,
2018-01-14 01:00:00,
2018-01-14 02:00:00,
2018-01-14 03:00:00,
2018-01-14 04:00:00,
2018-01-14 05:00:00,
2018-01-14 06:00:00,
2018-01-14 07:00:00,
2018-01-14 08:00:00,
2018-01-14 09:00:00,
2018-01-14 10:00:00,
2018-01-14 11:00:00,
2018-01-14 12:00:00,
2018-01-14 13:00:00,
2018-01-14 14:00:00,
2018-01-14 15:00:00,
2018-01-14 16:00:00,
2018-01-14 17:00:00,
2018-01-14 18:00:00,
2018-01-14 19:00:00,
2018-01-14 20:00:00,
2018-01-14 21:00:00,
2018-01-14 22:00:00,
2018-01-14 23:00:00,
2018-01-15 00:00:00,
2018-01-15 01:00:00,
2018-01-15 02:00:00,
2018-01-15 03:00:00,
2018-01-15 04:00:00,
2018-01-15 05:00:00,
2018-01-15 06:00:00,
2018-01-15 07:00:00,
2018-01-15 08:00:00,
2018-01-15 09:00:00,
2018-01-15 10:00:00,
2018-01-15 11:00:00,
2018-01-15 12:00:00,
2018-01-15 13:00:00,
2018-01-15 14:00:00,
2018-01-15 15:00:00,
2018-01-15 16:00:00,
2018-01-15 17:00:00,
2018-01-15 18:00:00,
2018-01-15 19:00:00,
2018-01-15 20:00:00,
2018-01-15 21:00:00,
2018-01-15 22:00:00,
2018-01-15 23:00:00,
2018-01-16 00:00:00,
2018-01-16 01:00:00,
2018-01-16 02:00:00,
2018-01-16 03:00:00,
2018-01-16 04:00:00,
2018-01-16 05:00:00,
2018-01-16 06:00:00,
2018-01-16 07:00:00,
2018-01-16 08:00:00,
2018-01-16 09:00:00,
2018-01-16 10:00:00,
2018-01-16 11:00:00,
2018-01-16 12:00:00,
2018-01-16 13:00:00,
2018-01-16 14:00:00,
2018-01-16 15:00:00,
2018-01-16 16:00:00,
2018-01-16 17:00:00,
2018-01-16 18:00:00,
2018-01-16 19:00:00,
2018-01-16 20:00:00,
2018-01-16 21:00:00,
2018-01-16 22:00:00,
2018-01-16 23:00:00,
2018-01-17 00:00:00,
2018-01-17 01:00:00,
2018-01-17 02:00:00,
2018-01-17 03:00:00,
2018-01-17 04:00:00,
2018-01-17 05:00:00,
2018-01-17 06:00:00,
2018-01-17 07:00:00,
2018-01-17 08:00:00,
2018-01-17 09:00:00,
2018-01-17 10:00:00,
2018-01-17 11:00:00,
2018-01-17 12:00:00,
2018-01-17 13:00:00,
2018-01-17 14:00:00,
2018-01-17 15:00:00,
2018-01-17 16:00:00,
2018-01-17 17:00:00,
2018-01-17 18:00:00,
2018-01-17 19:00:00,
2018-01-17 20:00:00,
2018-01-17 21:00:00,
2018-01-17 22:00:00,
2018-01-17 23:00:00,
2018-01-18 00:00:00,
2018-01-18 01:00:00,
2018-01-18 02:00:00,
2018-01-18 03:00:00,
2018-01-18 04:00:00,
2018-01-18 05:00:00,
2018-01-18 06:00:00,
2018-01-18 07:00:00,
2018-01-18 08:00:00,
2018-01-18 09:00:00,
2018-01-18 10:00:00,
2018-01-18 11:00:00,
2018-01-18 12:00:00,
2018-01-18 13:00:00,
2018-01-18 14:00:00,
2018-01-18 15:00:00,
2018-01-18 16:00:00,
2018-01-18 17:00:00,
2018-01-18 18:00:00,
2018-01-18 19:00:00,
2018-01-18 20:00:00,
2018-01-18 21:00:00,
2018-01-18 22:00:00,
2018-01-18 23:00:00,
2018-01-19 00:00:00,
2018-01-19 01:00:00,
2018-01-19 02:00:00,
2018-01-19 03:00:00,
2018-01-19 04:00:00,
2018-01-19 05:00:00,
2018-01-19 06:00:00,
2018-01-19 07:00:00,
2018-01-19 08:00:00,
2018-01-19 09:00:00,
2018-01-19 10:00:00,
2018-01-19 11:00:00,
2018-01-19 12:00:00,
2018-01-19 13:00:00,
2018-01-19 14:00:00,
2018-01-19 15:00:00,
2018-01-19 16:00:00,
2018-01-19 17:00:00,
2018-01-19 18:00:00,
2018-01-19 19:00:00,
2018-01-19 20:00:00,
2018-01-19 21:00:00,
2018-01-19 22:00:00,
2018-01-19 23:00:00,
2018-01-20 00:00:00,
2018-01-20 01:00:00,
2018-01-20 02:00:00,
2018-01-20 03:00:00,
2018-01-20 04:00:00,
2018-01-20 05:00:00,
2018-01-20 06:00:00,
2018-01-20 07:00:00,
2018-01-20 08:00:00,
2018-01-20 09:00:00,
2018-01-20 10:00:00,
2018-01-20 11:00:00,
2018-01-20 12:00:00,
2018-01-20 13:00:00,
2018-01-20 14:00:00,
2018-01-20 15:00:00,
2018-01-20 16:00:00,
2018-01-20 17:00:00,
2018-01-20 18:00:00,
2018-01-20 19:00:00,
2018-01-20 20:00:00,
2018-01-20 21:00:00,
2018-01-20 22:00:00,
2018-01-20 23:00:00,
2018-01-21 00:00:00,
2018-01-21 01:00:00,
2018-01-21 02:00:00,
2018-01-21 03:00:00,
2018-01-21 04:00:00,
2018-01-21 05:00:00,
2018-01-21 06:00:00,
2018-01-21 07:00:00,
2018-01-21 08:00:00,
2018-01-21 09:00:00,
2018-01-21 10:00:00,
2018-01-21 11:00:00,
2018-01-21 12:00:00,
2018-01-21 13:00:00,
2018-01-21 14:00:00,
2018-01-21 15:00:00,
2018-01-21 16:00:00,
2018-01-21 17:00:00,
2018-01-21 18:00:00,
2018-01-21 19:00:00,
2018-01-21 20:00:00,
2018-01-21 21:00:00,
2018-01-21 22:00:00,
2018-01-21 23:00:00,
2018-01-22 00:00:00,
2018-01-22 01:00:00,
2018-01-22 02:00:00,
2018-01-22 03:00:00,
2018-01-22 04:00:00,
2018-01-22 05:00:00,
2018-01-22 06:00:00,
2018-01-22 07:00:00,
2018-01-22 08:00:00,
2018-01-22 09:00:00,
2018-01-22 10:00:00,
2018-01-22 11:00:00,
2018-01-22 12:00:00,
2018-01-22 13:00:00,
2018-01-22 14:00:00,
2018-01-22 15:00:00,
2018-01-22 16:00:00,
2018-01-22 17:00:00,
2018-01-22 18:00:00,
2018-01-22 19:00:00,
2018-01-22 20:00:00,
2018-01-22 21:00:00,
2018-01-22 22:00:00,
2018-01-22 23:00:00,
2018-01-23 00:00:00,
2018-01-23 01:00:00,
2018-01-23 02:00:00,
2018-01-23 03:00:00,
2018-01-23 04:00:00,
2018-01-23 05:00:00,
2018-01-23 06:00:00,
2018-01-23 07:00:00,
2018-01-23 08:00:00,
2018-01-23 09:00:00,
2018-01-23 10:00:00,
2018-01-23 11:00:00,
2018-01-23 12:00:00,
2018-01-23 13:00:00,
2018-01-23 14:00:00,
2018-01-23 15:00:00,
2018-01-23 16:00:00,
2018-01-23 17:00:00,
2018-01-23 18:00:00,
2018-01-23 19:00:00,
2018-01-23 20:00:00,
2018-01-23 21:00:00,
2018-01-23 22:00:00,
2018-01-23 23:00:00,
2018-01-24 00:00:00,
2018-01-24 01:00:00,
2018-01-24 02:00:00,
2018-01-24 03:00:00,
2018-01-24 04:00:00,
2018-01-24 05:00:00,
2018-01-24 06:00:00,
2018-01-24 07:00:00,
2018-01-24 08:00:00,
2018-01-24 09:00:00,
2018-01-24 10:00:00,
2018-01-24 11:00:00,
2018-01-24 12:00:00,
2018-01-24 13:00:00,
2018-01-24 14:00:00,
2018-01-24 15:00:00,
2018-01-24 16:00:00,
2018-01-24 17:00:00,
2018-01-24 18:00:00,
2018-01-24 19:00:00,
2018-01-24 20:00:00,
2018-01-24 21:00:00,
2018-01-24 22:00:00,
2018-01-24 23:00:00,
2018-01-25 00:00:00,
2018-01-25 01:00:00,
2018-01-25 02:00:00,
2018-01-25 03:00:00,
2018-01-25 04:00:00,
2018-01-25 05:00:00,
2018-01-25 06:00:00,
2018-01-25 07:00:00,
2018-01-25 08:00:00,
2018-01-25 09:00:00,
2018-01-25 10:00:00,
2018-01-25 11:00:00,
2018-01-25 12:00:00,
2018-01-25 13:00:00,
2018-01-25 14:00:00,
2018-01-25 15:00:00,
2018-01-25 16:00:00,
2018-01-25 17:00:00,
2018-01-25 18:00:00,
2018-01-25 19:00:00,
2018-01-25 20:00:00,
2018-01-25 21:00:00,
2018-01-25 22:00:00,
2018-01-25 23:00:00,
2018-01-26 00:00:00,
2018-01-26 01:00:00,
2018-01-26 02:00:00,
2018-01-26 03:00:00,
2018-01-26 04:00:00,
2018-01-26 05:00:00,
2018-01-26 06:00:00,
2018-01-26 07:00:00,
2018-01-26 08:00:00,
2018-01-26 09:00:00,
2018-01-26 10:00:00,
2018-01-26 11:00:00,
2018-01-26 12:00:00,
2018-01-26 13:00:00,
2018-01-26 14:00:00,
2018-01-26 15:00:00,
2018-01-26 16:00:00,
2018-01-26 17:00:00,
2018-01-26 18:00:00,
2018-01-26 19:00:00,
2018-01-26 20:00:00,
2018-01-26 21:00:00,
2018-01-26 22:00:00,
2018-01-26 23:00:00,
2018-01-27 00:00:00,
2018-01-27 01:00:00,
2018-01-27 02:00:00,
2018-01-27 03:00:00,
2018-01-27 04:00:00,
2018-01-27 05:00:00,
2018-01-27 06:00:00,
2018-01-27 07:00:00,
2018-01-27 08:00:00,
2018-01-27 09:00:00,
2018-01-27 10:00:00,
2018-01-27 11:00:00,
2018-01-27 12:00:00,
2018-01-27 13:00:00,
2018-01-27 14:00:00,
2018-01-27 15:00:00,
2018-01-27 16:00:00,
2018-01-27 17:00:00,
2018-01-27 18:00:00,
2018-01-27 19:00:00,
2018-01-27 20:00:00,
2018-01-27 21:00:00,
2018-01-27 22:00:00,
2018-01-27 23:00:00,
2018-01-28 00:00:00,
2018-01-28 01:00:00,
2018-01-28 02:00:00,
2018-01-28 03:00:00,
2018-01-28 04:00:00,
2018-01-28 05:00:00,
2018-01-28 06:00:00,
2018-01-28 07:00:00,
2018-01-28 08:00:00,
2018-01-28 09:00:00,
2018-01-28 10:00:00,
2018-01-28 11:00:00,
2018-01-28 12:00:00,
2018-01-28 13:00:00,
2018-01-28 14:00:00,
2018-01-28 15:00:00,
2018-01-28 16:00:00,
2018-01-28 17:00:00,
2018-01-28 18:00:00,
2018-01-28 19:00:00,
2018-01-28 20:00:00,
2018-01-28 21:00:00,
2018-01-28 22:00:00,
2018-01-28 23:00:00,
2018-01-29 00:00:00,
2018-01-29 01:00:00,
2018-01-29 02:00:00,
2018-01-29 03:00:00,
2018-01-29 04:00:00,
2018-01-29 05:00:00,
2018-01-29 06:00:00,
2018-01-29 07:00:00,
2018-01-29 08:00:00,
2018-01-29 09:00:00,
2018-01-29 10:00:00,
2018-01-29 11:00:00,
2018-01-29 12:00:00,
2018-01-29 13:00:00,
2018-01-29 14:00:00,
2018-01-29 15:00:00,
2018-01-29 16:00:00,
2018-01-29 17:00:00,
2018-01-29 18:00:00,
2018-01-29 19:00:00,
2018-01-29 20:00:00,
2018-01-29 21:00:00,
2018-01-29 22:00:00,
2018-01-29 23:00:00,
2018-01-30 00:00:00,
2018-01-30 01:00:00,
2018-01-30 02:00:00,
2018-01-30 03:00:00,
2018-01-30 04:00:00,
2018-01-30 05:00:00,
2018-01-30 06:00:00,
2018-01-30 07:00:00,
2018-01-30 08:00:00,
2018-01-30 09:00:00,
2018-01-30 10:00:00,
2018-01-30 11:00:00,
2018-01-30 12:00:00,
2018-01-30 13:00:00,
2018-01-30 14:00:00,
2018-01-30 15:00:00,
2018-01-30 16:00:00,
2018-01-30 17:00:00,
2018-01-30 18:00:00,
2018-01-30 19:00:00,
2018-01-30 20:00:00,
2018-01-30 21:00:00,
2018-01-30 22:00:00,
2018-01-30 23:00:00,
2018-01-31 00:00:00,
2018-01-31 01:00:00,
2018-01-31 02:00:00,
2018-01-31 03:00:00,
2018-01-31 04:00:00,
2018-01-31 05:00:00,
2018-01-31 06:00:00,
2018-01-31 07:00:00,
2018-01-31 08:00:00,
2018-01-31 09:00:00,
2018-01-31 10:00:00,
2018-01-31 11:00:00,
2018-01-31 12:00:00,
2018-01-31 13:00:00,
2018-01-31 14:00:00,
2018-01-31 15:00:00,
2018-01-31 16:00:00,
2018-01-31 17:00:00,
2018-01-31 18:00:00,
2018-01-31 19:00:00,
2018-01-31 20:00:00,
2018-01-31 21:00:00,
2018-01-31 22:00:00,
2018-01-31 23:00:00,
2018-02-01 00:00:00,0.0
2018-02-01 01:00:00,0.0
2018-02-01 02:00:00,0.0
2018-02-01 03:00:00,0.0
2018-02-01 04:00:00,0.0
2018-02-01 05:00:00,0.0
2018-02-01 06:00:00,0.0
2018-02-01 07:00:00,0.0
2018-02-01 08:00:00,0.0
2018-02-01 09:00:00,0.0
2018-02-01 10:00:00,66.2750025
2018-02-01 11:00:00,258.225
2018-02-01 12:00:00,451.875
2018-02-01 13:00:00,593.37502
2018-02-01 14:00:00,735.35001
2018-02-01 15:00:00,699.0
2018-02-01 16:00:00,663.05
2018-02-01 17:00:00,583.675
2018-02-01 18:00:00,682.05
2018-02-01 19:00:00,539.4000100000001
2018-02-01 20:00:00,277.25
2018-02-01 21:00:00,284.15000499999996
2018-02-01 22:00:00,131.15
2018-02-01 23:00:00,2.575
2018-02-02 00:00:00,0.0
2018-02-02 01:00:00,0.0
2018-02-02 02:00:00,0.0
2018-02-02 03:00:00,0.0
2018-02-02 04:00:00,0.0
2018-02-02 05:00:00,0.0
2018-02-02 06:00:00,0.0
2018-02-02 07:00:00,0.0
2018-02-02 08:00:00,0.0
2018-02-02 09:00:00,0.0
2018-02-02 10:00:00,66.20000250000001
2018-02-02 11:00:00,295.07500749999997
2018-02-02 12:00:00,426.57500500000003
2018-02-02 13:00:00,608.12502
2018-02-02 14:00:00,593.35001
2018-02-02 15:00:00,577.90002
2018-02-02 16:00:00,511.67501
2018-02-02 17:00:00,521.8750150000001
2018-02-02 18:00:00,551.45001
2018-02-02 19:00:00,401.800005
2018-02-02 20:00:00,192.7500075
2018-02-02 21:00:00,29.57500125
2018-02-02 22:00:00,0.0
2018-02-02 23:00:00,0.0
2018-02-03 00:00:00,0.0
2018-02-03 01:00:00,0.0
2018-02-03 02:00:00,0.0
2018-02-03 03:00:00,0.0
2018-02-03 04:00:00,0.0
2018-02-03 05:00:00,0.0
2018-02-03 06:00:00,0.0
2018-02-03 07:00:00,0.0
2018-02-03 08:00:00,0.0
2018-02-03 09:00:00,0.0
2018-02-03 10:00:00,65.6250005
2018-02-03 11:00:00,305.15
2018-02-03 12:00:00,563.65
2018-02-03 13:00:00,768.92501
2018-02-03 14:00:00,852.67502
2018-02-03 15:00:00,762.07501
2018-02-03 16:00:00,636.9
2018-02-03 17:00:00,570.47501
2018-02-03 18:00:00,548.05001
2018-02-03 19:00:00,476.29999999999995
2018-02-03 20:00:00,399.275005
2018-02-03 21:00:00,204.375
2018-02-03 22:00:00,90.02500175
2018-02-03 23:00:00,0.625
2018-02-04 00:00:00,0.0
2018-02-04 01:00:00,0.0
2018-02-04 02:00:00,0.0
2018-02-04 03:00:00,0.0
2018-02-04 04:00:00,0.0
2018-02-04 05:00:00,0.0
2018-02-04 06:00:00,0.0
2018-02-04 07:00:00,0.0
2018-02-04 08:00:00,0.0
2018-02-04 09:00:00,0.0
2018-02-04 10:00:00,64.25000025
2018-02-04 11:00:00,288.275
2018-02-04 12:00:00,509.50001
2018-02-04 13:00:00,587.725
2018-02-04 14:00:00,632.7250200000001
2018-02-04 15:00:00,764.825
2018-02-04 16:00:00,654.22501
2018-02-04 17:00:00,690.35
2018-02-04 18:00:00,712.30002
2018-02-04 19:00:00,564.775
2018-02-04 20:00:00,392.125
2018-02-04 21:00:00,151.175
2018-02-04 22:00:00,99.15000425000001
2018-02-04 23:00:00,0.275
2018-02-05 00:00:00,0.0
2018-02-05 01:00:00,0.0
2018-02-05 02:00:00,0.0
2018-02-05 03:00:00,0.0
2018-02-05 04:00:00,0.0
2018-02-05 05:00:00,0.0
2018-02-05 06:00:00,0.0
2018-02-05 07:00:00,0.0
2018-02-05 08:00:00,0.0
2018-02-05 09:00:00,0.0
2018-02-05 10:00:00,43.17500125
2018-02-05 11:00:00,172.100005
2018-02-05 12:00:00,302.625
2018-02-05 13:00:00,449.07500500000003
2018-02-05 14:00:00,572.6250200000001
2018-02-05 15:00:00,570.10001
2018-02-05 16:00:00,552.025
2018-02-05 17:00:00,548.32501
2018-02-05 18:00:00,500.875
2018-02-05 19:00:00,446.275015
2018-02-05 20:00:00,357.60001
2018-02-05 21:00:00,167.375
2018-02-05 22:00:00,0.0
2018-02-05 23:00:00,0.0
2018-02-06 00:00:00,0.0
2018-02-06 01:00:00,0.0
2018-02-06 02:00:00,0.0
2018-02-06 03:00:00,0.0
2018-02-06 04:00:00,0.0
2018-02-06 05:00:00,0.0
2018-02-06 06:00:00,0.0
2018-02-06 07:00:00,0.0
2018-02-06 08:00:00,0.0
2018-02-06 09:00:00,0.0
2018-02-06 10:00:00,42.37500025
2018-02-06 11:00:00,219.25000500000002
2018-02-06 12:00:00,409.00001
2018-02-06 13:00:00,525.10001
2018-02-06 14:00:00,588.85
2018-02-06 15:00:00,626.7
2018-02-06 16:00:00,544.675
2018-02-06 17:00:00,505.20001
2018-02-06 18:00:00,485.750005
2018-02-06 19:00:00,602.55
2018-02-06 20:00:00,426.27500000000003
2018-02-06 21:00:00,119.25000125
2018-02-06 22:00:00,0.0
2018-02-06 23:00:00,0.0
2018-02-07 00:00:00,0.0
2018-02-07 01:00:00,0.0
2018-02-07 02:00:00,0.0
2018-02-07 03:00:00,0.0
2018-02-07 04:00:00,0.0
2018-02-07 05:00:00,0.0
2018-02-07 06:00:00,0.0
2018-02-07 07:00:00,0.0
2018-02-07 08:00:00,0.0
2018-02-07 09:00:00,0.0
2018-02-07 10:00:00,35.2500005
2018-02-07 11:00:00,193.925
2018-02-07 12:00:00,311.975005
2018-02-07 13:00:00,472.95000000000005
2018-02-07 14:00:00,482.75001
2018-02-07 15:00:00,573.62501
2018-02-07 16:00:00,488.775
2018-02-07 17:00:00,540.175
2018-02-07 18:00:00,520.55
2018-02-07 19:00:00,417.02501
2018-02-07 20:00:00,232.45000249999998
2018-02-07 21:00:00,63.67500125
2018-02-07 22:00:00,5.825
2018-02-07 23:00:00,0.0
2018-02-08 00:00:00,0.0
2018-02-08 01:00:00,0.0
2018-02-08 02:00:00,0.0
2018-02-08 03:00:00,0.0
2018-02-08 04:00:00,0.0
2018-02-08 05:00:00,0.0
2018-02-08 06:00:00,0.0
2018-02-08 07:00:00,0.0
2018-02-08 08:00:00,0.0
2018-02-08 09:00:00,0.0
2018-02-08 10:00:00,54.5750015
2018-02-08 11:00:00,281.525
2018-02-08 12:00:00,539.35
2018-02-08 13:00:00,775.3499999999999
2018-02-08 14:00:00,963.72501
2018-02-08 15:00:00,1058.925
2018-02-08 16:00:00,927.32501
2018-02-08 17:00:00,845.2333333333332
2018-02-08 18:00:00,794.0
2018-02-08 19:00:00,757.375
2018-02-08 20:00:00,595.825015
2018-02-08 21:00:00,353.275005
2018-02-08 22:00:00,115.7
2018-02-08 23:00:00,0.0
2018-02-09 00:00:00,0.0
2018-02-09 01:00:00,0.0
2018-02-09 02:00:00,0.0
2018-02-09 03:00:00,0.0
2018-02-09 04:00:00,0.0
2018-02-09 05:00:00,0.0
2018-02-09 06:00:00,0.0
2018-02-09 07:00:00,0.0
2018-02-09 08:00:00,0.0
2018-02-09 09:00:00,0.0
2018-02-09 10:00:00,52.325
2018-02-09 11:00:00,285.475005
2018-02-09 12:00:00,551.125005
2018-02-09 13:00:00,785.8
2018-02-09 14:00:00,973.0999999999999
2018-02-09 15:00:00,1096.350025
2018-02-09 16:00:00,1148.425025
2018-02-09 17:00:00,1037.22501
2018-02-09 18:00:00,960.05001
2018-02-09 19:00:00,770.125
2018-02-09 20:00:00,503.2
2018-02-09 21:00:00,178.07500050000002
2018-02-09 22:00:00,9.3
2018-02-09 23:00:00,0.0
2018-02-10 00:00:00,0.0
2018-02-10 01:00:00,0.0
2018-02-10 02:00:00,0.0
2018-02-10 03:00:00,0.0
2018-02-10 04:00:00,0.0
2018-02-10 05:00:00,0.0
2018-02-10 06:00:00,0.0
2018-02-10 07:00:00,0.0
2018-02-10 08:00:00,0.0
2018-02-10 09:00:00,0.0
2018-02-10 10:00:00,47.400000000000006
2018-02-10 11:00:00,267.8250025
2018-02-10 12:00:00,535.5000150000001
2018-02-10 13:00:00,743.825
2018-02-10 14:00:00,902.7
2018-02-10 15:00:00,751.9000100000001
2018-02-10 16:00:00,695.27501
2018-02-10 17:00:00,632.87501
2018-02-10 18:00:00,552.17501
2018-02-10 19:00:00,483.500005
2018-02-10 20:00:00,388.300005
2018-02-10 21:00:00,150.6
2018-02-10 22:00:00,5.9
2018-02-10 23:00:00,0.025
2018-02-11 00:00:00,0.0
2018-02-11 01:00:00,0.0
2018-02-11 02:00:00,0.0
2018-02-11 03:00:00,0.0
2018-02-11 04:00:00,0.0
2018-02-11 05:00:00,0.0
2018-02-11 06:00:00,0.0
2018-02-11 07:00:00,0.0
2018-02-11 08:00:00,0.0
2018-02-11 09:00:00,0.0
2018-02-11 10:00:00,35.475
2018-02-11 11:00:00,168.1250025
2018-02-11 12:00:00,337.225005
2018-02-11 13:00:00,453.5
2018-02-11 14:00:00,484.75001
2018-02-11 15:00:00,581.05001
2018-02-11 16:00:00,611.125
2018-02-11 17:00:00,623.9
2018-02-11 18:00:00,603.87501
2018-02-11 19:00:00,472.85
2018-02-11 20:00:00,267.77500499999996
2018-02-11 21:00:00,107.3750025
2018-02-11 22:00:00,0.0
2018-02-11 23:00:00,0.0
2018-02-12 00:00:00,0.0
2018-02-12 01:00:00,0.0
2018-02-12 02:00:00,0.0
2018-02-12 03:00:00,0.0
2018-02-12 04:00:00,0.0
2018-02-12 05:00:00,0.0
2018-02-12 06:00:00,0.0
2018-02-12 07:00:00,0.0
2018-02-12 08:00:00,0.0
2018-02-12 09:00:00,0.0
2018-02-12 10:00:00,50.400000000000006
2018-02-12 11:00:00,269.375
2018-02-12 12:00:00,493.300005
2018-02-12 13:00:00,647.0500099999999
2018-02-12 14:00:00,676.2250200000001
2018-02-12 15:00:00,736.5999999999999
2018-02-12 16:00:00,791.35
2018-02-12 17:00:00,756.22501
2018-02-12 18:00:00,501.67501500000003
2018-02-12 19:00:00,341.525
2018-02-12 20:00:00,246.275
2018-02-12 21:00:00,32.9
2018-02-12 22:00:00,0.0
2018-02-12 23:00:00,0.0
2018-02-13 00:00:00,0.0
2018-02-13 01:00:00,0.0
2018-02-13 02:00:00,0.0
2018-02-13 03:00:00,0.0
2018-02-13 04:00:00,0.0
2018-02-13 05:00:00,0.0
2018-02-13 06:00:00,0.0
2018-02-13 07:00:00,0.0
2018-02-13 08:00:00,0.0
2018-02-13 09:00:00,0.0
2018-02-13 10:00:00,46.275000074999994
2018-02-13 11:00:00,251.0
2018-02-13 12:00:00,431.42499999999995
2018-02-13 13:00:00,563.22501
2018-02-13 14:00:00,635.25
2018-02-13 15:00:00,627.5
2018-02-13 16:00:00,644.85001
2018-02-13 17:00:00,686.1
2018-02-13 18:00:00,666.975
2018-02-13 19:00:00,475.025
2018-02-13 20:00:00,312.800005
2018-02-13 21:00:00,79.25
2018-02-13 22:00:00,0.0
2018-02-13 23:00:00,0.0
2018-02-14 00:00:00,0.0
2018-02-14 01:00:00,0.0
2018-02-14 02:00:00,0.0
2018-02-14 03:00:00,0.0
2018-02-14 04:00:00,0.0
2018-02-14 05:00:00,0.0
2018-02-14 06:00:00,0.0
2018-02-14 07:00:00,0.0
2018-02-14 08:00:00,0.0
2018-02-14 09:00:00,0.0
2018-02-14 10:00:00,45.250000075
2018-02-14 11:00:00,254.675
2018-02-14 12:00:00,425.27501
2018-02-14 13:00:00,710.92501
2018-02-14 14:00:00,873.325
2018-02-14 15:00:00,1000.925025
2018-02-14 16:00:00,1010.450025
2018-02-14 17:00:00,635.1750099999999
2018-02-14 18:00:00,641.8000099999999
2018-02-14 19:00:00,565.65
2018-02-14 20:00:00,333.2000025
2018-02-14 21:00:00,94.20000125
2018-02-14 22:00:00,0.0
2018-02-14 23:00:00,0.0
2018-02-15 00:00:00,0.0
2018-02-15 01:00:00,0.0
2018-02-15 02:00:00,0.0
2018-02-15 03:00:00,0.0
2018-02-15 04:00:00,0.0
2018-02-15 05:00:00,0.0
2018-02-15 06:00:00,0.0
2018-02-15 07:00:00,0.0
2018-02-15 08:00:00,0.0
2018-02-15 09:00:00,0.0
2018-02-15 10:00:00,37.225001250000005
2018-02-15 11:00:00,213.90000250000003
2018-02-15 12:00:00,379.775
2018-02-15 13:00:00,641.9000100000001
2018-02-15 14:00:00,884.82501
2018-02-15 15:00:00,860.30001
2018-02-15 16:00:00,744.52502
2018-02-15 17:00:00,995.25
2018-02-15 18:00:00,818.85
2018-02-15 19:00:00,571.525
2018-02-15 20:00:00,438.500015
2018-02-15 21:00:00,166.1
2018-02-15 22:00:00,4.375
2018-02-15 23:00:00,0.0
2018-02-16 00:00:00,0.0
2018-02-16 01:00:00,0.0
2018-02-16 02:00:00,0.0
2018-02-16 03:00:00,0.0
2018-02-16 04:00:00,0.0
2018-02-16 05:00:00,0.0
2018-02-16 06:00:00,0.0
2018-02-16 07:00:00,0.0
2018-02-16 08:00:00,0.0
2018-02-16 09:00:00,0.0
2018-02-16 10:00:00,45.5
2018-02-16 11:00:00,275.600005
2018-02-16 12:00:00,519.325005
2018-02-16 13:00:00,642.60002
2018-02-16 14:00:00,702.3
2018-02-16 15:00:00,745.8000099999999
2018-02-16 16:00:00,666.9000100000001
2018-02-16 17:00:00,806.4499999999999
2018-02-16 18:00:00,876.20001
2018-02-16 19:00:00,686.20002
2018-02-16 20:00:00,566.325
2018-02-16 21:00:00,163.775
2018-02-16 22:00:00,4.6
2018-02-16 23:00:00,0.0
2018-02-17 00:00:00,0.0
2018-02-17 01:00:00,0.0
2018-02-17 02:00:00,0.0
2018-02-17 03:00:00,0.0
2018-02-17 04:00:00,0.0
2018-02-17 05:00:00,0.0
2018-02-17 06:00:00,0.0
2018-02-17 07:00:00,0.0
2018-02-17 08:00:00,0.0
2018-02-17 09:00:00,0.0
2018-02-17 10:00:00,41.275
2018-02-17 11:00:00,270.75001
2018-02-17 12:00:00,513.125005
2018-02-17 13:00:00,688.95001
2018-02-17 14:00:00,880.1500100000001
2018-02-17 15:00:00,938.8000099999999
2018-02-17 16:00:00,1002.20001
2018-02-17 17:00:00,996.12501
2018-02-17 18:00:00,627.0
2018-02-17 19:00:00,514.8
2018-02-17 20:00:00,307.575
2018-02-17 21:00:00,80.175
2018-02-17 22:00:00,0.0
2018-02-17 23:00:00,0.0
2018-02-18 00:00:00,0.0
2018-02-18 01:00:00,0.0
2018-02-18 02:00:00,0.0
2018-02-18 03:00:00,0.0
2018-02-18 04:00:00,0.0
2018-02-18 05:00:00,0.0
2018-02-18 06:00:00,0.0
2018-02-18 07:00:00,0.0
2018-02-18 08:00:00,0.0
2018-02-18 09:00:00,0.0
2018-02-18 10:00:00,38.875
2018-02-18 11:00:00,263.75
2018-02-18 12:00:00,541.62501
2018-02-18 13:00:00,780.57501
2018-02-18 14:00:00,971.000025
2018-02-18 15:00:00,1093.35005
2018-02-18 16:00:00,1143.55
2018-02-18 17:00:00,1118.45005
2018-02-18 18:00:00,1016.4500350000001
2018-02-18 19:00:00,845.525
2018-02-18 20:00:00,615.12502
2018-02-18 21:00:00,324.275
2018-02-18 22:00:00,101.35000124999999
2018-02-18 23:00:00,0.0
2018-02-19 00:00:00,0.0
2018-02-19 01:00:00,0.0
2018-02-19 02:00:00,0.0
2018-02-19 03:00:00,0.0
2018-02-19 04:00:00,0.0
2018-02-19 05:00:00,0.0
2018-02-19 06:00:00,0.0
2018-02-19 07:00:00,0.0
2018-02-19 08:00:00,0.0
2018-02-19 09:00:00,0.0
2018-02-19 10:00:00,40.225000075
2018-02-19 11:00:00,269.4
2018-02-19 12:00:00,539.325
2018-02-19 13:00:00,778.62501
2018-02-19 14:00:00,969.100035
2018-02-19 15:00:00,1093.525
2018-02-19 16:00:00,1143.95
2018-02-19 17:00:00,1085.825025
2018-02-19 18:00:00,1013.5
2018-02-19 19:00:00,787.6
2018-02-19 20:00:00,439.125
2018-02-19 21:00:00,150.29999999999998
2018-02-19 22:00:00,1.075
2018-02-19 23:00:00,0.0
2018-02-20 00:00:00,0.0
2018-02-20 01:00:00,0.0
2018-02-20 02:00:00,0.0
2018-02-20 03:00:00,0.0
2018-02-20 04:00:00,0.0
2018-02-20 05:00:00,0.0
2018-02-20 06:00:00,0.0
2018-02-20 07:00:00,0.0
2018-02-20 08:00:00,0.0
2018-02-20 09:00:00,0.0
2018-02-20 10:00:00,38.92500125
2018-02-20 11:00:00,268.5000025
2018-02-20 12:00:00,538.475005
2018-02-20 13:00:00,733.9250099999999
2018-02-20 14:00:00,918.5999999999999
2018-02-20 15:00:00,1006.6750099999999
2018-02-20 16:00:00,1061.875
2018-02-20 17:00:00,919.30001
2018-02-20 18:00:00,941.875
2018-02-20 19:00:00,691.85001
2018-02-20 20:00:00,500.47499999999997
2018-02-20 21:00:00,307.600005
2018-02-20 22:00:00,54.95
2018-02-20 23:00:00,0.0
2018-02-21 00:00:00,0.0
2018-02-21 01:00:00,0.0
2018-02-21 02:00:00,0.0
2018-02-21 03:00:00,0.0
2018-02-21 04:00:00,0.0
2018-02-21 05:00:00,0.0
2018-02-21 06:00:00,0.0
2018-02-21 07:00:00,0.0
2018-02-21 08:00:00,0.0
2018-02-21 09:00:00,0.0
2018-02-21 10:00:00,34.425
2018-02-21 11:00:00,171.375
2018-02-21 12:00:00,323.750005
2018-02-21 13:00:00,419.40000499999996
2018-02-21 14:00:00,530.725
2018-02-21 15:00:00,708.87501
2018-02-21 16:00:00,790.72501
2018-02-21 17:00:00,684.6500000000001
2018-02-21 18:00:00,673.40001
2018-02-21 19:00:00,590.47502
2018-02-21 20:00:00,360.600005
2018-02-21 21:00:00,106.0250025
2018-02-21 22:00:00,0.0
2018-02-21 23:00:00,0.0
2018-02-22 00:00:00,0.0
2018-02-22 01:00:00,0.0
2018-02-22 02:00:00,0.0
2018-02-22 03:00:00,0.0
2018-02-22 04:00:00,0.0
2018-02-22 05:00:00,0.0
2018-02-22 06:00:00,0.0
2018-02-22 07:00:00,0.0
2018-02-22 08:00:00,0.0
2018-02-22 09:00:00,0.0
2018-02-22 10:00:00,37.575
2018-02-22 11:00:00,264.60000249999996
2018-02-22 12:00:00,503.350015
2018-02-22 13:00:00,636.6000200000001
2018-02-22 14:00:00,585.925
2018-02-22 15:00:00,499.25001
2018-02-22 16:00:00,468.025
2018-02-22 17:00:00,512.55
2018-02-22 18:00:00,600.20001
2018-02-22 19:00:00,491.6
2018-02-22 20:00:00,379.42501
2018-02-22 21:00:00,164.0000025
2018-02-22 22:00:00,2.05
2018-02-22 23:00:00,0.0
2018-02-23 00:00:00,0.0
2018-02-23 01:00:00,0.0
2018-02-23 02:00:00,0.0
2018-02-23 03:00:00,0.0
2018-02-23 04:00:00,0.0
2018-02-23 05:00:00,0.0
2018-02-23 06:00:00,0.0
2018-02-23 07:00:00,0.0
2018-02-23 08:00:00,0.0
2018-02-23 09:00:00,0.0
2018-02-23 10:00:00,35.2
2018-02-23 11:00:00,260.55
2018-02-23 12:00:00,519.825005
2018-02-23 13:00:00,760.3
2018-02-23 14:00:00,952.20001
2018-02-23 15:00:00,1079.05005
2018-02-23 16:00:00,979.62502
2018-02-23 17:00:00,913.90002
2018-02-23 18:00:00,607.47501
2018-02-23 19:00:00,361.000005
2018-02-23 20:00:00,382.575
2018-02-23 21:00:00,299.300005
2018-02-23 22:00:00,88.175
2018-02-23 23:00:00,0.0
2018-02-24 00:00:00,0.0
2018-02-24 01:00:00,0.0
2018-02-24 02:00:00,0.0
2018-02-24 03:00:00,0.0
2018-02-24 04:00:00,0.0
2018-02-24 05:00:00,0.0
2018-02-24 06:00:00,0.0
2018-02-24 07:00:00,0.0
2018-02-24 08:00:00,0.0
2018-02-24 09:00:00,0.0
2018-02-24 10:00:00,33.2500005
2018-02-24 11:00:00,232.100005
2018-02-24 12:00:00,436.175005
2018-02-24 13:00:00,562.45001
2018-02-24 14:00:00,561.2750100000001
2018-02-24 15:00:00,464.325005
2018-02-24 16:00:00,393.30001000000004
2018-02-24 17:00:00,346.725
2018-02-24 18:00:00,504.45
2018-02-24 19:00:00,468.27500499999996
2018-02-24 20:00:00,366.92499999999995
2018-02-24 21:00:00,147.2750025
2018-02-24 22:00:00,2.875
2018-02-24 23:00:00,0.0
2018-02-25 00:00:00,0.0
2018-02-25 01:00:00,0.0
2018-02-25 02:00:00,0.0
2018-02-25 03:00:00,0.0
2018-02-25 04:00:00,0.0
2018-02-25 05:00:00,0.0
2018-02-25 06:00:00,0.0
2018-02-25 07:00:00,0.0
2018-02-25 08:00:00,0.0
2018-02-25 09:00:00,0.0
2018-02-25 10:00:00,30.8500005
2018-02-25 11:00:00,200.45000249999998
2018-02-25 12:00:00,486.57500000000005
2018-02-25 13:00:00,664.60001
2018-02-25 14:00:00,729.525
2018-02-25 15:00:00,834.3
2018-02-25 16:00:00,656.475
2018-02-25 17:00:00,502.57500500000003
2018-02-25 18:00:00,446.5
2018-02-25 19:00:00,418.825
2018-02-25 20:00:00,335.45000500000003
2018-02-25 21:00:00,168.1750075
2018-02-25 22:00:00,27.600000075
2018-02-25 23:00:00,0.0
2018-02-26 00:00:00,0.0
2018-02-26 01:00:00,0.0
2018-02-26 02:00:00,0.0
2018-02-26 03:00:00,0.0
2018-02-26 04:00:00,0.0
2018-02-26 05:00:00,0.0
2018-02-26 06:00:00,0.0
2018-02-26 07:00:00,0.0
2018-02-26 08:00:00,0.0
2018-02-26 09:00:00,0.0
2018-02-26 10:00:00,31.974999999999998
2018-02-26 11:00:00,243.800005
2018-02-26 12:00:00,419.00001
2018-02-26 13:00:00,562.3
2018-02-26 14:00:00,655.775
2018-02-26 15:00:00,575.5
2018-02-26 16:00:00,548.65
2018-02-26 17:00:00,558.02501
2018-02-26 18:00:00,535.32503
2018-02-26 19:00:00,487.5
2018-02-26 20:00:00,342.300005
2018-02-26 21:00:00,153.1250075
2018-02-26 22:00:00,33.425
2018-02-26 23:00:00,0.0
2018-02-27 00:00:00,0.0
2018-02-27 01:00:00,0.0
2018-02-27 02:00:00,0.0
2018-02-27 03:00:00,0.0
2018-02-27 04:00:00,0.0
2018-02-27 05:00:00,0.0
2018-02-27 06:00:00,0.0
2018-02-27 07:00:00,0.0
2018-02-27 08:00:00,0.0
2018-02-27 09:00:00,0.0
2018-02-27 10:00:00,30.55
2018-02-27 11:00:00,245.875
2018-02-27 12:00:00,482.20001
2018-02-27 13:00:00,624.32502
2018-02-27 14:00:00,712.42502
2018-02-27 15:00:00,869.35001
2018-02-27 16:00:00,739.30001
2018-02-27 17:00:00,671.4250099999999
2018-02-27 18:00:00,618.1000200000001
2018-02-27 19:00:00,587.02501
2018-02-27 20:00:00,471.40001
2018-02-27 21:00:00,284.600005
2018-02-27 22:00:00,66.72500000000001
2018-02-27 23:00:00,0.0
2018-02-28 00:00:00,0.0
2018-02-28 01:00:00,0.0
2018-02-28 02:00:00,0.0
2018-02-28 03:00:00,0.0
2018-02-28 04:00:00,0.0
2018-02-28 05:00:00,0.0
2018-02-28 06:00:00,0.0
2018-02-28 07:00:00,0.0
2018-02-28 08:00:00,0.0
2018-02-28 09:00:00,0.0
2018-02-28 10:00:00,30.075
2018-02-28 11:00:00,230.1250025
2018-02-28 12:00:00,451.80001
2018-02-28 13:00:00,610.45001
2018-02-28 14:00:00,669.175
2018-02-28 15:00:00,707.70001
2018-02-28 16:00:00,774.325
2018-02-28 17:00:00,747.37501
2018-02-28 18:00:00,667.8000099999999
2018-02-28 19:00:00,508.92499999999995
2018-02-28 20:00:00,331.175005
2018-02-28 21:00:00,97.10000124999999
2018-02-28 22:00:00,2.425
2018-02-28 23:00:00,0.0
2018-03-01 00:00:00,0.0
2018-03-01 01:00:00,0.0
2018-03-01 02:00:00,0.0
2018-03-01 03:00:00,0.0
2018-03-01 04:00:00,0.0
2018-03-01 05:00:00,0.0
2018-03-01 06:00:00,0.0
2018-03-01 07:00:00,0.0
2018-03-01 08:00:00,0.0
2018-03-01 09:00:00,0.0
2018-03-01 10:00:00,28.25
2018-03-01 11:00:00,239.275
2018-03-01 12:00:00,474.250015
2018-03-01 13:00:00,613.45001
2018-03-01 14:00:00,741.1
2018-03-01 15:00:00,802.7
2018-03-01 16:00:00,791.77501
2018-03-01 17:00:00,728.85001
2018-03-01 18:00:00,589.85001
2018-03-01 19:00:00,450.450005
2018-03-01 20:00:00,302.2500025
2018-03-01 21:00:00,70.5750005
2018-03-01 22:00:00,0.125
2018-03-01 23:00:00,0.0
2018-03-02 00:00:00,0.0
2018-03-02 01:00:00,0.0
2018-03-02 02:00:00,0.0
2018-03-02 03:00:00,0.0
2018-03-02 04:00:00,0.0
2018-03-02 05:00:00,0.0
2018-03-02 06:00:00,0.0
2018-03-02 07:00:00,0.0
2018-03-02 08:00:00,0.0
2018-03-02 09:00:00,0.0
2018-03-02 10:00:00,26.30000125
2018-03-02 11:00:00,239.67499999999998
2018-03-02 12:00:00,470.10001
2018-03-02 13:00:00,648.775
2018-03-02 14:00:00,752.87501
2018-03-02 15:00:00,812.92501
2018-03-02 16:00:00,681.62501
2018-03-02 17:00:00,523.12501
2018-03-02 18:00:00,498.57500500000003
2018-03-02 19:00:00,491.65
2018-03-02 20:00:00,297.175
2018-03-02 21:00:00,109.2750025
2018-03-02 22:00:00,31.775
2018-03-02 23:00:00,0.0
2018-03-03 00:00:00,0.0
2018-03-03 01:00:00,0.0
2018-03-03 02:00:00,0.0
2018-03-03 03:00:00,0.0
2018-03-03 04:00:00,0.0
2018-03-03 05:00:00,0.0
2018-03-03 06:00:00,0.0
2018-03-03 07:00:00,0.0
2018-03-03 08:00:00,0.0
2018-03-03 09:00:00,0.0
2018-03-03 10:00:00,25.525000249999998
2018-03-03 11:00:00,228.725
2018-03-03 12:00:00,448.05001500000003
2018-03-03 13:00:00,628.60002
2018-03-03 14:00:00,797.725
2018-03-03 15:00:00,792.07502
2018-03-03 16:00:00,732.05003
2018-03-03 17:00:00,594.6500100000001
2018-03-03 18:00:00,481.55001000000004
2018-03-03 19:00:00,454.17501000000004
2018-03-03 20:00:00,368.32500500000003
2018-03-03 21:00:00,175.475
2018-03-03 22:00:00,29.924999999999997
2018-03-03 23:00:00,0.0
2018-03-04 00:00:00,0.0
2018-03-04 01:00:00,0.0
2018-03-04 02:00:00,0.0
2018-03-04 03:00:00,0.0
2018-03-04 04:00:00,0.0
2018-03-04 05:00:00,0.0
2018-03-04 06:00:00,0.0
2018-03-04 07:00:00,0.0
2018-03-04 08:00:00,0.0
2018-03-04 09:00:00,0.0
2018-03-04 10:00:00,26.450000000000003
2018-03-04 11:00:00,238.025005
2018-03-04 12:00:00,495.92501
2018-03-04 13:00:00,601.5250100000001
2018-03-04 14:00:00,680.07501
2018-03-04 15:00:00,748.90002
2018-03-04 16:00:00,661.0
2018-03-04 17:00:00,656.625
2018-03-04 18:00:00,668.15
2018-03-04 19:00:00,488.60001
2018-03-04 20:00:00,424.750005
2018-03-04 21:00:00,291.60000249999996
2018-03-04 22:00:00,65.6
2018-03-04 23:00:00,0.0
2018-03-05 00:00:00,0.0
2018-03-05 01:00:00,0.0
2018-03-05 02:00:00,0.0
2018-03-05 03:00:00,0.0
2018-03-05 04:00:00,0.0
2018-03-05 05:00:00,0.0
2018-03-05 06:00:00,0.0
2018-03-05 07:00:00,0.0
2018-03-05 08:00:00,0.0
2018-03-05 09:00:00,0.0
2018-03-05 10:00:00,23.825000000000003
2018-03-05 11:00:00,228.20001000000002
2018-03-05 12:00:00,468.575005
2018-03-05 13:00:00,619.175
2018-03-05 14:00:00,544.77501
2018-03-05 15:00:00,587.725
2018-03-05 16:00:00,571.7
2018-03-05 17:00:00,396.37501
2018-03-05 18:00:00,275.5750025
2018-03-05 19:00:00,397.375005
2018-03-05 20:00:00,306.300005
2018-03-05 21:00:00,103.3
2018-03-05 22:00:00,12.475
2018-03-05 23:00:00,0.0
2018-03-06 00:00:00,0.0
2018-03-06 01:00:00,0.0
2018-03-06 02:00:00,0.0
2018-03-06 03:00:00,0.0
2018-03-06 04:00:00,0.0
2018-03-06 05:00:00,0.0
2018-03-06 06:00:00,0.0
2018-03-06 07:00:00,0.0
2018-03-06 08:00:00,0.0
2018-03-06 09:00:00,0.0
2018-03-06 10:00:00,24.5
2018-03-06 11:00:00,204.6750025
2018-03-06 12:00:00,361.63334000000003
2018-03-06 13:00:00,456.1
2018-03-06 14:00:00,443.275
2018-03-06 15:00:00,467.77501
2018-03-06 16:00:00,525.55001
2018-03-06 17:00:00,548.87501
2018-03-06 18:00:00,483.15000499999996
2018-03-06 19:00:00,260.675
2018-03-06 20:00:00,279.825
2018-03-06 21:00:00,78.25000125
2018-03-06 22:00:00,5.1
2018-03-06 23:00:00,0.0
2018-03-07 00:00:00,0.0
2018-03-07 01:00:00,0.0
2018-03-07 02:00:00,0.0
2018-03-07 03:00:00,0.0
2018-03-07 04:00:00,0.0
2018-03-07 05:00:00,0.0
2018-03-07 06:00:00,0.0
2018-03-07 07:00:00,0.0
2018-03-07 08:00:00,0.0
2018-03-07 09:00:00,0.0
2018-03-07 10:00:00,21.025001250000003
2018-03-07 11:00:00,221.5
2018-03-07 12:00:00,474.5
2018-03-07 13:00:00,569.925025
2018-03-07 14:00:00,628.6750099999999
2018-03-07 15:00:00,656.17502
2018-03-07 16:00:00,611.75001
2018-03-07 17:00:00,619.65
2018-03-07 18:00:00,472.80001500000003
2018-03-07 19:00:00,473.52501500000005
2018-03-07 20:00:00,342.0
2018-03-07 21:00:00,91.6500005
2018-03-07 22:00:00,11.5
2018-03-07 23:00:00,0.0
2018-03-08 00:00:00,0.0
2018-03-08 01:00:00,0.0
2018-03-08 02:00:00,0.0
2018-03-08 03:00:00,0.0
2018-03-08 04:00:00,0.0
2018-03-08 05:00:00,0.0
2018-03-08 06:00:00,0.0
2018-03-08 07:00:00,0.0
2018-03-08 08:00:00,0.0
2018-03-08 09:00:00,0.0
2018-03-08 10:00:00,21.7
2018-03-08 11:00:00,227.275
2018-03-08 12:00:00,499.50001
2018-03-08 13:00:00,744.65
2018-03-08 14:00:00,937.8
2018-03-08 15:00:00,1058.8
2018-03-08 16:00:00,1102.625025
2018-03-08 17:00:00,1069.65005
2018-03-08 18:00:00,954.77503
2018-03-08 19:00:00,774.6750099999999
2018-03-08 20:00:00,543.625005
2018-03-08 21:00:00,245.350005
2018-03-08 22:00:00,46.75000025
2018-03-08 23:00:00,0.0
2018-03-09 00:00:00,0.0
2018-03-09 01:00:00,0.0
2018-03-09 02:00:00,0.0
2018-03-09 03:00:00,0.0
2018-03-09 04:00:00,0.0
2018-03-09 05:00:00,0.0
2018-03-09 06:00:00,0.0
2018-03-09 07:00:00,0.0
2018-03-09 08:00:00,0.0
2018-03-09 09:00:00,0.0
2018-03-09 10:00:00,22.900001666666668
2018-03-09 11:00:00,229.825
2018-03-09 12:00:00,509.15
2018-03-09 13:00:00,751.65001
2018-03-09 14:00:00,941.72502
2018-03-09 15:00:00,1056.12505
2018-03-09 16:00:00,1069.975
2018-03-09 17:00:00,1017.9
2018-03-09 18:00:00,919.375
2018-03-09 19:00:00,736.575
2018-03-09 20:00:00,550.100015
2018-03-09 21:00:00,282.4250075
2018-03-09 22:00:00,51.90000025
2018-03-09 23:00:00,0.0
2018-03-10 00:00:00,0.0
2018-03-10 01:00:00,0.0
2018-03-10 02:00:00,0.0
2018-03-10 03:00:00,0.0
2018-03-10 04:00:00,0.0
2018-03-10 05:00:00,0.0
2018-03-10 06:00:00,0.0
2018-03-10 07:00:00,0.0
2018-03-10 08:00:00,0.0
2018-03-10 09:00:00,0.0
2018-03-10 10:00:00,22.275
2018-03-10 11:00:00,231.675
2018-03-10 12:00:00,492.40000499999996
2018-03-10 13:00:00,733.75
2018-03-10 14:00:00,923.95
2018-03-10 15:00:00,1046.97501
2018-03-10 16:00:00,1092.0
2018-03-10 17:00:00,1058.6
2018-03-10 18:00:00,945.175
2018-03-10 19:00:00,769.77501
2018-03-10 20:00:00,539.625015
2018-03-10 21:00:00,275.35001
2018-03-10 22:00:00,45.9000005
2018-03-10 23:00:00,0.0
2018-03-11 00:00:00,0.0
2018-03-11 01:00:00,0.0
2018-03-11 02:00:00,0.0
2018-03-11 03:00:00,0.0
2018-03-11 04:00:00,0.0
2018-03-11 05:00:00,0.0
2018-03-11 06:00:00,0.0
2018-03-11 07:00:00,0.0
2018-03-11 08:00:00,0.0
2018-03-11 09:00:00,0.0
2018-03-11 10:00:00,20.6
2018-03-11 11:00:00,223.45
2018-03-11 12:00:00,492.525
2018-03-11 13:00:00,725.30002
2018-03-11 14:00:00,892.0500099999999
2018-03-11 15:00:00,997.4000100000001
2018-03-11 16:00:00,993.0
2018-03-11 17:00:00,798.77501
2018-03-11 18:00:00,710.8499999999999
2018-03-11 19:00:00,730.5250100000001
2018-03-11 20:00:00,525.675
2018-03-11 21:00:00,230.75
2018-03-11 22:00:00,49.80000025
2018-03-11 23:00:00,0.0
2018-03-12 00:00:00,0.0
2018-03-12 01:00:00,0.0
2018-03-12 02:00:00,0.0
2018-03-12 03:00:00,0.0
2018-03-12 04:00:00,0.0
2018-03-12 05:00:00,0.0
2018-03-12 06:00:00,0.0
2018-03-12 07:00:00,0.0
2018-03-12 08:00:00,0.0
2018-03-12 09:00:00,0.0
2018-03-12 10:00:00,20.75
2018-03-12 11:00:00,216.175
2018-03-12 12:00:00,467.67501
2018-03-12 13:00:00,715.60001
2018-03-12 14:00:00,904.05
2018-03-12 15:00:00,1027.825
2018-03-12 16:00:00,1076.1750000000002
2018-03-12 17:00:00,1046.275
2018-03-12 18:00:00,938.6500100000001
2018-03-12 19:00:00,762.97502
2018-03-12 20:00:00,534.750005
2018-03-12 21:00:00,266.375
2018-03-12 22:00:00,41.425000250000004
2018-03-12 23:00:00,0.0
2018-03-13 00:00:00,0.0
2018-03-13 01:00:00,0.0
2018-03-13 02:00:00,0.0
2018-03-13 03:00:00,0.0
2018-03-13 04:00:00,0.0
2018-03-13 05:00:00,0.0
2018-03-13 06:00:00,0.0
2018-03-13 07:00:00,0.0
2018-03-13 08:00:00,0.0
2018-03-13 09:00:00,0.0
2018-03-13 10:00:00,15.975000000000001
2018-03-13 11:00:00,209.6500025
2018-03-13 12:00:00,469.65
2018-03-13 13:00:00,703.25
2018-03-13 14:00:00,887.85001
2018-03-13 15:00:00,1001.850025
2018-03-13 16:00:00,1050.200025
2018-03-13 17:00:00,981.325
2018-03-13 18:00:00,904.25
2018-03-13 19:00:00,739.9000100000001
2018-03-13 20:00:00,513.200015
2018-03-13 21:00:00,263.55
2018-03-13 22:00:00,40.8
2018-03-13 23:00:00,0.0
2018-03-14 00:00:00,0.0
2018-03-14 01:00:00,0.0
2018-03-14 02:00:00,0.0
2018-03-14 03:00:00,0.0
2018-03-14 04:00:00,0.0
2018-03-14 05:00:00,0.0
2018-03-14 06:00:00,0.0
2018-03-14 07:00:00,0.0
2018-03-14 08:00:00,0.0
2018-03-14 09:00:00,0.0
2018-03-14 10:00:00,17.825
2018-03-14 11:00:00,212.25000500000002
2018-03-14 12:00:00,475.475
2018-03-14 13:00:00,710.525
2018-03-14 14:00:00,897.37501
2018-03-14 15:00:00,1018.6750099999999
2018-03-14 16:00:00,1063.875025
2018-03-14 17:00:00,1029.7750350000001
2018-03-14 18:00:00,916.9000100000001
2018-03-14 19:00:00,742.82502
2018-03-14 20:00:00,516.675005
2018-03-14 21:00:00,260.4750075
2018-03-14 22:00:00,27.150000075
2018-03-14 23:00:00,0.0
2018-03-15 00:00:00,0.0
2018-03-15 01:00:00,0.0
2018-03-15 02:00:00,0.0
2018-03-15 03:00:00,0.0
2018-03-15 04:00:00,0.0
2018-03-15 05:00:00,0.0
2018-03-15 06:00:00,0.0
2018-03-15 07:00:00,0.0
2018-03-15 08:00:00,0.0
2018-03-15 09:00:00,0.0
2018-03-15 10:00:00,16.1750005
2018-03-15 11:00:00,203.7250075
2018-03-15 12:00:00,447.625
2018-03-15 13:00:00,681.47501
2018-03-15 14:00:00,810.025
2018-03-15 15:00:00,696.6
2018-03-15 16:00:00,464.07501
2018-03-15 17:00:00,417.600015
2018-03-15 18:00:00,451.425
2018-03-15 19:00:00,478.850005
2018-03-15 20:00:00,251.300005
2018-03-15 21:00:00,62.90000125
2018-03-15 22:00:00,11.95
2018-03-15 23:00:00,0.0
2018-03-16 00:00:00,0.0
2018-03-16 01:00:00,0.0
2018-03-16 02:00:00,0.0
2018-03-16 03:00:00,0.0
2018-03-16 04:00:00,0.0
2018-03-16 05:00:00,0.0
2018-03-16 06:00:00,0.0
2018-03-16 07:00:00,0.0
2018-03-16 08:00:00,0.0
2018-03-16 09:00:00,0.0
2018-03-16 10:00:00,16.7750005
2018-03-16 11:00:00,210.725
2018-03-16 12:00:00,472.20001
2018-03-16 13:00:00,707.9
2018-03-16 14:00:00,893.875
2018-03-16 15:00:00,1013.725025
2018-03-16 16:00:00,1059.925
2018-03-16 17:00:00,1026.4
2018-03-16 18:00:00,910.12501
2018-03-16 19:00:00,608.575
2018-03-16 20:00:00,387.47501
2018-03-16 21:00:00,230.975
2018-03-16 22:00:00,22.550000500000003
2018-03-16 23:00:00,0.0
2018-03-17 00:00:00,0.0
2018-03-17 01:00:00,0.0
2018-03-17 02:00:00,0.0
2018-03-17 03:00:00,0.0
2018-03-17 04:00:00,0.0
2018-03-17 05:00:00,0.0
2018-03-17 06:00:00,0.0
2018-03-17 07:00:00,0.0
2018-03-17 08:00:00,0.0
2018-03-17 09:00:00,0.0
2018-03-17 10:00:00,16.2
2018-03-17 11:00:00,206.10000000000002
2018-03-17 12:00:00,469.52502000000004
2018-03-17 13:00:00,703.27501
2018-03-17 14:00:00,886.82501
2018-03-17 15:00:00,1003.775
2018-03-17 16:00:00,1046.875075
2018-03-17 17:00:00,1012.95001
2018-03-17 18:00:00,904.775
2018-03-17 19:00:00,732.0250100000001
2018-03-17 20:00:00,505.95000500000003
2018-03-17 21:00:00,215.325
2018-03-17 22:00:00,23.7750005
2018-03-17 23:00:00,0.0
2018-03-18 00:00:00,0.0
2018-03-18 01:00:00,0.0
2018-03-18 02:00:00,0.0
2018-03-18 03:00:00,0.0
2018-03-18 04:00:00,0.0
2018-03-18 05:00:00,0.0
2018-03-18 06:00:00,0.0
2018-03-18 07:00:00,0.0
2018-03-18 08:00:00,0.0
2018-03-18 09:00:00,0.0
2018-03-18 10:00:00,10.575
2018-03-18 11:00:00,206.3250025
2018-03-18 12:00:00,463.0
2018-03-18 13:00:00,693.62502
2018-03-18 14:00:00,875.3000099999999
2018-03-18 15:00:00,991.3
2018-03-18 16:00:00,1034.475
2018-03-18 17:00:00,999.4000100000001
2018-03-18 18:00:00,790.6000200000001
2018-03-18 19:00:00,459.75
2018-03-18 20:00:00,174.95000249999998
2018-03-18 21:00:00,116.27500125
2018-03-18 22:00:00,14.100000000000001
2018-03-18 23:00:00,0.0
2018-03-19 00:00:00,0.0
2018-03-19 01:00:00,0.0
2018-03-19 02:00:00,0.0
2018-03-19 03:00:00,0.0
2018-03-19 04:00:00,0.0
2018-03-19 05:00:00,0.0
2018-03-19 06:00:00,0.0
2018-03-19 07:00:00,0.0
2018-03-19 08:00:00,0.0
2018-03-19 09:00:00,0.0
2018-03-19 10:00:00,12.225
2018-03-19 11:00:00,155.62500125
2018-03-19 12:00:00,342.100005
2018-03-19 13:00:00,511.2
2018-03-19 14:00:00,650.72501
2018-03-19 15:00:00,835.0250100000001
2018-03-19 16:00:00,971.1
2018-03-19 17:00:00,982.37501
2018-03-19 18:00:00,874.5250100000001
2018-03-19 19:00:00,652.70001
2018-03-19 20:00:00,477.125005
2018-03-19 21:00:00,78.2
2018-03-19 22:00:00,0.0
2018-03-19 23:00:00,0.0
2018-03-20 00:00:00,0.0
2018-03-20 01:00:00,0.0
2018-03-20 02:00:00,0.0
2018-03-20 03:00:00,0.0
2018-03-20 04:00:00,0.0
2018-03-20 05:00:00,0.0
2018-03-20 06:00:00,0.0
2018-03-20 07:00:00,0.0
2018-03-20 08:00:00,0.0
2018-03-20 09:00:00,0.0
2018-03-20 10:00:00,13.550000075
2018-03-20 11:00:00,191.7
2018-03-20 12:00:00,451.575
2018-03-20 13:00:00,683.2750100000001
2018-03-20 14:00:00,849.3
2018-03-20 15:00:00,947.72502
2018-03-20 16:00:00,975.15001
2018-03-20 17:00:00,906.9000000000001
2018-03-20 18:00:00,876.00001
2018-03-20 19:00:00,697.90002
2018-03-20 20:00:00,322.550005
2018-03-20 21:00:00,94.0750005
2018-03-20 22:00:00,14.55000025
2018-03-20 23:00:00,0.0
2018-03-21 00:00:00,0.0
2018-03-21 01:00:00,0.0
2018-03-21 02:00:00,0.0
2018-03-21 03:00:00,0.0
2018-03-21 04:00:00,0.0
2018-03-21 05:00:00,0.0
2018-03-21 06:00:00,0.0
2018-03-21 07:00:00,0.0
2018-03-21 08:00:00,0.0
2018-03-21 09:00:00,0.0
2018-03-21 10:00:00,13.9750005
2018-03-21 11:00:00,170.325
2018-03-21 12:00:00,408.550005
2018-03-21 13:00:00,633.175
2018-03-21 14:00:00,823.55003
2018-03-21 15:00:00,981.15003
2018-03-21 16:00:00,1035.800025
2018-03-21 17:00:00,992.025
2018-03-21 18:00:00,887.20002
2018-03-21 19:00:00,710.15002
2018-03-21 20:00:00,476.75
2018-03-21 21:00:00,217.8250025
2018-03-21 22:00:00,26.425000250000004
2018-03-21 23:00:00,0.0
2018-03-22 00:00:00,0.0
2018-03-22 01:00:00,0.0
2018-03-22 02:00:00,0.0
2018-03-22 03:00:00,0.0
2018-03-22 04:00:00,0.0
2018-03-22 05:00:00,0.0
2018-03-22 06:00:00,0.0
2018-03-22 07:00:00,0.0
2018-03-22 08:00:00,0.0
2018-03-22 09:00:00,0.0
2018-03-22 10:00:00,13.925000500000001
2018-03-22 11:00:00,200.75
2018-03-22 12:00:00,460.725
2018-03-22 13:00:00,696.75001
2018-03-22 14:00:00,881.95
2018-03-22 15:00:00,1003.3
2018-03-22 16:00:00,1046.525025
2018-03-22 17:00:00,1011.200045
2018-03-22 18:00:00,890.87502
2018-03-22 19:00:00,708.5250100000001
2018-03-22 20:00:00,478.70001
2018-03-22 21:00:00,223.1750025
2018-03-22 22:00:00,22.775
2018-03-22 23:00:00,0.0
2018-03-23 00:00:00,0.0
2018-03-23 01:00:00,0.0
2018-03-23 02:00:00,0.0
2018-03-23 03:00:00,0.0
2018-03-23 04:00:00,0.0
2018-03-23 05:00:00,0.0
2018-03-23 06:00:00,0.0
2018-03-23 07:00:00,0.0
2018-03-23 08:00:00,0.0
2018-03-23 09:00:00,0.0
2018-03-23 10:00:00,12.325
2018-03-23 11:00:00,193.425
2018-03-23 12:00:00,467.95001
2018-03-23 13:00:00,705.9250099999999
2018-03-23 14:00:00,891.65002
2018-03-23 15:00:00,1010.625
2018-03-23 16:00:00,1052.45
2018-03-23 17:00:00,1014.17505
2018-03-23 18:00:00,897.95
2018-03-23 19:00:00,717.75001
2018-03-23 20:00:00,486.800005
2018-03-23 21:00:00,230.22500000000002
2018-03-23 22:00:00,23.4
2018-03-23 23:00:00,0.0
2018-03-24 00:00:00,0.0
2018-03-24 01:00:00,0.0
2018-03-24 02:00:00,0.0
2018-03-24 03:00:00,0.0
2018-03-24 04:00:00,0.0
2018-03-24 05:00:00,0.0
2018-03-24 06:00:00,0.0
2018-03-24 07:00:00,0.0
2018-03-24 08:00:00,0.0
2018-03-24 09:00:00,0.0
2018-03-24 10:00:00,12.774999999999999
2018-03-24 11:00:00,196.2250075
2018-03-24 12:00:00,464.55
2018-03-24 13:00:00,700.15
2018-03-24 14:00:00,885.475
2018-03-24 15:00:00,924.125
2018-03-24 16:00:00,668.0
2018-03-24 17:00:00,503.22501
2018-03-24 18:00:00,498.450015
2018-03-24 19:00:00,411.425
2018-03-24 20:00:00,246.5
2018-03-24 21:00:00,120.55000000000001
2018-03-24 22:00:00,10.45
2018-03-24 23:00:00,0.0
2018-03-25 00:00:00,0.0
2018-03-25 01:00:00,0.0
2018-03-25 02:00:00,0.0
2018-03-25 03:00:00,0.0
2018-03-25 04:00:00,0.0
2018-03-25 05:00:00,0.0
2018-03-25 06:00:00,0.0
2018-03-25 07:00:00,0.0
2018-03-25 08:00:00,0.0
2018-03-25 09:00:00,0.0
2018-03-25 10:00:00,11.424999999999999
2018-03-25 11:00:00,187.65000750000002
2018-03-25 12:00:00,376.80001000000004
2018-03-25 13:00:00,540.575005
2018-03-25 14:00:00,610.9000100000001
2018-03-25 15:00:00,780.175
2018-03-25 16:00:00,748.92501
2018-03-25 17:00:00,475.25
2018-03-25 18:00:00,534.22501
2018-03-25 19:00:00,422.075
2018-03-25 20:00:00,212.0500075
2018-03-25 21:00:00,125.0500075
2018-03-25 22:00:00,16.625
2018-03-25 23:00:00,0.0
2018-03-26 00:00:00,0.0
2018-03-26 01:00:00,0.0
2018-03-26 02:00:00,0.0
2018-03-26 03:00:00,0.0
2018-03-26 04:00:00,0.0
2018-03-26 05:00:00,0.0
2018-03-26 06:00:00,0.0
2018-03-26 07:00:00,0.0
2018-03-26 08:00:00,0.0
2018-03-26 09:00:00,0.0
2018-03-26 10:00:00,11.55
2018-03-26 11:00:00,186.1750025
2018-03-26 12:00:00,455.20000500000003
2018-03-26 13:00:00,690.07502
2018-03-26 14:00:00,873.55
2018-03-26 15:00:00,990.4750200000001
2018-03-26 16:00:00,1032.650075
2018-03-26 17:00:00,995.72501
2018-03-26 18:00:00,876.85
2018-03-26 19:00:00,695.225
2018-03-26 20:00:00,463.100005
2018-03-26 21:00:00,207.7000075
2018-03-26 22:00:00,17.1
2018-03-26 23:00:00,0.0
2018-03-27 00:00:00,0.0
2018-03-27 01:00:00,0.0
2018-03-27 02:00:00,0.0
2018-03-27 03:00:00,0.0
2018-03-27 04:00:00,0.0
2018-03-27 05:00:00,0.0
2018-03-27 06:00:00,0.0
2018-03-27 07:00:00,0.0
2018-03-27 08:00:00,0.0
2018-03-27 09:00:00,0.0
2018-03-27 10:00:00,4.07500025
2018-03-27 11:00:00,154.825
2018-03-27 12:00:00,417.45001
2018-03-27 13:00:00,621.0
2018-03-27 14:00:00,792.6500100000001
2018-03-27 15:00:00,893.92501
2018-03-27 16:00:00,619.72501
2018-03-27 17:00:00,405.025
2018-03-27 18:00:00,546.2750100000001
2018-03-27 19:00:00,376.675
2018-03-27 20:00:00,152.87500375000002
2018-03-27 21:00:00,28.900001250000003
2018-03-27 22:00:00,2.175
2018-03-27 23:00:00,0.0
2018-03-28 00:00:00,0.0
2018-03-28 01:00:00,0.0
2018-03-28 02:00:00,0.0
2018-03-28 03:00:00,0.0
2018-03-28 04:00:00,0.0
2018-03-28 05:00:00,0.0
2018-03-28 06:00:00,0.0
2018-03-28 07:00:00,0.0
2018-03-28 08:00:00,0.0
2018-03-28 09:00:00,0.0
2018-03-28 10:00:00,8.775
2018-03-28 11:00:00,163.2000025
2018-03-28 12:00:00,334.625005
2018-03-28 13:00:00,422.45
2018-03-28 14:00:00,545.87501
2018-03-28 15:00:00,702.8500200000001
2018-03-28 16:00:00,643.55001
2018-03-28 17:00:00,627.55
2018-03-28 18:00:00,658.5
2018-03-28 19:00:00,543.22501
2018-03-28 20:00:00,322.3750025
2018-03-28 21:00:00,56.974999999999994
2018-03-28 22:00:00,1.775
2018-03-28 23:00:00,0.0
2018-03-29 00:00:00,0.0
2018-03-29 01:00:00,0.0
2018-03-29 02:00:00,0.0
2018-03-29 03:00:00,0.0
2018-03-29 04:00:00,0.0
2018-03-29 05:00:00,0.0
2018-03-29 06:00:00,0.0
2018-03-29 07:00:00,0.0
2018-03-29 08:00:00,0.0
2018-03-29 09:00:00,0.0
2018-03-29 10:00:00,6.5
2018-03-29 11:00:00,108.25
2018-03-29 12:00:00,339.825005
2018-03-29 13:00:00,551.7750100000001
2018-03-29 14:00:00,579.87502
2018-03-29 15:00:00,570.82501
2018-03-29 16:00:00,491.225015
2018-03-29 17:00:00,436.950015
2018-03-29 18:00:00,497.82500000000005
2018-03-29 19:00:00,412.500005
2018-03-29 20:00:00,166.9000025
2018-03-29 21:00:00,21.25
2018-03-29 22:00:00,0.0
2018-03-29 23:00:00,0.0
2018-03-30 00:00:00,0.0
2018-03-30 01:00:00,0.0
2018-03-30 02:00:00,0.0
2018-03-30 03:00:00,0.0
2018-03-30 04:00:00,0.0
2018-03-30 05:00:00,0.0
2018-03-30 06:00:00,0.0
2018-03-30 07:00:00,0.0
2018-03-30 08:00:00,0.0
2018-03-30 09:00:00,0.0
2018-03-30 10:00:00,9.3
2018-03-30 11:00:00,135.325
2018-03-30 12:00:00,380.77500499999996
2018-03-30 13:00:00,588.025
2018-03-30 14:00:00,681.5
2018-03-30 15:00:00,663.1500100000001
2018-03-30 16:00:00,569.80001
2018-03-30 17:00:00,468.900005
2018-03-30 18:00:00,350.15000499999996
2018-03-30 19:00:00,418.375005
2018-03-30 20:00:00,443.35
2018-03-30 21:00:00,188.750005
2018-03-30 22:00:00,0.0
2018-03-30 23:00:00,0.0
2018-03-31 00:00:00,0.0
2018-03-31 01:00:00,0.0
2018-03-31 02:00:00,0.0
2018-03-31 03:00:00,0.0
2018-03-31 04:00:00,0.0
2018-03-31 05:00:00,0.0
2018-03-31 06:00:00,0.0
2018-03-31 07:00:00,0.0
2018-03-31 08:00:00,0.0
2018-03-31 09:00:00,0.0
2018-03-31 10:00:00,9.1500005
2018-03-31 11:00:00,165.2
2018-03-31 12:00:00,413.325
2018-03-31 13:00:00,637.75
2018-03-31 14:00:00,751.45001
2018-03-31 15:00:00,730.40001
2018-03-31 16:00:00,750.25
2018-03-31 17:00:00,721.70002
2018-03-31 18:00:00,680.07502
2018-03-31 19:00:00,537.1250150000001
2018-03-31 20:00:00,380.175005
2018-03-31 21:00:00,178.525
2018-03-31 22:00:00,9.375
2018-03-31 23:00:00,0.0
2018-04-01 00:00:00,0.0
2018-04-01 01:00:00,0.0
2018-04-01 02:00:00,0.0
2018-04-01 03:00:00,0.0
2018-04-01 04:00:00,0.0
2018-04-01 05:00:00,0.0
2018-04-01 06:00:00,0.0
2018-04-01 07:00:00,0.0
2018-04-01 08:00:00,0.0
2018-04-01 09:00:00,0.0
2018-04-01 10:00:00,7.1
2018-04-01 11:00:00,150.32500125
2018-04-01 12:00:00,426.95001
2018-04-01 13:00:00,591.85001
2018-04-01 14:00:00,535.075
2018-04-01 15:00:00,527.575
2018-04-01 16:00:00,402.000005
2018-04-01 17:00:00,800.20001
2018-04-01 18:00:00,509.625
2018-04-01 19:00:00,346.37500750000004
2018-04-01 20:00:00,178.4250025
2018-04-01 21:00:00,61.575
2018-04-01 22:00:00,0.0
2018-04-01 23:00:00,0.0
2018-04-02 00:00:00,0.0
2018-04-02 01:00:00,0.0
2018-04-02 02:00:00,0.0
2018-04-02 03:00:00,0.0
2018-04-02 04:00:00,0.0
2018-04-02 05:00:00,0.0
2018-04-02 06:00:00,0.0
2018-04-02 07:00:00,0.0
2018-04-02 08:00:00,0.0
2018-04-02 09:00:00,0.0
2018-04-02 10:00:00,8.6
2018-04-02 11:00:00,142.97500000000002
2018-04-02 12:00:00,391.775005
2018-04-02 13:00:00,624.0
2018-04-02 14:00:00,665.00001
2018-04-02 15:00:00,706.6500100000001
2018-04-02 16:00:00,693.35
2018-04-02 17:00:00,703.475
2018-04-02 18:00:00,636.60001
2018-04-02 19:00:00,464.82500500000003
2018-04-02 20:00:00,296.975005
2018-04-02 21:00:00,151.57500625
2018-04-02 22:00:00,8.05
2018-04-02 23:00:00,0.0
2018-04-03 00:00:00,0.0
2018-04-03 01:00:00,0.0
2018-04-03 02:00:00,0.0
2018-04-03 03:00:00,0.0
2018-04-03 04:00:00,0.0
2018-04-03 05:00:00,0.0
2018-04-03 06:00:00,0.0
2018-04-03 07:00:00,0.0
2018-04-03 08:00:00,0.0
2018-04-03 09:00:00,0.0
2018-04-03 10:00:00,8.05
2018-04-03 11:00:00,160.600005
2018-04-03 12:00:00,430.925
2018-04-03 13:00:00,670.37501
2018-04-03 14:00:00,852.07501
2018-04-03 15:00:00,935.0250100000001
2018-04-03 16:00:00,885.0500099999999
2018-04-03 17:00:00,861.22502
2018-04-03 18:00:00,673.7750100000001
2018-04-03 19:00:00,557.62501
2018-04-03 20:00:00,422.100005
2018-04-03 21:00:00,167.775005
2018-04-03 22:00:00,7.175
2018-04-03 23:00:00,0.0
2018-04-04 00:00:00,0.0
2018-04-04 01:00:00,0.0
2018-04-04 02:00:00,0.0
2018-04-04 03:00:00,0.0
2018-04-04 04:00:00,0.0
2018-04-04 05:00:00,0.0
2018-04-04 06:00:00,0.0
2018-04-04 07:00:00,0.0
2018-04-04 08:00:00,0.0
2018-04-04 09:00:00,0.0
2018-04-04 10:00:00,
2018-04-04 11:00:00,271.4
2018-04-04 12:00:00,419.625
2018-04-04 13:00:00,650.95001
2018-04-04 14:00:00,832.65
2018-04-04 15:00:00,941.35001
2018-04-04 16:00:00,806.85
2018-04-04 17:00:00,636.45
2018-04-04 18:00:00,596.9250099999999
2018-04-04 19:00:00,534.4250099999999
2018-04-04 20:00:00,410.575
2018-04-04 21:00:00,161.0500025
2018-04-04 22:00:00,6.275
2018-04-04 23:00:00,0.0
2018-04-05 00:00:00,0.0
2018-04-05 01:00:00,0.0
2018-04-05 02:00:00,0.0
2018-04-05 03:00:00,0.0
2018-04-05 04:00:00,0.0
2018-04-05 05:00:00,0.0
2018-04-05 06:00:00,0.0
2018-04-05 07:00:00,0.0
2018-04-05 08:00:00,0.0
2018-04-05 09:00:00,0.0
2018-04-05 10:00:00,7.5
2018-04-05 11:00:00,173.1500025
2018-04-05 12:00:00,435.775
2018-04-05 13:00:00,668.85002
2018-04-05 14:00:00,850.2750100000001
2018-04-05 15:00:00,964.125
2018-04-05 16:00:00,1001.45001
2018-04-05 17:00:00,957.075
2018-04-05 18:00:00,831.82501
2018-04-05 19:00:00,647.4000100000001
2018-04-05 20:00:00,415.75001
2018-04-05 21:00:00,156.60000125
2018-04-05 22:00:00,5.57500025
2018-04-05 23:00:00,0.0
2018-04-06 00:00:00,0.0
2018-04-06 01:00:00,0.0
2018-04-06 02:00:00,0.0
2018-04-06 03:00:00,0.0
2018-04-06 04:00:00,0.0
2018-04-06 05:00:00,0.0
2018-04-06 06:00:00,0.0
2018-04-06 07:00:00,0.0
2018-04-06 08:00:00,0.0
2018-04-06 09:00:00,0.0
2018-04-06 10:00:00,6.625
2018-04-06 11:00:00,165.25000625
2018-04-06 12:00:00,421.325
2018-04-06 13:00:00,655.57501
2018-04-06 14:00:00,839.75
2018-04-06 15:00:00,953.00001
2018-04-06 16:00:00,990.82501
2018-04-06 17:00:00,945.62501
2018-04-06 18:00:00,821.55
2018-04-06 19:00:00,634.97502
2018-04-06 20:00:00,402.04999999999995
2018-04-06 21:00:00,146.725
2018-04-06 22:00:00,4.625
2018-04-06 23:00:00,0.0
2018-04-07 00:00:00,0.0
2018-04-07 01:00:00,0.0
2018-04-07 02:00:00,0.0
2018-04-07 03:00:00,0.0
2018-04-07 04:00:00,0.0
2018-04-07 05:00:00,0.0
2018-04-07 06:00:00,0.0
2018-04-07 07:00:00,0.0
2018-04-07 08:00:00,0.0
2018-04-07 09:00:00,0.0
2018-04-07 10:00:00,7.025
2018-04-07 11:00:00,170.975
2018-04-07 12:00:00,436.5
2018-04-07 13:00:00,670.25001
2018-04-07 14:00:00,847.60002
2018-04-07 15:00:00,906.97501
2018-04-07 16:00:00,779.175
2018-04-07 17:00:00,645.8499999999999
2018-04-07 18:00:00,708.12502
2018-04-07 19:00:00,535.55001
2018-04-07 20:00:00,326.25
2018-04-07 21:00:00,84.55
2018-04-07 22:00:00,4.5
2018-04-07 23:00:00,0.0
2018-04-08 00:00:00,0.0
2018-04-08 01:00:00,0.0
2018-04-08 02:00:00,0.0
2018-04-08 03:00:00,0.0
2018-04-08 04:00:00,0.0
2018-04-08 05:00:00,0.0
2018-04-08 06:00:00,0.0
2018-04-08 07:00:00,0.0
2018-04-08 08:00:00,0.0
2018-04-08 09:00:00,0.0
2018-04-08 10:00:00,5.9
2018-04-08 11:00:00,159.9250025
2018-04-08 12:00:00,405.75
2018-04-08 13:00:00,619.6500100000001
2018-04-08 14:00:00,802.15
2018-04-08 15:00:00,910.75
2018-04-08 16:00:00,954.85001
2018-04-08 17:00:00,912.15
2018-04-08 18:00:00,789.625
2018-04-08 19:00:00,599.67501
2018-04-08 20:00:00,371.775005
2018-04-08 21:00:00,132.7500005
2018-04-08 22:00:00,3.75
2018-04-08 23:00:00,0.0
2018-04-09 00:00:00,0.0
2018-04-09 01:00:00,0.0
2018-04-09 02:00:00,0.0
2018-04-09 03:00:00,0.0
2018-04-09 04:00:00,0.0
2018-04-09 05:00:00,0.0
2018-04-09 06:00:00,0.0
2018-04-09 07:00:00,0.0
2018-04-09 08:00:00,0.0
2018-04-09 09:00:00,0.0
2018-04-09 10:00:00,5.225
2018-04-09 11:00:00,134.57500249999998
2018-04-09 12:00:00,388.5
2018-04-09 13:00:00,623.05
2018-04-09 14:00:00,797.25
2018-04-09 15:00:00,908.25001
2018-04-09 16:00:00,945.175
2018-04-09 17:00:00,860.25
2018-04-09 18:00:00,785.50001
2018-04-09 19:00:00,592.625
2018-04-09 20:00:00,383.72501
2018-04-09 21:00:00,73.15
2018-04-09 22:00:00,0.0
2018-04-09 23:00:00,0.0
2018-04-10 00:00:00,0.0
2018-04-10 01:00:00,0.0
2018-04-10 02:00:00,0.0
2018-04-10 03:00:00,0.0
2018-04-10 04:00:00,0.0
2018-04-10 05:00:00,0.0
2018-04-10 06:00:00,0.0
2018-04-10 07:00:00,0.0
2018-04-10 08:00:00,0.0
2018-04-10 09:00:00,0.0
2018-04-10 10:00:00,4.70000025
2018-04-10 11:00:00,145.90000175
2018-04-10 12:00:00,393.475
2018-04-10 13:00:00,616.42502
2018-04-10 14:00:00,790.175
2018-04-10 15:00:00,902.75001
2018-04-10 16:00:00,939.00001
2018-04-10 17:00:00,898.25001
2018-04-10 18:00:00,782.5250100000001
2018-04-10 19:00:00,605.00001
2018-04-10 20:00:00,379.175005
2018-04-10 21:00:00,129.1750005
2018-04-10 22:00:00,2.47500025
2018-04-10 23:00:00,0.0
2018-04-11 00:00:00,0.0
2018-04-11 01:00:00,0.0
2018-04-11 02:00:00,0.0
2018-04-11 03:00:00,0.0
2018-04-11 04:00:00,0.0
2018-04-11 05:00:00,0.0
2018-04-11 06:00:00,0.0
2018-04-11 07:00:00,0.0
2018-04-11 08:00:00,0.0
2018-04-11 09:00:00,0.0
2018-04-11 10:00:00,0.650000025
2018-04-11 11:00:00,149.025
2018-04-11 12:00:00,411.37501
2018-04-11 13:00:00,639.2
2018-04-11 14:00:00,817.02503
2018-04-11 15:00:00,928.7
2018-04-11 16:00:00,964.025
2018-04-11 17:00:00,921.20002
2018-04-11 18:00:00,804.55
2018-04-11 19:00:00,622.6500100000001
2018-04-11 20:00:00,360.250005
2018-04-11 21:00:00,90.25000375
2018-04-11 22:00:00,1.625
2018-04-11 23:00:00,0.0
2018-04-12 00:00:00,0.0
2018-04-12 01:00:00,0.0
2018-04-12 02:00:00,0.0
2018-04-12 03:00:00,0.0
2018-04-12 04:00:00,0.0
2018-04-12 05:00:00,0.0
2018-04-12 06:00:00,0.0
2018-04-12 07:00:00,0.0
2018-04-12 08:00:00,0.0
2018-04-12 09:00:00,0.0
2018-04-12 10:00:00,4.675
2018-04-12 11:00:00,149.05000125
2018-04-12 12:00:00,401.625
2018-04-12 13:00:00,607.92502
2018-04-12 14:00:00,737.95002
2018-04-12 15:00:00,853.05002
2018-04-12 16:00:00,567.075005
2018-04-12 17:00:00,262.5
2018-04-12 18:00:00,211.950005
2018-04-12 19:00:00,276.675005
2018-04-12 20:00:00,211.125
2018-04-12 21:00:00,49.1
2018-04-12 22:00:00,0.0
2018-04-12 23:00:00,0.0
2018-04-13 00:00:00,0.0
2018-04-13 01:00:00,0.0
2018-04-13 02:00:00,0.0
2018-04-13 03:00:00,0.0
2018-04-13 04:00:00,0.0
2018-04-13 05:00:00,0.0
2018-04-13 06:00:00,0.0
2018-04-13 07:00:00,0.0
2018-04-13 08:00:00,0.0
2018-04-13 09:00:00,0.0
2018-04-13 10:00:00,4.45000025
2018-04-13 11:00:00,143.400003
2018-04-13 12:00:00,363.20000500000003
2018-04-13 13:00:00,554.075005
2018-04-13 14:00:00,744.4000100000001
2018-04-13 15:00:00,867.32503
2018-04-13 16:00:00,927.35001
2018-04-13 17:00:00,886.70001
2018-04-13 18:00:00,773.50001
2018-04-13 19:00:00,596.4
2018-04-13 20:00:00,373.700005
2018-04-13 21:00:00,28.725
2018-04-13 22:00:00,0.0
2018-04-13 23:00:00,0.0
2018-04-14 00:00:00,0.0
2018-04-14 01:00:00,0.0
2018-04-14 02:00:00,0.0
2018-04-14 03:00:00,0.0
2018-04-14 04:00:00,0.0
2018-04-14 05:00:00,0.0
2018-04-14 06:00:00,0.0
2018-04-14 07:00:00,0.0
2018-04-14 08:00:00,0.0
2018-04-14 09:00:00,0.0
2018-04-14 10:00:00,4.4
2018-04-14 11:00:00,150.2500005
2018-04-14 12:00:00,399.82500500000003
2018-04-14 13:00:00,619.0
2018-04-14 14:00:00,789.675
2018-04-14 15:00:00,895.90002
2018-04-14 16:00:00,931.875
2018-04-14 17:00:00,890.125
2018-04-14 18:00:00,771.12501
2018-04-14 19:00:00,593.77501
2018-04-14 20:00:00,371.70000500000003
2018-04-14 21:00:00,130.47500250000002
2018-04-14 22:00:00,1.0
2018-04-14 23:00:00,0.0
2018-04-15 00:00:00,0.0
2018-04-15 01:00:00,0.0
2018-04-15 02:00:00,0.0
2018-04-15 03:00:00,0.0
2018-04-15 04:00:00,0.0
2018-04-15 05:00:00,0.0
2018-04-15 06:00:00,0.0
2018-04-15 07:00:00,0.0
2018-04-15 08:00:00,0.0
2018-04-15 09:00:00,0.0
2018-04-15 10:00:00,4.35
2018-04-15 11:00:00,149.2
2018-04-15 12:00:00,385.09999999999997
2018-04-15 13:00:00,602.95001
2018-04-15 14:00:00,772.52502
2018-04-15 15:00:00,879.85
2018-04-15 16:00:00,913.875
2018-04-15 17:00:00,872.425
2018-04-15 18:00:00,757.6
2018-04-15 19:00:00,582.6
2018-04-15 20:00:00,361.250005
2018-04-15 21:00:00,121.9250055
2018-04-15 22:00:00,0.5
2018-04-15 23:00:00,0.0
2018-04-16 00:00:00,0.0
2018-04-16 01:00:00,0.0
2018-04-16 02:00:00,0.0
2018-04-16 03:00:00,0.0
2018-04-16 04:00:00,0.0
2018-04-16 05:00:00,0.0
2018-04-16 06:00:00,0.0
2018-04-16 07:00:00,0.0
2018-04-16 08:00:00,0.0
2018-04-16 09:00:00,0.0
2018-04-16 10:00:00,4.15
2018-04-16 11:00:00,153.075
2018-04-16 12:00:00,397.925005
2018-04-16 13:00:00,619.375
2018-04-16 14:00:00,791.25001
2018-04-16 15:00:00,899.37501
2018-04-16 16:00:00,931.875
2018-04-16 17:00:00,887.12501
2018-04-16 18:00:00,770.57502
2018-04-16 19:00:00,595.45001
2018-04-16 20:00:00,372.825
2018-04-16 21:00:00,127.30000050000001
2018-04-16 22:00:00,0.175
2018-04-16 23:00:00,0.0
2018-04-17 00:00:00,0.0
2018-04-17 01:00:00,0.0
2018-04-17 02:00:00,0.0
2018-04-17 03:00:00,0.0
2018-04-17 04:00:00,0.0
2018-04-17 05:00:00,0.0
2018-04-17 06:00:00,0.0
2018-04-17 07:00:00,0.0
2018-04-17 08:00:00,0.0
2018-04-17 09:00:00,0.0
2018-04-17 10:00:00,4.1
2018-04-17 11:00:00,160.025
2018-04-17 12:00:00,412.30001000000004
2018-04-17 13:00:00,636.9499999999999
2018-04-17 14:00:00,809.0250000000001
2018-04-17 15:00:00,914.8
2018-04-17 16:00:00,947.70002
2018-04-17 17:00:00,905.375
2018-04-17 18:00:00,789.525
2018-04-17 19:00:00,609.175
2018-04-17 20:00:00,379.625005
2018-04-17 21:00:00,128.77500375
2018-04-17 22:00:00,0.0
2018-04-17 23:00:00,0.0
2018-04-18 00:00:00,0.0
2018-04-18 01:00:00,0.0
2018-04-18 02:00:00,0.0
2018-04-18 03:00:00,0.0
2018-04-18 04:00:00,0.0
2018-04-18 05:00:00,0.0
2018-04-18 06:00:00,0.0
2018-04-18 07:00:00,0.0
2018-04-18 08:00:00,0.0
2018-04-18 09:00:00,0.0
2018-04-18 10:00:00,3.72500025
2018-04-18 11:00:00,154.175
2018-04-18 12:00:00,397.600005
2018-04-18 13:00:00,619.375
2018-04-18 14:00:00,790.875
2018-04-18 15:00:00,896.15
2018-04-18 16:00:00,927.77503
2018-04-18 17:00:00,882.5
2018-04-18 18:00:00,761.05001
2018-04-18 19:00:00,580.92501
2018-04-18 20:00:00,356.175
2018-04-18 21:00:00,115.525
2018-04-18 22:00:00,0.0
2018-04-18 23:00:00,0.0
2018-04-19 00:00:00,0.0
2018-04-19 01:00:00,0.0
2018-04-19 02:00:00,0.0
2018-04-19 03:00:00,0.0
2018-04-19 04:00:00,0.0
2018-04-19 05:00:00,0.0
2018-04-19 06:00:00,0.0
2018-04-19 07:00:00,0.0
2018-04-19 08:00:00,0.0
2018-04-19 09:00:00,0.0
2018-04-19 10:00:00,3.25
2018-04-19 11:00:00,149.07500125
2018-04-19 12:00:00,389.97501
2018-04-19 13:00:00,610.95001
2018-04-19 14:00:00,781.2
2018-04-19 15:00:00,886.50001
2018-04-19 16:00:00,918.65
2018-04-19 17:00:00,874.125
2018-04-19 18:00:00,753.20001
2018-04-19 19:00:00,573.625
2018-04-19 20:00:00,349.100005
2018-04-19 21:00:00,108.3250025
2018-04-19 22:00:00,0.0
2018-04-19 23:00:00,0.0
2018-04-20 00:00:00,0.0
2018-04-20 01:00:00,0.0
2018-04-20 02:00:00,0.0
2018-04-20 03:00:00,0.0
2018-04-20 04:00:00,0.0
2018-04-20 05:00:00,0.0
2018-04-20 06:00:00,0.0
2018-04-20 07:00:00,0.0
2018-04-20 08:00:00,0.0
2018-04-20 09:00:00,0.0
2018-04-20 10:00:00,2.775
2018-04-20 11:00:00,140.350005
2018-04-20 12:00:00,373.62501
2018-04-20 13:00:00,590.72501
2018-04-20 14:00:00,759.45
2018-04-20 15:00:00,863.6500100000001
2018-04-20 16:00:00,894.87501
2018-04-20 17:00:00,849.25002
2018-04-20 18:00:00,733.15001
2018-04-20 19:00:00,557.025
2018-04-20 20:00:00,336.1
2018-04-20 21:00:00,102.85
2018-04-20 22:00:00,0.0
2018-04-20 23:00:00,0.0
2018-04-21 00:00:00,0.0
2018-04-21 01:00:00,0.0
2018-04-21 02:00:00,0.0
2018-04-21 03:00:00,0.0
2018-04-21 04:00:00,0.0
2018-04-21 05:00:00,0.0
2018-04-21 06:00:00,0.0
2018-04-21 07:00:00,0.0
2018-04-21 08:00:00,0.0
2018-04-21 09:00:00,0.0
2018-04-21 10:00:00,0.0
2018-04-21 11:00:00,136.1000025
2018-04-21 12:00:00,357.95
2018-04-21 13:00:00,572.9000100000001
2018-04-21 14:00:00,732.7750100000001
2018-04-21 15:00:00,797.7
2018-04-21 16:00:00,701.95001
2018-04-21 17:00:00,690.57501
2018-04-21 18:00:00,546.60001
2018-04-21 19:00:00,387.27500499999996
2018-04-21 20:00:00,177.27500500000002
2018-04-21 21:00:00,48.65
2018-04-21 22:00:00,0.0
2018-04-21 23:00:00,0.0
2018-04-22 00:00:00,0.0
2018-04-22 01:00:00,0.0
2018-04-22 02:00:00,0.0
2018-04-22 03:00:00,0.0
2018-04-22 04:00:00,0.0
2018-04-22 05:00:00,0.0
2018-04-22 06:00:00,0.0
2018-04-22 07:00:00,0.0
2018-04-22 08:00:00,0.0
2018-04-22 09:00:00,0.0
2018-04-22 10:00:00,0.15
2018-04-22 11:00:00,130.4000025
2018-04-22 12:00:00,365.67501
2018-04-22 13:00:00,549.425
2018-04-22 14:00:00,699.6750099999999
2018-04-22 15:00:00,768.55
2018-04-22 16:00:00,434.45000500000003
2018-04-22 17:00:00,483.82500500000003
2018-04-22 18:00:00,403.350005
2018-04-22 19:00:00,253.100005
2018-04-22 20:00:00,198.65000750000002
2018-04-22 21:00:00,22.05
2018-04-22 22:00:00,0.0
2018-04-22 23:00:00,0.0
2018-04-23 00:00:00,0.0
2018-04-23 01:00:00,0.0
2018-04-23 02:00:00,0.0
2018-04-23 03:00:00,0.0
2018-04-23 04:00:00,0.0
2018-04-23 05:00:00,0.0
2018-04-23 06:00:00,0.0
2018-04-23 07:00:00,0.0
2018-04-23 08:00:00,0.0
2018-04-23 09:00:00,0.0
2018-04-23 10:00:00,1.800000075
2018-04-23 11:00:00,127.15
2018-04-23 12:00:00,370.30001
2018-04-23 13:00:00,582.65002
2018-04-23 14:00:00,634.90001
2018-04-23 15:00:00,730.5
2018-04-23 16:00:00,623.075
2018-04-23 17:00:00,509.77502000000004
2018-04-23 18:00:00,470.67500500000006
2018-04-23 19:00:00,373.500005
2018-04-23 20:00:00,284.725
2018-04-23 21:00:00,86.92500325
2018-04-23 22:00:00,0.0
2018-04-23 23:00:00,0.0
2018-04-24 00:00:00,0.0
2018-04-24 01:00:00,0.0
2018-04-24 02:00:00,0.0
2018-04-24 03:00:00,0.0
2018-04-24 04:00:00,0.0
2018-04-24 05:00:00,0.0
2018-04-24 06:00:00,0.0
2018-04-24 07:00:00,0.0
2018-04-24 08:00:00,0.0
2018-04-24 09:00:00,0.0
2018-04-24 10:00:00,0.75
2018-04-24 11:00:00,117.2500025
2018-04-24 12:00:00,313.375
2018-04-24 13:00:00,461.175
2018-04-24 14:00:00,671.97501
2018-04-24 15:00:00,823.0
2018-04-24 16:00:00,801.47501
2018-04-24 17:00:00,771.50001
2018-04-24 18:00:00,568.57501
2018-04-24 19:00:00,417.05
2018-04-24 20:00:00,281.35001
2018-04-24 21:00:00,77.6
2018-04-24 22:00:00,0.0
2018-04-24 23:00:00,0.0
2018-04-25 00:00:00,0.0
2018-04-25 01:00:00,0.0
2018-04-25 02:00:00,0.0
2018-04-25 03:00:00,0.0
2018-04-25 04:00:00,0.0
2018-04-25 05:00:00,0.0
2018-04-25 06:00:00,0.0
2018-04-25 07:00:00,0.0
2018-04-25 08:00:00,0.0
2018-04-25 09:00:00,0.0
2018-04-25 10:00:00,1.375
2018-04-25 11:00:00,123.90000375
2018-04-25 12:00:00,362.15000499999996
2018-04-25 13:00:00,574.325015
2018-04-25 14:00:00,741.5250100000001
2018-04-25 15:00:00,843.8
2018-04-25 16:00:00,743.825
2018-04-25 17:00:00,607.6
2018-04-25 18:00:00,488.70000000000005
2018-04-25 19:00:00,298.075
2018-04-25 20:00:00,243.100005
2018-04-25 21:00:00,33.55000025
2018-04-25 22:00:00,0.0
2018-04-25 23:00:00,0.0
2018-04-26 00:00:00,0.0
2018-04-26 01:00:00,0.0
2018-04-26 02:00:00,0.0
2018-04-26 03:00:00,0.0
2018-04-26 04:00:00,0.0
2018-04-26 05:00:00,0.0
2018-04-26 06:00:00,0.0
2018-04-26 07:00:00,0.0
2018-04-26 08:00:00,0.0
2018-04-26 09:00:00,0.0
2018-04-26 10:00:00,0.0
2018-04-26 11:00:00,102.45
2018-04-26 12:00:00,264.5250075
2018-04-26 13:00:00,534.575
2018-04-26 14:00:00,616.775
2018-04-26 15:00:00,616.92502
2018-04-26 16:00:00,604.575
2018-04-26 17:00:00,417.675
2018-04-26 18:00:00,280.70000500000003
2018-04-26 19:00:00,211.7750025
2018-04-26 20:00:00,119.175
2018-04-26 21:00:00,4.55
2018-04-26 22:00:00,0.0
2018-04-26 23:00:00,0.0
2018-04-27 00:00:00,0.0
2018-04-27 01:00:00,0.0
2018-04-27 02:00:00,0.0
2018-04-27 03:00:00,0.0
2018-04-27 04:00:00,0.0
2018-04-27 05:00:00,0.0
2018-04-27 06:00:00,0.0
2018-04-27 07:00:00,0.0
2018-04-27 08:00:00,0.0
2018-04-27 09:00:00,0.0
2018-04-27 10:00:00,0.0
2018-04-27 11:00:00,125.6000025
2018-04-27 12:00:00,311.45
2018-04-27 13:00:00,538.025
2018-04-27 14:00:00,731.77501
2018-04-27 15:00:00,827.9750200000001
2018-04-27 16:00:00,819.0
2018-04-27 17:00:00,673.3
2018-04-27 18:00:00,530.1
2018-04-27 19:00:00,406.35001
2018-04-27 20:00:00,266.100005
2018-04-27 21:00:00,50.775
2018-04-27 22:00:00,0.0
2018-04-27 23:00:00,0.0
2018-04-28 00:00:00,0.0
2018-04-28 01:00:00,0.0
2018-04-28 02:00:00,0.0
2018-04-28 03:00:00,0.0
2018-04-28 04:00:00,0.0
2018-04-28 05:00:00,0.0
2018-04-28 06:00:00,0.0
2018-04-28 07:00:00,0.0
2018-04-28 08:00:00,0.0
2018-04-28 09:00:00,0.0
2018-04-28 10:00:00,0.8
2018-04-28 11:00:00,122.55000375
2018-04-28 12:00:00,363.975
2018-04-28 13:00:00,577.825015
2018-04-28 14:00:00,742.8500200000001
2018-04-28 15:00:00,840.95001
2018-04-28 16:00:00,868.175
2018-04-28 17:00:00,730.225
2018-04-28 18:00:00,567.4
2018-04-28 19:00:00,444.675
2018-04-28 20:00:00,270.5500025
2018-04-28 21:00:00,83.2750025
2018-04-28 22:00:00,0.0
2018-04-28 23:00:00,0.0
2018-04-29 00:00:00,0.0
2018-04-29 01:00:00,0.0
2018-04-29 02:00:00,0.0
2018-04-29 03:00:00,0.0
2018-04-29 04:00:00,0.0
2018-04-29 05:00:00,0.0
2018-04-29 06:00:00,0.0
2018-04-29 07:00:00,0.0
2018-04-29 08:00:00,0.0
2018-04-29 09:00:00,0.0
2018-04-29 10:00:00,0.625
2018-04-29 11:00:00,124.1750025
2018-04-29 12:00:00,356.825015
2018-04-29 13:00:00,569.325
2018-04-29 14:00:00,734.17502
2018-04-29 15:00:00,836.1
2018-04-29 16:00:00,866.12501
2018-04-29 17:00:00,822.67501
2018-04-29 18:00:00,706.1750099999999
2018-04-29 19:00:00,528.1
2018-04-29 20:00:00,307.0250075
2018-04-29 21:00:00,75.85
2018-04-29 22:00:00,0.0
2018-04-29 23:00:00,0.0
2018-04-30 00:00:00,0.0
2018-04-30 01:00:00,0.0
2018-04-30 02:00:00,0.0
2018-04-30 03:00:00,0.0
2018-04-30 04:00:00,0.0
2018-04-30 05:00:00,0.0
2018-04-30 06:00:00,0.0
2018-04-30 07:00:00,0.0
2018-04-30 08:00:00,0.0
2018-04-30 09:00:00,0.0
2018-04-30 10:00:00,0.425
2018-04-30 11:00:00,122.39999999999999
2018-04-30 12:00:00,359.975005
2018-04-30 13:00:00,574.4250099999999
2018-04-30 14:00:00,739.8499999999999
2018-04-30 15:00:00,842.00001
2018-04-30 16:00:00,823.7250200000001
2018-04-30 17:00:00,690.70001
2018-04-30 18:00:00,604.45
2018-04-30 19:00:00,505.50001
2018-04-30 20:00:00,302.0
2018-04-30 21:00:00,79.4
2018-04-30 22:00:00,0.0
2018-04-30 23:00:00,0.0
2018-05-01 00:00:00,0.0
2018-05-01 01:00:00,0.0
2018-05-01 02:00:00,0.0
2018-05-01 03:00:00,0.0
2018-05-01 04:00:00,0.0
2018-05-01 05:00:00,0.0
2018-05-01 06:00:00,0.0
2018-05-01 07:00:00,0.0
2018-05-01 08:00:00,0.0
2018-05-01 09:00:00,0.0
2018-05-01 10:00:00,0.22500001
2018-05-01 11:00:00,123.15
2018-05-01 12:00:00,351.8
2018-05-01 13:00:00,563.65002
2018-05-01 14:00:00,728.175
2018-05-01 15:00:00,821.2249999999999
2018-05-01 16:00:00,857.87501
2018-05-01 17:00:00,814.27502
2018-05-01 18:00:00,697.55
2018-05-01 19:00:00,520.325
2018-05-01 20:00:00,298.0
2018-05-01 21:00:00,74.700000075
2018-05-01 22:00:00,0.0
2018-05-01 23:00:00,0.0
2018-05-02 00:00:00,0.0
2018-05-02 01:00:00,0.0
2018-05-02 02:00:00,0.0
2018-05-02 03:00:00,0.0
2018-05-02 04:00:00,0.0
2018-05-02 05:00:00,0.0
2018-05-02 06:00:00,0.0
2018-05-02 07:00:00,0.0
2018-05-02 08:00:00,0.0
2018-05-02 09:00:00,0.0
2018-05-02 10:00:00,0.025
2018-05-02 11:00:00,115.22500500000001
2018-05-02 12:00:00,334.9750125
2018-05-02 13:00:00,555.5250100000001
2018-05-02 14:00:00,722.1
2018-05-02 15:00:00,824.8249999999999
2018-05-02 16:00:00,854.57501
2018-05-02 17:00:00,810.57501
2018-05-02 18:00:00,694.27502
2018-05-02 19:00:00,516.72501
2018-05-02 20:00:00,296.025
2018-05-02 21:00:00,55.450002500000004
2018-05-02 22:00:00,0.0
2018-05-02 23:00:00,0.0
2018-05-03 00:00:00,0.0
2018-05-03 01:00:00,0.0
2018-05-03 02:00:00,0.0
2018-05-03 03:00:00,0.0
2018-05-03 04:00:00,0.0
2018-05-03 05:00:00,0.0
2018-05-03 06:00:00,0.0
2018-05-03 07:00:00,0.0
2018-05-03 08:00:00,0.0
2018-05-03 09:00:00,0.0
2018-05-03 10:00:00,0.0
2018-05-03 11:00:00,120.7
2018-05-03 12:00:00,356.1
2018-05-03 13:00:00,572.425
2018-05-03 14:00:00,739.675
2018-05-03 15:00:00,842.2
2018-05-03 16:00:00,870.55001
2018-05-03 17:00:00,822.4000100000001
2018-05-03 18:00:00,700.55001
2018-05-03 19:00:00,519.47501
2018-05-03 20:00:00,297.750005
2018-05-03 21:00:00,70.525003775
2018-05-03 22:00:00,0.0
2018-05-03 23:00:00,0.0
2018-05-04 00:00:00,0.0
2018-05-04 01:00:00,0.0
2018-05-04 02:00:00,0.0
2018-05-04 03:00:00,0.0
2018-05-04 04:00:00,0.0
2018-05-04 05:00:00,0.0
2018-05-04 06:00:00,0.0
2018-05-04 07:00:00,0.0
2018-05-04 08:00:00,0.0
2018-05-04 09:00:00,0.0
2018-05-04 10:00:00,0.0
2018-05-04 11:00:00,120.22500050000001
2018-05-04 12:00:00,350.20000500000003
2018-05-04 13:00:00,566.425
2018-05-04 14:00:00,735.125
2018-05-04 15:00:00,838.375
2018-05-04 16:00:00,776.97501
2018-05-04 17:00:00,818.22501
2018-05-04 18:00:00,670.10001
2018-05-04 19:00:00,515.675
2018-05-04 20:00:00,295.12501
2018-05-04 21:00:00,69.87500375
2018-05-04 22:00:00,0.0
2018-05-04 23:00:00,0.0
2018-05-05 00:00:00,0.0
2018-05-05 01:00:00,0.0
2018-05-05 02:00:00,0.0
2018-05-05 03:00:00,0.0
2018-05-05 04:00:00,0.0
2018-05-05 05:00:00,0.0
2018-05-05 06:00:00,0.0
2018-05-05 07:00:00,0.0
2018-05-05 08:00:00,0.0
2018-05-05 09:00:00,0.0
2018-05-05 10:00:00,0.0
2018-05-05 11:00:00,115.0500025
2018-05-05 12:00:00,342.425005
2018-05-05 13:00:00,450.950005
2018-05-05 14:00:00,520.750005
2018-05-05 15:00:00,570.7750100000001
2018-05-05 16:00:00,541.975
2018-05-05 17:00:00,534.65002
2018-05-05 18:00:00,524.60001
2018-05-05 19:00:00,446.575
2018-05-05 20:00:00,284.100005
2018-05-05 21:00:00,62.474999999999994
2018-05-05 22:00:00,0.0
2018-05-05 23:00:00,0.0
2018-05-06 00:00:00,0.0
2018-05-06 01:00:00,0.0
2018-05-06 02:00:00,0.0
2018-05-06 03:00:00,0.0
2018-05-06 04:00:00,0.0
2018-05-06 05:00:00,0.0
2018-05-06 06:00:00,0.0
2018-05-06 07:00:00,0.0
2018-05-06 08:00:00,0.0
2018-05-06 09:00:00,0.0
2018-05-06 10:00:00,0.0
2018-05-06 11:00:00,102.875
2018-05-06 12:00:00,299.600005
2018-05-06 13:00:00,514.025005
2018-05-06 14:00:00,595.20002
2018-05-06 15:00:00,479.100005
2018-05-06 16:00:00,509.2
2018-05-06 17:00:00,574.15
2018-05-06 18:00:00,464.4
2018-05-06 19:00:00,284.65000499999996
2018-05-06 20:00:00,286.0
2018-05-06 21:00:00,0.1
2018-05-06 22:00:00,0.0
2018-05-06 23:00:00,0.0
2018-05-07 00:00:00,0.0
2018-05-07 01:00:00,0.0
2018-05-07 02:00:00,0.0
2018-05-07 03:00:00,0.0
2018-05-07 04:00:00,0.0
2018-05-07 05:00:00,0.0
2018-05-07 06:00:00,0.0
2018-05-07 07:00:00,0.0
2018-05-07 08:00:00,0.0
2018-05-07 09:00:00,0.0
2018-05-07 10:00:00,0.0
2018-05-07 11:00:00,103.775004
2018-05-07 12:00:00,336.85
2018-05-07 13:00:00,551.125
2018-05-07 14:00:00,716.95
2018-05-07 15:00:00,818.5500099999999
2018-05-07 16:00:00,848.2750100000001
2018-05-07 17:00:00,802.875
2018-05-07 18:00:00,680.87501
2018-05-07 19:00:00,501.92501500000003
2018-05-07 20:00:00,278.47500249999996
2018-05-07 21:00:00,57.425000250000004
2018-05-07 22:00:00,0.0
2018-05-07 23:00:00,0.0
2018-05-08 00:00:00,0.0
2018-05-08 01:00:00,0.0
2018-05-08 02:00:00,0.0
2018-05-08 03:00:00,0.0
2018-05-08 04:00:00,0.0
2018-05-08 05:00:00,0.0
2018-05-08 06:00:00,0.0
2018-05-08 07:00:00,0.0
2018-05-08 08:00:00,0.0
2018-05-08 09:00:00,0.0
2018-05-08 10:00:00,0.0
2018-05-08 11:00:00,99.15000025
2018-05-08 12:00:00,334.3
2018-05-08 13:00:00,547.775
2018-05-08 14:00:00,665.95001
2018-05-08 15:00:00,794.02501
2018-05-08 16:00:00,749.7
2018-05-08 17:00:00,667.0250100000001
2018-05-08 18:00:00,579.175
2018-05-08 19:00:00,364.15
2018-05-08 20:00:00,268.02500000000003
2018-05-08 21:00:00,33.425
2018-05-08 22:00:00,0.0
2018-05-08 23:00:00,0.0
2018-05-09 00:00:00,0.0
2018-05-09 01:00:00,0.0
2018-05-09 02:00:00,0.0
2018-05-09 03:00:00,0.0
2018-05-09 04:00:00,0.0
2018-05-09 05:00:00,0.0
2018-05-09 06:00:00,0.0
2018-05-09 07:00:00,0.0
2018-05-09 08:00:00,0.0
2018-05-09 09:00:00,0.0
2018-05-09 10:00:00,0.0
2018-05-09 11:00:00,95.275
2018-05-09 12:00:00,325.850005
2018-05-09 13:00:00,518.10001
2018-05-09 14:00:00,674.02501
2018-05-09 15:00:00,720.5250000000001
2018-05-09 16:00:00,777.6000200000001
2018-05-09 17:00:00,604.37501
2018-05-09 18:00:00,629.55
2018-05-09 19:00:00,340.925
2018-05-09 20:00:00,133.40000375
2018-05-09 21:00:00,22.425
2018-05-09 22:00:00,0.0
2018-05-09 23:00:00,0.0
2018-05-10 00:00:00,0.0
2018-05-10 01:00:00,0.0
2018-05-10 02:00:00,0.0
2018-05-10 03:00:00,0.0
2018-05-10 04:00:00,0.0
2018-05-10 05:00:00,0.0
2018-05-10 06:00:00,0.0
2018-05-10 07:00:00,0.0
2018-05-10 08:00:00,0.0
2018-05-10 09:00:00,0.0
2018-05-10 10:00:00,0.0
2018-05-10 11:00:00,105.5
2018-05-10 12:00:00,341.175005
2018-05-10 13:00:00,546.6333333333333
2018-05-10 14:00:00,709.55
2018-05-10 15:00:00,820.0250100000001
2018-05-10 16:00:00,849.22501
2018-05-10 17:00:00,804.2750100000001
2018-05-10 18:00:00,683.45001
2018-05-10 19:00:00,503.9
2018-05-10 20:00:00,280.675005
2018-05-10 21:00:00,58.1250025
2018-05-10 22:00:00,0.0
2018-05-10 23:00:00,0.0
2018-05-11 00:00:00,0.0
2018-05-11 01:00:00,0.0
2018-05-11 02:00:00,0.0
2018-05-11 03:00:00,0.0
2018-05-11 04:00:00,0.0
2018-05-11 05:00:00,0.0
2018-05-11 06:00:00,0.0
2018-05-11 07:00:00,0.0
2018-05-11 08:00:00,0.0
2018-05-11 09:00:00,0.0
2018-05-11 10:00:00,0.0
2018-05-11 11:00:00,87.275
2018-05-11 12:00:00,320.750005
2018-05-11 13:00:00,532.075015
2018-05-11 14:00:00,695.925
2018-05-11 15:00:00,769.32501
2018-05-11 16:00:00,623.575
2018-05-11 17:00:00,683.15
2018-05-11 18:00:00,634.35001
2018-05-11 19:00:00,462.7
2018-05-11 20:00:00,246.825
2018-05-11 21:00:00,44.25000025
2018-05-11 22:00:00,0.0
2018-05-11 23:00:00,0.0
2018-05-12 00:00:00,0.0
2018-05-12 01:00:00,0.0
2018-05-12 02:00:00,0.0
2018-05-12 03:00:00,0.0
2018-05-12 04:00:00,0.0
2018-05-12 05:00:00,0.0
2018-05-12 06:00:00,0.0
2018-05-12 07:00:00,0.0
2018-05-12 08:00:00,0.0
2018-05-12 09:00:00,0.0
2018-05-12 10:00:00,0.0
2018-05-12 11:00:00,99.475
2018-05-12 12:00:00,331.2000025
2018-05-12 13:00:00,544.700015
2018-05-12 14:00:00,710.0250100000001
2018-05-12 15:00:00,812.22501
2018-05-12 16:00:00,841.05
2018-05-12 17:00:00,795.275
2018-05-12 18:00:00,676.30002
2018-05-12 19:00:00,496.77502000000004
2018-05-12 20:00:00,275.025005
2018-05-12 21:00:00,56.250001250000004
2018-05-12 22:00:00,0.0
2018-05-12 23:00:00,0.0
2018-05-13 00:00:00,0.0
2018-05-13 01:00:00,0.0
2018-05-13 02:00:00,0.0
2018-05-13 03:00:00,0.0
2018-05-13 04:00:00,0.0
2018-05-13 05:00:00,0.0
2018-05-13 06:00:00,0.0
2018-05-13 07:00:00,0.0
2018-05-13 08:00:00,0.0
2018-05-13 09:00:00,0.0
2018-05-13 10:00:00,0.0
2018-05-13 11:00:00,102.70000025
2018-05-13 12:00:00,332.9250025
2018-05-13 13:00:00,547.0
2018-05-13 14:00:00,711.575
2018-05-13 15:00:00,813.1
2018-05-13 16:00:00,840.025
2018-05-13 17:00:00,792.22501
2018-05-13 18:00:00,671.82501
2018-05-13 19:00:00,493.35
2018-05-13 20:00:00,272.9750025
2018-05-13 21:00:00,54.2250025
2018-05-13 22:00:00,0.0
2018-05-13 23:00:00,0.0
2018-05-14 00:00:00,0.0
2018-05-14 01:00:00,0.0
2018-05-14 02:00:00,0.0
2018-05-14 03:00:00,0.0
2018-05-14 04:00:00,0.0
2018-05-14 05:00:00,0.0
2018-05-14 06:00:00,0.0
2018-05-14 07:00:00,0.0
2018-05-14 08:00:00,0.0
2018-05-14 09:00:00,0.0
2018-05-14 10:00:00,0.0
2018-05-14 11:00:00,88.925
2018-05-14 12:00:00,326.9250125
2018-05-14 13:00:00,536.675
2018-05-14 14:00:00,697.8000099999999
2018-05-14 15:00:00,793.72502
2018-05-14 16:00:00,820.12501
2018-05-14 17:00:00,773.15
2018-05-14 18:00:00,652.87501
2018-05-14 19:00:00,478.80001000000004
2018-05-14 20:00:00,263.95
2018-05-14 21:00:00,40.825001275
2018-05-14 22:00:00,0.0
2018-05-14 23:00:00,0.0
2018-05-15 00:00:00,0.0
2018-05-15 01:00:00,0.0
2018-05-15 02:00:00,0.0
2018-05-15 03:00:00,0.0
2018-05-15 04:00:00,0.0
2018-05-15 05:00:00,0.0
2018-05-15 06:00:00,0.0
2018-05-15 07:00:00,0.0
2018-05-15 08:00:00,0.0
2018-05-15 09:00:00,0.0
2018-05-15 10:00:00,0.0
2018-05-15 11:00:00,93.12500275
2018-05-15 12:00:00,318.85
2018-05-15 13:00:00,528.5250100000001
2018-05-15 14:00:00,690.5500099999999
2018-05-15 15:00:00,788.525
2018-05-15 16:00:00,815.8
2018-05-15 17:00:00,769.525
2018-05-15 18:00:00,653.70001
2018-05-15 19:00:00,479.000005
2018-05-15 20:00:00,263.350005
2018-05-15 21:00:00,50.45000025
2018-05-15 22:00:00,0.0
2018-05-15 23:00:00,0.0
2018-05-16 00:00:00,0.0
2018-05-16 01:00:00,0.0
2018-05-16 02:00:00,0.0
2018-05-16 03:00:00,0.0
2018-05-16 04:00:00,0.0
2018-05-16 05:00:00,0.0
2018-05-16 06:00:00,0.0
2018-05-16 07:00:00,0.0
2018-05-16 08:00:00,0.0
2018-05-16 09:00:00,0.0
2018-05-16 10:00:00,0.0
2018-05-16 11:00:00,93.975
2018-05-16 12:00:00,317.675005
2018-05-16 13:00:00,525.47501
2018-05-16 14:00:00,686.025
2018-05-16 15:00:00,783.50001
2018-05-16 16:00:00,810.35001
2018-05-16 17:00:00,763.42501
2018-05-16 18:00:00,646.25001
2018-05-16 19:00:00,471.775
2018-05-16 20:00:00,258.05
2018-05-16 21:00:00,49.55
2018-05-16 22:00:00,0.0
2018-05-16 23:00:00,0.0
2018-05-17 00:00:00,0.0
2018-05-17 01:00:00,0.0
2018-05-17 02:00:00,0.0
2018-05-17 03:00:00,0.0
2018-05-17 04:00:00,0.0
2018-05-17 05:00:00,0.0
2018-05-17 06:00:00,0.0
2018-05-17 07:00:00,0.0
2018-05-17 08:00:00,0.0
2018-05-17 09:00:00,0.0
2018-05-17 10:00:00,0.0
2018-05-17 11:00:00,93.475
2018-05-17 12:00:00,320.350005
2018-05-17 13:00:00,528.950015
2018-05-17 14:00:00,689.72502
2018-05-17 15:00:00,788.5
2018-05-17 16:00:00,815.47501
2018-05-17 17:00:00,770.6750099999999
2018-05-17 18:00:00,656.37501
2018-05-17 19:00:00,483.95000000000005
2018-05-17 20:00:00,268.475005
2018-05-17 21:00:00,53.35
2018-05-17 22:00:00,0.0
2018-05-17 23:00:00,0.0
2018-05-18 00:00:00,0.0
2018-05-18 01:00:00,0.0
2018-05-18 02:00:00,0.0
2018-05-18 03:00:00,0.0
2018-05-18 04:00:00,0.0
2018-05-18 05:00:00,0.0
2018-05-18 06:00:00,0.0
2018-05-18 07:00:00,0.0
2018-05-18 08:00:00,0.0
2018-05-18 09:00:00,0.0
2018-05-18 10:00:00,0.0
2018-05-18 11:00:00,89.45
2018-05-18 12:00:00,314.175
2018-05-18 13:00:00,523.10001
2018-05-18 14:00:00,683.50001
2018-05-18 15:00:00,780.0
2018-05-18 16:00:00,807.47502
2018-05-18 17:00:00,762.85001
2018-05-18 18:00:00,638.10002
2018-05-18 19:00:00,461.75
2018-05-18 20:00:00,246.40000500000002
2018-05-18 21:00:00,47.85
2018-05-18 22:00:00,0.0
2018-05-18 23:00:00,0.0
2018-05-19 00:00:00,0.0
2018-05-19 01:00:00,0.0
2018-05-19 02:00:00,0.0
2018-05-19 03:00:00,0.0
2018-05-19 04:00:00,0.0
2018-05-19 05:00:00,0.0
2018-05-19 06:00:00,0.0
2018-05-19 07:00:00,0.0
2018-05-19 08:00:00,0.0
2018-05-19 09:00:00,0.0
2018-05-19 10:00:00,0.0
2018-05-19 11:00:00,88.80000125000001
2018-05-19 12:00:00,309.700005
2018-05-19 13:00:00,516.5
2018-05-19 14:00:00,675.675
2018-05-19 15:00:00,769.55
2018-05-19 16:00:00,795.4250099999999
2018-05-19 17:00:00,748.2
2018-05-19 18:00:00,631.3
2018-05-19 19:00:00,459.9
2018-05-19 20:00:00,248.52499999999998
2018-05-19 21:00:00,44.67500125
2018-05-19 22:00:00,0.0
2018-05-19 23:00:00,0.0
2018-05-20 00:00:00,0.0
2018-05-20 01:00:00,0.0
2018-05-20 02:00:00,0.0
2018-05-20 03:00:00,0.0
2018-05-20 04:00:00,0.0
2018-05-20 05:00:00,0.0
2018-05-20 06:00:00,0.0
2018-05-20 07:00:00,0.0
2018-05-20 08:00:00,0.0
2018-05-20 09:00:00,0.0
2018-05-20 10:00:00,0.0
2018-05-20 11:00:00,74.97500025
2018-05-20 12:00:00,294.400005
2018-05-20 13:00:00,501.17501
2018-05-20 14:00:00,661.875
2018-05-20 15:00:00,763.875
2018-05-20 16:00:00,792.4000100000001
2018-05-20 17:00:00,748.0500099999999
2018-05-20 18:00:00,630.5
2018-05-20 19:00:00,456.75
2018-05-20 20:00:00,243.3750025
2018-05-20 21:00:00,39.17500025
2018-05-20 22:00:00,0.0
2018-05-20 23:00:00,0.0
2018-05-21 00:00:00,0.0
2018-05-21 01:00:00,0.0
2018-05-21 02:00:00,0.0
2018-05-21 03:00:00,0.0
2018-05-21 04:00:00,0.0
2018-05-21 05:00:00,0.0
2018-05-21 06:00:00,0.0
2018-05-21 07:00:00,0.0
2018-05-21 08:00:00,0.0
2018-05-21 09:00:00,0.0
2018-05-21 10:00:00,0.0
2018-05-21 11:00:00,82.50000002499999
2018-05-21 12:00:00,302.725
2018-05-21 13:00:00,510.65
2018-05-21 14:00:00,671.65
2018-05-21 15:00:00,768.72501
2018-05-21 16:00:00,795.70001
2018-05-21 17:00:00,748.9749999999999
2018-05-21 18:00:00,623.0500099999999
2018-05-21 19:00:00,448.65
2018-05-21 20:00:00,234.89999999999998
2018-05-21 21:00:00,30.225
2018-05-21 22:00:00,0.0
2018-05-21 23:00:00,0.0
2018-05-22 00:00:00,0.0
2018-05-22 01:00:00,0.0
2018-05-22 02:00:00,0.0
2018-05-22 03:00:00,0.0
2018-05-22 04:00:00,0.0
2018-05-22 05:00:00,0.0
2018-05-22 06:00:00,0.0
2018-05-22 07:00:00,0.0
2018-05-22 08:00:00,0.0
2018-05-22 09:00:00,0.0
2018-05-22 10:00:00,0.0
2018-05-22 11:00:00,78.5500005
2018-05-22 12:00:00,298.000005
2018-05-22 13:00:00,504.725
2018-05-22 14:00:00,661.475
2018-05-22 15:00:00,754.30001
2018-05-22 16:00:00,786.125
2018-05-22 17:00:00,691.05
2018-05-22 18:00:00,611.00001
2018-05-22 19:00:00,418.275
2018-05-22 20:00:00,241.425
2018-05-22 21:00:00,39.15
2018-05-22 22:00:00,0.0
2018-05-22 23:00:00,0.0
2018-05-23 00:00:00,0.0
2018-05-23 01:00:00,0.0
2018-05-23 02:00:00,0.0
2018-05-23 03:00:00,0.0
2018-05-23 04:00:00,0.0
2018-05-23 05:00:00,0.0
2018-05-23 06:00:00,0.0
2018-05-23 07:00:00,0.0
2018-05-23 08:00:00,0.0
2018-05-23 09:00:00,0.0
2018-05-23 10:00:00,0.0
2018-05-23 11:00:00,81.17500025
2018-05-23 12:00:00,302.45001
2018-05-23 13:00:00,511.42501500000003
2018-05-23 14:00:00,673.00001
2018-05-23 15:00:00,772.4250099999999
2018-05-23 16:00:00,800.1000200000001
2018-05-23 17:00:00,753.87501
2018-05-23 18:00:00,634.87502
2018-05-23 19:00:00,459.85
2018-05-23 20:00:00,245.25
2018-05-23 21:00:00,42.95
2018-05-23 22:00:00,0.0
2018-05-23 23:00:00,0.0
2018-05-24 00:00:00,0.0
2018-05-24 01:00:00,0.0
2018-05-24 02:00:00,0.0
2018-05-24 03:00:00,0.0
2018-05-24 04:00:00,0.0
2018-05-24 05:00:00,0.0
2018-05-24 06:00:00,0.0
2018-05-24 07:00:00,0.0
2018-05-24 08:00:00,0.0
2018-05-24 09:00:00,0.0
2018-05-24 10:00:00,0.0
2018-05-24 11:00:00,78.35
2018-05-24 12:00:00,294.00001
2018-05-24 13:00:00,500.12501000000003
2018-05-24 14:00:00,661.45
2018-05-24 15:00:00,760.925
2018-05-24 16:00:00,789.0
2018-05-24 17:00:00,742.975
2018-05-24 18:00:00,625.1750099999999
2018-05-24 19:00:00,453.05001500000003
2018-05-24 20:00:00,241.825
2018-05-24 21:00:00,40.2500015
2018-05-24 22:00:00,0.0
2018-05-24 23:00:00,0.0
2018-05-25 00:00:00,0.0
2018-05-25 01:00:00,0.0
2018-05-25 02:00:00,0.0
2018-05-25 03:00:00,0.0
2018-05-25 04:00:00,0.0
2018-05-25 05:00:00,0.0
2018-05-25 06:00:00,0.0
2018-05-25 07:00:00,0.0
2018-05-25 08:00:00,0.0
2018-05-25 09:00:00,0.0
2018-05-25 10:00:00,0.0
2018-05-25 11:00:00,75.875
2018-05-25 12:00:00,297.075
2018-05-25 13:00:00,505.550005
2018-05-25 14:00:00,666.95
2018-05-25 15:00:00,766.37501
2018-05-25 16:00:00,793.6000200000001
2018-05-25 17:00:00,748.07501
2018-05-25 18:00:00,630.575
2018-05-25 19:00:00,456.225005
2018-05-25 20:00:00,242.625
2018-05-25 21:00:00,36.75
2018-05-25 22:00:00,0.0
2018-05-25 23:00:00,0.0
2018-05-26 00:00:00,0.0
2018-05-26 01:00:00,0.0
2018-05-26 02:00:00,0.0
2018-05-26 03:00:00,0.0
2018-05-26 04:00:00,0.0
2018-05-26 05:00:00,0.0
2018-05-26 06:00:00,0.0
2018-05-26 07:00:00,0.0
2018-05-26 08:00:00,0.0
2018-05-26 09:00:00,0.0
2018-05-26 10:00:00,0.0
2018-05-26 11:00:00,72.4000005
2018-05-26 12:00:00,288.47500249999996
2018-05-26 13:00:00,498.275
2018-05-26 14:00:00,657.30003
2018-05-26 15:00:00,753.875
2018-05-26 16:00:00,780.72501
2018-05-26 17:00:00,735.80001
2018-05-26 18:00:00,622.27502
2018-05-26 19:00:00,451.5
2018-05-26 20:00:00,240.52500500000002
2018-05-26 21:00:00,41.25
2018-05-26 22:00:00,0.0
2018-05-26 23:00:00,0.0
2018-05-27 00:00:00,0.0
2018-05-27 01:00:00,0.0
2018-05-27 02:00:00,0.0
2018-05-27 03:00:00,0.0
2018-05-27 04:00:00,0.0
2018-05-27 05:00:00,0.0
2018-05-27 06:00:00,0.0
2018-05-27 07:00:00,0.0
2018-05-27 08:00:00,0.0
2018-05-27 09:00:00,0.0
2018-05-27 10:00:00,0.0
2018-05-27 11:00:00,73.05
2018-05-27 12:00:00,284.275
2018-05-27 13:00:00,486.800005
2018-05-27 14:00:00,644.75
2018-05-27 15:00:00,739.375
2018-05-27 16:00:00,767.30002
2018-05-27 17:00:00,724.25002
2018-05-27 18:00:00,610.9
2018-05-27 19:00:00,443.350005
2018-05-27 20:00:00,234.1000075
2018-05-27 21:00:00,37.9
2018-05-27 22:00:00,0.0
2018-05-27 23:00:00,0.0
2018-05-28 00:00:00,0.0
2018-05-28 01:00:00,0.0
2018-05-28 02:00:00,0.0
2018-05-28 03:00:00,0.0
2018-05-28 04:00:00,0.0
2018-05-28 05:00:00,0.0
2018-05-28 06:00:00,0.0
2018-05-28 07:00:00,0.0
2018-05-28 08:00:00,0.0
2018-05-28 09:00:00,0.0
2018-05-28 10:00:00,0.0
2018-05-28 11:00:00,71.20000007499999
2018-05-28 12:00:00,289.0250025
2018-05-28 13:00:00,496.04999999999995
2018-05-28 14:00:00,656.32501
2018-05-28 15:00:00,753.17501
2018-05-28 16:00:00,781.37502
2018-05-28 17:00:00,738.42501
2018-05-28 18:00:00,626.25001
2018-05-28 19:00:00,454.575005
2018-05-28 20:00:00,242.22500000000002
2018-05-28 21:00:00,41.8250005
2018-05-28 22:00:00,0.0
2018-05-28 23:00:00,0.0
2018-05-29 00:00:00,0.0
2018-05-29 01:00:00,0.0
2018-05-29 02:00:00,0.0
2018-05-29 03:00:00,0.0
2018-05-29 04:00:00,0.0
2018-05-29 05:00:00,0.0
2018-05-29 06:00:00,0.0
2018-05-29 07:00:00,0.0
2018-05-29 08:00:00,0.0
2018-05-29 09:00:00,0.0
2018-05-29 10:00:00,0.0
2018-05-29 11:00:00,71.85000125
2018-05-29 12:00:00,286.3750025
2018-05-29 13:00:00,492.025
2018-05-29 14:00:00,652.125
2018-05-29 15:00:00,751.5
2018-05-29 16:00:00,779.45001
2018-05-29 17:00:00,735.10001
2018-05-29 18:00:00,622.1
2018-05-29 19:00:00,453.02501500000005
2018-05-29 20:00:00,243.1
2018-05-29 21:00:00,35.25
2018-05-29 22:00:00,0.0
2018-05-29 23:00:00,0.0
2018-05-30 00:00:00,0.0
2018-05-30 01:00:00,0.0
2018-05-30 02:00:00,0.0
2018-05-30 03:00:00,0.0
2018-05-30 04:00:00,0.0
2018-05-30 05:00:00,0.0
2018-05-30 06:00:00,0.0
2018-05-30 07:00:00,0.0
2018-05-30 08:00:00,0.0
2018-05-30 09:00:00,0.0
2018-05-30 10:00:00,0.0
2018-05-30 11:00:00,70.400003775
2018-05-30 12:00:00,288.425
2018-05-30 13:00:00,491.475
2018-05-30 14:00:00,648.95003
2018-05-30 15:00:00,745.1500100000001
2018-05-30 16:00:00,773.4250099999999
2018-05-30 17:00:00,731.275
2018-05-30 18:00:00,617.7
2018-05-30 19:00:00,448.625015
2018-05-30 20:00:00,240.52499999999998
2018-05-30 21:00:00,39.25000175
2018-05-30 22:00:00,0.0
2018-05-30 23:00:00,0.0
2018-05-31 00:00:00,0.0
2018-05-31 01:00:00,0.0
2018-05-31 02:00:00,0.0
2018-05-31 03:00:00,0.0
2018-05-31 04:00:00,0.0
2018-05-31 05:00:00,0.0
2018-05-31 06:00:00,0.0
2018-05-31 07:00:00,0.0
2018-05-31 08:00:00,0.0
2018-05-31 09:00:00,0.0
2018-05-31 10:00:00,0.0
2018-05-31 11:00:00,63.625
2018-05-31 12:00:00,277.225005
2018-05-31 13:00:00,480.525005
2018-05-31 14:00:00,639.07501
2018-05-31 15:00:00,736.37501
2018-05-31 16:00:00,765.20001
2018-05-31 17:00:00,723.325
2018-05-31 18:00:00,610.5
2018-05-31 19:00:00,441.925
2018-05-31 20:00:00,232.87500500000002
2018-05-31 21:00:00,36.875
2018-05-31 22:00:00,0.0
2018-05-31 23:00:00,0.0
2018-06-01 00:00:00,0.0
2018-06-01 01:00:00,0.0
2018-06-01 02:00:00,0.0
2018-06-01 03:00:00,0.0
2018-06-01 04:00:00,0.0
2018-06-01 05:00:00,0.0
2018-06-01 06:00:00,0.0
2018-06-01 07:00:00,0.0
2018-06-01 08:00:00,0.0
2018-06-01 09:00:00,0.0
2018-06-01 10:00:00,0.0
2018-06-01 11:00:00,51.87500025
2018-06-01 12:00:00,252.100005
2018-06-01 13:00:00,416.05
2018-06-01 14:00:00,568.475
2018-06-01 15:00:00,665.2249999999999
2018-06-01 16:00:00,749.1000200000001
2018-06-01 17:00:00,714.425
2018-06-01 18:00:00,600.0500099999999
2018-06-01 19:00:00,432.550005
2018-06-01 20:00:00,225.97500250000002
2018-06-01 21:00:00,36.92500125
2018-06-01 22:00:00,0.0
2018-06-01 23:00:00,0.0
2018-06-02 00:00:00,0.0
2018-06-02 01:00:00,0.0
2018-06-02 02:00:00,0.0
2018-06-02 03:00:00,0.0
2018-06-02 04:00:00,0.0
2018-06-02 05:00:00,0.0
2018-06-02 06:00:00,0.0
2018-06-02 07:00:00,0.0
2018-06-02 08:00:00,0.0
2018-06-02 09:00:00,0.0
2018-06-02 10:00:00,0.0
2018-06-02 11:00:00,63.77500125
2018-06-02 12:00:00,276.0250025
2018-06-02 13:00:00,461.02501
2018-06-02 14:00:00,619.55
2018-06-02 15:00:00,695.575
2018-06-02 16:00:00,715.7750100000001
2018-06-02 17:00:00,518.875005
2018-06-02 18:00:00,612.62501
2018-06-02 19:00:00,444.65000499999996
2018-06-02 20:00:00,236.2
2018-06-02 21:00:00,39.725
2018-06-02 22:00:00,0.0
2018-06-02 23:00:00,0.0
2018-06-03 00:00:00,0.0
2018-06-03 01:00:00,0.0
2018-06-03 02:00:00,0.0
2018-06-03 03:00:00,0.0
2018-06-03 04:00:00,0.0
2018-06-03 05:00:00,0.0
2018-06-03 06:00:00,0.0
2018-06-03 07:00:00,0.0
2018-06-03 08:00:00,0.0
2018-06-03 09:00:00,0.0
2018-06-03 10:00:00,0.0
2018-06-03 11:00:00,57.475001250000005
2018-06-03 12:00:00,257.6750025
2018-06-03 13:00:00,458.4
2018-06-03 14:00:00,615.25
2018-06-03 15:00:00,713.52501
2018-06-03 16:00:00,743.22501
2018-06-03 17:00:00,701.425
2018-06-03 18:00:00,583.275
2018-06-03 19:00:00,413.2
2018-06-03 20:00:00,144.37500125
2018-06-03 21:00:00,23.900000025
2018-06-03 22:00:00,0.0
2018-06-03 23:00:00,0.0
2018-06-04 00:00:00,0.0
2018-06-04 01:00:00,0.0
2018-06-04 02:00:00,0.0
2018-06-04 03:00:00,0.0
2018-06-04 04:00:00,0.0
2018-06-04 05:00:00,0.0
2018-06-04 06:00:00,0.0
2018-06-04 07:00:00,0.0
2018-06-04 08:00:00,0.0
2018-06-04 09:00:00,0.0
2018-06-04 10:00:00,0.0
2018-06-04 11:00:00,50.625001250000004
2018-06-04 12:00:00,193.82500249999998
2018-06-04 13:00:00,284.975
2018-06-04 14:00:00,331.55
2018-06-04 15:00:00,303.575
2018-06-04 16:00:00,274.225015
2018-06-04 17:00:00,280.6
2018-06-04 18:00:00,248.39999999999998
2018-06-04 19:00:00,194.225
2018-06-04 20:00:00,98.19999999999999
2018-06-04 21:00:00,17.3000005
2018-06-04 22:00:00,0.0
2018-06-04 23:00:00,0.0
2018-06-05 00:00:00,0.0
2018-06-05 01:00:00,0.0
2018-06-05 02:00:00,0.0
2018-06-05 03:00:00,0.0
2018-06-05 04:00:00,0.0
2018-06-05 05:00:00,0.0
2018-06-05 06:00:00,0.0
2018-06-05 07:00:00,0.0
2018-06-05 08:00:00,0.0
2018-06-05 09:00:00,0.0
2018-06-05 10:00:00,0.0
2018-06-05 11:00:00,63.975001250000005
2018-06-05 12:00:00,278.175
2018-06-05 13:00:00,475.675005
2018-06-05 14:00:00,634.12501
2018-06-05 15:00:00,719.4333466666667
2018-06-05 16:00:00,724.20002
2018-06-05 17:00:00,714.35
2018-06-05 18:00:00,600.0
2018-06-05 19:00:00,433.60001
2018-06-05 20:00:00,206.92499999999998
2018-06-05 21:00:00,17.975
2018-06-05 22:00:00,0.0
2018-06-05 23:00:00,0.0
2018-06-06 00:00:00,0.0
2018-06-06 01:00:00,0.0
2018-06-06 02:00:00,0.0
2018-06-06 03:00:00,0.0
2018-06-06 04:00:00,0.0
2018-06-06 05:00:00,0.0
2018-06-06 06:00:00,0.0
2018-06-06 07:00:00,0.0
2018-06-06 08:00:00,0.0
2018-06-06 09:00:00,0.0
2018-06-06 10:00:00,0.0
2018-06-06 11:00:00,62.6500025
2018-06-06 12:00:00,272.20000000000005
2018-06-06 13:00:00,474.550005
2018-06-06 14:00:00,632.10001
2018-06-06 15:00:00,729.35
2018-06-06 16:00:00,757.825
2018-06-06 17:00:00,715.47502
2018-06-06 18:00:00,604.95
2018-06-06 19:00:00,439.250015
2018-06-06 20:00:00,233.45
2018-06-06 21:00:00,34.375
2018-06-06 22:00:00,0.0
2018-06-06 23:00:00,0.0
2018-06-07 00:00:00,0.0
2018-06-07 01:00:00,0.0
2018-06-07 02:00:00,0.0
2018-06-07 03:00:00,0.0
2018-06-07 04:00:00,0.0
2018-06-07 05:00:00,0.0
2018-06-07 06:00:00,0.0
2018-06-07 07:00:00,0.0
2018-06-07 08:00:00,0.0
2018-06-07 09:00:00,0.0
2018-06-07 10:00:00,0.0
2018-06-07 11:00:00,57.050000000000004
2018-06-07 12:00:00,266.0500025
2018-06-07 13:00:00,468.80001000000004
2018-06-07 14:00:00,626.92501
2018-06-07 15:00:00,719.55001
2018-06-07 16:00:00,748.75002
2018-06-07 17:00:00,707.125
2018-06-07 18:00:00,594.95001
2018-06-07 19:00:00,428.100005
2018-06-07 20:00:00,222.075
2018-06-07 21:00:00,34.475
2018-06-07 22:00:00,0.0
2018-06-07 23:00:00,0.0
2018-06-08 00:00:00,0.0
2018-06-08 01:00:00,0.0
2018-06-08 02:00:00,0.0
2018-06-08 03:00:00,0.0
2018-06-08 04:00:00,0.0
2018-06-08 05:00:00,0.0
2018-06-08 06:00:00,0.0
2018-06-08 07:00:00,0.0
2018-06-08 08:00:00,0.0
2018-06-08 09:00:00,0.0
2018-06-08 10:00:00,0.0
2018-06-08 11:00:00,55.500001250000004
2018-06-08 12:00:00,262.075005
2018-06-08 13:00:00,465.59999999999997
2018-06-08 14:00:00,625.30002
2018-06-08 15:00:00,724.12502
2018-06-08 16:00:00,754.05001
2018-06-08 17:00:00,713.35
2018-06-08 18:00:00,602.4000100000001
2018-06-08 19:00:00,435.800005
2018-06-08 20:00:00,228.975
2018-06-08 21:00:00,36.050000075
2018-06-08 22:00:00,0.0
2018-06-08 23:00:00,0.0
2018-06-09 00:00:00,0.0
2018-06-09 01:00:00,0.0
2018-06-09 02:00:00,0.0
2018-06-09 03:00:00,0.0
2018-06-09 04:00:00,0.0
2018-06-09 05:00:00,0.0
2018-06-09 06:00:00,0.0
2018-06-09 07:00:00,0.0
2018-06-09 08:00:00,0.0
2018-06-09 09:00:00,0.0
2018-06-09 10:00:00,0.0
2018-06-09 11:00:00,56.15000125
2018-06-09 12:00:00,269.4250025
2018-06-09 13:00:00,470.82500500000003
2018-06-09 14:00:00,627.8000099999999
2018-06-09 15:00:00,723.025
2018-06-09 16:00:00,751.25001
2018-06-09 17:00:00,710.725
2018-06-09 18:00:00,598.67502
2018-06-09 19:00:00,433.40001
2018-06-09 20:00:00,229.200005
2018-06-09 21:00:00,36.6500005
2018-06-09 22:00:00,0.0
2018-06-09 23:00:00,0.0
2018-06-10 00:00:00,0.0
2018-06-10 01:00:00,0.0
2018-06-10 02:00:00,0.0
2018-06-10 03:00:00,0.0
2018-06-10 04:00:00,0.0
2018-06-10 05:00:00,0.0
2018-06-10 06:00:00,0.0
2018-06-10 07:00:00,0.0
2018-06-10 08:00:00,0.0
2018-06-10 09:00:00,0.0
2018-06-10 10:00:00,0.0
2018-06-10 11:00:00,54.07500025
2018-06-10 12:00:00,249.675
2018-06-10 13:00:00,433.45001
2018-06-10 14:00:00,619.325
2018-06-10 15:00:00,625.125
2018-06-10 16:00:00,679.3249999999999
2018-06-10 17:00:00,703.95
2018-06-10 18:00:00,597.00001
2018-06-10 19:00:00,429.15
2018-06-10 20:00:00,209.175005
2018-06-10 21:00:00,32.0000005
2018-06-10 22:00:00,0.0
2018-06-10 23:00:00,0.0
2018-06-11 00:00:00,0.0
2018-06-11 01:00:00,0.0
2018-06-11 02:00:00,0.0
2018-06-11 03:00:00,0.0
2018-06-11 04:00:00,0.0
2018-06-11 05:00:00,0.0
2018-06-11 06:00:00,0.0
2018-06-11 07:00:00,0.0
2018-06-11 08:00:00,0.0
2018-06-11 09:00:00,0.0
2018-06-11 10:00:00,0.0
2018-06-11 11:00:00,46.9500005
2018-06-11 12:00:00,262.82501
2018-06-11 13:00:00,463.1
2018-06-11 14:00:00,620.15
2018-06-11 15:00:00,716.0999999999999
2018-06-11 16:00:00,744.775
2018-06-11 17:00:00,703.8
2018-06-11 18:00:00,589.575
2018-06-11 19:00:00,426.725015
2018-06-11 20:00:00,225.2
2018-06-11 21:00:00,37.9
2018-06-11 22:00:00,0.0
2018-06-11 23:00:00,0.0
2018-06-12 00:00:00,0.0
2018-06-12 01:00:00,0.0
2018-06-12 02:00:00,0.0
2018-06-12 03:00:00,0.0
2018-06-12 04:00:00,0.0
2018-06-12 05:00:00,0.0
2018-06-12 06:00:00,0.0
2018-06-12 07:00:00,0.0
2018-06-12 08:00:00,0.0
2018-06-12 09:00:00,0.0
2018-06-12 10:00:00,0.0
2018-06-12 11:00:00,55.05
2018-06-12 12:00:00,252.85000250000002
2018-06-12 13:00:00,453.250005
2018-06-12 14:00:00,609.2250200000001
2018-06-12 15:00:00,707.12501
2018-06-12 16:00:00,738.3000099999999
2018-06-12 17:00:00,700.25
2018-06-12 18:00:00,593.275
2018-06-12 19:00:00,430.3
2018-06-12 20:00:00,226.9500025
2018-06-12 21:00:00,36.875000075
2018-06-12 22:00:00,0.0
2018-06-12 23:00:00,0.0
2018-06-13 00:00:00,0.0
2018-06-13 01:00:00,0.0
2018-06-13 02:00:00,0.0
2018-06-13 03:00:00,0.0
2018-06-13 04:00:00,0.0
2018-06-13 05:00:00,0.0
2018-06-13 06:00:00,0.0
2018-06-13 07:00:00,0.0
2018-06-13 08:00:00,0.0
2018-06-13 09:00:00,0.0
2018-06-13 10:00:00,0.0
2018-06-13 11:00:00,43.800000250000004
2018-06-13 12:00:00,204.05
2018-06-13 13:00:00,358.050005
2018-06-13 14:00:00,535.050005
2018-06-13 15:00:00,635.475
2018-06-13 16:00:00,676.75001
2018-06-13 17:00:00,712.30002
2018-06-13 18:00:00,605.2
2018-06-13 19:00:00,441.60001
2018-06-13 20:00:00,233.275
2018-06-13 21:00:00,27.175000250000004
2018-06-13 22:00:00,0.0
2018-06-13 23:00:00,0.0
2018-06-14 00:00:00,0.0
2018-06-14 01:00:00,0.0
2018-06-14 02:00:00,0.0
2018-06-14 03:00:00,0.0
2018-06-14 04:00:00,0.0
2018-06-14 05:00:00,0.0
2018-06-14 06:00:00,0.0
2018-06-14 07:00:00,0.0
2018-06-14 08:00:00,0.0
2018-06-14 09:00:00,0.0
2018-06-14 10:00:00,0.0
2018-06-14 11:00:00,48.475
2018-06-14 12:00:00,215.625005
2018-06-14 13:00:00,362.825
2018-06-14 14:00:00,442.0
2018-06-14 15:00:00,522.900015
2018-06-14 16:00:00,534.925015
2018-06-14 17:00:00,391.725
2018-06-14 18:00:00,251.27500500000002
2018-06-14 19:00:00,216.250005
2018-06-14 20:00:00,114.87500125
2018-06-14 21:00:00,10.125
2018-06-14 22:00:00,0.0
2018-06-14 23:00:00,0.0
2018-06-15 00:00:00,0.0
2018-06-15 01:00:00,0.0
2018-06-15 02:00:00,0.0
2018-06-15 03:00:00,0.0
2018-06-15 04:00:00,0.0
2018-06-15 05:00:00,0.0
2018-06-15 06:00:00,0.0
2018-06-15 07:00:00,0.0
2018-06-15 08:00:00,0.0
2018-06-15 09:00:00,0.0
2018-06-15 10:00:00,0.0
2018-06-15 11:00:00,51.07500125
2018-06-15 12:00:00,248.65
2018-06-15 13:00:00,446.4
2018-06-15 14:00:00,601.77502
2018-06-15 15:00:00,695.625
2018-06-15 16:00:00,728.50001
2018-06-15 17:00:00,693.675
2018-06-15 18:00:00,588.75
2018-06-15 19:00:00,427.125015
2018-06-15 20:00:00,224.9250075
2018-06-15 21:00:00,37.65
2018-06-15 22:00:00,0.0
2018-06-15 23:00:00,0.0
2018-06-16 00:00:00,0.0
2018-06-16 01:00:00,0.0
2018-06-16 02:00:00,0.0
2018-06-16 03:00:00,0.0
2018-06-16 04:00:00,0.0
2018-06-16 05:00:00,0.0
2018-06-16 06:00:00,0.0
2018-06-16 07:00:00,0.0
2018-06-16 08:00:00,0.0
2018-06-16 09:00:00,0.0
2018-06-16 10:00:00,0.0
2018-06-16 11:00:00,52.375
2018-06-16 12:00:00,253.67499999999998
2018-06-16 13:00:00,454.975005
2018-06-16 14:00:00,612.85
2018-06-16 15:00:00,712.1750099999999
2018-06-16 16:00:00,743.92501
2018-06-16 17:00:00,704.20002
2018-06-16 18:00:00,595.6500100000001
2018-06-16 19:00:00,432.725005
2018-06-16 20:00:00,230.250005
2018-06-16 21:00:00,36.05
2018-06-16 22:00:00,0.0
2018-06-16 23:00:00,0.0
2018-06-17 00:00:00,0.0
2018-06-17 01:00:00,0.0
2018-06-17 02:00:00,0.0
2018-06-17 03:00:00,0.0
2018-06-17 04:00:00,0.0
2018-06-17 05:00:00,0.0
2018-06-17 06:00:00,0.0
2018-06-17 07:00:00,0.0
2018-06-17 08:00:00,0.0
2018-06-17 09:00:00,0.0
2018-06-17 10:00:00,0.0
2018-06-17 11:00:00,46.7
2018-06-17 12:00:00,245.75
2018-06-17 13:00:00,444.900005
2018-06-17 14:00:00,602.5250100000001
2018-06-17 15:00:00,701.025
2018-06-17 16:00:00,731.87501
2018-06-17 17:00:00,694.175
2018-06-17 18:00:00,587.875
2018-06-17 19:00:00,427.625005
2018-06-17 20:00:00,227.1250075
2018-06-17 21:00:00,38.200000249999995
2018-06-17 22:00:00,0.0
2018-06-17 23:00:00,0.0
2018-06-18 00:00:00,0.0
2018-06-18 01:00:00,0.0
2018-06-18 02:00:00,0.0
2018-06-18 03:00:00,0.0
2018-06-18 04:00:00,0.0
2018-06-18 05:00:00,0.0
2018-06-18 06:00:00,0.0
2018-06-18 07:00:00,0.0
2018-06-18 08:00:00,0.0
2018-06-18 09:00:00,0.0
2018-06-18 10:00:00,0.0
2018-06-18 11:00:00,52.6
2018-06-18 12:00:00,259.05
2018-06-18 13:00:00,462.02500499999996
2018-06-18 14:00:00,621.20001
2018-06-18 15:00:00,720.87501
2018-06-18 16:00:00,753.6500100000001
2018-06-18 17:00:00,716.375
2018-06-18 18:00:00,610.825
2018-06-18 19:00:00,447.550005
2018-06-18 20:00:00,242.0
2018-06-18 21:00:00,42.000001250000004
2018-06-18 22:00:00,0.0
2018-06-18 23:00:00,0.0
2018-06-19 00:00:00,0.0
2018-06-19 01:00:00,0.0
2018-06-19 02:00:00,0.0
2018-06-19 03:00:00,0.0
2018-06-19 04:00:00,0.0
2018-06-19 05:00:00,0.0
2018-06-19 06:00:00,0.0
2018-06-19 07:00:00,0.0
2018-06-19 08:00:00,0.0
2018-06-19 09:00:00,0.0
2018-06-19 10:00:00,0.0
2018-06-19 11:00:00,52.550000250000004
2018-06-19 12:00:00,255.925005
2018-06-19 13:00:00,459.325
2018-06-19 14:00:00,617.925
2018-06-19 15:00:00,716.7
2018-06-19 16:00:00,747.82501
2018-06-19 17:00:00,709.55001
2018-06-19 18:00:00,604.5
2018-06-19 19:00:00,442.800005
2018-06-19 20:00:00,239.075
2018-06-19 21:00:00,40.35000025
2018-06-19 22:00:00,0.0
2018-06-19 23:00:00,0.0
2018-06-20 00:00:00,0.0
2018-06-20 01:00:00,0.0
2018-06-20 02:00:00,0.0
2018-06-20 03:00:00,0.0
2018-06-20 04:00:00,0.0
2018-06-20 05:00:00,0.0
2018-06-20 06:00:00,0.0
2018-06-20 07:00:00,0.0
2018-06-20 08:00:00,0.0
2018-06-20 09:00:00,0.0
2018-06-20 10:00:00,0.0
2018-06-20 11:00:00,49.30000025
2018-06-20 12:00:00,254.15000750000002
2018-06-20 13:00:00,456.90001
2018-06-20 14:00:00,616.975
2018-06-20 15:00:00,717.4750200000001
2018-06-20 16:00:00,750.3249999999999
2018-06-20 17:00:00,713.12501
2018-06-20 18:00:00,607.15
2018-06-20 19:00:00,444.52500499999996
2018-06-20 20:00:00,240.40000500000002
2018-06-20 21:00:00,41.55
2018-06-20 22:00:00,0.0
2018-06-20 23:00:00,0.0
2018-06-21 00:00:00,0.0
2018-06-21 01:00:00,0.0
2018-06-21 02:00:00,0.0
2018-06-21 03:00:00,0.0
2018-06-21 04:00:00,0.0
2018-06-21 05:00:00,0.0
2018-06-21 06:00:00,0.0
2018-06-21 07:00:00,0.0
2018-06-21 08:00:00,0.0
2018-06-21 09:00:00,0.0
2018-06-21 10:00:00,0.0
2018-06-21 11:00:00,46.70000125
2018-06-21 12:00:00,251.45000000000002
2018-06-21 13:00:00,454.1
2018-06-21 14:00:00,614.0
2018-06-21 15:00:00,714.3000099999999
2018-06-21 16:00:00,746.45002
2018-06-21 17:00:00,707.525
2018-06-21 18:00:00,597.85001
2018-06-21 19:00:00,435.35001
2018-06-21 20:00:00,233.42501000000001
2018-06-21 21:00:00,38.300000250000004
2018-06-21 22:00:00,0.0
2018-06-21 23:00:00,0.0
2018-06-22 00:00:00,0.0
2018-06-22 01:00:00,0.0
2018-06-22 02:00:00,0.0
2018-06-22 03:00:00,0.0
2018-06-22 04:00:00,0.0
2018-06-22 05:00:00,0.0
2018-06-22 06:00:00,0.0
2018-06-22 07:00:00,0.0
2018-06-22 08:00:00,0.0
2018-06-22 09:00:00,0.0
2018-06-22 10:00:00,0.0
2018-06-22 11:00:00,48.7
2018-06-22 12:00:00,253.575005
2018-06-22 13:00:00,456.600015
2018-06-22 14:00:00,616.025
2018-06-22 15:00:00,716.0500099999999
2018-06-22 16:00:00,747.925
2018-06-22 17:00:00,709.77501
2018-06-22 18:00:00,605.00001
2018-06-22 19:00:00,443.6
2018-06-22 20:00:00,240.89999999999998
2018-06-22 21:00:00,42.574999999999996
2018-06-22 22:00:00,0.0
2018-06-22 23:00:00,0.0
2018-06-23 00:00:00,0.0
2018-06-23 01:00:00,0.0
2018-06-23 02:00:00,0.0
2018-06-23 03:00:00,0.0
2018-06-23 04:00:00,0.0
2018-06-23 05:00:00,0.0
2018-06-23 06:00:00,0.0
2018-06-23 07:00:00,0.0
2018-06-23 08:00:00,0.0
2018-06-23 09:00:00,0.0
2018-06-23 10:00:00,0.0
2018-06-23 11:00:00,46.1750005
2018-06-23 12:00:00,243.89999999999998
2018-06-23 13:00:00,444.050005
2018-06-23 14:00:00,597.75002
2018-06-23 15:00:00,696.6000200000001
2018-06-23 16:00:00,727.00002
2018-06-23 17:00:00,690.2750100000001
2018-06-23 18:00:00,583.80003
2018-06-23 19:00:00,425.750005
2018-06-23 20:00:00,227.550005
2018-06-23 21:00:00,36.12500025
2018-06-23 22:00:00,0.0
2018-06-23 23:00:00,0.0
2018-06-24 00:00:00,0.0
2018-06-24 01:00:00,0.0
2018-06-24 02:00:00,0.0
2018-06-24 03:00:00,0.0
2018-06-24 04:00:00,0.0
2018-06-24 05:00:00,0.0
2018-06-24 06:00:00,0.0
2018-06-24 07:00:00,0.0
2018-06-24 08:00:00,0.0
2018-06-24 09:00:00,0.0
2018-06-24 10:00:00,0.0
2018-06-24 11:00:00,33.025
2018-06-24 12:00:00,229.25
2018-06-24 13:00:00,433.400005
2018-06-24 14:00:00,597.25001
2018-06-24 15:00:00,696.25001
2018-06-24 16:00:00,728.35
2018-06-24 17:00:00,693.1999999999999
2018-06-24 18:00:00,591.5250100000001
2018-06-24 19:00:00,431.025
2018-06-24 20:00:00,228.7750025
2018-06-24 21:00:00,40.475
2018-06-24 22:00:00,0.0
2018-06-24 23:00:00,0.0
2018-06-25 00:00:00,0.0
2018-06-25 01:00:00,0.0
2018-06-25 02:00:00,0.0
2018-06-25 03:00:00,0.0
2018-06-25 04:00:00,0.0
2018-06-25 05:00:00,0.0
2018-06-25 06:00:00,0.0
2018-06-25 07:00:00,0.0
2018-06-25 08:00:00,0.0
2018-06-25 09:00:00,0.0
2018-06-25 10:00:00,0.0
2018-06-25 11:00:00,47.925
2018-06-25 12:00:00,248.9750025
2018-06-25 13:00:00,450.75
2018-06-25 14:00:00,609.10001
2018-06-25 15:00:00,708.00003
2018-06-25 16:00:00,741.45001
2018-06-25 17:00:00,706.02501
2018-06-25 18:00:00,600.47501
2018-06-25 19:00:00,440.050005
2018-06-25 20:00:00,238.625
2018-06-25 21:00:00,41.375
2018-06-25 22:00:00,0.0
2018-06-25 23:00:00,0.0
2018-06-26 00:00:00,0.0
2018-06-26 01:00:00,0.0
2018-06-26 02:00:00,0.0
2018-06-26 03:00:00,0.0
2018-06-26 04:00:00,0.0
2018-06-26 05:00:00,0.0
2018-06-26 06:00:00,0.0
2018-06-26 07:00:00,0.0
2018-06-26 08:00:00,0.0
2018-06-26 09:00:00,0.0
2018-06-26 10:00:00,0.0
2018-06-26 11:00:00,46.55000025
2018-06-26 12:00:00,248.650005
2018-06-26 13:00:00,452.875005
2018-06-26 14:00:00,613.95001
2018-06-26 15:00:00,716.30001
2018-06-26 16:00:00,751.42502
2018-06-26 17:00:00,716.3000099999999
2018-06-26 18:00:00,611.50001
2018-06-26 19:00:00,449.975005
2018-06-26 20:00:00,246.075005
2018-06-26 21:00:00,45.27500175
2018-06-26 22:00:00,0.0
2018-06-26 23:00:00,0.0
2018-06-27 00:00:00,0.0
2018-06-27 01:00:00,0.0
2018-06-27 02:00:00,0.0
2018-06-27 03:00:00,0.0
2018-06-27 04:00:00,0.0
2018-06-27 05:00:00,0.0
2018-06-27 06:00:00,0.0
2018-06-27 07:00:00,0.0
2018-06-27 08:00:00,0.0
2018-06-27 09:00:00,0.0
2018-06-27 10:00:00,0.0
2018-06-27 11:00:00,46.9
2018-06-27 12:00:00,245.925005
2018-06-27 13:00:00,449.300005
2018-06-27 14:00:00,610.07502
2018-06-27 15:00:00,712.2250200000001
2018-06-27 16:00:00,747.37503
2018-06-27 17:00:00,712.17501
2018-06-27 18:00:00,608.9
2018-06-27 19:00:00,446.575
2018-06-27 20:00:00,242.875005
2018-06-27 21:00:00,43.949999999999996
2018-06-27 22:00:00,0.0
2018-06-27 23:00:00,0.0
2018-06-28 00:00:00,0.0
2018-06-28 01:00:00,0.0
2018-06-28 02:00:00,0.0
2018-06-28 03:00:00,0.0
2018-06-28 04:00:00,0.0
2018-06-28 05:00:00,0.0
2018-06-28 06:00:00,0.0
2018-06-28 07:00:00,0.0
2018-06-28 08:00:00,0.0
2018-06-28 09:00:00,0.0
2018-06-28 10:00:00,0.0
2018-06-28 11:00:00,44.475
2018-06-28 12:00:00,232.625
2018-06-28 13:00:00,434.150005
2018-06-28 14:00:00,595.2750100000001
2018-06-28 15:00:00,695.15
2018-06-28 16:00:00,728.575
2018-06-28 17:00:00,693.0
2018-06-28 18:00:00,595.32501
2018-06-28 19:00:00,436.15001
2018-06-28 20:00:00,230.050005
2018-06-28 21:00:00,23.650001250000003
2018-06-28 22:00:00,0.0
2018-06-28 23:00:00,0.0
2018-06-29 00:00:00,0.0
2018-06-29 01:00:00,0.0
2018-06-29 02:00:00,0.0
2018-06-29 03:00:00,0.0
2018-06-29 04:00:00,0.0
2018-06-29 05:00:00,0.0
2018-06-29 06:00:00,0.0
2018-06-29 07:00:00,0.0
2018-06-29 08:00:00,0.0
2018-06-29 09:00:00,0.0
2018-06-29 10:00:00,0.0
2018-06-29 11:00:00,43.775
2018-06-29 12:00:00,243.850005
2018-06-29 13:00:00,449.15
2018-06-29 14:00:00,611.60001
2018-06-29 15:00:00,714.82501
2018-06-29 16:00:00,749.75002
2018-06-29 17:00:00,714.2750100000001
2018-06-29 18:00:00,605.625
2018-06-29 19:00:00,442.55001
2018-06-29 20:00:00,238.72500250000002
2018-06-29 21:00:00,41.775000000000006
2018-06-29 22:00:00,0.0
2018-06-29 23:00:00,0.0
2018-06-30 00:00:00,0.0
2018-06-30 01:00:00,0.0
2018-06-30 02:00:00,0.0
2018-06-30 03:00:00,0.0
2018-06-30 04:00:00,0.0
2018-06-30 05:00:00,0.0
2018-06-30 06:00:00,0.0
2018-06-30 07:00:00,0.0
2018-06-30 08:00:00,0.0
2018-06-30 09:00:00,0.0
2018-06-30 10:00:00,0.0
2018-06-30 11:00:00,35.675
2018-06-30 12:00:00,214.7000025
2018-06-30 13:00:00,419.70000500000003
2018-06-30 14:00:00,572.575
2018-06-30 15:00:00,689.2750100000001
2018-06-30 16:00:00,720.87501
2018-06-30 17:00:00,690.625
2018-06-30 18:00:00,546.25001
2018-06-30 19:00:00,364.775005
2018-06-30 20:00:00,131.54999999999998
2018-06-30 21:00:00,20.325
2018-06-30 22:00:00,0.0
2018-06-30 23:00:00,0.0
2018-07-01 00:00:00,0.0
2018-07-01 01:00:00,0.0
2018-07-01 02:00:00,0.0
2018-07-01 03:00:00,0.0
2018-07-01 04:00:00,0.0
2018-07-01 05:00:00,0.0
2018-07-01 06:00:00,0.0
2018-07-01 07:00:00,0.0
2018-07-01 08:00:00,0.0
2018-07-01 09:00:00,0.0
2018-07-01 10:00:00,0.0
2018-07-01 11:00:00,33.675000000000004
2018-07-01 12:00:00,179.72500250000002
2018-07-01 13:00:00,326.000005
2018-07-01 14:00:00,448.70001
2018-07-01 15:00:00,509.750015
2018-07-01 16:00:00,474.275
2018-07-01 17:00:00,423.07500500000003
2018-07-01 18:00:00,381.57500500000003
2018-07-01 19:00:00,316.15
2018-07-01 20:00:00,127.42500375
2018-07-01 21:00:00,19.200000000000003
2018-07-01 22:00:00,0.0
2018-07-01 23:00:00,0.0
2018-07-02 00:00:00,0.0
2018-07-02 01:00:00,0.0
2018-07-02 02:00:00,0.0
2018-07-02 03:00:00,0.0
2018-07-02 04:00:00,0.0
2018-07-02 05:00:00,0.0
2018-07-02 06:00:00,0.0
2018-07-02 07:00:00,0.0
2018-07-02 08:00:00,0.0
2018-07-02 09:00:00,0.0
2018-07-02 10:00:00,0.0
2018-07-02 11:00:00,42.450001325
2018-07-02 12:00:00,221.45
2018-07-02 13:00:00,409.45001
2018-07-02 14:00:00,543.20001
2018-07-02 15:00:00,566.9000100000001
2018-07-02 16:00:00,532.05001
2018-07-02 17:00:00,465.95
2018-07-02 18:00:00,325.625005
2018-07-02 19:00:00,263.625005
2018-07-02 20:00:00,121.125
2018-07-02 21:00:00,20.450000250000002
2018-07-02 22:00:00,0.0
2018-07-02 23:00:00,0.0
2018-07-03 00:00:00,0.0
2018-07-03 01:00:00,0.0
2018-07-03 02:00:00,0.0
2018-07-03 03:00:00,0.0
2018-07-03 04:00:00,0.0
2018-07-03 05:00:00,0.0
2018-07-03 06:00:00,0.0
2018-07-03 07:00:00,0.0
2018-07-03 08:00:00,0.0
2018-07-03 09:00:00,0.0
2018-07-03 10:00:00,0.0
2018-07-03 11:00:00,27.85
2018-07-03 12:00:00,163.8750025
2018-07-03 13:00:00,244.75
2018-07-03 14:00:00,343.725005
2018-07-03 15:00:00,405.45000500000003
2018-07-03 16:00:00,438.2
2018-07-03 17:00:00,541.900005
2018-07-03 18:00:00,459.82500500000003
2018-07-03 19:00:00,440.475005
2018-07-03 20:00:00,241.85001
2018-07-03 21:00:00,43.02500125
2018-07-03 22:00:00,0.0
2018-07-03 23:00:00,0.0
2018-07-04 00:00:00,0.0
2018-07-04 01:00:00,0.0
2018-07-04 02:00:00,0.0
2018-07-04 03:00:00,0.0
2018-07-04 04:00:00,0.0
2018-07-04 05:00:00,0.0
2018-07-04 06:00:00,0.0
2018-07-04 07:00:00,0.0
2018-07-04 08:00:00,0.0
2018-07-04 09:00:00,0.0
2018-07-04 10:00:00,0.0
2018-07-04 11:00:00,40.80000125
2018-07-04 12:00:00,225.50000500000002
2018-07-04 13:00:00,447.325
2018-07-04 14:00:00,600.70001
2018-07-04 15:00:00,701.575
2018-07-04 16:00:00,722.6500100000001
2018-07-04 17:00:00,715.65002
2018-07-04 18:00:00,614.87502
2018-07-04 19:00:00,456.075
2018-07-04 20:00:00,254.5250025
2018-07-04 21:00:00,48.32500125
2018-07-04 22:00:00,0.0
2018-07-04 23:00:00,0.0
2018-07-05 00:00:00,0.0
2018-07-05 01:00:00,0.0
2018-07-05 02:00:00,0.0
2018-07-05 03:00:00,0.0
2018-07-05 04:00:00,0.0
2018-07-05 05:00:00,0.0
2018-07-05 06:00:00,0.0
2018-07-05 07:00:00,0.0
2018-07-05 08:00:00,0.0
2018-07-05 09:00:00,0.0
2018-07-05 10:00:00,0.0
2018-07-05 11:00:00,15.533333366666668
2018-07-05 12:00:00,174.525
2018-07-05 13:00:00,333.025
2018-07-05 14:00:00,482.5
2018-07-05 15:00:00,648.375
2018-07-05 16:00:00,453.04999999999995
2018-07-05 17:00:00,499.92501500000003
2018-07-05 18:00:00,621.10002
2018-07-05 19:00:00,459.9
2018-07-05 20:00:00,255.1500025
2018-07-05 21:00:00,51.074999999999996
2018-07-05 22:00:00,0.0
2018-07-05 23:00:00,0.0
2018-07-06 00:00:00,0.0
2018-07-06 01:00:00,0.0
2018-07-06 02:00:00,0.0
2018-07-06 03:00:00,0.0
2018-07-06 04:00:00,0.0
2018-07-06 05:00:00,0.0
2018-07-06 06:00:00,0.0
2018-07-06 07:00:00,0.0
2018-07-06 08:00:00,0.0
2018-07-06 09:00:00,0.0
2018-07-06 10:00:00,0.0
2018-07-06 11:00:00,38.725
2018-07-06 12:00:00,180.7000025
2018-07-06 13:00:00,267.975
2018-07-06 14:00:00,313.550005
2018-07-06 15:00:00,319.37501
2018-07-06 16:00:00,321.625
2018-07-06 17:00:00,344.850005
2018-07-06 18:00:00,336.17501
2018-07-06 19:00:00,321.625005
2018-07-06 20:00:00,216.075005
2018-07-06 21:00:00,47.275
2018-07-06 22:00:00,0.0
2018-07-06 23:00:00,0.0
2018-07-07 00:00:00,0.0
2018-07-07 01:00:00,0.0
2018-07-07 02:00:00,0.0
2018-07-07 03:00:00,0.0
2018-07-07 04:00:00,0.0
2018-07-07 05:00:00,0.0
2018-07-07 06:00:00,0.0
2018-07-07 07:00:00,0.0
2018-07-07 08:00:00,0.0
2018-07-07 09:00:00,0.0
2018-07-07 10:00:00,0.0
2018-07-07 11:00:00,47.675
2018-07-07 12:00:00,249.5
2018-07-07 13:00:00,457.75
2018-07-07 14:00:00,623.5250100000001
2018-07-07 15:00:00,728.225
2018-07-07 16:00:00,668.575
2018-07-07 17:00:00,588.15
2018-07-07 18:00:00,395.90001
2018-07-07 19:00:00,438.300005
2018-07-07 20:00:00,208.40000500000002
2018-07-07 21:00:00,45.55
2018-07-07 22:00:00,0.0
2018-07-07 23:00:00,0.0
2018-07-08 00:00:00,0.0
2018-07-08 01:00:00,0.0
2018-07-08 02:00:00,0.0
2018-07-08 03:00:00,0.0
2018-07-08 04:00:00,0.0
2018-07-08 05:00:00,0.0
2018-07-08 06:00:00,0.0
2018-07-08 07:00:00,0.0
2018-07-08 08:00:00,0.0
2018-07-08 09:00:00,0.0
2018-07-08 10:00:00,0.0
2018-07-08 11:00:00,41.0000005
2018-07-08 12:00:00,238.625
2018-07-08 13:00:00,443.250005
2018-07-08 14:00:00,607.2250200000001
2018-07-08 15:00:00,651.0
2018-07-08 16:00:00,683.45001
2018-07-08 17:00:00,577.725015
2018-07-08 18:00:00,433.850015
2018-07-08 19:00:00,361.85001
2018-07-08 20:00:00,157.35
2018-07-08 21:00:00,46.95
2018-07-08 22:00:00,0.0
2018-07-08 23:00:00,0.0
2018-07-09 00:00:00,0.0
2018-07-09 01:00:00,0.0
2018-07-09 02:00:00,0.0
2018-07-09 03:00:00,0.0
2018-07-09 04:00:00,0.0
2018-07-09 05:00:00,0.0
2018-07-09 06:00:00,0.0
2018-07-09 07:00:00,0.0
2018-07-09 08:00:00,0.0
2018-07-09 09:00:00,0.0
2018-07-09 10:00:00,0.0
2018-07-09 11:00:00,42.150000000000006
2018-07-09 12:00:00,243.15
2018-07-09 13:00:00,447.400005
2018-07-09 14:00:00,610.425
2018-07-09 15:00:00,715.1500100000001
2018-07-09 16:00:00,752.3
2018-07-09 17:00:00,718.725
2018-07-09 18:00:00,614.72501
2018-07-09 19:00:00,455.475005
2018-07-09 20:00:00,254.0250025
2018-07-09 21:00:00,52.4
2018-07-09 22:00:00,0.0
2018-07-09 23:00:00,0.0
2018-07-10 00:00:00,0.0
2018-07-10 01:00:00,0.0
2018-07-10 02:00:00,0.0
2018-07-10 03:00:00,0.0
2018-07-10 04:00:00,0.0
2018-07-10 05:00:00,0.0
2018-07-10 06:00:00,0.0
2018-07-10 07:00:00,0.0
2018-07-10 08:00:00,0.0
2018-07-10 09:00:00,0.0
2018-07-10 10:00:00,0.0
2018-07-10 11:00:00,45.50000125
2018-07-10 12:00:00,247.8750025
2018-07-10 13:00:00,456.75
2018-07-10 14:00:00,622.7750100000001
2018-07-10 15:00:00,726.12501
2018-07-10 16:00:00,764.225
2018-07-10 17:00:00,730.4
2018-07-10 18:00:00,610.52502
2018-07-10 19:00:00,440.175005
2018-07-10 20:00:00,243.37501
2018-07-10 21:00:00,39.35
2018-07-10 22:00:00,0.0
2018-07-10 23:00:00,0.0
2018-07-11 00:00:00,
2018-07-11 01:00:00,
2018-07-11 02:00:00,
2018-07-11 03:00:00,0.0
2018-07-11 04:00:00,0.0
2018-07-11 05:00:00,0.0
2018-07-11 06:00:00,0.0
2018-07-11 07:00:00,0.0
2018-07-11 08:00:00,0.0
2018-07-11 09:00:00,0.0
2018-07-11 10:00:00,0.0
2018-07-11 11:00:00,27.675000500000003
2018-07-11 12:00:00,156.050005
2018-07-11 13:00:00,243.0250025
2018-07-11 14:00:00,298.7
2018-07-11 15:00:00,320.200015
2018-07-11 16:00:00,291.2
2018-07-11 17:00:00,339.000005
2018-07-11 18:00:00,416.65
2018-07-11 19:00:00,441.925005
2018-07-11 20:00:00,242.000005
2018-07-11 21:00:00,46.05
2018-07-11 22:00:00,0.0
2018-07-11 23:00:00,0.0
2018-07-12 00:00:00,0.0
2018-07-12 01:00:00,0.0
2018-07-12 02:00:00,0.0
2018-07-12 03:00:00,0.0
2018-07-12 04:00:00,0.0
2018-07-12 05:00:00,0.0
2018-07-12 06:00:00,0.0
2018-07-12 07:00:00,0.0
2018-07-12 08:00:00,0.0
2018-07-12 09:00:00,0.0
2018-07-12 10:00:00,0.0
2018-07-12 11:00:00,43.35
2018-07-12 12:00:00,236.82500249999998
2018-07-12 13:00:00,395.25001
2018-07-12 14:00:00,549.8500200000001
2018-07-12 15:00:00,710.50001
2018-07-12 16:00:00,705.9
2018-07-12 17:00:00,555.3
2018-07-12 18:00:00,340.600005
2018-07-12 19:00:00,267.875
2018-07-12 20:00:00,131.375
2018-07-12 21:00:00,21.67500025
2018-07-12 22:00:00,0.0
2018-07-12 23:00:00,0.0
2018-07-13 00:00:00,0.0
2018-07-13 01:00:00,0.0
2018-07-13 02:00:00,0.0
2018-07-13 03:00:00,0.0
2018-07-13 04:00:00,0.0
2018-07-13 05:00:00,0.0
2018-07-13 06:00:00,0.0
2018-07-13 07:00:00,0.0
2018-07-13 08:00:00,0.0
2018-07-13 09:00:00,0.0
2018-07-13 10:00:00,0.0
2018-07-13 11:00:00,44.4
2018-07-13 12:00:00,245.87501
2018-07-13 13:00:00,452.625005
2018-07-13 14:00:00,617.60001
2018-07-13 15:00:00,690.50003
2018-07-13 16:00:00,669.175
2018-07-13 17:00:00,671.8000099999999
2018-07-13 18:00:00,635.15
2018-07-13 19:00:00,473.775
2018-07-13 20:00:00,267.4750025
2018-07-13 21:00:00,59.17500025
2018-07-13 22:00:00,0.0
2018-07-13 23:00:00,0.0
2018-07-14 00:00:00,0.0
2018-07-14 01:00:00,0.0
2018-07-14 02:00:00,0.0
2018-07-14 03:00:00,0.0
2018-07-14 04:00:00,0.0
2018-07-14 05:00:00,0.0
2018-07-14 06:00:00,0.0
2018-07-14 07:00:00,0.0
2018-07-14 08:00:00,0.0
2018-07-14 09:00:00,0.0
2018-07-14 10:00:00,0.0
2018-07-14 11:00:00,48.675
2018-07-14 12:00:00,245.6500025
2018-07-14 13:00:00,452.775
2018-07-14 14:00:00,618.37501
2018-07-14 15:00:00,724.82501
2018-07-14 16:00:00,760.75
2018-07-14 17:00:00,725.95
2018-07-14 18:00:00,623.52503
2018-07-14 19:00:00,462.87501
2018-07-14 20:00:00,260.775
2018-07-14 21:00:00,57.675
2018-07-14 22:00:00,0.0
2018-07-14 23:00:00,0.0
2018-07-15 00:00:00,0.0
2018-07-15 01:00:00,0.0
2018-07-15 02:00:00,0.0
2018-07-15 03:00:00,0.0
2018-07-15 04:00:00,0.0
2018-07-15 05:00:00,0.0
2018-07-15 06:00:00,0.0
2018-07-15 07:00:00,0.0
2018-07-15 08:00:00,0.0
2018-07-15 09:00:00,0.0
2018-07-15 10:00:00,0.0
2018-07-15 11:00:00,47.525000250000005
2018-07-15 12:00:00,250.15
2018-07-15 13:00:00,453.975005
2018-07-15 14:00:00,616.82502
2018-07-15 15:00:00,721.20001
2018-07-15 16:00:00,758.62502
2018-07-15 17:00:00,725.775
2018-07-15 18:00:00,624.70001
2018-07-15 19:00:00,467.225005
2018-07-15 20:00:00,267.5000025
2018-07-15 21:00:00,60.47500050000001
2018-07-15 22:00:00,0.0
2018-07-15 23:00:00,0.0
2018-07-16 00:00:00,0.0
2018-07-16 01:00:00,0.0
2018-07-16 02:00:00,0.0
2018-07-16 03:00:00,0.0
2018-07-16 04:00:00,0.0
2018-07-16 05:00:00,0.0
2018-07-16 06:00:00,0.0
2018-07-16 07:00:00,0.0
2018-07-16 08:00:00,0.0
2018-07-16 09:00:00,0.0
2018-07-16 10:00:00,0.0
2018-07-16 11:00:00,47.4
2018-07-16 12:00:00,250.0000025
2018-07-16 13:00:00,457.25001000000003
2018-07-16 14:00:00,624.20001
2018-07-16 15:00:00,730.02503
2018-07-16 16:00:00,768.30001
2018-07-16 17:00:00,721.7
2018-07-16 18:00:00,630.47501
2018-07-16 19:00:00,470.125
2018-07-16 20:00:00,258.95000749999997
2018-07-16 21:00:00,59.175000250000004
2018-07-16 22:00:00,0.0
2018-07-16 23:00:00,0.0
2018-07-17 00:00:00,0.0
2018-07-17 01:00:00,0.0
2018-07-17 02:00:00,0.0
2018-07-17 03:00:00,0.0
2018-07-17 04:00:00,0.0
2018-07-17 05:00:00,0.0
2018-07-17 06:00:00,0.0
2018-07-17 07:00:00,0.0
2018-07-17 08:00:00,0.0
2018-07-17 09:00:00,0.0
2018-07-17 10:00:00,0.0
2018-07-17 11:00:00,49.3000005
2018-07-17 12:00:00,257.1250025
2018-07-17 13:00:00,466.025005
2018-07-17 14:00:00,632.75
2018-07-17 15:00:00,738.025
2018-07-17 16:00:00,774.82502
2018-07-17 17:00:00,741.85001
2018-07-17 18:00:00,639.825
2018-07-17 19:00:00,479.125
2018-07-17 20:00:00,274.225005
2018-07-17 21:00:00,62.675
2018-07-17 22:00:00,0.0
2018-07-17 23:00:00,0.0
2018-07-18 00:00:00,0.0
2018-07-18 01:00:00,0.0
2018-07-18 02:00:00,0.0
2018-07-18 03:00:00,0.0
2018-07-18 04:00:00,0.0
2018-07-18 05:00:00,0.0
2018-07-18 06:00:00,0.0
2018-07-18 07:00:00,0.0
2018-07-18 08:00:00,0.0
2018-07-18 09:00:00,0.0
2018-07-18 10:00:00,0.0
2018-07-18 11:00:00,45.7000005
2018-07-18 12:00:00,240.8000025
2018-07-18 13:00:00,445.225
2018-07-18 14:00:00,608.4
2018-07-18 15:00:00,716.55
2018-07-18 16:00:00,753.35
2018-07-18 17:00:00,720.57502
2018-07-18 18:00:00,617.95001
2018-07-18 19:00:00,390.925005
2018-07-18 20:00:00,156.975
2018-07-18 21:00:00,24.25
2018-07-18 22:00:00,0.0
2018-07-18 23:00:00,0.0
2018-07-19 00:00:00,0.0
2018-07-19 01:00:00,0.0
2018-07-19 02:00:00,0.0
2018-07-19 03:00:00,0.0
2018-07-19 04:00:00,0.0
2018-07-19 05:00:00,0.0
2018-07-19 06:00:00,0.0
2018-07-19 07:00:00,0.0
2018-07-19 08:00:00,0.0
2018-07-19 09:00:00,0.0
2018-07-19 10:00:00,0.0
2018-07-19 11:00:00,47.2250025
2018-07-19 12:00:00,236.1500025
2018-07-19 13:00:00,455.15001
2018-07-19 14:00:00,610.7
2018-07-19 15:00:00,688.20001
2018-07-19 16:00:00,736.00001
2018-07-19 17:00:00,631.82502
2018-07-19 18:00:00,231.6750025
2018-07-19 19:00:00,392.125
2018-07-19 20:00:00,204.825
2018-07-19 21:00:00,55.5
2018-07-19 22:00:00,0.0
2018-07-19 23:00:00,0.0
2018-07-20 00:00:00,0.0
2018-07-20 01:00:00,0.0
2018-07-20 02:00:00,0.0
2018-07-20 03:00:00,0.0
2018-07-20 04:00:00,0.0
2018-07-20 05:00:00,0.0
2018-07-20 06:00:00,0.0
2018-07-20 07:00:00,0.0
2018-07-20 08:00:00,0.0
2018-07-20 09:00:00,0.0
2018-07-20 10:00:00,0.0
2018-07-20 11:00:00,57.4000025
2018-07-20 12:00:00,272.2750025
2018-07-20 13:00:00,486.72502000000003
2018-07-20 14:00:00,655.70002
2018-07-20 15:00:00,762.57501
2018-07-20 16:00:00,801.72501
2018-07-20 17:00:00,770.45001
2018-07-20 18:00:00,669.05002
2018-07-20 19:00:00,506.52501
2018-07-20 20:00:00,297.25000750000004
2018-07-20 21:00:00,74.5250005
2018-07-20 22:00:00,0.0
2018-07-20 23:00:00,0.0
2018-07-21 00:00:00,0.0
2018-07-21 01:00:00,0.0
2018-07-21 02:00:00,0.0
2018-07-21 03:00:00,0.0
2018-07-21 04:00:00,0.0
2018-07-21 05:00:00,0.0
2018-07-21 06:00:00,0.0
2018-07-21 07:00:00,0.0
2018-07-21 08:00:00,0.0
2018-07-21 09:00:00,0.0
2018-07-21 10:00:00,0.0
2018-07-21 11:00:00,58.075
2018-07-21 12:00:00,268.875
2018-07-21 13:00:00,480.47499999999997
2018-07-21 14:00:00,648.5
2018-07-21 15:00:00,758.9000000000001
2018-07-21 16:00:00,795.725
2018-07-21 17:00:00,676.825
2018-07-21 18:00:00,655.025
2018-07-21 19:00:00,492.35001
2018-07-21 20:00:00,286.625
2018-07-21 21:00:00,60.1250025
2018-07-21 22:00:00,0.0
2018-07-21 23:00:00,0.0
2018-07-22 00:00:00,0.0
2018-07-22 01:00:00,0.0
2018-07-22 02:00:00,0.0
2018-07-22 03:00:00,0.0
2018-07-22 04:00:00,0.0
2018-07-22 05:00:00,0.0
2018-07-22 06:00:00,0.0
2018-07-22 07:00:00,0.0
2018-07-22 08:00:00,0.0
2018-07-22 09:00:00,0.0
2018-07-22 10:00:00,0.0
2018-07-22 11:00:00,55.55000025
2018-07-22 12:00:00,262.475
2018-07-22 13:00:00,470.65
2018-07-22 14:00:00,636.50001
2018-07-22 15:00:00,745.3000099999999
2018-07-22 16:00:00,785.325
2018-07-22 17:00:00,754.37501
2018-07-22 18:00:00,652.60001
2018-07-22 19:00:00,492.79999999999995
2018-07-22 20:00:00,288.65
2018-07-22 21:00:00,66.70000250000001
2018-07-22 22:00:00,0.0
2018-07-22 23:00:00,0.0
2018-07-23 00:00:00,0.0
2018-07-23 01:00:00,0.0
2018-07-23 02:00:00,0.0
2018-07-23 03:00:00,0.0
2018-07-23 04:00:00,0.0
2018-07-23 05:00:00,0.0
2018-07-23 06:00:00,0.0
2018-07-23 07:00:00,0.0
2018-07-23 08:00:00,0.0
2018-07-23 09:00:00,0.0
2018-07-23 10:00:00,0.0
2018-07-23 11:00:00,54.85
2018-07-23 12:00:00,268.3
2018-07-23 13:00:00,479.70000500000003
2018-07-23 14:00:00,649.62501
2018-07-23 15:00:00,757.32501
2018-07-23 16:00:00,796.82502
2018-07-23 17:00:00,745.82501
2018-07-23 18:00:00,620.8499999999999
2018-07-23 19:00:00,445.325
2018-07-23 20:00:00,240.85000374999998
2018-07-23 21:00:00,27.4000005
2018-07-23 22:00:00,0.0
2018-07-23 23:00:00,0.0
2018-07-24 00:00:00,0.0
2018-07-24 01:00:00,0.0
2018-07-24 02:00:00,0.0
2018-07-24 03:00:00,0.0
2018-07-24 04:00:00,0.0
2018-07-24 05:00:00,0.0
2018-07-24 06:00:00,0.0
2018-07-24 07:00:00,0.0
2018-07-24 08:00:00,0.0
2018-07-24 09:00:00,0.0
2018-07-24 10:00:00,0.0
2018-07-24 11:00:00,48.0250015
2018-07-24 12:00:00,232.3500075
2018-07-24 13:00:00,400.475
2018-07-24 14:00:00,625.4750200000001
2018-07-24 15:00:00,743.07501
2018-07-24 16:00:00,782.375
2018-07-24 17:00:00,751.5
2018-07-24 18:00:00,649.20001
2018-07-24 19:00:00,489.15000499999996
2018-07-24 20:00:00,284.800005
2018-07-24 21:00:00,67.40000125
2018-07-24 22:00:00,0.0
2018-07-24 23:00:00,0.0
2018-07-25 00:00:00,0.0
2018-07-25 01:00:00,0.0
2018-07-25 02:00:00,0.0
2018-07-25 03:00:00,0.0
2018-07-25 04:00:00,0.0
2018-07-25 05:00:00,0.0
2018-07-25 06:00:00,0.0
2018-07-25 07:00:00,0.0
2018-07-25 08:00:00,0.0
2018-07-25 09:00:00,0.0
2018-07-25 10:00:00,0.0
2018-07-25 11:00:00,43.20000025
2018-07-25 12:00:00,196.6750075
2018-07-25 13:00:00,342.52500499999996
2018-07-25 14:00:00,446.700005
2018-07-25 15:00:00,588.8
2018-07-25 16:00:00,689.4000100000001
2018-07-25 17:00:00,573.40002
2018-07-25 18:00:00,550.875
2018-07-25 19:00:00,479.45001
2018-07-25 20:00:00,282.3
2018-07-25 21:00:00,50.925
2018-07-25 22:00:00,0.0
2018-07-25 23:00:00,0.0
2018-07-26 00:00:00,0.0
2018-07-26 01:00:00,0.0
2018-07-26 02:00:00,0.0
2018-07-26 03:00:00,0.0
2018-07-26 04:00:00,0.0
2018-07-26 05:00:00,0.0
2018-07-26 06:00:00,0.0
2018-07-26 07:00:00,0.0
2018-07-26 08:00:00,0.0
2018-07-26 09:00:00,0.0
2018-07-26 10:00:00,0.0
2018-07-26 11:00:00,57.425
2018-07-26 12:00:00,256.925005
2018-07-26 13:00:00,465.325
2018-07-26 14:00:00,631.275
2018-07-26 15:00:00,735.375
2018-07-26 16:00:00,773.275
2018-07-26 17:00:00,718.57502
2018-07-26 18:00:00,511.9
2018-07-26 19:00:00,427.675
2018-07-26 20:00:00,250.8750025
2018-07-26 21:00:00,63.775
2018-07-26 22:00:00,0.0
2018-07-26 23:00:00,0.0
2018-07-27 00:00:00,0.0
2018-07-27 01:00:00,0.0
2018-07-27 02:00:00,0.0
2018-07-27 03:00:00,0.0
2018-07-27 04:00:00,0.0
2018-07-27 05:00:00,0.0
2018-07-27 06:00:00,0.0
2018-07-27 07:00:00,0.0
2018-07-27 08:00:00,0.0
2018-07-27 09:00:00,0.0
2018-07-27 10:00:00,0.0
2018-07-27 11:00:00,57.5
2018-07-27 12:00:00,268.025
2018-07-27 13:00:00,475.600005
2018-07-27 14:00:00,640.6500100000001
2018-07-27 15:00:00,749.9
2018-07-27 16:00:00,791.475
2018-07-27 17:00:00,760.62502
2018-07-27 18:00:00,661.35001
2018-07-27 19:00:00,501.375
2018-07-27 20:00:00,296.000005
2018-07-27 21:00:00,73.125001825
2018-07-27 22:00:00,0.0
2018-07-27 23:00:00,0.0
2018-07-28 00:00:00,0.0
2018-07-28 01:00:00,0.0
2018-07-28 02:00:00,0.0
2018-07-28 03:00:00,0.0
2018-07-28 04:00:00,0.0
2018-07-28 05:00:00,0.0
2018-07-28 06:00:00,0.0
2018-07-28 07:00:00,0.0
2018-07-28 08:00:00,0.0
2018-07-28 09:00:00,0.0
2018-07-28 10:00:00,0.0
2018-07-28 11:00:00,65.05
2018-07-28 12:00:00,287.05
2018-07-28 13:00:00,502.34999999999997
2018-07-28 14:00:00,673.2
2018-07-28 15:00:00,781.97501
2018-07-28 16:00:00,821.15
2018-07-28 17:00:00,788.17501
2018-07-28 18:00:00,686.27501
2018-07-28 19:00:00,523.80001
2018-07-28 20:00:00,313.85
2018-07-28 21:00:00,86.4750025
2018-07-28 22:00:00,0.0
2018-07-28 23:00:00,0.0
2018-07-29 00:00:00,0.0
2018-07-29 01:00:00,0.0
2018-07-29 02:00:00,0.0
2018-07-29 03:00:00,0.0
2018-07-29 04:00:00,0.0
2018-07-29 05:00:00,0.0
2018-07-29 06:00:00,0.0
2018-07-29 07:00:00,0.0
2018-07-29 08:00:00,0.0
2018-07-29 09:00:00,0.0
2018-07-29 10:00:00,0.0
2018-07-29 11:00:00,59.725
2018-07-29 12:00:00,264.97500875000003
2018-07-29 13:00:00,501.15
2018-07-29 14:00:00,673.12503
2018-07-29 15:00:00,783.45002
2018-07-29 16:00:00,823.675
2018-07-29 17:00:00,790.70001
2018-07-29 18:00:00,687.50001
2018-07-29 19:00:00,521.85002
2018-07-29 20:00:00,308.225
2018-07-29 21:00:00,61.2
2018-07-29 22:00:00,0.0
2018-07-29 23:00:00,0.0
2018-07-30 00:00:00,0.0
2018-07-30 01:00:00,0.0
2018-07-30 02:00:00,0.0
2018-07-30 03:00:00,0.0
2018-07-30 04:00:00,0.0
2018-07-30 05:00:00,0.0
2018-07-30 06:00:00,0.0
2018-07-30 07:00:00,0.0
2018-07-30 08:00:00,0.0
2018-07-30 09:00:00,0.0
2018-07-30 10:00:00,0.0
2018-07-30 11:00:00,62.875
2018-07-30 12:00:00,282.025
2018-07-30 13:00:00,497.57500000000005
2018-07-30 14:00:00,669.22502
2018-07-30 15:00:00,781.02501
2018-07-30 16:00:00,821.125
2018-07-30 17:00:00,788.25002
2018-07-30 18:00:00,679.65
2018-07-30 19:00:00,513.125
2018-07-30 20:00:00,301.375
2018-07-30 21:00:00,78.20000275
2018-07-30 22:00:00,0.0
2018-07-30 23:00:00,0.0
2018-07-31 00:00:00,0.0
2018-07-31 01:00:00,0.0
2018-07-31 02:00:00,0.0
2018-07-31 03:00:00,0.0
2018-07-31 04:00:00,0.0
2018-07-31 05:00:00,0.0
2018-07-31 06:00:00,0.0
2018-07-31 07:00:00,0.0
2018-07-31 08:00:00,0.0
2018-07-31 09:00:00,0.0
2018-07-31 10:00:00,0.0
2018-07-31 11:00:00,59.275
2018-07-31 12:00:00,267.95000749999997
2018-07-31 13:00:00,484.675005
2018-07-31 14:00:00,655.8000099999999
2018-07-31 15:00:00,773.2
2018-07-31 16:00:00,812.45002
2018-07-31 17:00:00,779.1500100000001
2018-07-31 18:00:00,678.42501
2018-07-31 19:00:00,512.62501
2018-07-31 20:00:00,301.775005
2018-07-31 21:00:00,82.4
2018-07-31 22:00:00,0.0
2018-07-31 23:00:00,0.0
2018-08-01 00:00:00,0.0
2018-08-01 01:00:00,0.0
2018-08-01 02:00:00,0.0
2018-08-01 03:00:00,0.0
2018-08-01 04:00:00,0.0
2018-08-01 05:00:00,0.0
2018-08-01 06:00:00,0.0
2018-08-01 07:00:00,0.0
2018-08-01 08:00:00,0.0
2018-08-01 09:00:00,0.0
2018-08-01 10:00:00,0.0
2018-08-01 11:00:00,60.4500005
2018-08-01 12:00:00,278.375
2018-08-01 13:00:00,488.175
2018-08-01 14:00:00,655.4499999999999
2018-08-01 15:00:00,762.07503
2018-08-01 16:00:00,800.95
2018-08-01 17:00:00,768.85
2018-08-01 18:00:00,668.42502
2018-08-01 19:00:00,507.025005
2018-08-01 20:00:00,301.075
2018-08-01 21:00:00,78.4000005
2018-08-01 22:00:00,0.0
2018-08-01 23:00:00,0.0
2018-08-02 00:00:00,0.0
2018-08-02 01:00:00,0.0
2018-08-02 02:00:00,0.0
2018-08-02 03:00:00,0.0
2018-08-02 04:00:00,0.0
2018-08-02 05:00:00,0.0
2018-08-02 06:00:00,0.0
2018-08-02 07:00:00,0.0
2018-08-02 08:00:00,0.0
2018-08-02 09:00:00,0.0
2018-08-02 10:00:00,0.0
2018-08-02 11:00:00,63.47500002499999
2018-08-02 12:00:00,277.8
2018-08-02 13:00:00,486.75001
2018-08-02 14:00:00,653.25001
2018-08-02 15:00:00,755.72501
2018-08-02 16:00:00,789.82501
2018-08-02 17:00:00,372.75
2018-08-02 18:00:00,241.9000025
2018-08-02 19:00:00,258.6
2018-08-02 20:00:00,152.6750025
2018-08-02 21:00:00,59.0000005
2018-08-02 22:00:00,0.0
2018-08-02 23:00:00,0.0
2018-08-03 00:00:00,0.0
2018-08-03 01:00:00,0.0
2018-08-03 02:00:00,0.0
2018-08-03 03:00:00,0.0
2018-08-03 04:00:00,0.0
2018-08-03 05:00:00,0.0
2018-08-03 06:00:00,0.0
2018-08-03 07:00:00,0.0
2018-08-03 08:00:00,0.0
2018-08-03 09:00:00,0.0
2018-08-03 10:00:00,0.0
2018-08-03 11:00:00,74.025
2018-08-03 12:00:00,297.075
2018-08-03 13:00:00,513.05
2018-08-03 14:00:00,684.4000100000001
2018-08-03 15:00:00,794.05
2018-08-03 16:00:00,833.925
2018-08-03 17:00:00,799.87502
2018-08-03 18:00:00,660.325
2018-08-03 19:00:00,449.400005
2018-08-03 20:00:00,219.95
2018-08-03 21:00:00,38.5
2018-08-03 22:00:00,0.0
2018-08-03 23:00:00,0.0
2018-08-04 00:00:00,0.0
2018-08-04 01:00:00,0.0
2018-08-04 02:00:00,0.0
2018-08-04 03:00:00,0.0
2018-08-04 04:00:00,0.0
2018-08-04 05:00:00,0.0
2018-08-04 06:00:00,0.0
2018-08-04 07:00:00,0.0
2018-08-04 08:00:00,0.0
2018-08-04 09:00:00,0.0
2018-08-04 10:00:00,0.0
2018-08-04 11:00:00,64.62500375
2018-08-04 12:00:00,246.95
2018-08-04 13:00:00,410.650005
2018-08-04 14:00:00,507.325
2018-08-04 15:00:00,618.375
2018-08-04 16:00:00,751.25001
2018-08-04 17:00:00,761.12501
2018-08-04 18:00:00,635.625
2018-08-04 19:00:00,459.75
2018-08-04 20:00:00,265.125
2018-08-04 21:00:00,67.02499999999999
2018-08-04 22:00:00,0.0
2018-08-04 23:00:00,0.0
2018-08-05 00:00:00,0.0
2018-08-05 01:00:00,0.0
2018-08-05 02:00:00,0.0
2018-08-05 03:00:00,0.0
2018-08-05 04:00:00,0.0
2018-08-05 05:00:00,0.0
2018-08-05 06:00:00,0.0
2018-08-05 07:00:00,0.0
2018-08-05 08:00:00,0.0
2018-08-05 09:00:00,0.0
2018-08-05 10:00:00,0.0
2018-08-05 11:00:00,70.25000125
2018-08-05 12:00:00,290.225005
2018-08-05 13:00:00,505.25
2018-08-05 14:00:00,676.6500100000001
2018-08-05 15:00:00,789.825
2018-08-05 16:00:00,830.70001
2018-08-05 17:00:00,798.3000099999999
2018-08-05 18:00:00,694.6750099999999
2018-08-05 19:00:00,528.4750200000001
2018-08-05 20:00:00,316.525
2018-08-05 21:00:00,93.3750005
2018-08-05 22:00:00,0.0
2018-08-05 23:00:00,0.0
2018-08-06 00:00:00,0.0
2018-08-06 01:00:00,0.0
2018-08-06 02:00:00,0.0
2018-08-06 03:00:00,0.0
2018-08-06 04:00:00,0.0
2018-08-06 05:00:00,0.0
2018-08-06 06:00:00,0.0
2018-08-06 07:00:00,0.0
2018-08-06 08:00:00,0.0
2018-08-06 09:00:00,0.0
2018-08-06 10:00:00,0.0
2018-08-06 11:00:00,82.875
2018-08-06 12:00:00,309.20000749999997
2018-08-06 13:00:00,526.30002
2018-08-06 14:00:00,697.95
2018-08-06 15:00:00,809.37501
2018-08-06 16:00:00,849.70002
2018-08-06 17:00:00,815.55
2018-08-06 18:00:00,708.9
2018-08-06 19:00:00,541.85002
2018-08-06 20:00:00,328.45001
2018-08-06 21:00:00,97.675
2018-08-06 22:00:00,0.0
2018-08-06 23:00:00,0.0
2018-08-07 00:00:00,0.0
2018-08-07 01:00:00,0.0
2018-08-07 02:00:00,0.0
2018-08-07 03:00:00,0.0
2018-08-07 04:00:00,0.0
2018-08-07 05:00:00,0.0
2018-08-07 06:00:00,0.0
2018-08-07 07:00:00,0.0
2018-08-07 08:00:00,0.0
2018-08-07 09:00:00,0.0
2018-08-07 10:00:00,0.0
2018-08-07 11:00:00,84.3250005
2018-08-07 12:00:00,314.650005
2018-08-07 13:00:00,533.300005
2018-08-07 14:00:00,706.725
2018-08-07 15:00:00,816.72501
2018-08-07 16:00:00,857.30001
2018-08-07 17:00:00,825.20001
2018-08-07 18:00:00,717.95001
2018-08-07 19:00:00,549.325
2018-08-07 20:00:00,332.6
2018-08-07 21:00:00,101.775
2018-08-07 22:00:00,0.0
2018-08-07 23:00:00,0.0
2018-08-08 00:00:00,0.0
2018-08-08 01:00:00,0.0
2018-08-08 02:00:00,0.0
2018-08-08 03:00:00,0.0
2018-08-08 04:00:00,0.0
2018-08-08 05:00:00,0.0
2018-08-08 06:00:00,0.0
2018-08-08 07:00:00,0.0
2018-08-08 08:00:00,0.0
2018-08-08 09:00:00,0.0
2018-08-08 10:00:00,0.0
2018-08-08 11:00:00,83.175
2018-08-08 12:00:00,288.375005
2018-08-08 13:00:00,504.50001
2018-08-08 14:00:00,677.60001
2018-08-08 15:00:00,792.2750100000001
2018-08-08 16:00:00,833.7250200000001
2018-08-08 17:00:00,799.82502
2018-08-08 18:00:00,693.975
2018-08-08 19:00:00,524.85001
2018-08-08 20:00:00,309.525005
2018-08-08 21:00:00,88.32500025
2018-08-08 22:00:00,0.0
2018-08-08 23:00:00,0.0
2018-08-09 00:00:00,0.0
2018-08-09 01:00:00,0.0
2018-08-09 02:00:00,0.0
2018-08-09 03:00:00,0.0
2018-08-09 04:00:00,0.0
2018-08-09 05:00:00,0.0
2018-08-09 06:00:00,0.0
2018-08-09 07:00:00,0.0
2018-08-09 08:00:00,0.0
2018-08-09 09:00:00,0.0
2018-08-09 10:00:00,0.0
2018-08-09 11:00:00,77.07499999999999
2018-08-09 12:00:00,305.225005
2018-08-09 13:00:00,523.375
2018-08-09 14:00:00,696.90002
2018-08-09 15:00:00,810.97501
2018-08-09 16:00:00,850.97501
2018-08-09 17:00:00,815.5
2018-08-09 18:00:00,706.0250100000001
2018-08-09 19:00:00,536.65002
2018-08-09 20:00:00,322.2250075
2018-08-09 21:00:00,94.2
2018-08-09 22:00:00,0.0
2018-08-09 23:00:00,0.0
2018-08-10 00:00:00,0.0
2018-08-10 01:00:00,0.0
2018-08-10 02:00:00,0.0
2018-08-10 03:00:00,0.0
2018-08-10 04:00:00,0.0
2018-08-10 05:00:00,0.0
2018-08-10 06:00:00,0.0
2018-08-10 07:00:00,0.0
2018-08-10 08:00:00,0.0
2018-08-10 09:00:00,0.0
2018-08-10 10:00:00,0.0
2018-08-10 11:00:00,92.0000005
2018-08-10 12:00:00,312.875
2018-08-10 13:00:00,533.15
2018-08-10 14:00:00,707.2
2018-08-10 15:00:00,820.10001
2018-08-10 16:00:00,859.375
2018-08-10 17:00:00,823.92502
2018-08-10 18:00:00,715.42501
2018-08-10 19:00:00,543.65002
2018-08-10 20:00:00,326.025
2018-08-10 21:00:00,95.70000125
2018-08-10 22:00:00,0.0
2018-08-10 23:00:00,0.0
2018-08-11 00:00:00,0.0
2018-08-11 01:00:00,0.0
2018-08-11 02:00:00,0.0
2018-08-11 03:00:00,0.0
2018-08-11 04:00:00,0.0
2018-08-11 05:00:00,0.0
2018-08-11 06:00:00,0.0
2018-08-11 07:00:00,0.0
2018-08-11 08:00:00,0.0
2018-08-11 09:00:00,0.0
2018-08-11 10:00:00,0.0
2018-08-11 11:00:00,87.60000125
2018-08-11 12:00:00,310.975
2018-08-11 13:00:00,530.8
2018-08-11 14:00:00,705.7750100000001
2018-08-11 15:00:00,817.00002
2018-08-11 16:00:00,856.80001
2018-08-11 17:00:00,821.3499999999999
2018-08-11 18:00:00,710.5
2018-08-11 19:00:00,540.27501
2018-08-11 20:00:00,323.15
2018-08-11 21:00:00,95.52500125
2018-08-11 22:00:00,0.0
2018-08-11 23:00:00,0.0
2018-08-12 00:00:00,0.0
2018-08-12 01:00:00,0.0
2018-08-12 02:00:00,0.0
2018-08-12 03:00:00,0.0
2018-08-12 04:00:00,0.0
2018-08-12 05:00:00,0.0
2018-08-12 06:00:00,0.0
2018-08-12 07:00:00,0.0
2018-08-12 08:00:00,0.0
2018-08-12 09:00:00,0.0
2018-08-12 10:00:00,0.0
2018-08-12 11:00:00,89.50000125
2018-08-12 12:00:00,307.75
2018-08-12 13:00:00,526.62501
2018-08-12 14:00:00,699.10001
2018-08-12 15:00:00,816.1
2018-08-12 16:00:00,859.1
2018-08-12 17:00:00,827.5
2018-08-12 18:00:00,719.57502
2018-08-12 19:00:00,548.625
2018-08-12 20:00:00,331.6750075
2018-08-12 21:00:00,91.65
2018-08-12 22:00:00,0.0
2018-08-12 23:00:00,0.0
2018-08-13 00:00:00,0.0
2018-08-13 01:00:00,0.0
2018-08-13 02:00:00,0.0
2018-08-13 03:00:00,0.0
2018-08-13 04:00:00,0.0
2018-08-13 05:00:00,0.0
2018-08-13 06:00:00,0.0
2018-08-13 07:00:00,0.0
2018-08-13 08:00:00,0.0
2018-08-13 09:00:00,0.0
2018-08-13 10:00:00,0.0
2018-08-13 11:00:00,87.3
2018-08-13 12:00:00,313.2500025
2018-08-13 13:00:00,537.075
2018-08-13 14:00:00,714.075
2018-08-13 15:00:00,826.925
2018-08-13 16:00:00,866.4
2018-08-13 17:00:00,829.35001
2018-08-13 18:00:00,717.37503
2018-08-13 19:00:00,541.725
2018-08-13 20:00:00,319.775
2018-08-13 21:00:00,89.0500025
2018-08-13 22:00:00,0.0
2018-08-13 23:00:00,0.0
2018-08-14 00:00:00,0.0
2018-08-14 01:00:00,0.0
2018-08-14 02:00:00,0.0
2018-08-14 03:00:00,0.0
2018-08-14 04:00:00,0.0
2018-08-14 05:00:00,0.0
2018-08-14 06:00:00,0.0
2018-08-14 07:00:00,0.0
2018-08-14 08:00:00,0.0
2018-08-14 09:00:00,0.0
2018-08-14 10:00:00,0.0
2018-08-14 11:00:00,85.8500005
2018-08-14 12:00:00,303.77501
2018-08-14 13:00:00,455.67501000000004
2018-08-14 14:00:00,499.4
2018-08-14 15:00:00,562.375
2018-08-14 16:00:00,486.15000499999996
2018-08-14 17:00:00,368.175
2018-08-14 18:00:00,325.55
2018-08-14 19:00:00,334.95
2018-08-14 20:00:00,225.25
2018-08-14 21:00:00,73.2250025
2018-08-14 22:00:00,0.0
2018-08-14 23:00:00,0.0
2018-08-15 00:00:00,0.0
2018-08-15 01:00:00,0.0
2018-08-15 02:00:00,0.0
2018-08-15 03:00:00,0.0
2018-08-15 04:00:00,0.0
2018-08-15 05:00:00,0.0
2018-08-15 06:00:00,0.0
2018-08-15 07:00:00,0.0
2018-08-15 08:00:00,0.0
2018-08-15 09:00:00,0.0
2018-08-15 10:00:00,0.0
2018-08-15 11:00:00,96.47500124999999
2018-08-15 12:00:00,330.025
2018-08-15 13:00:00,553.05002
2018-08-15 14:00:00,729.525
2018-08-15 15:00:00,844.875
2018-08-15 16:00:00,886.125
2018-08-15 17:00:00,848.775
2018-08-15 18:00:00,734.0999999999999
2018-08-15 19:00:00,559.72501
2018-08-15 20:00:00,340.125015
2018-08-15 21:00:00,105.375004
2018-08-15 22:00:00,0.0
2018-08-15 23:00:00,0.0
2018-08-16 00:00:00,0.0
2018-08-16 01:00:00,0.0
2018-08-16 02:00:00,0.0
2018-08-16 03:00:00,0.0
2018-08-16 04:00:00,0.0
2018-08-16 05:00:00,0.0
2018-08-16 06:00:00,0.0
2018-08-16 07:00:00,0.0
2018-08-16 08:00:00,0.0
2018-08-16 09:00:00,0.0
2018-08-16 10:00:00,0.0
2018-08-16 11:00:00,104.32500025
2018-08-16 12:00:00,342.5
2018-08-16 13:00:00,566.35
2018-08-16 14:00:00,743.00001
2018-08-16 15:00:00,855.725
2018-08-16 16:00:00,895.15
2018-08-16 17:00:00,857.325
2018-08-16 18:00:00,741.15002
2018-08-16 19:00:00,564.57502
2018-08-16 20:00:00,342.9750025
2018-08-16 21:00:00,105.69999999999999
2018-08-16 22:00:00,0.0
2018-08-16 23:00:00,0.0
2018-08-17 00:00:00,0.0
2018-08-17 01:00:00,0.0
2018-08-17 02:00:00,0.0
2018-08-17 03:00:00,0.0
2018-08-17 04:00:00,0.0
2018-08-17 05:00:00,0.0
2018-08-17 06:00:00,0.0
2018-08-17 07:00:00,0.0
2018-08-17 08:00:00,0.0
2018-08-17 09:00:00,0.0
2018-08-17 10:00:00,0.0
2018-08-17 11:00:00,112.55
2018-08-17 12:00:00,346.700005
2018-08-17 13:00:00,569.50001
2018-08-17 14:00:00,744.82503
2018-08-17 15:00:00,856.52501
2018-08-17 16:00:00,896.175
2018-08-17 17:00:00,860.85001
2018-08-17 18:00:00,748.8500200000001
2018-08-17 19:00:00,573.27501
2018-08-17 20:00:00,350.27500499999996
2018-08-17 21:00:00,108.35
2018-08-17 22:00:00,0.0
2018-08-17 23:00:00,0.0
2018-08-18 00:00:00,0.0
2018-08-18 01:00:00,0.0
2018-08-18 02:00:00,0.0
2018-08-18 03:00:00,0.0
2018-08-18 04:00:00,0.0
2018-08-18 05:00:00,0.0
2018-08-18 06:00:00,0.0
2018-08-18 07:00:00,0.0
2018-08-18 08:00:00,0.0
2018-08-18 09:00:00,0.0
2018-08-18 10:00:00,0.0
2018-08-18 11:00:00,115.95
2018-08-18 12:00:00,349.47501
2018-08-18 13:00:00,572.62501
2018-08-18 14:00:00,747.325
2018-08-18 15:00:00,859.5
2018-08-18 16:00:00,899.55
2018-08-18 17:00:00,864.1750099999999
2018-08-18 18:00:00,749.5250100000001
2018-08-18 19:00:00,572.400035
2018-08-18 20:00:00,347.35
2018-08-18 21:00:00,105.07500025
2018-08-18 22:00:00,0.0
2018-08-18 23:00:00,0.0
2018-08-19 00:00:00,0.0
2018-08-19 01:00:00,0.0
2018-08-19 02:00:00,0.0
2018-08-19 03:00:00,0.0
2018-08-19 04:00:00,0.0
2018-08-19 05:00:00,0.0
2018-08-19 06:00:00,0.0
2018-08-19 07:00:00,0.0
2018-08-19 08:00:00,0.0
2018-08-19 09:00:00,0.0
2018-08-19 10:00:00,0.0
2018-08-19 11:00:00,84.70000125
2018-08-19 12:00:00,274.975005
2018-08-19 13:00:00,483.925005
2018-08-19 14:00:00,623.55003
2018-08-19 15:00:00,723.625
2018-08-19 16:00:00,801.25003
2018-08-19 17:00:00,790.50001
2018-08-19 18:00:00,734.0
2018-08-19 19:00:00,573.725
2018-08-19 20:00:00,350.025005
2018-08-19 21:00:00,111.5750005
2018-08-19 22:00:00,0.0
2018-08-19 23:00:00,0.0
2018-08-20 00:00:00,0.0
2018-08-20 01:00:00,0.0
2018-08-20 02:00:00,0.0
2018-08-20 03:00:00,0.0
2018-08-20 04:00:00,0.0
2018-08-20 05:00:00,0.0
2018-08-20 06:00:00,0.0
2018-08-20 07:00:00,0.0
2018-08-20 08:00:00,0.0
2018-08-20 09:00:00,0.0
2018-08-20 10:00:00,0.0
2018-08-20 11:00:00,99.57500375000001
2018-08-20 12:00:00,333.2250025
2018-08-20 13:00:00,557.45002
2018-08-20 14:00:00,735.1500100000001
2018-08-20 15:00:00,848.30001
2018-08-20 16:00:00,886.225
2018-08-20 17:00:00,848.9
2018-08-20 18:00:00,724.30001
2018-08-20 19:00:00,545.6500100000001
2018-08-20 20:00:00,324.2
2018-08-20 21:00:00,100.20000125
2018-08-20 22:00:00,0.0
2018-08-20 23:00:00,0.0
2018-08-21 00:00:00,0.0
2018-08-21 01:00:00,0.0
2018-08-21 02:00:00,0.0
2018-08-21 03:00:00,0.0
2018-08-21 04:00:00,0.0
2018-08-21 05:00:00,0.0
2018-08-21 06:00:00,0.0
2018-08-21 07:00:00,0.0
2018-08-21 08:00:00,0.0
2018-08-21 09:00:00,0.0
2018-08-21 10:00:00,0.025
2018-08-21 11:00:00,114.3750025
2018-08-21 12:00:00,356.025005
2018-08-21 13:00:00,579.95001
2018-08-21 14:00:00,755.1750099999999
2018-08-21 15:00:00,867.2666800000001
2018-08-21 16:00:00,902.725
2018-08-21 17:00:00,864.07501
2018-08-21 18:00:00,742.12501
2018-08-21 19:00:00,564.42502
2018-08-21 20:00:00,288.3500025
2018-08-21 21:00:00,87.37500025
2018-08-21 22:00:00,0.0
2018-08-21 23:00:00,0.0
2018-08-22 00:00:00,0.0
2018-08-22 01:00:00,0.0
2018-08-22 02:00:00,0.0
2018-08-22 03:00:00,0.0
2018-08-22 04:00:00,0.0
2018-08-22 05:00:00,0.0
2018-08-22 06:00:00,0.0
2018-08-22 07:00:00,0.0
2018-08-22 08:00:00,0.0
2018-08-22 09:00:00,0.0
2018-08-22 10:00:00,0.375
2018-08-22 11:00:00,125.50000250000001
2018-08-22 12:00:00,364.600005
2018-08-22 13:00:00,588.575015
2018-08-22 14:00:00,763.575
2018-08-22 15:00:00,873.625
2018-08-22 16:00:00,910.45003
2018-08-22 17:00:00,871.17501
2018-08-22 18:00:00,755.45001
2018-08-22 19:00:00,579.525
2018-08-22 20:00:00,355.700005
2018-08-22 21:00:00,116.0250025
2018-08-22 22:00:00,0.275
2018-08-22 23:00:00,0.0
2018-08-23 00:00:00,0.0
2018-08-23 01:00:00,0.0
2018-08-23 02:00:00,0.0
2018-08-23 03:00:00,0.0
2018-08-23 04:00:00,0.0
2018-08-23 05:00:00,0.0
2018-08-23 06:00:00,0.0
2018-08-23 07:00:00,0.0
2018-08-23 08:00:00,0.0
2018-08-23 09:00:00,0.0
2018-08-23 10:00:00,0.8
2018-08-23 11:00:00,129.800005
2018-08-23 12:00:00,383.42501
2018-08-23 13:00:00,608.95001
2018-08-23 14:00:00,785.20001
2018-08-23 15:00:00,895.85
2018-08-23 16:00:00,930.9
2018-08-23 17:00:00,888.82501
2018-08-23 18:00:00,770.32501
2018-08-23 19:00:00,594.9749999999999
2018-08-23 20:00:00,372.575015
2018-08-23 21:00:00,131.1
2018-08-23 22:00:00,0.525000025
2018-08-23 23:00:00,0.0
2018-08-24 00:00:00,0.0
2018-08-24 01:00:00,0.0
2018-08-24 02:00:00,0.0
2018-08-24 03:00:00,0.0
2018-08-24 04:00:00,0.0
2018-08-24 05:00:00,0.0
2018-08-24 06:00:00,0.0
2018-08-24 07:00:00,0.0
2018-08-24 08:00:00,0.0
2018-08-24 09:00:00,0.0
2018-08-24 10:00:00,1.2
2018-08-24 11:00:00,131.775
2018-08-24 12:00:00,383.25
2018-08-24 13:00:00,585.6666799999999
2018-08-24 14:00:00,788.4
2018-08-24 15:00:00,899.50002
2018-08-24 16:00:00,937.60001
2018-08-24 17:00:00,896.30002
2018-08-24 18:00:00,763.47502
2018-08-24 19:00:00,581.85001
2018-08-24 20:00:00,353.575
2018-08-24 21:00:00,118.92500375
2018-08-24 22:00:00,0.575
2018-08-24 23:00:00,0.0
2018-08-25 00:00:00,0.0
2018-08-25 01:00:00,0.0
2018-08-25 02:00:00,0.0
2018-08-25 03:00:00,0.0
2018-08-25 04:00:00,0.0
2018-08-25 05:00:00,0.0
2018-08-25 06:00:00,0.0
2018-08-25 07:00:00,0.0
2018-08-25 08:00:00,0.0
2018-08-25 09:00:00,0.0
2018-08-25 10:00:00,1.825
2018-08-25 11:00:00,140.7
2018-08-25 12:00:00,394.225005
2018-08-25 13:00:00,620.725
2018-08-25 14:00:00,796.32501
2018-08-25 15:00:00,904.775
2018-08-25 16:00:00,939.175
2018-08-25 17:00:00,895.725
2018-08-25 18:00:00,772.725
2018-08-25 19:00:00,593.025
2018-08-25 20:00:00,368.575
2018-08-25 21:00:00,122.7750025
2018-08-25 22:00:00,0.75
2018-08-25 23:00:00,0.0
2018-08-26 00:00:00,0.0
2018-08-26 01:00:00,0.0
2018-08-26 02:00:00,0.0
2018-08-26 03:00:00,0.0
2018-08-26 04:00:00,0.0
2018-08-26 05:00:00,0.0
2018-08-26 06:00:00,0.0
2018-08-26 07:00:00,0.0
2018-08-26 08:00:00,0.0
2018-08-26 09:00:00,0.0
2018-08-26 10:00:00,2.22500025
2018-08-26 11:00:00,134.15
2018-08-26 12:00:00,372.750005
2018-08-26 13:00:00,596.0250100000001
2018-08-26 14:00:00,771.4250099999999
2018-08-26 15:00:00,884.20002
2018-08-26 16:00:00,922.20001
2018-08-26 17:00:00,883.92501
2018-08-26 18:00:00,767.8
2018-08-26 19:00:00,589.15
2018-08-26 20:00:00,363.04999999999995
2018-08-26 21:00:00,122.85000050000001
2018-08-26 22:00:00,0.900000025
2018-08-26 23:00:00,0.0
2018-08-27 00:00:00,0.0
2018-08-27 01:00:00,0.0
2018-08-27 02:00:00,0.0
2018-08-27 03:00:00,0.0
2018-08-27 04:00:00,0.0
2018-08-27 05:00:00,0.0
2018-08-27 06:00:00,0.0
2018-08-27 07:00:00,0.0
2018-08-27 08:00:00,0.0
2018-08-27 09:00:00,0.0
2018-08-27 10:00:00,2.825
2018-08-27 11:00:00,144.37500425000002
2018-08-27 12:00:00,392.92501000000004
2018-08-27 13:00:00,621.775
2018-08-27 14:00:00,799.90002
2018-08-27 15:00:00,913.525
2018-08-27 16:00:00,951.27501
2018-08-27 17:00:00,910.75001
2018-08-27 18:00:00,790.55001
2018-08-27 19:00:00,607.67502
2018-08-27 20:00:00,376.000005
2018-08-27 21:00:00,126.125005
2018-08-27 22:00:00,1.075
2018-08-27 23:00:00,0.0
2018-08-28 00:00:00,0.0
2018-08-28 01:00:00,0.0
2018-08-28 02:00:00,0.0
2018-08-28 03:00:00,0.0
2018-08-28 04:00:00,0.0
2018-08-28 05:00:00,0.0
2018-08-28 06:00:00,0.0
2018-08-28 07:00:00,0.0
2018-08-28 08:00:00,0.0
2018-08-28 09:00:00,0.0
2018-08-28 10:00:00,3.2
2018-08-28 11:00:00,146.075
2018-08-28 12:00:00,397.75001
2018-08-28 13:00:00,628.82501
2018-08-28 14:00:00,808.55
2018-08-28 15:00:00,920.6750099999999
2018-08-28 16:00:00,955.55002
2018-08-28 17:00:00,911.30002
2018-08-28 18:00:00,785.37501
2018-08-28 19:00:00,601.05
2018-08-28 20:00:00,368.45
2018-08-28 21:00:00,114.32499999999999
2018-08-28 22:00:00,1.025
2018-08-28 23:00:00,0.0
2018-08-29 00:00:00,0.0
2018-08-29 01:00:00,0.0
2018-08-29 02:00:00,0.0
2018-08-29 03:00:00,0.0
2018-08-29 04:00:00,0.0
2018-08-29 05:00:00,0.0
2018-08-29 06:00:00,0.0
2018-08-29 07:00:00,0.0
2018-08-29 08:00:00,0.0
2018-08-29 09:00:00,0.0
2018-08-29 10:00:00,3.625
2018-08-29 11:00:00,144.95000125
2018-08-29 12:00:00,384.82501
2018-08-29 13:00:00,608.22501
2018-08-29 14:00:00,782.57502
2018-08-29 15:00:00,890.9
2018-08-29 16:00:00,924.95001
2018-08-29 17:00:00,885.75001
2018-08-29 18:00:00,773.12503
2018-08-29 19:00:00,595.17501
2018-08-29 20:00:00,369.625005
2018-08-29 21:00:00,132.42499999999998
2018-08-29 22:00:00,1.525
2018-08-29 23:00:00,0.0
2018-08-30 00:00:00,0.0
2018-08-30 01:00:00,0.0
2018-08-30 02:00:00,0.0
2018-08-30 03:00:00,0.0
2018-08-30 04:00:00,0.0
2018-08-30 05:00:00,0.0
2018-08-30 06:00:00,0.0
2018-08-30 07:00:00,0.0
2018-08-30 08:00:00,0.0
2018-08-30 09:00:00,0.0
2018-08-30 10:00:00,3.775
2018-08-30 11:00:00,140.47500250000002
2018-08-30 12:00:00,379.100005
2018-08-30 13:00:00,605.975
2018-08-30 14:00:00,781.825
2018-08-30 15:00:00,888.725
2018-08-30 16:00:00,926.35001
2018-08-30 17:00:00,889.95
2018-08-30 18:00:00,775.15
2018-08-30 19:00:00,591.625
2018-08-30 20:00:00,362.500005
2018-08-30 21:00:00,117.07500375000001
2018-08-30 22:00:00,0.0
2018-08-30 23:00:00,0.0
2018-08-31 00:00:00,0.0
2018-08-31 01:00:00,0.0
2018-08-31 02:00:00,0.0
2018-08-31 03:00:00,0.0
2018-08-31 04:00:00,0.0
2018-08-31 05:00:00,0.0
2018-08-31 06:00:00,0.0
2018-08-31 07:00:00,0.0
2018-08-31 08:00:00,0.0
2018-08-31 09:00:00,0.0
2018-08-31 10:00:00,4.775
2018-08-31 11:00:00,153.4000025
2018-08-31 12:00:00,414.375005
2018-08-31 13:00:00,642.9
2018-08-31 14:00:00,818.35
2018-08-31 15:00:00,929.625
2018-08-31 16:00:00,965.20003
2018-08-31 17:00:00,921.37502
2018-08-31 18:00:00,798.80002
2018-08-31 19:00:00,616.425
2018-08-31 20:00:00,387.725005
2018-08-31 21:00:00,133.1750025
2018-08-31 22:00:00,1.775
2018-08-31 23:00:00,0.0
2018-09-01 00:00:00,0.0
2018-09-01 01:00:00,0.0
2018-09-01 02:00:00,0.0
2018-09-01 03:00:00,0.0
2018-09-01 04:00:00,0.0
2018-09-01 05:00:00,0.0
2018-09-01 06:00:00,0.0
2018-09-01 07:00:00,0.0
2018-09-01 08:00:00,0.0
2018-09-01 09:00:00,0.0
2018-09-01 10:00:00,1.0
2018-09-01 11:00:00,150.6750025
2018-09-01 12:00:00,418.025
2018-09-01 13:00:00,644.55001
2018-09-01 14:00:00,815.92501
2018-09-01 15:00:00,891.9250099999999
2018-09-01 16:00:00,934.42502
2018-09-01 17:00:00,923.32501
2018-09-01 18:00:00,762.0250100000001
2018-09-01 19:00:00,556.72502
2018-09-01 20:00:00,359.725005
2018-09-01 21:00:00,104.92500125000001
2018-09-01 22:00:00,0.0
2018-09-01 23:00:00,0.0
2018-09-02 00:00:00,0.0
2018-09-02 01:00:00,0.0
2018-09-02 02:00:00,0.0
2018-09-02 03:00:00,0.0
2018-09-02 04:00:00,0.0
2018-09-02 05:00:00,0.0
2018-09-02 06:00:00,0.0
2018-09-02 07:00:00,0.0
2018-09-02 08:00:00,0.0
2018-09-02 09:00:00,0.0
2018-09-02 10:00:00,7.25
2018-09-02 11:00:00,170.7
2018-09-02 12:00:00,429.925
2018-09-02 13:00:00,660.12502
2018-09-02 14:00:00,838.15002
2018-09-02 15:00:00,947.0
2018-09-02 16:00:00,979.975
2018-09-02 17:00:00,935.72501
2018-09-02 18:00:00,813.4000100000001
2018-09-02 19:00:00,629.25
2018-09-02 20:00:00,396.350005
2018-09-02 21:00:00,140.1
2018-09-02 22:00:00,2.275
2018-09-02 23:00:00,0.0
2018-09-03 00:00:00,0.0
2018-09-03 01:00:00,0.0
2018-09-03 02:00:00,0.0
2018-09-03 03:00:00,0.0
2018-09-03 04:00:00,0.0
2018-09-03 05:00:00,0.0
2018-09-03 06:00:00,0.0
2018-09-03 07:00:00,0.0
2018-09-03 08:00:00,0.0
2018-09-03 09:00:00,0.0
2018-09-03 10:00:00,8.4000005
2018-09-03 11:00:00,178.425
2018-09-03 12:00:00,438.27501
2018-09-03 13:00:00,667.07502
2018-09-03 14:00:00,844.0500099999999
2018-09-03 15:00:00,953.67501
2018-09-03 16:00:00,986.05
2018-09-03 17:00:00,938.0
2018-09-03 18:00:00,814.425
2018-09-03 19:00:00,630.075
2018-09-03 20:00:00,398.475
2018-09-03 21:00:00,145.5
2018-09-03 22:00:00,2.65
2018-09-03 23:00:00,0.0
2018-09-04 00:00:00,0.0
2018-09-04 01:00:00,0.0
2018-09-04 02:00:00,0.0
2018-09-04 03:00:00,0.0
2018-09-04 04:00:00,0.0
2018-09-04 05:00:00,0.0
2018-09-04 06:00:00,0.0
2018-09-04 07:00:00,0.0
2018-09-04 08:00:00,0.0
2018-09-04 09:00:00,0.0
2018-09-04 10:00:00,8.5
2018-09-04 11:00:00,169.2500025
2018-09-04 12:00:00,430.475005
2018-09-04 13:00:00,657.925
2018-09-04 14:00:00,833.50002
2018-09-04 15:00:00,942.52501
2018-09-04 16:00:00,975.82501
2018-09-04 17:00:00,930.57501
2018-09-04 18:00:00,808.37501
2018-09-04 19:00:00,622.82503
2018-09-04 20:00:00,391.55
2018-09-04 21:00:00,141.9250025
2018-09-04 22:00:00,2.675
2018-09-04 23:00:00,0.0
2018-09-05 00:00:00,0.0
2018-09-05 01:00:00,0.0
2018-09-05 02:00:00,0.0
2018-09-05 03:00:00,0.0
2018-09-05 04:00:00,0.0
2018-09-05 05:00:00,0.0
2018-09-05 06:00:00,0.0
2018-09-05 07:00:00,0.0
2018-09-05 08:00:00,0.0
2018-09-05 09:00:00,0.0
2018-09-05 10:00:00,9.05
2018-09-05 11:00:00,176.950005
2018-09-05 12:00:00,442.525005
2018-09-05 13:00:00,671.1500100000001
2018-09-05 14:00:00,847.3
2018-09-05 15:00:00,957.0500099999999
2018-09-05 16:00:00,989.5999999999999
2018-09-05 17:00:00,944.525
2018-09-05 18:00:00,822.27501
2018-09-05 19:00:00,635.35001
2018-09-05 20:00:00,401.22501
2018-09-05 21:00:00,148.20000124999999
2018-09-05 22:00:00,3.05
2018-09-05 23:00:00,0.0
2018-09-06 00:00:00,0.0
2018-09-06 01:00:00,0.0
2018-09-06 02:00:00,0.0
2018-09-06 03:00:00,0.0
2018-09-06 04:00:00,0.0
2018-09-06 05:00:00,0.0
2018-09-06 06:00:00,0.0
2018-09-06 07:00:00,0.0
2018-09-06 08:00:00,0.0
2018-09-06 09:00:00,0.0
2018-09-06 10:00:00,9.875
2018-09-06 11:00:00,180.975
2018-09-06 12:00:00,447.9
2018-09-06 13:00:00,677.1500100000001
2018-09-06 14:00:00,852.425
2018-09-06 15:00:00,959.4000100000001
2018-09-06 16:00:00,988.87501
2018-09-06 17:00:00,938.775
2018-09-06 18:00:00,812.125
2018-09-06 19:00:00,626.32502
2018-09-06 20:00:00,395.125005
2018-09-06 21:00:00,143.1250025
2018-09-06 22:00:00,3.025
2018-09-06 23:00:00,0.0
2018-09-07 00:00:00,0.0
2018-09-07 01:00:00,0.0
2018-09-07 02:00:00,0.0
2018-09-07 03:00:00,0.0
2018-09-07 04:00:00,0.0
2018-09-07 05:00:00,0.0
2018-09-07 06:00:00,0.0
2018-09-07 07:00:00,0.0
2018-09-07 08:00:00,0.0
2018-09-07 09:00:00,0.0
2018-09-07 10:00:00,11.399999999999999
2018-09-07 11:00:00,184.3000025
2018-09-07 12:00:00,446.95
2018-09-07 13:00:00,672.025
2018-09-07 14:00:00,845.25001
2018-09-07 15:00:00,950.70001
2018-09-07 16:00:00,978.95001
2018-09-07 17:00:00,929.52502
2018-09-07 18:00:00,808.62501
2018-09-07 19:00:00,627.22501
2018-09-07 20:00:00,398.20000500000003
2018-09-07 21:00:00,148.225
2018-09-07 22:00:00,3.425
2018-09-07 23:00:00,0.0
2018-09-08 00:00:00,0.0
2018-09-08 01:00:00,0.0
2018-09-08 02:00:00,0.0
2018-09-08 03:00:00,0.0
2018-09-08 04:00:00,0.0
2018-09-08 05:00:00,0.0
2018-09-08 06:00:00,0.0
2018-09-08 07:00:00,0.0
2018-09-08 08:00:00,0.0
2018-09-08 09:00:00,0.0
2018-09-08 10:00:00,12.300000500000001
2018-09-08 11:00:00,186.02499999999998
2018-09-08 12:00:00,444.45
2018-09-08 13:00:00,667.475
2018-09-08 14:00:00,840.3
2018-09-08 15:00:00,945.4000100000001
2018-09-08 16:00:00,976.675
2018-09-08 17:00:00,928.6750099999999
2018-09-08 18:00:00,797.05001
2018-09-08 19:00:00,613.62501
2018-09-08 20:00:00,384.375005
2018-09-08 21:00:00,128.17500125
2018-09-08 22:00:00,2.7
2018-09-08 23:00:00,0.0
2018-09-09 00:00:00,0.0
2018-09-09 01:00:00,0.0
2018-09-09 02:00:00,0.0
2018-09-09 03:00:00,0.0
2018-09-09 04:00:00,0.0
2018-09-09 05:00:00,0.0
2018-09-09 06:00:00,0.0
2018-09-09 07:00:00,0.0
2018-09-09 08:00:00,0.0
2018-09-09 09:00:00,0.0
2018-09-09 10:00:00,11.875
2018-09-09 11:00:00,180.47500250000002
2018-09-09 12:00:00,429.42501000000004
2018-09-09 13:00:00,652.45
2018-09-09 14:00:00,825.25001
2018-09-09 15:00:00,931.95
2018-09-09 16:00:00,962.0500099999999
2018-09-09 17:00:00,914.50002
2018-09-09 18:00:00,781.625
2018-09-09 19:00:00,527.200005
2018-09-09 20:00:00,279.4000075
2018-09-09 21:00:00,76.4
2018-09-09 22:00:00,2.625
2018-09-09 23:00:00,0.0
2018-09-10 00:00:00,0.0
2018-09-10 01:00:00,0.0
2018-09-10 02:00:00,0.0
2018-09-10 03:00:00,0.0
2018-09-10 04:00:00,0.0
2018-09-10 05:00:00,0.0
2018-09-10 06:00:00,0.0
2018-09-10 07:00:00,0.0
2018-09-10 08:00:00,0.0
2018-09-10 09:00:00,0.0
2018-09-10 10:00:00,12.125
2018-09-10 11:00:00,178.3250025
2018-09-10 12:00:00,396.475005
2018-09-10 13:00:00,617.85001
2018-09-10 14:00:00,780.675
2018-09-10 15:00:00,883.575
2018-09-10 16:00:00,816.175
2018-09-10 17:00:00,784.1750099999999
2018-09-10 18:00:00,588.6
2018-09-10 19:00:00,490.225005
2018-09-10 20:00:00,212.85000250000002
2018-09-10 21:00:00,63.525
2018-09-10 22:00:00,2.45
2018-09-10 23:00:00,0.0
2018-09-11 00:00:00,0.0
2018-09-11 01:00:00,0.0
2018-09-11 02:00:00,0.0
2018-09-11 03:00:00,0.0
2018-09-11 04:00:00,0.0
2018-09-11 05:00:00,0.0
2018-09-11 06:00:00,0.0
2018-09-11 07:00:00,0.0
2018-09-11 08:00:00,0.0
2018-09-11 09:00:00,0.0
2018-09-11 10:00:00,15.2
2018-09-11 11:00:00,191.525
2018-09-11 12:00:00,460.35
2018-09-11 13:00:00,687.5
2018-09-11 14:00:00,862.17502
2018-09-11 15:00:00,966.90002
2018-09-11 16:00:00,995.90001
2018-09-11 17:00:00,949.25001
2018-09-11 18:00:00,820.00002
2018-09-11 19:00:00,563.55001
2018-09-11 20:00:00,318.925005
2018-09-11 21:00:00,139.150005
2018-09-11 22:00:00,3.425
2018-09-11 23:00:00,0.0
2018-09-12 00:00:00,0.0
2018-09-12 01:00:00,0.0
2018-09-12 02:00:00,0.0
2018-09-12 03:00:00,0.0
2018-09-12 04:00:00,0.0
2018-09-12 05:00:00,0.0
2018-09-12 06:00:00,0.0
2018-09-12 07:00:00,0.0
2018-09-12 08:00:00,0.0
2018-09-12 09:00:00,0.0
2018-09-12 10:00:00,15.925
2018-09-12 11:00:00,211.70000125
2018-09-12 12:00:00,474.10001
2018-09-12 13:00:00,704.47501
2018-09-12 14:00:00,880.87501
2018-09-12 15:00:00,984.52501
2018-09-12 16:00:00,1012.95001
2018-09-12 17:00:00,959.2750100000001
2018-09-12 18:00:00,819.37502
2018-09-12 19:00:00,626.30001
2018-09-12 20:00:00,389.625005
2018-09-12 21:00:00,132.125003
2018-09-12 22:00:00,3.325
2018-09-12 23:00:00,0.0
2018-09-13 00:00:00,0.0
2018-09-13 01:00:00,0.0
2018-09-13 02:00:00,0.0
2018-09-13 03:00:00,0.0
2018-09-13 04:00:00,0.0
2018-09-13 05:00:00,0.0
2018-09-13 06:00:00,0.0
2018-09-13 07:00:00,0.0
2018-09-13 08:00:00,0.0
2018-09-13 09:00:00,0.0
2018-09-13 10:00:00,15.925
2018-09-13 11:00:00,188.925005
2018-09-13 12:00:00,443.825015
2018-09-13 13:00:00,671.625
2018-09-13 14:00:00,815.32501
2018-09-13 15:00:00,838.7750100000001
2018-09-13 16:00:00,778.25
2018-09-13 17:00:00,683.55001
2018-09-13 18:00:00,639.875
2018-09-13 19:00:00,618.52502
2018-09-13 20:00:00,391.250005
2018-09-13 21:00:00,150.45
2018-09-13 22:00:00,4.425
2018-09-13 23:00:00,0.0
2018-09-14 00:00:00,0.0
2018-09-14 01:00:00,0.0
2018-09-14 02:00:00,0.0
2018-09-14 03:00:00,0.0
2018-09-14 04:00:00,0.0
2018-09-14 05:00:00,0.0
2018-09-14 06:00:00,0.0
2018-09-14 07:00:00,0.0
2018-09-14 08:00:00,0.0
2018-09-14 09:00:00,0.0
2018-09-14 10:00:00,19.1
2018-09-14 11:00:00,196.9250025
2018-09-14 12:00:00,475.45001
2018-09-14 13:00:00,716.275
2018-09-14 14:00:00,890.175
2018-09-14 15:00:00,991.62501
2018-09-14 16:00:00,977.2
2018-09-14 17:00:00,940.55
2018-09-14 18:00:00,817.925
2018-09-14 19:00:00,650.05
2018-09-14 20:00:00,411.4
2018-09-14 21:00:00,145.7750025
2018-09-14 22:00:00,5.025
2018-09-14 23:00:00,0.0
2018-09-15 00:00:00,0.0
2018-09-15 01:00:00,0.0
2018-09-15 02:00:00,0.0
2018-09-15 03:00:00,0.0
2018-09-15 04:00:00,0.0
2018-09-15 05:00:00,0.0
2018-09-15 06:00:00,0.0
2018-09-15 07:00:00,0.0
2018-09-15 08:00:00,0.0
2018-09-15 09:00:00,0.0
2018-09-15 10:00:00,20.525000249999998
2018-09-15 11:00:00,218.2
2018-09-15 12:00:00,491.35001
2018-09-15 13:00:00,720.55002
2018-09-15 14:00:00,894.6500100000001
2018-09-15 15:00:00,1000.0
2018-09-15 16:00:00,1027.125
2018-09-15 17:00:00,974.42502
2018-09-15 18:00:00,702.675
2018-09-15 19:00:00,624.35
2018-09-15 20:00:00,383.425
2018-09-15 21:00:00,80.0500025
2018-09-15 22:00:00,0.0
2018-09-15 23:00:00,0.0
2018-09-16 00:00:00,0.0
2018-09-16 01:00:00,0.0
2018-09-16 02:00:00,0.0
2018-09-16 03:00:00,0.0
2018-09-16 04:00:00,0.0
2018-09-16 05:00:00,0.0
2018-09-16 06:00:00,0.0
2018-09-16 07:00:00,0.0
2018-09-16 08:00:00,0.0
2018-09-16 09:00:00,0.0
2018-09-16 10:00:00,19.775
2018-09-16 11:00:00,229.4250025
2018-09-16 12:00:00,502.50001499999996
2018-09-16 13:00:00,733.775
2018-09-16 14:00:00,910.725
2018-09-16 15:00:00,1023.07506
2018-09-16 16:00:00,1051.575025
2018-09-16 17:00:00,998.4500350000001
2018-09-16 18:00:00,860.3
2018-09-16 19:00:00,664.67501
2018-09-16 20:00:00,413.75
2018-09-16 21:00:00,157.475
2018-09-16 22:00:00,5.05
2018-09-16 23:00:00,0.0
2018-09-17 00:00:00,0.0
2018-09-17 01:00:00,0.0
2018-09-17 02:00:00,0.0
2018-09-17 03:00:00,0.0
2018-09-17 04:00:00,0.0
2018-09-17 05:00:00,0.0
2018-09-17 06:00:00,0.0
2018-09-17 07:00:00,0.0
2018-09-17 08:00:00,0.0
2018-09-17 09:00:00,0.0
2018-09-17 10:00:00,28.549999999999997
2018-09-17 11:00:00,239.7500025
2018-09-17 12:00:00,503.80001000000004
2018-09-17 13:00:00,731.85001
2018-09-17 14:00:00,905.375
2018-09-17 15:00:00,1007.1
2018-09-17 16:00:00,1033.575
2018-09-17 17:00:00,980.07501
2018-09-17 18:00:00,846.45001
2018-09-17 19:00:00,655.95
2018-09-17 20:00:00,418.475
2018-09-17 21:00:00,158.0
2018-09-17 22:00:00,5.20000025
2018-09-17 23:00:00,0.0
2018-09-18 00:00:00,0.0
2018-09-18 01:00:00,0.0
2018-09-18 02:00:00,0.0
2018-09-18 03:00:00,0.0
2018-09-18 04:00:00,0.0
2018-09-18 05:00:00,0.0
2018-09-18 06:00:00,0.0
2018-09-18 07:00:00,0.0
2018-09-18 08:00:00,0.0
2018-09-18 09:00:00,0.0
2018-09-18 10:00:00,27.12500125
2018-09-18 11:00:00,238.45
2018-09-18 12:00:00,505.475005
2018-09-18 13:00:00,736.52502
2018-09-18 14:00:00,911.9750200000001
2018-09-18 15:00:00,1021.3
2018-09-18 16:00:00,1047.87505
2018-09-18 17:00:00,993.8000099999999
2018-09-18 18:00:00,859.50002
2018-09-18 19:00:00,665.05
2018-09-18 20:00:00,406.0
2018-09-18 21:00:00,86.025
2018-09-18 22:00:00,0.0
2018-09-18 23:00:00,0.0
2018-09-19 00:00:00,0.0
2018-09-19 01:00:00,0.0
2018-09-19 02:00:00,0.0
2018-09-19 03:00:00,0.0
2018-09-19 04:00:00,0.0
2018-09-19 05:00:00,0.0
2018-09-19 06:00:00,0.0
2018-09-19 07:00:00,0.0
2018-09-19 08:00:00,0.0
2018-09-19 09:00:00,0.0
2018-09-19 10:00:00,28.975
2018-09-19 11:00:00,249.85
2018-09-19 12:00:00,512.100005
2018-09-19 13:00:00,743.32501
2018-09-19 14:00:00,919.1
2018-09-19 15:00:00,1024.17501
2018-09-19 16:00:00,1051.050025
2018-09-19 17:00:00,997.325
2018-09-19 18:00:00,861.62501
2018-09-19 19:00:00,665.12501
2018-09-19 20:00:00,421.975005
2018-09-19 21:00:00,150.275
2018-09-19 22:00:00,4.925
2018-09-19 23:00:00,0.0
2018-09-20 00:00:00,0.0
2018-09-20 01:00:00,0.0
2018-09-20 02:00:00,0.0
2018-09-20 03:00:00,0.0
2018-09-20 04:00:00,0.0
2018-09-20 05:00:00,0.0
2018-09-20 06:00:00,0.0
2018-09-20 07:00:00,0.0
2018-09-20 08:00:00,0.0
2018-09-20 09:00:00,0.0
2018-09-20 10:00:00,34.050000499999996
2018-09-20 11:00:00,253.575
2018-09-20 12:00:00,523.95
2018-09-20 13:00:00,753.20001
2018-09-20 14:00:00,926.825
2018-09-20 15:00:00,1030.225
2018-09-20 16:00:00,1056.725025
2018-09-20 17:00:00,1002.9000100000001
2018-09-20 18:00:00,862.65002
2018-09-20 19:00:00,651.8
2018-09-20 20:00:00,423.45
2018-09-20 21:00:00,106.6250025
2018-09-20 22:00:00,0.0
2018-09-20 23:00:00,0.0
2018-09-21 00:00:00,0.0
2018-09-21 01:00:00,0.0
2018-09-21 02:00:00,0.0
2018-09-21 03:00:00,0.0
2018-09-21 04:00:00,0.0
2018-09-21 05:00:00,0.0
2018-09-21 06:00:00,0.0
2018-09-21 07:00:00,0.0
2018-09-21 08:00:00,0.0
2018-09-21 09:00:00,0.0
2018-09-21 10:00:00,35.3
2018-09-21 11:00:00,252.2500025
2018-09-21 12:00:00,518.900025
2018-09-21 13:00:00,746.35002
2018-09-21 14:00:00,919.82501
2018-09-21 15:00:00,1022.45005
2018-09-21 16:00:00,1051.975025
2018-09-21 17:00:00,996.9000100000001
2018-09-21 18:00:00,858.575
2018-09-21 19:00:00,661.95
2018-09-21 20:00:00,419.25
2018-09-21 21:00:00,159.8000025
2018-09-21 22:00:00,5.85
2018-09-21 23:00:00,0.0
2018-09-22 00:00:00,0.0
2018-09-22 01:00:00,0.0
2018-09-22 02:00:00,0.0
2018-09-22 03:00:00,0.0
2018-09-22 04:00:00,0.0
2018-09-22 05:00:00,0.0
2018-09-22 06:00:00,0.0
2018-09-22 07:00:00,0.0
2018-09-22 08:00:00,0.0
2018-09-22 09:00:00,0.0
2018-09-22 10:00:00,39.875
2018-09-22 11:00:00,268.575
2018-09-22 12:00:00,531.075
2018-09-22 13:00:00,762.25002
2018-09-22 14:00:00,937.95001
2018-09-22 15:00:00,1045.375025
2018-09-22 16:00:00,1072.1
2018-09-22 17:00:00,1014.5999999999999
2018-09-22 18:00:00,879.7
2018-09-22 19:00:00,680.675
2018-09-22 20:00:00,434.82501
2018-09-22 21:00:00,169.425
2018-09-22 22:00:00,6.675
2018-09-22 23:00:00,0.0
2018-09-23 00:00:00,0.0
2018-09-23 01:00:00,0.0
2018-09-23 02:00:00,0.0
2018-09-23 03:00:00,0.0
2018-09-23 04:00:00,0.0
2018-09-23 05:00:00,0.0
2018-09-23 06:00:00,0.0
2018-09-23 07:00:00,0.0
2018-09-23 08:00:00,0.0
2018-09-23 09:00:00,0.0
2018-09-23 10:00:00,40.625
2018-09-23 11:00:00,267.05001000000004
2018-09-23 12:00:00,521.175
2018-09-23 13:00:00,751.2
2018-09-23 14:00:00,925.17501
2018-09-23 15:00:00,1028.97505
2018-09-23 16:00:00,1052.725025
2018-09-23 17:00:00,939.37502
2018-09-23 18:00:00,751.07502
2018-09-23 19:00:00,656.975
2018-09-23 20:00:00,414.70001
2018-09-23 21:00:00,157.85000375
2018-09-23 22:00:00,6.05
2018-09-23 23:00:00,0.0
2018-09-24 00:00:00,0.0
2018-09-24 01:00:00,0.0
2018-09-24 02:00:00,0.0
2018-09-24 03:00:00,0.0
2018-09-24 04:00:00,0.0
2018-09-24 05:00:00,0.0
2018-09-24 06:00:00,0.0
2018-09-24 07:00:00,0.0
2018-09-24 08:00:00,0.0
2018-09-24 09:00:00,0.0
2018-09-24 10:00:00,19.3750005
2018-09-24 11:00:00,121.225
2018-09-24 12:00:00,309.1333466666667
2018-09-24 13:00:00,494.25
2018-09-24 14:00:00,560.97501
2018-09-24 15:00:00,600.9000100000001
2018-09-24 16:00:00,589.50001
2018-09-24 17:00:00,348.42501000000004
2018-09-24 18:00:00,383.125
2018-09-24 19:00:00,287.650005
2018-09-24 20:00:00,158.16666999999998
2018-09-24 21:00:00,10.7
2018-09-24 22:00:00,0.0
2018-09-24 23:00:00,0.0
2018-09-25 00:00:00,0.0
2018-09-25 01:00:00,0.0
2018-09-25 02:00:00,0.0
2018-09-25 03:00:00,0.0
2018-09-25 04:00:00,0.0
2018-09-25 05:00:00,0.0
2018-09-25 06:00:00,0.0
2018-09-25 07:00:00,0.0
2018-09-25 08:00:00,0.0
2018-09-25 09:00:00,0.0
2018-09-25 10:00:00,39.575
2018-09-25 11:00:00,262.2
2018-09-25 12:00:00,530.175
2018-09-25 13:00:00,758.10001
2018-09-25 14:00:00,891.90002
2018-09-25 15:00:00,1043.12505
2018-09-25 16:00:00,1070.800025
2018-09-25 17:00:00,1016.875
2018-09-25 18:00:00,884.45001
2018-09-25 19:00:00,686.00001
2018-09-25 20:00:00,437.250005
2018-09-25 21:00:00,161.1750025
2018-09-25 22:00:00,7.425
2018-09-25 23:00:00,0.0
2018-09-26 00:00:00,0.0
2018-09-26 01:00:00,0.0
2018-09-26 02:00:00,0.0
2018-09-26 03:00:00,0.0
2018-09-26 04:00:00,0.0
2018-09-26 05:00:00,0.0
2018-09-26 06:00:00,0.0
2018-09-26 07:00:00,0.0
2018-09-26 08:00:00,0.0
2018-09-26 09:00:00,0.0
2018-09-26 10:00:00,49.5
2018-09-26 11:00:00,287.0250025
2018-09-26 12:00:00,550.0
2018-09-26 13:00:00,780.15
2018-09-26 14:00:00,952.6000200000001
2018-09-26 15:00:00,1053.250025
2018-09-26 16:00:00,1074.450025
2018-09-26 17:00:00,1015.225
2018-09-26 18:00:00,875.675
2018-09-26 19:00:00,679.25001
2018-09-26 20:00:00,425.975
2018-09-26 21:00:00,171.7
2018-09-26 22:00:00,7.35
2018-09-26 23:00:00,0.0
2018-09-27 00:00:00,0.0
2018-09-27 01:00:00,0.0
2018-09-27 02:00:00,0.0
2018-09-27 03:00:00,0.0
2018-09-27 04:00:00,0.0
2018-09-27 05:00:00,0.0
2018-09-27 06:00:00,0.0
2018-09-27 07:00:00,0.0
2018-09-27 08:00:00,0.0
2018-09-27 09:00:00,0.0
2018-09-27 10:00:00,48.57500175
2018-09-27 11:00:00,278.750005
2018-09-27 12:00:00,544.450005
2018-09-27 13:00:00,771.425
2018-09-27 14:00:00,941.85
2018-09-27 15:00:00,1037.72501
2018-09-27 16:00:00,1060.25
2018-09-27 17:00:00,1004.100025
2018-09-27 18:00:00,856.4
2018-09-27 19:00:00,650.2
2018-09-27 20:00:00,381.95
2018-09-27 21:00:00,115.175
2018-09-27 22:00:00,6.8
2018-09-27 23:00:00,0.0
2018-09-28 00:00:00,0.0
2018-09-28 01:00:00,0.0
2018-09-28 02:00:00,0.0
2018-09-28 03:00:00,0.0
2018-09-28 04:00:00,0.0
2018-09-28 05:00:00,0.0
2018-09-28 06:00:00,0.0
2018-09-28 07:00:00,0.0
2018-09-28 08:00:00,0.0
2018-09-28 09:00:00,0.0
2018-09-28 10:00:00,55.675
2018-09-28 11:00:00,296.7
2018-09-28 12:00:00,556.25
2018-09-28 13:00:00,783.75
2018-09-28 14:00:00,955.0500099999999
2018-09-28 15:00:00,1056.700025
2018-09-28 16:00:00,1078.925
2018-09-28 17:00:00,875.3500200000001
2018-09-28 18:00:00,828.40002
2018-09-28 19:00:00,631.52502
2018-09-28 20:00:00,273.1
2018-09-28 21:00:00,69.90000025
2018-09-28 22:00:00,0.0
2018-09-28 23:00:00,0.0
2018-09-29 00:00:00,0.0
2018-09-29 01:00:00,0.0
2018-09-29 02:00:00,0.0
2018-09-29 03:00:00,0.0
2018-09-29 04:00:00,0.0
2018-09-29 05:00:00,0.0
2018-09-29 06:00:00,0.0
2018-09-29 07:00:00,0.0
2018-09-29 08:00:00,0.0
2018-09-29 09:00:00,0.0
2018-09-29 10:00:00,61.12500125
2018-09-29 11:00:00,308.975
2018-09-29 12:00:00,572.0
2018-09-29 13:00:00,799.05002
2018-09-29 14:00:00,969.67501
2018-09-29 15:00:00,1068.4250000000002
2018-09-29 16:00:00,1089.825025
2018-09-29 17:00:00,1033.375025
2018-09-29 18:00:00,851.925
2018-09-29 19:00:00,704.7750100000001
2018-09-29 20:00:00,459.350005
2018-09-29 21:00:00,189.47500125
2018-09-29 22:00:00,9.325
2018-09-29 23:00:00,0.0
2018-09-30 00:00:00,0.0
2018-09-30 01:00:00,0.0
2018-09-30 02:00:00,0.0
2018-09-30 03:00:00,0.0
2018-09-30 04:00:00,0.0
2018-09-30 05:00:00,0.0
2018-09-30 06:00:00,0.0
2018-09-30 07:00:00,0.0
2018-09-30 08:00:00,0.0
2018-09-30 09:00:00,0.0
2018-09-30 10:00:00,62.87500125
2018-09-30 11:00:00,312.625005
2018-09-30 12:00:00,574.17501
2018-09-30 13:00:00,801.85
2018-09-30 14:00:00,971.85
2018-09-30 15:00:00,1071.05005
2018-09-30 16:00:00,1093.775
2018-09-30 17:00:00,1036.1
2018-09-30 18:00:00,900.30001
2018-09-30 19:00:00,700.82502
2018-09-30 20:00:00,453.475005
2018-09-30 21:00:00,180.8000025
2018-09-30 22:00:00,8.6
2018-09-30 23:00:00,0.0
2018-10-01 00:00:00,0.0
2018-10-01 01:00:00,0.0
2018-10-01 02:00:00,0.0
2018-10-01 03:00:00,0.0
2018-10-01 04:00:00,0.0
2018-10-01 05:00:00,0.0
2018-10-01 06:00:00,0.0
2018-10-01 07:00:00,0.0
2018-10-01 08:00:00,0.0
2018-10-01 09:00:00,0.0
2018-10-01 10:00:00,66.5000025
2018-10-01 11:00:00,320.85
2018-10-01 12:00:00,589.475
2018-10-01 13:00:00,818.15002
2018-10-01 14:00:00,989.4
2018-10-01 15:00:00,1086.525025
2018-10-01 16:00:00,915.575
2018-10-01 17:00:00,759.075
2018-10-01 18:00:00,674.9750200000001
2018-10-01 19:00:00,590.25001
2018-10-01 20:00:00,375.125005
2018-10-01 21:00:00,164.950005
2018-10-01 22:00:00,10.0
2018-10-01 23:00:00,0.0
2018-10-02 00:00:00,0.0
2018-10-02 01:00:00,0.0
2018-10-02 02:00:00,0.0
2018-10-02 03:00:00,0.0
2018-10-02 04:00:00,0.0
2018-10-02 05:00:00,0.0
2018-10-02 06:00:00,0.0
2018-10-02 07:00:00,0.0
2018-10-02 08:00:00,0.0
2018-10-02 09:00:00,0.0
2018-10-02 10:00:00,67.17500125000001
2018-10-02 11:00:00,326.225
2018-10-02 12:00:00,590.8249999999999
2018-10-02 13:00:00,821.1500100000001
2018-10-02 14:00:00,992.55002
2018-10-02 15:00:00,1090.250025
2018-10-02 16:00:00,1110.025025
2018-10-02 17:00:00,1051.12501
2018-10-02 18:00:00,913.10001
2018-10-02 19:00:00,710.65001
2018-10-02 20:00:00,458.82501
2018-10-02 21:00:00,185.875
2018-10-02 22:00:00,9.3
2018-10-02 23:00:00,0.0
2018-10-03 00:00:00,0.0
2018-10-03 01:00:00,0.0
2018-10-03 02:00:00,0.0
2018-10-03 03:00:00,0.0
2018-10-03 04:00:00,0.0
2018-10-03 05:00:00,0.0
2018-10-03 06:00:00,0.0
2018-10-03 07:00:00,0.0
2018-10-03 08:00:00,0.0
2018-10-03 09:00:00,0.0
2018-10-03 10:00:00,62.950002500000004
2018-10-03 11:00:00,308.54999999999995
2018-10-03 12:00:00,572.62501
2018-10-03 13:00:00,797.85001
2018-10-03 14:00:00,965.45
2018-10-03 15:00:00,1059.675025
2018-10-03 16:00:00,1074.4
2018-10-03 17:00:00,1010.35006
2018-10-03 18:00:00,875.625
2018-10-03 19:00:00,678.62502
2018-10-03 20:00:00,435.050005
2018-10-03 21:00:00,172.15
2018-10-03 22:00:00,8.675
2018-10-03 23:00:00,0.0
2018-10-04 00:00:00,0.0
2018-10-04 01:00:00,0.0
2018-10-04 02:00:00,0.0
2018-10-04 03:00:00,0.0
2018-10-04 04:00:00,0.0
2018-10-04 05:00:00,0.0
2018-10-04 06:00:00,0.0
2018-10-04 07:00:00,0.0
2018-10-04 08:00:00,0.0
2018-10-04 09:00:00,0.0
2018-10-04 10:00:00,55.5
2018-10-04 11:00:00,259.2500025
2018-10-04 12:00:00,501.15001
2018-10-04 13:00:00,731.72502
2018-10-04 14:00:00,872.625
2018-10-04 15:00:00,1009.6250200000001
2018-10-04 16:00:00,804.40001
2018-10-04 17:00:00,655.67501
2018-10-04 18:00:00,669.525
2018-10-04 19:00:00,463.90001
2018-10-04 20:00:00,257.5250025
2018-10-04 21:00:00,78.60000000000001
2018-10-04 22:00:00,8.675
2018-10-04 23:00:00,0.0
2018-10-05 00:00:00,0.0
2018-10-05 01:00:00,0.0
2018-10-05 02:00:00,0.0
2018-10-05 03:00:00,0.0
2018-10-05 04:00:00,0.0
2018-10-05 05:00:00,0.0
2018-10-05 06:00:00,0.0
2018-10-05 07:00:00,0.0
2018-10-05 08:00:00,0.0
2018-10-05 09:00:00,0.0
2018-10-05 10:00:00,67.8
2018-10-05 11:00:00,307.025
2018-10-05 12:00:00,570.275005
2018-10-05 13:00:00,788.82501
2018-10-05 14:00:00,951.75002
2018-10-05 15:00:00,1038.725025
2018-10-05 16:00:00,1057.425
2018-10-05 17:00:00,926.12501
2018-10-05 18:00:00,788.42502
2018-10-05 19:00:00,546.05001
2018-10-05 20:00:00,244.65001
2018-10-05 21:00:00,24.575001750000002
2018-10-05 22:00:00,0.0
2018-10-05 23:00:00,0.0
2018-10-06 00:00:00,0.0
2018-10-06 01:00:00,0.0
2018-10-06 02:00:00,0.0
2018-10-06 03:00:00,0.0
2018-10-06 04:00:00,0.0
2018-10-06 05:00:00,0.0
2018-10-06 06:00:00,0.0
2018-10-06 07:00:00,0.0
2018-10-06 08:00:00,0.0
2018-10-06 09:00:00,0.0
2018-10-06 10:00:00,75.6
2018-10-06 11:00:00,320.3
2018-10-06 12:00:00,579.02502
2018-10-06 13:00:00,797.62501
2018-10-06 14:00:00,961.3
2018-10-06 15:00:00,1052.450025
2018-10-06 16:00:00,1070.625025
2018-10-06 17:00:00,660.00001
2018-10-06 18:00:00,436.925005
2018-10-06 19:00:00,402.45000500000003
2018-10-06 20:00:00,265.7750075
2018-10-06 21:00:00,45.475
2018-10-06 22:00:00,0.3
2018-10-06 23:00:00,0.0
2018-10-07 00:00:00,0.0
2018-10-07 01:00:00,0.0
2018-10-07 02:00:00,0.0
2018-10-07 03:00:00,0.0
2018-10-07 04:00:00,0.0
2018-10-07 05:00:00,0.0
2018-10-07 06:00:00,0.0
2018-10-07 07:00:00,0.0
2018-10-07 08:00:00,0.0
2018-10-07 09:00:00,0.0
2018-10-07 10:00:00,70.37500125
2018-10-07 11:00:00,319.70000500000003
2018-10-07 12:00:00,588.2
2018-10-07 13:00:00,808.25
2018-10-07 14:00:00,971.67501
2018-10-07 15:00:00,1062.875025
2018-10-07 16:00:00,1047.825
2018-10-07 17:00:00,892.425
2018-10-07 18:00:00,628.87501
2018-10-07 19:00:00,670.225
2018-10-07 20:00:00,445.92501000000004
2018-10-07 21:00:00,173.2
2018-10-07 22:00:00,3.7249999999999996
2018-10-07 23:00:00,0.0
2018-10-08 00:00:00,0.0
2018-10-08 01:00:00,0.0
2018-10-08 02:00:00,0.0
2018-10-08 03:00:00,0.0
2018-10-08 04:00:00,0.0
2018-10-08 05:00:00,0.0
2018-10-08 06:00:00,0.0
2018-10-08 07:00:00,0.0
2018-10-08 08:00:00,0.0
2018-10-08 09:00:00,0.0
2018-10-08 10:00:00,87.42500125000001
2018-10-08 11:00:00,347.00000750000004
2018-10-08 12:00:00,612.7249999999999
2018-10-08 13:00:00,836.67502
2018-10-08 14:00:00,1001.6
2018-10-08 15:00:00,1096.5
2018-10-08 16:00:00,1113.050025
2018-10-08 17:00:00,1049.87501
2018-10-08 18:00:00,911.675
2018-10-08 19:00:00,712.35001
2018-10-08 20:00:00,417.925
2018-10-08 21:00:00,169.75
2018-10-08 22:00:00,13.649999999999999
2018-10-08 23:00:00,0.0
2018-10-09 00:00:00,0.0
2018-10-09 01:00:00,0.0
2018-10-09 02:00:00,0.0
2018-10-09 03:00:00,0.0
2018-10-09 04:00:00,0.0
2018-10-09 05:00:00,0.0
2018-10-09 06:00:00,0.0
2018-10-09 07:00:00,0.0
2018-10-09 08:00:00,0.0
2018-10-09 09:00:00,0.0
2018-10-09 10:00:00,87.3
2018-10-09 11:00:00,341.175
2018-10-09 12:00:00,615.42502
2018-10-09 13:00:00,843.1750099999999
2018-10-09 14:00:00,995.47501
2018-10-09 15:00:00,1071.225
2018-10-09 16:00:00,1106.10005
2018-10-09 17:00:00,1020.45
2018-10-09 18:00:00,873.275
2018-10-09 19:00:00,539.6250150000001
2018-10-09 20:00:00,336.525005
2018-10-09 21:00:00,122.62500125
2018-10-09 22:00:00,4.20000025
2018-10-09 23:00:00,0.0
2018-10-10 00:00:00,0.0
2018-10-10 01:00:00,0.0
2018-10-10 02:00:00,0.0
2018-10-10 03:00:00,0.0
2018-10-10 04:00:00,0.0
2018-10-10 05:00:00,0.0
2018-10-10 06:00:00,0.0
2018-10-10 07:00:00,0.0
2018-10-10 08:00:00,0.0
2018-10-10 09:00:00,0.0
2018-10-10 10:00:00,88.375
2018-10-10 11:00:00,349.000005
2018-10-10 12:00:00,609.85001
2018-10-10 13:00:00,834.4
2018-10-10 14:00:00,1001.7750100000001
2018-10-10 15:00:00,1090.77505
2018-10-10 16:00:00,947.45002
2018-10-10 17:00:00,780.8
2018-10-10 18:00:00,710.025
2018-10-10 19:00:00,533.12501
2018-10-10 20:00:00,322.37501
2018-10-10 21:00:00,140.575
2018-10-10 22:00:00,13.900000075
2018-10-10 23:00:00,0.0
2018-10-11 00:00:00,0.0
2018-10-11 01:00:00,0.0
2018-10-11 02:00:00,0.0
2018-10-11 03:00:00,0.0
2018-10-11 04:00:00,0.0
2018-10-11 05:00:00,0.0
2018-10-11 06:00:00,0.0
2018-10-11 07:00:00,0.0
2018-10-11 08:00:00,0.0
2018-10-11 09:00:00,0.0
2018-10-11 10:00:00,90.7250025
2018-10-11 11:00:00,337.350005
2018-10-11 12:00:00,609.15002
2018-10-11 13:00:00,835.575
2018-10-11 14:00:00,980.950025
2018-10-11 15:00:00,740.375
2018-10-11 16:00:00,595.575
2018-10-11 17:00:00,559.6
2018-10-11 18:00:00,541.8499999999999
2018-10-11 19:00:00,452.95
2018-10-11 20:00:00,355.95
2018-10-11 21:00:00,43.475
2018-10-11 22:00:00,0.0
2018-10-11 23:00:00,0.0
2018-10-12 00:00:00,0.0
2018-10-12 01:00:00,0.0
2018-10-12 02:00:00,0.0
2018-10-12 03:00:00,0.0
2018-10-12 04:00:00,0.0
2018-10-12 05:00:00,0.0
2018-10-12 06:00:00,0.0
2018-10-12 07:00:00,0.0
2018-10-12 08:00:00,0.0
2018-10-12 09:00:00,0.0
2018-10-12 10:00:00,83.75000125
2018-10-12 11:00:00,294.4250075
2018-10-12 12:00:00,499.275
2018-10-12 13:00:00,606.0250100000001
2018-10-12 14:00:00,757.75002
2018-10-12 15:00:00,837.05
2018-10-12 16:00:00,727.9250099999999
2018-10-12 17:00:00,608.7
2018-10-12 18:00:00,581.22502
2018-10-12 19:00:00,515.05
2018-10-12 20:00:00,164.75
2018-10-12 21:00:00,59.175
2018-10-12 22:00:00,0.0
2018-10-12 23:00:00,0.0
2018-10-13 00:00:00,0.0
2018-10-13 01:00:00,0.0
2018-10-13 02:00:00,0.0
2018-10-13 03:00:00,0.0
2018-10-13 04:00:00,0.0
2018-10-13 05:00:00,0.0
2018-10-13 06:00:00,0.0
2018-10-13 07:00:00,0.0
2018-10-13 08:00:00,0.0
2018-10-13 09:00:00,0.0
2018-10-13 10:00:00,97.4250025
2018-10-13 11:00:00,359.9
2018-10-13 12:00:00,623.025
2018-10-13 13:00:00,848.95
2018-10-13 14:00:00,1015.90005
2018-10-13 15:00:00,1069.15001
2018-10-13 16:00:00,940.35001
2018-10-13 17:00:00,720.625
2018-10-13 18:00:00,584.1
2018-10-13 19:00:00,577.100005
2018-10-13 20:00:00,378.225
2018-10-13 21:00:00,200.4250025
2018-10-13 22:00:00,5.375
2018-10-13 23:00:00,0.0
2018-10-14 00:00:00,0.0
2018-10-14 01:00:00,0.0
2018-10-14 02:00:00,0.0
2018-10-14 03:00:00,0.0
2018-10-14 04:00:00,0.0
2018-10-14 05:00:00,0.0
2018-10-14 06:00:00,0.0
2018-10-14 07:00:00,0.0
2018-10-14 08:00:00,0.0
2018-10-14 09:00:00,0.0
2018-10-14 10:00:00,89.75
2018-10-14 11:00:00,321.975
2018-10-14 12:00:00,552.9
2018-10-14 13:00:00,784.67502
2018-10-14 14:00:00,857.07502
2018-10-14 15:00:00,855.175
2018-10-14 16:00:00,790.375
2018-10-14 17:00:00,679.05
2018-10-14 18:00:00,581.2
2018-10-14 19:00:00,415.40000499999996
2018-10-14 20:00:00,196.12500125
2018-10-14 21:00:00,8.45
2018-10-14 22:00:00,0.0
2018-10-14 23:00:00,0.0
2018-10-15 00:00:00,0.0
2018-10-15 01:00:00,0.0
2018-10-15 02:00:00,0.0
2018-10-15 03:00:00,0.0
2018-10-15 04:00:00,0.0
2018-10-15 05:00:00,0.0
2018-10-15 06:00:00,0.0
2018-10-15 07:00:00,0.0
2018-10-15 08:00:00,0.0
2018-10-15 09:00:00,0.0
2018-10-15 10:00:00,111.67500275
2018-10-15 11:00:00,384.275
2018-10-15 12:00:00,649.07501
2018-10-15 13:00:00,875.5
2018-10-15 14:00:00,1042.225
2018-10-15 15:00:00,1132.950025
2018-10-15 16:00:00,1147.37505
2018-10-15 17:00:00,1079.600025
2018-10-15 18:00:00,926.92503
2018-10-15 19:00:00,719.32501
2018-10-15 20:00:00,470.25001
2018-10-15 21:00:00,205.72500125
2018-10-15 22:00:00,16.35
2018-10-15 23:00:00,0.0
2018-10-16 00:00:00,0.0
2018-10-16 01:00:00,0.0
2018-10-16 02:00:00,0.0
2018-10-16 03:00:00,0.0
2018-10-16 04:00:00,0.0
2018-10-16 05:00:00,0.0
2018-10-16 06:00:00,0.0
2018-10-16 07:00:00,0.0
2018-10-16 08:00:00,0.0
2018-10-16 09:00:00,0.0
2018-10-16 10:00:00,95.825
2018-10-16 11:00:00,364.65
2018-10-16 12:00:00,629.175
2018-10-16 13:00:00,849.87502
2018-10-16 14:00:00,1014.7
2018-10-16 15:00:00,1108.600025
2018-10-16 16:00:00,1122.900025
2018-10-16 17:00:00,1057.2750350000001
2018-10-16 18:00:00,909.025
2018-10-16 19:00:00,708.95001
2018-10-16 20:00:00,463.87501
2018-10-16 21:00:00,203.95
2018-10-16 22:00:00,16.2750005
2018-10-16 23:00:00,0.0
2018-10-17 00:00:00,0.0
2018-10-17 01:00:00,0.0
2018-10-17 02:00:00,0.0
2018-10-17 03:00:00,0.0
2018-10-17 04:00:00,0.0
2018-10-17 05:00:00,0.0
2018-10-17 06:00:00,0.0
2018-10-17 07:00:00,0.0
2018-10-17 08:00:00,0.0
2018-10-17 09:00:00,0.0
2018-10-17 10:00:00,119.275
2018-10-17 11:00:00,387.05001
2018-10-17 12:00:00,650.6999999999999
2018-10-17 13:00:00,873.32501
2018-10-17 14:00:00,1036.82501
2018-10-17 15:00:00,1131.25005
2018-10-17 16:00:00,1149.05
2018-10-17 17:00:00,1083.52505
2018-10-17 18:00:00,941.32501
2018-10-17 19:00:00,741.475
2018-10-17 20:00:00,495.000005
2018-10-17 21:00:00,218.4250025
2018-10-17 22:00:00,18.825
2018-10-17 23:00:00,0.0
2018-10-18 00:00:00,0.0
2018-10-18 01:00:00,0.0
2018-10-18 02:00:00,0.0
2018-10-18 03:00:00,0.0
2018-10-18 04:00:00,0.0
2018-10-18 05:00:00,0.0
2018-10-18 06:00:00,0.0
2018-10-18 07:00:00,0.0
2018-10-18 08:00:00,0.0
2018-10-18 09:00:00,0.0
2018-10-18 10:00:00,119.9000005
2018-10-18 11:00:00,388.575
2018-10-18 12:00:00,654.55
2018-10-18 13:00:00,881.825
2018-10-18 14:00:00,1049.62501
2018-10-18 15:00:00,1142.925
2018-10-18 16:00:00,1157.95005
2018-10-18 17:00:00,1088.075
2018-10-18 18:00:00,892.3500200000001
2018-10-18 19:00:00,566.82501
2018-10-18 20:00:00,416.175005
2018-10-18 21:00:00,150.8750025
2018-10-18 22:00:00,18.80000025
2018-10-18 23:00:00,0.0
2018-10-19 00:00:00,0.0
2018-10-19 01:00:00,0.0
2018-10-19 02:00:00,0.0
2018-10-19 03:00:00,0.0
2018-10-19 04:00:00,0.0
2018-10-19 05:00:00,0.0
2018-10-19 06:00:00,0.0
2018-10-19 07:00:00,0.0
2018-10-19 08:00:00,0.0
2018-10-19 09:00:00,0.0
2018-10-19 10:00:00,116.1500005
2018-10-19 11:00:00,324.375
2018-10-19 12:00:00,510.325
2018-10-19 13:00:00,540.8000099999999
2018-10-19 14:00:00,537.5
2018-10-19 15:00:00,617.925
2018-10-19 16:00:00,646.2750100000001
2018-10-19 17:00:00,496.4
2018-10-19 18:00:00,509.475
2018-10-19 19:00:00,439.7
2018-10-19 20:00:00,257.4500025
2018-10-19 21:00:00,28.849999999999998
2018-10-19 22:00:00,0.0
2018-10-19 23:00:00,0.0
2018-10-20 00:00:00,0.0
2018-10-20 01:00:00,0.0
2018-10-20 02:00:00,0.0
2018-10-20 03:00:00,0.0
2018-10-20 04:00:00,0.0
2018-10-20 05:00:00,0.0
2018-10-20 06:00:00,0.0
2018-10-20 07:00:00,0.0
2018-10-20 08:00:00,0.0
2018-10-20 09:00:00,0.0
2018-10-20 10:00:00,125.4000025
2018-10-20 11:00:00,384.550005
2018-10-20 12:00:00,634.25
2018-10-20 13:00:00,853.9
2018-10-20 14:00:00,994.500035
2018-10-20 15:00:00,931.32501
2018-10-20 16:00:00,576.7
2018-10-20 17:00:00,542.275
2018-10-20 18:00:00,549.150015
2018-10-20 19:00:00,501.725
2018-10-20 20:00:00,435.575
2018-10-20 21:00:00,205.75000125
2018-10-20 22:00:00,19.12500025
2018-10-20 23:00:00,0.0
2018-10-21 00:00:00,0.0
2018-10-21 01:00:00,0.0
2018-10-21 02:00:00,0.0
2018-10-21 03:00:00,0.0
2018-10-21 04:00:00,0.0
2018-10-21 05:00:00,0.0
2018-10-21 06:00:00,0.0
2018-10-21 07:00:00,0.0
2018-10-21 08:00:00,0.0
2018-10-21 09:00:00,0.15
2018-10-21 10:00:00,125.725
2018-10-21 11:00:00,368.775
2018-10-21 12:00:00,617.675
2018-10-21 13:00:00,760.87503
2018-10-21 14:00:00,816.80001
2018-10-21 15:00:00,989.6
2018-10-21 16:00:00,1051.075
2018-10-21 17:00:00,875.55
2018-10-21 18:00:00,726.95001
2018-10-21 19:00:00,523.175005
2018-10-21 20:00:00,318.3
2018-10-21 21:00:00,42.8000005
2018-10-21 22:00:00,0.0
2018-10-21 23:00:00,0.0
2018-10-22 00:00:00,0.0
2018-10-22 01:00:00,0.0
2018-10-22 02:00:00,0.0
2018-10-22 03:00:00,0.0
2018-10-22 04:00:00,0.0
2018-10-22 05:00:00,0.0
2018-10-22 06:00:00,0.0
2018-10-22 07:00:00,0.0
2018-10-22 08:00:00,0.0
2018-10-22 09:00:00,0.475
2018-10-22 10:00:00,122.95000175
2018-10-22 11:00:00,377.875
2018-10-22 12:00:00,634.625
2018-10-22 13:00:00,801.75002
2018-10-22 14:00:00,935.40002
2018-10-22 15:00:00,1024.225
2018-10-22 16:00:00,952.7250349999999
2018-10-22 17:00:00,794.2
2018-10-22 18:00:00,739.90002
2018-10-22 19:00:00,550.15
2018-10-22 20:00:00,280.87500750000004
2018-10-22 21:00:00,16.775000000000002
2018-10-22 22:00:00,0.0
2018-10-22 23:00:00,0.0
2018-10-23 00:00:00,0.0
2018-10-23 01:00:00,0.0
2018-10-23 02:00:00,0.0
2018-10-23 03:00:00,0.0
2018-10-23 04:00:00,0.0
2018-10-23 05:00:00,0.0
2018-10-23 06:00:00,0.0
2018-10-23 07:00:00,0.0
2018-10-23 08:00:00,0.0
2018-10-23 09:00:00,0.825
2018-10-23 10:00:00,116.6750005
2018-10-23 11:00:00,297.52501
2018-10-23 12:00:00,476.375005
2018-10-23 13:00:00,615.72501
2018-10-23 14:00:00,836.025
2018-10-23 15:00:00,991.9000000000001
2018-10-23 16:00:00,727.70001
2018-10-23 17:00:00,678.55
2018-10-23 18:00:00,657.30002
2018-10-23 19:00:00,509.54999999999995
2018-10-23 20:00:00,350.1
2018-10-23 21:00:00,140.65000500000002
2018-10-23 22:00:00,17.150000075
2018-10-23 23:00:00,0.0
2018-10-24 00:00:00,0.0
2018-10-24 01:00:00,0.0
2018-10-24 02:00:00,0.0
2018-10-24 03:00:00,0.0
2018-10-24 04:00:00,0.0
2018-10-24 05:00:00,0.0
2018-10-24 06:00:00,0.0
2018-10-24 07:00:00,0.0
2018-10-24 08:00:00,0.0
2018-10-24 09:00:00,0.0
2018-10-24 10:00:00,119.85000375
2018-10-24 11:00:00,367.475005
2018-10-24 12:00:00,574.07501
2018-10-24 13:00:00,736.3
2018-10-24 14:00:00,908.60001
2018-10-24 15:00:00,1056.200025
2018-10-24 16:00:00,1147.40005
2018-10-24 17:00:00,1079.15005
2018-10-24 18:00:00,938.52502
2018-10-24 19:00:00,711.25
2018-10-24 20:00:00,494.92501000000004
2018-10-24 21:00:00,231.025
2018-10-24 22:00:00,25.150000249999998
2018-10-24 23:00:00,0.0
2018-10-25 00:00:00,0.0
2018-10-25 01:00:00,0.0
2018-10-25 02:00:00,0.0
2018-10-25 03:00:00,0.0
2018-10-25 04:00:00,0.0
2018-10-25 05:00:00,0.0
2018-10-25 06:00:00,0.0
2018-10-25 07:00:00,0.0
2018-10-25 08:00:00,0.0
2018-10-25 09:00:00,1.725
2018-10-25 10:00:00,141.375003
2018-10-25 11:00:00,385.29999999999995
2018-10-25 12:00:00,671.6
2018-10-25 13:00:00,842.75
2018-10-25 14:00:00,895.0
2018-10-25 15:00:00,951.275025
2018-10-25 16:00:00,1015.3500200000001
2018-10-25 17:00:00,1010.975025
2018-10-25 18:00:00,904.325
2018-10-25 19:00:00,571.7249999999999
2018-10-25 20:00:00,328.75
2018-10-25 21:00:00,22.650000325
2018-10-25 22:00:00,6.125
2018-10-25 23:00:00,0.0
2018-10-26 00:00:00,0.0
2018-10-26 01:00:00,0.0
2018-10-26 02:00:00,0.0
2018-10-26 03:00:00,0.0
2018-10-26 04:00:00,0.0
2018-10-26 05:00:00,0.0
2018-10-26 06:00:00,0.0
2018-10-26 07:00:00,0.0
2018-10-26 08:00:00,0.0
2018-10-26 09:00:00,2.25
2018-10-26 10:00:00,147.22500125
2018-10-26 11:00:00,412.725015
2018-10-26 12:00:00,675.5
2018-10-26 13:00:00,893.62501
2018-10-26 14:00:00,1054.025
2018-10-26 15:00:00,1139.525
2018-10-26 16:00:00,1108.100075
2018-10-26 17:00:00,894.87503
2018-10-26 18:00:00,911.55
2018-10-26 19:00:00,704.15001
2018-10-26 20:00:00,500.60001
2018-10-26 21:00:00,237.675
2018-10-26 22:00:00,27.150000000000002
2018-10-26 23:00:00,0.0
2018-10-27 00:00:00,0.0
2018-10-27 01:00:00,0.0
2018-10-27 02:00:00,0.0
2018-10-27 03:00:00,0.0
2018-10-27 04:00:00,0.0
2018-10-27 05:00:00,0.0
2018-10-27 06:00:00,0.0
2018-10-27 07:00:00,0.0
2018-10-27 08:00:00,0.0
2018-10-27 09:00:00,2.675
2018-10-27 10:00:00,144.575
2018-10-27 11:00:00,386.825
2018-10-27 12:00:00,671.0250100000001
2018-10-27 13:00:00,878.22501
2018-10-27 14:00:00,1050.775
2018-10-27 15:00:00,1137.900025
2018-10-27 16:00:00,1148.925025
2018-10-27 17:00:00,1085.875025
2018-10-27 18:00:00,949.025
2018-10-27 19:00:00,746.37501
2018-10-27 20:00:00,498.375
2018-10-27 21:00:00,242.125
2018-10-27 22:00:00,28.575000000000003
2018-10-27 23:00:00,0.0
2018-10-28 00:00:00,0.0
2018-10-28 01:00:00,0.0
2018-10-28 02:00:00,0.0
2018-10-28 03:00:00,0.0
2018-10-28 04:00:00,0.0
2018-10-28 05:00:00,0.0
2018-10-28 06:00:00,0.0
2018-10-28 07:00:00,0.0
2018-10-28 08:00:00,0.0
2018-10-28 09:00:00,3.275
2018-10-28 10:00:00,154.6
2018-10-28 11:00:00,417.65
2018-10-28 12:00:00,674.65
2018-10-28 13:00:00,890.32501
2018-10-28 14:00:00,1050.175
2018-10-28 15:00:00,1116.050025
2018-10-28 16:00:00,1143.9666666666665
2018-10-28 17:00:00,1071.675
2018-10-28 18:00:00,938.5
2018-10-28 19:00:00,740.8
2018-10-28 20:00:00,500.775
2018-10-28 21:00:00,241.4500075
2018-10-28 22:00:00,15.2750005
2018-10-28 23:00:00,0.0
2018-10-29 00:00:00,0.0
2018-10-29 01:00:00,0.0
2018-10-29 02:00:00,0.0
2018-10-29 03:00:00,0.0
2018-10-29 04:00:00,0.0
2018-10-29 05:00:00,0.0
2018-10-29 06:00:00,0.0
2018-10-29 07:00:00,0.0
2018-10-29 08:00:00,0.0
2018-10-29 09:00:00,3.775
2018-10-29 10:00:00,159.40000125
2018-10-29 11:00:00,426.100005
2018-10-29 12:00:00,687.275
2018-10-29 13:00:00,905.6
2018-10-29 14:00:00,1065.9000350000001
2018-10-29 15:00:00,1154.55
2018-10-29 16:00:00,1166.1250249999998
2018-10-29 17:00:00,1099.75
2018-10-29 18:00:00,958.35002
2018-10-29 19:00:00,756.17502
2018-10-29 20:00:00,509.375
2018-10-29 21:00:00,247.325005
2018-10-29 22:00:00,30.6
2018-10-29 23:00:00,0.0
2018-10-30 00:00:00,0.0
2018-10-30 01:00:00,0.0
2018-10-30 02:00:00,0.0
2018-10-30 03:00:00,0.0
2018-10-30 04:00:00,0.0
2018-10-30 05:00:00,0.0
2018-10-30 06:00:00,0.0
2018-10-30 07:00:00,0.0
2018-10-30 08:00:00,0.0
2018-10-30 09:00:00,4.125
2018-10-30 10:00:00,160.65000625
2018-10-30 11:00:00,429.875005
2018-10-30 12:00:00,689.70002
2018-10-30 13:00:00,909.82502
2018-10-30 14:00:00,1071.125
2018-10-30 15:00:00,1162.900025
2018-10-30 16:00:00,1175.325025
2018-10-30 17:00:00,1107.650025
2018-10-30 18:00:00,960.175
2018-10-30 19:00:00,677.475
2018-10-30 20:00:00,500.37501
2018-10-30 21:00:00,172.40000375
2018-10-30 22:00:00,21.15
2018-10-30 23:00:00,0.0
2018-10-31 00:00:00,0.0
2018-10-31 01:00:00,0.0
2018-10-31 02:00:00,0.0
2018-10-31 03:00:00,0.0
2018-10-31 04:00:00,0.0
2018-10-31 05:00:00,0.0
2018-10-31 06:00:00,0.0
2018-10-31 07:00:00,0.0
2018-10-31 08:00:00,0.0
2018-10-31 09:00:00,4.70000025
2018-10-31 10:00:00,160.42500375
2018-10-31 11:00:00,394.0
2018-10-31 12:00:00,651.25
2018-10-31 13:00:00,872.35
2018-10-31 14:00:00,1014.92501
2018-10-31 15:00:00,1120.100025
2018-10-31 16:00:00,1139.900025
2018-10-31 17:00:00,1034.500025
2018-10-31 18:00:00,929.2
2018-10-31 19:00:00,646.52501
2018-10-31 20:00:00,434.500005
2018-10-31 21:00:00,234.650005
2018-10-31 22:00:00,33.2
2018-10-31 23:00:00,0.0
2018-11-01 00:00:00,0.0
2018-11-01 01:00:00,0.0
2018-11-01 02:00:00,0.0
2018-11-01 03:00:00,0.0
2018-11-01 04:00:00,0.0
2018-11-01 05:00:00,0.0
2018-11-01 06:00:00,0.0
2018-11-01 07:00:00,0.0
2018-11-01 08:00:00,0.0
2018-11-01 09:00:00,5.275
2018-11-01 10:00:00,169.625005
2018-11-01 11:00:00,437.05
2018-11-01 12:00:00,688.05
2018-11-01 13:00:00,907.8
2018-11-01 14:00:00,1068.650025
2018-11-01 15:00:00,1155.375
2018-11-01 16:00:00,1163.525025
2018-11-01 17:00:00,1093.725025
2018-11-01 18:00:00,953.12502
2018-11-01 19:00:00,753.95
2018-11-01 20:00:00,510.95001
2018-11-01 21:00:00,250.65001
2018-11-01 22:00:00,32.275
2018-11-01 23:00:00,0.0
2018-11-02 00:00:00,0.0
2018-11-02 01:00:00,0.0
2018-11-02 02:00:00,0.0
2018-11-02 03:00:00,0.0
2018-11-02 04:00:00,0.0
2018-11-02 05:00:00,0.0
2018-11-02 06:00:00,0.0
2018-11-02 07:00:00,0.0
2018-11-02 08:00:00,0.0
2018-11-02 09:00:00,5.75
2018-11-02 10:00:00,171.0
2018-11-02 11:00:00,438.575
2018-11-02 12:00:00,693.25
2018-11-02 13:00:00,911.55
2018-11-02 14:00:00,1071.725025
2018-11-02 15:00:00,1161.82505
2018-11-02 16:00:00,1173.675025
2018-11-02 17:00:00,1107.10005
2018-11-02 18:00:00,965.2
2018-11-02 19:00:00,746.075
2018-11-02 20:00:00,520.3750150000001
2018-11-02 21:00:00,255.72500250000002
2018-11-02 22:00:00,34.275
2018-11-02 23:00:00,0.0
2018-11-03 00:00:00,0.0
2018-11-03 01:00:00,0.0
2018-11-03 02:00:00,0.0
2018-11-03 03:00:00,0.0
2018-11-03 04:00:00,0.0
2018-11-03 05:00:00,0.0
2018-11-03 06:00:00,0.0
2018-11-03 07:00:00,0.0
2018-11-03 08:00:00,0.0
2018-11-03 09:00:00,5.675
2018-11-03 10:00:00,163.3750075
2018-11-03 11:00:00,421.500015
2018-11-03 12:00:00,670.57501
2018-11-03 13:00:00,882.20001
2018-11-03 14:00:00,1039.225025
2018-11-03 15:00:00,1127.975
2018-11-03 16:00:00,1070.225025
2018-11-03 17:00:00,911.72501
2018-11-03 18:00:00,672.225
2018-11-03 19:00:00,571.1999999999999
2018-11-03 20:00:00,425.40001
2018-11-03 21:00:00,135.425003
2018-11-03 22:00:00,3.075
2018-11-03 23:00:00,0.0
2018-11-04 00:00:00,0.0
2018-11-04 01:00:00,0.0
2018-11-04 02:00:00,0.0
2018-11-04 03:00:00,0.0
2018-11-04 04:00:00,0.0
2018-11-04 05:00:00,0.0
2018-11-04 06:00:00,0.0
2018-11-04 07:00:00,0.0
2018-11-04 08:00:00,0.0
2018-11-04 09:00:00,6.125
2018-11-04 10:00:00,136.65000625
2018-11-04 11:00:00,365.350005
2018-11-04 12:00:00,514.55
2018-11-04 13:00:00,529.625
2018-11-04 14:00:00,641.75
2018-11-04 15:00:00,592.12501
2018-11-04 16:00:00,654.25001
2018-11-04 17:00:00,626.3
2018-11-04 18:00:00,579.82501
2018-11-04 19:00:00,570.87501
2018-11-04 20:00:00,388.5
2018-11-04 21:00:00,95.825
2018-11-04 22:00:00,6.575000025
2018-11-04 23:00:00,0.0
2018-11-05 00:00:00,0.0
2018-11-05 01:00:00,0.0
2018-11-05 02:00:00,0.0
2018-11-05 03:00:00,0.0
2018-11-05 04:00:00,0.0
2018-11-05 05:00:00,0.0
2018-11-05 06:00:00,0.0
2018-11-05 07:00:00,0.0
2018-11-05 08:00:00,0.0
2018-11-05 09:00:00,6.525
2018-11-05 10:00:00,169.45
2018-11-05 11:00:00,431.725005
2018-11-05 12:00:00,676.36668
2018-11-05 13:00:00,903.6000200000001
2018-11-05 14:00:00,1065.2
2018-11-05 15:00:00,970.3249999999999
2018-11-05 16:00:00,724.00001
2018-11-05 17:00:00,681.2250200000001
2018-11-05 18:00:00,580.75001
2018-11-05 19:00:00,681.425
2018-11-05 20:00:00,489.575
2018-11-05 21:00:00,160.42499999999998
2018-11-05 22:00:00,11.5250005
2018-11-05 23:00:00,0.0
2018-11-06 00:00:00,0.0
2018-11-06 01:00:00,0.0
2018-11-06 02:00:00,0.0
2018-11-06 03:00:00,0.0
2018-11-06 04:00:00,0.0
2018-11-06 05:00:00,0.0
2018-11-06 06:00:00,0.0
2018-11-06 07:00:00,0.0
2018-11-06 08:00:00,0.0
2018-11-06 09:00:00,7.15
2018-11-06 10:00:00,171.225
2018-11-06 11:00:00,391.625
2018-11-06 12:00:00,548.77501
2018-11-06 13:00:00,590.025
2018-11-06 14:00:00,536.875
2018-11-06 15:00:00,496.725
2018-11-06 16:00:00,310.250005
2018-11-06 17:00:00,311.52500499999996
2018-11-06 18:00:00,373.100005
2018-11-06 19:00:00,466.45001
2018-11-06 20:00:00,343.700015
2018-11-06 21:00:00,42.175
2018-11-06 22:00:00,1.050000075
2018-11-06 23:00:00,0.0
2018-11-07 00:00:00,0.0
2018-11-07 01:00:00,0.0
2018-11-07 02:00:00,0.0
2018-11-07 03:00:00,0.0
2018-11-07 04:00:00,0.0
2018-11-07 05:00:00,0.0
2018-11-07 06:00:00,0.0
2018-11-07 07:00:00,0.0
2018-11-07 08:00:00,0.0
2018-11-07 09:00:00,7.675
2018-11-07 10:00:00,108.725
2018-11-07 11:00:00,253.1
2018-11-07 12:00:00,401.8
2018-11-07 13:00:00,525.55
2018-11-07 14:00:00,570.675
2018-11-07 15:00:00,575.5
2018-11-07 16:00:00,624.47501
2018-11-07 17:00:00,711.9250099999999
2018-11-07 18:00:00,365.29999999999995
2018-11-07 19:00:00,485.250005
2018-11-07 20:00:00,229.47500250000002
2018-11-07 21:00:00,85.9
2018-11-07 22:00:00,4.600000075
2018-11-07 23:00:00,0.0
2018-11-08 00:00:00,0.0
2018-11-08 01:00:00,0.0
2018-11-08 02:00:00,0.0
2018-11-08 03:00:00,0.0
2018-11-08 04:00:00,0.0
2018-11-08 05:00:00,0.0
2018-11-08 06:00:00,0.0
2018-11-08 07:00:00,0.0
2018-11-08 08:00:00,0.0
2018-11-08 09:00:00,7.975
2018-11-08 10:00:00,178.475
2018-11-08 11:00:00,441.87501
2018-11-08 12:00:00,690.1999999999999
2018-11-08 13:00:00,906.07502
2018-11-08 14:00:00,1063.750025
2018-11-08 15:00:00,1148.625
2018-11-08 16:00:00,1157.775
2018-11-08 17:00:00,1092.625025
2018-11-08 18:00:00,957.52502
2018-11-08 19:00:00,762.275
2018-11-08 20:00:00,521.55001
2018-11-08 21:00:00,262.375005
2018-11-08 22:00:00,40.675000499999996
2018-11-08 23:00:00,0.0
2018-11-09 00:00:00,0.0
2018-11-09 01:00:00,0.0
2018-11-09 02:00:00,0.0
2018-11-09 03:00:00,0.0
2018-11-09 04:00:00,0.0
2018-11-09 05:00:00,0.0
2018-11-09 06:00:00,0.0
2018-11-09 07:00:00,0.0
2018-11-09 08:00:00,0.0
2018-11-09 09:00:00,8.4000005
2018-11-09 10:00:00,181.4
2018-11-09 11:00:00,445.90001500000005
2018-11-09 12:00:00,705.4000100000001
2018-11-09 13:00:00,921.6500100000001
2018-11-09 14:00:00,1081.075
2018-11-09 15:00:00,1168.775025
2018-11-09 16:00:00,1177.225025
2018-11-09 17:00:00,1109.5
2018-11-09 18:00:00,970.125
2018-11-09 19:00:00,771.90002
2018-11-09 20:00:00,530.05
2018-11-09 21:00:00,269.07500500000003
2018-11-09 22:00:00,43.825
2018-11-09 23:00:00,0.0
2018-11-10 00:00:00,0.0
2018-11-10 01:00:00,0.0
2018-11-10 02:00:00,0.0
2018-11-10 03:00:00,0.0
2018-11-10 04:00:00,0.0
2018-11-10 05:00:00,0.0
2018-11-10 06:00:00,0.0
2018-11-10 07:00:00,0.0
2018-11-10 08:00:00,0.0
2018-11-10 09:00:00,8.625
2018-11-10 10:00:00,183.025
2018-11-10 11:00:00,449.67499999999995
2018-11-10 12:00:00,703.47501
2018-11-10 13:00:00,918.95
2018-11-10 14:00:00,1079.975
2018-11-10 15:00:00,1172.90005
2018-11-10 16:00:00,1186.32505
2018-11-10 17:00:00,1115.775
2018-11-10 18:00:00,969.075025
2018-11-10 19:00:00,768.4750200000001
2018-11-10 20:00:00,527.87502
2018-11-10 21:00:00,263.025
2018-11-10 22:00:00,41.575000249999995
2018-11-10 23:00:00,0.0
2018-11-11 00:00:00,0.0
2018-11-11 01:00:00,0.0
2018-11-11 02:00:00,0.0
2018-11-11 03:00:00,0.0
2018-11-11 04:00:00,0.0
2018-11-11 05:00:00,0.0
2018-11-11 06:00:00,0.0
2018-11-11 07:00:00,0.0
2018-11-11 08:00:00,0.0
2018-11-11 09:00:00,8.3
2018-11-11 10:00:00,178.02500625
2018-11-11 11:00:00,442.95
2018-11-11 12:00:00,701.62502
2018-11-11 13:00:00,918.32501
2018-11-11 14:00:00,1074.025025
2018-11-11 15:00:00,1158.775025
2018-11-11 16:00:00,1155.675
2018-11-11 17:00:00,1092.275
2018-11-11 18:00:00,867.325
2018-11-11 19:00:00,678.5
2018-11-11 20:00:00,440.20000000000005
2018-11-11 21:00:00,126.00000375
2018-11-11 22:00:00,27.800000250000004
2018-11-11 23:00:00,0.0
2018-11-12 00:00:00,0.0
2018-11-12 01:00:00,0.0
2018-11-12 02:00:00,0.0
2018-11-12 03:00:00,0.0
2018-11-12 04:00:00,0.0
2018-11-12 05:00:00,0.0
2018-11-12 06:00:00,0.0
2018-11-12 07:00:00,0.0
2018-11-12 08:00:00,0.0
2018-11-12 09:00:00,7.275
2018-11-12 10:00:00,161.77500375
2018-11-12 11:00:00,418.02501
2018-11-12 12:00:00,683.525
2018-11-12 13:00:00,895.62501
2018-11-12 14:00:00,1050.450025
2018-11-12 15:00:00,1139.275
2018-11-12 16:00:00,1120.075025
2018-11-12 17:00:00,913.82501
2018-11-12 18:00:00,511.075
2018-11-12 19:00:00,632.10001
2018-11-12 20:00:00,508.67501
2018-11-12 21:00:00,260.900005
2018-11-12 22:00:00,43.2
2018-11-12 23:00:00,0.0
2018-11-13 00:00:00,0.0
2018-11-13 01:00:00,0.0
2018-11-13 02:00:00,0.0
2018-11-13 03:00:00,0.0
2018-11-13 04:00:00,0.0
2018-11-13 05:00:00,0.0
2018-11-13 06:00:00,0.0
2018-11-13 07:00:00,0.0
2018-11-13 08:00:00,0.0
2018-11-13 09:00:00,9.775
2018-11-13 10:00:00,191.6750025
2018-11-13 11:00:00,464.32501
2018-11-13 12:00:00,727.42503
2018-11-13 13:00:00,946.1500000000001
2018-11-13 14:00:00,1109.025025
2018-11-13 15:00:00,1207.700025
2018-11-13 16:00:00,1220.32505
2018-11-13 17:00:00,1153.350025
2018-11-13 18:00:00,1014.850025
2018-11-13 19:00:00,817.125
2018-11-13 20:00:00,569.1
2018-11-13 21:00:00,291.4000025
2018-11-13 22:00:00,50.95000125
2018-11-13 23:00:00,0.0
2018-11-14 00:00:00,0.0
2018-11-14 01:00:00,0.0
2018-11-14 02:00:00,0.0
2018-11-14 03:00:00,0.0
2018-11-14 04:00:00,0.0
2018-11-14 05:00:00,0.0
2018-11-14 06:00:00,0.0
2018-11-14 07:00:00,0.0
2018-11-14 08:00:00,0.0
2018-11-14 09:00:00,10.600000000000001
2018-11-14 10:00:00,197.25
2018-11-14 11:00:00,471.475
2018-11-14 12:00:00,728.85002
2018-11-14 13:00:00,948.35001
2018-11-14 14:00:00,1108.15
2018-11-14 15:00:00,1119.275
2018-11-14 16:00:00,1177.150025
2018-11-14 17:00:00,1114.425
2018-11-14 18:00:00,980.800035
2018-11-14 19:00:00,782.35
2018-11-14 20:00:00,540.125005
2018-11-14 21:00:00,270.9000075
2018-11-14 22:00:00,52.525
2018-11-14 23:00:00,0.0
2018-11-15 00:00:00,0.0
2018-11-15 01:00:00,0.0
2018-11-15 02:00:00,0.0
2018-11-15 03:00:00,0.0
2018-11-15 04:00:00,0.0
2018-11-15 05:00:00,0.0
2018-11-15 06:00:00,0.0
2018-11-15 07:00:00,0.0
2018-11-15 08:00:00,0.0
2018-11-15 09:00:00,11.15
2018-11-15 10:00:00,195.55000625
2018-11-15 11:00:00,461.725005
2018-11-15 12:00:00,714.4250099999999
2018-11-15 13:00:00,932.2750100000001
2018-11-15 14:00:00,1093.625
2018-11-15 15:00:00,1181.6999999999998
2018-11-15 16:00:00,1190.025025
2018-11-15 17:00:00,1120.2749999999999
2018-11-15 18:00:00,978.6000100000001
2018-11-15 19:00:00,781.825
2018-11-15 20:00:00,542.325
2018-11-15 21:00:00,284.57500500000003
2018-11-15 22:00:00,53.175
2018-11-15 23:00:00,0.0
2018-11-16 00:00:00,0.0
2018-11-16 01:00:00,0.0
2018-11-16 02:00:00,0.0
2018-11-16 03:00:00,0.0
2018-11-16 04:00:00,0.0
2018-11-16 05:00:00,0.0
2018-11-16 06:00:00,0.0
2018-11-16 07:00:00,0.0
2018-11-16 08:00:00,0.0
2018-11-16 09:00:00,9.675
2018-11-16 10:00:00,175.825005
2018-11-16 11:00:00,436.4
2018-11-16 12:00:00,693.10001
2018-11-16 13:00:00,903.67501
2018-11-16 14:00:00,947.6500100000001
2018-11-16 15:00:00,996.550045
2018-11-16 16:00:00,1038.275025
2018-11-16 17:00:00,1087.500025
2018-11-16 18:00:00,883.875
2018-11-16 19:00:00,680.55001
2018-11-16 20:00:00,423.475005
2018-11-16 21:00:00,168.075
2018-11-16 22:00:00,13.625
2018-11-16 23:00:00,0.0
2018-11-17 00:00:00,0.0
2018-11-17 01:00:00,0.0
2018-11-17 02:00:00,0.0
2018-11-17 03:00:00,0.0
2018-11-17 04:00:00,0.0
2018-11-17 05:00:00,0.0
2018-11-17 06:00:00,0.0
2018-11-17 07:00:00,0.0
2018-11-17 08:00:00,0.0
2018-11-17 09:00:00,8.35
2018-11-17 10:00:00,137.9
2018-11-17 11:00:00,410.600005
2018-11-17 12:00:00,708.05
2018-11-17 13:00:00,931.75002
2018-11-17 14:00:00,959.35
2018-11-17 15:00:00,898.900025
2018-11-17 16:00:00,1068.175025
2018-11-17 17:00:00,1082.85
2018-11-17 18:00:00,979.20001
2018-11-17 19:00:00,780.52501
2018-11-17 20:00:00,471.90000499999996
2018-11-17 21:00:00,216.3750025
2018-11-17 22:00:00,54.87500125
2018-11-17 23:00:00,0.0
2018-11-18 00:00:00,0.0
2018-11-18 01:00:00,0.0
2018-11-18 02:00:00,0.0
2018-11-18 03:00:00,0.0
2018-11-18 04:00:00,0.0
2018-11-18 05:00:00,0.0
2018-11-18 06:00:00,0.0
2018-11-18 07:00:00,0.0
2018-11-18 08:00:00,0.0
2018-11-18 09:00:00,11.500000025
2018-11-18 10:00:00,188.10000125
2018-11-18 11:00:00,389.95000500000003
2018-11-18 12:00:00,433.10001
2018-11-18 13:00:00,577.37501
2018-11-18 14:00:00,722.82501
2018-11-18 15:00:00,861.77501
2018-11-18 16:00:00,685.5500099999999
2018-11-18 17:00:00,741.45001
2018-11-18 18:00:00,669.72504
2018-11-18 19:00:00,566.92501
2018-11-18 20:00:00,343.425005
2018-11-18 21:00:00,100.1500015
2018-11-18 22:00:00,20.50000075
2018-11-18 23:00:00,0.0
2018-11-19 00:00:00,0.0
2018-11-19 01:00:00,0.0
2018-11-19 02:00:00,0.0
2018-11-19 03:00:00,0.0
2018-11-19 04:00:00,0.0
2018-11-19 05:00:00,0.0
2018-11-19 06:00:00,0.0
2018-11-19 07:00:00,0.0
2018-11-19 08:00:00,0.0
2018-11-19 09:00:00,1.2000000333333334
2018-11-19 10:00:00,191.5500025
2018-11-19 11:00:00,450.025
2018-11-19 12:00:00,690.90002
2018-11-19 13:00:00,900.925
2018-11-19 14:00:00,1057.05
2018-11-19 15:00:00,1145.20005
2018-11-19 16:00:00,1158.40005
2018-11-19 17:00:00,1095.025025
2018-11-19 18:00:00,686.95001
2018-11-19 19:00:00,538.3
2018-11-19 20:00:00,536.75
2018-11-19 21:00:00,280.75
2018-11-19 22:00:00,54.85
2018-11-19 23:00:00,0.0
2018-11-20 00:00:00,0.0
2018-11-20 01:00:00,0.0
2018-11-20 02:00:00,0.0
2018-11-20 03:00:00,0.0
2018-11-20 04:00:00,0.0
2018-11-20 05:00:00,0.0
2018-11-20 06:00:00,0.0
2018-11-20 07:00:00,0.0
2018-11-20 08:00:00,0.0
2018-11-20 09:00:00,11.3500005
2018-11-20 10:00:00,184.375
2018-11-20 11:00:00,441.6
2018-11-20 12:00:00,701.62503
2018-11-20 13:00:00,912.825
2018-11-20 14:00:00,1068.750025
2018-11-20 15:00:00,1081.00001
2018-11-20 16:00:00,1020.200025
2018-11-20 17:00:00,977.125
2018-11-20 18:00:00,938.42502
2018-11-20 19:00:00,786.3500200000001
2018-11-20 20:00:00,552.475
2018-11-20 21:00:00,291.1500075
2018-11-20 22:00:00,24.025000249999998
2018-11-20 23:00:00,0.0
2018-11-21 00:00:00,0.0
2018-11-21 01:00:00,0.0
2018-11-21 02:00:00,0.0
2018-11-21 03:00:00,0.0
2018-11-21 04:00:00,0.0
2018-11-21 05:00:00,0.0
2018-11-21 06:00:00,0.0
2018-11-21 07:00:00,0.0
2018-11-21 08:00:00,0.0
2018-11-21 09:00:00,12.025
2018-11-21 10:00:00,186.7500025
2018-11-21 11:00:00,441.525005
2018-11-21 12:00:00,684.825
2018-11-21 13:00:00,894.30001
2018-11-21 14:00:00,1049.225025
2018-11-21 15:00:00,1134.475025
2018-11-21 16:00:00,975.7
2018-11-21 17:00:00,523.425
2018-11-21 18:00:00,581.45001
2018-11-21 19:00:00,593.7
2018-11-21 20:00:00,435.40000249999997
2018-11-21 21:00:00,130.775
2018-11-21 22:00:00,58.5500015
2018-11-21 23:00:00,0.0
2018-11-22 00:00:00,0.0
2018-11-22 01:00:00,0.0
2018-11-22 02:00:00,0.0
2018-11-22 03:00:00,0.0
2018-11-22 04:00:00,0.0
2018-11-22 05:00:00,0.0
2018-11-22 06:00:00,0.0
2018-11-22 07:00:00,0.0
2018-11-22 08:00:00,0.0
2018-11-22 09:00:00,12.6500005
2018-11-22 10:00:00,193.17500375
2018-11-22 11:00:00,454.950015
2018-11-22 12:00:00,708.62501
2018-11-22 13:00:00,923.00002
2018-11-22 14:00:00,1081.075025
2018-11-22 15:00:00,1167.30005
2018-11-22 16:00:00,1177.500025
2018-11-22 17:00:00,987.175035
2018-11-22 18:00:00,480.650005
2018-11-22 19:00:00,534.725
2018-11-22 20:00:00,552.00001
2018-11-22 21:00:00,277.075
2018-11-22 22:00:00,26.525001500000002
2018-11-22 23:00:00,0.0
2018-11-23 00:00:00,0.0
2018-11-23 01:00:00,0.0
2018-11-23 02:00:00,0.0
2018-11-23 03:00:00,0.0
2018-11-23 04:00:00,0.0
2018-11-23 05:00:00,0.0
2018-11-23 06:00:00,0.0
2018-11-23 07:00:00,0.0
2018-11-23 08:00:00,0.0
2018-11-23 09:00:00,13.425
2018-11-23 10:00:00,193.8
2018-11-23 11:00:00,455.575005
2018-11-23 12:00:00,705.27501
2018-11-23 13:00:00,917.57502
2018-11-23 14:00:00,1026.92501
2018-11-23 15:00:00,1080.9
2018-11-23 16:00:00,876.00001
2018-11-23 17:00:00,874.62501
2018-11-23 18:00:00,764.2
2018-11-23 19:00:00,667.90001
2018-11-23 20:00:00,462.225
2018-11-23 21:00:00,288.97499999999997
2018-11-23 22:00:00,70.1
2018-11-23 23:00:00,0.0
2018-11-24 00:00:00,0.0
2018-11-24 01:00:00,0.0
2018-11-24 02:00:00,0.0
2018-11-24 03:00:00,0.0
2018-11-24 04:00:00,0.0
2018-11-24 05:00:00,0.0
2018-11-24 06:00:00,0.0
2018-11-24 07:00:00,0.0
2018-11-24 08:00:00,0.0
2018-11-24 09:00:00,13.674999999999999
2018-11-24 10:00:00,196.45
2018-11-24 11:00:00,453.27500499999996
2018-11-24 12:00:00,701.02502
2018-11-24 13:00:00,913.65001
2018-11-24 14:00:00,1070.750025
2018-11-24 15:00:00,1144.8249999999998
2018-11-24 16:00:00,1134.35
2018-11-24 17:00:00,1003.925
2018-11-24 18:00:00,537.1500100000001
2018-11-24 19:00:00,513.47502
2018-11-24 20:00:00,450.925
2018-11-24 21:00:00,194.0000075
2018-11-24 22:00:00,38.9500015
2018-11-24 23:00:00,0.0
2018-11-25 00:00:00,0.0
2018-11-25 01:00:00,0.0
2018-11-25 02:00:00,0.0
2018-11-25 03:00:00,0.0
2018-11-25 04:00:00,0.0
2018-11-25 05:00:00,0.0
2018-11-25 06:00:00,0.0
2018-11-25 07:00:00,0.0
2018-11-25 08:00:00,0.0
2018-11-25 09:00:00,13.424999999999999
2018-11-25 10:00:00,195.12500375000002
2018-11-25 11:00:00,455.350005
2018-11-25 12:00:00,704.82502
2018-11-25 13:00:00,920.55001
2018-11-25 14:00:00,1077.32505
2018-11-25 15:00:00,1163.625025
2018-11-25 16:00:00,1176.60005
2018-11-25 17:00:00,1113.125025
2018-11-25 18:00:00,820.975025
2018-11-25 19:00:00,614.1
2018-11-25 20:00:00,493.95000000000005
2018-11-25 21:00:00,286.85
2018-11-25 22:00:00,73.325002525
2018-11-25 23:00:00,0.0
2018-11-26 00:00:00,0.0
2018-11-26 01:00:00,0.0
2018-11-26 02:00:00,0.0
2018-11-26 03:00:00,0.0
2018-11-26 04:00:00,0.0
2018-11-26 05:00:00,0.0
2018-11-26 06:00:00,0.0
2018-11-26 07:00:00,0.0
2018-11-26 08:00:00,0.0
2018-11-26 09:00:00,13.924999999999999
2018-11-26 10:00:00,197.5000025
2018-11-26 11:00:00,456.7
2018-11-26 12:00:00,703.70002
2018-11-26 13:00:00,918.8
2018-11-26 14:00:00,1080.07505
2018-11-26 15:00:00,1170.200025
2018-11-26 16:00:00,1184.800075
2018-11-26 17:00:00,1124.600025
2018-11-26 18:00:00,961.275
2018-11-26 19:00:00,656.35001
2018-11-26 20:00:00,356.85
2018-11-26 21:00:00,130.575
2018-11-26 22:00:00,31.350000525000002
2018-11-26 23:00:00,0.0
2018-11-27 00:00:00,0.0
2018-11-27 01:00:00,0.0
2018-11-27 02:00:00,0.0
2018-11-27 03:00:00,0.0
2018-11-27 04:00:00,0.0
2018-11-27 05:00:00,0.0
2018-11-27 06:00:00,0.0
2018-11-27 07:00:00,0.0
2018-11-27 08:00:00,0.0
2018-11-27 09:00:00,14.125
2018-11-27 10:00:00,199.29999999999998
2018-11-27 11:00:00,460.475005
2018-11-27 12:00:00,713.6500100000001
2018-11-27 13:00:00,932.00001
2018-11-27 14:00:00,1094.025
2018-11-27 15:00:00,1183.70005
2018-11-27 16:00:00,1197.700025
2018-11-27 17:00:00,1122.875
2018-11-27 18:00:00,838.1500100000001
2018-11-27 19:00:00,618.00001
2018-11-27 20:00:00,393.15
2018-11-27 21:00:00,247.85000250000002
2018-11-27 22:00:00,75.725
2018-11-27 23:00:00,0.0
2018-11-28 00:00:00,0.0
2018-11-28 01:00:00,0.0
2018-11-28 02:00:00,0.0
2018-11-28 03:00:00,0.0
2018-11-28 04:00:00,0.0
2018-11-28 05:00:00,0.0
2018-11-28 06:00:00,0.0
2018-11-28 07:00:00,0.0
2018-11-28 08:00:00,0.0
2018-11-28 09:00:00,11.5
2018-11-28 10:00:00,132.025
2018-11-28 11:00:00,266.9000075
2018-11-28 12:00:00,376.8
2018-11-28 13:00:00,586.47501
2018-11-28 14:00:00,638.82501
2018-11-28 15:00:00,464.27500499999996
2018-11-28 16:00:00,614.12501
2018-11-28 17:00:00,532.35
2018-11-28 18:00:00,532.32501
2018-11-28 19:00:00,491.100005
2018-11-28 20:00:00,298.000005
2018-11-28 21:00:00,139.6750025
2018-11-28 22:00:00,63.55
2018-11-28 23:00:00,0.0
2018-11-29 00:00:00,0.0
2018-11-29 01:00:00,0.0
2018-11-29 02:00:00,0.0
2018-11-29 03:00:00,0.0
2018-11-29 04:00:00,0.0
2018-11-29 05:00:00,0.0
2018-11-29 06:00:00,0.0
2018-11-29 07:00:00,0.0
2018-11-29 08:00:00,0.0
2018-11-29 09:00:00,6.775
2018-11-29 10:00:00,188.3750025
2018-11-29 11:00:00,433.75
2018-11-29 12:00:00,627.9
2018-11-29 13:00:00,858.7750100000001
2018-11-29 14:00:00,932.52502
2018-11-29 15:00:00,814.7333333333332
2018-11-29 16:00:00,698.725
2018-11-29 17:00:00,699.325
2018-11-29 18:00:00,527.25
2018-11-29 19:00:00,545.30001
2018-11-29 20:00:00,318.0250075
2018-11-29 21:00:00,146.85
2018-11-29 22:00:00,50.775000500000004
2018-11-29 23:00:00,0.0
2018-11-30 00:00:00,0.0
2018-11-30 01:00:00,0.0
2018-11-30 02:00:00,0.0
2018-11-30 03:00:00,0.0
2018-11-30 04:00:00,0.0
2018-11-30 05:00:00,0.0
2018-11-30 06:00:00,0.0
2018-11-30 07:00:00,0.0
2018-11-30 08:00:00,0.0
2018-11-30 09:00:00,14.350000075
2018-11-30 10:00:00,203.425
2018-11-30 11:00:00,471.55
2018-11-30 12:00:00,682.4250099999999
2018-11-30 13:00:00,843.75001
2018-11-30 14:00:00,1108.9499999999998
2018-11-30 15:00:00,1101.525
2018-11-30 16:00:00,1041.400025
2018-11-30 17:00:00,997.7249999999999
2018-11-30 18:00:00,877.12501
2018-11-30 19:00:00,704.72502
2018-11-30 20:00:00,438.95001
2018-11-30 21:00:00,217.82500249999998
2018-11-30 22:00:00,78.025003
2018-11-30 23:00:00,0.0
2018-12-01 00:00:00,0.0
2018-12-01 01:00:00,0.0
2018-12-01 02:00:00,0.0
2018-12-01 03:00:00,0.0
2018-12-01 04:00:00,0.0
2018-12-01 05:00:00,0.0
2018-12-01 06:00:00,0.0
2018-12-01 07:00:00,0.0
2018-12-01 08:00:00,0.0
2018-12-01 09:00:00,11.425
2018-12-01 10:00:00,199.25
2018-12-01 11:00:00,461.75001000000003
2018-12-01 12:00:00,713.97501
2018-12-01 13:00:00,909.9000100000001
2018-12-01 14:00:00,928.35
2018-12-01 15:00:00,790.375
2018-12-01 16:00:00,833.45
2018-12-01 17:00:00,714.42502
2018-12-01 18:00:00,587.65
2018-12-01 19:00:00,522.25001
2018-12-01 20:00:00,412.175005
2018-12-01 21:00:00,250.1250025
2018-12-01 22:00:00,52.45
2018-12-01 23:00:00,0.0
2018-12-02 00:00:00,0.0
2018-12-02 01:00:00,0.0
2018-12-02 02:00:00,0.0
2018-12-02 03:00:00,0.0
2018-12-02 04:00:00,0.0
2018-12-02 05:00:00,0.0
2018-12-02 06:00:00,0.0
2018-12-02 07:00:00,0.0
2018-12-02 08:00:00,0.0
2018-12-02 09:00:00,13.8
2018-12-02 10:00:00,162.47500250000002
2018-12-02 11:00:00,359.550005
2018-12-02 12:00:00,603.025
2018-12-02 13:00:00,804.075
2018-12-02 14:00:00,1074.775
2018-12-02 15:00:00,1058.250035
2018-12-02 16:00:00,1098.45
2018-12-02 17:00:00,1005.55
2018-12-02 18:00:00,833.12502
2018-12-02 19:00:00,780.25
2018-12-02 20:00:00,468.30001
2018-12-02 21:00:00,251.25
2018-12-02 22:00:00,86.925
2018-12-02 23:00:00,0.0
2018-12-03 00:00:00,0.0
2018-12-03 01:00:00,0.0
2018-12-03 02:00:00,0.0
2018-12-03 03:00:00,0.0
2018-12-03 04:00:00,0.0
2018-12-03 05:00:00,0.0
2018-12-03 06:00:00,0.0
2018-12-03 07:00:00,0.0
2018-12-03 08:00:00,0.0
2018-12-03 09:00:00,13.725000075
2018-12-03 10:00:00,200.27499999999998
2018-12-03 11:00:00,468.32500500000003
2018-12-03 12:00:00,725.5
2018-12-03 13:00:00,945.1500100000001
2018-12-03 14:00:00,1106.675
2018-12-03 15:00:00,1194.2
2018-12-03 16:00:00,1205.025
2018-12-03 17:00:00,1142.150025
2018-12-03 18:00:00,1009.4
2018-12-03 19:00:00,817.95002
2018-12-03 20:00:00,583.475025
2018-12-03 21:00:00,335.5000025
2018-12-03 22:00:00,89.89999999999999
2018-12-03 23:00:00,0.0
2018-12-04 00:00:00,0.0
2018-12-04 01:00:00,0.0
2018-12-04 02:00:00,0.0
2018-12-04 03:00:00,0.0
2018-12-04 04:00:00,0.0
2018-12-04 05:00:00,0.0
2018-12-04 06:00:00,0.0
2018-12-04 07:00:00,0.0
2018-12-04 08:00:00,0.0
2018-12-04 09:00:00,13.825000575
2018-12-04 10:00:00,200.8500025
2018-12-04 11:00:00,467.675005
2018-12-04 12:00:00,723.87502
2018-12-04 13:00:00,943.425
2018-12-04 14:00:00,1106.325
2018-12-04 15:00:00,1198.7250250000002
2018-12-04 16:00:00,1220.525025
2018-12-04 17:00:00,1164.25
2018-12-04 18:00:00,1026.500025
2018-12-04 19:00:00,833.7
2018-12-04 20:00:00,594.925
2018-12-04 21:00:00,334.15
2018-12-04 22:00:00,88.875004
2018-12-04 23:00:00,0.0
2018-12-05 00:00:00,0.0
2018-12-05 01:00:00,0.0
2018-12-05 02:00:00,0.0
2018-12-05 03:00:00,0.0
2018-12-05 04:00:00,0.0
2018-12-05 05:00:00,0.0
2018-12-05 06:00:00,0.0
2018-12-05 07:00:00,0.0
2018-12-05 08:00:00,0.0
2018-12-05 09:00:00,13.375000074999999
2018-12-05 10:00:00,198.475
2018-12-05 11:00:00,464.67501
2018-12-05 12:00:00,720.425
2018-12-05 13:00:00,939.82501
2018-12-05 14:00:00,952.725
2018-12-05 15:00:00,827.6
2018-12-05 16:00:00,810.47501
2018-12-05 17:00:00,640.05
2018-12-05 18:00:00,594.52502
2018-12-05 19:00:00,585.525
2018-12-05 20:00:00,375.500005
2018-12-05 21:00:00,174.55
2018-12-05 22:00:00,29.425
2018-12-05 23:00:00,0.0
2018-12-06 00:00:00,0.0
2018-12-06 01:00:00,0.0
2018-12-06 02:00:00,0.0
2018-12-06 03:00:00,0.0
2018-12-06 04:00:00,0.0
2018-12-06 05:00:00,0.0
2018-12-06 06:00:00,0.0
2018-12-06 07:00:00,0.0
2018-12-06 08:00:00,0.0
2018-12-06 09:00:00,12.525000075
2018-12-06 10:00:00,190.3250025
2018-12-06 11:00:00,438.65
2018-12-06 12:00:00,609.6500100000001
2018-12-06 13:00:00,686.275
2018-12-06 14:00:00,805.05
2018-12-06 15:00:00,726.2250200000001
2018-12-06 16:00:00,720.95001
2018-12-06 17:00:00,727.32502
2018-12-06 18:00:00,677.55001
2018-12-06 19:00:00,516.925
2018-12-06 20:00:00,284.90001
2018-12-06 21:00:00,98.000003
2018-12-06 22:00:00,6.975000075
2018-12-06 23:00:00,0.0
2018-12-07 00:00:00,0.0
2018-12-07 01:00:00,0.0
2018-12-07 02:00:00,0.0
2018-12-07 03:00:00,0.0
2018-12-07 04:00:00,0.0
2018-12-07 05:00:00,0.0
2018-12-07 06:00:00,0.0
2018-12-07 07:00:00,0.0
2018-12-07 08:00:00,0.0
2018-12-07 09:00:00,12.025000075
2018-12-07 10:00:00,175.925
2018-12-07 11:00:00,420.79999999999995
2018-12-07 12:00:00,650.62501
2018-12-07 13:00:00,883.4
2018-12-07 14:00:00,1080.85
2018-12-07 15:00:00,1153.0
2018-12-07 16:00:00,1187.125025
2018-12-07 17:00:00,1131.225
2018-12-07 18:00:00,1011.1000200000001
2018-12-07 19:00:00,826.875
2018-12-07 20:00:00,594.875
2018-12-07 21:00:00,342.800005
2018-12-07 22:00:00,97.32500250000001
2018-12-07 23:00:00,0.0
2018-12-08 00:00:00,0.0
2018-12-08 01:00:00,0.0
2018-12-08 02:00:00,0.0
2018-12-08 03:00:00,0.0
2018-12-08 04:00:00,0.0
2018-12-08 05:00:00,0.0
2018-12-08 06:00:00,0.0
2018-12-08 07:00:00,0.0
2018-12-08 08:00:00,0.0
2018-12-08 09:00:00,12.500000074999999
2018-12-08 10:00:00,191.675
2018-12-08 11:00:00,452.30000500000006
2018-12-08 12:00:00,705.85001
2018-12-08 13:00:00,925.7
2018-12-08 14:00:00,1092.025025
2018-12-08 15:00:00,1189.275
2018-12-08 16:00:00,1212.475025
2018-12-08 17:00:00,1157.05
2018-12-08 18:00:00,1019.8000099999999
2018-12-08 19:00:00,830.2
2018-12-08 20:00:00,439.625005
2018-12-08 21:00:00,69.475
2018-12-08 22:00:00,0.0
2018-12-08 23:00:00,0.0
2018-12-09 00:00:00,0.0
2018-12-09 01:00:00,0.0
2018-12-09 02:00:00,0.0
2018-12-09 03:00:00,0.0
2018-12-09 04:00:00,0.0
2018-12-09 05:00:00,0.0
2018-12-09 06:00:00,0.0
2018-12-09 07:00:00,0.0
2018-12-09 08:00:00,0.0
2018-12-09 09:00:00,6.975
2018-12-09 10:00:00,184.72500625
2018-12-09 11:00:00,447.075
2018-12-09 12:00:00,704.87502
2018-12-09 13:00:00,920.325
2018-12-09 14:00:00,1080.575025
2018-12-09 15:00:00,1175.125
2018-12-09 16:00:00,1075.375025
2018-12-09 17:00:00,807.62502
2018-12-09 18:00:00,614.82501
2018-12-09 19:00:00,454.100015
2018-12-09 20:00:00,364.79999999999995
2018-12-09 21:00:00,183.325
2018-12-09 22:00:00,41.92500125
2018-12-09 23:00:00,0.0
2018-12-10 00:00:00,0.0
2018-12-10 01:00:00,0.0
2018-12-10 02:00:00,0.0
2018-12-10 03:00:00,0.0
2018-12-10 04:00:00,0.0
2018-12-10 05:00:00,0.0
2018-12-10 06:00:00,0.0
2018-12-10 07:00:00,0.0
2018-12-10 08:00:00,0.0
2018-12-10 09:00:00,12.125
2018-12-10 10:00:00,191.90000500000002
2018-12-10 11:00:00,452.6
2018-12-10 12:00:00,704.475
2018-12-10 13:00:00,921.9000100000001
2018-12-10 14:00:00,1084.700025
2018-12-10 15:00:00,1172.300025
2018-12-10 16:00:00,1193.000025
2018-12-10 17:00:00,1100.925025
2018-12-10 18:00:00,979.97502
2018-12-10 19:00:00,824.25002
2018-12-10 20:00:00,607.27501
2018-12-10 21:00:00,347.0
2018-12-10 22:00:00,106.425
2018-12-10 23:00:00,0.0
2018-12-11 00:00:00,0.0
2018-12-11 01:00:00,0.0
2018-12-11 02:00:00,0.0
2018-12-11 03:00:00,0.0
2018-12-11 04:00:00,0.0
2018-12-11 05:00:00,0.0
2018-12-11 06:00:00,0.0
2018-12-11 07:00:00,0.0
2018-12-11 08:00:00,0.0
2018-12-11 09:00:00,11.8750005
2018-12-11 10:00:00,190.45000124999999
2018-12-11 11:00:00,449.40000499999996
2018-12-11 12:00:00,699.025
2018-12-11 13:00:00,916.45
2018-12-11 14:00:00,1082.12505
2018-12-11 15:00:00,1165.5
2018-12-11 16:00:00,1196.4
2018-12-11 17:00:00,1080.275
2018-12-11 18:00:00,721.875
2018-12-11 19:00:00,686.875
2018-12-11 20:00:00,339.7500025
2018-12-11 21:00:00,189.325
2018-12-11 22:00:00,24.1250005
2018-12-11 23:00:00,0.0
2018-12-12 00:00:00,0.0
2018-12-12 01:00:00,0.0
2018-12-12 02:00:00,0.0
2018-12-12 03:00:00,0.0
2018-12-12 04:00:00,0.0
2018-12-12 05:00:00,0.0
2018-12-12 06:00:00,0.0
2018-12-12 07:00:00,0.0
2018-12-12 08:00:00,0.0
2018-12-12 09:00:00,11.174999999999999
2018-12-12 10:00:00,186.45000375
2018-12-12 11:00:00,444.25
2018-12-12 12:00:00,681.85001
2018-12-12 13:00:00,788.2
2018-12-12 14:00:00,865.12501
2018-12-12 15:00:00,751.9000100000001
2018-12-12 16:00:00,659.275
2018-12-12 17:00:00,366.300005
2018-12-12 18:00:00,348.400015
2018-12-12 19:00:00,273.775
2018-12-12 20:00:00,131.825
2018-12-12 21:00:00,4.9
2018-12-12 22:00:00,0.0
2018-12-12 23:00:00,0.0
2018-12-13 00:00:00,0.0
2018-12-13 01:00:00,0.0
2018-12-13 02:00:00,0.0
2018-12-13 03:00:00,0.0
2018-12-13 04:00:00,0.0
2018-12-13 05:00:00,0.0
2018-12-13 06:00:00,0.0
2018-12-13 07:00:00,0.0
2018-12-13 08:00:00,0.0
2018-12-13 09:00:00,8.6500005
2018-12-13 10:00:00,181.95000375
2018-12-13 11:00:00,437.325
2018-12-13 12:00:00,685.75002
2018-12-13 13:00:00,902.87501
2018-12-13 14:00:00,1067.300025
2018-12-13 15:00:00,1167.25
2018-12-13 16:00:00,1192.65005
2018-12-13 17:00:00,1118.750025
2018-12-13 18:00:00,736.525
2018-12-13 19:00:00,713.35001
2018-12-13 20:00:00,536.17501
2018-12-13 21:00:00,251.29999999999998
2018-12-13 22:00:00,66.0
2018-12-13 23:00:00,0.0
2018-12-14 00:00:00,0.0
2018-12-14 01:00:00,0.0
2018-12-14 02:00:00,0.0
2018-12-14 03:00:00,0.0
2018-12-14 04:00:00,0.0
2018-12-14 05:00:00,0.0
2018-12-14 06:00:00,0.0
2018-12-14 07:00:00,0.0
2018-12-14 08:00:00,0.0
2018-12-14 09:00:00,9.825
2018-12-14 10:00:00,178.95000249999998
2018-12-14 11:00:00,435.40001
2018-12-14 12:00:00,689.0500099999999
2018-12-14 13:00:00,904.45002
2018-12-14 14:00:00,1066.925035
2018-12-14 15:00:00,1020.925
2018-12-14 16:00:00,648.35
2018-12-14 17:00:00,797.40001
2018-12-14 18:00:00,624.17502
2018-12-14 19:00:00,450.25
2018-12-14 20:00:00,166.275
2018-12-14 21:00:00,14.475
2018-12-14 22:00:00,0.0
2018-12-14 23:00:00,0.0
2018-12-15 00:00:00,0.0
2018-12-15 01:00:00,0.0
2018-12-15 02:00:00,0.0
2018-12-15 03:00:00,0.0
2018-12-15 04:00:00,0.0
2018-12-15 05:00:00,0.0
2018-12-15 06:00:00,0.0
2018-12-15 07:00:00,0.0
2018-12-15 08:00:00,0.0
2018-12-15 09:00:00,8.92500001
2018-12-15 10:00:00,170.1250025
2018-12-15 11:00:00,413.4
2018-12-15 12:00:00,560.625
2018-12-15 13:00:00,601.65
2018-12-15 14:00:00,595.375
2018-12-15 15:00:00,435.450005
2018-12-15 16:00:00,483.15001
2018-12-15 17:00:00,398.675005
2018-12-15 18:00:00,497.05000500000006
2018-12-15 19:00:00,523.200005
2018-12-15 20:00:00,204.250005
2018-12-15 21:00:00,86.75
2018-12-15 22:00:00,0.0
2018-12-15 23:00:00,0.0
2018-12-16 00:00:00,0.0
2018-12-16 01:00:00,0.0
2018-12-16 02:00:00,0.0
2018-12-16 03:00:00,0.0
2018-12-16 04:00:00,0.0
2018-12-16 05:00:00,0.0
2018-12-16 06:00:00,0.0
2018-12-16 07:00:00,0.0
2018-12-16 08:00:00,0.0
2018-12-16 09:00:00,7.875
2018-12-16 10:00:00,167.02500500000002
2018-12-16 11:00:00,409.92499999999995
2018-12-16 12:00:00,655.60001
2018-12-16 13:00:00,885.57501
2018-12-16 14:00:00,1046.500035
2018-12-16 15:00:00,1139.125025
2018-12-16 16:00:00,987.82501
2018-12-16 17:00:00,707.2750100000001
2018-12-16 18:00:00,765.00001
2018-12-16 19:00:00,812.45
2018-12-16 20:00:00,396.025005
2018-12-16 21:00:00,102.77499999999999
2018-12-16 22:00:00,2.775
2018-12-16 23:00:00,0.05
2018-12-17 00:00:00,0.0
2018-12-17 01:00:00,0.0
2018-12-17 02:00:00,0.0
2018-12-17 03:00:00,0.0
2018-12-17 04:00:00,0.0
2018-12-17 05:00:00,0.0
2018-12-17 06:00:00,0.0
2018-12-17 07:00:00,0.0
2018-12-17 08:00:00,0.0
2018-12-17 09:00:00,7.85
2018-12-17 10:00:00,170.45000125
2018-12-17 11:00:00,418.65000499999996
2018-12-17 12:00:00,632.075
2018-12-17 13:00:00,691.6
2018-12-17 14:00:00,828.25001
2018-12-17 15:00:00,935.85001
2018-12-17 16:00:00,804.125
2018-12-17 17:00:00,626.875
2018-12-17 18:00:00,485.425
2018-12-17 19:00:00,409.40000499999996
2018-12-17 20:00:00,416.375005
2018-12-17 21:00:00,56.925
2018-12-17 22:00:00,50.925
2018-12-17 23:00:00,0.22500001
2018-12-18 00:00:00,0.0
2018-12-18 01:00:00,0.0
2018-12-18 02:00:00,0.0
2018-12-18 03:00:00,0.0
2018-12-18 04:00:00,0.0
2018-12-18 05:00:00,0.0
2018-12-18 06:00:00,0.0
2018-12-18 07:00:00,0.0
2018-12-18 08:00:00,0.0
2018-12-18 09:00:00,7.25
2018-12-18 10:00:00,134.825
2018-12-18 11:00:00,266.4000025
2018-12-18 12:00:00,421.02500499999996
2018-12-18 13:00:00,445.850005
2018-12-18 14:00:00,377.92501000000004
2018-12-18 15:00:00,454.2
2018-12-18 16:00:00,424.15001
2018-12-18 17:00:00,576.55001
2018-12-18 18:00:00,445.45001
2018-12-18 19:00:00,413.400005
2018-12-18 20:00:00,269.650005
2018-12-18 21:00:00,75.325
2018-12-18 22:00:00,0.0
2018-12-18 23:00:00,0.0
2018-12-19 00:00:00,0.0
2018-12-19 01:00:00,0.0
2018-12-19 02:00:00,0.0
2018-12-19 03:00:00,0.0
2018-12-19 04:00:00,0.0
2018-12-19 05:00:00,0.0
2018-12-19 06:00:00,0.0
2018-12-19 07:00:00,0.0
2018-12-19 08:00:00,0.0
2018-12-19 09:00:00,3.65
2018-12-19 10:00:00,168.67501000000001
2018-12-19 11:00:00,371.60001
2018-12-19 12:00:00,652.050005
2018-12-19 13:00:00,908.4
2018-12-19 14:00:00,1076.05
2018-12-19 15:00:00,1117.25001
2018-12-19 16:00:00,1202.525025
2018-12-19 17:00:00,1152.55005
2018-12-19 18:00:00,1032.6
2018-12-19 19:00:00,854.0250100000001
2018-12-19 20:00:00,627.12502
2018-12-19 21:00:00,375.550005
2018-12-19 22:00:00,125.85
2018-12-19 23:00:00,0.75
2018-12-20 00:00:00,0.0
2018-12-20 01:00:00,0.0
2018-12-20 02:00:00,0.0
2018-12-20 03:00:00,0.0
2018-12-20 04:00:00,0.0
2018-12-20 05:00:00,0.0
2018-12-20 06:00:00,0.0
2018-12-20 07:00:00,0.0
2018-12-20 08:00:00,0.0
2018-12-20 09:00:00,8.3
2018-12-20 10:00:00,175.9
2018-12-20 11:00:00,434.325
2018-12-20 12:00:00,693.72501
2018-12-20 13:00:00,915.4
2018-12-20 14:00:00,1084.40005
2018-12-20 15:00:00,1184.950025
2018-12-20 16:00:00,1208.7
2018-12-20 17:00:00,1158.17505
2018-12-20 18:00:00,1039.45
2018-12-20 19:00:00,857.6750099999999
2018-12-20 20:00:00,629.5
2018-12-20 21:00:00,374.35001
2018-12-20 22:00:00,125.3250025
2018-12-20 23:00:00,1.3666666666666665
2018-12-21 00:00:00,0.0
2018-12-21 01:00:00,0.0
2018-12-21 02:00:00,0.0
2018-12-21 03:00:00,0.0
2018-12-21 04:00:00,0.0
2018-12-21 05:00:00,0.0
2018-12-21 06:00:00,0.0
2018-12-21 07:00:00,0.0
2018-12-21 08:00:00,0.0
2018-12-21 09:00:00,7.275
2018-12-21 10:00:00,163.70000625
2018-12-21 11:00:00,323.7
2018-12-21 12:00:00,372.825
2018-12-21 13:00:00,609.425
2018-12-21 14:00:00,695.925
2018-12-21 15:00:00,613.5
2018-12-21 16:00:00,624.425
2018-12-21 17:00:00,592.5
2018-12-21 18:00:00,559.100005
2018-12-21 19:00:00,417.02500499999996
2018-12-21 20:00:00,311.800005
2018-12-21 21:00:00,183.9000025
2018-12-21 22:00:00,38.324999999999996
2018-12-21 23:00:00,0.0
2018-12-22 00:00:00,0.0
2018-12-22 01:00:00,0.0
2018-12-22 02:00:00,0.0
2018-12-22 03:00:00,0.0
2018-12-22 04:00:00,0.0
2018-12-22 05:00:00,0.0
2018-12-22 06:00:00,0.0
2018-12-22 07:00:00,0.0
2018-12-22 08:00:00,0.0
2018-12-22 09:00:00,7.025
2018-12-22 10:00:00,164.825
2018-12-22 11:00:00,417.80001000000004
2018-12-22 12:00:00,677.2750100000001
2018-12-22 13:00:00,895.8
2018-12-22 14:00:00,1026.775
2018-12-22 15:00:00,801.37501
2018-12-22 16:00:00,681.5250100000001
2018-12-22 17:00:00,632.025
2018-12-22 18:00:00,609.100005
2018-12-22 19:00:00,537.10001
2018-12-22 20:00:00,541.00001
2018-12-22 21:00:00,323.85
2018-12-22 22:00:00,120.675
2018-12-22 23:00:00,1.525
2018-12-23 00:00:00,0.0
2018-12-23 01:00:00,0.0
2018-12-23 02:00:00,0.0
2018-12-23 03:00:00,0.0
2018-12-23 04:00:00,0.0
2018-12-23 05:00:00,0.0
2018-12-23 06:00:00,0.0
2018-12-23 07:00:00,0.0
2018-12-23 08:00:00,0.0
2018-12-23 09:00:00,6.35
2018-12-23 10:00:00,157.37500375000002
2018-12-23 11:00:00,400.375
2018-12-23 12:00:00,545.12501
2018-12-23 13:00:00,579.55002
2018-12-23 14:00:00,661.95001
2018-12-23 15:00:00,588.95001
2018-12-23 16:00:00,542.800005
2018-12-23 17:00:00,523.625005
2018-12-23 18:00:00,469.97502000000003
2018-12-23 19:00:00,460.7
2018-12-23 20:00:00,442.25
2018-12-23 21:00:00,214.0250025
2018-12-23 22:00:00,115.72500175
2018-12-23 23:00:00,1.575
2018-12-24 00:00:00,0.0
2018-12-24 01:00:00,0.0
2018-12-24 02:00:00,0.0
2018-12-24 03:00:00,0.0
2018-12-24 04:00:00,0.0
2018-12-24 05:00:00,0.0
2018-12-24 06:00:00,0.0
2018-12-24 07:00:00,0.0
2018-12-24 08:00:00,0.0
2018-12-24 09:00:00,2.25
2018-12-24 10:00:00,118.575
2018-12-24 11:00:00,330.600015
2018-12-24 12:00:00,522.025
2018-12-24 13:00:00,736.42501
2018-12-24 14:00:00,728.95
2018-12-24 15:00:00,778.50001
2018-12-24 16:00:00,712.2
2018-12-24 17:00:00,720.75001
2018-12-24 18:00:00,527.10001
2018-12-24 19:00:00,547.32501
2018-12-24 20:00:00,459.175
2018-12-24 21:00:00,151.425005
2018-12-24 22:00:00,45.12500300000001
2018-12-24 23:00:00,1.9
2018-12-25 00:00:00,0.0
2018-12-25 01:00:00,0.0
2018-12-25 02:00:00,0.0
2018-12-25 03:00:00,0.0
2018-12-25 04:00:00,0.0
2018-12-25 05:00:00,0.0
2018-12-25 06:00:00,0.0
2018-12-25 07:00:00,0.0
2018-12-25 08:00:00,0.0
2018-12-25 09:00:00,4.375
2018-12-25 10:00:00,159.4500025
2018-12-25 11:00:00,409.82501
2018-12-25 12:00:00,670.4
2018-12-25 13:00:00,844.40001
2018-12-25 14:00:00,930.275
2018-12-25 15:00:00,973.775
2018-12-25 16:00:00,949.65002
2018-12-25 17:00:00,842.75001
2018-12-25 18:00:00,835.5500099999999
2018-12-25 19:00:00,746.0
2018-12-25 20:00:00,552.7
2018-12-25 21:00:00,229.95
2018-12-25 22:00:00,104.775003
2018-12-25 23:00:00,0.0
2018-12-26 00:00:00,0.0
2018-12-26 01:00:00,0.0
2018-12-26 02:00:00,0.0
2018-12-26 03:00:00,0.0
2018-12-26 04:00:00,0.0
2018-12-26 05:00:00,0.0
2018-12-26 06:00:00,0.0
2018-12-26 07:00:00,0.0
2018-12-26 08:00:00,0.0
2018-12-26 09:00:00,5.82500025
2018-12-26 10:00:00,158.550005
2018-12-26 11:00:00,410.1
2018-12-26 12:00:00,627.7
2018-12-26 13:00:00,793.32501
2018-12-26 14:00:00,806.10001
2018-12-26 15:00:00,826.95001
2018-12-26 16:00:00,885.925
2018-12-26 17:00:00,797.82501
2018-12-26 18:00:00,505.500005
2018-12-26 19:00:00,328.625005
2018-12-26 20:00:00,371.32500500000003
2018-12-26 21:00:00,323.725
2018-12-26 22:00:00,24.525001250000003
2018-12-26 23:00:00,0.0
2018-12-27 00:00:00,0.0
2018-12-27 01:00:00,0.0
2018-12-27 02:00:00,0.0
2018-12-27 03:00:00,0.0
2018-12-27 04:00:00,0.0
2018-12-27 05:00:00,0.0
2018-12-27 06:00:00,0.0
2018-12-27 07:00:00,0.0
2018-12-27 08:00:00,0.0
2018-12-27 09:00:00,4.425
2018-12-27 10:00:00,139.725
2018-12-27 11:00:00,385.25001
2018-12-27 12:00:00,654.3500200000001
2018-12-27 13:00:00,872.95003
2018-12-27 14:00:00,1040.60005
2018-12-27 15:00:00,965.700025
2018-12-27 16:00:00,878.6750099999999
2018-12-27 17:00:00,884.12502
2018-12-27 18:00:00,649.90001
2018-12-27 19:00:00,507.575
2018-12-27 20:00:00,426.04999999999995
2018-12-27 21:00:00,180.475
2018-12-27 22:00:00,0.0
2018-12-27 23:00:00,0.0
2018-12-28 00:00:00,0.0
2018-12-28 01:00:00,0.0
2018-12-28 02:00:00,0.0
2018-12-28 03:00:00,0.0
2018-12-28 04:00:00,0.0
2018-12-28 05:00:00,0.0
2018-12-28 06:00:00,0.0
2018-12-28 07:00:00,0.0
2018-12-28 08:00:00,0.0
2018-12-28 09:00:00,4.55
2018-12-28 10:00:00,119.44999999999999
2018-12-28 11:00:00,292.550005
2018-12-28 12:00:00,444.05001500000003
2018-12-28 13:00:00,743.85002
2018-12-28 14:00:00,983.75
2018-12-28 15:00:00,884.95
2018-12-28 16:00:00,777.25002
2018-12-28 17:00:00,480.50001
2018-12-28 18:00:00,293.125
2018-12-28 19:00:00,343.125005
2018-12-28 20:00:00,180.325
2018-12-28 21:00:00,50.275
2018-12-28 22:00:00,0.0
2018-12-28 23:00:00,0.0
2018-12-29 00:00:00,0.0
2018-12-29 01:00:00,0.0
2018-12-29 02:00:00,0.0
2018-12-29 03:00:00,0.0
2018-12-29 04:00:00,0.0
2018-12-29 05:00:00,0.0
2018-12-29 06:00:00,0.0
2018-12-29 07:00:00,0.0
2018-12-29 08:00:00,0.0
2018-12-29 09:00:00,3.85000025
2018-12-29 10:00:00,137.6750025
2018-12-29 11:00:00,378.850005
2018-12-29 12:00:00,626.70001
2018-12-29 13:00:00,843.8000099999999
2018-12-29 14:00:00,1011.50001
2018-12-29 15:00:00,1024.22501
2018-12-29 16:00:00,944.825
2018-12-29 17:00:00,785.92502
2018-12-29 18:00:00,800.47501
2018-12-29 19:00:00,740.45
2018-12-29 20:00:00,412.45000500000003
2018-12-29 21:00:00,170.9250025
2018-12-29 22:00:00,43.55000125
2018-12-29 23:00:00,0.0
2018-12-30 00:00:00,0.0
2018-12-30 01:00:00,0.0
2018-12-30 02:00:00,0.0
2018-12-30 03:00:00,0.0
2018-12-30 04:00:00,0.0
2018-12-30 05:00:00,0.0
2018-12-30 06:00:00,0.0
2018-12-30 07:00:00,0.0
2018-12-30 08:00:00,0.0
2018-12-30 09:00:00,3.47500025
2018-12-30 10:00:00,136.47500424999998
2018-12-30 11:00:00,385.550005
2018-12-30 12:00:00,658.075
2018-12-30 13:00:00,881.07501
2018-12-30 14:00:00,1056.2
2018-12-30 15:00:00,1167.675
2018-12-30 16:00:00,1069.0
2018-12-30 17:00:00,848.75003
2018-12-30 18:00:00,773.7750100000001
2018-12-30 19:00:00,382.65000499999996
2018-12-30 20:00:00,219.075005
2018-12-30 21:00:00,57.9
2018-12-30 22:00:00,0.0
2018-12-30 23:00:00,0.0
2018-12-31 00:00:00,0.0
2018-12-31 01:00:00,0.0
2018-12-31 02:00:00,0.0
2018-12-31 03:00:00,0.0
2018-12-31 04:00:00,0.0
2018-12-31 05:00:00,0.0
2018-12-31 06:00:00,0.0
2018-12-31 07:00:00,0.0
2018-12-31 08:00:00,0.0
2018-12-31 09:00:00,1.075
2018-12-31 10:00:00,121.4750005
2018-12-31 11:00:00,365.025
2018-12-31 12:00:00,641.45
2018-12-31 13:00:00,809.97502
2018-12-31 14:00:00,996.7
2018-12-31 15:00:00,1129.350025
2018-12-31 16:00:00,977.65
2018-12-31 17:00:00,1077.47505
2018-12-31 18:00:00,941.57502
2018-12-31 19:00:00,762.6
2018-12-31 20:00:00,494.975
2018-12-31 21:00:00,159.9250025
2018-12-31 22:00:00,0.0
2018-12-31 23:00:00,0.0
