date,GHI
2021-01-01 00:00:00,0.0
2021-01-01 01:00:00,0.0
2021-01-01 02:00:00,0.0
2021-01-01 03:00:00,0.0
2021-01-01 04:00:00,0.0
2021-01-01 05:00:00,0.0
2021-01-01 06:00:00,0.0
2021-01-01 07:00:00,0.0
2021-01-01 08:00:00,0.0
2021-01-01 09:00:00,1.35
2021-01-01 10:00:00,133.17500125
2021-01-01 11:00:00,386.42501
2021-01-01 12:00:00,601.825
2021-01-01 13:00:00,827.2249999999999
2021-01-01 14:00:00,1002.75002
2021-01-01 15:00:00,1115.975
2021-01-01 16:00:00,1152.52505
2021-01-01 17:00:00,1112.575025
2021-01-01 18:00:00,943.375025
2021-01-01 19:00:00,722.875
2021-01-01 20:00:00,396.2250025
2021-01-01 21:00:00,58.15000375
2021-01-01 22:00:00,0.0
2021-01-01 23:00:00,0.0
2021-01-02 00:00:00,0.0
2021-01-02 01:00:00,0.0
2021-01-02 02:00:00,0.0
2021-01-02 03:00:00,0.0
2021-01-02 04:00:00,0.0
2021-01-02 05:00:00,0.0
2021-01-02 06:00:00,0.0
2021-01-02 07:00:00,0.0
2021-01-02 08:00:00,0.0
2021-01-02 09:00:00,0.8
2021-01-02 10:00:00,115.35
2021-01-02 11:00:00,360.050005
2021-01-02 12:00:00,632.77503
2021-01-02 13:00:00,854.2249999999999
2021-01-02 14:00:00,1026.1
2021-01-02 15:00:00,1136.375
2021-01-02 16:00:00,1175.025
2021-01-02 17:00:00,1139.6
2021-01-02 18:00:00,992.70001
2021-01-02 19:00:00,586.87501
2021-01-02 20:00:00,249.4250025
2021-01-02 21:00:00,10.97500025
2021-01-02 22:00:00,34.175000499999996
2021-01-02 23:00:00,0.0
2021-01-03 00:00:00,0.0
2021-01-03 01:00:00,0.0
2021-01-03 02:00:00,0.0
2021-01-03 03:00:00,0.0
2021-01-03 04:00:00,0.0
2021-01-03 05:00:00,0.0
2021-01-03 06:00:00,0.0
2021-01-03 07:00:00,0.0
2021-01-03 08:00:00,0.0
2021-01-03 09:00:00,0.650000025
2021-01-03 10:00:00,123.87500625000001
2021-01-03 11:00:00,374.700005
2021-01-03 12:00:00,622.70001
2021-01-03 13:00:00,849.525
2021-01-03 14:00:00,1026.875
2021-01-03 15:00:00,1143.4
2021-01-03 16:00:00,1183.12505
2021-01-03 17:00:00,1146.525
2021-01-03 18:00:00,1035.025025
2021-01-03 19:00:00,858.22501
2021-01-03 20:00:00,628.95
2021-01-03 21:00:00,241.8000025
2021-01-03 22:00:00,34.975
2021-01-03 23:00:00,0.0
2021-01-04 00:00:00,0.0
2021-01-04 01:00:00,0.0
2021-01-04 02:00:00,0.0
2021-01-04 03:00:00,0.0
2021-01-04 04:00:00,0.0
2021-01-04 05:00:00,0.0
2021-01-04 06:00:00,0.0
2021-01-04 07:00:00,0.0
2021-01-04 08:00:00,0.0
2021-01-04 09:00:00,0.0
2021-01-04 10:00:00,97.60000025
2021-01-04 11:00:00,252.10000000000002
2021-01-04 12:00:00,421.47499999999997
2021-01-04 13:00:00,510.25
2021-01-04 14:00:00,884.375
2021-01-04 15:00:00,1105.20005
2021-01-04 16:00:00,837.40002
2021-01-04 17:00:00,462.525
2021-01-04 18:00:00,870.3000099999999
2021-01-04 19:00:00,860.25003
2021-01-04 20:00:00,540.97501
2021-01-04 21:00:00,382.32500500000003
2021-01-04 22:00:00,110.8
2021-01-04 23:00:00,0.0
2021-01-05 00:00:00,0.0
2021-01-05 01:00:00,0.0
2021-01-05 02:00:00,0.0
2021-01-05 03:00:00,0.0
2021-01-05 04:00:00,0.0
2021-01-05 05:00:00,0.0
2021-01-05 06:00:00,0.0
2021-01-05 07:00:00,0.0
2021-01-05 08:00:00,0.0
2021-01-05 09:00:00,0.0
2021-01-05 10:00:00,112.22500124999999
2021-01-05 11:00:00,369.025
2021-01-05 12:00:00,611.77501
2021-01-05 13:00:00,813.7
2021-01-05 14:00:00,723.20002
2021-01-05 15:00:00,488.60001
2021-01-05 16:00:00,665.900025
2021-01-05 17:00:00,880.475025
2021-01-05 18:00:00,1010.95
2021-01-05 19:00:00,853.6750099999999
2021-01-05 20:00:00,536.30001
2021-01-05 21:00:00,101.4500005
2021-01-05 22:00:00,17.55000125
2021-01-05 23:00:00,0.0
2021-01-06 00:00:00,0.0
2021-01-06 01:00:00,0.0
2021-01-06 02:00:00,0.0
2021-01-06 03:00:00,0.0
2021-01-06 04:00:00,0.0
2021-01-06 05:00:00,0.0
2021-01-06 06:00:00,0.0
2021-01-06 07:00:00,0.0
2021-01-06 08:00:00,0.0
2021-01-06 09:00:00,0.0
2021-01-06 10:00:00,109.65000125
2021-01-06 11:00:00,298.225
2021-01-06 12:00:00,560.17502
2021-01-06 13:00:00,767.075
2021-01-06 14:00:00,939.30005
2021-01-06 15:00:00,1141.075025
2021-01-06 16:00:00,1179.25
2021-01-06 17:00:00,1129.300025
2021-01-06 18:00:00,758.65001
2021-01-06 19:00:00,857.62501
2021-01-06 20:00:00,634.25
2021-01-06 21:00:00,264.350005
2021-01-06 22:00:00,28.85
2021-01-06 23:00:00,0.0
2021-01-07 00:00:00,0.0
2021-01-07 01:00:00,0.0
2021-01-07 02:00:00,0.0
2021-01-07 03:00:00,0.0
2021-01-07 04:00:00,0.0
2021-01-07 05:00:00,0.0
2021-01-07 06:00:00,0.0
2021-01-07 07:00:00,0.0
2021-01-07 08:00:00,0.0
2021-01-07 09:00:00,0.0
2021-01-07 10:00:00,100.825
2021-01-07 11:00:00,293.525
2021-01-07 12:00:00,582.925
2021-01-07 13:00:00,786.02502
2021-01-07 14:00:00,1025.125
2021-01-07 15:00:00,1139.85
2021-01-07 16:00:00,1179.45
2021-01-07 17:00:00,1085.30005
2021-01-07 18:00:00,1021.50001
2021-01-07 19:00:00,846.27501
2021-01-07 20:00:00,640.42502
2021-01-07 21:00:00,379.07500500000003
2021-01-07 22:00:00,65.8000025
2021-01-07 23:00:00,0.0
2021-01-08 00:00:00,0.0
2021-01-08 01:00:00,0.0
2021-01-08 02:00:00,0.0
2021-01-08 03:00:00,0.0
2021-01-08 04:00:00,0.0
2021-01-08 05:00:00,0.0
2021-01-08 06:00:00,0.0
2021-01-08 07:00:00,0.0
2021-01-08 08:00:00,0.0
2021-01-08 09:00:00,0.0
2021-01-08 10:00:00,116.3750005
2021-01-08 11:00:00,368.650005
2021-01-08 12:00:00,620.12501
2021-01-08 13:00:00,724.375
2021-01-08 14:00:00,1022.150025
2021-01-08 15:00:00,1126.85
2021-01-08 16:00:00,1014.72501
2021-01-08 17:00:00,1140.700025
2021-01-08 18:00:00,1035.8000200000001
2021-01-08 19:00:00,863.825
2021-01-08 20:00:00,639.6
2021-01-08 21:00:00,381.65000499999996
2021-01-08 22:00:00,94.725
2021-01-08 23:00:00,0.0
2021-01-09 00:00:00,0.0
2021-01-09 01:00:00,0.0
2021-01-09 02:00:00,0.0
2021-01-09 03:00:00,0.0
2021-01-09 04:00:00,0.0
2021-01-09 05:00:00,0.0
2021-01-09 06:00:00,0.0
2021-01-09 07:00:00,0.0
2021-01-09 08:00:00,0.0
2021-01-09 09:00:00,0.0
2021-01-09 10:00:00,111.57499999999999
2021-01-09 11:00:00,363.72501
2021-01-09 12:00:00,621.97501
2021-01-09 13:00:00,850.025
2021-01-09 14:00:00,1028.50001
2021-01-09 15:00:00,1143.475025
2021-01-09 16:00:00,1184.4
2021-01-09 17:00:00,1150.575025
2021-01-09 18:00:00,1045.05
2021-01-09 19:00:00,873.2750100000001
2021-01-09 20:00:00,622.92501
2021-01-09 21:00:00,315.7250025
2021-01-09 22:00:00,0.0
2021-01-09 23:00:00,0.0
2021-01-10 00:00:00,0.0
2021-01-10 01:00:00,0.0
2021-01-10 02:00:00,0.0
2021-01-10 03:00:00,0.0
2021-01-10 04:00:00,0.0
2021-01-10 05:00:00,0.0
2021-01-10 06:00:00,0.0
2021-01-10 07:00:00,0.0
2021-01-10 08:00:00,0.0
2021-01-10 09:00:00,0.0
2021-01-10 10:00:00,112.85
2021-01-10 11:00:00,358.35001
2021-01-10 12:00:00,558.625
2021-01-10 13:00:00,831.2750100000001
2021-01-10 14:00:00,1032.07501
2021-01-10 15:00:00,1145.325025
2021-01-10 16:00:00,1183.550025
2021-01-10 17:00:00,1144.975025
2021-01-10 18:00:00,1038.575025
2021-01-10 19:00:00,570.60001
2021-01-10 20:00:00,272.7250025
2021-01-10 21:00:00,32.475
2021-01-10 22:00:00,0.0
2021-01-10 23:00:00,0.0
2021-01-11 00:00:00,0.0
2021-01-11 01:00:00,0.0
2021-01-11 02:00:00,0.0
2021-01-11 03:00:00,0.0
2021-01-11 04:00:00,0.0
2021-01-11 05:00:00,0.0
2021-01-11 06:00:00,0.0
2021-01-11 07:00:00,0.0
2021-01-11 08:00:00,0.0
2021-01-11 09:00:00,0.0
2021-01-11 10:00:00,100.82500024999999
2021-01-11 11:00:00,351.6500025
2021-01-11 12:00:00,612.425
2021-01-11 13:00:00,847.10001
2021-01-11 14:00:00,1028.5749999999998
2021-01-11 15:00:00,1145.225
2021-01-11 16:00:00,1185.425025
2021-01-11 17:00:00,999.15001
2021-01-11 18:00:00,763.925
2021-01-11 19:00:00,559.55001
2021-01-11 20:00:00,312.625005
2021-01-11 21:00:00,60.9
2021-01-11 22:00:00,4.175
2021-01-11 23:00:00,0.0
2021-01-12 00:00:00,0.0
2021-01-12 01:00:00,0.0
2021-01-12 02:00:00,0.0
2021-01-12 03:00:00,0.0
2021-01-12 04:00:00,0.0
2021-01-12 05:00:00,0.0
2021-01-12 06:00:00,0.0
2021-01-12 07:00:00,0.0
2021-01-12 08:00:00,0.0
2021-01-12 09:00:00,0.0
2021-01-12 10:00:00,95.82500125
2021-01-12 11:00:00,310.8
2021-01-12 12:00:00,564.575
2021-01-12 13:00:00,776.375
2021-01-12 14:00:00,938.25
2021-01-12 15:00:00,1083.40002
2021-01-12 16:00:00,1027.625
2021-01-12 17:00:00,753.3
2021-01-12 18:00:00,710.25
2021-01-12 19:00:00,572.90001
2021-01-12 20:00:00,327.2
2021-01-12 21:00:00,79.625
2021-01-12 22:00:00,0.0
2021-01-12 23:00:00,0.0
2021-01-13 00:00:00,0.0
2021-01-13 01:00:00,0.0
2021-01-13 02:00:00,0.0
2021-01-13 03:00:00,0.0
2021-01-13 04:00:00,0.0
2021-01-13 05:00:00,0.0
2021-01-13 06:00:00,0.0
2021-01-13 07:00:00,0.0
2021-01-13 08:00:00,0.0
2021-01-13 09:00:00,0.0
2021-01-13 10:00:00,99.80000275
2021-01-13 11:00:00,344.82500500000003
2021-01-13 12:00:00,595.65
2021-01-13 13:00:00,821.62502
2021-01-13 14:00:00,965.3
2021-01-13 15:00:00,954.925
2021-01-13 16:00:00,843.3500200000001
2021-01-13 17:00:00,860.375
2021-01-13 18:00:00,876.22501
2021-01-13 19:00:00,846.55
2021-01-13 20:00:00,636.67501
2021-01-13 21:00:00,365.600005
2021-01-13 22:00:00,133.8
2021-01-13 23:00:00,0.0
2021-01-14 00:00:00,0.0
2021-01-14 01:00:00,0.0
2021-01-14 02:00:00,0.0
2021-01-14 03:00:00,0.0
2021-01-14 04:00:00,0.0
2021-01-14 05:00:00,0.0
2021-01-14 06:00:00,0.0
2021-01-14 07:00:00,0.0
2021-01-14 08:00:00,0.0
2021-01-14 09:00:00,0.0
2021-01-14 10:00:00,78.85000025
2021-01-14 11:00:00,295.65
2021-01-14 12:00:00,577.3
2021-01-14 13:00:00,719.6
2021-01-14 14:00:00,735.575
2021-01-14 15:00:00,628.55
2021-01-14 16:00:00,629.65001
2021-01-14 17:00:00,708.65
2021-01-14 18:00:00,973.825
2021-01-14 19:00:00,858.025
2021-01-14 20:00:00,638.375
2021-01-14 21:00:00,388.800005
2021-01-14 22:00:00,107.35
2021-01-14 23:00:00,0.0
2021-01-15 00:00:00,0.0
2021-01-15 01:00:00,0.0
2021-01-15 02:00:00,0.0
2021-01-15 03:00:00,0.0
2021-01-15 04:00:00,0.0
2021-01-15 05:00:00,0.0
2021-01-15 06:00:00,0.0
2021-01-15 07:00:00,0.0
2021-01-15 08:00:00,0.0
2021-01-15 09:00:00,0.0
2021-01-15 10:00:00,98.35
2021-01-15 11:00:00,346.10001
2021-01-15 12:00:00,598.2
2021-01-15 13:00:00,826.85
2021-01-15 14:00:00,1006.77505
2021-01-15 15:00:00,1123.250025
2021-01-15 16:00:00,1167.25
2021-01-15 17:00:00,456.55
2021-01-15 18:00:00,565.425
2021-01-15 19:00:00,381.35
2021-01-15 20:00:00,323.875
2021-01-15 21:00:00,100.05000125
2021-01-15 22:00:00,8.875
2021-01-15 23:00:00,0.0
2021-01-16 00:00:00,0.0
2021-01-16 01:00:00,0.0
2021-01-16 02:00:00,0.0
2021-01-16 03:00:00,0.0
2021-01-16 04:00:00,0.0
2021-01-16 05:00:00,0.0
2021-01-16 06:00:00,0.0
2021-01-16 07:00:00,0.0
2021-01-16 08:00:00,0.0
2021-01-16 09:00:00,0.0
2021-01-16 10:00:00,89.1
2021-01-16 11:00:00,332.35
2021-01-16 12:00:00,519.250005
2021-01-16 13:00:00,650.97502
2021-01-16 14:00:00,961.9750100000001
2021-01-16 15:00:00,1118.825025
2021-01-16 16:00:00,1163.175025
2021-01-16 17:00:00,862.6250600000001
2021-01-16 18:00:00,533.800005
2021-01-16 19:00:00,500.500015
2021-01-16 20:00:00,388.450015
2021-01-16 21:00:00,176.725
2021-01-16 22:00:00,0.0
2021-01-16 23:00:00,0.0
2021-01-17 00:00:00,0.0
2021-01-17 01:00:00,0.0
2021-01-17 02:00:00,0.0
2021-01-17 03:00:00,0.0
2021-01-17 04:00:00,0.0
2021-01-17 05:00:00,0.0
2021-01-17 06:00:00,0.0
2021-01-17 07:00:00,0.0
2021-01-17 08:00:00,0.0
2021-01-17 09:00:00,0.0
2021-01-17 10:00:00,68.30000050000001
2021-01-17 11:00:00,234.64999999999998
2021-01-17 12:00:00,425.125005
2021-01-17 13:00:00,518.750005
2021-01-17 14:00:00,523.55
2021-01-17 15:00:00,677.3
2021-01-17 16:00:00,640.95
2021-01-17 17:00:00,595.5333466666667
2021-01-17 18:00:00,517.3500200000001
2021-01-17 19:00:00,488.2
2021-01-17 20:00:00,379.025
2021-01-17 21:00:00,227.53334000000004
2021-01-17 22:00:00,74.8
2021-01-17 23:00:00,0.0
2021-01-18 00:00:00,0.0
2021-01-18 01:00:00,0.0
2021-01-18 02:00:00,0.0
2021-01-18 03:00:00,0.0
2021-01-18 04:00:00,0.0
2021-01-18 05:00:00,0.0
2021-01-18 06:00:00,0.0
2021-01-18 07:00:00,0.0
2021-01-18 08:00:00,0.0
2021-01-18 09:00:00,0.0
2021-01-18 10:00:00,134.95000249999998
2021-01-18 11:00:00,300.5
2021-01-18 12:00:00,444.54999999999995
2021-01-18 13:00:00,564.75001
2021-01-18 14:00:00,695.175
2021-01-18 15:00:00,750.9250099999999
2021-01-18 16:00:00,932.4750100000001
2021-01-18 17:00:00,1045.000035
2021-01-18 18:00:00,830.975
2021-01-18 19:00:00,816.275
2021-01-18 20:00:00,500.67500500000006
2021-01-18 21:00:00,230.300005
2021-01-18 22:00:00,13.025
2021-01-18 23:00:00,0.0
2021-01-19 00:00:00,0.0
2021-01-19 01:00:00,0.0
2021-01-19 02:00:00,0.0
2021-01-19 03:00:00,0.0
2021-01-19 04:00:00,0.0
2021-01-19 05:00:00,0.0
2021-01-19 06:00:00,0.0
2021-01-19 07:00:00,0.0
2021-01-19 08:00:00,0.0
2021-01-19 09:00:00,0.0
2021-01-19 10:00:00,79.900003
2021-01-19 11:00:00,267.475
2021-01-19 12:00:00,549.07503
2021-01-19 13:00:00,826.62502
2021-01-19 14:00:00,926.2
2021-01-19 15:00:00,1067.475
2021-01-19 16:00:00,969.62501
2021-01-19 17:00:00,991.72501
2021-01-19 18:00:00,1006.47501
2021-01-19 19:00:00,864.50002
2021-01-19 20:00:00,642.00001
2021-01-19 21:00:00,291.975
2021-01-19 22:00:00,69.625
2021-01-19 23:00:00,0.0
2021-01-20 00:00:00,0.0
2021-01-20 01:00:00,0.0
2021-01-20 02:00:00,0.0
2021-01-20 03:00:00,0.0
2021-01-20 04:00:00,0.0
2021-01-20 05:00:00,0.0
2021-01-20 06:00:00,0.0
2021-01-20 07:00:00,0.0
2021-01-20 08:00:00,0.0
2021-01-20 09:00:00,0.0
2021-01-20 10:00:00,53.65000125
2021-01-20 11:00:00,219.875
2021-01-20 12:00:00,317.875
2021-01-20 13:00:00,369.775005
2021-01-20 14:00:00,572.950005
2021-01-20 15:00:00,660.07501
2021-01-20 16:00:00,822.25
2021-01-20 17:00:00,948.700025
2021-01-20 18:00:00,669.725
2021-01-20 19:00:00,555.87501
2021-01-20 20:00:00,363.77500499999996
2021-01-20 21:00:00,209.4
2021-01-20 22:00:00,135.0250025
2021-01-20 23:00:00,0.0
2021-01-21 00:00:00,0.0
2021-01-21 01:00:00,0.0
2021-01-21 02:00:00,0.0
2021-01-21 03:00:00,0.0
2021-01-21 04:00:00,0.0
2021-01-21 05:00:00,0.0
2021-01-21 06:00:00,0.0
2021-01-21 07:00:00,0.0
2021-01-21 08:00:00,0.0
2021-01-21 09:00:00,0.0
2021-01-21 10:00:00,62.90000025
2021-01-21 11:00:00,237.950005
2021-01-21 12:00:00,378.22501
2021-01-21 13:00:00,553.4000100000001
2021-01-21 14:00:00,643.1999999999999
2021-01-21 15:00:00,620.22501
2021-01-21 16:00:00,732.12501
2021-01-21 17:00:00,785.07502
2021-01-21 18:00:00,772.97502
2021-01-21 19:00:00,531.42501
2021-01-21 20:00:00,330.675
2021-01-21 21:00:00,198.4500075
2021-01-21 22:00:00,77.9250025
2021-01-21 23:00:00,0.0
2021-01-22 00:00:00,0.0
2021-01-22 01:00:00,0.0
2021-01-22 02:00:00,0.0
2021-01-22 03:00:00,0.0
2021-01-22 04:00:00,0.0
2021-01-22 05:00:00,0.0
2021-01-22 06:00:00,0.0
2021-01-22 07:00:00,0.0
2021-01-22 08:00:00,0.0
2021-01-22 09:00:00,0.0
2021-01-22 10:00:00,62.600001250000005
2021-01-22 11:00:00,228.8750025
2021-01-22 12:00:00,364.6
2021-01-22 13:00:00,612.675005
2021-01-22 14:00:00,771.10001
2021-01-22 15:00:00,776.7750100000001
2021-01-22 16:00:00,784.0
2021-01-22 17:00:00,767.17502
2021-01-22 18:00:00,573.450015
2021-01-22 19:00:00,445.05
2021-01-22 20:00:00,313.150005
2021-01-22 21:00:00,181.1
2021-01-22 22:00:00,12.3
2021-01-22 23:00:00,0.0
2021-01-23 00:00:00,0.0
2021-01-23 01:00:00,0.0
2021-01-23 02:00:00,0.0
2021-01-23 03:00:00,0.0
2021-01-23 04:00:00,0.0
2021-01-23 05:00:00,0.0
2021-01-23 06:00:00,0.0
2021-01-23 07:00:00,0.0
2021-01-23 08:00:00,0.0
2021-01-23 09:00:00,0.0
2021-01-23 10:00:00,79.57500125
2021-01-23 11:00:00,283.375
2021-01-23 12:00:00,549.825
2021-01-23 13:00:00,690.4000100000001
2021-01-23 14:00:00,901.05002
2021-01-23 15:00:00,1042.25
2021-01-23 16:00:00,1127.30005
2021-01-23 17:00:00,869.02503
2021-01-23 18:00:00,551.60001
2021-01-23 19:00:00,497.375
2021-01-23 20:00:00,355.3
2021-01-23 21:00:00,261.125
2021-01-23 22:00:00,67.025
2021-01-23 23:00:00,0.0
2021-01-24 00:00:00,0.0
2021-01-24 01:00:00,0.0
2021-01-24 02:00:00,0.0
2021-01-24 03:00:00,0.0
2021-01-24 04:00:00,0.0
2021-01-24 05:00:00,0.0
2021-01-24 06:00:00,0.0
2021-01-24 07:00:00,0.0
2021-01-24 08:00:00,0.0
2021-01-24 09:00:00,0.0
2021-01-24 10:00:00,63.6250005
2021-01-24 11:00:00,229.750005
2021-01-24 12:00:00,337.550005
2021-01-24 13:00:00,615.72501
2021-01-24 14:00:00,658.72501
2021-01-24 15:00:00,890.47501
2021-01-24 16:00:00,1003.475
2021-01-24 17:00:00,638.4
2021-01-24 18:00:00,758.27502
2021-01-24 19:00:00,378.425005
2021-01-24 20:00:00,178.725
2021-01-24 21:00:00,246.35
2021-01-24 22:00:00,68.025
2021-01-24 23:00:00,0.0
2021-01-25 00:00:00,0.0
2021-01-25 01:00:00,0.0
2021-01-25 02:00:00,0.0
2021-01-25 03:00:00,0.0
2021-01-25 04:00:00,0.0
2021-01-25 05:00:00,0.0
2021-01-25 06:00:00,0.0
2021-01-25 07:00:00,0.0
2021-01-25 08:00:00,0.0
2021-01-25 09:00:00,0.0
2021-01-25 10:00:00,59.025
2021-01-25 11:00:00,253.625
2021-01-25 12:00:00,465.375
2021-01-25 13:00:00,663.1500100000001
2021-01-25 14:00:00,790.45001
2021-01-25 15:00:00,810.875
2021-01-25 16:00:00,1158.125
2021-01-25 17:00:00,1072.4
2021-01-25 18:00:00,823.1000100000001
2021-01-25 19:00:00,336.4
2021-01-25 20:00:00,212.525
2021-01-25 21:00:00,89.05
2021-01-25 22:00:00,29.300000500000003
2021-01-25 23:00:00,0.0
2021-01-26 00:00:00,0.0
2021-01-26 01:00:00,0.0
2021-01-26 02:00:00,0.0
2021-01-26 03:00:00,0.0
2021-01-26 04:00:00,0.0
2021-01-26 05:00:00,0.0
2021-01-26 06:00:00,0.0
2021-01-26 07:00:00,0.0
2021-01-26 08:00:00,0.0
2021-01-26 09:00:00,0.0
2021-01-26 10:00:00,69.82500125
2021-01-26 11:00:00,315.0
2021-01-26 12:00:00,581.225005
2021-01-26 13:00:00,820.275
2021-01-26 14:00:00,1009.625035
2021-01-26 15:00:00,1135.150025
2021-01-26 16:00:00,1185.72505
2021-01-26 17:00:00,1017.600025
2021-01-26 18:00:00,865.8499999999999
2021-01-26 19:00:00,757.17502
2021-01-26 20:00:00,585.20001
2021-01-26 21:00:00,387.375005
2021-01-26 22:00:00,54.900000500000004
2021-01-26 23:00:00,0.0
2021-01-27 00:00:00,0.0
2021-01-27 01:00:00,0.0
2021-01-27 02:00:00,0.0
2021-01-27 03:00:00,0.0
2021-01-27 04:00:00,0.0
2021-01-27 05:00:00,0.0
2021-01-27 06:00:00,0.0
2021-01-27 07:00:00,0.0
2021-01-27 08:00:00,0.0
2021-01-27 09:00:00,0.0
2021-01-27 10:00:00,75.325
2021-01-27 11:00:00,335.57500500000003
2021-01-27 12:00:00,612.5000150000001
2021-01-27 13:00:00,859.5250100000001
2021-01-27 14:00:00,1053.175
2021-01-27 15:00:00,1180.925025
2021-01-27 16:00:00,1232.60005
2021-01-27 17:00:00,1203.375025
2021-01-27 18:00:00,1094.05005
2021-01-27 19:00:00,914.42501
2021-01-27 20:00:00,678.8
2021-01-27 21:00:00,404.275
2021-01-27 22:00:00,135.6250005
2021-01-27 23:00:00,0.975
2021-01-28 00:00:00,0.0
2021-01-28 01:00:00,0.0
2021-01-28 02:00:00,0.0
2021-01-28 03:00:00,0.0
2021-01-28 04:00:00,0.0
2021-01-28 05:00:00,0.0
2021-01-28 06:00:00,0.0
2021-01-28 07:00:00,0.0
2021-01-28 08:00:00,0.0
2021-01-28 09:00:00,0.0
2021-01-28 10:00:00,70.65
2021-01-28 11:00:00,301.125
2021-01-28 12:00:00,527.175015
2021-01-28 13:00:00,835.6
2021-01-28 14:00:00,1028.875035
2021-01-28 15:00:00,1155.65
2021-01-28 16:00:00,1204.75
2021-01-28 17:00:00,1174.100025
2021-01-28 18:00:00,1067.025
2021-01-28 19:00:00,892.425
2021-01-28 20:00:00,663.2750100000001
2021-01-28 21:00:00,389.54999999999995
2021-01-28 22:00:00,85.37500125
2021-01-28 23:00:00,0.0
2021-01-29 00:00:00,0.0
2021-01-29 01:00:00,0.0
2021-01-29 02:00:00,0.0
2021-01-29 03:00:00,0.0
2021-01-29 04:00:00,0.0
2021-01-29 05:00:00,0.0
2021-01-29 06:00:00,0.0
2021-01-29 07:00:00,0.0
2021-01-29 08:00:00,0.0
2021-01-29 09:00:00,0.0
2021-01-29 10:00:00,67.3000025
2021-01-29 11:00:00,315.275005
2021-01-29 12:00:00,591.800005
2021-01-29 13:00:00,835.025
2021-01-29 14:00:00,1028.425025
2021-01-29 15:00:00,1155.525075
2021-01-29 16:00:00,1205.225025
2021-01-29 17:00:00,1174.1999999999998
2021-01-29 18:00:00,1064.3
2021-01-29 19:00:00,749.025
2021-01-29 20:00:00,514.425
2021-01-29 21:00:00,399.400005
2021-01-29 22:00:00,135.425
2021-01-29 23:00:00,0.75
2021-01-30 00:00:00,0.0
2021-01-30 01:00:00,0.0
2021-01-30 02:00:00,0.0
2021-01-30 03:00:00,0.0
2021-01-30 04:00:00,0.0
2021-01-30 05:00:00,0.0
2021-01-30 06:00:00,0.0
2021-01-30 07:00:00,0.0
2021-01-30 08:00:00,0.0
2021-01-30 09:00:00,0.0
2021-01-30 10:00:00,68.60000125
2021-01-30 11:00:00,317.17499999999995
2021-01-30 12:00:00,588.1250150000001
2021-01-30 13:00:00,830.45002
2021-01-30 14:00:00,1023.0500000000001
2021-01-30 15:00:00,1151.1
2021-01-30 16:00:00,1203.175075
2021-01-30 17:00:00,1174.525075
2021-01-30 18:00:00,1066.425025
2021-01-30 19:00:00,890.375
2021-01-30 20:00:00,661.925
2021-01-30 21:00:00,399.100005
2021-01-30 22:00:00,133.675
2021-01-30 23:00:00,0.0
2021-01-31 00:00:00,0.0
2021-01-31 01:00:00,0.0
2021-01-31 02:00:00,0.0
2021-01-31 03:00:00,0.0
2021-01-31 04:00:00,0.0
2021-01-31 05:00:00,0.0
2021-01-31 06:00:00,0.0
2021-01-31 07:00:00,0.0
2021-01-31 08:00:00,0.0
2021-01-31 09:00:00,0.0
2021-01-31 10:00:00,65.4250025
2021-01-31 11:00:00,310.625005
2021-01-31 12:00:00,572.55
2021-01-31 13:00:00,814.47501
2021-01-31 14:00:00,1006.025
2021-01-31 15:00:00,1136.5749999999998
2021-01-31 16:00:00,1190.550025
2021-01-31 17:00:00,1162.5
2021-01-31 18:00:00,1057.35005
2021-01-31 19:00:00,885.3500200000001
2021-01-31 20:00:00,660.72501
2021-01-31 21:00:00,399.3
2021-01-31 22:00:00,134.5
2021-01-31 23:00:00,0.425
2021-02-01 00:00:00,0.0
2021-02-01 01:00:00,0.0
2021-02-01 02:00:00,0.0
2021-02-01 03:00:00,0.0
2021-02-01 04:00:00,0.0
2021-02-01 05:00:00,0.0
2021-02-01 06:00:00,0.0
2021-02-01 07:00:00,0.0
2021-02-01 08:00:00,0.0
2021-02-01 09:00:00,0.0
2021-02-01 10:00:00,60.65
2021-02-01 11:00:00,302.725005
2021-02-01 12:00:00,570.5
2021-02-01 13:00:00,816.6750099999999
2021-02-01 14:00:00,1009.0999999999999
2021-02-01 15:00:00,1137.6999999999998
2021-02-01 16:00:00,1188.600025
2021-02-01 17:00:00,1161.45
2021-02-01 18:00:00,1061.2
2021-02-01 19:00:00,889.925
2021-02-01 20:00:00,658.57501
2021-02-01 21:00:00,392.475
2021-02-01 22:00:00,129.225
2021-02-01 23:00:00,0.22500001
2021-02-02 00:00:00,0.0
2021-02-02 01:00:00,0.0
2021-02-02 02:00:00,0.0
2021-02-02 03:00:00,0.0
2021-02-02 04:00:00,0.0
2021-02-02 05:00:00,0.0
2021-02-02 06:00:00,0.0
2021-02-02 07:00:00,0.0
2021-02-02 08:00:00,0.0
2021-02-02 09:00:00,0.0
2021-02-02 10:00:00,59.67500125000001
2021-02-02 11:00:00,295.62501
2021-02-02 12:00:00,540.95001
2021-02-02 13:00:00,794.5500099999999
2021-02-02 14:00:00,986.85
2021-02-02 15:00:00,1115.200025
2021-02-02 16:00:00,1167.0749999999998
2021-02-02 17:00:00,1138.475025
2021-02-02 18:00:00,865.32501
2021-02-02 19:00:00,356.600005
2021-02-02 20:00:00,195.10000250000002
2021-02-02 21:00:00,12.45
2021-02-02 22:00:00,0.0
2021-02-02 23:00:00,0.05
2021-02-03 00:00:00,0.0
2021-02-03 01:00:00,0.0
2021-02-03 02:00:00,0.0
2021-02-03 03:00:00,0.0
2021-02-03 04:00:00,0.0
2021-02-03 05:00:00,0.0
2021-02-03 06:00:00,0.0
2021-02-03 07:00:00,0.0
2021-02-03 08:00:00,0.0
2021-02-03 09:00:00,0.0
2021-02-03 10:00:00,48.375
2021-02-03 11:00:00,239.52499999999998
2021-02-03 12:00:00,435.8
2021-02-03 13:00:00,756.75001
2021-02-03 14:00:00,951.25002
2021-02-03 15:00:00,939.425025
2021-02-03 16:00:00,1066.1
2021-02-03 17:00:00,662.775
2021-02-03 18:00:00,910.1500100000001
2021-02-03 19:00:00,825.5
2021-02-03 20:00:00,535.87502
2021-02-03 21:00:00,296.900005
2021-02-03 22:00:00,29.42500025
2021-02-03 23:00:00,0.0
2021-02-04 00:00:00,0.0
2021-02-04 01:00:00,0.0
2021-02-04 02:00:00,0.0
2021-02-04 03:00:00,0.0
2021-02-04 04:00:00,0.0
2021-02-04 05:00:00,0.0
2021-02-04 06:00:00,0.0
2021-02-04 07:00:00,0.0
2021-02-04 08:00:00,0.0
2021-02-04 09:00:00,0.0
2021-02-04 10:00:00,42.13333333333333
2021-02-04 11:00:00,271.8
2021-02-04 12:00:00,516.8
2021-02-04 13:00:00,501.7
2021-02-04 14:00:00,631.8000000000001
2021-02-04 15:00:00,891.0
2021-02-04 16:00:00,1134.575
2021-02-04 17:00:00,934.57501
2021-02-04 18:00:00,708.275
2021-02-04 19:00:00,846.25001
2021-02-04 20:00:00,622.5
2021-02-04 21:00:00,327.1500075
2021-02-04 22:00:00,109.9000025
2021-02-04 23:00:00,0.0
2021-02-05 00:00:00,0.0
2021-02-05 01:00:00,0.0
2021-02-05 02:00:00,0.0
2021-02-05 03:00:00,0.0
2021-02-05 04:00:00,0.0
2021-02-05 05:00:00,0.0
2021-02-05 06:00:00,0.0
2021-02-05 07:00:00,0.0
2021-02-05 08:00:00,0.0
2021-02-05 09:00:00,0.0
2021-02-05 10:00:00,44.425
2021-02-05 11:00:00,243.400005
2021-02-05 12:00:00,524.55
2021-02-05 13:00:00,792.27502
2021-02-05 14:00:00,983.3500300000001
2021-02-05 15:00:00,1110.575025
2021-02-05 16:00:00,1163.05
2021-02-05 17:00:00,1136.300025
2021-02-05 18:00:00,1032.550025
2021-02-05 19:00:00,847.9000000000001
2021-02-05 20:00:00,393.275
2021-02-05 21:00:00,137.2
2021-02-05 22:00:00,8.425
2021-02-05 23:00:00,0.0
2021-02-06 00:00:00,0.0
2021-02-06 01:00:00,0.0
2021-02-06 02:00:00,0.0
2021-02-06 03:00:00,0.0
2021-02-06 04:00:00,0.0
2021-02-06 05:00:00,0.0
2021-02-06 06:00:00,0.0
2021-02-06 07:00:00,0.0
2021-02-06 08:00:00,0.0
2021-02-06 09:00:00,0.0
2021-02-06 10:00:00,51.3750015
2021-02-06 11:00:00,283.475005
2021-02-06 12:00:00,543.325
2021-02-06 13:00:00,782.85
2021-02-06 14:00:00,974.175035
2021-02-06 15:00:00,1103.125
2021-02-06 16:00:00,1155.075025
2021-02-06 17:00:00,1127.8
2021-02-06 18:00:00,1024.77501
2021-02-06 19:00:00,853.275
2021-02-06 20:00:00,627.125
2021-02-06 21:00:00,94.94999999999999
2021-02-06 22:00:00,0.0
2021-02-06 23:00:00,0.0
2021-02-07 00:00:00,0.0
2021-02-07 01:00:00,0.0
2021-02-07 02:00:00,0.0
2021-02-07 03:00:00,0.0
2021-02-07 04:00:00,0.0
2021-02-07 05:00:00,0.0
2021-02-07 06:00:00,0.0
2021-02-07 07:00:00,0.0
2021-02-07 08:00:00,0.0
2021-02-07 09:00:00,0.0
2021-02-07 10:00:00,51.175
2021-02-07 11:00:00,284.8750025
2021-02-07 12:00:00,534.85001
2021-02-07 13:00:00,774.8000099999999
2021-02-07 14:00:00,966.15001
2021-02-07 15:00:00,1099.22505
2021-02-07 16:00:00,1152.050025
2021-02-07 17:00:00,1010.725
2021-02-07 18:00:00,930.07501
2021-02-07 19:00:00,815.0250100000001
2021-02-07 20:00:00,452.1250075
2021-02-07 21:00:00,35.1000025
2021-02-07 22:00:00,7.15
2021-02-07 23:00:00,0.0
2021-02-08 00:00:00,0.0
2021-02-08 01:00:00,0.0
2021-02-08 02:00:00,0.0
2021-02-08 03:00:00,0.0
2021-02-08 04:00:00,0.0
2021-02-08 05:00:00,0.0
2021-02-08 06:00:00,0.0
2021-02-08 07:00:00,0.0
2021-02-08 08:00:00,0.0
2021-02-08 09:00:00,0.0
2021-02-08 10:00:00,48.724999999999994
2021-02-08 11:00:00,287.625
2021-02-08 12:00:00,551.975
2021-02-08 13:00:00,790.525
2021-02-08 14:00:00,980.675035
2021-02-08 15:00:00,1107.75005
2021-02-08 16:00:00,1159.650025
2021-02-08 17:00:00,1133.100075
2021-02-08 18:00:00,1031.1
2021-02-08 19:00:00,669.7
2021-02-08 20:00:00,169.45
2021-02-08 21:00:00,0.0
2021-02-08 22:00:00,0.0
2021-02-08 23:00:00,0.0
2021-02-09 00:00:00,0.0
2021-02-09 01:00:00,0.0
2021-02-09 02:00:00,0.0
2021-02-09 03:00:00,0.0
2021-02-09 04:00:00,0.0
2021-02-09 05:00:00,0.0
2021-02-09 06:00:00,0.0
2021-02-09 07:00:00,0.0
2021-02-09 08:00:00,0.0
2021-02-09 09:00:00,0.0
2021-02-09 10:00:00,47.425000250000004
2021-02-09 11:00:00,236.225
2021-02-09 12:00:00,501.80001000000004
2021-02-09 13:00:00,645.87501
2021-02-09 14:00:00,972.675025
2021-02-09 15:00:00,1116.325
2021-02-09 16:00:00,1168.05005
2021-02-09 17:00:00,1141.925025
2021-02-09 18:00:00,1037.425
2021-02-09 19:00:00,864.5250100000001
2021-02-09 20:00:00,639.0
2021-02-09 21:00:00,378.775015
2021-02-09 22:00:00,21.45
2021-02-09 23:00:00,0.0
2021-02-10 00:00:00,0.0
2021-02-10 01:00:00,0.0
2021-02-10 02:00:00,0.0
2021-02-10 03:00:00,0.0
2021-02-10 04:00:00,0.0
2021-02-10 05:00:00,0.0
2021-02-10 06:00:00,0.0
2021-02-10 07:00:00,0.0
2021-02-10 08:00:00,0.0
2021-02-10 09:00:00,0.0
2021-02-10 10:00:00,48.10000025
2021-02-10 11:00:00,229.325005
2021-02-10 12:00:00,517.15
2021-02-10 13:00:00,765.82502
2021-02-10 14:00:00,986.55
2021-02-10 15:00:00,1115.8
2021-02-10 16:00:00,1167.75005
2021-02-10 17:00:00,1112.600025
2021-02-10 18:00:00,1032.825
2021-02-10 19:00:00,825.17501
2021-02-10 20:00:00,631.65001
2021-02-10 21:00:00,282.725
2021-02-10 22:00:00,25.6000005
2021-02-10 23:00:00,0.0
2021-02-11 00:00:00,0.0
2021-02-11 01:00:00,0.0
2021-02-11 02:00:00,0.0
2021-02-11 03:00:00,0.0
2021-02-11 04:00:00,0.0
2021-02-11 05:00:00,0.0
2021-02-11 06:00:00,0.0
2021-02-11 07:00:00,0.0
2021-02-11 08:00:00,0.0
2021-02-11 09:00:00,0.0
2021-02-11 10:00:00,46.35000025
2021-02-11 11:00:00,233.8000025
2021-02-11 12:00:00,537.525
2021-02-11 13:00:00,798.6750099999999
2021-02-11 14:00:00,996.6500100000001
2021-02-11 15:00:00,1127.325
2021-02-11 16:00:00,1177.475025
2021-02-11 17:00:00,1147.4
2021-02-11 18:00:00,1041.35
2021-02-11 19:00:00,796.52502
2021-02-11 20:00:00,457.525
2021-02-11 21:00:00,259.12500124999997
2021-02-11 22:00:00,6.475
2021-02-11 23:00:00,0.0
2021-02-12 00:00:00,0.0
2021-02-12 01:00:00,0.0
2021-02-12 02:00:00,0.0
2021-02-12 03:00:00,0.0
2021-02-12 04:00:00,0.0
2021-02-12 05:00:00,0.0
2021-02-12 06:00:00,0.0
2021-02-12 07:00:00,0.0
2021-02-12 08:00:00,0.0
2021-02-12 09:00:00,0.0
2021-02-12 10:00:00,47.45
2021-02-12 11:00:00,284.7000125
2021-02-12 12:00:00,553.600005
2021-02-12 13:00:00,797.875
2021-02-12 14:00:00,992.725035
2021-02-12 15:00:00,1122.725
2021-02-12 16:00:00,1174.500025
2021-02-12 17:00:00,1143.6
2021-02-12 18:00:00,1036.65001
2021-02-12 19:00:00,863.7750100000001
2021-02-12 20:00:00,636.20001
2021-02-12 21:00:00,373.375
2021-02-12 22:00:00,21.35000075
2021-02-12 23:00:00,0.0
2021-02-13 00:00:00,0.0
2021-02-13 01:00:00,0.0
2021-02-13 02:00:00,0.0
2021-02-13 03:00:00,0.0
2021-02-13 04:00:00,0.0
2021-02-13 05:00:00,0.0
2021-02-13 06:00:00,0.0
2021-02-13 07:00:00,0.0
2021-02-13 08:00:00,0.0
2021-02-13 09:00:00,0.0
2021-02-13 10:00:00,43.4
2021-02-13 11:00:00,280.525
2021-02-13 12:00:00,515.325
2021-02-13 13:00:00,784.5250100000001
2021-02-13 14:00:00,977.97501
2021-02-13 15:00:00,1108.125
2021-02-13 16:00:00,1158.775025
2021-02-13 17:00:00,1132.075
2021-02-13 18:00:00,1032.725
2021-02-13 19:00:00,862.4
2021-02-13 20:00:00,634.47502
2021-02-13 21:00:00,256.925005
2021-02-13 22:00:00,11.525
2021-02-13 23:00:00,0.0
2021-02-14 00:00:00,0.0
2021-02-14 01:00:00,0.0
2021-02-14 02:00:00,0.0
2021-02-14 03:00:00,0.0
2021-02-14 04:00:00,0.0
2021-02-14 05:00:00,0.0
2021-02-14 06:00:00,0.0
2021-02-14 07:00:00,0.0
2021-02-14 08:00:00,0.0
2021-02-14 09:00:00,0.0
2021-02-14 10:00:00,44.0750005
2021-02-14 11:00:00,279.975
2021-02-14 12:00:00,541.62501
2021-02-14 13:00:00,788.30001
2021-02-14 14:00:00,985.4749999999999
2021-02-14 15:00:00,1116.10005
2021-02-14 16:00:00,1168.95
2021-02-14 17:00:00,1140.375025
2021-02-14 18:00:00,1031.250025
2021-02-14 19:00:00,853.9000100000001
2021-02-14 20:00:00,623.1
2021-02-14 21:00:00,359.275
2021-02-14 22:00:00,100.67500125
2021-02-14 23:00:00,0.0
2021-02-15 00:00:00,0.0
2021-02-15 01:00:00,0.0
2021-02-15 02:00:00,0.0
2021-02-15 03:00:00,0.0
2021-02-15 04:00:00,0.0
2021-02-15 05:00:00,0.0
2021-02-15 06:00:00,0.0
2021-02-15 07:00:00,0.0
2021-02-15 08:00:00,0.0
2021-02-15 09:00:00,0.0
2021-02-15 10:00:00,38.525000074999994
2021-02-15 11:00:00,262.52501
2021-02-15 12:00:00,538.2750100000001
2021-02-15 13:00:00,781.075
2021-02-15 14:00:00,974.775
2021-02-15 15:00:00,1104.125
2021-02-15 16:00:00,1156.5
2021-02-15 17:00:00,1128.575
2021-02-15 18:00:00,1023.27501
2021-02-15 19:00:00,851.70001
2021-02-15 20:00:00,624.45
2021-02-15 21:00:00,360.850015
2021-02-15 22:00:00,101.77500125
2021-02-15 23:00:00,0.0
2021-02-16 00:00:00,0.0
2021-02-16 01:00:00,0.0
2021-02-16 02:00:00,0.0
2021-02-16 03:00:00,0.0
2021-02-16 04:00:00,0.0
2021-02-16 05:00:00,0.0
2021-02-16 06:00:00,0.0
2021-02-16 07:00:00,0.0
2021-02-16 08:00:00,0.0
2021-02-16 09:00:00,0.0
2021-02-16 10:00:00,38.4750005
2021-02-16 11:00:00,270.075
2021-02-16 12:00:00,536.025
2021-02-16 13:00:00,778.2750100000001
2021-02-16 14:00:00,968.750035
2021-02-16 15:00:00,1098.175025
2021-02-16 16:00:00,1153.875025
2021-02-16 17:00:00,1128.925
2021-02-16 18:00:00,1025.200035
2021-02-16 19:00:00,850.975
2021-02-16 20:00:00,622.675
2021-02-16 21:00:00,358.95000500000003
2021-02-16 22:00:00,100.57500125
2021-02-16 23:00:00,0.0
2021-02-17 00:00:00,0.0
2021-02-17 01:00:00,0.0
2021-02-17 02:00:00,0.0
2021-02-17 03:00:00,0.0
2021-02-17 04:00:00,0.0
2021-02-17 05:00:00,0.0
2021-02-17 06:00:00,0.0
2021-02-17 07:00:00,0.0
2021-02-17 08:00:00,0.0
2021-02-17 09:00:00,0.0
2021-02-17 10:00:00,73.4
2021-02-17 11:00:00,242.15
2021-02-17 12:00:00,496.375
2021-02-17 13:00:00,776.32503
2021-02-17 14:00:00,1029.5
2021-02-17 15:00:00,1099.325
2021-02-17 16:00:00,1152.57505
2021-02-17 17:00:00,1124.0
2021-02-17 18:00:00,1018.30006
2021-02-17 19:00:00,844.1500100000001
2021-02-17 20:00:00,615.2750100000001
2021-02-17 21:00:00,351.525
2021-02-17 22:00:00,94.7750025
2021-02-17 23:00:00,0.0
2021-02-18 00:00:00,0.0
2021-02-18 01:00:00,0.0
2021-02-18 02:00:00,0.0
2021-02-18 03:00:00,0.0
2021-02-18 04:00:00,0.0
2021-02-18 05:00:00,0.0
2021-02-18 06:00:00,0.0
2021-02-18 07:00:00,0.0
2021-02-18 08:00:00,0.0
2021-02-18 09:00:00,0.0
2021-02-18 10:00:00,31.15
2021-02-18 11:00:00,252.90000750000002
2021-02-18 12:00:00,508.87501000000003
2021-02-18 13:00:00,758.27502
2021-02-18 14:00:00,952.05001
2021-02-18 15:00:00,1083.35
2021-02-18 16:00:00,1085.575
2021-02-18 17:00:00,1108.450025
2021-02-18 18:00:00,1006.375025
2021-02-18 19:00:00,629.200005
2021-02-18 20:00:00,448.550005
2021-02-18 21:00:00,273.275005
2021-02-18 22:00:00,86.475
2021-02-18 23:00:00,0.0
2021-02-19 00:00:00,0.0
2021-02-19 01:00:00,0.0
2021-02-19 02:00:00,0.0
2021-02-19 03:00:00,0.0
2021-02-19 04:00:00,0.0
2021-02-19 05:00:00,0.0
2021-02-19 06:00:00,0.0
2021-02-19 07:00:00,0.0
2021-02-19 08:00:00,0.0
2021-02-19 09:00:00,0.0
2021-02-19 10:00:00,34.05
2021-02-19 11:00:00,253.75
2021-02-19 12:00:00,526.350005
2021-02-19 13:00:00,770.22502
2021-02-19 14:00:00,964.37501
2021-02-19 15:00:00,1092.750025
2021-02-19 16:00:00,1145.675
2021-02-19 17:00:00,1118.225025
2021-02-19 18:00:00,1012.65
2021-02-19 19:00:00,827.525
2021-02-19 20:00:00,605.25001
2021-02-19 21:00:00,338.0750175
2021-02-19 22:00:00,86.875
2021-02-19 23:00:00,0.0
2021-02-20 00:00:00,0.0
2021-02-20 01:00:00,0.0
2021-02-20 02:00:00,0.0
2021-02-20 03:00:00,0.0
2021-02-20 04:00:00,0.0
2021-02-20 05:00:00,0.0
2021-02-20 06:00:00,0.0
2021-02-20 07:00:00,0.0
2021-02-20 08:00:00,0.0
2021-02-20 09:00:00,0.0
2021-02-20 10:00:00,30.25
2021-02-20 11:00:00,219.95000249999998
2021-02-20 12:00:00,496.95001
2021-02-20 13:00:00,715.4
2021-02-20 14:00:00,920.45001
2021-02-20 15:00:00,1077.6
2021-02-20 16:00:00,1130.325025
2021-02-20 17:00:00,1102.775025
2021-02-20 18:00:00,933.75001
2021-02-20 19:00:00,764.97501
2021-02-20 20:00:00,500.97501
2021-02-20 21:00:00,190.12500500000002
2021-02-20 22:00:00,1.35
2021-02-20 23:00:00,0.0
2021-02-21 00:00:00,0.0
2021-02-21 01:00:00,0.0
2021-02-21 02:00:00,0.0
2021-02-21 03:00:00,0.0
2021-02-21 04:00:00,0.0
2021-02-21 05:00:00,0.0
2021-02-21 06:00:00,0.0
2021-02-21 07:00:00,0.0
2021-02-21 08:00:00,0.0
2021-02-21 09:00:00,0.0
2021-02-21 10:00:00,33.0
2021-02-21 11:00:00,252.625005
2021-02-21 12:00:00,512.425
2021-02-21 13:00:00,752.6750099999999
2021-02-21 14:00:00,943.7750100000001
2021-02-21 15:00:00,1069.45
2021-02-21 16:00:00,1120.625025
2021-02-21 17:00:00,1092.15
2021-02-21 18:00:00,985.85
2021-02-21 19:00:00,813.675
2021-02-21 20:00:00,489.8
2021-02-21 21:00:00,134.8
2021-02-21 22:00:00,0.0
2021-02-21 23:00:00,0.0
2021-02-22 00:00:00,0.0
2021-02-22 01:00:00,0.0
2021-02-22 02:00:00,0.0
2021-02-22 03:00:00,0.0
2021-02-22 04:00:00,0.0
2021-02-22 05:00:00,0.0
2021-02-22 06:00:00,0.0
2021-02-22 07:00:00,0.0
2021-02-22 08:00:00,0.0
2021-02-22 09:00:00,0.0
2021-02-22 10:00:00,30.65
2021-02-22 11:00:00,245.14999999999998
2021-02-22 12:00:00,514.025
2021-02-22 13:00:00,759.62501
2021-02-22 14:00:00,951.97501
2021-02-22 15:00:00,1078.525025
2021-02-22 16:00:00,1130.475
2021-02-22 17:00:00,1104.150025
2021-02-22 18:00:00,997.07501
2021-02-22 19:00:00,740.775
2021-02-22 20:00:00,406.5
2021-02-22 21:00:00,45.325
2021-02-22 22:00:00,0.0
2021-02-22 23:00:00,0.0
2021-02-23 00:00:00,0.0
2021-02-23 01:00:00,0.0
2021-02-23 02:00:00,0.0
2021-02-23 03:00:00,0.0
2021-02-23 04:00:00,0.0
2021-02-23 05:00:00,0.0
2021-02-23 06:00:00,0.0
2021-02-23 07:00:00,0.0
2021-02-23 08:00:00,0.0
2021-02-23 09:00:00,0.0
2021-02-23 10:00:00,31.025
2021-02-23 11:00:00,249.57500750000003
2021-02-23 12:00:00,426.40001
2021-02-23 13:00:00,764.4333466666667
2021-02-23 14:00:00,930.8
2021-02-23 15:00:00,1063.25
2021-02-23 16:00:00,1116.175
2021-02-23 17:00:00,1088.375
2021-02-23 18:00:00,989.825
2021-02-23 19:00:00,815.57502
2021-02-23 20:00:00,584.50001
2021-02-23 21:00:00,326.84999999999997
2021-02-23 22:00:00,2.5
2021-02-23 23:00:00,0.0
2021-02-24 00:00:00,0.0
2021-02-24 01:00:00,0.0
2021-02-24 02:00:00,0.0
2021-02-24 03:00:00,0.0
2021-02-24 04:00:00,0.0
2021-02-24 05:00:00,0.0
2021-02-24 06:00:00,0.0
2021-02-24 07:00:00,0.0
2021-02-24 08:00:00,0.0
2021-02-24 09:00:00,0.0
2021-02-24 10:00:00,29.5500005
2021-02-24 11:00:00,212.52500750000002
2021-02-24 12:00:00,444.87501
2021-02-24 13:00:00,622.725
2021-02-24 14:00:00,778.32501
2021-02-24 15:00:00,1078.400025
2021-02-24 16:00:00,1130.9750250000002
2021-02-24 17:00:00,1104.175
2021-02-24 18:00:00,1000.10001
2021-02-24 19:00:00,825.22502
2021-02-24 20:00:00,595.4
2021-02-24 21:00:00,184.8
2021-02-24 22:00:00,37.1
2021-02-24 23:00:00,0.0
2021-02-25 00:00:00,0.0
2021-02-25 01:00:00,0.0
2021-02-25 02:00:00,0.0
2021-02-25 03:00:00,0.0
2021-02-25 04:00:00,0.0
2021-02-25 05:00:00,0.0
2021-02-25 06:00:00,0.0
2021-02-25 07:00:00,0.0
2021-02-25 08:00:00,0.0
2021-02-25 09:00:00,0.0
2021-02-25 10:00:00,28.725001250000002
2021-02-25 11:00:00,241.40000500000002
2021-02-25 12:00:00,497.27502000000004
2021-02-25 13:00:00,739.80001
2021-02-25 14:00:00,928.475
2021-02-25 15:00:00,772.2
2021-02-25 16:00:00,965.875035
2021-02-25 17:00:00,766.37501
2021-02-25 18:00:00,695.20001
2021-02-25 19:00:00,591.4000100000001
2021-02-25 20:00:00,457.225005
2021-02-25 21:00:00,228.35000625
2021-02-25 22:00:00,14.7
2021-02-25 23:00:00,0.0
2021-02-26 00:00:00,0.0
2021-02-26 01:00:00,0.0
2021-02-26 02:00:00,0.0
2021-02-26 03:00:00,0.0
2021-02-26 04:00:00,0.0
2021-02-26 05:00:00,0.0
2021-02-26 06:00:00,0.0
2021-02-26 07:00:00,0.0
2021-02-26 08:00:00,0.0
2021-02-26 09:00:00,0.0
2021-02-26 10:00:00,27.475001250000002
2021-02-26 11:00:00,237.97499999999997
2021-02-26 12:00:00,515.30001
2021-02-26 13:00:00,758.325
2021-02-26 14:00:00,952.325
2021-02-26 15:00:00,1079.2
2021-02-26 16:00:00,945.52501
2021-02-26 17:00:00,593.72501
2021-02-26 18:00:00,442.425005
2021-02-26 19:00:00,441.475015
2021-02-26 20:00:00,477.05
2021-02-26 21:00:00,321.725
2021-02-26 22:00:00,72.6750025
2021-02-26 23:00:00,0.0
2021-02-27 00:00:00,0.0
2021-02-27 01:00:00,0.0
2021-02-27 02:00:00,0.0
2021-02-27 03:00:00,0.0
2021-02-27 04:00:00,0.0
2021-02-27 05:00:00,0.0
2021-02-27 06:00:00,0.0
2021-02-27 07:00:00,0.0
2021-02-27 08:00:00,0.0
2021-02-27 09:00:00,0.0
2021-02-27 10:00:00,26.575
2021-02-27 11:00:00,246.45000249999998
2021-02-27 12:00:00,514.675005
2021-02-27 13:00:00,758.65
2021-02-27 14:00:00,953.37501
2021-02-27 15:00:00,992.300025
2021-02-27 16:00:00,1072.375
2021-02-27 17:00:00,1018.9250099999999
2021-02-27 18:00:00,769.75001
2021-02-27 19:00:00,754.80002
2021-02-27 20:00:00,585.425005
2021-02-27 21:00:00,323.35
2021-02-27 22:00:00,62.925002500000005
2021-02-27 23:00:00,0.0
2021-02-28 00:00:00,0.0
2021-02-28 01:00:00,0.0
2021-02-28 02:00:00,0.0
2021-02-28 03:00:00,0.0
2021-02-28 04:00:00,0.0
2021-02-28 05:00:00,0.0
2021-02-28 06:00:00,0.0
2021-02-28 07:00:00,0.0
2021-02-28 08:00:00,0.0
2021-02-28 09:00:00,0.0
2021-02-28 10:00:00,19.675
2021-02-28 11:00:00,207.2000025
2021-02-28 12:00:00,422.70001
2021-02-28 13:00:00,737.35
2021-02-28 14:00:00,927.3
2021-02-28 15:00:00,1071.47505
2021-02-28 16:00:00,1121.875025
2021-02-28 17:00:00,982.350025
2021-02-28 18:00:00,775.875
2021-02-28 19:00:00,813.47501
2021-02-28 20:00:00,557.50001
2021-02-28 21:00:00,271.325
2021-02-28 22:00:00,71.625
2021-02-28 23:00:00,0.0
2021-03-01 00:00:00,0.0
2021-03-01 01:00:00,0.0
2021-03-01 02:00:00,0.0
2021-03-01 03:00:00,0.0
2021-03-01 04:00:00,0.0
2021-03-01 05:00:00,0.0
2021-03-01 06:00:00,0.0
2021-03-01 07:00:00,0.0
2021-03-01 08:00:00,0.0
2021-03-01 09:00:00,0.0
2021-03-01 10:00:00,25.97500025
2021-03-01 11:00:00,243.525
2021-03-01 12:00:00,361.02501
2021-03-01 13:00:00,673.775005
2021-03-01 14:00:00,708.10001
2021-03-01 15:00:00,682.12501
2021-03-01 16:00:00,1065.10001
2021-03-01 17:00:00,1084.8750249999998
2021-03-01 18:00:00,979.675
2021-03-01 19:00:00,804.0999999999999
2021-03-01 20:00:00,432.250005
2021-03-01 21:00:00,51.925000250000004
2021-03-01 22:00:00,0.0
2021-03-01 23:00:00,0.0
2021-03-02 00:00:00,0.0
2021-03-02 01:00:00,0.0
2021-03-02 02:00:00,0.0
2021-03-02 03:00:00,0.0
2021-03-02 04:00:00,0.0
2021-03-02 05:00:00,0.0
2021-03-02 06:00:00,0.0
2021-03-02 07:00:00,0.0
2021-03-02 08:00:00,0.0
2021-03-02 09:00:00,0.0
2021-03-02 10:00:00,25.35
2021-03-02 11:00:00,234.6750025
2021-03-02 12:00:00,508.80001000000004
2021-03-02 13:00:00,755.15003
2021-03-02 14:00:00,949.2
2021-03-02 15:00:00,1076.45005
2021-03-02 16:00:00,1126.025025
2021-03-02 17:00:00,1096.025025
2021-03-02 18:00:00,987.375
2021-03-02 19:00:00,810.45001
2021-03-02 20:00:00,577.65
2021-03-02 21:00:00,284.475005
2021-03-02 22:00:00,62.450002500000004
2021-03-02 23:00:00,0.0
2021-03-03 00:00:00,0.0
2021-03-03 01:00:00,0.0
2021-03-03 02:00:00,0.0
2021-03-03 03:00:00,0.0
2021-03-03 04:00:00,0.0
2021-03-03 05:00:00,0.0
2021-03-03 06:00:00,0.0
2021-03-03 07:00:00,0.0
2021-03-03 08:00:00,0.0
2021-03-03 09:00:00,0.0
2021-03-03 10:00:00,26.575
2021-03-03 11:00:00,233.76666666666665
2021-03-03 12:00:00,347.475005
2021-03-03 13:00:00,717.3500200000001
2021-03-03 14:00:00,924.725
2021-03-03 15:00:00,1055.45001
2021-03-03 16:00:00,1115.325
2021-03-03 17:00:00,1084.07505
2021-03-03 18:00:00,974.875
2021-03-03 19:00:00,798.825
2021-03-03 20:00:00,568.600015
2021-03-03 21:00:00,305.6000025
2021-03-03 22:00:00,62.25000125
2021-03-03 23:00:00,0.0
2021-03-04 00:00:00,0.0
2021-03-04 01:00:00,0.0
2021-03-04 02:00:00,0.0
2021-03-04 03:00:00,0.0
2021-03-04 04:00:00,0.0
2021-03-04 05:00:00,0.0
2021-03-04 06:00:00,0.0
2021-03-04 07:00:00,0.0
2021-03-04 08:00:00,0.0
2021-03-04 09:00:00,0.0
2021-03-04 10:00:00,25.35
2021-03-04 11:00:00,240.4
2021-03-04 12:00:00,401.33333999999996
2021-03-04 13:00:00,694.45
2021-03-04 14:00:00,900.12502
2021-03-04 15:00:00,1036.2000466666666
2021-03-04 16:00:00,1096.8
2021-03-04 17:00:00,1062.150025
2021-03-04 18:00:00,483.9
2021-03-04 19:00:00,272.350005
2021-03-04 20:00:00,329.15
2021-03-04 21:00:00,110.57499999999999
2021-03-04 22:00:00,0.0
2021-03-04 23:00:00,0.0
2021-03-05 00:00:00,0.0
2021-03-05 01:00:00,0.0
2021-03-05 02:00:00,0.0
2021-03-05 03:00:00,0.0
2021-03-05 04:00:00,0.0
2021-03-05 05:00:00,0.0
2021-03-05 06:00:00,0.0
2021-03-05 07:00:00,0.0
2021-03-05 08:00:00,0.0
2021-03-05 09:00:00,0.0
2021-03-05 10:00:00,21.025
2021-03-05 11:00:00,248.79999999999998
2021-03-05 12:00:00,368.35002000000003
2021-03-05 13:00:00,690.47501
2021-03-05 14:00:00,919.1666799999999
2021-03-05 15:00:00,955.4000000000001
2021-03-05 16:00:00,1081.27505
2021-03-05 17:00:00,1086.30005
2021-03-05 18:00:00,836.1
2021-03-05 19:00:00,809.1666666666666
2021-03-05 20:00:00,411.95001
2021-03-05 21:00:00,
2021-03-05 22:00:00,86.0500025
2021-03-05 23:00:00,0.0
2021-03-06 00:00:00,0.0
2021-03-06 01:00:00,0.0
2021-03-06 02:00:00,0.0
2021-03-06 03:00:00,0.0
2021-03-06 04:00:00,0.0
2021-03-06 05:00:00,0.0
2021-03-06 06:00:00,0.0
2021-03-06 07:00:00,0.0
2021-03-06 08:00:00,0.0
2021-03-06 09:00:00,0.0
2021-03-06 10:00:00,25.950000000000003
2021-03-06 11:00:00,244.50000500000002
2021-03-06 12:00:00,506.62501
2021-03-06 13:00:00,754.2
2021-03-06 14:00:00,951.225
2021-03-06 15:00:00,1084.875025
2021-03-06 16:00:00,1134.5
2021-03-06 17:00:00,1100.675025
2021-03-06 18:00:00,988.5999999999999
2021-03-06 19:00:00,779.90002
2021-03-06 20:00:00,511.37501
2021-03-06 21:00:00,272.8
2021-03-06 22:00:00,39.15
2021-03-06 23:00:00,0.0
2021-03-07 00:00:00,0.0
2021-03-07 01:00:00,0.0
2021-03-07 02:00:00,0.0
2021-03-07 03:00:00,0.0
2021-03-07 04:00:00,0.0
2021-03-07 05:00:00,0.0
2021-03-07 06:00:00,0.0
2021-03-07 07:00:00,0.0
2021-03-07 08:00:00,0.0
2021-03-07 09:00:00,0.0
2021-03-07 10:00:00,24.70000125
2021-03-07 11:00:00,238.050005
2021-03-07 12:00:00,493.2
2021-03-07 13:00:00,736.525
2021-03-07 14:00:00,929.8
2021-03-07 15:00:00,1057.80001
2021-03-07 16:00:00,1041.100025
2021-03-07 17:00:00,791.00001
2021-03-07 18:00:00,755.25002
2021-03-07 19:00:00,741.9000100000001
2021-03-07 20:00:00,556.52502
2021-03-07 21:00:00,285.0
2021-03-07 22:00:00,49.375
2021-03-07 23:00:00,0.0
2021-03-08 00:00:00,0.0
2021-03-08 01:00:00,0.0
2021-03-08 02:00:00,0.0
2021-03-08 03:00:00,0.0
2021-03-08 04:00:00,0.0
2021-03-08 05:00:00,0.0
2021-03-08 06:00:00,0.0
2021-03-08 07:00:00,0.0
2021-03-08 08:00:00,0.0
2021-03-08 09:00:00,0.0
2021-03-08 10:00:00,21.500001500000003
2021-03-08 11:00:00,226.825005
2021-03-08 12:00:00,507.87501000000003
2021-03-08 13:00:00,757.35001
2021-03-08 14:00:00,953.05
2021-03-08 15:00:00,1081.175025
2021-03-08 16:00:00,1130.3
2021-03-08 17:00:00,1093.825
2021-03-08 18:00:00,978.375
2021-03-08 19:00:00,796.17501
2021-03-08 20:00:00,562.925
2021-03-08 21:00:00,300.375005
2021-03-08 22:00:00,46.2750025
2021-03-08 23:00:00,0.0
2021-03-09 00:00:00,0.0
2021-03-09 01:00:00,0.0
2021-03-09 02:00:00,0.0
2021-03-09 03:00:00,0.0
2021-03-09 04:00:00,0.0
2021-03-09 05:00:00,0.0
2021-03-09 06:00:00,0.0
2021-03-09 07:00:00,0.0
2021-03-09 08:00:00,0.0
2021-03-09 09:00:00,0.0
2021-03-09 10:00:00,23.900000249999998
2021-03-09 11:00:00,238.60000250000002
2021-03-09 12:00:00,510.175
2021-03-09 13:00:00,753.75003
2021-03-09 14:00:00,946.1500100000001
2021-03-09 15:00:00,1071.200025
2021-03-09 16:00:00,1118.925
2021-03-09 17:00:00,1085.875
2021-03-09 18:00:00,854.2249999999999
2021-03-09 19:00:00,695.60001
2021-03-09 20:00:00,208.5250025
2021-03-09 21:00:00,8.175
2021-03-09 22:00:00,0.0
2021-03-09 23:00:00,0.0
2021-03-10 00:00:00,0.0
2021-03-10 01:00:00,0.0
2021-03-10 02:00:00,0.0
2021-03-10 03:00:00,0.0
2021-03-10 04:00:00,0.0
2021-03-10 05:00:00,0.0
2021-03-10 06:00:00,0.0
2021-03-10 07:00:00,0.0
2021-03-10 08:00:00,0.0
2021-03-10 09:00:00,0.0
2021-03-10 10:00:00,22.625
2021-03-10 11:00:00,231.0500075
2021-03-10 12:00:00,490.500005
2021-03-10 13:00:00,731.10001
2021-03-10 14:00:00,922.45
2021-03-10 15:00:00,1047.02501
2021-03-10 16:00:00,478.85
2021-03-10 17:00:00,230.625
2021-03-10 18:00:00,369.850005
2021-03-10 19:00:00,344.62501
2021-03-10 20:00:00,445.875005
2021-03-10 21:00:00,262.625
2021-03-10 22:00:00,37.550000499999996
2021-03-10 23:00:00,0.0
2021-03-11 00:00:00,0.0
2021-03-11 01:00:00,0.0
2021-03-11 02:00:00,0.0
2021-03-11 03:00:00,0.0
2021-03-11 04:00:00,0.0
2021-03-11 05:00:00,0.0
2021-03-11 06:00:00,0.0
2021-03-11 07:00:00,0.0
2021-03-11 08:00:00,0.0
2021-03-11 09:00:00,0.0
2021-03-11 10:00:00,21.924999999999997
2021-03-11 11:00:00,231.175005
2021-03-11 12:00:00,492.625005
2021-03-11 13:00:00,737.4
2021-03-11 14:00:00,931.15
2021-03-11 15:00:00,1056.05
2021-03-11 16:00:00,1033.4
2021-03-11 17:00:00,767.975
2021-03-11 18:00:00,954.725
2021-03-11 19:00:00,773.87501
2021-03-11 20:00:00,539.5
2021-03-11 21:00:00,152.000005
2021-03-11 22:00:00,0.0
2021-03-11 23:00:00,0.0
2021-03-12 00:00:00,0.0
2021-03-12 01:00:00,0.0
2021-03-12 02:00:00,0.0
2021-03-12 03:00:00,0.0
2021-03-12 04:00:00,0.0
2021-03-12 05:00:00,0.0
2021-03-12 06:00:00,0.0
2021-03-12 07:00:00,0.0
2021-03-12 08:00:00,0.0
2021-03-12 09:00:00,0.0
2021-03-12 10:00:00,20.700000250000002
2021-03-12 11:00:00,225.4
2021-03-12 12:00:00,493.95000500000003
2021-03-12 13:00:00,705.87501
2021-03-12 14:00:00,925.42503
2021-03-12 15:00:00,983.125
2021-03-12 16:00:00,878.35001
2021-03-12 17:00:00,593.6500100000001
2021-03-12 18:00:00,485.575
2021-03-12 19:00:00,358.37501
2021-03-12 20:00:00,481.87501
2021-03-12 21:00:00,210.5
2021-03-12 22:00:00,41.825
2021-03-12 23:00:00,0.0
2021-03-13 00:00:00,0.0
2021-03-13 01:00:00,0.0
2021-03-13 02:00:00,0.0
2021-03-13 03:00:00,0.0
2021-03-13 04:00:00,0.0
2021-03-13 05:00:00,0.0
2021-03-13 06:00:00,0.0
2021-03-13 07:00:00,0.0
2021-03-13 08:00:00,0.0
2021-03-13 09:00:00,0.0
2021-03-13 10:00:00,20.75000025
2021-03-13 11:00:00,171.07500125
2021-03-13 12:00:00,352.025
2021-03-13 13:00:00,579.87501
2021-03-13 14:00:00,847.45002
2021-03-13 15:00:00,1004.250025
2021-03-13 16:00:00,1028.925
2021-03-13 17:00:00,1039.700025
2021-03-13 18:00:00,856.7
2021-03-13 19:00:00,631.65
2021-03-13 20:00:00,297.925005
2021-03-13 21:00:00,103.32500125
2021-03-13 22:00:00,0.0
2021-03-13 23:00:00,0.0
2021-03-14 00:00:00,0.0
2021-03-14 01:00:00,0.0
2021-03-14 02:00:00,0.0
2021-03-14 03:00:00,0.0
2021-03-14 04:00:00,0.0
2021-03-14 05:00:00,0.0
2021-03-14 06:00:00,0.0
2021-03-14 07:00:00,0.0
2021-03-14 08:00:00,0.0
2021-03-14 09:00:00,0.0
2021-03-14 10:00:00,17.95
2021-03-14 11:00:00,163.35
2021-03-14 12:00:00,371.350005
2021-03-14 13:00:00,426.07500500000003
2021-03-14 14:00:00,477.750005
2021-03-14 15:00:00,529.5
2021-03-14 16:00:00,859.70002
2021-03-14 17:00:00,1047.95
2021-03-14 18:00:00,892.1500100000001
2021-03-14 19:00:00,368.950005
2021-03-14 20:00:00,292.20001
2021-03-14 21:00:00,252.875
2021-03-14 22:00:00,0.0
2021-03-14 23:00:00,0.0
2021-03-15 00:00:00,0.0
2021-03-15 01:00:00,0.0
2021-03-15 02:00:00,0.0
2021-03-15 03:00:00,0.0
2021-03-15 04:00:00,0.0
2021-03-15 05:00:00,0.0
2021-03-15 06:00:00,0.0
2021-03-15 07:00:00,0.0
2021-03-15 08:00:00,0.0
2021-03-15 09:00:00,0.0
2021-03-15 10:00:00,16.500000500000002
2021-03-15 11:00:00,213.1250025
2021-03-15 12:00:00,453.625
2021-03-15 13:00:00,666.35001
2021-03-15 14:00:00,908.475
2021-03-15 15:00:00,1033.125025
2021-03-15 16:00:00,1078.95
2021-03-15 17:00:00,1043.075
2021-03-15 18:00:00,932.35001
2021-03-15 19:00:00,753.8
2021-03-15 20:00:00,522.67501
2021-03-15 21:00:00,259.675005
2021-03-15 22:00:00,35.300000499999996
2021-03-15 23:00:00,0.0
2021-03-16 00:00:00,0.0
2021-03-16 01:00:00,0.0
2021-03-16 02:00:00,0.0
2021-03-16 03:00:00,0.0
2021-03-16 04:00:00,0.0
2021-03-16 05:00:00,0.0
2021-03-16 06:00:00,0.0
2021-03-16 07:00:00,0.0
2021-03-16 08:00:00,0.0
2021-03-16 09:00:00,0.0
2021-03-16 10:00:00,16.099999999999998
2021-03-16 11:00:00,212.075005
2021-03-16 12:00:00,483.2
2021-03-16 13:00:00,726.52501
2021-03-16 14:00:00,919.00001
2021-03-16 15:00:00,1040.77505
2021-03-16 16:00:00,1082.350025
2021-03-16 17:00:00,954.67502
2021-03-16 18:00:00,931.92502
2021-03-16 19:00:00,747.70001
2021-03-16 20:00:00,510.125015
2021-03-16 21:00:00,234.2750025
2021-03-16 22:00:00,27.900000249999998
2021-03-16 23:00:00,0.0
2021-03-17 00:00:00,0.0
2021-03-17 01:00:00,0.0
2021-03-17 02:00:00,0.0
2021-03-17 03:00:00,0.0
2021-03-17 04:00:00,0.0
2021-03-17 05:00:00,0.0
2021-03-17 06:00:00,0.0
2021-03-17 07:00:00,0.0
2021-03-17 08:00:00,0.0
2021-03-17 09:00:00,0.0
2021-03-17 10:00:00,14.150000075
2021-03-17 11:00:00,175.40000125
2021-03-17 12:00:00,471.800005
2021-03-17 13:00:00,711.50001
2021-03-17 14:00:00,900.87502
2021-03-17 15:00:00,1027.375025
2021-03-17 16:00:00,1074.400075
2021-03-17 17:00:00,1039.75
2021-03-17 18:00:00,926.85001
2021-03-17 19:00:00,745.575
2021-03-17 20:00:00,511.45
2021-03-17 21:00:00,246.325
2021-03-17 22:00:00,12.2750005
2021-03-17 23:00:00,0.0
2021-03-18 00:00:00,0.0
2021-03-18 01:00:00,0.0
2021-03-18 02:00:00,0.0
2021-03-18 03:00:00,0.0
2021-03-18 04:00:00,0.0
2021-03-18 05:00:00,0.0
2021-03-18 06:00:00,0.0
2021-03-18 07:00:00,0.0
2021-03-18 08:00:00,0.0
2021-03-18 09:00:00,0.0
2021-03-18 10:00:00,11.45
2021-03-18 11:00:00,177.05000375
2021-03-18 12:00:00,474.0
2021-03-18 13:00:00,715.175
2021-03-18 14:00:00,842.9
2021-03-18 15:00:00,1005.675
2021-03-18 16:00:00,964.625
2021-03-18 17:00:00,1038.52505
2021-03-18 18:00:00,851.375
2021-03-18 19:00:00,542.70001
2021-03-18 20:00:00,302.25
2021-03-18 21:00:00,90.175
2021-03-18 22:00:00,0.0
2021-03-18 23:00:00,0.0
2021-03-19 00:00:00,0.0
2021-03-19 01:00:00,0.0
2021-03-19 02:00:00,0.0
2021-03-19 03:00:00,0.0
2021-03-19 04:00:00,0.0
2021-03-19 05:00:00,0.0
2021-03-19 06:00:00,0.0
2021-03-19 07:00:00,0.0
2021-03-19 08:00:00,0.0
2021-03-19 09:00:00,0.0
2021-03-19 10:00:00,12.45
2021-03-19 11:00:00,144.7750025
2021-03-19 12:00:00,355.25
2021-03-19 13:00:00,624.02501
2021-03-19 14:00:00,890.95001
2021-03-19 15:00:00,1020.0250000000001
2021-03-19 16:00:00,1064.65
2021-03-19 17:00:00,1029.100025
2021-03-19 18:00:00,912.10001
2021-03-19 19:00:00,732.4000100000001
2021-03-19 20:00:00,500.875005
2021-03-19 21:00:00,231.225
2021-03-19 22:00:00,0.0
2021-03-19 23:00:00,0.0
2021-03-20 00:00:00,0.0
2021-03-20 01:00:00,0.0
2021-03-20 02:00:00,0.0
2021-03-20 03:00:00,0.0
2021-03-20 04:00:00,0.0
2021-03-20 05:00:00,0.0
2021-03-20 06:00:00,0.0
2021-03-20 07:00:00,0.0
2021-03-20 08:00:00,0.0
2021-03-20 09:00:00,0.0
2021-03-20 10:00:00,14.3500005
2021-03-20 11:00:00,198.9
2021-03-20 12:00:00,456.125005
2021-03-20 13:00:00,559.975
2021-03-20 14:00:00,666.85002
2021-03-20 15:00:00,776.70001
2021-03-20 16:00:00,1014.7
2021-03-20 17:00:00,1014.275
2021-03-20 18:00:00,870.925
2021-03-20 19:00:00,722.375
2021-03-20 20:00:00,447.15001
2021-03-20 21:00:00,45.2000005
2021-03-20 22:00:00,0.525000025
2021-03-20 23:00:00,0.0
2021-03-21 00:00:00,0.0
2021-03-21 01:00:00,0.0
2021-03-21 02:00:00,0.0
2021-03-21 03:00:00,0.0
2021-03-21 04:00:00,0.0
2021-03-21 05:00:00,0.0
2021-03-21 06:00:00,0.0
2021-03-21 07:00:00,0.0
2021-03-21 08:00:00,0.0
2021-03-21 09:00:00,0.0
2021-03-21 10:00:00,10.625
2021-03-21 11:00:00,147.4
2021-03-21 12:00:00,410.15001
2021-03-21 13:00:00,589.70001
2021-03-21 14:00:00,817.85
2021-03-21 15:00:00,947.85
2021-03-21 16:00:00,1040.725
2021-03-21 17:00:00,1004.725
2021-03-21 18:00:00,881.1750099999999
2021-03-21 19:00:00,684.9
2021-03-21 20:00:00,488.05
2021-03-21 21:00:00,149.0
2021-03-21 22:00:00,0.0
2021-03-21 23:00:00,0.0
2021-03-22 00:00:00,0.0
2021-03-22 01:00:00,0.0
2021-03-22 02:00:00,0.0
2021-03-22 03:00:00,0.0
2021-03-22 04:00:00,0.0
2021-03-22 05:00:00,0.0
2021-03-22 06:00:00,0.0
2021-03-22 07:00:00,0.0
2021-03-22 08:00:00,0.0
2021-03-22 09:00:00,0.0
2021-03-22 10:00:00,1.575
2021-03-22 11:00:00,151.025
2021-03-22 12:00:00,397.6
2021-03-22 13:00:00,559.8
2021-03-22 14:00:00,829.25
2021-03-22 15:00:00,969.50003
2021-03-22 16:00:00,1013.0250100000001
2021-03-22 17:00:00,976.95001
2021-03-22 18:00:00,869.32502
2021-03-22 19:00:00,487.17501
2021-03-22 20:00:00,164.025
2021-03-22 21:00:00,36.22500125
2021-03-22 22:00:00,1.15
2021-03-22 23:00:00,0.0
2021-03-23 00:00:00,0.0
2021-03-23 01:00:00,0.0
2021-03-23 02:00:00,0.0
2021-03-23 03:00:00,0.0
2021-03-23 04:00:00,0.0
2021-03-23 05:00:00,0.0
2021-03-23 06:00:00,0.0
2021-03-23 07:00:00,0.0
2021-03-23 08:00:00,0.0
2021-03-23 09:00:00,0.0
2021-03-23 10:00:00,12.5250005
2021-03-23 11:00:00,173.72500250000002
2021-03-23 12:00:00,438.25
2021-03-23 13:00:00,689.95001
2021-03-23 14:00:00,876.3
2021-03-23 15:00:00,994.25001
2021-03-23 16:00:00,1035.8750249999998
2021-03-23 17:00:00,999.10001
2021-03-23 18:00:00,888.8
2021-03-23 19:00:00,473.42501000000004
2021-03-23 20:00:00,161.75
2021-03-23 21:00:00,19.849999999999998
2021-03-23 22:00:00,0.0
2021-03-23 23:00:00,0.0
2021-03-24 00:00:00,0.0
2021-03-24 01:00:00,0.0
2021-03-24 02:00:00,0.0
2021-03-24 03:00:00,0.0
2021-03-24 04:00:00,0.0
2021-03-24 05:00:00,0.0
2021-03-24 06:00:00,0.0
2021-03-24 07:00:00,0.0
2021-03-24 08:00:00,0.0
2021-03-24 09:00:00,0.0
2021-03-24 10:00:00,17.633334
2021-03-24 11:00:00,197.6500025
2021-03-24 12:00:00,453.850015
2021-03-24 13:00:00,687.92501
2021-03-24 14:00:00,872.42502
2021-03-24 15:00:00,993.5
2021-03-24 16:00:00,1036.55
2021-03-24 17:00:00,999.800045
2021-03-24 18:00:00,885.0500099999999
2021-03-24 19:00:00,678.4749999999999
2021-03-24 20:00:00,472.67501000000004
2021-03-24 21:00:00,215.3250025
2021-03-24 22:00:00,19.475
2021-03-24 23:00:00,0.0
2021-03-25 00:00:00,0.0
2021-03-25 01:00:00,0.0
2021-03-25 02:00:00,0.0
2021-03-25 03:00:00,0.0
2021-03-25 04:00:00,0.0
2021-03-25 05:00:00,0.0
2021-03-25 06:00:00,0.0
2021-03-25 07:00:00,0.0
2021-03-25 08:00:00,0.0
2021-03-25 09:00:00,0.0
2021-03-25 10:00:00,12.424999999999999
2021-03-25 11:00:00,194.72500875
2021-03-25 12:00:00,434.525
2021-03-25 13:00:00,669.45002
2021-03-25 14:00:00,855.35001
2021-03-25 15:00:00,984.5500099999999
2021-03-25 16:00:00,1026.35
2021-03-25 17:00:00,988.6
2021-03-25 18:00:00,874.62501
2021-03-25 19:00:00,693.85
2021-03-25 20:00:00,461.9
2021-03-25 21:00:00,204.7750025
2021-03-25 22:00:00,16.8000005
2021-03-25 23:00:00,0.0
2021-03-26 00:00:00,0.0
2021-03-26 01:00:00,0.0
2021-03-26 02:00:00,0.0
2021-03-26 03:00:00,0.0
2021-03-26 04:00:00,0.0
2021-03-26 05:00:00,0.0
2021-03-26 06:00:00,0.0
2021-03-26 07:00:00,0.0
2021-03-26 08:00:00,0.0
2021-03-26 09:00:00,0.0
2021-03-26 10:00:00,11.575000025000001
2021-03-26 11:00:00,186.925005
2021-03-26 12:00:00,423.27501
2021-03-26 13:00:00,683.87501
2021-03-26 14:00:00,867.75
2021-03-26 15:00:00,985.12501
2021-03-26 16:00:00,1027.50001
2021-03-26 17:00:00,992.25
2021-03-26 18:00:00,866.85001
2021-03-26 19:00:00,577.87501
2021-03-26 20:00:00,463.075015
2021-03-26 21:00:00,185.67500049999998
2021-03-26 22:00:00,0.0
2021-03-26 23:00:00,0.0
2021-03-27 00:00:00,0.0
2021-03-27 01:00:00,0.0
2021-03-27 02:00:00,0.0
2021-03-27 03:00:00,0.0
2021-03-27 04:00:00,0.0
2021-03-27 05:00:00,0.0
2021-03-27 06:00:00,0.0
2021-03-27 07:00:00,0.0
2021-03-27 08:00:00,0.0
2021-03-27 09:00:00,0.0
2021-03-27 10:00:00,11.1
2021-03-27 11:00:00,155.475
2021-03-27 12:00:00,410.475005
2021-03-27 13:00:00,621.0
2021-03-27 14:00:00,839.92501
2021-03-27 15:00:00,980.5500099999999
2021-03-27 16:00:00,1021.025
2021-03-27 17:00:00,984.32501
2021-03-27 18:00:00,875.05
2021-03-27 19:00:00,693.75002
2021-03-27 20:00:00,461.97501
2021-03-27 21:00:00,199.14999999999998
2021-03-27 22:00:00,14.625
2021-03-27 23:00:00,0.0
2021-03-28 00:00:00,0.0
2021-03-28 01:00:00,0.0
2021-03-28 02:00:00,0.0
2021-03-28 03:00:00,0.0
2021-03-28 04:00:00,0.0
2021-03-28 05:00:00,0.0
2021-03-28 06:00:00,0.0
2021-03-28 07:00:00,0.0
2021-03-28 08:00:00,0.0
2021-03-28 09:00:00,0.0
2021-03-28 10:00:00,10.825
2021-03-28 11:00:00,164.5750025
2021-03-28 12:00:00,453.15
2021-03-28 13:00:00,689.00001
2021-03-28 14:00:00,883.70001
2021-03-28 15:00:00,1001.75001
2021-03-28 16:00:00,1040.20005
2021-03-28 17:00:00,996.82501
2021-03-28 18:00:00,878.07501
2021-03-28 19:00:00,695.6500100000001
2021-03-28 20:00:00,463.100005
2021-03-28 21:00:00,198.125
2021-03-28 22:00:00,0.0
2021-03-28 23:00:00,0.0
2021-03-29 00:00:00,0.0
2021-03-29 01:00:00,0.0
2021-03-29 02:00:00,0.0
2021-03-29 03:00:00,0.0
2021-03-29 04:00:00,0.0
2021-03-29 05:00:00,0.0
2021-03-29 06:00:00,0.0
2021-03-29 07:00:00,0.0
2021-03-29 08:00:00,0.0
2021-03-29 09:00:00,0.0
2021-03-29 10:00:00,10.15
2021-03-29 11:00:00,182.7750025
2021-03-29 12:00:00,438.75001
2021-03-29 13:00:00,676.22501
2021-03-29 14:00:00,863.35
2021-03-29 15:00:00,990.25
2021-03-29 16:00:00,1030.525025
2021-03-29 17:00:00,988.925
2021-03-29 18:00:00,866.82501
2021-03-29 19:00:00,681.9750200000001
2021-03-29 20:00:00,440.225005
2021-03-29 21:00:00,184.02500750000002
2021-03-29 22:00:00,11.225
2021-03-29 23:00:00,0.0
2021-03-30 00:00:00,0.0
2021-03-30 01:00:00,0.0
2021-03-30 02:00:00,0.0
2021-03-30 03:00:00,0.0
2021-03-30 04:00:00,0.0
2021-03-30 05:00:00,0.0
2021-03-30 06:00:00,0.0
2021-03-30 07:00:00,0.0
2021-03-30 08:00:00,0.0
2021-03-30 09:00:00,0.0
2021-03-30 10:00:00,9.625
2021-03-30 11:00:00,177.47500250000002
2021-03-30 12:00:00,435.800005
2021-03-30 13:00:00,684.07501
2021-03-30 14:00:00,869.35001
2021-03-30 15:00:00,988.77503
2021-03-30 16:00:00,1029.375
2021-03-30 17:00:00,988.9250099999999
2021-03-30 18:00:00,872.30002
2021-03-30 19:00:00,687.80002
2021-03-30 20:00:00,453.000005
2021-03-30 21:00:00,194.325005
2021-03-30 22:00:00,10.925
2021-03-30 23:00:00,0.0
2021-03-31 00:00:00,0.0
2021-03-31 01:00:00,0.0
2021-03-31 02:00:00,0.0
2021-03-31 03:00:00,0.0
2021-03-31 04:00:00,0.0
2021-03-31 05:00:00,0.0
2021-03-31 06:00:00,0.0
2021-03-31 07:00:00,0.0
2021-03-31 08:00:00,0.0
2021-03-31 09:00:00,0.0
2021-03-31 10:00:00,9.2
2021-03-31 11:00:00,179.825
2021-03-31 12:00:00,441.82501
2021-03-31 13:00:00,686.75001
2021-03-31 14:00:00,829.5
2021-03-31 15:00:00,980.075
2021-03-31 16:00:00,1002.625025
2021-03-31 17:00:00,782.1500100000001
2021-03-31 18:00:00,622.55001
2021-03-31 19:00:00,560.075
2021-03-31 20:00:00,287.4250075
2021-03-31 21:00:00,122.62500275000001
2021-03-31 22:00:00,0.0
2021-03-31 23:00:00,0.0
2021-04-01 00:00:00,0.0
2021-04-01 01:00:00,0.0
2021-04-01 02:00:00,0.0
2021-04-01 03:00:00,0.0
2021-04-01 04:00:00,0.0
2021-04-01 05:00:00,0.0
2021-04-01 06:00:00,0.0
2021-04-01 07:00:00,0.0
2021-04-01 08:00:00,0.0
2021-04-01 09:00:00,0.0
2021-04-01 10:00:00,10.15
2021-04-01 11:00:00,175.6750025
2021-04-01 12:00:00,400.75
2021-04-01 13:00:00,576.32501
2021-04-01 14:00:00,808.725
2021-04-01 15:00:00,893.50001
2021-04-01 16:00:00,911.82501
2021-04-01 17:00:00,808.4
2021-04-01 18:00:00,779.9000000000001
2021-04-01 19:00:00,669.67502
2021-04-01 20:00:00,392.400015
2021-04-01 21:00:00,106.8250025
2021-04-01 22:00:00,0.0
2021-04-01 23:00:00,0.0
2021-04-02 00:00:00,0.0
2021-04-02 01:00:00,0.0
2021-04-02 02:00:00,0.0
2021-04-02 03:00:00,0.0
2021-04-02 04:00:00,0.0
2021-04-02 05:00:00,0.0
2021-04-02 06:00:00,0.0
2021-04-02 07:00:00,0.0
2021-04-02 08:00:00,0.0
2021-04-02 09:00:00,0.0
2021-04-02 10:00:00,8.575
2021-04-02 11:00:00,154.7
2021-04-02 12:00:00,411.800005
2021-04-02 13:00:00,679.67501
2021-04-02 14:00:00,865.225
2021-04-02 15:00:00,983.225
2021-04-02 16:00:00,1022.20001
2021-04-02 17:00:00,980.5250100000001
2021-04-02 18:00:00,862.95
2021-04-02 19:00:00,679.85001
2021-04-02 20:00:00,445.175005
2021-04-02 21:00:00,186.32500249999998
2021-04-02 22:00:00,9.075
2021-04-02 23:00:00,0.0
2021-04-03 00:00:00,0.0
2021-04-03 01:00:00,0.0
2021-04-03 02:00:00,0.0
2021-04-03 03:00:00,0.0
2021-04-03 04:00:00,0.0
2021-04-03 05:00:00,0.0
2021-04-03 06:00:00,0.0
2021-04-03 07:00:00,0.0
2021-04-03 08:00:00,0.0
2021-04-03 09:00:00,0.0
2021-04-03 10:00:00,9.675
2021-04-03 11:00:00,164.87500125
2021-04-03 12:00:00,430.87501000000003
2021-04-03 13:00:00,668.075
2021-04-03 14:00:00,840.10001
2021-04-03 15:00:00,966.57501
2021-04-03 16:00:00,967.675
2021-04-03 17:00:00,721.125
2021-04-03 18:00:00,688.32501
2021-04-03 19:00:00,519.000005
2021-04-03 20:00:00,254.02500500000002
2021-04-03 21:00:00,46.275
2021-04-03 22:00:00,0.0
2021-04-03 23:00:00,0.0
2021-04-04 00:00:00,0.0
2021-04-04 01:00:00,0.0
2021-04-04 02:00:00,0.0
2021-04-04 03:00:00,0.0
2021-04-04 04:00:00,0.0
2021-04-04 05:00:00,0.0
2021-04-04 06:00:00,0.0
2021-04-04 07:00:00,0.0
2021-04-04 08:00:00,0.0
2021-04-04 09:00:00,0.0
2021-04-04 10:00:00,8.1
2021-04-04 11:00:00,149.625
2021-04-04 12:00:00,369.15001
2021-04-04 13:00:00,588.3500200000001
2021-04-04 14:00:00,669.32502
2021-04-04 15:00:00,606.5250100000001
2021-04-04 16:00:00,597.075
2021-04-04 17:00:00,576.22502
2021-04-04 18:00:00,605.35
2021-04-04 19:00:00,399.85
2021-04-04 20:00:00,157.8000025
2021-04-04 21:00:00,37.925
2021-04-04 22:00:00,0.0
2021-04-04 23:00:00,0.0
2021-04-05 00:00:00,0.0
2021-04-05 01:00:00,0.0
2021-04-05 02:00:00,0.0
2021-04-05 03:00:00,0.0
2021-04-05 04:00:00,0.0
2021-04-05 05:00:00,0.0
2021-04-05 06:00:00,0.0
2021-04-05 07:00:00,0.0
2021-04-05 08:00:00,0.0
2021-04-05 09:00:00,0.0
2021-04-05 10:00:00,9.3
2021-04-05 11:00:00,181.6250075
2021-04-05 12:00:00,406.625005
2021-04-05 13:00:00,618.7
2021-04-05 14:00:00,704.375
2021-04-05 15:00:00,605.57501
2021-04-05 16:00:00,605.95
2021-04-05 17:00:00,624.87501
2021-04-05 18:00:00,699.5250100000001
2021-04-05 19:00:00,424.475005
2021-04-05 20:00:00,263.550005
2021-04-05 21:00:00,95.0000005
2021-04-05 22:00:00,0.0
2021-04-05 23:00:00,0.0
2021-04-06 00:00:00,0.0
2021-04-06 01:00:00,0.0
2021-04-06 02:00:00,0.0
2021-04-06 03:00:00,0.0
2021-04-06 04:00:00,0.0
2021-04-06 05:00:00,0.0
2021-04-06 06:00:00,0.0
2021-04-06 07:00:00,0.0
2021-04-06 08:00:00,0.0
2021-04-06 09:00:00,0.0
2021-04-06 10:00:00,8.375
2021-04-06 11:00:00,178.7250025
2021-04-06 12:00:00,423.15
2021-04-06 13:00:00,654.2
2021-04-06 14:00:00,834.17502
2021-04-06 15:00:00,948.9000100000001
2021-04-06 16:00:00,985.375
2021-04-06 17:00:00,520.725
2021-04-06 18:00:00,650.55002
2021-04-06 19:00:00,643.60001
2021-04-06 20:00:00,411.800005
2021-04-06 21:00:00,164.77499999999998
2021-04-06 22:00:00,5.875
2021-04-06 23:00:00,0.0
2021-04-07 00:00:00,0.0
2021-04-07 01:00:00,0.0
2021-04-07 02:00:00,0.0
2021-04-07 03:00:00,0.0
2021-04-07 04:00:00,0.0
2021-04-07 05:00:00,0.0
2021-04-07 06:00:00,0.0
2021-04-07 07:00:00,0.0
2021-04-07 08:00:00,0.0
2021-04-07 09:00:00,0.0
2021-04-07 10:00:00,8.3
2021-04-07 11:00:00,178.65
2021-04-07 12:00:00,432.650005
2021-04-07 13:00:00,664.725
2021-04-07 14:00:00,846.20001
2021-04-07 15:00:00,961.975
2021-04-07 16:00:00,998.35001
2021-04-07 17:00:00,957.0
2021-04-07 18:00:00,839.7
2021-04-07 19:00:00,655.9
2021-04-07 20:00:00,421.32501
2021-04-07 21:00:00,166.925005
2021-04-07 22:00:00,0.0
2021-04-07 23:00:00,0.0
2021-04-08 00:00:00,0.0
2021-04-08 01:00:00,0.0
2021-04-08 02:00:00,0.0
2021-04-08 03:00:00,0.0
2021-04-08 04:00:00,0.0
2021-04-08 05:00:00,0.0
2021-04-08 06:00:00,0.0
2021-04-08 07:00:00,0.0
2021-04-08 08:00:00,0.0
2021-04-08 09:00:00,0.0
2021-04-08 10:00:00,7.57500025
2021-04-08 11:00:00,179.32500249999998
2021-04-08 12:00:00,439.650005
2021-04-08 13:00:00,670.575
2021-04-08 14:00:00,851.20001
2021-04-08 15:00:00,966.25003
2021-04-08 16:00:00,1003.00001
2021-04-08 17:00:00,960.35
2021-04-08 18:00:00,843.75001
2021-04-08 19:00:00,557.20001
2021-04-08 20:00:00,381.000015
2021-04-08 21:00:00,65.95000125
2021-04-08 22:00:00,0.0
2021-04-08 23:00:00,0.0
2021-04-09 00:00:00,0.0
2021-04-09 01:00:00,0.0
2021-04-09 02:00:00,0.0
2021-04-09 03:00:00,0.0
2021-04-09 04:00:00,0.0
2021-04-09 05:00:00,0.0
2021-04-09 06:00:00,0.0
2021-04-09 07:00:00,0.0
2021-04-09 08:00:00,0.0
2021-04-09 09:00:00,0.0
2021-04-09 10:00:00,8.225
2021-04-09 11:00:00,178.175
2021-04-09 12:00:00,423.75001
2021-04-09 13:00:00,654.27502
2021-04-09 14:00:00,834.9749999999999
2021-04-09 15:00:00,949.67501
2021-04-09 16:00:00,986.0
2021-04-09 17:00:00,943.4
2021-04-09 18:00:00,827.3
2021-04-09 19:00:00,643.5250100000001
2021-04-09 20:00:00,409.275
2021-04-09 21:00:00,155.6250025
2021-04-09 22:00:00,4.07500025
2021-04-09 23:00:00,0.0
2021-04-10 00:00:00,0.0
2021-04-10 01:00:00,0.0
2021-04-10 02:00:00,0.0
2021-04-10 03:00:00,0.0
2021-04-10 04:00:00,0.0
2021-04-10 05:00:00,0.0
2021-04-10 06:00:00,0.0
2021-04-10 07:00:00,0.0
2021-04-10 08:00:00,0.0
2021-04-10 09:00:00,0.0
2021-04-10 10:00:00,7.70000025
2021-04-10 11:00:00,175.950005
2021-04-10 12:00:00,418.82500500000003
2021-04-10 13:00:00,648.775
2021-04-10 14:00:00,828.0
2021-04-10 15:00:00,911.15001
2021-04-10 16:00:00,952.2249999999999
2021-04-10 17:00:00,933.95
2021-04-10 18:00:00,764.37501
2021-04-10 19:00:00,633.575
2021-04-10 20:00:00,337.75
2021-04-10 21:00:00,134.50000175
2021-04-10 22:00:00,0.0
2021-04-10 23:00:00,0.0
2021-04-11 00:00:00,0.0
2021-04-11 01:00:00,0.0
2021-04-11 02:00:00,0.0
2021-04-11 03:00:00,0.0
2021-04-11 04:00:00,0.0
2021-04-11 05:00:00,0.0
2021-04-11 06:00:00,0.0
2021-04-11 07:00:00,0.0
2021-04-11 08:00:00,0.0
2021-04-11 09:00:00,0.0
2021-04-11 10:00:00,6.6
2021-04-11 11:00:00,164.250005
2021-04-11 12:00:00,412.20000500000003
2021-04-11 13:00:00,637.775
2021-04-11 14:00:00,812.725
2021-04-11 15:00:00,923.50001
2021-04-11 16:00:00,957.875
2021-04-11 17:00:00,915.4750200000001
2021-04-11 18:00:00,799.10001
2021-04-11 19:00:00,618.0
2021-04-11 20:00:00,389.25
2021-04-11 21:00:00,142.7500025
2021-04-11 22:00:00,0.0
2021-04-11 23:00:00,0.0
2021-04-12 00:00:00,0.0
2021-04-12 01:00:00,0.0
2021-04-12 02:00:00,0.0
2021-04-12 03:00:00,0.0
2021-04-12 04:00:00,0.0
2021-04-12 05:00:00,0.0
2021-04-12 06:00:00,0.0
2021-04-12 07:00:00,0.0
2021-04-12 08:00:00,0.0
2021-04-12 09:00:00,0.0
2021-04-12 10:00:00,6.725
2021-04-12 11:00:00,148.77500125
2021-04-12 12:00:00,383.925
2021-04-12 13:00:00,524.600015
2021-04-12 14:00:00,774.275
2021-04-12 15:00:00,902.9000100000001
2021-04-12 16:00:00,937.45001
2021-04-12 17:00:00,894.5250000000001
2021-04-12 18:00:00,779.30001
2021-04-12 19:00:00,597.90002
2021-04-12 20:00:00,325.550005
2021-04-12 21:00:00,26.825
2021-04-12 22:00:00,0.0
2021-04-12 23:00:00,0.0
2021-04-13 00:00:00,0.0
2021-04-13 01:00:00,0.0
2021-04-13 02:00:00,0.0
2021-04-13 03:00:00,0.0
2021-04-13 04:00:00,0.0
2021-04-13 05:00:00,0.0
2021-04-13 06:00:00,0.0
2021-04-13 07:00:00,0.0
2021-04-13 08:00:00,0.0
2021-04-13 09:00:00,0.0
2021-04-13 10:00:00,5.57500025
2021-04-13 11:00:00,153.05000125
2021-04-13 12:00:00,398.875
2021-04-13 13:00:00,621.20001
2021-04-13 14:00:00,794.85
2021-04-13 15:00:00,907.32501
2021-04-13 16:00:00,940.90001
2021-04-13 17:00:00,856.85002
2021-04-13 18:00:00,458.82501
2021-04-13 19:00:00,210.7500025
2021-04-13 20:00:00,83.12500375
2021-04-13 21:00:00,4.57500025
2021-04-13 22:00:00,0.0
2021-04-13 23:00:00,0.0
2021-04-14 00:00:00,0.0
2021-04-14 01:00:00,0.0
2021-04-14 02:00:00,0.0
2021-04-14 03:00:00,0.0
2021-04-14 04:00:00,0.0
2021-04-14 05:00:00,0.0
2021-04-14 06:00:00,0.0
2021-04-14 07:00:00,0.0
2021-04-14 08:00:00,0.0
2021-04-14 09:00:00,0.0
2021-04-14 10:00:00,6.175
2021-04-14 11:00:00,163.6500025
2021-04-14 12:00:00,417.8
2021-04-14 13:00:00,644.2
2021-04-14 14:00:00,820.625
2021-04-14 15:00:00,931.725
2021-04-14 16:00:00,965.65
2021-04-14 17:00:00,920.37501
2021-04-14 18:00:00,799.85001
2021-04-14 19:00:00,616.6
2021-04-14 20:00:00,386.150005
2021-04-14 21:00:00,132.425004
2021-04-14 22:00:00,0.0
2021-04-14 23:00:00,0.0
2021-04-15 00:00:00,0.0
2021-04-15 01:00:00,0.0
2021-04-15 02:00:00,0.0
2021-04-15 03:00:00,0.0
2021-04-15 04:00:00,0.0
2021-04-15 05:00:00,0.0
2021-04-15 06:00:00,0.0
2021-04-15 07:00:00,0.0
2021-04-15 08:00:00,0.0
2021-04-15 09:00:00,0.0
2021-04-15 10:00:00,6.25
2021-04-15 11:00:00,167.02500750000002
2021-04-15 12:00:00,421.975
2021-04-15 13:00:00,649.7750100000001
2021-04-15 14:00:00,826.5
2021-04-15 15:00:00,937.20001
2021-04-15 16:00:00,970.425
2021-04-15 17:00:00,925.35001
2021-04-15 18:00:00,807.35
2021-04-15 19:00:00,625.92501
2021-04-15 20:00:00,392.85
2021-04-15 21:00:00,135.17499999999998
2021-04-15 22:00:00,1.050000075
2021-04-15 23:00:00,0.0
2021-04-16 00:00:00,0.0
2021-04-16 01:00:00,0.0
2021-04-16 02:00:00,0.0
2021-04-16 03:00:00,0.0
2021-04-16 04:00:00,0.0
2021-04-16 05:00:00,0.0
2021-04-16 06:00:00,0.0
2021-04-16 07:00:00,0.0
2021-04-16 08:00:00,0.0
2021-04-16 09:00:00,0.0
2021-04-16 10:00:00,6.05
2021-04-16 11:00:00,139.62500125
2021-04-16 12:00:00,402.52500499999996
2021-04-16 13:00:00,634.90003
2021-04-16 14:00:00,814.5250100000001
2021-04-16 15:00:00,925.30002
2021-04-16 16:00:00,958.35
2021-04-16 17:00:00,913.82502
2021-04-16 18:00:00,797.07501
2021-04-16 19:00:00,613.62501
2021-04-16 20:00:00,382.625005
2021-04-16 21:00:00,132.4250025
2021-04-16 22:00:00,0.675
2021-04-16 23:00:00,0.0
2021-04-17 00:00:00,0.0
2021-04-17 01:00:00,0.0
2021-04-17 02:00:00,0.0
2021-04-17 03:00:00,0.0
2021-04-17 04:00:00,0.0
2021-04-17 05:00:00,0.0
2021-04-17 06:00:00,0.0
2021-04-17 07:00:00,0.0
2021-04-17 08:00:00,0.0
2021-04-17 09:00:00,0.0
2021-04-17 10:00:00,5.82500025
2021-04-17 11:00:00,163.7000025
2021-04-17 12:00:00,375.725005
2021-04-17 13:00:00,605.87501
2021-04-17 14:00:00,802.875
2021-04-17 15:00:00,912.75002
2021-04-17 16:00:00,946.05
2021-04-17 17:00:00,901.775
2021-04-17 18:00:00,784.9
2021-04-17 19:00:00,603.50002
2021-04-17 20:00:00,374.5
2021-04-17 21:00:00,128.35000250000002
2021-04-17 22:00:00,0.0
2021-04-17 23:00:00,0.0
2021-04-18 00:00:00,0.0
2021-04-18 01:00:00,0.0
2021-04-18 02:00:00,0.0
2021-04-18 03:00:00,0.0
2021-04-18 04:00:00,0.0
2021-04-18 05:00:00,0.0
2021-04-18 06:00:00,0.0
2021-04-18 07:00:00,0.0
2021-04-18 08:00:00,0.0
2021-04-18 09:00:00,0.0
2021-04-18 10:00:00,5.775
2021-04-18 11:00:00,165.6500025
2021-04-18 12:00:00,403.300005
2021-04-18 13:00:00,607.55
2021-04-18 14:00:00,814.85
2021-04-18 15:00:00,924.325
2021-04-18 16:00:00,957.525
2021-04-18 17:00:00,913.3
2021-04-18 18:00:00,794.37502
2021-04-18 19:00:00,610.875
2021-04-18 20:00:00,378.5
2021-04-18 21:00:00,126.2500005
2021-04-18 22:00:00,0.0
2021-04-18 23:00:00,0.0
2021-04-19 00:00:00,0.0
2021-04-19 01:00:00,0.0
2021-04-19 02:00:00,0.0
2021-04-19 03:00:00,0.0
2021-04-19 04:00:00,0.0
2021-04-19 05:00:00,0.0
2021-04-19 06:00:00,0.0
2021-04-19 07:00:00,0.0
2021-04-19 08:00:00,0.0
2021-04-19 09:00:00,0.0
2021-04-19 10:00:00,5.25
2021-04-19 11:00:00,129.25
2021-04-19 12:00:00,392.275005
2021-04-19 13:00:00,627.5250100000001
2021-04-19 14:00:00,801.475
2021-04-19 15:00:00,912.425
2021-04-19 16:00:00,945.925
2021-04-19 17:00:00,903.37501
2021-04-19 18:00:00,787.97501
2021-04-19 19:00:00,604.4250099999999
2021-04-19 20:00:00,371.92501000000004
2021-04-19 21:00:00,121.67500425
2021-04-19 22:00:00,0.0
2021-04-19 23:00:00,0.0
2021-04-20 00:00:00,0.0
2021-04-20 01:00:00,0.0
2021-04-20 02:00:00,0.0
2021-04-20 03:00:00,0.0
2021-04-20 04:00:00,0.0
2021-04-20 05:00:00,0.0
2021-04-20 06:00:00,0.0
2021-04-20 07:00:00,0.0
2021-04-20 08:00:00,0.0
2021-04-20 09:00:00,0.0
2021-04-20 10:00:00,4.975
2021-04-20 11:00:00,159.05000375
2021-04-20 12:00:00,411.925
2021-04-20 13:00:00,636.25002
2021-04-20 14:00:00,810.275
2021-04-20 15:00:00,916.725
2021-04-20 16:00:00,949.47501
2021-04-20 17:00:00,905.55001
2021-04-20 18:00:00,789.25
2021-04-20 19:00:00,605.3499999999999
2021-04-20 20:00:00,373.175005
2021-04-20 21:00:00,108.4250005
2021-04-20 22:00:00,0.0
2021-04-20 23:00:00,0.0
2021-04-21 00:00:00,0.0
2021-04-21 01:00:00,0.0
2021-04-21 02:00:00,0.0
2021-04-21 03:00:00,0.0
2021-04-21 04:00:00,0.0
2021-04-21 05:00:00,0.0
2021-04-21 06:00:00,0.0
2021-04-21 07:00:00,0.0
2021-04-21 08:00:00,0.0
2021-04-21 09:00:00,0.0
2021-04-21 10:00:00,5.025
2021-04-21 11:00:00,164.72500250000002
2021-04-21 12:00:00,414.025005
2021-04-21 13:00:00,644.675
2021-04-21 14:00:00,822.025
2021-04-21 15:00:00,931.4000100000001
2021-04-21 16:00:00,965.0500099999999
2021-04-21 17:00:00,916.5500099999999
2021-04-21 18:00:00,791.6
2021-04-21 19:00:00,604.30002
2021-04-21 20:00:00,334.225005
2021-04-21 21:00:00,115.925
2021-04-21 22:00:00,0.0
2021-04-21 23:00:00,0.0
2021-04-22 00:00:00,0.0
2021-04-22 01:00:00,0.0
2021-04-22 02:00:00,0.0
2021-04-22 03:00:00,0.0
2021-04-22 04:00:00,0.0
2021-04-22 05:00:00,0.0
2021-04-22 06:00:00,0.0
2021-04-22 07:00:00,0.0
2021-04-22 08:00:00,0.0
2021-04-22 09:00:00,0.0
2021-04-22 10:00:00,4.75
2021-04-22 11:00:00,163.3250025
2021-04-22 12:00:00,407.32500500000003
2021-04-22 13:00:00,632.92502
2021-04-22 14:00:00,807.00001
2021-04-22 15:00:00,912.75002
2021-04-22 16:00:00,944.225
2021-04-22 17:00:00,901.95
2021-04-22 18:00:00,786.5250100000001
2021-04-22 19:00:00,601.4
2021-04-22 20:00:00,366.17499999999995
2021-04-22 21:00:00,116.25
2021-04-22 22:00:00,0.0
2021-04-22 23:00:00,0.0
2021-04-23 00:00:00,0.0
2021-04-23 01:00:00,0.0
2021-04-23 02:00:00,0.0
2021-04-23 03:00:00,0.0
2021-04-23 04:00:00,0.0
2021-04-23 05:00:00,0.0
2021-04-23 06:00:00,0.0
2021-04-23 07:00:00,0.0
2021-04-23 08:00:00,0.0
2021-04-23 09:00:00,0.0
2021-04-23 10:00:00,4.125
2021-04-23 11:00:00,153.825
2021-04-23 12:00:00,406.725
2021-04-23 13:00:00,633.3000099999999
2021-04-23 14:00:00,806.4
2021-04-23 15:00:00,913.3
2021-04-23 16:00:00,948.15002
2021-04-23 17:00:00,903.9
2021-04-23 18:00:00,781.0749999999999
2021-04-23 19:00:00,592.95
2021-04-23 20:00:00,357.9
2021-04-23 21:00:00,109.57500125
2021-04-23 22:00:00,0.0
2021-04-23 23:00:00,0.0
2021-04-24 00:00:00,0.0
2021-04-24 01:00:00,0.0
2021-04-24 02:00:00,0.0
2021-04-24 03:00:00,0.0
2021-04-24 04:00:00,0.0
2021-04-24 05:00:00,0.0
2021-04-24 06:00:00,0.0
2021-04-24 07:00:00,0.0
2021-04-24 08:00:00,0.0
2021-04-24 09:00:00,0.0
2021-04-24 10:00:00,4.025
2021-04-24 11:00:00,155.95
2021-04-24 12:00:00,404.275
2021-04-24 13:00:00,629.97501
2021-04-24 14:00:00,803.125
2021-04-24 15:00:00,907.675
2021-04-24 16:00:00,937.9
2021-04-24 17:00:00,890.75001
2021-04-24 18:00:00,768.9750200000001
2021-04-24 19:00:00,583.47501
2021-04-24 20:00:00,351.07500500000003
2021-04-24 21:00:00,104.6750025
2021-04-24 22:00:00,0.0
2021-04-24 23:00:00,0.0
2021-04-25 00:00:00,0.0
2021-04-25 01:00:00,0.0
2021-04-25 02:00:00,0.0
2021-04-25 03:00:00,0.0
2021-04-25 04:00:00,0.0
2021-04-25 05:00:00,0.0
2021-04-25 06:00:00,0.0
2021-04-25 07:00:00,0.0
2021-04-25 08:00:00,0.0
2021-04-25 09:00:00,0.0
2021-04-25 10:00:00,1.95
2021-04-25 11:00:00,149.25
2021-04-25 12:00:00,393.850005
2021-04-25 13:00:00,615.9000100000001
2021-04-25 14:00:00,788.17502
2021-04-25 15:00:00,895.2750100000001
2021-04-25 16:00:00,926.15001
2021-04-25 17:00:00,879.15002
2021-04-25 18:00:00,760.125
2021-04-25 19:00:00,575.95001
2021-04-25 20:00:00,345.850005
2021-04-25 21:00:00,102.6
2021-04-25 22:00:00,0.0
2021-04-25 23:00:00,0.0
2021-04-26 00:00:00,0.0
2021-04-26 01:00:00,0.0
2021-04-26 02:00:00,0.0
2021-04-26 03:00:00,0.0
2021-04-26 04:00:00,0.0
2021-04-26 05:00:00,0.0
2021-04-26 06:00:00,0.0
2021-04-26 07:00:00,0.0
2021-04-26 08:00:00,0.0
2021-04-26 09:00:00,0.0
2021-04-26 10:00:00,3.5
2021-04-26 11:00:00,152.00000375000002
2021-04-26 12:00:00,397.275
2021-04-26 13:00:00,622.77501
2021-04-26 14:00:00,797.05001
2021-04-26 15:00:00,904.0500099999999
2021-04-26 16:00:00,933.55
2021-04-26 17:00:00,885.70002
2021-04-26 18:00:00,766.45001
2021-04-26 19:00:00,579.250005
2021-04-26 20:00:00,344.9
2021-04-26 21:00:00,101.10000275
2021-04-26 22:00:00,0.0
2021-04-26 23:00:00,0.0
2021-04-27 00:00:00,0.0
2021-04-27 01:00:00,0.0
2021-04-27 02:00:00,0.0
2021-04-27 03:00:00,0.0
2021-04-27 04:00:00,0.0
2021-04-27 05:00:00,0.0
2021-04-27 06:00:00,0.0
2021-04-27 07:00:00,0.0
2021-04-27 08:00:00,0.0
2021-04-27 09:00:00,0.0
2021-04-27 10:00:00,3.35000025
2021-04-27 11:00:00,162.66666999999998
2021-04-27 12:00:00,372.50001
2021-04-27 13:00:00,653.1333466666666
2021-04-27 14:00:00,799.375
2021-04-27 15:00:00,903.35
2021-04-27 16:00:00,931.375
2021-04-27 17:00:00,881.6
2021-04-27 18:00:00,758.95001
2021-04-27 19:00:00,575.80002
2021-04-27 20:00:00,344.37500750000004
2021-04-27 21:00:00,70.1750025
2021-04-27 22:00:00,0.0
2021-04-27 23:00:00,0.0
2021-04-28 00:00:00,0.0
2021-04-28 01:00:00,0.0
2021-04-28 02:00:00,0.0
2021-04-28 03:00:00,0.0
2021-04-28 04:00:00,0.0
2021-04-28 05:00:00,0.0
2021-04-28 06:00:00,0.0
2021-04-28 07:00:00,0.0
2021-04-28 08:00:00,0.0
2021-04-28 09:00:00,0.0
2021-04-28 10:00:00,2.95
2021-04-28 11:00:00,145.95
2021-04-28 12:00:00,392.125
2021-04-28 13:00:00,615.4000100000001
2021-04-28 14:00:00,788.35001
2021-04-28 15:00:00,893.97502
2021-04-28 16:00:00,921.07501
2021-04-28 17:00:00,871.45
2021-04-28 18:00:00,751.47501
2021-04-28 19:00:00,569.77501
2021-04-28 20:00:00,339.825
2021-04-28 21:00:00,96.22500375
2021-04-28 22:00:00,0.0
2021-04-28 23:00:00,0.0
2021-04-29 00:00:00,0.0
2021-04-29 01:00:00,0.0
2021-04-29 02:00:00,0.0
2021-04-29 03:00:00,0.0
2021-04-29 04:00:00,0.0
2021-04-29 05:00:00,0.0
2021-04-29 06:00:00,0.0
2021-04-29 07:00:00,0.0
2021-04-29 08:00:00,0.0
2021-04-29 09:00:00,0.0
2021-04-29 10:00:00,2.775
2021-04-29 11:00:00,146.0500025
2021-04-29 12:00:00,389.6
2021-04-29 13:00:00,609.05001
2021-04-29 14:00:00,778.57501
2021-04-29 15:00:00,882.55002
2021-04-29 16:00:00,912.70001
2021-04-29 17:00:00,864.00001
2021-04-29 18:00:00,743.70001
2021-04-29 19:00:00,561.875
2021-04-29 20:00:00,334.9250025
2021-04-29 21:00:00,95.55
2021-04-29 22:00:00,0.0
2021-04-29 23:00:00,0.0
2021-04-30 00:00:00,0.0
2021-04-30 01:00:00,0.0
2021-04-30 02:00:00,0.0
2021-04-30 03:00:00,0.0
2021-04-30 04:00:00,0.0
2021-04-30 05:00:00,0.0
2021-04-30 06:00:00,0.0
2021-04-30 07:00:00,0.0
2021-04-30 08:00:00,0.0
2021-04-30 09:00:00,0.0
2021-04-30 10:00:00,2.575
2021-04-30 11:00:00,145.8000025
2021-04-30 12:00:00,384.8
2021-04-30 13:00:00,605.42502
2021-04-30 14:00:00,776.525
2021-04-30 15:00:00,881.775
2021-04-30 16:00:00,911.025
2021-04-30 17:00:00,860.42501
2021-04-30 18:00:00,737.92502
2021-04-30 19:00:00,555.6250200000001
2021-04-30 20:00:00,328.525005
2021-04-30 21:00:00,86.875
2021-04-30 22:00:00,0.0
2021-04-30 23:00:00,0.0
2021-05-01 00:00:00,0.0
2021-05-01 01:00:00,0.0
2021-05-01 02:00:00,0.0
2021-05-01 03:00:00,0.0
2021-05-01 04:00:00,0.0
2021-05-01 05:00:00,0.0
2021-05-01 06:00:00,0.0
2021-05-01 07:00:00,0.0
2021-05-01 08:00:00,0.0
2021-05-01 09:00:00,0.0
2021-05-01 10:00:00,2.325
2021-05-01 11:00:00,146.4000025
2021-05-01 12:00:00,395.45
2021-05-01 13:00:00,620.45
2021-05-01 14:00:00,793.42501
2021-05-01 15:00:00,898.77502
2021-05-01 16:00:00,927.2
2021-05-01 17:00:00,877.70001
2021-05-01 18:00:00,753.9000100000001
2021-05-01 19:00:00,567.375005
2021-05-01 20:00:00,334.775
2021-05-01 21:00:00,87.825
2021-05-01 22:00:00,0.0
2021-05-01 23:00:00,0.0
2021-05-02 00:00:00,0.0
2021-05-02 01:00:00,0.0
2021-05-02 02:00:00,0.0
2021-05-02 03:00:00,0.0
2021-05-02 04:00:00,0.0
2021-05-02 05:00:00,0.0
2021-05-02 06:00:00,0.0
2021-05-02 07:00:00,0.0
2021-05-02 08:00:00,0.0
2021-05-02 09:00:00,0.0
2021-05-02 10:00:00,0.0
2021-05-02 11:00:00,142.725
2021-05-02 12:00:00,387.25
2021-05-02 13:00:00,611.9250099999999
2021-05-02 14:00:00,784.37502
2021-05-02 15:00:00,892.25001
2021-05-02 16:00:00,921.47501
2021-05-02 17:00:00,872.72501
2021-05-02 18:00:00,750.97501
2021-05-02 19:00:00,564.65
2021-05-02 20:00:00,331.875005
2021-05-02 21:00:00,89.175
2021-05-02 22:00:00,0.0
2021-05-02 23:00:00,0.0
2021-05-03 00:00:00,0.0
2021-05-03 01:00:00,0.0
2021-05-03 02:00:00,0.0
2021-05-03 03:00:00,0.0
2021-05-03 04:00:00,0.0
2021-05-03 05:00:00,0.0
2021-05-03 06:00:00,0.0
2021-05-03 07:00:00,0.0
2021-05-03 08:00:00,0.0
2021-05-03 09:00:00,0.0
2021-05-03 10:00:00,1.75
2021-05-03 11:00:00,138.95
2021-05-03 12:00:00,380.2
2021-05-03 13:00:00,601.35
2021-05-03 14:00:00,770.325
2021-05-03 15:00:00,872.25003
2021-05-03 16:00:00,902.625
2021-05-03 17:00:00,857.37501
2021-05-03 18:00:00,734.72501
2021-05-03 19:00:00,548.75
2021-05-03 20:00:00,318.275005
2021-05-03 21:00:00,80.97500175
2021-05-03 22:00:00,0.0
2021-05-03 23:00:00,0.0
2021-05-04 00:00:00,0.0
2021-05-04 01:00:00,0.0
2021-05-04 02:00:00,0.0
2021-05-04 03:00:00,0.0
2021-05-04 04:00:00,0.0
2021-05-04 05:00:00,0.0
2021-05-04 06:00:00,0.0
2021-05-04 07:00:00,0.0
2021-05-04 08:00:00,0.0
2021-05-04 09:00:00,0.0
2021-05-04 10:00:00,0.0
2021-05-04 11:00:00,132.15
2021-05-04 12:00:00,378.125005
2021-05-04 13:00:00,595.8500200000001
2021-05-04 14:00:00,763.0749999999999
2021-05-04 15:00:00,864.57501
2021-05-04 16:00:00,892.85001
2021-05-04 17:00:00,843.75001
2021-05-04 18:00:00,720.85001
2021-05-04 19:00:00,539.02502
2021-05-04 20:00:00,313.8000025
2021-05-04 21:00:00,69.825
2021-05-04 22:00:00,0.0
2021-05-04 23:00:00,0.0
2021-05-05 00:00:00,0.0
2021-05-05 01:00:00,0.0
2021-05-05 02:00:00,0.0
2021-05-05 03:00:00,0.0
2021-05-05 04:00:00,0.0
2021-05-05 05:00:00,0.0
2021-05-05 06:00:00,0.0
2021-05-05 07:00:00,0.0
2021-05-05 08:00:00,0.0
2021-05-05 09:00:00,0.0
2021-05-05 10:00:00,0.0
2021-05-05 11:00:00,128.0500025
2021-05-05 12:00:00,354.875005
2021-05-05 13:00:00,572.325
2021-05-05 14:00:00,736.875
2021-05-05 15:00:00,835.8500200000001
2021-05-05 16:00:00,866.42501
2021-05-05 17:00:00,823.55
2021-05-05 18:00:00,707.25001
2021-05-05 19:00:00,528.25
2021-05-05 20:00:00,285.625005
2021-05-05 21:00:00,49.650000000000006
2021-05-05 22:00:00,0.0
2021-05-05 23:00:00,0.0
2021-05-06 00:00:00,0.0
2021-05-06 01:00:00,0.0
2021-05-06 02:00:00,0.0
2021-05-06 03:00:00,0.0
2021-05-06 04:00:00,0.0
2021-05-06 05:00:00,0.0
2021-05-06 06:00:00,0.0
2021-05-06 07:00:00,0.0
2021-05-06 08:00:00,0.0
2021-05-06 09:00:00,0.0
2021-05-06 10:00:00,0.0
2021-05-06 11:00:00,134.35
2021-05-06 12:00:00,372.625015
2021-05-06 13:00:00,594.70001
2021-05-06 14:00:00,761.425
2021-05-06 15:00:00,857.77501
2021-05-06 16:00:00,520.4
2021-05-06 17:00:00,483.300005
2021-05-06 18:00:00,597.4250099999999
2021-05-06 19:00:00,535.97501
2021-05-06 20:00:00,268.675
2021-05-06 21:00:00,39.30000175
2021-05-06 22:00:00,0.0
2021-05-06 23:00:00,0.0
2021-05-07 00:00:00,0.0
2021-05-07 01:00:00,0.0
2021-05-07 02:00:00,0.0
2021-05-07 03:00:00,0.0
2021-05-07 04:00:00,0.0
2021-05-07 05:00:00,0.0
2021-05-07 06:00:00,0.0
2021-05-07 07:00:00,0.0
2021-05-07 08:00:00,0.0
2021-05-07 09:00:00,0.0
2021-05-07 10:00:00,0.875
2021-05-07 11:00:00,130.0
2021-05-07 12:00:00,360.625005
2021-05-07 13:00:00,578.22501
2021-05-07 14:00:00,745.375
2021-05-07 15:00:00,844.9
2021-05-07 16:00:00,872.2250200000001
2021-05-07 17:00:00,822.82501
2021-05-07 18:00:00,709.0250100000001
2021-05-07 19:00:00,527.65
2021-05-07 20:00:00,302.7500025
2021-05-07 21:00:00,73.25
2021-05-07 22:00:00,0.0
2021-05-07 23:00:00,0.0
2021-05-08 00:00:00,0.0
2021-05-08 01:00:00,0.0
2021-05-08 02:00:00,0.0
2021-05-08 03:00:00,0.0
2021-05-08 04:00:00,0.0
2021-05-08 05:00:00,0.0
2021-05-08 06:00:00,0.0
2021-05-08 07:00:00,0.0
2021-05-08 08:00:00,0.0
2021-05-08 09:00:00,0.0
2021-05-08 10:00:00,0.0
2021-05-08 11:00:00,127.8750025
2021-05-08 12:00:00,369.32500500000003
2021-05-08 13:00:00,575.2
2021-05-08 14:00:00,742.925
2021-05-08 15:00:00,808.775
2021-05-08 16:00:00,662.00001
2021-05-08 17:00:00,686.175
2021-05-08 18:00:00,516.700015
2021-05-08 19:00:00,347.15
2021-05-08 20:00:00,201.55
2021-05-08 21:00:00,35.225
2021-05-08 22:00:00,0.0
2021-05-08 23:00:00,0.0
2021-05-09 00:00:00,0.0
2021-05-09 01:00:00,0.0
2021-05-09 02:00:00,0.0
2021-05-09 03:00:00,0.0
2021-05-09 04:00:00,0.0
2021-05-09 05:00:00,0.0
2021-05-09 06:00:00,0.0
2021-05-09 07:00:00,0.0
2021-05-09 08:00:00,0.0
2021-05-09 09:00:00,0.0
2021-05-09 10:00:00,0.450000025
2021-05-09 11:00:00,125.55
2021-05-09 12:00:00,360.000005
2021-05-09 13:00:00,572.75
2021-05-09 14:00:00,735.5999999999999
2021-05-09 15:00:00,832.07501
2021-05-09 16:00:00,857.725
2021-05-09 17:00:00,809.95001
2021-05-09 18:00:00,658.35001
2021-05-09 19:00:00,490.375005
2021-05-09 20:00:00,291.67501000000004
2021-05-09 21:00:00,66.7750025
2021-05-09 22:00:00,0.0
2021-05-09 23:00:00,0.0
2021-05-10 00:00:00,0.0
2021-05-10 01:00:00,0.0
2021-05-10 02:00:00,0.0
2021-05-10 03:00:00,0.0
2021-05-10 04:00:00,0.0
2021-05-10 05:00:00,0.0
2021-05-10 06:00:00,0.0
2021-05-10 07:00:00,0.0
2021-05-10 08:00:00,0.0
2021-05-10 09:00:00,0.0
2021-05-10 10:00:00,0.22500001
2021-05-10 11:00:00,117.1750025
2021-05-10 12:00:00,350.975005
2021-05-10 13:00:00,563.40002
2021-05-10 14:00:00,727.25002
2021-05-10 15:00:00,827.45001
2021-05-10 16:00:00,854.85001
2021-05-10 17:00:00,807.60001
2021-05-10 18:00:00,690.25
2021-05-10 19:00:00,511.82501
2021-05-10 20:00:00,290.5500025
2021-05-10 21:00:00,62.775001249999995
2021-05-10 22:00:00,0.0
2021-05-10 23:00:00,0.0
2021-05-11 00:00:00,0.0
2021-05-11 01:00:00,0.0
2021-05-11 02:00:00,0.0
2021-05-11 03:00:00,0.0
2021-05-11 04:00:00,0.0
2021-05-11 05:00:00,0.0
2021-05-11 06:00:00,0.0
2021-05-11 07:00:00,0.0
2021-05-11 08:00:00,0.0
2021-05-11 09:00:00,0.0
2021-05-11 10:00:00,0.075
2021-05-11 11:00:00,110.175003
2021-05-11 12:00:00,320.37501
2021-05-11 13:00:00,545.450005
2021-05-11 14:00:00,708.225
2021-05-11 15:00:00,810.075
2021-05-11 16:00:00,837.07502
2021-05-11 17:00:00,696.77501
2021-05-11 18:00:00,393.100005
2021-05-11 19:00:00,310.250005
2021-05-11 20:00:00,193.22500125
2021-05-11 21:00:00,41.425000499999996
2021-05-11 22:00:00,0.0
2021-05-11 23:00:00,0.0
2021-05-12 00:00:00,0.0
2021-05-12 01:00:00,0.0
2021-05-12 02:00:00,0.0
2021-05-12 03:00:00,0.0
2021-05-12 04:00:00,0.0
2021-05-12 05:00:00,0.0
2021-05-12 06:00:00,0.0
2021-05-12 07:00:00,0.0
2021-05-12 08:00:00,0.0
2021-05-12 09:00:00,0.0
2021-05-12 10:00:00,0.0
2021-05-12 11:00:00,116.00000375
2021-05-12 12:00:00,342.575
2021-05-12 13:00:00,554.12501
2021-05-12 14:00:00,717.47501
2021-05-12 15:00:00,817.45
2021-05-12 16:00:00,844.47501
2021-05-12 17:00:00,797.0
2021-05-12 18:00:00,680.00001
2021-05-12 19:00:00,501.82500000000005
2021-05-12 20:00:00,282.275005
2021-05-12 21:00:00,59.9
2021-05-12 22:00:00,0.0
2021-05-12 23:00:00,0.0
2021-05-13 00:00:00,0.0
2021-05-13 01:00:00,0.0
2021-05-13 02:00:00,0.0
2021-05-13 03:00:00,0.0
2021-05-13 04:00:00,0.0
2021-05-13 05:00:00,0.0
2021-05-13 06:00:00,0.0
2021-05-13 07:00:00,0.0
2021-05-13 08:00:00,0.0
2021-05-13 09:00:00,0.0
2021-05-13 10:00:00,0.0
2021-05-13 11:00:00,112.97500375
2021-05-13 12:00:00,346.47501
2021-05-13 13:00:00,556.375
2021-05-13 14:00:00,718.25001
2021-05-13 15:00:00,816.3000000000001
2021-05-13 16:00:00,719.5
2021-05-13 17:00:00,548.5500000000001
2021-05-13 18:00:00,406.4666666666667
2021-05-13 19:00:00,390.875005
2021-05-13 20:00:00,232.45
2021-05-13 21:00:00,28.0
2021-05-13 22:00:00,0.0
2021-05-13 23:00:00,0.0
2021-05-14 00:00:00,0.0
2021-05-14 01:00:00,0.0
2021-05-14 02:00:00,0.0
2021-05-14 03:00:00,0.0
2021-05-14 04:00:00,0.0
2021-05-14 05:00:00,0.0
2021-05-14 06:00:00,0.0
2021-05-14 07:00:00,0.0
2021-05-14 08:00:00,0.0
2021-05-14 09:00:00,0.0
2021-05-14 10:00:00,0.0
2021-05-14 11:00:00,119.70000250000001
2021-05-14 12:00:00,355.475005
2021-05-14 13:00:00,570.8
2021-05-14 14:00:00,737.20001
2021-05-14 15:00:00,838.8
2021-05-14 16:00:00,867.0250100000001
2021-05-14 17:00:00,819.22501
2021-05-14 18:00:00,699.525
2021-05-14 19:00:00,519.550005
2021-05-14 20:00:00,294.500005
2021-05-14 21:00:00,66.125
2021-05-14 22:00:00,0.0
2021-05-14 23:00:00,0.0
2021-05-15 00:00:00,0.0
2021-05-15 01:00:00,0.0
2021-05-15 02:00:00,0.0
2021-05-15 03:00:00,0.0
2021-05-15 04:00:00,0.0
2021-05-15 05:00:00,0.0
2021-05-15 06:00:00,0.0
2021-05-15 07:00:00,0.0
2021-05-15 08:00:00,0.0
2021-05-15 09:00:00,0.0
2021-05-15 10:00:00,0.0
2021-05-15 11:00:00,116.22500375
2021-05-15 12:00:00,350.975015
2021-05-15 13:00:00,565.70001
2021-05-15 14:00:00,731.90002
2021-05-15 15:00:00,833.4
2021-05-15 16:00:00,861.47501
2021-05-15 17:00:00,812.97501
2021-05-15 18:00:00,692.07502
2021-05-15 19:00:00,511.825
2021-05-15 20:00:00,288.50001000000003
2021-05-15 21:00:00,85.03333333333333
2021-05-15 22:00:00,0.0
2021-05-15 23:00:00,0.0
2021-05-16 00:00:00,0.0
2021-05-16 01:00:00,0.0
2021-05-16 02:00:00,0.0
2021-05-16 03:00:00,0.0
2021-05-16 04:00:00,0.0
2021-05-16 05:00:00,0.0
2021-05-16 06:00:00,0.0
2021-05-16 07:00:00,0.0
2021-05-16 08:00:00,0.0
2021-05-16 09:00:00,0.0
2021-05-16 10:00:00,0.0
2021-05-16 11:00:00,116.975
2021-05-16 12:00:00,350.4
2021-05-16 13:00:00,564.80002
2021-05-16 14:00:00,730.12502
2021-05-16 15:00:00,832.17501
2021-05-16 16:00:00,859.65
2021-05-16 17:00:00,812.40002
2021-05-16 18:00:00,693.70001
2021-05-16 19:00:00,489.13334000000003
2021-05-16 20:00:00,290.500005
2021-05-16 21:00:00,84.43333366666667
2021-05-16 22:00:00,0.0
2021-05-16 23:00:00,0.0
2021-05-17 00:00:00,0.0
2021-05-17 01:00:00,0.0
2021-05-17 02:00:00,0.0
2021-05-17 03:00:00,0.0
2021-05-17 04:00:00,0.0
2021-05-17 05:00:00,0.0
2021-05-17 06:00:00,0.0
2021-05-17 07:00:00,0.0
2021-05-17 08:00:00,0.0
2021-05-17 09:00:00,0.0
2021-05-17 10:00:00,0.0
2021-05-17 11:00:00,112.325
2021-05-17 12:00:00,340.175005
2021-05-17 13:00:00,556.96668
2021-05-17 14:00:00,711.55
2021-05-17 15:00:00,809.8000099999999
2021-05-17 16:00:00,837.45001
2021-05-17 17:00:00,791.07501
2021-05-17 18:00:00,675.325
2021-05-17 19:00:00,499.675
2021-05-17 20:00:00,281.5250025
2021-05-17 21:00:00,61.05
2021-05-17 22:00:00,0.0
2021-05-17 23:00:00,0.0
2021-05-18 00:00:00,0.0
2021-05-18 01:00:00,0.0
2021-05-18 02:00:00,0.0
2021-05-18 03:00:00,0.0
2021-05-18 04:00:00,0.0
2021-05-18 05:00:00,0.0
2021-05-18 06:00:00,0.0
2021-05-18 07:00:00,0.0
2021-05-18 08:00:00,0.0
2021-05-18 09:00:00,0.0
2021-05-18 10:00:00,0.0
2021-05-18 11:00:00,109.475
2021-05-18 12:00:00,303.09999999999997
2021-05-18 13:00:00,542.80001
2021-05-18 14:00:00,724.3000266666668
2021-05-18 15:00:00,810.3
2021-05-18 16:00:00,836.30001
2021-05-18 17:00:00,788.85
2021-05-18 18:00:00,656.5333333333333
2021-05-18 19:00:00,497.725
2021-05-18 20:00:00,209.3750025
2021-05-18 21:00:00,26.82500025
2021-05-18 22:00:00,0.0
2021-05-18 23:00:00,0.0
2021-05-19 00:00:00,0.0
2021-05-19 01:00:00,0.0
2021-05-19 02:00:00,0.0
2021-05-19 03:00:00,0.0
2021-05-19 04:00:00,0.0
2021-05-19 05:00:00,0.0
2021-05-19 06:00:00,0.0
2021-05-19 07:00:00,0.0
2021-05-19 08:00:00,0.0
2021-05-19 09:00:00,0.0
2021-05-19 10:00:00,0.0
2021-05-19 11:00:00,109.025
2021-05-19 12:00:00,343.6
2021-05-19 13:00:00,558.2250300000001
2021-05-19 14:00:00,723.275
2021-05-19 15:00:00,824.62501
2021-05-19 16:00:00,850.00001
2021-05-19 17:00:00,800.1000200000001
2021-05-19 18:00:00,681.60001
2021-05-19 19:00:00,503.925
2021-05-19 20:00:00,282.72499999999997
2021-05-19 21:00:00,60.475004000000006
2021-05-19 22:00:00,0.0
2021-05-19 23:00:00,0.0
2021-05-20 00:00:00,0.0
2021-05-20 01:00:00,0.0
2021-05-20 02:00:00,0.0
2021-05-20 03:00:00,0.0
2021-05-20 04:00:00,0.0
2021-05-20 05:00:00,0.0
2021-05-20 06:00:00,0.0
2021-05-20 07:00:00,0.0
2021-05-20 08:00:00,0.0
2021-05-20 09:00:00,0.0
2021-05-20 10:00:00,0.0
2021-05-20 11:00:00,108.9750025
2021-05-20 12:00:00,341.0000025
2021-05-20 13:00:00,553.45
2021-05-20 14:00:00,716.625
2021-05-20 15:00:00,814.625
2021-05-20 16:00:00,840.4750200000001
2021-05-20 17:00:00,794.25001
2021-05-20 18:00:00,677.80001
2021-05-20 19:00:00,499.05002
2021-05-20 20:00:00,278.350005
2021-05-20 21:00:00,58.10000025
2021-05-20 22:00:00,0.0
2021-05-20 23:00:00,0.0
2021-05-21 00:00:00,0.0
2021-05-21 01:00:00,0.0
2021-05-21 02:00:00,0.0
2021-05-21 03:00:00,0.0
2021-05-21 04:00:00,0.0
2021-05-21 05:00:00,0.0
2021-05-21 06:00:00,0.0
2021-05-21 07:00:00,0.0
2021-05-21 08:00:00,0.0
2021-05-21 09:00:00,0.0
2021-05-21 10:00:00,0.0
2021-05-21 11:00:00,105.525
2021-05-21 12:00:00,336.075
2021-05-21 13:00:00,550.95
2021-05-21 14:00:00,716.17501
2021-05-21 15:00:00,816.525
2021-05-21 16:00:00,847.175
2021-05-21 17:00:00,807.95001
2021-05-21 18:00:00,692.5250100000001
2021-05-21 19:00:00,512.87501
2021-05-21 20:00:00,287.700005
2021-05-21 21:00:00,61.0
2021-05-21 22:00:00,0.0
2021-05-21 23:00:00,0.0
2021-05-22 00:00:00,0.0
2021-05-22 01:00:00,0.0
2021-05-22 02:00:00,0.0
2021-05-22 03:00:00,0.0
2021-05-22 04:00:00,0.0
2021-05-22 05:00:00,0.0
2021-05-22 06:00:00,0.0
2021-05-22 07:00:00,0.0
2021-05-22 08:00:00,0.0
2021-05-22 09:00:00,0.0
2021-05-22 10:00:00,0.0
2021-05-22 11:00:00,107.55000000000001
2021-05-22 12:00:00,343.35
2021-05-22 13:00:00,558.5
2021-05-22 14:00:00,723.45
2021-05-22 15:00:00,823.1
2021-05-22 16:00:00,850.25001
2021-05-22 17:00:00,803.75001
2021-05-22 18:00:00,722.0
2021-05-22 19:00:00,453.1
2021-05-22 20:00:00,281.700005
2021-05-22 21:00:00,59.175
2021-05-22 22:00:00,0.0
2021-05-22 23:00:00,0.0
2021-05-23 00:00:00,0.0
2021-05-23 01:00:00,0.0
2021-05-23 02:00:00,0.0
2021-05-23 03:00:00,0.0
2021-05-23 04:00:00,0.0
2021-05-23 05:00:00,0.0
2021-05-23 06:00:00,0.0
2021-05-23 07:00:00,0.0
2021-05-23 08:00:00,0.0
2021-05-23 09:00:00,0.0
2021-05-23 10:00:00,0.0
2021-05-23 11:00:00,104.15
2021-05-23 12:00:00,331.1250125
2021-05-23 13:00:00,544.3
2021-05-23 14:00:00,708.6
2021-05-23 15:00:00,807.2250200000001
2021-05-23 16:00:00,834.5250100000001
2021-05-23 17:00:00,786.9
2021-05-23 18:00:00,670.02503
2021-05-23 19:00:00,483.675
2021-05-23 20:00:00,265.25
2021-05-23 21:00:00,34.625
2021-05-23 22:00:00,0.0
2021-05-23 23:00:00,0.0
2021-05-24 00:00:00,0.0
2021-05-24 01:00:00,0.0
2021-05-24 02:00:00,0.0
2021-05-24 03:00:00,0.0
2021-05-24 04:00:00,0.0
2021-05-24 05:00:00,0.0
2021-05-24 06:00:00,0.0
2021-05-24 07:00:00,0.0
2021-05-24 08:00:00,0.0
2021-05-24 09:00:00,0.0
2021-05-24 10:00:00,0.0
2021-05-24 11:00:00,99.4
2021-05-24 12:00:00,331.90000499999996
2021-05-24 13:00:00,544.45
2021-05-24 14:00:00,708.75
2021-05-24 15:00:00,808.80003
2021-05-24 16:00:00,722.4750200000001
2021-05-24 17:00:00,722.37501
2021-05-24 18:00:00,501.05000500000006
2021-05-24 19:00:00,378.000005
2021-05-24 20:00:00,238.6250075
2021-05-24 21:00:00,54.875
2021-05-24 22:00:00,0.0
2021-05-24 23:00:00,0.0
2021-05-25 00:00:00,0.0
2021-05-25 01:00:00,0.0
2021-05-25 02:00:00,0.0
2021-05-25 03:00:00,0.0
2021-05-25 04:00:00,0.0
2021-05-25 05:00:00,0.0
2021-05-25 06:00:00,0.0
2021-05-25 07:00:00,0.0
2021-05-25 08:00:00,0.0
2021-05-25 09:00:00,0.0
2021-05-25 10:00:00,0.0
2021-05-25 11:00:00,93.325
2021-05-25 12:00:00,317.250005
2021-05-25 13:00:00,525.725
2021-05-25 14:00:00,686.6500100000001
2021-05-25 15:00:00,784.02501
2021-05-25 16:00:00,811.3
2021-05-25 17:00:00,765.55002
2021-05-25 18:00:00,650.925
2021-05-25 19:00:00,476.45001
2021-05-25 20:00:00,260.95
2021-05-25 21:00:00,50.5250025
2021-05-25 22:00:00,0.0
2021-05-25 23:00:00,0.0
2021-05-26 00:00:00,0.0
2021-05-26 01:00:00,0.0
2021-05-26 02:00:00,0.0
2021-05-26 03:00:00,0.0
2021-05-26 04:00:00,0.0
2021-05-26 05:00:00,0.0
2021-05-26 06:00:00,0.0
2021-05-26 07:00:00,0.0
2021-05-26 08:00:00,0.0
2021-05-26 09:00:00,0.0
2021-05-26 10:00:00,0.0
2021-05-26 11:00:00,91.70000250000001
2021-05-26 12:00:00,307.70000500000003
2021-05-26 13:00:00,512.45002
2021-05-26 14:00:00,671.2
2021-05-26 15:00:00,769.6000200000001
2021-05-26 16:00:00,796.95001
2021-05-26 17:00:00,752.0500099999999
2021-05-26 18:00:00,639.20001
2021-05-26 19:00:00,467.90001
2021-05-26 20:00:00,256.35001
2021-05-26 21:00:00,31.35000025
2021-05-26 22:00:00,0.0
2021-05-26 23:00:00,0.0
2021-05-27 00:00:00,0.0
2021-05-27 01:00:00,0.0
2021-05-27 02:00:00,0.0
2021-05-27 03:00:00,0.0
2021-05-27 04:00:00,0.0
2021-05-27 05:00:00,0.0
2021-05-27 06:00:00,0.0
2021-05-27 07:00:00,0.0
2021-05-27 08:00:00,0.0
2021-05-27 09:00:00,0.0
2021-05-27 10:00:00,0.0
2021-05-27 11:00:00,89.45000425
2021-05-27 12:00:00,306.125005
2021-05-27 13:00:00,445.72501
2021-05-27 14:00:00,451.875005
2021-05-27 15:00:00,544.4
2021-05-27 16:00:00,374.95
2021-05-27 17:00:00,348.20000500000003
2021-05-27 18:00:00,330.57500500000003
2021-05-27 19:00:00,278.725005
2021-05-27 20:00:00,139.6750005
2021-05-27 21:00:00,9.75
2021-05-27 22:00:00,0.0
2021-05-27 23:00:00,0.0
2021-05-28 00:00:00,0.0
2021-05-28 01:00:00,0.0
2021-05-28 02:00:00,0.0
2021-05-28 03:00:00,0.0
2021-05-28 04:00:00,0.0
2021-05-28 05:00:00,0.0
2021-05-28 06:00:00,0.0
2021-05-28 07:00:00,0.0
2021-05-28 08:00:00,0.0
2021-05-28 09:00:00,0.0
2021-05-28 10:00:00,0.0
2021-05-28 11:00:00,90.32500125
2021-05-28 12:00:00,310.90001
2021-05-28 13:00:00,515.57501
2021-05-28 14:00:00,375.775
2021-05-28 15:00:00,502.32500000000005
2021-05-28 16:00:00,789.0250100000001
2021-05-28 17:00:00,711.95
2021-05-28 18:00:00,592.55
2021-05-28 19:00:00,479.50001
2021-05-28 20:00:00,256.8
2021-05-28 21:00:00,36.350000075
2021-05-28 22:00:00,0.0
2021-05-28 23:00:00,0.0
2021-05-29 00:00:00,0.0
2021-05-29 01:00:00,0.0
2021-05-29 02:00:00,0.0
2021-05-29 03:00:00,0.0
2021-05-29 04:00:00,0.0
2021-05-29 05:00:00,0.0
2021-05-29 06:00:00,0.0
2021-05-29 07:00:00,0.0
2021-05-29 08:00:00,0.0
2021-05-29 09:00:00,0.0
2021-05-29 10:00:00,0.0
2021-05-29 11:00:00,89.90000125
2021-05-29 12:00:00,313.25001000000003
2021-05-29 13:00:00,521.65
2021-05-29 14:00:00,682.95
2021-05-29 15:00:00,779.55003
2021-05-29 16:00:00,806.70001
2021-05-29 17:00:00,758.975
2021-05-29 18:00:00,591.575
2021-05-29 19:00:00,358.07500500000003
2021-05-29 20:00:00,248.875005
2021-05-29 21:00:00,48.849999999999994
2021-05-29 22:00:00,0.0
2021-05-29 23:00:00,0.0
2021-05-30 00:00:00,0.0
2021-05-30 01:00:00,0.0
2021-05-30 02:00:00,0.0
2021-05-30 03:00:00,0.0
2021-05-30 04:00:00,0.0
2021-05-30 05:00:00,0.0
2021-05-30 06:00:00,0.0
2021-05-30 07:00:00,0.0
2021-05-30 08:00:00,0.0
2021-05-30 09:00:00,0.0
2021-05-30 10:00:00,0.0
2021-05-30 11:00:00,92.55
2021-05-30 12:00:00,316.8750025
2021-05-30 13:00:00,527.175
2021-05-30 14:00:00,688.25001
2021-05-30 15:00:00,754.70001
2021-05-30 16:00:00,771.1000200000001
2021-05-30 17:00:00,616.4000100000001
2021-05-30 18:00:00,621.775
2021-05-30 19:00:00,444.62501
2021-05-30 20:00:00,263.125
2021-05-30 21:00:00,39.5000005
2021-05-30 22:00:00,0.0
2021-05-30 23:00:00,0.0
2021-05-31 00:00:00,0.0
2021-05-31 01:00:00,0.0
2021-05-31 02:00:00,0.0
2021-05-31 03:00:00,0.0
2021-05-31 04:00:00,0.0
2021-05-31 05:00:00,0.0
2021-05-31 06:00:00,0.0
2021-05-31 07:00:00,0.0
2021-05-31 08:00:00,0.0
2021-05-31 09:00:00,0.0
2021-05-31 10:00:00,0.0
2021-05-31 11:00:00,91.44999999999999
2021-05-31 12:00:00,317.925005
2021-05-31 13:00:00,530.4
2021-05-31 14:00:00,695.07503
2021-05-31 15:00:00,798.375
2021-05-31 16:00:00,828.0250100000001
2021-05-31 17:00:00,773.7
2021-05-31 18:00:00,633.5250100000001
2021-05-31 19:00:00,467.500005
2021-05-31 20:00:00,270.55
2021-05-31 21:00:00,53.32500125
2021-05-31 22:00:00,0.0
2021-05-31 23:00:00,0.0
2021-06-01 00:00:00,0.0
2021-06-01 01:00:00,0.0
2021-06-01 02:00:00,0.0
2021-06-01 03:00:00,0.0
2021-06-01 04:00:00,0.0
2021-06-01 05:00:00,0.0
2021-06-01 06:00:00,0.0
2021-06-01 07:00:00,0.0
2021-06-01 08:00:00,0.0
2021-06-01 09:00:00,0.0
2021-06-01 10:00:00,0.0
2021-06-01 11:00:00,91.62500025
2021-06-01 12:00:00,319.275005
2021-06-01 13:00:00,531.7
2021-06-01 14:00:00,696.62503
2021-06-01 15:00:00,797.55
2021-06-01 16:00:00,827.15
2021-06-01 17:00:00,781.85
2021-06-01 18:00:00,665.2
2021-06-01 19:00:00,487.025
2021-06-01 20:00:00,266.925
2021-06-01 21:00:00,51.90000125
2021-06-01 22:00:00,0.0
2021-06-01 23:00:00,0.0
2021-06-02 00:00:00,0.0
2021-06-02 01:00:00,0.0
2021-06-02 02:00:00,0.0
2021-06-02 03:00:00,0.0
2021-06-02 04:00:00,0.0
2021-06-02 05:00:00,0.0
2021-06-02 06:00:00,0.0
2021-06-02 07:00:00,0.0
2021-06-02 08:00:00,0.0
2021-06-02 09:00:00,0.0
2021-06-02 10:00:00,0.0
2021-06-02 11:00:00,88.37500275000001
2021-06-02 12:00:00,303.475
2021-06-02 13:00:00,514.275
2021-06-02 14:00:00,677.3
2021-06-02 15:00:00,775.975
2021-06-02 16:00:00,804.07501
2021-06-02 17:00:00,759.5
2021-06-02 18:00:00,648.375
2021-06-02 19:00:00,473.500005
2021-06-02 20:00:00,257.37500750000004
2021-06-02 21:00:00,48.87500025
2021-06-02 22:00:00,0.0
2021-06-02 23:00:00,0.0
2021-06-03 00:00:00,0.0
2021-06-03 01:00:00,0.0
2021-06-03 02:00:00,0.0
2021-06-03 03:00:00,0.0
2021-06-03 04:00:00,0.0
2021-06-03 05:00:00,0.0
2021-06-03 06:00:00,0.0
2021-06-03 07:00:00,0.0
2021-06-03 08:00:00,0.0
2021-06-03 09:00:00,0.0
2021-06-03 10:00:00,0.0
2021-06-03 11:00:00,82.2000005
2021-06-03 12:00:00,305.70000000000005
2021-06-03 13:00:00,515.250005
2021-06-03 14:00:00,678.52502
2021-06-03 15:00:00,780.8
2021-06-03 16:00:00,810.85001
2021-06-03 17:00:00,767.35001
2021-06-03 18:00:00,652.075
2021-06-03 19:00:00,476.800005
2021-06-03 20:00:00,260.4
2021-06-03 21:00:00,48.95000025
2021-06-03 22:00:00,0.0
2021-06-03 23:00:00,0.0
2021-06-04 00:00:00,0.0
2021-06-04 01:00:00,0.0
2021-06-04 02:00:00,0.0
2021-06-04 03:00:00,0.0
2021-06-04 04:00:00,0.0
2021-06-04 05:00:00,0.0
2021-06-04 06:00:00,0.0
2021-06-04 07:00:00,0.0
2021-06-04 08:00:00,0.0
2021-06-04 09:00:00,0.0
2021-06-04 10:00:00,0.0
2021-06-04 11:00:00,82.15000025
2021-06-04 12:00:00,294.35
2021-06-04 13:00:00,503.525
2021-06-04 14:00:00,666.32502
2021-06-04 15:00:00,767.15
2021-06-04 16:00:00,749.825
2021-06-04 17:00:00,458.075
2021-06-04 18:00:00,368.050005
2021-06-04 19:00:00,322.650005
2021-06-04 20:00:00,140.2250025
2021-06-04 21:00:00,21.2250005
2021-06-04 22:00:00,0.0
2021-06-04 23:00:00,0.0
2021-06-05 00:00:00,0.0
2021-06-05 01:00:00,0.0
2021-06-05 02:00:00,0.0
2021-06-05 03:00:00,0.0
2021-06-05 04:00:00,0.0
2021-06-05 05:00:00,0.0
2021-06-05 06:00:00,0.0
2021-06-05 07:00:00,0.0
2021-06-05 08:00:00,0.0
2021-06-05 09:00:00,0.0
2021-06-05 10:00:00,0.0
2021-06-05 11:00:00,73.82500375000001
2021-06-05 12:00:00,298.025
2021-06-05 13:00:00,505.65
2021-06-05 14:00:00,667.2750100000001
2021-06-05 15:00:00,763.42502
2021-06-05 16:00:00,792.0749999999999
2021-06-05 17:00:00,748.30001
2021-06-05 18:00:00,634.375
2021-06-05 19:00:00,462.17500500000006
2021-06-05 20:00:00,221.4
2021-06-05 21:00:00,41.225
2021-06-05 22:00:00,0.0
2021-06-05 23:00:00,0.0
2021-06-06 00:00:00,0.0
2021-06-06 01:00:00,0.0
2021-06-06 02:00:00,0.0
2021-06-06 03:00:00,0.0
2021-06-06 04:00:00,0.0
2021-06-06 05:00:00,0.0
2021-06-06 06:00:00,0.0
2021-06-06 07:00:00,0.0
2021-06-06 08:00:00,0.0
2021-06-06 09:00:00,0.0
2021-06-06 10:00:00,0.0
2021-06-06 11:00:00,77.4250025
2021-06-06 12:00:00,291.2750025
2021-06-06 13:00:00,497.67501500000003
2021-06-06 14:00:00,658.7750000000001
2021-06-06 15:00:00,762.05001
2021-06-06 16:00:00,796.85001
2021-06-06 17:00:00,756.2
2021-06-06 18:00:00,646.825
2021-06-06 19:00:00,473.975005
2021-06-06 20:00:00,259.77500000000003
2021-06-06 21:00:00,50.15
2021-06-06 22:00:00,0.0
2021-06-06 23:00:00,0.0
2021-06-07 00:00:00,0.0
2021-06-07 01:00:00,0.0
2021-06-07 02:00:00,0.0
2021-06-07 03:00:00,0.0
2021-06-07 04:00:00,0.0
2021-06-07 05:00:00,0.0
2021-06-07 06:00:00,0.0
2021-06-07 07:00:00,0.0
2021-06-07 08:00:00,0.0
2021-06-07 09:00:00,0.0
2021-06-07 10:00:00,0.0
2021-06-07 11:00:00,79.27500125
2021-06-07 12:00:00,296.925
2021-06-07 13:00:00,507.55
2021-06-07 14:00:00,671.375
2021-06-07 15:00:00,772.3
2021-06-07 16:00:00,651.275
2021-06-07 17:00:00,549.2
2021-06-07 18:00:00,457.725
2021-06-07 19:00:00,346.95
2021-06-07 20:00:00,233.6000025
2021-06-07 21:00:00,32.875
2021-06-07 22:00:00,0.0
2021-06-07 23:00:00,0.0
2021-06-08 00:00:00,0.0
2021-06-08 01:00:00,0.0
2021-06-08 02:00:00,0.0
2021-06-08 03:00:00,0.0
2021-06-08 04:00:00,0.0
2021-06-08 05:00:00,0.0
2021-06-08 06:00:00,0.0
2021-06-08 07:00:00,0.0
2021-06-08 08:00:00,0.0
2021-06-08 09:00:00,0.0
2021-06-08 10:00:00,0.0
2021-06-08 11:00:00,75.35
2021-06-08 12:00:00,296.4
2021-06-08 13:00:00,505.72501
2021-06-08 14:00:00,669.12501
2021-06-08 15:00:00,770.125
2021-06-08 16:00:00,799.95001
2021-06-08 17:00:00,756.3
2021-06-08 18:00:00,630.025
2021-06-08 19:00:00,471.750005
2021-06-08 20:00:00,249.10000000000002
2021-06-08 21:00:00,42.02500175
2021-06-08 22:00:00,0.0
2021-06-08 23:00:00,0.0
2021-06-09 00:00:00,0.0
2021-06-09 01:00:00,0.0
2021-06-09 02:00:00,0.0
2021-06-09 03:00:00,0.0
2021-06-09 04:00:00,0.0
2021-06-09 05:00:00,0.0
2021-06-09 06:00:00,0.0
2021-06-09 07:00:00,0.0
2021-06-09 08:00:00,0.0
2021-06-09 09:00:00,0.0
2021-06-09 10:00:00,0.0
2021-06-09 11:00:00,74.32499999999999
2021-06-09 12:00:00,291.20000500000003
2021-06-09 13:00:00,500.45
2021-06-09 14:00:00,663.80002
2021-06-09 15:00:00,767.4000100000001
2021-06-09 16:00:00,797.22501
2021-06-09 17:00:00,756.57502
2021-06-09 18:00:00,648.8
2021-06-09 19:00:00,478.375
2021-06-09 20:00:00,263.325
2021-06-09 21:00:00,50.625001250000004
2021-06-09 22:00:00,0.0
2021-06-09 23:00:00,0.0
2021-06-10 00:00:00,0.0
2021-06-10 01:00:00,0.0
2021-06-10 02:00:00,0.0
2021-06-10 03:00:00,0.0
2021-06-10 04:00:00,0.0
2021-06-10 05:00:00,0.0
2021-06-10 06:00:00,0.0
2021-06-10 07:00:00,0.0
2021-06-10 08:00:00,0.0
2021-06-10 09:00:00,0.0
2021-06-10 10:00:00,0.0
2021-06-10 11:00:00,76.575000075
2021-06-10 12:00:00,296.3
2021-06-10 13:00:00,505.900005
2021-06-10 14:00:00,668.50001
2021-06-10 15:00:00,770.825
2021-06-10 16:00:00,800.15003
2021-06-10 17:00:00,756.75001
2021-06-10 18:00:00,645.1500100000001
2021-06-10 19:00:00,473.725
2021-06-10 20:00:00,260.1250025
2021-06-10 21:00:00,50.050002750000004
2021-06-10 22:00:00,0.0
2021-06-10 23:00:00,0.0
2021-06-11 00:00:00,0.0
2021-06-11 01:00:00,0.0
2021-06-11 02:00:00,0.0
2021-06-11 03:00:00,0.0
2021-06-11 04:00:00,0.0
2021-06-11 05:00:00,0.0
2021-06-11 06:00:00,0.0
2021-06-11 07:00:00,0.0
2021-06-11 08:00:00,0.0
2021-06-11 09:00:00,0.0
2021-06-11 10:00:00,0.0
2021-06-11 11:00:00,73.35
2021-06-11 12:00:00,291.42501
2021-06-11 13:00:00,497.62501499999996
2021-06-11 14:00:00,658.7250200000001
2021-06-11 15:00:00,759.4750200000001
2021-06-11 16:00:00,791.225
2021-06-11 17:00:00,751.175
2021-06-11 18:00:00,643.35001
2021-06-11 19:00:00,474.125
2021-06-11 20:00:00,261.425
2021-06-11 21:00:00,51.0
2021-06-11 22:00:00,0.0
2021-06-11 23:00:00,0.0
2021-06-12 00:00:00,0.0
2021-06-12 01:00:00,0.0
2021-06-12 02:00:00,0.0
2021-06-12 03:00:00,0.0
2021-06-12 04:00:00,0.0
2021-06-12 05:00:00,0.0
2021-06-12 06:00:00,0.0
2021-06-12 07:00:00,0.0
2021-06-12 08:00:00,0.0
2021-06-12 09:00:00,0.0
2021-06-12 10:00:00,0.0
2021-06-12 11:00:00,75.42500050000001
2021-06-12 12:00:00,295.650005
2021-06-12 13:00:00,506.300005
2021-06-12 14:00:00,670.75001
2021-06-12 15:00:00,772.70001
2021-06-12 16:00:00,804.875
2021-06-12 17:00:00,764.00002
2021-06-12 18:00:00,653.20001
2021-06-12 19:00:00,480.65
2021-06-12 20:00:00,264.0
2021-06-12 21:00:00,51.62500125
2021-06-12 22:00:00,0.0
2021-06-12 23:00:00,0.0
2021-06-13 00:00:00,0.0
2021-06-13 01:00:00,0.0
2021-06-13 02:00:00,0.0
2021-06-13 03:00:00,0.0
2021-06-13 04:00:00,0.0
2021-06-13 05:00:00,0.0
2021-06-13 06:00:00,0.0
2021-06-13 07:00:00,0.0
2021-06-13 08:00:00,0.0
2021-06-13 09:00:00,0.0
2021-06-13 10:00:00,0.0
2021-06-13 11:00:00,74.375
2021-06-13 12:00:00,283.3000025
2021-06-13 13:00:00,494.75
2021-06-13 14:00:00,660.225
2021-06-13 15:00:00,763.32503
2021-06-13 16:00:00,795.20001
2021-06-13 17:00:00,753.20001
2021-06-13 18:00:00,642.6750099999999
2021-06-13 19:00:00,469.15
2021-06-13 20:00:00,253.475005
2021-06-13 21:00:00,47.1
2021-06-13 22:00:00,0.0
2021-06-13 23:00:00,0.0
2021-06-14 00:00:00,0.0
2021-06-14 01:00:00,0.0
2021-06-14 02:00:00,0.0
2021-06-14 03:00:00,0.0
2021-06-14 04:00:00,0.0
2021-06-14 05:00:00,0.0
2021-06-14 06:00:00,0.0
2021-06-14 07:00:00,0.0
2021-06-14 08:00:00,0.0
2021-06-14 09:00:00,0.0
2021-06-14 10:00:00,0.0
2021-06-14 11:00:00,70.025
2021-06-14 12:00:00,292.525005
2021-06-14 13:00:00,502.525
2021-06-14 14:00:00,666.27501
2021-06-14 15:00:00,765.00001
2021-06-14 16:00:00,795.875
2021-06-14 17:00:00,753.8
2021-06-14 18:00:00,641.575
2021-06-14 19:00:00,470.4
2021-06-14 20:00:00,256.250005
2021-06-14 21:00:00,49.25
2021-06-14 22:00:00,0.0
2021-06-14 23:00:00,0.0
2021-06-15 00:00:00,0.0
2021-06-15 01:00:00,0.0
2021-06-15 02:00:00,0.0
2021-06-15 03:00:00,0.0
2021-06-15 04:00:00,0.0
2021-06-15 05:00:00,0.0
2021-06-15 06:00:00,0.0
2021-06-15 07:00:00,0.0
2021-06-15 08:00:00,0.0
2021-06-15 09:00:00,0.0
2021-06-15 10:00:00,0.0
2021-06-15 11:00:00,66.325
2021-06-15 12:00:00,276.050005
2021-06-15 13:00:00,479.90000499999996
2021-06-15 14:00:00,640.175
2021-06-15 15:00:00,738.82501
2021-06-15 16:00:00,769.60004
2021-06-15 17:00:00,727.4
2021-06-15 18:00:00,617.77502
2021-06-15 19:00:00,453.95000500000003
2021-06-15 20:00:00,246.075005
2021-06-15 21:00:00,44.825
2021-06-15 22:00:00,0.0
2021-06-15 23:00:00,0.0
2021-06-16 00:00:00,0.0
2021-06-16 01:00:00,0.0
2021-06-16 02:00:00,0.0
2021-06-16 03:00:00,0.0
2021-06-16 04:00:00,0.0
2021-06-16 05:00:00,0.0
2021-06-16 06:00:00,0.0
2021-06-16 07:00:00,0.0
2021-06-16 08:00:00,0.0
2021-06-16 09:00:00,0.0
2021-06-16 10:00:00,0.0
2021-06-16 11:00:00,68.4
2021-06-16 12:00:00,283.97501
2021-06-16 13:00:00,490.850015
2021-06-16 14:00:00,653.05
2021-06-16 15:00:00,754.72501
2021-06-16 16:00:00,785.45001
2021-06-16 17:00:00,745.30002
2021-06-16 18:00:00,639.7
2021-06-16 19:00:00,475.10001
2021-06-16 20:00:00,261.6
2021-06-16 21:00:00,51.6
2021-06-16 22:00:00,0.0
2021-06-16 23:00:00,0.0
2021-06-17 00:00:00,0.0
2021-06-17 01:00:00,0.0
2021-06-17 02:00:00,0.0
2021-06-17 03:00:00,0.0
2021-06-17 04:00:00,0.0
2021-06-17 05:00:00,0.0
2021-06-17 06:00:00,0.0
2021-06-17 07:00:00,0.0
2021-06-17 08:00:00,0.0
2021-06-17 09:00:00,0.0
2021-06-17 10:00:00,0.0
2021-06-17 11:00:00,69.6
2021-06-17 12:00:00,288.050005
2021-06-17 13:00:00,496.775
2021-06-17 14:00:00,660.025
2021-06-17 15:00:00,761.625
2021-06-17 16:00:00,793.17501
2021-06-17 17:00:00,754.3
2021-06-17 18:00:00,646.72502
2021-06-17 19:00:00,476.4
2021-06-17 20:00:00,263.1750025
2021-06-17 21:00:00,52.05000125
2021-06-17 22:00:00,0.0
2021-06-17 23:00:00,0.0
2021-06-18 00:00:00,0.0
2021-06-18 01:00:00,0.0
2021-06-18 02:00:00,0.0
2021-06-18 03:00:00,0.0
2021-06-18 04:00:00,0.0
2021-06-18 05:00:00,0.0
2021-06-18 06:00:00,0.0
2021-06-18 07:00:00,0.0
2021-06-18 08:00:00,0.0
2021-06-18 09:00:00,0.0
2021-06-18 10:00:00,0.0
2021-06-18 11:00:00,67.72500000000001
2021-06-18 12:00:00,282.5500075
2021-06-18 13:00:00,487.750005
2021-06-18 14:00:00,647.75
2021-06-18 15:00:00,747.30001
2021-06-18 16:00:00,779.35
2021-06-18 17:00:00,737.925
2021-06-18 18:00:00,629.7
2021-06-18 19:00:00,466.600015
2021-06-18 20:00:00,258.9
2021-06-18 21:00:00,43.925000250000004
2021-06-18 22:00:00,0.0
2021-06-18 23:00:00,0.0
2021-06-19 00:00:00,0.0
2021-06-19 01:00:00,0.0
2021-06-19 02:00:00,0.0
2021-06-19 03:00:00,0.0
2021-06-19 04:00:00,0.0
2021-06-19 05:00:00,0.0
2021-06-19 06:00:00,0.0
2021-06-19 07:00:00,0.0
2021-06-19 08:00:00,0.0
2021-06-19 09:00:00,0.0
2021-06-19 10:00:00,0.0
2021-06-19 11:00:00,67.95
2021-06-19 12:00:00,291.750005
2021-06-19 13:00:00,502.05001
2021-06-19 14:00:00,666.20002
2021-06-19 15:00:00,767.17502
2021-06-19 16:00:00,798.225
2021-06-19 17:00:00,755.85001
2021-06-19 18:00:00,644.425
2021-06-19 19:00:00,474.875
2021-06-19 20:00:00,264.35
2021-06-19 21:00:00,53.449999999999996
2021-06-19 22:00:00,0.0
2021-06-19 23:00:00,0.0
2021-06-20 00:00:00,0.0
2021-06-20 01:00:00,0.0
2021-06-20 02:00:00,0.0
2021-06-20 03:00:00,0.0
2021-06-20 04:00:00,0.0
2021-06-20 05:00:00,0.0
2021-06-20 06:00:00,0.0
2021-06-20 07:00:00,0.0
2021-06-20 08:00:00,0.0
2021-06-20 09:00:00,0.0
2021-06-20 10:00:00,0.0
2021-06-20 11:00:00,66.4
2021-06-20 12:00:00,282.35000249999996
2021-06-20 13:00:00,491.725005
2021-06-20 14:00:00,655.875
2021-06-20 15:00:00,757.85
2021-06-20 16:00:00,787.62501
2021-06-20 17:00:00,746.80001
2021-06-20 18:00:00,639.35001
2021-06-20 19:00:00,452.05
2021-06-20 20:00:00,181.025
2021-06-20 21:00:00,11.875
2021-06-20 22:00:00,0.0
2021-06-20 23:00:00,0.0
2021-06-21 00:00:00,0.0
2021-06-21 01:00:00,0.0
2021-06-21 02:00:00,0.0
2021-06-21 03:00:00,0.0
2021-06-21 04:00:00,0.0
2021-06-21 05:00:00,0.0
2021-06-21 06:00:00,0.0
2021-06-21 07:00:00,0.0
2021-06-21 08:00:00,0.0
2021-06-21 09:00:00,0.0
2021-06-21 10:00:00,0.0
2021-06-21 11:00:00,63.425
2021-06-21 12:00:00,270.6
2021-06-21 13:00:00,469.1
2021-06-21 14:00:00,625.55001
2021-06-21 15:00:00,688.60001
2021-06-21 16:00:00,779.20002
2021-06-21 17:00:00,737.60001
2021-06-21 18:00:00,607.82501
2021-06-21 19:00:00,422.15001
2021-06-21 20:00:00,212.75
2021-06-21 21:00:00,28.2750005
2021-06-21 22:00:00,0.0
2021-06-21 23:00:00,0.0
2021-06-22 00:00:00,0.0
2021-06-22 01:00:00,0.0
2021-06-22 02:00:00,0.0
2021-06-22 03:00:00,0.0
2021-06-22 04:00:00,0.0
2021-06-22 05:00:00,0.0
2021-06-22 06:00:00,0.0
2021-06-22 07:00:00,0.0
2021-06-22 08:00:00,0.0
2021-06-22 09:00:00,0.0
2021-06-22 10:00:00,0.0
2021-06-22 11:00:00,63.425
2021-06-22 12:00:00,272.1500025
2021-06-22 13:00:00,479.050005
2021-06-22 14:00:00,641.675
2021-06-22 15:00:00,743.2750100000001
2021-06-22 16:00:00,678.90001
2021-06-22 17:00:00,664.525
2021-06-22 18:00:00,627.225
2021-06-22 19:00:00,461.65
2021-06-22 20:00:00,204.27500750000002
2021-06-22 21:00:00,23.1500005
2021-06-22 22:00:00,0.0
2021-06-22 23:00:00,0.0
2021-06-23 00:00:00,0.0
2021-06-23 01:00:00,0.0
2021-06-23 02:00:00,0.0
2021-06-23 03:00:00,0.0
2021-06-23 04:00:00,0.0
2021-06-23 05:00:00,0.0
2021-06-23 06:00:00,0.0
2021-06-23 07:00:00,0.0
2021-06-23 08:00:00,0.0
2021-06-23 09:00:00,0.0
2021-06-23 10:00:00,0.0
2021-06-23 11:00:00,59.95000275
2021-06-23 12:00:00,265.675005
2021-06-23 13:00:00,468.475005
2021-06-23 14:00:00,627.175
2021-06-23 15:00:00,672.75
2021-06-23 16:00:00,698.30002
2021-06-23 17:00:00,613.625
2021-06-23 18:00:00,538.50001
2021-06-23 19:00:00,427.775
2021-06-23 20:00:00,225.325005
2021-06-23 21:00:00,44.0
2021-06-23 22:00:00,0.0
2021-06-23 23:00:00,0.0
2021-06-24 00:00:00,0.0
2021-06-24 01:00:00,0.0
2021-06-24 02:00:00,0.0
2021-06-24 03:00:00,0.0
2021-06-24 04:00:00,0.0
2021-06-24 05:00:00,0.0
2021-06-24 06:00:00,0.0
2021-06-24 07:00:00,0.0
2021-06-24 08:00:00,0.0
2021-06-24 09:00:00,0.0
2021-06-24 10:00:00,0.0
2021-06-24 11:00:00,66.375
2021-06-24 12:00:00,287.375005
2021-06-24 13:00:00,498.725
2021-06-24 14:00:00,664.6
2021-06-24 15:00:00,769.35002
2021-06-24 16:00:00,802.12502
2021-06-24 17:00:00,761.0500099999999
2021-06-24 18:00:00,649.2
2021-06-24 19:00:00,480.79999999999995
2021-06-24 20:00:00,269.65
2021-06-24 21:00:00,55.67500125
2021-06-24 22:00:00,0.0
2021-06-24 23:00:00,0.0
2021-06-25 00:00:00,0.0
2021-06-25 01:00:00,0.0
2021-06-25 02:00:00,0.0
2021-06-25 03:00:00,0.0
2021-06-25 04:00:00,0.0
2021-06-25 05:00:00,0.0
2021-06-25 06:00:00,0.0
2021-06-25 07:00:00,0.0
2021-06-25 08:00:00,0.0
2021-06-25 09:00:00,0.0
2021-06-25 10:00:00,0.0
2021-06-25 11:00:00,65.5000025
2021-06-25 12:00:00,281.175
2021-06-25 13:00:00,492.32501
2021-06-25 14:00:00,658.4250099999999
2021-06-25 15:00:00,762.525
2021-06-25 16:00:00,780.12501
2021-06-25 17:00:00,757.25
2021-06-25 18:00:00,646.775
2021-06-25 19:00:00,477.9
2021-06-25 20:00:00,265.95
2021-06-25 21:00:00,54.95000025
2021-06-25 22:00:00,0.0
2021-06-25 23:00:00,0.0
2021-06-26 00:00:00,0.0
2021-06-26 01:00:00,0.0
2021-06-26 02:00:00,0.0
2021-06-26 03:00:00,0.0
2021-06-26 04:00:00,0.0
2021-06-26 05:00:00,0.0
2021-06-26 06:00:00,0.0
2021-06-26 07:00:00,0.0
2021-06-26 08:00:00,0.0
2021-06-26 09:00:00,0.0
2021-06-26 10:00:00,0.0
2021-06-26 11:00:00,62.900000000000006
2021-06-26 12:00:00,277.975
2021-06-26 13:00:00,489.45000500000003
2021-06-26 14:00:00,654.87501
2021-06-26 15:00:00,758.025
2021-06-26 16:00:00,792.025
2021-06-26 17:00:00,754.87501
2021-06-26 18:00:00,650.9749999999999
2021-06-26 19:00:00,372.59999999999997
2021-06-26 20:00:00,155.7
2021-06-26 21:00:00,20.850000025
2021-06-26 22:00:00,0.0
2021-06-26 23:00:00,0.0
2021-06-27 00:00:00,0.0
2021-06-27 01:00:00,0.0
2021-06-27 02:00:00,0.0
2021-06-27 03:00:00,0.0
2021-06-27 04:00:00,0.0
2021-06-27 05:00:00,0.0
2021-06-27 06:00:00,0.0
2021-06-27 07:00:00,0.0
2021-06-27 08:00:00,0.0
2021-06-27 09:00:00,0.0
2021-06-27 10:00:00,0.0
2021-06-27 11:00:00,63.599999999999994
2021-06-27 12:00:00,279.4250075
2021-06-27 13:00:00,490.0
2021-06-27 14:00:00,654.75001
2021-06-27 15:00:00,759.05
2021-06-27 16:00:00,793.90002
2021-06-27 17:00:00,758.12501
2021-06-27 18:00:00,650.32501
2021-06-27 19:00:00,413.775
2021-06-27 20:00:00,204.7750025
2021-06-27 21:00:00,50.5
2021-06-27 22:00:00,0.0
2021-06-27 23:00:00,0.0
2021-06-28 00:00:00,0.0
2021-06-28 01:00:00,0.0
2021-06-28 02:00:00,0.0
2021-06-28 03:00:00,0.0
2021-06-28 04:00:00,0.0
2021-06-28 05:00:00,0.0
2021-06-28 06:00:00,0.0
2021-06-28 07:00:00,0.0
2021-06-28 08:00:00,0.0
2021-06-28 09:00:00,0.0
2021-06-28 10:00:00,0.0
2021-06-28 11:00:00,63.97500049999999
2021-06-28 12:00:00,277.325
2021-06-28 13:00:00,491.325
2021-06-28 14:00:00,658.55001
2021-06-28 15:00:00,764.975
2021-06-28 16:00:00,802.50001
2021-06-28 17:00:00,766.97501
2021-06-28 18:00:00,663.25
2021-06-28 19:00:00,492.125
2021-06-28 20:00:00,275.950005
2021-06-28 21:00:00,60.125
2021-06-28 22:00:00,0.0
2021-06-28 23:00:00,0.0
2021-06-29 00:00:00,0.0
2021-06-29 01:00:00,0.0
2021-06-29 02:00:00,0.0
2021-06-29 03:00:00,0.0
2021-06-29 04:00:00,0.0
2021-06-29 05:00:00,0.0
2021-06-29 06:00:00,0.0
2021-06-29 07:00:00,0.0
2021-06-29 08:00:00,0.0
2021-06-29 09:00:00,0.0
2021-06-29 10:00:00,0.0
2021-06-29 11:00:00,66.225
2021-06-29 12:00:00,285.27501
2021-06-29 13:00:00,501.02501500000005
2021-06-29 14:00:00,670.725
2021-06-29 15:00:00,777.4
2021-06-29 16:00:00,813.3
2021-06-29 17:00:00,774.2249999999999
2021-06-29 18:00:00,663.7750100000001
2021-06-29 19:00:00,492.600005
2021-06-29 20:00:00,276.85
2021-06-29 21:00:00,58.07500125
2021-06-29 22:00:00,0.0
2021-06-29 23:00:00,0.0
2021-06-30 00:00:00,0.0
2021-06-30 01:00:00,0.0
2021-06-30 02:00:00,0.0
2021-06-30 03:00:00,0.0
2021-06-30 04:00:00,0.0
2021-06-30 05:00:00,0.0
2021-06-30 06:00:00,0.0
2021-06-30 07:00:00,0.0
2021-06-30 08:00:00,0.0
2021-06-30 09:00:00,0.0
2021-06-30 10:00:00,0.0
2021-06-30 11:00:00,61.375
2021-06-30 12:00:00,282.375005
2021-06-30 13:00:00,495.04999999999995
2021-06-30 14:00:00,662.72501
2021-06-30 15:00:00,770.0
2021-06-30 16:00:00,806.50001
2021-06-30 17:00:00,769.5500099999999
2021-06-30 18:00:00,661.17501
2021-06-30 19:00:00,492.50001
2021-06-30 20:00:00,279.2
2021-06-30 21:00:00,61.100001250000005
2021-06-30 22:00:00,0.0
2021-06-30 23:00:00,0.0
2021-07-01 00:00:00,0.0
2021-07-01 01:00:00,0.0
2021-07-01 02:00:00,0.0
2021-07-01 03:00:00,0.0
2021-07-01 04:00:00,0.0
2021-07-01 05:00:00,0.0
2021-07-01 06:00:00,0.0
2021-07-01 07:00:00,0.0
2021-07-01 08:00:00,0.0
2021-07-01 09:00:00,0.0
2021-07-01 10:00:00,0.0
2021-07-01 11:00:00,63.4000025
2021-07-01 12:00:00,267.100005
2021-07-01 13:00:00,480.125
2021-07-01 14:00:00,648.95001
2021-07-01 15:00:00,759.925
2021-07-01 16:00:00,796.4
2021-07-01 17:00:00,759.50001
2021-07-01 18:00:00,656.62502
2021-07-01 19:00:00,487.90002000000004
2021-07-01 20:00:00,274.3500025
2021-07-01 21:00:00,59.62500275
2021-07-01 22:00:00,0.0
2021-07-01 23:00:00,0.0
2021-07-02 00:00:00,0.0
2021-07-02 01:00:00,0.0
2021-07-02 02:00:00,0.0
2021-07-02 03:00:00,0.0
2021-07-02 04:00:00,0.0
2021-07-02 05:00:00,0.0
2021-07-02 06:00:00,0.0
2021-07-02 07:00:00,0.0
2021-07-02 08:00:00,0.0
2021-07-02 09:00:00,0.0
2021-07-02 10:00:00,0.0
2021-07-02 11:00:00,62.02500375
2021-07-02 12:00:00,281.82500500000003
2021-07-02 13:00:00,494.85
2021-07-02 14:00:00,662.925
2021-07-02 15:00:00,769.60001
2021-07-02 16:00:00,806.2
2021-07-02 17:00:00,769.87502
2021-07-02 18:00:00,664.55
2021-07-02 19:00:00,496.425005
2021-07-02 20:00:00,282.45
2021-07-02 21:00:00,62.4
2021-07-02 22:00:00,0.0
2021-07-02 23:00:00,0.0
2021-07-03 00:00:00,0.0
2021-07-03 01:00:00,0.0
2021-07-03 02:00:00,0.0
2021-07-03 03:00:00,0.0
2021-07-03 04:00:00,0.0
2021-07-03 05:00:00,0.0
2021-07-03 06:00:00,0.0
2021-07-03 07:00:00,0.0
2021-07-03 08:00:00,0.0
2021-07-03 09:00:00,0.0
2021-07-03 10:00:00,0.0
2021-07-03 11:00:00,62.775
2021-07-03 12:00:00,271.550005
2021-07-03 13:00:00,484.850015
2021-07-03 14:00:00,653.9749999999999
2021-07-03 15:00:00,762.22501
2021-07-03 16:00:00,798.37502
2021-07-03 17:00:00,760.85001
2021-07-03 18:00:00,653.95001
2021-07-03 19:00:00,486.32501
2021-07-03 20:00:00,273.5500025
2021-07-03 21:00:00,58.92500125
2021-07-03 22:00:00,0.0
2021-07-03 23:00:00,0.0
2021-07-04 00:00:00,0.0
2021-07-04 01:00:00,0.0
2021-07-04 02:00:00,0.0
2021-07-04 03:00:00,0.0
2021-07-04 04:00:00,0.0
2021-07-04 05:00:00,0.0
2021-07-04 06:00:00,0.0
2021-07-04 07:00:00,0.0
2021-07-04 08:00:00,0.0
2021-07-04 09:00:00,0.0
2021-07-04 10:00:00,0.0
2021-07-04 11:00:00,61.224999999999994
2021-07-04 12:00:00,274.5500075
2021-07-04 13:00:00,488.775
2021-07-04 14:00:00,658.30001
2021-07-04 15:00:00,767.925
2021-07-04 16:00:00,805.60002
2021-07-04 17:00:00,769.37501
2021-07-04 18:00:00,662.3000099999999
2021-07-04 19:00:00,493.025
2021-07-04 20:00:00,279.000005
2021-07-04 21:00:00,61.750003750000005
2021-07-04 22:00:00,0.0
2021-07-04 23:00:00,0.0
2021-07-05 00:00:00,0.0
2021-07-05 01:00:00,0.0
2021-07-05 02:00:00,0.0
2021-07-05 03:00:00,0.0
2021-07-05 04:00:00,0.0
2021-07-05 05:00:00,0.0
2021-07-05 06:00:00,0.0
2021-07-05 07:00:00,0.0
2021-07-05 08:00:00,0.0
2021-07-05 09:00:00,0.0
2021-07-05 10:00:00,0.0
2021-07-05 11:00:00,60.45000025
2021-07-05 12:00:00,270.0
2021-07-05 13:00:00,483.650015
2021-07-05 14:00:00,653.05
2021-07-05 15:00:00,762.5250100000001
2021-07-05 16:00:00,800.05001
2021-07-05 17:00:00,764.25
2021-07-05 18:00:00,658.07501
2021-07-05 19:00:00,489.65001
2021-07-05 20:00:00,276.125
2021-07-05 21:00:00,59.775
2021-07-05 22:00:00,0.0
2021-07-05 23:00:00,0.0
2021-07-06 00:00:00,0.0
2021-07-06 01:00:00,0.0
2021-07-06 02:00:00,0.0
2021-07-06 03:00:00,0.0
2021-07-06 04:00:00,0.0
2021-07-06 05:00:00,0.0
2021-07-06 06:00:00,0.0
2021-07-06 07:00:00,0.0
2021-07-06 08:00:00,0.0
2021-07-06 09:00:00,0.0
2021-07-06 10:00:00,0.0
2021-07-06 11:00:00,59.550000250000004
2021-07-06 12:00:00,266.57500500000003
2021-07-06 13:00:00,478.9
2021-07-06 14:00:00,647.10001
2021-07-06 15:00:00,758.07503
2021-07-06 16:00:00,794.87501
2021-07-06 17:00:00,758.47501
2021-07-06 18:00:00,651.50002
2021-07-06 19:00:00,483.95000500000003
2021-07-06 20:00:00,273.7
2021-07-06 21:00:00,62.8000005
2021-07-06 22:00:00,0.0
2021-07-06 23:00:00,0.0
2021-07-07 00:00:00,0.0
2021-07-07 01:00:00,0.0
2021-07-07 02:00:00,0.0
2021-07-07 03:00:00,0.0
2021-07-07 04:00:00,0.0
2021-07-07 05:00:00,0.0
2021-07-07 06:00:00,0.0
2021-07-07 07:00:00,0.0
2021-07-07 08:00:00,0.0
2021-07-07 09:00:00,0.0
2021-07-07 10:00:00,0.0
2021-07-07 11:00:00,61.925000250000004
2021-07-07 12:00:00,278.175005
2021-07-07 13:00:00,491.85001
2021-07-07 14:00:00,659.32502
2021-07-07 15:00:00,767.725
2021-07-07 16:00:00,802.4
2021-07-07 17:00:00,765.57501
2021-07-07 18:00:00,656.55001
2021-07-07 19:00:00,489.825015
2021-07-07 20:00:00,280.175005
2021-07-07 21:00:00,64.3
2021-07-07 22:00:00,0.0
2021-07-07 23:00:00,0.0
2021-07-08 00:00:00,0.0
2021-07-08 01:00:00,0.0
2021-07-08 02:00:00,0.0
2021-07-08 03:00:00,0.0
2021-07-08 04:00:00,0.0
2021-07-08 05:00:00,0.0
2021-07-08 06:00:00,0.0
2021-07-08 07:00:00,0.0
2021-07-08 08:00:00,0.0
2021-07-08 09:00:00,0.0
2021-07-08 10:00:00,0.0
2021-07-08 11:00:00,61.50000275
2021-07-08 12:00:00,270.82500749999997
2021-07-08 13:00:00,481.150015
2021-07-08 14:00:00,648.75001
2021-07-08 15:00:00,754.25
2021-07-08 16:00:00,792.2750100000001
2021-07-08 17:00:00,756.675
2021-07-08 18:00:00,649.1999999999999
2021-07-08 19:00:00,484.150015
2021-07-08 20:00:00,275.2
2021-07-08 21:00:00,60.450003
2021-07-08 22:00:00,0.0
2021-07-08 23:00:00,0.0
2021-07-09 00:00:00,0.0
2021-07-09 01:00:00,0.0
2021-07-09 02:00:00,0.0
2021-07-09 03:00:00,0.0
2021-07-09 04:00:00,0.0
2021-07-09 05:00:00,0.0
2021-07-09 06:00:00,0.0
2021-07-09 07:00:00,0.0
2021-07-09 08:00:00,0.0
2021-07-09 09:00:00,0.0
2021-07-09 10:00:00,0.0
2021-07-09 11:00:00,62.199999999999996
2021-07-09 12:00:00,280.0750025
2021-07-09 13:00:00,495.375
2021-07-09 14:00:00,665.50001
2021-07-09 15:00:00,773.575
2021-07-09 16:00:00,811.8
2021-07-09 17:00:00,776.15
2021-07-09 18:00:00,668.4
2021-07-09 19:00:00,499.2
2021-07-09 20:00:00,285.175005
2021-07-09 21:00:00,66.2000005
2021-07-09 22:00:00,0.0
2021-07-09 23:00:00,0.0
2021-07-10 00:00:00,0.0
2021-07-10 01:00:00,0.0
2021-07-10 02:00:00,0.0
2021-07-10 03:00:00,0.0
2021-07-10 04:00:00,0.0
2021-07-10 05:00:00,0.0
2021-07-10 06:00:00,0.0
2021-07-10 07:00:00,0.0
2021-07-10 08:00:00,0.0
2021-07-10 09:00:00,0.0
2021-07-10 10:00:00,0.0
2021-07-10 11:00:00,63.599999999999994
2021-07-10 12:00:00,277.95
2021-07-10 13:00:00,492.20001
2021-07-10 14:00:00,662.125
2021-07-10 15:00:00,768.9000100000001
2021-07-10 16:00:00,806.9250099999999
2021-07-10 17:00:00,771.00002
2021-07-10 18:00:00,662.82501
2021-07-10 19:00:00,489.125015
2021-07-10 20:00:00,274.65001
2021-07-10 21:00:00,64.60000001
2021-07-10 22:00:00,0.0
2021-07-10 23:00:00,0.0
2021-07-11 00:00:00,0.0
2021-07-11 01:00:00,0.0
2021-07-11 02:00:00,0.0
2021-07-11 03:00:00,0.0
2021-07-11 04:00:00,0.0
2021-07-11 05:00:00,0.0
2021-07-11 06:00:00,0.0
2021-07-11 07:00:00,0.0
2021-07-11 08:00:00,0.0
2021-07-11 09:00:00,0.0
2021-07-11 10:00:00,0.0
2021-07-11 11:00:00,60.05
2021-07-11 12:00:00,269.7750075
2021-07-11 13:00:00,478.97501
2021-07-11 14:00:00,644.9000100000001
2021-07-11 15:00:00,754.85001
2021-07-11 16:00:00,791.75001
2021-07-11 17:00:00,756.45
2021-07-11 18:00:00,654.0
2021-07-11 19:00:00,492.125
2021-07-11 20:00:00,286.0500025
2021-07-11 21:00:00,69.50000175
2021-07-11 22:00:00,0.0
2021-07-11 23:00:00,0.0
2021-07-12 00:00:00,0.0
2021-07-12 01:00:00,0.0
2021-07-12 02:00:00,0.0
2021-07-12 03:00:00,0.0
2021-07-12 04:00:00,0.0
2021-07-12 05:00:00,0.0
2021-07-12 06:00:00,0.0
2021-07-12 07:00:00,0.0
2021-07-12 08:00:00,0.0
2021-07-12 09:00:00,0.0
2021-07-12 10:00:00,0.0
2021-07-12 11:00:00,60.57500025
2021-07-12 12:00:00,272.725005
2021-07-12 13:00:00,479.35
2021-07-12 14:00:00,643.45
2021-07-12 15:00:00,747.00002
2021-07-12 16:00:00,784.225
2021-07-12 17:00:00,702.95002
2021-07-12 18:00:00,511.6
2021-07-12 19:00:00,420.325
2021-07-12 20:00:00,278.925
2021-07-12 21:00:00,64.1000025
2021-07-12 22:00:00,0.0
2021-07-12 23:00:00,0.0
2021-07-13 00:00:00,0.0
2021-07-13 01:00:00,0.0
2021-07-13 02:00:00,0.0
2021-07-13 03:00:00,0.0
2021-07-13 04:00:00,0.0
2021-07-13 05:00:00,0.0
2021-07-13 06:00:00,0.0
2021-07-13 07:00:00,0.0
2021-07-13 08:00:00,0.0
2021-07-13 09:00:00,0.0
2021-07-13 10:00:00,0.0
2021-07-13 11:00:00,57.475
2021-07-13 12:00:00,267.400005
2021-07-13 13:00:00,473.275005
2021-07-13 14:00:00,637.12501
2021-07-13 15:00:00,741.575
2021-07-13 16:00:00,744.87502
2021-07-13 17:00:00,725.2
2021-07-13 18:00:00,471.675
2021-07-13 19:00:00,271.100005
2021-07-13 20:00:00,99.40000125
2021-07-13 21:00:00,28.825
2021-07-13 22:00:00,0.0
2021-07-13 23:00:00,0.0
2021-07-14 00:00:00,0.0
2021-07-14 01:00:00,0.0
2021-07-14 02:00:00,0.0
2021-07-14 03:00:00,0.0
2021-07-14 04:00:00,0.0
2021-07-14 05:00:00,0.0
2021-07-14 06:00:00,0.0
2021-07-14 07:00:00,0.0
2021-07-14 08:00:00,0.0
2021-07-14 09:00:00,0.0
2021-07-14 10:00:00,0.0
2021-07-14 11:00:00,62.4
2021-07-14 12:00:00,270.57500749999997
2021-07-14 13:00:00,479.400005
2021-07-14 14:00:00,646.25002
2021-07-14 15:00:00,747.1000133333333
2021-07-14 16:00:00,797.5
2021-07-14 17:00:00,763.25001
2021-07-14 18:00:00,660.675
2021-07-14 19:00:00,496.700015
2021-07-14 20:00:00,290.175
2021-07-14 21:00:00,73.7000005
2021-07-14 22:00:00,0.0
2021-07-14 23:00:00,0.0
2021-07-15 00:00:00,0.0
2021-07-15 01:00:00,0.0
2021-07-15 02:00:00,0.0
2021-07-15 03:00:00,0.0
2021-07-15 04:00:00,0.0
2021-07-15 05:00:00,0.0
2021-07-15 06:00:00,0.0
2021-07-15 07:00:00,0.0
2021-07-15 08:00:00,0.0
2021-07-15 09:00:00,0.0
2021-07-15 10:00:00,0.0
2021-07-15 11:00:00,64.42500125
2021-07-15 12:00:00,279.8250025
2021-07-15 13:00:00,491.47501
2021-07-15 14:00:00,659.57501
2021-07-15 15:00:00,768.82502
2021-07-15 16:00:00,806.9000100000001
2021-07-15 17:00:00,774.0
2021-07-15 18:00:00,670.0
2021-07-15 19:00:00,503.75
2021-07-15 20:00:00,295.3500025
2021-07-15 21:00:00,76.14999999999999
2021-07-15 22:00:00,0.0
2021-07-15 23:00:00,0.0
2021-07-16 00:00:00,0.0
2021-07-16 01:00:00,0.0
2021-07-16 02:00:00,0.0
2021-07-16 03:00:00,0.0
2021-07-16 04:00:00,0.0
2021-07-16 05:00:00,0.0
2021-07-16 06:00:00,0.0
2021-07-16 07:00:00,0.0
2021-07-16 08:00:00,0.0
2021-07-16 09:00:00,0.0
2021-07-16 10:00:00,0.0
2021-07-16 11:00:00,66.4250025
2021-07-16 12:00:00,287.15
2021-07-16 13:00:00,502.175
2021-07-16 14:00:00,671.975
2021-07-16 15:00:00,723.55001
2021-07-16 16:00:00,732.70002
2021-07-16 17:00:00,757.4250099999999
2021-07-16 18:00:00,681.825
2021-07-16 19:00:00,515.8000049999999
2021-07-16 20:00:00,303.800005
2021-07-16 21:00:00,65.3500005
2021-07-16 22:00:00,0.0
2021-07-16 23:00:00,0.0
2021-07-17 00:00:00,0.0
2021-07-17 01:00:00,0.0
2021-07-17 02:00:00,0.0
2021-07-17 03:00:00,0.0
2021-07-17 04:00:00,0.0
2021-07-17 05:00:00,0.0
2021-07-17 06:00:00,0.0
2021-07-17 07:00:00,0.0
2021-07-17 08:00:00,0.0
2021-07-17 09:00:00,0.0
2021-07-17 10:00:00,0.0
2021-07-17 11:00:00,66.37500125
2021-07-17 12:00:00,286.225005
2021-07-17 13:00:00,502.87501000000003
2021-07-17 14:00:00,674.6500100000001
2021-07-17 15:00:00,783.00001
2021-07-17 16:00:00,822.07502
2021-07-17 17:00:00,786.0500099999999
2021-07-17 18:00:00,673.8
2021-07-17 19:00:00,504.90001
2021-07-17 20:00:00,293.0
2021-07-17 21:00:00,75.05000050000001
2021-07-17 22:00:00,0.0
2021-07-17 23:00:00,0.0
2021-07-18 00:00:00,0.0
2021-07-18 01:00:00,0.0
2021-07-18 02:00:00,0.0
2021-07-18 03:00:00,0.0
2021-07-18 04:00:00,0.0
2021-07-18 05:00:00,0.0
2021-07-18 06:00:00,0.0
2021-07-18 07:00:00,0.0
2021-07-18 08:00:00,0.0
2021-07-18 09:00:00,0.0
2021-07-18 10:00:00,0.0
2021-07-18 11:00:00,63.95
2021-07-18 12:00:00,284.7250025
2021-07-18 13:00:00,499.400005
2021-07-18 14:00:00,670.2
2021-07-18 15:00:00,780.6500100000001
2021-07-18 16:00:00,819.5
2021-07-18 17:00:00,776.15
2021-07-18 18:00:00,681.47501
2021-07-18 19:00:00,515.5250100000001
2021-07-18 20:00:00,304.025
2021-07-18 21:00:00,76.75000250000001
2021-07-18 22:00:00,0.0
2021-07-18 23:00:00,0.0
2021-07-19 00:00:00,0.0
2021-07-19 01:00:00,0.0
2021-07-19 02:00:00,0.0
2021-07-19 03:00:00,0.0
2021-07-19 04:00:00,0.0
2021-07-19 05:00:00,0.0
2021-07-19 06:00:00,0.0
2021-07-19 07:00:00,0.0
2021-07-19 08:00:00,0.0
2021-07-19 09:00:00,0.0
2021-07-19 10:00:00,0.0
2021-07-19 11:00:00,65.725
2021-07-19 12:00:00,272.7750025
2021-07-19 13:00:00,485.25001000000003
2021-07-19 14:00:00,654.97501
2021-07-19 15:00:00,763.07502
2021-07-19 16:00:00,802.1500100000001
2021-07-19 17:00:00,767.90001
2021-07-19 18:00:00,665.4749999999999
2021-07-19 19:00:00,500.32500500000003
2021-07-19 20:00:00,290.325
2021-07-19 21:00:00,80.700005
2021-07-19 22:00:00,0.0
2021-07-19 23:00:00,0.0
2021-07-20 00:00:00,0.0
2021-07-20 01:00:00,0.0
2021-07-20 02:00:00,0.0
2021-07-20 03:00:00,0.0
2021-07-20 04:00:00,0.0
2021-07-20 05:00:00,0.0
2021-07-20 06:00:00,0.0
2021-07-20 07:00:00,0.0
2021-07-20 08:00:00,0.0
2021-07-20 09:00:00,0.0
2021-07-20 10:00:00,0.0
2021-07-20 11:00:00,67.62500125
2021-07-20 12:00:00,284.300005
2021-07-20 13:00:00,497.52500499999996
2021-07-20 14:00:00,667.65
2021-07-20 15:00:00,776.75
2021-07-20 16:00:00,816.57502
2021-07-20 17:00:00,781.92502
2021-07-20 18:00:00,674.1
2021-07-20 19:00:00,507.375
2021-07-20 20:00:00,290.600005
2021-07-20 21:00:00,47.8250005
2021-07-20 22:00:00,0.0
2021-07-20 23:00:00,0.0
2021-07-21 00:00:00,0.0
2021-07-21 01:00:00,0.0
2021-07-21 02:00:00,0.0
2021-07-21 03:00:00,0.0
2021-07-21 04:00:00,0.0
2021-07-21 05:00:00,0.0
2021-07-21 06:00:00,0.0
2021-07-21 07:00:00,0.0
2021-07-21 08:00:00,0.0
2021-07-21 09:00:00,0.0
2021-07-21 10:00:00,0.0
2021-07-21 11:00:00,64.9250025
2021-07-21 12:00:00,285.975
2021-07-21 13:00:00,522.2000133333333
2021-07-21 14:00:00,666.05001
2021-07-21 15:00:00,776.6750099999999
2021-07-21 16:00:00,817.025
2021-07-21 17:00:00,784.45001
2021-07-21 18:00:00,682.15002
2021-07-21 19:00:00,517.80001
2021-07-21 20:00:00,308.300005
2021-07-21 21:00:00,84.72500124999999
2021-07-21 22:00:00,0.0
2021-07-21 23:00:00,0.0
2021-07-22 00:00:00,0.0
2021-07-22 01:00:00,0.0
2021-07-22 02:00:00,0.0
2021-07-22 03:00:00,0.0
2021-07-22 04:00:00,0.0
2021-07-22 05:00:00,0.0
2021-07-22 06:00:00,0.0
2021-07-22 07:00:00,0.0
2021-07-22 08:00:00,0.0
2021-07-22 09:00:00,0.0
2021-07-22 10:00:00,0.0
2021-07-22 11:00:00,70.42500425
2021-07-22 12:00:00,288.075
2021-07-22 13:00:00,500.35001
2021-07-22 14:00:00,669.2
2021-07-22 15:00:00,778.95001
2021-07-22 16:00:00,819.45001
2021-07-22 17:00:00,785.8
2021-07-22 18:00:00,681.95
2021-07-22 19:00:00,518.7750100000001
2021-07-22 20:00:00,309.4750025
2021-07-22 21:00:00,84.8
2021-07-22 22:00:00,0.0
2021-07-22 23:00:00,0.0
2021-07-23 00:00:00,0.0
2021-07-23 01:00:00,0.0
2021-07-23 02:00:00,0.0
2021-07-23 03:00:00,0.0
2021-07-23 04:00:00,0.0
2021-07-23 05:00:00,0.0
2021-07-23 06:00:00,0.0
2021-07-23 07:00:00,0.0
2021-07-23 08:00:00,0.0
2021-07-23 09:00:00,0.0
2021-07-23 10:00:00,0.0
2021-07-23 11:00:00,70.32500375000001
2021-07-23 12:00:00,294.05
2021-07-23 13:00:00,509.725
2021-07-23 14:00:00,680.075
2021-07-23 15:00:00,788.67502
2021-07-23 16:00:00,826.60001
2021-07-23 17:00:00,791.1
2021-07-23 18:00:00,684.92501
2021-07-23 19:00:00,518.525015
2021-07-23 20:00:00,307.27500499999996
2021-07-23 21:00:00,62.6250025
2021-07-23 22:00:00,0.0
2021-07-23 23:00:00,0.0
2021-07-24 00:00:00,0.0
2021-07-24 01:00:00,0.0
2021-07-24 02:00:00,0.0
2021-07-24 03:00:00,0.0
2021-07-24 04:00:00,0.0
2021-07-24 05:00:00,0.0
2021-07-24 06:00:00,0.0
2021-07-24 07:00:00,0.0
2021-07-24 08:00:00,0.0
2021-07-24 09:00:00,0.0
2021-07-24 10:00:00,0.0
2021-07-24 11:00:00,68.725
2021-07-24 12:00:00,286.8250025
2021-07-24 13:00:00,498.09999999999997
2021-07-24 14:00:00,666.45003
2021-07-24 15:00:00,776.225
2021-07-24 16:00:00,815.62501
2021-07-24 17:00:00,723.0250100000001
2021-07-24 18:00:00,413.3
2021-07-24 19:00:00,320.9
2021-07-24 20:00:00,271.425
2021-07-24 21:00:00,40.3250005
2021-07-24 22:00:00,0.0
2021-07-24 23:00:00,0.0
2021-07-25 00:00:00,0.0
2021-07-25 01:00:00,0.0
2021-07-25 02:00:00,0.0
2021-07-25 03:00:00,0.0
2021-07-25 04:00:00,0.0
2021-07-25 05:00:00,0.0
2021-07-25 06:00:00,0.0
2021-07-25 07:00:00,0.0
2021-07-25 08:00:00,0.0
2021-07-25 09:00:00,0.0
2021-07-25 10:00:00,0.0
2021-07-25 11:00:00,67.75000125
2021-07-25 12:00:00,288.525
2021-07-25 13:00:00,500.45001
2021-07-25 14:00:00,668.1500100000001
2021-07-25 15:00:00,774.075
2021-07-25 16:00:00,680.025
2021-07-25 17:00:00,311.250005
2021-07-25 18:00:00,276.07500749999997
2021-07-25 19:00:00,230.3000075
2021-07-25 20:00:00,150.65000125
2021-07-25 21:00:00,31.000001750000003
2021-07-25 22:00:00,0.0
2021-07-25 23:00:00,0.0
2021-07-26 00:00:00,0.0
2021-07-26 01:00:00,0.0
2021-07-26 02:00:00,0.0
2021-07-26 03:00:00,0.0
2021-07-26 04:00:00,0.0
2021-07-26 05:00:00,0.0
2021-07-26 06:00:00,0.0
2021-07-26 07:00:00,0.0
2021-07-26 08:00:00,0.0
2021-07-26 09:00:00,0.0
2021-07-26 10:00:00,0.0
2021-07-26 11:00:00,74.000000025
2021-07-26 12:00:00,296.375005
2021-07-26 13:00:00,512.225
2021-07-26 14:00:00,683.95
2021-07-26 15:00:00,795.125
2021-07-26 16:00:00,837.65
2021-07-26 17:00:00,805.075
2021-07-26 18:00:00,680.875
2021-07-26 19:00:00,528.575
2021-07-26 20:00:00,297.1500025
2021-07-26 21:00:00,72.00000250000001
2021-07-26 22:00:00,0.0
2021-07-26 23:00:00,0.0
2021-07-27 00:00:00,0.0
2021-07-27 01:00:00,0.0
2021-07-27 02:00:00,0.0
2021-07-27 03:00:00,0.0
2021-07-27 04:00:00,0.0
2021-07-27 05:00:00,0.0
2021-07-27 06:00:00,0.0
2021-07-27 07:00:00,0.0
2021-07-27 08:00:00,0.0
2021-07-27 09:00:00,0.0
2021-07-27 10:00:00,0.0
2021-07-27 11:00:00,78.025002575
2021-07-27 12:00:00,299.225
2021-07-27 13:00:00,517.950015
2021-07-27 14:00:00,690.37503
2021-07-27 15:00:00,800.5749999999999
2021-07-27 16:00:00,840.875
2021-07-27 17:00:00,807.75
2021-07-27 18:00:00,700.50001
2021-07-27 19:00:00,531.975
2021-07-27 20:00:00,318.72499999999997
2021-07-27 21:00:00,90.7500025
2021-07-27 22:00:00,0.0
2021-07-27 23:00:00,0.0
2021-07-28 00:00:00,0.0
2021-07-28 01:00:00,0.0
2021-07-28 02:00:00,0.0
2021-07-28 03:00:00,0.0
2021-07-28 04:00:00,0.0
2021-07-28 05:00:00,0.0
2021-07-28 06:00:00,0.0
2021-07-28 07:00:00,0.0
2021-07-28 08:00:00,0.0
2021-07-28 09:00:00,0.0
2021-07-28 10:00:00,0.0
2021-07-28 11:00:00,76.725000575
2021-07-28 12:00:00,299.07501
2021-07-28 13:00:00,518.050025
2021-07-28 14:00:00,691.12502
2021-07-28 15:00:00,799.12503
2021-07-28 16:00:00,838.025
2021-07-28 17:00:00,805.375
2021-07-28 18:00:00,699.5
2021-07-28 19:00:00,530.475005
2021-07-28 20:00:00,316.25
2021-07-28 21:00:00,59.77500025
2021-07-28 22:00:00,0.0
2021-07-28 23:00:00,0.0
2021-07-29 00:00:00,0.0
2021-07-29 01:00:00,0.0
2021-07-29 02:00:00,0.0
2021-07-29 03:00:00,0.0
2021-07-29 04:00:00,0.0
2021-07-29 05:00:00,0.0
2021-07-29 06:00:00,0.0
2021-07-29 07:00:00,0.0
2021-07-29 08:00:00,0.0
2021-07-29 09:00:00,0.0
2021-07-29 10:00:00,0.0
2021-07-29 11:00:00,76.125
2021-07-29 12:00:00,300.675005
2021-07-29 13:00:00,517.9000149999999
2021-07-29 14:00:00,689.82502
2021-07-29 15:00:00,801.0
2021-07-29 16:00:00,840.35001
2021-07-29 17:00:00,807.60002
2021-07-29 18:00:00,702.80001
2021-07-29 19:00:00,535.72501
2021-07-29 20:00:00,322.45
2021-07-29 21:00:00,87.375
2021-07-29 22:00:00,0.0
2021-07-29 23:00:00,0.0
2021-07-30 00:00:00,0.0
2021-07-30 01:00:00,0.0
2021-07-30 02:00:00,0.0
2021-07-30 03:00:00,0.0
2021-07-30 04:00:00,0.0
2021-07-30 05:00:00,0.0
2021-07-30 06:00:00,0.0
2021-07-30 07:00:00,0.0
2021-07-30 08:00:00,0.0
2021-07-30 09:00:00,0.0
2021-07-30 10:00:00,0.0
2021-07-30 11:00:00,80.025
2021-07-30 12:00:00,310.25001
2021-07-30 13:00:00,529.250005
2021-07-30 14:00:00,701.9000100000001
2021-07-30 15:00:00,811.40001
2021-07-30 16:00:00,849.50001
2021-07-30 17:00:00,795.55003
2021-07-30 18:00:00,633.2
2021-07-30 19:00:00,330.200005
2021-07-30 20:00:00,206.07500375
2021-07-30 21:00:00,46.3000005
2021-07-30 22:00:00,0.0
2021-07-30 23:00:00,0.0
2021-07-31 00:00:00,0.0
2021-07-31 01:00:00,0.0
2021-07-31 02:00:00,0.0
2021-07-31 03:00:00,0.0
2021-07-31 04:00:00,0.0
2021-07-31 05:00:00,0.0
2021-07-31 06:00:00,0.0
2021-07-31 07:00:00,0.0
2021-07-31 08:00:00,0.0
2021-07-31 09:00:00,0.0
2021-07-31 10:00:00,0.0
2021-07-31 11:00:00,82.05000025
2021-07-31 12:00:00,301.025
2021-07-31 13:00:00,516.975005
2021-07-31 14:00:00,688.67501
2021-07-31 15:00:00,799.27501
2021-07-31 16:00:00,839.625
2021-07-31 17:00:00,805.65
2021-07-31 18:00:00,697.15
2021-07-31 19:00:00,528.825015
2021-07-31 20:00:00,316.62501
2021-07-31 21:00:00,37.10000025
2021-07-31 22:00:00,0.0
2021-07-31 23:00:00,0.0
2021-08-01 00:00:00,0.0
2021-08-01 01:00:00,0.0
2021-08-01 02:00:00,0.0
2021-08-01 03:00:00,0.0
2021-08-01 04:00:00,0.0
2021-08-01 05:00:00,0.0
2021-08-01 06:00:00,0.0
2021-08-01 07:00:00,0.0
2021-08-01 08:00:00,0.0
2021-08-01 09:00:00,0.0
2021-08-01 10:00:00,0.0
2021-08-01 11:00:00,80.7
2021-08-01 12:00:00,306.65
2021-08-01 13:00:00,523.77501
2021-08-01 14:00:00,696.32501
2021-08-01 15:00:00,806.02502
2021-08-01 16:00:00,845.20001
2021-08-01 17:00:00,808.97501
2021-08-01 18:00:00,700.55002
2021-08-01 19:00:00,533.325005
2021-08-01 20:00:00,313.3750125
2021-08-01 21:00:00,77.85
2021-08-01 22:00:00,0.0
2021-08-01 23:00:00,0.0
2021-08-02 00:00:00,0.0
2021-08-02 01:00:00,0.0
2021-08-02 02:00:00,0.0
2021-08-02 03:00:00,0.0
2021-08-02 04:00:00,0.0
2021-08-02 05:00:00,0.0
2021-08-02 06:00:00,0.0
2021-08-02 07:00:00,0.0
2021-08-02 08:00:00,0.0
2021-08-02 09:00:00,0.0
2021-08-02 10:00:00,0.0
2021-08-02 11:00:00,80.8750005
2021-08-02 12:00:00,301.125005
2021-08-02 13:00:00,518.22501
2021-08-02 14:00:00,691.175
2021-08-02 15:00:00,801.1000200000001
2021-08-02 16:00:00,841.8000099999999
2021-08-02 17:00:00,806.0250100000001
2021-08-02 18:00:00,692.6500100000001
2021-08-02 19:00:00,522.975005
2021-08-02 20:00:00,310.2750075
2021-08-02 21:00:00,87.25000375
2021-08-02 22:00:00,0.0
2021-08-02 23:00:00,0.0
2021-08-03 00:00:00,0.0
2021-08-03 01:00:00,0.0
2021-08-03 02:00:00,0.0
2021-08-03 03:00:00,0.0
2021-08-03 04:00:00,0.0
2021-08-03 05:00:00,0.0
2021-08-03 06:00:00,0.0
2021-08-03 07:00:00,0.0
2021-08-03 08:00:00,0.0
2021-08-03 09:00:00,0.0
2021-08-03 10:00:00,0.0
2021-08-03 11:00:00,79.875
2021-08-03 12:00:00,304.5
2021-08-03 13:00:00,522.1250150000001
2021-08-03 14:00:00,695.6
2021-08-03 15:00:00,804.6
2021-08-03 16:00:00,843.10001
2021-08-03 17:00:00,805.32501
2021-08-03 18:00:00,701.02502
2021-08-03 19:00:00,326.75
2021-08-03 20:00:00,167.42500124999998
2021-08-03 21:00:00,19.675
2021-08-03 22:00:00,0.0
2021-08-03 23:00:00,0.0
2021-08-04 00:00:00,0.0
2021-08-04 01:00:00,0.0
2021-08-04 02:00:00,0.0
2021-08-04 03:00:00,0.0
2021-08-04 04:00:00,0.0
2021-08-04 05:00:00,0.0
2021-08-04 06:00:00,0.0
2021-08-04 07:00:00,0.0
2021-08-04 08:00:00,0.0
2021-08-04 09:00:00,0.0
2021-08-04 10:00:00,0.0
2021-08-04 11:00:00,80.475004325
2021-08-04 12:00:00,302.5750075
2021-08-04 13:00:00,517.925
2021-08-04 14:00:00,647.9750200000001
2021-08-04 15:00:00,571.775
2021-08-04 16:00:00,673.62501
2021-08-04 17:00:00,397.875005
2021-08-04 18:00:00,504.775015
2021-08-04 19:00:00,494.37502500000005
2021-08-04 20:00:00,264.275005
2021-08-04 21:00:00,53.925
2021-08-04 22:00:00,0.0
2021-08-04 23:00:00,0.0
2021-08-05 00:00:00,0.0
2021-08-05 01:00:00,0.0
2021-08-05 02:00:00,0.0
2021-08-05 03:00:00,0.0
2021-08-05 04:00:00,0.0
2021-08-05 05:00:00,0.0
2021-08-05 06:00:00,0.0
2021-08-05 07:00:00,0.0
2021-08-05 08:00:00,0.0
2021-08-05 09:00:00,0.0
2021-08-05 10:00:00,0.0
2021-08-05 11:00:00,89.07499999999999
2021-08-05 12:00:00,319.6
2021-08-05 13:00:00,538.675
2021-08-05 14:00:00,711.975
2021-08-05 15:00:00,822.0
2021-08-05 16:00:00,859.1500100000001
2021-08-05 17:00:00,825.62501
2021-08-05 18:00:00,723.25002
2021-08-05 19:00:00,556.2750149999999
2021-08-05 20:00:00,338.5
2021-08-05 21:00:00,98.675
2021-08-05 22:00:00,0.0
2021-08-05 23:00:00,0.0
2021-08-06 00:00:00,0.0
2021-08-06 01:00:00,0.0
2021-08-06 02:00:00,0.0
2021-08-06 03:00:00,0.0
2021-08-06 04:00:00,0.0
2021-08-06 05:00:00,0.0
2021-08-06 06:00:00,0.0
2021-08-06 07:00:00,0.0
2021-08-06 08:00:00,0.0
2021-08-06 09:00:00,0.0
2021-08-06 10:00:00,0.0
2021-08-06 11:00:00,98.65000125
2021-08-06 12:00:00,339.825
2021-08-06 13:00:00,565.5250100000001
2021-08-06 14:00:00,743.3000099999999
2021-08-06 15:00:00,856.425
2021-08-06 16:00:00,896.72502
2021-08-06 17:00:00,860.22501
2021-08-06 18:00:00,749.87501
2021-08-06 19:00:00,574.850005
2021-08-06 20:00:00,351.900005
2021-08-06 21:00:00,111.92500025
2021-08-06 22:00:00,0.0
2021-08-06 23:00:00,0.0
2021-08-07 00:00:00,0.0
2021-08-07 01:00:00,0.0
2021-08-07 02:00:00,0.0
2021-08-07 03:00:00,0.0
2021-08-07 04:00:00,0.0
2021-08-07 05:00:00,0.0
2021-08-07 06:00:00,0.0
2021-08-07 07:00:00,0.0
2021-08-07 08:00:00,0.0
2021-08-07 09:00:00,0.0
2021-08-07 10:00:00,0.0
2021-08-07 11:00:00,101.65
2021-08-07 12:00:00,337.70000500000003
2021-08-07 13:00:00,564.325
2021-08-07 14:00:00,743.0
2021-08-07 15:00:00,858.87502
2021-08-07 16:00:00,897.6
2021-08-07 17:00:00,860.40002
2021-08-07 18:00:00,751.7
2021-08-07 19:00:00,576.875
2021-08-07 20:00:00,353.45000500000003
2021-08-07 21:00:00,113.425
2021-08-07 22:00:00,0.0
2021-08-07 23:00:00,0.0
2021-08-08 00:00:00,0.0
2021-08-08 01:00:00,0.0
2021-08-08 02:00:00,0.0
2021-08-08 03:00:00,0.0
2021-08-08 04:00:00,0.0
2021-08-08 05:00:00,0.0
2021-08-08 06:00:00,0.0
2021-08-08 07:00:00,0.0
2021-08-08 08:00:00,0.0
2021-08-08 09:00:00,0.0
2021-08-08 10:00:00,0.0
2021-08-08 11:00:00,99.2750025
2021-08-08 12:00:00,334.77501
2021-08-08 13:00:00,558.20001
2021-08-08 14:00:00,735.90002
2021-08-08 15:00:00,850.87501
2021-08-08 16:00:00,890.15
2021-08-08 17:00:00,854.82501
2021-08-08 18:00:00,748.00002
2021-08-08 19:00:00,573.85001
2021-08-08 20:00:00,351.250015
2021-08-08 21:00:00,112.20000250000001
2021-08-08 22:00:00,0.0
2021-08-08 23:00:00,0.0
2021-08-09 00:00:00,0.0
2021-08-09 01:00:00,0.0
2021-08-09 02:00:00,0.0
2021-08-09 03:00:00,0.0
2021-08-09 04:00:00,0.0
2021-08-09 05:00:00,0.0
2021-08-09 06:00:00,0.0
2021-08-09 07:00:00,0.0
2021-08-09 08:00:00,0.0
2021-08-09 09:00:00,0.0
2021-08-09 10:00:00,0.0
2021-08-09 11:00:00,102.50000125
2021-08-09 12:00:00,341.45
2021-08-09 13:00:00,568.325
2021-08-09 14:00:00,747.55
2021-08-09 15:00:00,864.0250100000001
2021-08-09 16:00:00,903.70001
2021-08-09 17:00:00,866.35001
2021-08-09 18:00:00,755.32501
2021-08-09 19:00:00,578.95001
2021-08-09 20:00:00,354.275005
2021-08-09 21:00:00,112.5250025
2021-08-09 22:00:00,0.0
2021-08-09 23:00:00,0.0
2021-08-10 00:00:00,0.0
2021-08-10 01:00:00,0.0
2021-08-10 02:00:00,0.0
2021-08-10 03:00:00,0.0
2021-08-10 04:00:00,0.0
2021-08-10 05:00:00,0.0
2021-08-10 06:00:00,0.0
2021-08-10 07:00:00,0.0
2021-08-10 08:00:00,0.0
2021-08-10 09:00:00,0.0
2021-08-10 10:00:00,0.0
2021-08-10 11:00:00,104.2750025
2021-08-10 12:00:00,344.750005
2021-08-10 13:00:00,571.8
2021-08-10 14:00:00,750.625
2021-08-10 15:00:00,861.675
2021-08-10 16:00:00,896.7249999999999
2021-08-10 17:00:00,857.9
2021-08-10 18:00:00,746.5
2021-08-10 19:00:00,570.2
2021-08-10 20:00:00,345.975
2021-08-10 21:00:00,100.375004
2021-08-10 22:00:00,0.0
2021-08-10 23:00:00,0.0
2021-08-11 00:00:00,0.0
2021-08-11 01:00:00,0.0
2021-08-11 02:00:00,0.0
2021-08-11 03:00:00,0.0
2021-08-11 04:00:00,0.0
2021-08-11 05:00:00,0.0
2021-08-11 06:00:00,0.0
2021-08-11 07:00:00,0.0
2021-08-11 08:00:00,0.0
2021-08-11 09:00:00,0.0
2021-08-11 10:00:00,0.0
2021-08-11 11:00:00,101.37500125
2021-08-11 12:00:00,335.175
2021-08-11 13:00:00,556.40002
2021-08-11 14:00:00,731.00001
2021-08-11 15:00:00,843.32501
2021-08-11 16:00:00,881.925
2021-08-11 17:00:00,845.5500099999999
2021-08-11 18:00:00,738.0250100000001
2021-08-11 19:00:00,565.57502
2021-08-11 20:00:00,341.325
2021-08-11 21:00:00,88.575
2021-08-11 22:00:00,0.0
2021-08-11 23:00:00,0.0
2021-08-12 00:00:00,0.0
2021-08-12 01:00:00,0.0
2021-08-12 02:00:00,0.0
2021-08-12 03:00:00,0.0
2021-08-12 04:00:00,0.0
2021-08-12 05:00:00,0.0
2021-08-12 06:00:00,0.0
2021-08-12 07:00:00,0.0
2021-08-12 08:00:00,0.0
2021-08-12 09:00:00,0.0
2021-08-12 10:00:00,0.0
2021-08-12 11:00:00,106.975
2021-08-12 12:00:00,329.2
2021-08-12 13:00:00,550.75001
2021-08-12 14:00:00,726.3
2021-08-12 15:00:00,840.575
2021-08-12 16:00:00,876.5500099999999
2021-08-12 17:00:00,825.32501
2021-08-12 18:00:00,728.175
2021-08-12 19:00:00,558.425015
2021-08-12 20:00:00,340.300005
2021-08-12 21:00:00,84.875
2021-08-12 22:00:00,0.0
2021-08-12 23:00:00,0.0
2021-08-13 00:00:00,0.0
2021-08-13 01:00:00,0.0
2021-08-13 02:00:00,0.0
2021-08-13 03:00:00,0.0
2021-08-13 04:00:00,0.0
2021-08-13 05:00:00,0.0
2021-08-13 06:00:00,0.0
2021-08-13 07:00:00,0.0
2021-08-13 08:00:00,0.0
2021-08-13 09:00:00,0.0
2021-08-13 10:00:00,0.0
2021-08-13 11:00:00,113.9000025
2021-08-13 12:00:00,349.80001
2021-08-13 13:00:00,574.22501
2021-08-13 14:00:00,750.7
2021-08-13 15:00:00,861.1
2021-08-13 16:00:00,898.20001
2021-08-13 17:00:00,857.8249999999999
2021-08-13 18:00:00,745.57501
2021-08-13 19:00:00,572.600005
2021-08-13 20:00:00,352.275005
2021-08-13 21:00:00,116.6500025
2021-08-13 22:00:00,0.0
2021-08-13 23:00:00,0.0
2021-08-14 00:00:00,0.0
2021-08-14 01:00:00,0.0
2021-08-14 02:00:00,0.0
2021-08-14 03:00:00,0.0
2021-08-14 04:00:00,0.0
2021-08-14 05:00:00,0.0
2021-08-14 06:00:00,0.0
2021-08-14 07:00:00,0.0
2021-08-14 08:00:00,0.0
2021-08-14 09:00:00,0.0
2021-08-14 10:00:00,0.0
2021-08-14 11:00:00,108.02499999999999
2021-08-14 12:00:00,354.45
2021-08-14 13:00:00,580.50001
2021-08-14 14:00:00,758.3499999999999
2021-08-14 15:00:00,870.07502
2021-08-14 16:00:00,909.3
2021-08-14 17:00:00,870.1500000000001
2021-08-14 18:00:00,754.50001
2021-08-14 19:00:00,577.1750000000001
2021-08-14 20:00:00,353.20000500000003
2021-08-14 21:00:00,98.275
2021-08-14 22:00:00,0.0
2021-08-14 23:00:00,0.0
2021-08-15 00:00:00,0.0
2021-08-15 01:00:00,0.0
2021-08-15 02:00:00,0.0
2021-08-15 03:00:00,0.0
2021-08-15 04:00:00,0.0
2021-08-15 05:00:00,0.0
2021-08-15 06:00:00,0.0
2021-08-15 07:00:00,0.0
2021-08-15 08:00:00,0.0
2021-08-15 09:00:00,0.0
2021-08-15 10:00:00,0.0
2021-08-15 11:00:00,115.6250005
2021-08-15 12:00:00,363.725
2021-08-15 13:00:00,591.675
2021-08-15 14:00:00,770.1500100000001
2021-08-15 15:00:00,883.35
2021-08-15 16:00:00,920.95
2021-08-15 17:00:00,881.65001
2021-08-15 18:00:00,767.05002
2021-08-15 19:00:00,592.175
2021-08-15 20:00:00,367.275005
2021-08-15 21:00:00,124.475
2021-08-15 22:00:00,0.0
2021-08-15 23:00:00,0.0
2021-08-16 00:00:00,0.0
2021-08-16 01:00:00,0.0
2021-08-16 02:00:00,0.0
2021-08-16 03:00:00,0.0
2021-08-16 04:00:00,0.0
2021-08-16 05:00:00,0.0
2021-08-16 06:00:00,0.0
2021-08-16 07:00:00,0.0
2021-08-16 08:00:00,0.0
2021-08-16 09:00:00,0.0
2021-08-16 10:00:00,0.0
2021-08-16 11:00:00,124.475
2021-08-16 12:00:00,369.825005
2021-08-16 13:00:00,597.35
2021-08-16 14:00:00,776.1000200000001
2021-08-16 15:00:00,888.72501
2021-08-16 16:00:00,926.125
2021-08-16 17:00:00,886.05002
2021-08-16 18:00:00,771.20001
2021-08-16 19:00:00,593.37503
2021-08-16 20:00:00,367.675005
2021-08-16 21:00:00,126.00000125
2021-08-16 22:00:00,0.0
2021-08-16 23:00:00,0.0
2021-08-17 00:00:00,0.0
2021-08-17 01:00:00,0.0
2021-08-17 02:00:00,0.0
2021-08-17 03:00:00,0.0
2021-08-17 04:00:00,0.0
2021-08-17 05:00:00,0.0
2021-08-17 06:00:00,0.0
2021-08-17 07:00:00,0.0
2021-08-17 08:00:00,0.0
2021-08-17 09:00:00,0.0
2021-08-17 10:00:00,0.025
2021-08-17 11:00:00,133.275
2021-08-17 12:00:00,380.300005
2021-08-17 13:00:00,611.57501
2021-08-17 14:00:00,793.12501
2021-08-17 15:00:00,909.05
2021-08-17 16:00:00,948.4000100000001
2021-08-17 17:00:00,908.32501
2021-08-17 18:00:00,793.87501
2021-08-17 19:00:00,612.65
2021-08-17 20:00:00,381.75
2021-08-17 21:00:00,132.025
2021-08-17 22:00:00,0.15
2021-08-17 23:00:00,0.0
2021-08-18 00:00:00,0.0
2021-08-18 01:00:00,0.0
2021-08-18 02:00:00,0.0
2021-08-18 03:00:00,0.0
2021-08-18 04:00:00,0.0
2021-08-18 05:00:00,0.0
2021-08-18 06:00:00,0.0
2021-08-18 07:00:00,0.0
2021-08-18 08:00:00,0.0
2021-08-18 09:00:00,0.0
2021-08-18 10:00:00,0.375
2021-08-18 11:00:00,134.3750005
2021-08-18 12:00:00,378.800005
2021-08-18 13:00:00,610.15002
2021-08-18 14:00:00,791.0500099999999
2021-08-18 15:00:00,906.32501
2021-08-18 16:00:00,943.57502
2021-08-18 17:00:00,901.1000200000001
2021-08-18 18:00:00,785.8499999999999
2021-08-18 19:00:00,606.32501
2021-08-18 20:00:00,377.000005
2021-08-18 21:00:00,128.6750025
2021-08-18 22:00:00,0.3
2021-08-18 23:00:00,0.0
2021-08-19 00:00:00,0.0
2021-08-19 01:00:00,0.0
2021-08-19 02:00:00,0.0
2021-08-19 03:00:00,0.0
2021-08-19 04:00:00,0.0
2021-08-19 05:00:00,0.0
2021-08-19 06:00:00,0.0
2021-08-19 07:00:00,0.0
2021-08-19 08:00:00,0.0
2021-08-19 09:00:00,0.0
2021-08-19 10:00:00,0.775000025
2021-08-19 11:00:00,139.575
2021-08-19 12:00:00,393.350005
2021-08-19 13:00:00,626.95003
2021-08-19 14:00:00,809.25001
2021-08-19 15:00:00,923.85001
2021-08-19 16:00:00,961.075
2021-08-19 17:00:00,917.975
2021-08-19 18:00:00,798.17502
2021-08-19 19:00:00,614.52501
2021-08-19 20:00:00,383.450005
2021-08-19 21:00:00,133.175
2021-08-19 22:00:00,0.475
2021-08-19 23:00:00,0.0
2021-08-20 00:00:00,0.0
2021-08-20 01:00:00,0.0
2021-08-20 02:00:00,0.0
2021-08-20 03:00:00,0.0
2021-08-20 04:00:00,0.0
2021-08-20 05:00:00,0.0
2021-08-20 06:00:00,0.0
2021-08-20 07:00:00,0.0
2021-08-20 08:00:00,0.0
2021-08-20 09:00:00,0.0
2021-08-20 10:00:00,1.175000075
2021-08-20 11:00:00,141.550005
2021-08-20 12:00:00,394.4
2021-08-20 13:00:00,626.67501
2021-08-20 14:00:00,808.85
2021-08-20 15:00:00,925.65
2021-08-20 16:00:00,965.45001
2021-08-20 17:00:00,924.55001
2021-08-20 18:00:00,804.775
2021-08-20 19:00:00,619.60004
2021-08-20 20:00:00,387.825
2021-08-20 21:00:00,135.3750025
2021-08-20 22:00:00,0.650000025
2021-08-20 23:00:00,0.0
2021-08-21 00:00:00,0.0
2021-08-21 01:00:00,0.0
2021-08-21 02:00:00,0.0
2021-08-21 03:00:00,0.0
2021-08-21 04:00:00,0.0
2021-08-21 05:00:00,0.0
2021-08-21 06:00:00,0.0
2021-08-21 07:00:00,0.0
2021-08-21 08:00:00,0.0
2021-08-21 09:00:00,0.0
2021-08-21 10:00:00,1.575
2021-08-21 11:00:00,138.85000250000002
2021-08-21 12:00:00,386.500005
2021-08-21 13:00:00,613.95001
2021-08-21 14:00:00,792.625
2021-08-21 15:00:00,905.57501
2021-08-21 16:00:00,942.4250099999999
2021-08-21 17:00:00,906.525
2021-08-21 18:00:00,797.125
2021-08-21 19:00:00,618.02501
2021-08-21 20:00:00,387.725
2021-08-21 21:00:00,136.22500125
2021-08-21 22:00:00,0.8
2021-08-21 23:00:00,0.0
2021-08-22 00:00:00,0.0
2021-08-22 01:00:00,0.0
2021-08-22 02:00:00,0.0
2021-08-22 03:00:00,0.0
2021-08-22 04:00:00,0.0
2021-08-22 05:00:00,0.0
2021-08-22 06:00:00,0.0
2021-08-22 07:00:00,0.0
2021-08-22 08:00:00,0.0
2021-08-22 09:00:00,0.0
2021-08-22 10:00:00,2.22500025
2021-08-22 11:00:00,152.30000175
2021-08-22 12:00:00,409.85
2021-08-22 13:00:00,645.875
2021-08-22 14:00:00,829.45
2021-08-22 15:00:00,942.32501
2021-08-22 16:00:00,979.95
2021-08-22 17:00:00,937.62501
2021-08-22 18:00:00,818.0
2021-08-22 19:00:00,632.35002
2021-08-22 20:00:00,395.7
2021-08-22 21:00:00,138.17499999999998
2021-08-22 22:00:00,0.95
2021-08-22 23:00:00,0.0
2021-08-23 00:00:00,0.0
2021-08-23 01:00:00,0.0
2021-08-23 02:00:00,0.0
2021-08-23 03:00:00,0.0
2021-08-23 04:00:00,0.0
2021-08-23 05:00:00,0.0
2021-08-23 06:00:00,0.0
2021-08-23 07:00:00,0.0
2021-08-23 08:00:00,0.0
2021-08-23 09:00:00,0.0
2021-08-23 10:00:00,2.425
2021-08-23 11:00:00,144.625005
2021-08-23 12:00:00,394.475005
2021-08-23 13:00:00,626.92502
2021-08-23 14:00:00,809.62501
2021-08-23 15:00:00,926.55002
2021-08-23 16:00:00,968.82501
2021-08-23 17:00:00,928.35001
2021-08-23 18:00:00,810.37501
2021-08-23 19:00:00,625.475
2021-08-23 20:00:00,389.8
2021-08-23 21:00:00,136.05
2021-08-23 22:00:00,1.075
2021-08-23 23:00:00,0.0
2021-08-24 00:00:00,0.0
2021-08-24 01:00:00,0.0
2021-08-24 02:00:00,0.0
2021-08-24 03:00:00,0.0
2021-08-24 04:00:00,0.0
2021-08-24 05:00:00,0.0
2021-08-24 06:00:00,0.0
2021-08-24 07:00:00,0.0
2021-08-24 08:00:00,0.0
2021-08-24 09:00:00,0.0
2021-08-24 10:00:00,3.075
2021-08-24 11:00:00,153.7250005
2021-08-24 12:00:00,408.50001
2021-08-24 13:00:00,644.37501
2021-08-24 14:00:00,827.4250099999999
2021-08-24 15:00:00,941.82502
2021-08-24 16:00:00,978.0999999999999
2021-08-24 17:00:00,935.8
2021-08-24 18:00:00,818.6500100000001
2021-08-24 19:00:00,630.57502
2021-08-24 20:00:00,393.750005
2021-08-24 21:00:00,138.700003
2021-08-24 22:00:00,1.275
2021-08-24 23:00:00,0.0
2021-08-25 00:00:00,0.0
2021-08-25 01:00:00,0.0
2021-08-25 02:00:00,0.0
2021-08-25 03:00:00,0.0
2021-08-25 04:00:00,0.0
2021-08-25 05:00:00,0.0
2021-08-25 06:00:00,0.0
2021-08-25 07:00:00,0.0
2021-08-25 08:00:00,0.0
2021-08-25 09:00:00,0.0
2021-08-25 10:00:00,3.7
2021-08-25 11:00:00,156.4
2021-08-25 12:00:00,412.600005
2021-08-25 13:00:00,642.32501
2021-08-25 14:00:00,819.75001
2021-08-25 15:00:00,926.85
2021-08-25 16:00:00,962.85001
2021-08-25 17:00:00,923.02502
2021-08-25 18:00:00,809.62501
2021-08-25 19:00:00,629.9
2021-08-25 20:00:00,397.025
2021-08-25 21:00:00,125.27500125
2021-08-25 22:00:00,0.0
2021-08-25 23:00:00,0.0
2021-08-26 00:00:00,0.0
2021-08-26 01:00:00,0.0
2021-08-26 02:00:00,0.0
2021-08-26 03:00:00,0.0
2021-08-26 04:00:00,0.0
2021-08-26 05:00:00,0.0
2021-08-26 06:00:00,0.0
2021-08-26 07:00:00,0.0
2021-08-26 08:00:00,0.0
2021-08-26 09:00:00,0.0
2021-08-26 10:00:00,4.55
2021-08-26 11:00:00,198.66666666666666
2021-08-26 12:00:00,423.05
2021-08-26 13:00:00,658.65
2021-08-26 14:00:00,840.075
2021-08-26 15:00:00,950.82502
2021-08-26 16:00:00,985.20001
2021-08-26 17:00:00,939.95
2021-08-26 18:00:00,823.37501
2021-08-26 19:00:00,633.57503
2021-08-26 20:00:00,396.175005
2021-08-26 21:00:00,137.625
2021-08-26 22:00:00,1.65
2021-08-26 23:00:00,0.0
2021-08-27 00:00:00,0.0
2021-08-27 01:00:00,0.0
2021-08-27 02:00:00,0.0
2021-08-27 03:00:00,0.0
2021-08-27 04:00:00,0.0
2021-08-27 05:00:00,0.0
2021-08-27 06:00:00,0.0
2021-08-27 07:00:00,0.0
2021-08-27 08:00:00,0.0
2021-08-27 09:00:00,0.0
2021-08-27 10:00:00,4.975
2021-08-27 11:00:00,166.32500125
2021-08-27 12:00:00,454.09999999999997
2021-08-27 13:00:00,655.62501
2021-08-27 14:00:00,837.1500100000001
2021-08-27 15:00:00,949.4750200000001
2021-08-27 16:00:00,984.2
2021-08-27 17:00:00,941.75
2021-08-27 18:00:00,824.75001
2021-08-27 19:00:00,638.05
2021-08-27 20:00:00,402.625
2021-08-27 21:00:00,146.075
2021-08-27 22:00:00,1.825
2021-08-27 23:00:00,0.0
2021-08-28 00:00:00,0.0
2021-08-28 01:00:00,0.0
2021-08-28 02:00:00,0.0
2021-08-28 03:00:00,0.0
2021-08-28 04:00:00,0.0
2021-08-28 05:00:00,0.0
2021-08-28 06:00:00,0.0
2021-08-28 07:00:00,0.0
2021-08-28 08:00:00,0.0
2021-08-28 09:00:00,0.0
2021-08-28 10:00:00,5.70000025
2021-08-28 11:00:00,172.0
2021-08-28 12:00:00,429.37502500000005
2021-08-28 13:00:00,665.20001
2021-08-28 14:00:00,848.5
2021-08-28 15:00:00,963.67501
2021-08-28 16:00:00,1001.125
2021-08-28 17:00:00,958.97502
2021-08-28 18:00:00,841.17503
2021-08-28 19:00:00,651.45002
2021-08-28 20:00:00,410.3
2021-08-28 21:00:00,150.325
2021-08-28 22:00:00,2.075
2021-08-28 23:00:00,0.0
2021-08-29 00:00:00,0.0
2021-08-29 01:00:00,0.0
2021-08-29 02:00:00,0.0
2021-08-29 03:00:00,0.0
2021-08-29 04:00:00,0.0
2021-08-29 05:00:00,0.0
2021-08-29 06:00:00,0.0
2021-08-29 07:00:00,0.0
2021-08-29 08:00:00,0.0
2021-08-29 09:00:00,0.0
2021-08-29 10:00:00,6.175
2021-08-29 11:00:00,170.70000000000002
2021-08-29 12:00:00,422.275
2021-08-29 13:00:00,653.45
2021-08-29 14:00:00,833.325
2021-08-29 15:00:00,946.20001
2021-08-29 16:00:00,982.5250100000001
2021-08-29 17:00:00,941.4750200000001
2021-08-29 18:00:00,823.75001
2021-08-29 19:00:00,634.55
2021-08-29 20:00:00,396.975005
2021-08-29 21:00:00,142.2
2021-08-29 22:00:00,2.025
2021-08-29 23:00:00,0.0
2021-08-30 00:00:00,0.0
2021-08-30 01:00:00,0.0
2021-08-30 02:00:00,0.0
2021-08-30 03:00:00,0.0
2021-08-30 04:00:00,0.0
2021-08-30 05:00:00,0.0
2021-08-30 06:00:00,0.0
2021-08-30 07:00:00,0.0
2021-08-30 08:00:00,0.0
2021-08-30 09:00:00,0.0
2021-08-30 10:00:00,6.275
2021-08-30 11:00:00,169.95000249999998
2021-08-30 12:00:00,424.52500000000003
2021-08-30 13:00:00,654.90002
2021-08-30 14:00:00,832.9250099999999
2021-08-30 15:00:00,942.55
2021-08-30 16:00:00,977.75
2021-08-30 17:00:00,935.45
2021-08-30 18:00:00,817.375
2021-08-30 19:00:00,631.35
2021-08-30 20:00:00,395.0
2021-08-30 21:00:00,141.7250005
2021-08-30 22:00:00,2.15
2021-08-30 23:00:00,0.0
2021-08-31 00:00:00,0.0
2021-08-31 01:00:00,0.0
2021-08-31 02:00:00,0.0
2021-08-31 03:00:00,0.0
2021-08-31 04:00:00,0.0
2021-08-31 05:00:00,0.0
2021-08-31 06:00:00,0.0
2021-08-31 07:00:00,0.0
2021-08-31 08:00:00,0.0
2021-08-31 09:00:00,0.0
2021-08-31 10:00:00,7.125
2021-08-31 11:00:00,174.275
2021-08-31 12:00:00,436.025
2021-08-31 13:00:00,668.3
2021-08-31 14:00:00,848.22501
2021-08-31 15:00:00,960.375
2021-08-31 16:00:00,995.6000200000001
2021-08-31 17:00:00,951.8
2021-08-31 18:00:00,831.95001
2021-08-31 19:00:00,644.35
2021-08-31 20:00:00,405.50001
2021-08-31 21:00:00,147.62500425000002
2021-08-31 22:00:00,2.425
2021-08-31 23:00:00,0.0
2021-09-01 00:00:00,0.0
2021-09-01 01:00:00,0.0
2021-09-01 02:00:00,0.0
2021-09-01 03:00:00,0.0
2021-09-01 04:00:00,0.0
2021-09-01 05:00:00,0.0
2021-09-01 06:00:00,0.0
2021-09-01 07:00:00,0.0
2021-09-01 08:00:00,0.0
2021-09-01 09:00:00,0.0
2021-09-01 10:00:00,7.225
2021-09-01 11:00:00,170.12500625
2021-09-01 12:00:00,430.875
2021-09-01 13:00:00,660.175
2021-09-01 14:00:00,838.60001
2021-09-01 15:00:00,952.87501
2021-09-01 16:00:00,988.75001
2021-09-01 17:00:00,946.35
2021-09-01 18:00:00,828.35001
2021-09-01 19:00:00,641.975
2021-09-01 20:00:00,406.42501
2021-09-01 21:00:00,150.7500025
2021-09-01 22:00:00,2.7
2021-09-01 23:00:00,0.0
2021-09-02 00:00:00,0.0
2021-09-02 01:00:00,0.0
2021-09-02 02:00:00,0.0
2021-09-02 03:00:00,0.0
2021-09-02 04:00:00,0.0
2021-09-02 05:00:00,0.0
2021-09-02 06:00:00,0.0
2021-09-02 07:00:00,0.0
2021-09-02 08:00:00,0.0
2021-09-02 09:00:00,0.0
2021-09-02 10:00:00,8.5
2021-09-02 11:00:00,179.775
2021-09-02 12:00:00,431.800005
2021-09-02 13:00:00,661.95
2021-09-02 14:00:00,841.3000099999999
2021-09-02 15:00:00,954.55002
2021-09-02 16:00:00,987.9250099999999
2021-09-02 17:00:00,939.37501
2021-09-02 18:00:00,816.22501
2021-09-02 19:00:00,630.50002
2021-09-02 20:00:00,398.050005
2021-09-02 21:00:00,144.125
2021-09-02 22:00:00,0.0
2021-09-02 23:00:00,0.0
2021-09-03 00:00:00,0.0
2021-09-03 01:00:00,0.0
2021-09-03 02:00:00,0.0
2021-09-03 03:00:00,0.0
2021-09-03 04:00:00,0.0
2021-09-03 05:00:00,0.0
2021-09-03 06:00:00,0.0
2021-09-03 07:00:00,0.0
2021-09-03 08:00:00,0.0
2021-09-03 09:00:00,0.0
2021-09-03 10:00:00,8.25
2021-09-03 11:00:00,173.8500075
2021-09-03 12:00:00,428.100005
2021-09-03 13:00:00,655.4000100000001
2021-09-03 14:00:00,830.92501
2021-09-03 15:00:00,941.07501
2021-09-03 16:00:00,971.72501
2021-09-03 17:00:00,926.125
2021-09-03 18:00:00,812.2
2021-09-03 19:00:00,630.80002
2021-09-03 20:00:00,400.025
2021-09-03 21:00:00,149.75
2021-09-03 22:00:00,2.97500025
2021-09-03 23:00:00,0.0
2021-09-04 00:00:00,0.0
2021-09-04 01:00:00,0.0
2021-09-04 02:00:00,0.0
2021-09-04 03:00:00,0.0
2021-09-04 04:00:00,0.0
2021-09-04 05:00:00,0.0
2021-09-04 06:00:00,0.0
2021-09-04 07:00:00,0.0
2021-09-04 08:00:00,0.0
2021-09-04 09:00:00,0.0
2021-09-04 10:00:00,10.60000001
2021-09-04 11:00:00,191.175
2021-09-04 12:00:00,455.15
2021-09-04 13:00:00,690.4750200000001
2021-09-04 14:00:00,871.82501
2021-09-04 15:00:00,985.97501
2021-09-04 16:00:00,1018.7750100000001
2021-09-04 17:00:00,969.3000099999999
2021-09-04 18:00:00,843.325
2021-09-04 19:00:00,651.6500100000001
2021-09-04 20:00:00,411.825005
2021-09-04 21:00:00,154.0750025
2021-09-04 22:00:00,3.175
2021-09-04 23:00:00,0.0
2021-09-05 00:00:00,0.0
2021-09-05 01:00:00,0.0
2021-09-05 02:00:00,0.0
2021-09-05 03:00:00,0.0
2021-09-05 04:00:00,0.0
2021-09-05 05:00:00,0.0
2021-09-05 06:00:00,0.0
2021-09-05 07:00:00,0.0
2021-09-05 08:00:00,0.0
2021-09-05 09:00:00,0.0
2021-09-05 10:00:00,11.075
2021-09-05 11:00:00,188.07500625
2021-09-05 12:00:00,445.725005
2021-09-05 13:00:00,671.62501
2021-09-05 14:00:00,846.45
2021-09-05 15:00:00,956.375
2021-09-05 16:00:00,989.575
2021-09-05 17:00:00,940.5250100000001
2021-09-05 18:00:00,820.1
2021-09-05 19:00:00,641.85001
2021-09-05 20:00:00,411.825005
2021-09-05 21:00:00,154.6750005
2021-09-05 22:00:00,3.4
2021-09-05 23:00:00,0.0
2021-09-06 00:00:00,0.0
2021-09-06 01:00:00,0.0
2021-09-06 02:00:00,0.0
2021-09-06 03:00:00,0.0
2021-09-06 04:00:00,0.0
2021-09-06 05:00:00,0.0
2021-09-06 06:00:00,0.0
2021-09-06 07:00:00,0.0
2021-09-06 08:00:00,0.0
2021-09-06 09:00:00,0.0
2021-09-06 10:00:00,12.85
2021-09-06 11:00:00,197.85
2021-09-06 12:00:00,441.525005
2021-09-06 13:00:00,670.8000099999999
2021-09-06 14:00:00,848.4750200000001
2021-09-06 15:00:00,961.60001
2021-09-06 16:00:00,998.775
2021-09-06 17:00:00,959.07501
2021-09-06 18:00:00,837.2750100000001
2021-09-06 19:00:00,647.8
2021-09-06 20:00:00,408.70000500000003
2021-09-06 21:00:00,51.85000050000001
2021-09-06 22:00:00,0.0
2021-09-06 23:00:00,0.0
2021-09-07 00:00:00,0.0
2021-09-07 01:00:00,0.0
2021-09-07 02:00:00,0.0
2021-09-07 03:00:00,0.0
2021-09-07 04:00:00,0.0
2021-09-07 05:00:00,0.0
2021-09-07 06:00:00,0.0
2021-09-07 07:00:00,0.0
2021-09-07 08:00:00,0.0
2021-09-07 09:00:00,0.0
2021-09-07 10:00:00,13.375
2021-09-07 11:00:00,196.55
2021-09-07 12:00:00,455.200005
2021-09-07 13:00:00,683.975
2021-09-07 14:00:00,861.075
2021-09-07 15:00:00,969.275
2021-09-07 16:00:00,989.87503
2021-09-07 17:00:00,864.7750100000001
2021-09-07 18:00:00,825.02502
2021-09-07 19:00:00,562.150015
2021-09-07 20:00:00,258.85
2021-09-07 21:00:00,31.424999999999997
2021-09-07 22:00:00,0.0
2021-09-07 23:00:00,0.0
2021-09-08 00:00:00,0.0
2021-09-08 01:00:00,0.0
2021-09-08 02:00:00,0.0
2021-09-08 03:00:00,0.0
2021-09-08 04:00:00,0.0
2021-09-08 05:00:00,0.0
2021-09-08 06:00:00,0.0
2021-09-08 07:00:00,0.0
2021-09-08 08:00:00,0.0
2021-09-08 09:00:00,0.0
2021-09-08 10:00:00,16.625
2021-09-08 11:00:00,215.75000875
2021-09-08 12:00:00,481.05
2021-09-08 13:00:00,715.65
2021-09-08 14:00:00,894.875
2021-09-08 15:00:00,1005.6750300000001
2021-09-08 16:00:00,931.4000100000001
2021-09-08 17:00:00,640.20001
2021-09-08 18:00:00,677.2
2021-09-08 19:00:00,672.22501
2021-09-08 20:00:00,430.5
2021-09-08 21:00:00,166.89999999999998
2021-09-08 22:00:00,0.0
2021-09-08 23:00:00,0.0
2021-09-09 00:00:00,0.0
2021-09-09 01:00:00,0.0
2021-09-09 02:00:00,0.0
2021-09-09 03:00:00,0.0
2021-09-09 04:00:00,0.0
2021-09-09 05:00:00,0.0
2021-09-09 06:00:00,0.0
2021-09-09 07:00:00,0.0
2021-09-09 08:00:00,0.0
2021-09-09 09:00:00,0.0
2021-09-09 10:00:00,18.0
2021-09-09 11:00:00,216.9
2021-09-09 12:00:00,478.875015
2021-09-09 13:00:00,713.775
2021-09-09 14:00:00,894.2
2021-09-09 15:00:00,1000.72502
2021-09-09 16:00:00,1027.175
2021-09-09 17:00:00,976.0250000000001
2021-09-09 18:00:00,853.32501
2021-09-09 19:00:00,666.17501
2021-09-09 20:00:00,421.875005
2021-09-09 21:00:00,153.875005
2021-09-09 22:00:00,0.0
2021-09-09 23:00:00,0.0
2021-09-10 00:00:00,0.0
2021-09-10 01:00:00,0.0
2021-09-10 02:00:00,0.0
2021-09-10 03:00:00,0.0
2021-09-10 04:00:00,0.0
2021-09-10 05:00:00,0.0
2021-09-10 06:00:00,0.0
2021-09-10 07:00:00,0.0
2021-09-10 08:00:00,0.0
2021-09-10 09:00:00,0.0
2021-09-10 10:00:00,19.075
2021-09-10 11:00:00,221.900005
2021-09-10 12:00:00,490.70002
2021-09-10 13:00:00,728.20002
2021-09-10 14:00:00,910.0250100000001
2021-09-10 15:00:00,1020.05
2021-09-10 16:00:00,1044.775
2021-09-10 17:00:00,994.225
2021-09-10 18:00:00,873.725
2021-09-10 19:00:00,677.47502
2021-09-10 20:00:00,430.45000500000003
2021-09-10 21:00:00,165.92500875000002
2021-09-10 22:00:00,4.525
2021-09-10 23:00:00,0.0
2021-09-11 00:00:00,0.0
2021-09-11 01:00:00,0.0
2021-09-11 02:00:00,0.0
2021-09-11 03:00:00,0.0
2021-09-11 04:00:00,0.0
2021-09-11 05:00:00,0.0
2021-09-11 06:00:00,0.0
2021-09-11 07:00:00,0.0
2021-09-11 08:00:00,0.0
2021-09-11 09:00:00,0.0
2021-09-11 10:00:00,21.7
2021-09-11 11:00:00,230.075
2021-09-11 12:00:00,493.77502000000004
2021-09-11 13:00:00,728.05002
2021-09-11 14:00:00,906.8
2021-09-11 15:00:00,1014.50002
2021-09-11 16:00:00,1045.5749999999998
2021-09-11 17:00:00,996.725025
2021-09-11 18:00:00,869.325
2021-09-11 19:00:00,675.12503
2021-09-11 20:00:00,391.775
2021-09-11 21:00:00,114.825
2021-09-11 22:00:00,4.425
2021-09-11 23:00:00,0.0
2021-09-12 00:00:00,0.0
2021-09-12 01:00:00,0.0
2021-09-12 02:00:00,0.0
2021-09-12 03:00:00,0.0
2021-09-12 04:00:00,0.0
2021-09-12 05:00:00,0.0
2021-09-12 06:00:00,0.0
2021-09-12 07:00:00,0.0
2021-09-12 08:00:00,0.0
2021-09-12 09:00:00,0.0
2021-09-12 10:00:00,22.1
2021-09-12 11:00:00,231.525
2021-09-12 12:00:00,494.8
2021-09-12 13:00:00,728.17502
2021-09-12 14:00:00,879.32501
2021-09-12 15:00:00,973.3000099999999
2021-09-12 16:00:00,805.3
2021-09-12 17:00:00,716.1750099999999
2021-09-12 18:00:00,672.5
2021-09-12 19:00:00,470.34999999999997
2021-09-12 20:00:00,199.70000249999998
2021-09-12 21:00:00,22.425000075
2021-09-12 22:00:00,0.0
2021-09-12 23:00:00,0.0
2021-09-13 00:00:00,0.0
2021-09-13 01:00:00,0.0
2021-09-13 02:00:00,0.0
2021-09-13 03:00:00,0.0
2021-09-13 04:00:00,0.0
2021-09-13 05:00:00,0.0
2021-09-13 06:00:00,0.0
2021-09-13 07:00:00,0.0
2021-09-13 08:00:00,0.0
2021-09-13 09:00:00,0.0
2021-09-13 10:00:00,23.3
2021-09-13 11:00:00,231.225005
2021-09-13 12:00:00,484.500005
2021-09-13 13:00:00,716.7
2021-09-13 14:00:00,892.9
2021-09-13 15:00:00,1003.3
2021-09-13 16:00:00,1035.15
2021-09-13 17:00:00,983.35001
2021-09-13 18:00:00,854.675
2021-09-13 19:00:00,628.775
2021-09-13 20:00:00,253.00000625
2021-09-13 21:00:00,13.1
2021-09-13 22:00:00,0.0
2021-09-13 23:00:00,0.0
2021-09-14 00:00:00,0.0
2021-09-14 01:00:00,0.0
2021-09-14 02:00:00,0.0
2021-09-14 03:00:00,0.0
2021-09-14 04:00:00,0.0
2021-09-14 05:00:00,0.0
2021-09-14 06:00:00,0.0
2021-09-14 07:00:00,0.0
2021-09-14 08:00:00,0.0
2021-09-14 09:00:00,0.0
2021-09-14 10:00:00,25.875
2021-09-14 11:00:00,241.67499999999998
2021-09-14 12:00:00,497.80002
2021-09-14 13:00:00,730.25002
2021-09-14 14:00:00,907.2
2021-09-14 15:00:00,1013.525025
2021-09-14 16:00:00,1041.25
2021-09-14 17:00:00,989.8
2021-09-14 18:00:00,861.55
2021-09-14 19:00:00,665.975
2021-09-14 20:00:00,423.525005
2021-09-14 21:00:00,130.050005
2021-09-14 22:00:00,0.0
2021-09-14 23:00:00,0.0
2021-09-15 00:00:00,0.0
2021-09-15 01:00:00,0.0
2021-09-15 02:00:00,0.0
2021-09-15 03:00:00,0.0
2021-09-15 04:00:00,0.0
2021-09-15 05:00:00,0.0
2021-09-15 06:00:00,0.0
2021-09-15 07:00:00,0.0
2021-09-15 08:00:00,0.0
2021-09-15 09:00:00,0.0
2021-09-15 10:00:00,27.5
2021-09-15 11:00:00,240.2
2021-09-15 12:00:00,504.80000499999994
2021-09-15 13:00:00,738.875
2021-09-15 14:00:00,918.12502
2021-09-15 15:00:00,1027.07505
2021-09-15 16:00:00,1055.9
2021-09-15 17:00:00,1003.3000099999999
2021-09-15 18:00:00,874.1
2021-09-15 19:00:00,676.47501
2021-09-15 20:00:00,404.125
2021-09-15 21:00:00,56.5
2021-09-15 22:00:00,0.0
2021-09-15 23:00:00,0.0
2021-09-16 00:00:00,0.0
2021-09-16 01:00:00,0.0
2021-09-16 02:00:00,0.0
2021-09-16 03:00:00,0.0
2021-09-16 04:00:00,0.0
2021-09-16 05:00:00,0.0
2021-09-16 06:00:00,0.0
2021-09-16 07:00:00,0.0
2021-09-16 08:00:00,0.0
2021-09-16 09:00:00,0.0
2021-09-16 10:00:00,27.800000250000004
2021-09-16 11:00:00,240.325
2021-09-16 12:00:00,498.67501000000004
2021-09-16 13:00:00,726.95002
2021-09-16 14:00:00,900.35
2021-09-16 15:00:00,1007.025025
2021-09-16 16:00:00,1036.200025
2021-09-16 17:00:00,981.0
2021-09-16 18:00:00,850.7249999999999
2021-09-16 19:00:00,658.12501
2021-09-16 20:00:00,417.55
2021-09-16 21:00:00,82.5750005
2021-09-16 22:00:00,0.0
2021-09-16 23:00:00,0.0
2021-09-17 00:00:00,0.0
2021-09-17 01:00:00,0.0
2021-09-17 02:00:00,0.0
2021-09-17 03:00:00,0.0
2021-09-17 04:00:00,0.0
2021-09-17 05:00:00,0.0
2021-09-17 06:00:00,0.0
2021-09-17 07:00:00,0.0
2021-09-17 08:00:00,0.0
2021-09-17 09:00:00,0.0
2021-09-17 10:00:00,21.0
2021-09-17 11:00:00,244.7500025
2021-09-17 12:00:00,509.17501500000003
2021-09-17 13:00:00,741.075
2021-09-17 14:00:00,916.32501
2021-09-17 15:00:00,1020.75
2021-09-17 16:00:00,1047.05005
2021-09-17 17:00:00,993.125
2021-09-17 18:00:00,865.275
2021-09-17 19:00:00,672.5
2021-09-17 20:00:00,430.000005
2021-09-17 21:00:00,148.075
2021-09-17 22:00:00,3.2
2021-09-17 23:00:00,0.0
2021-09-18 00:00:00,0.0
2021-09-18 01:00:00,0.0
2021-09-18 02:00:00,0.0
2021-09-18 03:00:00,0.0
2021-09-18 04:00:00,0.0
2021-09-18 05:00:00,0.0
2021-09-18 06:00:00,0.0
2021-09-18 07:00:00,0.0
2021-09-18 08:00:00,0.0
2021-09-18 09:00:00,0.0
2021-09-18 10:00:00,30.225
2021-09-18 11:00:00,249.375005
2021-09-18 12:00:00,521.25
2021-09-18 13:00:00,751.82501
2021-09-18 14:00:00,926.20001
2021-09-18 15:00:00,1029.475
2021-09-18 16:00:00,1053.900025
2021-09-18 17:00:00,998.775035
2021-09-18 18:00:00,867.70001
2021-09-18 19:00:00,642.3
2021-09-18 20:00:00,344.825
2021-09-18 21:00:00,114.4
2021-09-18 22:00:00,0.0
2021-09-18 23:00:00,0.0
2021-09-19 00:00:00,0.0
2021-09-19 01:00:00,0.0
2021-09-19 02:00:00,0.0
2021-09-19 03:00:00,0.0
2021-09-19 04:00:00,0.0
2021-09-19 05:00:00,0.0
2021-09-19 06:00:00,0.0
2021-09-19 07:00:00,0.0
2021-09-19 08:00:00,0.0
2021-09-19 09:00:00,0.0
2021-09-19 10:00:00,31.625
2021-09-19 11:00:00,246.4500025
2021-09-19 12:00:00,512.800005
2021-09-19 13:00:00,738.625
2021-09-19 14:00:00,912.1750099999999
2021-09-19 15:00:00,1014.8000099999999
2021-09-19 16:00:00,1043.1
2021-09-19 17:00:00,837.12501
2021-09-19 18:00:00,861.125
2021-09-19 19:00:00,668.75
2021-09-19 20:00:00,398.37501
2021-09-19 21:00:00,138.500005
2021-09-19 22:00:00,0.95
2021-09-19 23:00:00,0.0
2021-09-20 00:00:00,0.0
2021-09-20 01:00:00,0.0
2021-09-20 02:00:00,0.0
2021-09-20 03:00:00,0.0
2021-09-20 04:00:00,0.0
2021-09-20 05:00:00,0.0
2021-09-20 06:00:00,0.0
2021-09-20 07:00:00,0.0
2021-09-20 08:00:00,0.0
2021-09-20 09:00:00,0.0
2021-09-20 10:00:00,35.15000125
2021-09-20 11:00:00,258.150005
2021-09-20 12:00:00,518.600005
2021-09-20 13:00:00,744.25
2021-09-20 14:00:00,915.675
2021-09-20 15:00:00,874.87501
2021-09-20 16:00:00,820.55
2021-09-20 17:00:00,789.375
2021-09-20 18:00:00,591.5000200000001
2021-09-20 19:00:00,417.55
2021-09-20 20:00:00,330.09999999999997
2021-09-20 21:00:00,7.32500025
2021-09-20 22:00:00,0.0
2021-09-20 23:00:00,0.0
2021-09-21 00:00:00,0.0
2021-09-21 01:00:00,0.0
2021-09-21 02:00:00,0.0
2021-09-21 03:00:00,0.0
2021-09-21 04:00:00,0.0
2021-09-21 05:00:00,0.0
2021-09-21 06:00:00,0.0
2021-09-21 07:00:00,0.0
2021-09-21 08:00:00,0.0
2021-09-21 09:00:00,0.0
2021-09-21 10:00:00,31.750000500000002
2021-09-21 11:00:00,239.6
2021-09-21 12:00:00,413.625
2021-09-21 13:00:00,682.45002
2021-09-21 14:00:00,901.6750099999999
2021-09-21 15:00:00,1004.175025
2021-09-21 16:00:00,1010.2
2021-09-21 17:00:00,960.32501
2021-09-21 18:00:00,667.475
2021-09-21 19:00:00,581.75002
2021-09-21 20:00:00,424.65001
2021-09-21 21:00:00,120.97500124999999
2021-09-21 22:00:00,6.225
2021-09-21 23:00:00,0.0
2021-09-22 00:00:00,0.0
2021-09-22 01:00:00,0.0
2021-09-22 02:00:00,0.0
2021-09-22 03:00:00,0.0
2021-09-22 04:00:00,0.0
2021-09-22 05:00:00,0.0
2021-09-22 06:00:00,0.0
2021-09-22 07:00:00,0.0
2021-09-22 08:00:00,0.0
2021-09-22 09:00:00,0.0
2021-09-22 10:00:00,38.0
2021-09-22 11:00:00,224.175
2021-09-22 12:00:00,483.02501
2021-09-22 13:00:00,727.8000099999999
2021-09-22 14:00:00,856.37501
2021-09-22 15:00:00,962.175
2021-09-22 16:00:00,726.3
2021-09-22 17:00:00,743.85001
2021-09-22 18:00:00,780.6500100000001
2021-09-22 19:00:00,643.35001
2021-09-22 20:00:00,384.525
2021-09-22 21:00:00,65.9000015
2021-09-22 22:00:00,0.0
2021-09-22 23:00:00,0.0
2021-09-23 00:00:00,0.0
2021-09-23 01:00:00,0.0
2021-09-23 02:00:00,0.0
2021-09-23 03:00:00,0.0
2021-09-23 04:00:00,0.0
2021-09-23 05:00:00,0.0
2021-09-23 06:00:00,0.0
2021-09-23 07:00:00,0.0
2021-09-23 08:00:00,0.0
2021-09-23 09:00:00,0.0
2021-09-23 10:00:00,39.77500125
2021-09-23 11:00:00,268.575
2021-09-23 12:00:00,506.875
2021-09-23 13:00:00,711.02502
2021-09-23 14:00:00,793.00001
2021-09-23 15:00:00,974.8250350000001
2021-09-23 16:00:00,947.27502
2021-09-23 17:00:00,983.2249999999999
2021-09-23 18:00:00,842.375
2021-09-23 19:00:00,589.025025
2021-09-23 20:00:00,358.45
2021-09-23 21:00:00,87.95000125
2021-09-23 22:00:00,0.875
2021-09-23 23:00:00,0.0
2021-09-24 00:00:00,0.0
2021-09-24 01:00:00,0.0
2021-09-24 02:00:00,0.0
2021-09-24 03:00:00,0.0
2021-09-24 04:00:00,0.0
2021-09-24 05:00:00,0.0
2021-09-24 06:00:00,0.0
2021-09-24 07:00:00,0.0
2021-09-24 08:00:00,0.0
2021-09-24 09:00:00,0.0
2021-09-24 10:00:00,44.425002000000006
2021-09-24 11:00:00,275.75
2021-09-24 12:00:00,534.8
2021-09-24 13:00:00,764.25001
2021-09-24 14:00:00,936.3
2021-09-24 15:00:00,1035.500025
2021-09-24 16:00:00,1056.95
2021-09-24 17:00:00,1000.675
2021-09-24 18:00:00,870.5500099999999
2021-09-24 19:00:00,675.37501
2021-09-24 20:00:00,430.250005
2021-09-24 21:00:00,167.9
2021-09-24 22:00:00,6.35
2021-09-24 23:00:00,0.0
2021-09-25 00:00:00,0.0
2021-09-25 01:00:00,0.0
2021-09-25 02:00:00,0.0
2021-09-25 03:00:00,0.0
2021-09-25 04:00:00,0.0
2021-09-25 05:00:00,0.0
2021-09-25 06:00:00,0.0
2021-09-25 07:00:00,0.0
2021-09-25 08:00:00,0.0
2021-09-25 09:00:00,0.0
2021-09-25 10:00:00,48.07500175
2021-09-25 11:00:00,287.0750025
2021-09-25 12:00:00,555.75
2021-09-25 13:00:00,790.0250100000001
2021-09-25 14:00:00,968.4000100000001
2021-09-25 15:00:00,1072.7
2021-09-25 16:00:00,1089.0
2021-09-25 17:00:00,1025.400025
2021-09-25 18:00:00,890.95
2021-09-25 19:00:00,693.32503
2021-09-25 20:00:00,444.95000500000003
2021-09-25 21:00:00,176.29999999999998
2021-09-25 22:00:00,7.025
2021-09-25 23:00:00,0.0
2021-09-26 00:00:00,0.0
2021-09-26 01:00:00,0.0
2021-09-26 02:00:00,0.0
2021-09-26 03:00:00,0.0
2021-09-26 04:00:00,0.0
2021-09-26 05:00:00,0.0
2021-09-26 06:00:00,0.0
2021-09-26 07:00:00,0.0
2021-09-26 08:00:00,0.0
2021-09-26 09:00:00,0.0
2021-09-26 10:00:00,51.75000125
2021-09-26 11:00:00,294.90000499999996
2021-09-26 12:00:00,569.02502
2021-09-26 13:00:00,802.5
2021-09-26 14:00:00,977.97501
2021-09-26 15:00:00,1082.42505
2021-09-26 16:00:00,1104.125025
2021-09-26 17:00:00,1044.625
2021-09-26 18:00:00,910.00002
2021-09-26 19:00:00,706.95
2021-09-26 20:00:00,454.35
2021-09-26 21:00:00,183.22500250000002
2021-09-26 22:00:00,7.725
2021-09-26 23:00:00,0.0
2021-09-27 00:00:00,0.0
2021-09-27 01:00:00,0.0
2021-09-27 02:00:00,0.0
2021-09-27 03:00:00,0.0
2021-09-27 04:00:00,0.0
2021-09-27 05:00:00,0.0
2021-09-27 06:00:00,0.0
2021-09-27 07:00:00,0.0
2021-09-27 08:00:00,0.0
2021-09-27 09:00:00,0.0
2021-09-27 10:00:00,53.1
2021-09-27 11:00:00,292.3500025
2021-09-27 12:00:00,555.575015
2021-09-27 13:00:00,784.70001
2021-09-27 14:00:00,957.22501
2021-09-27 15:00:00,1055.725075
2021-09-27 16:00:00,1075.775025
2021-09-27 17:00:00,1016.050025
2021-09-27 18:00:00,881.50002
2021-09-27 19:00:00,684.9749999999999
2021-09-27 20:00:00,441.225
2021-09-27 21:00:00,175.77500375
2021-09-27 22:00:00,7.175
2021-09-27 23:00:00,0.0
2021-09-28 00:00:00,0.0
2021-09-28 01:00:00,0.0
2021-09-28 02:00:00,0.0
2021-09-28 03:00:00,0.0
2021-09-28 04:00:00,0.0
2021-09-28 05:00:00,0.0
2021-09-28 06:00:00,0.0
2021-09-28 07:00:00,0.0
2021-09-28 08:00:00,0.0
2021-09-28 09:00:00,0.0
2021-09-28 10:00:00,49.35000025
2021-09-28 11:00:00,275.27500499999996
2021-09-28 12:00:00,537.575
2021-09-28 13:00:00,741.12501
2021-09-28 14:00:00,939.70002
2021-09-28 15:00:00,1043.900025
2021-09-28 16:00:00,1066.725
2021-09-28 17:00:00,1008.97502
2021-09-28 18:00:00,874.47501
2021-09-28 19:00:00,676.2
2021-09-28 20:00:00,431.47499999999997
2021-09-28 21:00:00,163.05000124999998
2021-09-28 22:00:00,6.375
2021-09-28 23:00:00,0.0
2021-09-29 00:00:00,0.0
2021-09-29 01:00:00,0.0
2021-09-29 02:00:00,0.0
2021-09-29 03:00:00,0.0
2021-09-29 04:00:00,0.0
2021-09-29 05:00:00,0.0
2021-09-29 06:00:00,0.0
2021-09-29 07:00:00,0.0
2021-09-29 08:00:00,0.0
2021-09-29 09:00:00,0.0
2021-09-29 10:00:00,52.099999999999994
2021-09-29 11:00:00,227.125
2021-09-29 12:00:00,522.0250100000001
2021-09-29 13:00:00,774.45
2021-09-29 14:00:00,945.97501
2021-09-29 15:00:00,1051.42505
2021-09-29 16:00:00,1074.400025
2021-09-29 17:00:00,1015.0999999999999
2021-09-29 18:00:00,875.65
2021-09-29 19:00:00,546.450005
2021-09-29 20:00:00,190.37500375000002
2021-09-29 21:00:00,0.0
2021-09-29 22:00:00,0.0
2021-09-29 23:00:00,0.0
2021-09-30 00:00:00,0.0
2021-09-30 01:00:00,0.0
2021-09-30 02:00:00,0.0
2021-09-30 03:00:00,0.0
2021-09-30 04:00:00,0.0
2021-09-30 05:00:00,0.0
2021-09-30 06:00:00,0.0
2021-09-30 07:00:00,0.0
2021-09-30 08:00:00,0.0
2021-09-30 09:00:00,0.0
2021-09-30 10:00:00,53.25
2021-09-30 11:00:00,287.4000025
2021-09-30 12:00:00,574.87501
2021-09-30 13:00:00,805.175
2021-09-30 14:00:00,975.12501
2021-09-30 15:00:00,1073.725025
2021-09-30 16:00:00,1097.600025
2021-09-30 17:00:00,1043.52505
2021-09-30 18:00:00,905.17502
2021-09-30 19:00:00,662.475
2021-09-30 20:00:00,288.775
2021-09-30 21:00:00,64.525
2021-09-30 22:00:00,0.0
2021-09-30 23:00:00,0.0
2021-10-01 00:00:00,0.0
2021-10-01 01:00:00,0.0
2021-10-01 02:00:00,0.0
2021-10-01 03:00:00,0.0
2021-10-01 04:00:00,0.0
2021-10-01 05:00:00,0.0
2021-10-01 06:00:00,0.0
2021-10-01 07:00:00,0.0
2021-10-01 08:00:00,0.0
2021-10-01 09:00:00,0.0
2021-10-01 10:00:00,56.90000025
2021-10-01 11:00:00,292.45
2021-10-01 12:00:00,559.17501
2021-10-01 13:00:00,782.9000100000001
2021-10-01 14:00:00,949.35001
2021-10-01 15:00:00,1046.45
2021-10-01 16:00:00,938.45
2021-10-01 17:00:00,705.575
2021-10-01 18:00:00,476.85
2021-10-01 19:00:00,548.07501
2021-10-01 20:00:00,322.57501
2021-10-01 21:00:00,88.7
2021-10-01 22:00:00,0.0
2021-10-01 23:00:00,0.0
2021-10-02 00:00:00,0.0
2021-10-02 01:00:00,0.0
2021-10-02 02:00:00,0.0
2021-10-02 03:00:00,0.0
2021-10-02 04:00:00,0.0
2021-10-02 05:00:00,0.0
2021-10-02 06:00:00,0.0
2021-10-02 07:00:00,0.0
2021-10-02 08:00:00,0.0
2021-10-02 09:00:00,0.0
2021-10-02 10:00:00,66.975
2021-10-02 11:00:00,320.1000025
2021-10-02 12:00:00,584.175015
2021-10-02 13:00:00,820.8
2021-10-02 14:00:00,1001.825025
2021-10-02 15:00:00,1113.9
2021-10-02 16:00:00,1132.900025
2021-10-02 17:00:00,1071.225025
2021-10-02 18:00:00,936.32502
2021-10-02 19:00:00,731.775
2021-10-02 20:00:00,476.650005
2021-10-02 21:00:00,200.5
2021-10-02 22:00:00,9.7750005
2021-10-02 23:00:00,0.0
2021-10-03 00:00:00,0.0
2021-10-03 01:00:00,0.0
2021-10-03 02:00:00,0.0
2021-10-03 03:00:00,0.0
2021-10-03 04:00:00,0.0
2021-10-03 05:00:00,0.0
2021-10-03 06:00:00,0.0
2021-10-03 07:00:00,0.0
2021-10-03 08:00:00,0.0
2021-10-03 09:00:00,0.0
2021-10-03 10:00:00,73.9
2021-10-03 11:00:00,336.125005
2021-10-03 12:00:00,608.95
2021-10-03 13:00:00,842.77502
2021-10-03 14:00:00,1018.0999999999999
2021-10-03 15:00:00,1122.375025
2021-10-03 16:00:00,1143.750025
2021-10-03 17:00:00,1082.275
2021-10-03 18:00:00,943.20001
2021-10-03 19:00:00,735.275
2021-10-03 20:00:00,479.2
2021-10-03 21:00:00,203.07500124999999
2021-10-03 22:00:00,10.2
2021-10-03 23:00:00,0.0
2021-10-04 00:00:00,0.0
2021-10-04 01:00:00,0.0
2021-10-04 02:00:00,0.0
2021-10-04 03:00:00,0.0
2021-10-04 04:00:00,0.0
2021-10-04 05:00:00,0.0
2021-10-04 06:00:00,0.0
2021-10-04 07:00:00,0.0
2021-10-04 08:00:00,0.0
2021-10-04 09:00:00,0.0
2021-10-04 10:00:00,76.80000425
2021-10-04 11:00:00,339.675005
2021-10-04 12:00:00,615.575
2021-10-04 13:00:00,849.325
2021-10-04 14:00:00,1022.0750250000001
2021-10-04 15:00:00,1119.500025
2021-10-04 16:00:00,1136.550025
2021-10-04 17:00:00,1080.2
2021-10-04 18:00:00,945.7
2021-10-04 19:00:00,736.3249999999999
2021-10-04 20:00:00,478.07501
2021-10-04 21:00:00,203.25
2021-10-04 22:00:00,10.375
2021-10-04 23:00:00,0.0
2021-10-05 00:00:00,0.0
2021-10-05 01:00:00,0.0
2021-10-05 02:00:00,0.0
2021-10-05 03:00:00,0.0
2021-10-05 04:00:00,0.0
2021-10-05 05:00:00,0.0
2021-10-05 06:00:00,0.0
2021-10-05 07:00:00,0.0
2021-10-05 08:00:00,0.0
2021-10-05 09:00:00,0.0
2021-10-05 10:00:00,77.425
2021-10-05 11:00:00,337.400005
2021-10-05 12:00:00,609.0
2021-10-05 13:00:00,839.82502
2021-10-05 14:00:00,1011.875
2021-10-05 15:00:00,1109.25
2021-10-05 16:00:00,1125.85005
2021-10-05 17:00:00,1060.900025
2021-10-05 18:00:00,921.45001
2021-10-05 19:00:00,718.875
2021-10-05 20:00:00,467.425005
2021-10-05 21:00:00,193.04999999999998
2021-10-05 22:00:00,9.625
2021-10-05 23:00:00,0.0
2021-10-06 00:00:00,0.0
2021-10-06 01:00:00,0.0
2021-10-06 02:00:00,0.0
2021-10-06 03:00:00,0.0
2021-10-06 04:00:00,0.0
2021-10-06 05:00:00,0.0
2021-10-06 06:00:00,0.0
2021-10-06 07:00:00,0.0
2021-10-06 08:00:00,0.0
2021-10-06 09:00:00,0.0
2021-10-06 10:00:00,75.675
2021-10-06 11:00:00,328.175
2021-10-06 12:00:00,598.125015
2021-10-06 13:00:00,822.075
2021-10-06 14:00:00,988.8000099999999
2021-10-06 15:00:00,1083.925075
2021-10-06 16:00:00,1101.450025
2021-10-06 17:00:00,908.9749999999999
2021-10-06 18:00:00,779.72501
2021-10-06 19:00:00,663.75
2021-10-06 20:00:00,395.200005
2021-10-06 21:00:00,119.80000275
2021-10-06 22:00:00,0.025
2021-10-06 23:00:00,0.0
2021-10-07 00:00:00,0.0
2021-10-07 01:00:00,0.0
2021-10-07 02:00:00,0.0
2021-10-07 03:00:00,0.0
2021-10-07 04:00:00,0.0
2021-10-07 05:00:00,0.0
2021-10-07 06:00:00,0.0
2021-10-07 07:00:00,0.0
2021-10-07 08:00:00,0.0
2021-10-07 09:00:00,0.0
2021-10-07 10:00:00,80.050003
2021-10-07 11:00:00,329.925005
2021-10-07 12:00:00,586.825
2021-10-07 13:00:00,808.35004
2021-10-07 14:00:00,973.22501
2021-10-07 15:00:00,1066.950025
2021-10-07 16:00:00,861.25001
2021-10-07 17:00:00,738.95
2021-10-07 18:00:00,658.6
2021-10-07 19:00:00,627.875
2021-10-07 20:00:00,326.45
2021-10-07 21:00:00,107.72500375
2021-10-07 22:00:00,4.70000025
2021-10-07 23:00:00,0.0
2021-10-08 00:00:00,0.0
2021-10-08 01:00:00,0.0
2021-10-08 02:00:00,0.0
2021-10-08 03:00:00,0.0
2021-10-08 04:00:00,0.0
2021-10-08 05:00:00,0.0
2021-10-08 06:00:00,0.0
2021-10-08 07:00:00,0.0
2021-10-08 08:00:00,0.0
2021-10-08 09:00:00,0.0
2021-10-08 10:00:00,81.875
2021-10-08 11:00:00,304.8
2021-10-08 12:00:00,
2021-10-08 13:00:00,823.875
2021-10-08 14:00:00,992.4
2021-10-08 15:00:00,1090.97505
2021-10-08 16:00:00,1069.700025
2021-10-08 17:00:00,808.9000000000001
2021-10-08 18:00:00,743.275
2021-10-08 19:00:00,542.275015
2021-10-08 20:00:00,329.45001
2021-10-08 21:00:00,90.7000025
2021-10-08 22:00:00,0.0
2021-10-08 23:00:00,0.0
2021-10-09 00:00:00,0.0
2021-10-09 01:00:00,0.0
2021-10-09 02:00:00,0.0
2021-10-09 03:00:00,0.0
2021-10-09 04:00:00,0.0
2021-10-09 05:00:00,0.0
2021-10-09 06:00:00,0.0
2021-10-09 07:00:00,0.0
2021-10-09 08:00:00,0.0
2021-10-09 09:00:00,0.0
2021-10-09 10:00:00,85.925
2021-10-09 11:00:00,311.1666666666667
2021-10-09 12:00:00,601.25001
2021-10-09 13:00:00,824.925
2021-10-09 14:00:00,994.55
2021-10-09 15:00:00,1093.800025
2021-10-09 16:00:00,1042.325025
2021-10-09 17:00:00,837.125
2021-10-09 18:00:00,881.97501
2021-10-09 19:00:00,691.17501
2021-10-09 20:00:00,466.30001
2021-10-09 21:00:00,160.15
2021-10-09 22:00:00,0.475
2021-10-09 23:00:00,0.0
2021-10-10 00:00:00,0.0
2021-10-10 01:00:00,0.0
2021-10-10 02:00:00,0.0
2021-10-10 03:00:00,0.0
2021-10-10 04:00:00,0.0
2021-10-10 05:00:00,0.0
2021-10-10 06:00:00,0.0
2021-10-10 07:00:00,0.0
2021-10-10 08:00:00,0.0
2021-10-10 09:00:00,0.0
2021-10-10 10:00:00,95.3
2021-10-10 11:00:00,360.675
2021-10-10 12:00:00,628.32501
2021-10-10 13:00:00,859.77501
2021-10-10 14:00:00,1030.32505
2021-10-10 15:00:00,1128.100025
2021-10-10 16:00:00,1147.2
2021-10-10 17:00:00,1083.575
2021-10-10 18:00:00,948.05001
2021-10-10 19:00:00,744.55
2021-10-10 20:00:00,489.300005
2021-10-10 21:00:00,212.05
2021-10-10 22:00:00,12.975
2021-10-10 23:00:00,0.0
2021-10-11 00:00:00,0.0
2021-10-11 01:00:00,0.0
2021-10-11 02:00:00,0.0
2021-10-11 03:00:00,0.0
2021-10-11 04:00:00,0.0
2021-10-11 05:00:00,0.0
2021-10-11 06:00:00,0.0
2021-10-11 07:00:00,0.0
2021-10-11 08:00:00,0.0
2021-10-11 09:00:00,0.0
2021-10-11 10:00:00,96.85
2021-10-11 11:00:00,360.025005
2021-10-11 12:00:00,631.82501
2021-10-11 13:00:00,859.40002
2021-10-11 14:00:00,1027.85001
2021-10-11 15:00:00,1124.10005
2021-10-11 16:00:00,1137.325025
2021-10-11 17:00:00,1067.35
2021-10-11 18:00:00,922.675
2021-10-11 19:00:00,718.07501
2021-10-11 20:00:00,467.1
2021-10-11 21:00:00,230.76666666666665
2021-10-11 22:00:00,
2021-10-11 23:00:00,
2021-10-12 00:00:00,
2021-10-12 01:00:00,
2021-10-12 02:00:00,
2021-10-12 03:00:00,
2021-10-12 04:00:00,
2021-10-12 05:00:00,
2021-10-12 06:00:00,0.0
2021-10-12 07:00:00,0.0
2021-10-12 08:00:00,0.0
2021-10-12 09:00:00,0.0
2021-10-12 10:00:00,98.95000125
2021-10-12 11:00:00,360.75
2021-10-12 12:00:00,627.25
2021-10-12 13:00:00,855.20001
2021-10-12 14:00:00,1024.25
2021-10-12 15:00:00,1120.7
2021-10-12 16:00:00,1137.05
2021-10-12 17:00:00,1074.775
2021-10-12 18:00:00,939.425
2021-10-12 19:00:00,735.32501
2021-10-12 20:00:00,482.75
2021-10-12 21:00:00,207.92500125
2021-10-12 22:00:00,13.150000075
2021-10-12 23:00:00,0.0
2021-10-13 00:00:00,0.0
2021-10-13 01:00:00,0.0
2021-10-13 02:00:00,0.0
2021-10-13 03:00:00,0.0
2021-10-13 04:00:00,0.0
2021-10-13 05:00:00,0.0
2021-10-13 06:00:00,0.0
2021-10-13 07:00:00,0.0
2021-10-13 08:00:00,0.0
2021-10-13 09:00:00,0.0
2021-10-13 10:00:00,105.85000249999999
2021-10-13 11:00:00,371.725005
2021-10-13 12:00:00,640.375
2021-10-13 13:00:00,866.27502
2021-10-13 14:00:00,1033.15
2021-10-13 15:00:00,1127.025025
2021-10-13 16:00:00,1140.85
2021-10-13 17:00:00,1075.375025
2021-10-13 18:00:00,882.37501
2021-10-13 19:00:00,671.425
2021-10-13 20:00:00,413.125
2021-10-13 21:00:00,127.675005
2021-10-13 22:00:00,0.0
2021-10-13 23:00:00,0.0
2021-10-14 00:00:00,0.0
2021-10-14 01:00:00,0.0
2021-10-14 02:00:00,0.0
2021-10-14 03:00:00,0.0
2021-10-14 04:00:00,0.0
2021-10-14 05:00:00,0.0
2021-10-14 06:00:00,0.0
2021-10-14 07:00:00,0.0
2021-10-14 08:00:00,0.0
2021-10-14 09:00:00,0.0
2021-10-14 10:00:00,114.2250025
2021-10-14 11:00:00,388.975
2021-10-14 12:00:00,654.47501
2021-10-14 13:00:00,884.27502
2021-10-14 14:00:00,1056.175025
2021-10-14 15:00:00,1154.000025
2021-10-14 16:00:00,1171.20005
2021-10-14 17:00:00,1107.850025
2021-10-14 18:00:00,962.600025
2021-10-14 19:00:00,752.97501
2021-10-14 20:00:00,498.550005
2021-10-14 21:00:00,224.20000249999998
2021-10-14 22:00:00,15.875
2021-10-14 23:00:00,0.0
2021-10-15 00:00:00,0.0
2021-10-15 01:00:00,0.0
2021-10-15 02:00:00,0.0
2021-10-15 03:00:00,0.0
2021-10-15 04:00:00,0.0
2021-10-15 05:00:00,0.0
2021-10-15 06:00:00,0.0
2021-10-15 07:00:00,0.0
2021-10-15 08:00:00,0.0
2021-10-15 09:00:00,0.0
2021-10-15 10:00:00,119.275
2021-10-15 11:00:00,395.4
2021-10-15 12:00:00,665.675
2021-10-15 13:00:00,897.4
2021-10-15 14:00:00,1067.250035
2021-10-15 15:00:00,1162.7
2021-10-15 16:00:00,1180.350025
2021-10-15 17:00:00,1118.925
2021-10-15 18:00:00,974.20001
2021-10-15 19:00:00,763.22501
2021-10-15 20:00:00,506.97502000000003
2021-10-15 21:00:00,226.475
2021-10-15 22:00:00,16.45
2021-10-15 23:00:00,0.0
2021-10-16 00:00:00,0.0
2021-10-16 01:00:00,0.0
2021-10-16 02:00:00,0.0
2021-10-16 03:00:00,0.0
2021-10-16 04:00:00,0.0
2021-10-16 05:00:00,0.0
2021-10-16 06:00:00,0.0
2021-10-16 07:00:00,0.0
2021-10-16 08:00:00,0.0
2021-10-16 09:00:00,0.0
2021-10-16 10:00:00,118.2750025
2021-10-16 11:00:00,388.82501
2021-10-16 12:00:00,655.65
2021-10-16 13:00:00,883.475
2021-10-16 14:00:00,1049.025025
2021-10-16 15:00:00,1142.8
2021-10-16 16:00:00,1166.05
2021-10-16 17:00:00,1109.500025
2021-10-16 18:00:00,971.37501
2021-10-16 19:00:00,760.90002
2021-10-16 20:00:00,505.475
2021-10-16 21:00:00,228.500005
2021-10-16 22:00:00,17.275
2021-10-16 23:00:00,0.0
2021-10-17 00:00:00,0.0
2021-10-17 01:00:00,0.0
2021-10-17 02:00:00,0.0
2021-10-17 03:00:00,0.0
2021-10-17 04:00:00,0.0
2021-10-17 05:00:00,0.0
2021-10-17 06:00:00,0.0
2021-10-17 07:00:00,0.0
2021-10-17 08:00:00,0.0
2021-10-17 09:00:00,0.0
2021-10-17 10:00:00,124.72500275000002
2021-10-17 11:00:00,399.9
2021-10-17 12:00:00,670.25002
2021-10-17 13:00:00,899.1500100000001
2021-10-17 14:00:00,1065.700025
2021-10-17 15:00:00,1164.100025
2021-10-17 16:00:00,1185.75005
2021-10-17 17:00:00,1118.025
2021-10-17 18:00:00,970.9250099999999
2021-10-17 19:00:00,764.0500099999999
2021-10-17 20:00:00,511.07500500000003
2021-10-17 21:00:00,229.550005
2021-10-17 22:00:00,7.525
2021-10-17 23:00:00,0.0
2021-10-18 00:00:00,0.0
2021-10-18 01:00:00,0.0
2021-10-18 02:00:00,0.0
2021-10-18 03:00:00,0.0
2021-10-18 04:00:00,0.0
2021-10-18 05:00:00,0.0
2021-10-18 06:00:00,0.0
2021-10-18 07:00:00,0.0
2021-10-18 08:00:00,0.0
2021-10-18 09:00:00,0.0
2021-10-18 10:00:00,106.55000025000001
2021-10-18 11:00:00,373.325005
2021-10-18 12:00:00,663.77502
2021-10-18 13:00:00,890.325
2021-10-18 14:00:00,1056.225025
2021-10-18 15:00:00,1146.85005
2021-10-18 16:00:00,1163.800025
2021-10-18 17:00:00,1106.62505
2021-10-18 18:00:00,965.7
2021-10-18 19:00:00,751.92501
2021-10-18 20:00:00,442.525
2021-10-18 21:00:00,126.075
2021-10-18 22:00:00,0.0
2021-10-18 23:00:00,0.0
2021-10-19 00:00:00,0.0
2021-10-19 01:00:00,0.0
2021-10-19 02:00:00,0.0
2021-10-19 03:00:00,0.0
2021-10-19 04:00:00,0.0
2021-10-19 05:00:00,0.0
2021-10-19 06:00:00,0.0
2021-10-19 07:00:00,0.0
2021-10-19 08:00:00,0.0
2021-10-19 09:00:00,0.0
2021-10-19 10:00:00,128.525
2021-10-19 11:00:00,397.725
2021-10-19 12:00:00,659.275
2021-10-19 13:00:00,884.37501
2021-10-19 14:00:00,1051.250025
2021-10-19 15:00:00,1141.700025
2021-10-19 16:00:00,1149.07505
2021-10-19 17:00:00,1080.4
2021-10-19 18:00:00,938.92501
2021-10-19 19:00:00,736.9000100000001
2021-10-19 20:00:00,488.675005
2021-10-19 21:00:00,219.77500750000002
2021-10-19 22:00:00,17.825
2021-10-19 23:00:00,0.0
2021-10-20 00:00:00,0.0
2021-10-20 01:00:00,0.0
2021-10-20 02:00:00,0.0
2021-10-20 03:00:00,0.0
2021-10-20 04:00:00,0.0
2021-10-20 05:00:00,0.0
2021-10-20 06:00:00,0.0
2021-10-20 07:00:00,0.0
2021-10-20 08:00:00,0.0
2021-10-20 09:00:00,0.0
2021-10-20 10:00:00,130.65
2021-10-20 11:00:00,400.95000500000003
2021-10-20 12:00:00,668.82501
2021-10-20 13:00:00,894.50001
2021-10-20 14:00:00,1058.250025
2021-10-20 15:00:00,1148.85
2021-10-20 16:00:00,1162.8750249999998
2021-10-20 17:00:00,1100.125025
2021-10-20 18:00:00,959.6500100000001
2021-10-20 19:00:00,760.00001
2021-10-20 20:00:00,514.550015
2021-10-20 21:00:00,227.3250025
2021-10-20 22:00:00,4.1
2021-10-20 23:00:00,0.0
2021-10-21 00:00:00,0.0
2021-10-21 01:00:00,0.0
2021-10-21 02:00:00,0.0
2021-10-21 03:00:00,0.0
2021-10-21 04:00:00,0.0
2021-10-21 05:00:00,0.0
2021-10-21 06:00:00,0.0
2021-10-21 07:00:00,0.0
2021-10-21 08:00:00,0.0
2021-10-21 09:00:00,0.0
2021-10-21 10:00:00,137.15000125
2021-10-21 11:00:00,410.95000500000003
2021-10-21 12:00:00,677.32501
2021-10-21 13:00:00,902.425
2021-10-21 14:00:00,1068.950025
2021-10-21 15:00:00,1162.42505
2021-10-21 16:00:00,1174.77505
2021-10-21 17:00:00,1107.100025
2021-10-21 18:00:00,963.72501
2021-10-21 19:00:00,756.77502
2021-10-21 20:00:00,499.125005
2021-10-21 21:00:00,136.3750025
2021-10-21 22:00:00,0.0
2021-10-21 23:00:00,0.0
2021-10-22 00:00:00,0.0
2021-10-22 01:00:00,0.0
2021-10-22 02:00:00,0.0
2021-10-22 03:00:00,0.0
2021-10-22 04:00:00,0.0
2021-10-22 05:00:00,0.0
2021-10-22 06:00:00,0.0
2021-10-22 07:00:00,0.0
2021-10-22 08:00:00,0.0
2021-10-22 09:00:00,0.0
2021-10-22 10:00:00,135.0000005
2021-10-22 11:00:00,406.3
2021-10-22 12:00:00,675.6
2021-10-22 13:00:00,900.37501
2021-10-22 14:00:00,1065.500025
2021-10-22 15:00:00,1159.975025
2021-10-22 16:00:00,1174.3
2021-10-22 17:00:00,1106.275025
2021-10-22 18:00:00,962.975
2021-10-22 19:00:00,587.625
2021-10-22 20:00:00,297.6250125
2021-10-22 21:00:00,96.4
2021-10-22 22:00:00,0.0
2021-10-22 23:00:00,0.0
2021-10-23 00:00:00,0.0
2021-10-23 01:00:00,0.0
2021-10-23 02:00:00,0.0
2021-10-23 03:00:00,0.0
2021-10-23 04:00:00,0.0
2021-10-23 05:00:00,0.0
2021-10-23 06:00:00,0.0
2021-10-23 07:00:00,0.0
2021-10-23 08:00:00,0.0
2021-10-23 09:00:00,0.35
2021-10-23 10:00:00,142.175
2021-10-23 11:00:00,414.75
2021-10-23 12:00:00,679.95001
2021-10-23 13:00:00,902.125
2021-10-23 14:00:00,1063.17501
2021-10-23 15:00:00,1155.6
2021-10-23 16:00:00,1168.375
2021-10-23 17:00:00,1100.87505
2021-10-23 18:00:00,885.975
2021-10-23 19:00:00,621.4
2021-10-23 20:00:00,508.000005
2021-10-23 21:00:00,201.95
2021-10-23 22:00:00,8.95
2021-10-23 23:00:00,0.0
2021-10-24 00:00:00,0.0
2021-10-24 01:00:00,0.0
2021-10-24 02:00:00,0.0
2021-10-24 03:00:00,0.0
2021-10-24 04:00:00,0.0
2021-10-24 05:00:00,0.0
2021-10-24 06:00:00,0.0
2021-10-24 07:00:00,0.0
2021-10-24 08:00:00,0.0
2021-10-24 09:00:00,0.7
2021-10-24 10:00:00,141.000003
2021-10-24 11:00:00,408.90000499999996
2021-10-24 12:00:00,669.175
2021-10-24 13:00:00,889.90002
2021-10-24 14:00:00,1052.37505
2021-10-24 15:00:00,1142.70005
2021-10-24 16:00:00,1156.85
2021-10-24 17:00:00,1090.15005
2021-10-24 18:00:00,949.75
2021-10-24 19:00:00,748.45001
2021-10-24 20:00:00,497.77500499999996
2021-10-24 21:00:00,225.45000249999998
2021-10-24 22:00:00,20.825
2021-10-24 23:00:00,0.0
2021-10-25 00:00:00,0.0
2021-10-25 01:00:00,0.0
2021-10-25 02:00:00,0.0
2021-10-25 03:00:00,0.0
2021-10-25 04:00:00,0.0
2021-10-25 05:00:00,0.0
2021-10-25 06:00:00,0.0
2021-10-25 07:00:00,0.0
2021-10-25 08:00:00,0.0
2021-10-25 09:00:00,1.025
2021-10-25 10:00:00,141.15
2021-10-25 11:00:00,409.150005
2021-10-25 12:00:00,673.7750100000001
2021-10-25 13:00:00,898.05
2021-10-25 14:00:00,1065.025
2021-10-25 15:00:00,1161.300025
2021-10-25 16:00:00,1176.87505
2021-10-25 17:00:00,968.275
2021-10-25 18:00:00,823.3
2021-10-25 19:00:00,700.275
2021-10-25 20:00:00,502.15
2021-10-25 21:00:00,227.67499999999998
2021-10-25 22:00:00,21.4
2021-10-25 23:00:00,0.0
2021-10-26 00:00:00,0.0
2021-10-26 01:00:00,0.0
2021-10-26 02:00:00,0.0
2021-10-26 03:00:00,0.0
2021-10-26 04:00:00,0.0
2021-10-26 05:00:00,0.0
2021-10-26 06:00:00,0.0
2021-10-26 07:00:00,0.0
2021-10-26 08:00:00,0.0
2021-10-26 09:00:00,1.375
2021-10-26 10:00:00,141.82500625
2021-10-26 11:00:00,409.575
2021-10-26 12:00:00,678.12503
2021-10-26 13:00:00,901.1500000000001
2021-10-26 14:00:00,1067.425025
2021-10-26 15:00:00,1162.9250000000002
2021-10-26 16:00:00,1176.55
2021-10-26 17:00:00,1105.975
2021-10-26 18:00:00,962.0250000000001
2021-10-26 19:00:00,756.225
2021-10-26 20:00:00,505.37501
2021-10-26 21:00:00,235.75
2021-10-26 22:00:00,23.60000025
2021-10-26 23:00:00,0.0
2021-10-27 00:00:00,0.0
2021-10-27 01:00:00,0.0
2021-10-27 02:00:00,0.0
2021-10-27 03:00:00,0.0
2021-10-27 04:00:00,0.0
2021-10-27 05:00:00,0.0
2021-10-27 06:00:00,0.0
2021-10-27 07:00:00,0.0
2021-10-27 08:00:00,0.0
2021-10-27 09:00:00,1.825
2021-10-27 10:00:00,145.65
2021-10-27 11:00:00,410.525005
2021-10-27 12:00:00,673.62503
2021-10-27 13:00:00,895.25
2021-10-27 14:00:00,1056.075035
2021-10-27 15:00:00,1145.125025
2021-10-27 16:00:00,1157.8
2021-10-27 17:00:00,1010.20001
2021-10-27 18:00:00,471.0
2021-10-27 19:00:00,659.32501
2021-10-27 20:00:00,489.0
2021-10-27 21:00:00,219.075
2021-10-27 22:00:00,20.45
2021-10-27 23:00:00,0.0
2021-10-28 00:00:00,0.0
2021-10-28 01:00:00,0.0
2021-10-28 02:00:00,0.0
2021-10-28 03:00:00,0.0
2021-10-28 04:00:00,0.0
2021-10-28 05:00:00,0.0
2021-10-28 06:00:00,0.0
2021-10-28 07:00:00,0.0
2021-10-28 08:00:00,0.0
2021-10-28 09:00:00,2.05
2021-10-28 10:00:00,142.3
2021-10-28 11:00:00,405.3
2021-10-28 12:00:00,670.62502
2021-10-28 13:00:00,889.62501
2021-10-28 14:00:00,1051.400025
2021-10-28 15:00:00,1141.6
2021-10-28 16:00:00,1153.5
2021-10-28 17:00:00,1087.325025
2021-10-28 18:00:00,889.92502
2021-10-28 19:00:00,689.77501
2021-10-28 20:00:00,490.72501
2021-10-28 21:00:00,168.07500125
2021-10-28 22:00:00,15.225
2021-10-28 23:00:00,0.0
2021-10-29 00:00:00,0.0
2021-10-29 01:00:00,0.0
2021-10-29 02:00:00,0.0
2021-10-29 03:00:00,0.0
2021-10-29 04:00:00,0.0
2021-10-29 05:00:00,0.0
2021-10-29 06:00:00,0.0
2021-10-29 07:00:00,0.0
2021-10-29 08:00:00,0.0
2021-10-29 09:00:00,2.125
2021-10-29 10:00:00,136.52500375
2021-10-29 11:00:00,396.10001
2021-10-29 12:00:00,658.72502
2021-10-29 13:00:00,873.80001
2021-10-29 14:00:00,1037.100025
2021-10-29 15:00:00,1126.5
2021-10-29 16:00:00,1138.450025
2021-10-29 17:00:00,1074.400025
2021-10-29 18:00:00,924.95001
2021-10-29 19:00:00,655.25003
2021-10-29 20:00:00,473.675
2021-10-29 21:00:00,216.25
2021-10-29 22:00:00,0.0
2021-10-29 23:00:00,0.0
2021-10-30 00:00:00,0.0
2021-10-30 01:00:00,0.0
2021-10-30 02:00:00,0.0
2021-10-30 03:00:00,0.0
2021-10-30 04:00:00,0.0
2021-10-30 05:00:00,0.0
2021-10-30 06:00:00,0.0
2021-10-30 07:00:00,0.0
2021-10-30 08:00:00,0.0
2021-10-30 09:00:00,2.5
2021-10-30 10:00:00,141.925
2021-10-30 11:00:00,405.85
2021-10-30 12:00:00,674.60004
2021-10-30 13:00:00,898.125
2021-10-30 14:00:00,1065.200025
2021-10-30 15:00:00,1163.175025
2021-10-30 16:00:00,1176.725
2021-10-30 17:00:00,1107.4750250000002
2021-10-30 18:00:00,963.125
2021-10-30 19:00:00,756.85001
2021-10-30 20:00:00,505.75001000000003
2021-10-30 21:00:00,235.37500500000002
2021-10-30 22:00:00,25.225
2021-10-30 23:00:00,0.0
2021-10-31 00:00:00,0.0
2021-10-31 01:00:00,0.0
2021-10-31 02:00:00,0.0
2021-10-31 03:00:00,0.0
2021-10-31 04:00:00,0.0
2021-10-31 05:00:00,0.0
2021-10-31 06:00:00,0.0
2021-10-31 07:00:00,0.0
2021-10-31 08:00:00,0.0
2021-10-31 09:00:00,3.05
2021-10-31 10:00:00,148.275
2021-10-31 11:00:00,412.10001
2021-10-31 12:00:00,662.675
2021-10-31 13:00:00,881.9750200000001
2021-10-31 14:00:00,1044.1
2021-10-31 15:00:00,1136.27505
2021-10-31 16:00:00,1148.875025
2021-10-31 17:00:00,1081.075025
2021-10-31 18:00:00,581.92502
2021-10-31 19:00:00,496.29999999999995
2021-10-31 20:00:00,487.125
2021-10-31 21:00:00,221.22500875
2021-10-31 22:00:00,22.525
2021-10-31 23:00:00,0.0
2021-11-01 00:00:00,0.0
2021-11-01 01:00:00,0.0
2021-11-01 02:00:00,0.0
2021-11-01 03:00:00,0.0
2021-11-01 04:00:00,0.0
2021-11-01 05:00:00,0.0
2021-11-01 06:00:00,0.0
2021-11-01 07:00:00,0.0
2021-11-01 08:00:00,0.0
2021-11-01 09:00:00,3.425
2021-11-01 10:00:00,135.75000125000003
2021-11-01 11:00:00,372.9
2021-11-01 12:00:00,672.47501
2021-11-01 13:00:00,903.50001
2021-11-01 14:00:00,1065.25001
2021-11-01 15:00:00,1156.550025
2021-11-01 16:00:00,1166.975
2021-11-01 17:00:00,1097.95005
2021-11-01 18:00:00,956.275
2021-11-01 19:00:00,743.15
2021-11-01 20:00:00,508.80001000000004
2021-11-01 21:00:00,224.55
2021-11-01 22:00:00,28.1
2021-11-01 23:00:00,0.0
2021-11-02 00:00:00,0.0
2021-11-02 01:00:00,0.0
2021-11-02 02:00:00,0.0
2021-11-02 03:00:00,0.0
2021-11-02 04:00:00,0.0
2021-11-02 05:00:00,0.0
2021-11-02 06:00:00,0.0
2021-11-02 07:00:00,0.0
2021-11-02 08:00:00,0.0
2021-11-02 09:00:00,1.225
2021-11-02 10:00:00,141.775
2021-11-02 11:00:00,412.675
2021-11-02 12:00:00,682.8500200000001
2021-11-02 13:00:00,901.52501
2021-11-02 14:00:00,1061.0
2021-11-02 15:00:00,1150.800025
2021-11-02 16:00:00,1161.575
2021-11-02 17:00:00,1089.4
2021-11-02 18:00:00,738.5250000000001
2021-11-02 19:00:00,732.75
2021-11-02 20:00:00,368.6750125
2021-11-02 21:00:00,59.15000125
2021-11-02 22:00:00,21.425
2021-11-02 23:00:00,0.0
2021-11-03 00:00:00,0.0
2021-11-03 01:00:00,0.0
2021-11-03 02:00:00,0.0
2021-11-03 03:00:00,0.0
2021-11-03 04:00:00,0.0
2021-11-03 05:00:00,0.0
2021-11-03 06:00:00,0.0
2021-11-03 07:00:00,0.0
2021-11-03 08:00:00,0.0
2021-11-03 09:00:00,4.57500025
2021-11-03 10:00:00,156.4
2021-11-03 11:00:00,345.52501
2021-11-03 12:00:00,678.6000133333333
2021-11-03 13:00:00,892.05
2021-11-03 14:00:00,1069.725035
2021-11-03 15:00:00,1162.650025
2021-11-03 16:00:00,1175.375025
2021-11-03 17:00:00,1110.25
2021-11-03 18:00:00,971.30001
2021-11-03 19:00:00,769.05002
2021-11-03 20:00:00,522.4
2021-11-03 21:00:00,251.800005
2021-11-03 22:00:00,30.349999999999998
2021-11-03 23:00:00,0.0
2021-11-04 00:00:00,0.0
2021-11-04 01:00:00,0.0
2021-11-04 02:00:00,0.0
2021-11-04 03:00:00,0.0
2021-11-04 04:00:00,0.0
2021-11-04 05:00:00,0.0
2021-11-04 06:00:00,0.0
2021-11-04 07:00:00,0.0
2021-11-04 08:00:00,0.0
2021-11-04 09:00:00,4.75
2021-11-04 10:00:00,161.60000125
2021-11-04 11:00:00,426.525
2021-11-04 12:00:00,686.87503
2021-11-04 13:00:00,906.45001
2021-11-04 14:00:00,1067.325025
2021-11-04 15:00:00,1159.275025
2021-11-04 16:00:00,1174.375
2021-11-04 17:00:00,1114.275075
2021-11-04 18:00:00,945.500025
2021-11-04 19:00:00,738.7750100000001
2021-11-04 20:00:00,538.175005
2021-11-04 21:00:00,258.1
2021-11-04 22:00:00,24.0
2021-11-04 23:00:00,0.0
2021-11-05 00:00:00,0.0
2021-11-05 01:00:00,0.0
2021-11-05 02:00:00,0.0
2021-11-05 03:00:00,0.0
2021-11-05 04:00:00,0.0
2021-11-05 05:00:00,0.0
2021-11-05 06:00:00,0.0
2021-11-05 07:00:00,0.0
2021-11-05 08:00:00,0.0
2021-11-05 09:00:00,4.525
2021-11-05 10:00:00,153.37500125000003
2021-11-05 11:00:00,412.975005
2021-11-05 12:00:00,672.15
2021-11-05 13:00:00,888.6000200000001
2021-11-05 14:00:00,1047.425
2021-11-05 15:00:00,1139.875025
2021-11-05 16:00:00,1151.4
2021-11-05 17:00:00,996.600025
2021-11-05 18:00:00,781.00001
2021-11-05 19:00:00,754.05
2021-11-05 20:00:00,489.87502500000005
2021-11-05 21:00:00,246.35
2021-11-05 22:00:00,31.099999999999998
2021-11-05 23:00:00,0.0
2021-11-06 00:00:00,0.0
2021-11-06 01:00:00,0.0
2021-11-06 02:00:00,0.0
2021-11-06 03:00:00,0.0
2021-11-06 04:00:00,0.0
2021-11-06 05:00:00,0.0
2021-11-06 06:00:00,0.0
2021-11-06 07:00:00,0.0
2021-11-06 08:00:00,0.0
2021-11-06 09:00:00,5.82500025
2021-11-06 10:00:00,170.27499999999998
2021-11-06 11:00:00,435.47499999999997
2021-11-06 12:00:00,692.32501
2021-11-06 13:00:00,913.7
2021-11-06 14:00:00,1074.0
2021-11-06 15:00:00,1161.900025
2021-11-06 16:00:00,1174.275
2021-11-06 17:00:00,1111.100025
2021-11-06 18:00:00,972.87501
2021-11-06 19:00:00,775.82502
2021-11-06 20:00:00,529.25
2021-11-06 21:00:00,199.0500105
2021-11-06 22:00:00,4.85
2021-11-06 23:00:00,0.0
2021-11-07 00:00:00,0.0
2021-11-07 01:00:00,0.0
2021-11-07 02:00:00,0.0
2021-11-07 03:00:00,0.0
2021-11-07 04:00:00,0.0
2021-11-07 05:00:00,0.0
2021-11-07 06:00:00,0.0
2021-11-07 07:00:00,0.0
2021-11-07 08:00:00,0.0
2021-11-07 09:00:00,0.7
2021-11-07 10:00:00,167.450005
2021-11-07 11:00:00,435.400005
2021-11-07 12:00:00,704.32501
2021-11-07 13:00:00,925.10001
2021-11-07 14:00:00,1087.000025
2021-11-07 15:00:00,1177.075
2021-11-07 16:00:00,1186.925025
2021-11-07 17:00:00,1118.325
2021-11-07 18:00:00,981.6
2021-11-07 19:00:00,788.87501
2021-11-07 20:00:00,392.7500075
2021-11-07 21:00:00,17.825
2021-11-07 22:00:00,0.0
2021-11-07 23:00:00,0.0
2021-11-08 00:00:00,0.0
2021-11-08 01:00:00,0.0
2021-11-08 02:00:00,0.0
2021-11-08 03:00:00,0.0
2021-11-08 04:00:00,0.0
2021-11-08 05:00:00,0.0
2021-11-08 06:00:00,0.0
2021-11-08 07:00:00,0.0
2021-11-08 08:00:00,0.0
2021-11-08 09:00:00,6.3
2021-11-08 10:00:00,173.05000125
2021-11-08 11:00:00,443.325
2021-11-08 12:00:00,721.32502
2021-11-08 13:00:00,945.15
2021-11-08 14:00:00,1108.575025
2021-11-08 15:00:00,1197.85
2021-11-08 16:00:00,1204.450025
2021-11-08 17:00:00,1130.325025
2021-11-08 18:00:00,987.7249999999999
2021-11-08 19:00:00,768.2249999999999
2021-11-08 20:00:00,515.85
2021-11-08 21:00:00,103.6250025
2021-11-08 22:00:00,2.5
2021-11-08 23:00:00,0.0
2021-11-09 00:00:00,0.0
2021-11-09 01:00:00,0.0
2021-11-09 02:00:00,0.0
2021-11-09 03:00:00,0.0
2021-11-09 04:00:00,0.0
2021-11-09 05:00:00,0.0
2021-11-09 06:00:00,0.0
2021-11-09 07:00:00,0.0
2021-11-09 08:00:00,0.0
2021-11-09 09:00:00,3.575
2021-11-09 10:00:00,166.15
2021-11-09 11:00:00,431.97501
2021-11-09 12:00:00,685.5
2021-11-09 13:00:00,903.47501
2021-11-09 14:00:00,1063.200025
2021-11-09 15:00:00,1154.325
2021-11-09 16:00:00,1041.425025
2021-11-09 17:00:00,1060.275025
2021-11-09 18:00:00,810.72501
2021-11-09 19:00:00,592.6
2021-11-09 20:00:00,376.02500499999996
2021-11-09 21:00:00,178.22500250000002
2021-11-09 22:00:00,31.6
2021-11-09 23:00:00,0.0
2021-11-10 00:00:00,0.0
2021-11-10 01:00:00,0.0
2021-11-10 02:00:00,0.0
2021-11-10 03:00:00,0.0
2021-11-10 04:00:00,0.0
2021-11-10 05:00:00,0.0
2021-11-10 06:00:00,0.0
2021-11-10 07:00:00,0.0
2021-11-10 08:00:00,0.0
2021-11-10 09:00:00,6.975
2021-11-10 10:00:00,159.05
2021-11-10 11:00:00,432.9
2021-11-10 12:00:00,647.42501
2021-11-10 13:00:00,892.725
2021-11-10 14:00:00,1033.125
2021-11-10 15:00:00,1034.97506
2021-11-10 16:00:00,957.3499999999999
2021-11-10 17:00:00,841.375
2021-11-10 18:00:00,975.75
2021-11-10 19:00:00,787.62501
2021-11-10 20:00:00,534.65001
2021-11-10 21:00:00,232.850005
2021-11-10 22:00:00,35.025000500000004
2021-11-10 23:00:00,0.0
2021-11-11 00:00:00,0.0
2021-11-11 01:00:00,0.0
2021-11-11 02:00:00,0.0
2021-11-11 03:00:00,0.0
2021-11-11 04:00:00,0.0
2021-11-11 05:00:00,0.0
2021-11-11 06:00:00,0.0
2021-11-11 07:00:00,0.0
2021-11-11 08:00:00,0.0
2021-11-11 09:00:00,7.1
2021-11-11 10:00:00,174.00000375
2021-11-11 11:00:00,437.02500000000003
2021-11-11 12:00:00,679.675
2021-11-11 13:00:00,908.5500099999999
2021-11-11 14:00:00,1067.6500350000001
2021-11-11 15:00:00,1157.200025
2021-11-11 16:00:00,1061.45005
2021-11-11 17:00:00,1039.050025
2021-11-11 18:00:00,901.275
2021-11-11 19:00:00,773.225
2021-11-11 20:00:00,526.2
2021-11-11 21:00:00,262.4250025
2021-11-11 22:00:00,38.225
2021-11-11 23:00:00,0.0
2021-11-12 00:00:00,0.0
2021-11-12 01:00:00,0.0
2021-11-12 02:00:00,0.0
2021-11-12 03:00:00,0.0
2021-11-12 04:00:00,0.0
2021-11-12 05:00:00,0.0
2021-11-12 06:00:00,0.0
2021-11-12 07:00:00,0.0
2021-11-12 08:00:00,0.0
2021-11-12 09:00:00,3.175
2021-11-12 10:00:00,176.15000375
2021-11-12 11:00:00,430.5
2021-11-12 12:00:00,694.625
2021-11-12 13:00:00,909.325
2021-11-12 14:00:00,940.17502
2021-11-12 15:00:00,1024.575035
2021-11-12 16:00:00,1039.700025
2021-11-12 17:00:00,998.67501
2021-11-12 18:00:00,830.27502
2021-11-12 19:00:00,767.75
2021-11-12 20:00:00,482.75001
2021-11-12 21:00:00,70.825
2021-11-12 22:00:00,0.0
2021-11-12 23:00:00,0.0
2021-11-13 00:00:00,0.0
2021-11-13 01:00:00,0.0
2021-11-13 02:00:00,0.0
2021-11-13 03:00:00,0.0
2021-11-13 04:00:00,0.0
2021-11-13 05:00:00,0.0
2021-11-13 06:00:00,0.0
2021-11-13 07:00:00,0.0
2021-11-13 08:00:00,0.0
2021-11-13 09:00:00,7.375
2021-11-13 10:00:00,173.82500000000002
2021-11-13 11:00:00,437.700005
2021-11-13 12:00:00,692.87501
2021-11-13 13:00:00,909.37501
2021-11-13 14:00:00,1068.500025
2021-11-13 15:00:00,1160.725
2021-11-13 16:00:00,1174.8
2021-11-13 17:00:00,1024.70001
2021-11-13 18:00:00,892.32501
2021-11-13 19:00:00,782.85002
2021-11-13 20:00:00,532.250015
2021-11-13 21:00:00,267.75
2021-11-13 22:00:00,40.7500005
2021-11-13 23:00:00,0.0
2021-11-14 00:00:00,0.0
2021-11-14 01:00:00,0.0
2021-11-14 02:00:00,0.0
2021-11-14 03:00:00,0.0
2021-11-14 04:00:00,0.0
2021-11-14 05:00:00,0.0
2021-11-14 06:00:00,0.0
2021-11-14 07:00:00,0.0
2021-11-14 08:00:00,0.0
2021-11-14 09:00:00,8.075
2021-11-14 10:00:00,179.65
2021-11-14 11:00:00,442.875
2021-11-14 12:00:00,691.75002
2021-11-14 13:00:00,906.72501
2021-11-14 14:00:00,1064.4750000000001
2021-11-14 15:00:00,1154.450025
2021-11-14 16:00:00,1169.77505
2021-11-14 17:00:00,925.900025
2021-11-14 18:00:00,915.45
2021-11-14 19:00:00,727.65
2021-11-14 20:00:00,477.375015
2021-11-14 21:00:00,268.625
2021-11-14 22:00:00,42.0
2021-11-14 23:00:00,0.0
2021-11-15 00:00:00,0.0
2021-11-15 01:00:00,0.0
2021-11-15 02:00:00,0.0
2021-11-15 03:00:00,0.0
2021-11-15 04:00:00,0.0
2021-11-15 05:00:00,0.0
2021-11-15 06:00:00,0.0
2021-11-15 07:00:00,0.0
2021-11-15 08:00:00,0.0
2021-11-15 09:00:00,7.375
2021-11-15 10:00:00,179.775005
2021-11-15 11:00:00,448.25
2021-11-15 12:00:00,709.8
2021-11-15 13:00:00,930.175
2021-11-15 14:00:00,1093.025025
2021-11-15 15:00:00,1186.750025
2021-11-15 16:00:00,1183.45
2021-11-15 17:00:00,1127.25005
2021-11-15 18:00:00,906.7000350000001
2021-11-15 19:00:00,769.975
2021-11-15 20:00:00,546.450005
2021-11-15 21:00:00,119.02500075
2021-11-15 22:00:00,11.35
2021-11-15 23:00:00,0.0
2021-11-16 00:00:00,0.0
2021-11-16 01:00:00,0.0
2021-11-16 02:00:00,0.0
2021-11-16 03:00:00,0.0
2021-11-16 04:00:00,0.0
2021-11-16 05:00:00,0.0
2021-11-16 06:00:00,0.0
2021-11-16 07:00:00,0.0
2021-11-16 08:00:00,0.0
2021-11-16 09:00:00,8.625
2021-11-16 10:00:00,183.0000075
2021-11-16 11:00:00,447.32501
2021-11-16 12:00:00,700.575
2021-11-16 13:00:00,917.3500200000001
2021-11-16 14:00:00,1077.925025
2021-11-16 15:00:00,1129.125025
2021-11-16 16:00:00,1156.075
2021-11-16 17:00:00,1070.225025
2021-11-16 18:00:00,492.875005
2021-11-16 19:00:00,461.42501
2021-11-16 20:00:00,212.825
2021-11-16 21:00:00,120.375
2021-11-16 22:00:00,29.70000125
2021-11-16 23:00:00,0.0
2021-11-17 00:00:00,0.0
2021-11-17 01:00:00,0.0
2021-11-17 02:00:00,0.0
2021-11-17 03:00:00,0.0
2021-11-17 04:00:00,0.0
2021-11-17 05:00:00,0.0
2021-11-17 06:00:00,0.0
2021-11-17 07:00:00,0.0
2021-11-17 08:00:00,0.0
2021-11-17 09:00:00,8.85
2021-11-17 10:00:00,178.7
2021-11-17 11:00:00,371.425005
2021-11-17 12:00:00,686.42501
2021-11-17 13:00:00,912.75
2021-11-17 14:00:00,1072.17505
2021-11-17 15:00:00,1162.47505
2021-11-17 16:00:00,1173.575
2021-11-17 17:00:00,1108.175025
2021-11-17 18:00:00,972.85001
2021-11-17 19:00:00,777.6750099999999
2021-11-17 20:00:00,537.850005
2021-11-17 21:00:00,277.675005
2021-11-17 22:00:00,47.225
2021-11-17 23:00:00,0.0
2021-11-18 00:00:00,0.0
2021-11-18 01:00:00,0.0
2021-11-18 02:00:00,0.0
2021-11-18 03:00:00,0.0
2021-11-18 04:00:00,0.0
2021-11-18 05:00:00,0.0
2021-11-18 06:00:00,0.0
2021-11-18 07:00:00,0.0
2021-11-18 08:00:00,0.0
2021-11-18 09:00:00,9.125
2021-11-18 10:00:00,188.8000025
2021-11-18 11:00:00,460.90000499999996
2021-11-18 12:00:00,727.87501
2021-11-18 13:00:00,950.60001
2021-11-18 14:00:00,1113.92505
2021-11-18 15:00:00,1207.50005
2021-11-18 16:00:00,1220.925025
2021-11-18 17:00:00,1153.9250000000002
2021-11-18 18:00:00,1011.3
2021-11-18 19:00:00,801.6750099999999
2021-11-18 20:00:00,549.2500200000001
2021-11-18 21:00:00,280.8250075
2021-11-18 22:00:00,48.675
2021-11-18 23:00:00,0.0
2021-11-19 00:00:00,0.0
2021-11-19 01:00:00,0.0
2021-11-19 02:00:00,0.0
2021-11-19 03:00:00,0.0
2021-11-19 04:00:00,0.0
2021-11-19 05:00:00,0.0
2021-11-19 06:00:00,0.0
2021-11-19 07:00:00,0.0
2021-11-19 08:00:00,0.0
2021-11-19 09:00:00,5.55
2021-11-19 10:00:00,181.0
2021-11-19 11:00:00,450.47499999999997
2021-11-19 12:00:00,707.025
2021-11-19 13:00:00,924.425
2021-11-19 14:00:00,1085.325025
2021-11-19 15:00:00,1176.70005
2021-11-19 16:00:00,1188.875025
2021-11-19 17:00:00,1123.900025
2021-11-19 18:00:00,987.85
2021-11-19 19:00:00,789.85
2021-11-19 20:00:00,546.725
2021-11-19 21:00:00,282.9
2021-11-19 22:00:00,50.22500025
2021-11-19 23:00:00,0.0
2021-11-20 00:00:00,0.0
2021-11-20 01:00:00,0.0
2021-11-20 02:00:00,0.0
2021-11-20 03:00:00,0.0
2021-11-20 04:00:00,0.0
2021-11-20 05:00:00,0.0
2021-11-20 06:00:00,0.0
2021-11-20 07:00:00,0.0
2021-11-20 08:00:00,0.0
2021-11-20 09:00:00,9.4000005
2021-11-20 10:00:00,187.55000125
2021-11-20 11:00:00,453.10001
2021-11-20 12:00:00,701.22501
2021-11-20 13:00:00,924.75002
2021-11-20 14:00:00,1085.625075
2021-11-20 15:00:00,1178.875025
2021-11-20 16:00:00,1192.600025
2021-11-20 17:00:00,1125.225025
2021-11-20 18:00:00,987.42502
2021-11-20 19:00:00,743.90002
2021-11-20 20:00:00,477.57501
2021-11-20 21:00:00,126.0
2021-11-20 22:00:00,40.4750005
2021-11-20 23:00:00,0.0
2021-11-21 00:00:00,0.0
2021-11-21 01:00:00,0.0
2021-11-21 02:00:00,0.0
2021-11-21 03:00:00,0.0
2021-11-21 04:00:00,0.0
2021-11-21 05:00:00,0.0
2021-11-21 06:00:00,0.0
2021-11-21 07:00:00,0.0
2021-11-21 08:00:00,0.0
2021-11-21 09:00:00,9.325
2021-11-21 10:00:00,184.00000125
2021-11-21 11:00:00,444.025
2021-11-21 12:00:00,696.12501
2021-11-21 13:00:00,911.02503
2021-11-21 14:00:00,1069.95
2021-11-21 15:00:00,1159.7749999999999
2021-11-21 16:00:00,1172.750025
2021-11-21 17:00:00,1101.77505
2021-11-21 18:00:00,885.80001
2021-11-21 19:00:00,711.85
2021-11-21 20:00:00,472.45000500000003
2021-11-21 21:00:00,242.9250025
2021-11-21 22:00:00,7.775
2021-11-21 23:00:00,0.0
2021-11-22 00:00:00,0.0
2021-11-22 01:00:00,0.0
2021-11-22 02:00:00,0.0
2021-11-22 03:00:00,0.0
2021-11-22 04:00:00,0.0
2021-11-22 05:00:00,0.0
2021-11-22 06:00:00,0.0
2021-11-22 07:00:00,0.0
2021-11-22 08:00:00,0.0
2021-11-22 09:00:00,9.0250005
2021-11-22 10:00:00,148.16666999999998
2021-11-22 11:00:00,437.8
2021-11-22 12:00:00,694.3
2021-11-22 13:00:00,907.70001
2021-11-22 14:00:00,1065.725025
2021-11-22 15:00:00,1156.175025
2021-11-22 16:00:00,980.1999999999999
2021-11-22 17:00:00,449.60001
2021-11-22 18:00:00,534.675
2021-11-22 19:00:00,282.8
2021-11-22 20:00:00,220.05
2021-11-22 21:00:00,31.00000125
2021-11-22 22:00:00,0.0
2021-11-22 23:00:00,0.0
2021-11-23 00:00:00,0.0
2021-11-23 01:00:00,0.0
2021-11-23 02:00:00,0.0
2021-11-23 03:00:00,0.0
2021-11-23 04:00:00,0.0
2021-11-23 05:00:00,0.0
2021-11-23 06:00:00,0.0
2021-11-23 07:00:00,0.0
2021-11-23 08:00:00,0.0
2021-11-23 09:00:00,8.875
2021-11-23 10:00:00,178.12501
2021-11-23 11:00:00,435.600005
2021-11-23 12:00:00,684.52501
2021-11-23 13:00:00,897.1
2021-11-23 14:00:00,1054.5
2021-11-23 15:00:00,1146.57505
2021-11-23 16:00:00,1163.4499999999998
2021-11-23 17:00:00,1069.825
2021-11-23 18:00:00,944.15
2021-11-23 19:00:00,539.10001
2021-11-23 20:00:00,187.900005
2021-11-23 21:00:00,3.60000025
2021-11-23 22:00:00,0.0
2021-11-23 23:00:00,0.0
2021-11-24 00:00:00,0.0
2021-11-24 01:00:00,0.0
2021-11-24 02:00:00,0.0
2021-11-24 03:00:00,0.0
2021-11-24 04:00:00,0.0
2021-11-24 05:00:00,0.0
2021-11-24 06:00:00,0.0
2021-11-24 07:00:00,0.0
2021-11-24 08:00:00,0.0
2021-11-24 09:00:00,8.25
2021-11-24 10:00:00,173.225005
2021-11-24 11:00:00,424.600015
2021-11-24 12:00:00,660.70001
2021-11-24 13:00:00,894.675
2021-11-24 14:00:00,1030.275
2021-11-24 15:00:00,1071.800025
2021-11-24 16:00:00,1170.40005
2021-11-24 17:00:00,1109.800025
2021-11-24 18:00:00,979.05001
2021-11-24 19:00:00,786.5999999999999
2021-11-24 20:00:00,408.025
2021-11-24 21:00:00,38.1000025
2021-11-24 22:00:00,0.0
2021-11-24 23:00:00,0.0
2021-11-25 00:00:00,0.0
2021-11-25 01:00:00,0.0
2021-11-25 02:00:00,0.0
2021-11-25 03:00:00,0.0
2021-11-25 04:00:00,0.0
2021-11-25 05:00:00,0.0
2021-11-25 06:00:00,0.0
2021-11-25 07:00:00,0.0
2021-11-25 08:00:00,0.0
2021-11-25 09:00:00,9.575
2021-11-25 10:00:00,184.85000000000002
2021-11-25 11:00:00,446.35001
2021-11-25 12:00:00,703.47501
2021-11-25 13:00:00,917.87501
2021-11-25 14:00:00,1071.525
2021-11-25 15:00:00,1156.6
2021-11-25 16:00:00,1166.650025
2021-11-25 17:00:00,1104.425
2021-11-25 18:00:00,973.275
2021-11-25 19:00:00,782.22501
2021-11-25 20:00:00,548.725
2021-11-25 21:00:00,280.3000025
2021-11-25 22:00:00,50.82500025
2021-11-25 23:00:00,0.0
2021-11-26 00:00:00,0.0
2021-11-26 01:00:00,0.0
2021-11-26 02:00:00,0.0
2021-11-26 03:00:00,0.0
2021-11-26 04:00:00,0.0
2021-11-26 05:00:00,0.0
2021-11-26 06:00:00,0.0
2021-11-26 07:00:00,0.0
2021-11-26 08:00:00,0.0
2021-11-26 09:00:00,9.2
2021-11-26 10:00:00,168.0500025
2021-11-26 11:00:00,384.30001000000004
2021-11-26 12:00:00,567.42501
2021-11-26 13:00:00,787.85001
2021-11-26 14:00:00,1032.675
2021-11-26 15:00:00,1154.675
2021-11-26 16:00:00,1172.0500000000002
2021-11-26 17:00:00,1116.3334
2021-11-26 18:00:00,983.27501
2021-11-26 19:00:00,793.1
2021-11-26 20:00:00,498.000015
2021-11-26 21:00:00,124.625
2021-11-26 22:00:00,0.0
2021-11-26 23:00:00,0.0
2021-11-27 00:00:00,0.0
2021-11-27 01:00:00,0.0
2021-11-27 02:00:00,0.0
2021-11-27 03:00:00,0.0
2021-11-27 04:00:00,0.0
2021-11-27 05:00:00,0.0
2021-11-27 06:00:00,0.0
2021-11-27 07:00:00,0.0
2021-11-27 08:00:00,0.0
2021-11-27 09:00:00,10.275
2021-11-27 10:00:00,190.22500250000002
2021-11-27 11:00:00,450.50001
2021-11-27 12:00:00,703.05002
2021-11-27 13:00:00,916.325
2021-11-27 14:00:00,1074.05
2021-11-27 15:00:00,1165.175025
2021-11-27 16:00:00,1180.550025
2021-11-27 17:00:00,1118.7500249999998
2021-11-27 18:00:00,987.1
2021-11-27 19:00:00,797.47501
2021-11-27 20:00:00,540.5250100000001
2021-11-27 21:00:00,231.65
2021-11-27 22:00:00,41.8
2021-11-27 23:00:00,0.0
2021-11-28 00:00:00,0.0
2021-11-28 01:00:00,0.0
2021-11-28 02:00:00,0.0
2021-11-28 03:00:00,0.0
2021-11-28 04:00:00,0.0
2021-11-28 05:00:00,0.0
2021-11-28 06:00:00,0.0
2021-11-28 07:00:00,0.0
2021-11-28 08:00:00,0.0
2021-11-28 09:00:00,9.6
2021-11-28 10:00:00,184.975005
2021-11-28 11:00:00,446.77500499999996
2021-11-28 12:00:00,703.275
2021-11-28 13:00:00,919.525
2021-11-28 14:00:00,1084.7000333333333
2021-11-28 15:00:00,1167.025025
2021-11-28 16:00:00,1188.050025
2021-11-28 17:00:00,1123.325025
2021-11-28 18:00:00,985.475
2021-11-28 19:00:00,791.5
2021-11-28 20:00:00,516.625005
2021-11-28 21:00:00,302.1
2021-11-28 22:00:00,35.925
2021-11-28 23:00:00,0.0
2021-11-29 00:00:00,0.0
2021-11-29 01:00:00,0.0
2021-11-29 02:00:00,0.0
2021-11-29 03:00:00,0.0
2021-11-29 04:00:00,0.0
2021-11-29 05:00:00,0.0
2021-11-29 06:00:00,0.0
2021-11-29 07:00:00,0.0
2021-11-29 08:00:00,0.0
2021-11-29 09:00:00,6.45000025
2021-11-29 10:00:00,153.0750025
2021-11-29 11:00:00,366.450015
2021-11-29 12:00:00,587.32501
2021-11-29 13:00:00,827.45
2021-11-29 14:00:00,960.6500100000001
2021-11-29 15:00:00,995.250025
2021-11-29 16:00:00,921.5
2021-11-29 17:00:00,863.92502
2021-11-29 18:00:00,794.50001
2021-11-29 19:00:00,625.9
2021-11-29 20:00:00,456.825
2021-11-29 21:00:00,249.85
2021-11-29 22:00:00,8.2750005
2021-11-29 23:00:00,0.0
2021-11-30 00:00:00,0.0
2021-11-30 01:00:00,0.0
2021-11-30 02:00:00,0.0
2021-11-30 03:00:00,0.0
2021-11-30 04:00:00,0.0
2021-11-30 05:00:00,0.0
2021-11-30 06:00:00,0.0
2021-11-30 07:00:00,0.0
2021-11-30 08:00:00,0.0
2021-11-30 09:00:00,9.675
2021-11-30 10:00:00,179.35
2021-11-30 11:00:00,437.050005
2021-11-30 12:00:00,691.675
2021-11-30 13:00:00,906.75001
2021-11-30 14:00:00,1067.225
2021-11-30 15:00:00,1162.1
2021-11-30 16:00:00,1179.675025
2021-11-30 17:00:00,1123.8
2021-11-30 18:00:00,995.17502
2021-11-30 19:00:00,801.6500100000001
2021-11-30 20:00:00,547.25002
2021-11-30 21:00:00,127.42500125000001
2021-11-30 22:00:00,16.825
2021-11-30 23:00:00,0.0
2021-12-01 00:00:00,0.0
2021-12-01 01:00:00,0.0
2021-12-01 02:00:00,0.0
2021-12-01 03:00:00,0.0
2021-12-01 04:00:00,0.0
2021-12-01 05:00:00,0.0
2021-12-01 06:00:00,0.0
2021-12-01 07:00:00,0.0
2021-12-01 08:00:00,0.0
2021-12-01 09:00:00,9.5
2021-12-01 10:00:00,184.6
2021-12-01 11:00:00,446.9
2021-12-01 12:00:00,704.87501
2021-12-01 13:00:00,922.72502
2021-12-01 14:00:00,1086.9499999999998
2021-12-01 15:00:00,1183.100025
2021-12-01 16:00:00,1200.35
2021-12-01 17:00:00,1138.700025
2021-12-01 18:00:00,1003.87501
2021-12-01 19:00:00,811.92501
2021-12-01 20:00:00,575.80002
2021-12-01 21:00:00,312.025005
2021-12-01 22:00:00,70.6750025
2021-12-01 23:00:00,0.0
2021-12-02 00:00:00,0.0
2021-12-02 01:00:00,0.0
2021-12-02 02:00:00,0.0
2021-12-02 03:00:00,0.0
2021-12-02 04:00:00,0.0
2021-12-02 05:00:00,0.0
2021-12-02 06:00:00,0.0
2021-12-02 07:00:00,0.0
2021-12-02 08:00:00,0.0
2021-12-02 09:00:00,9.325
2021-12-02 10:00:00,154.5750025
2021-12-02 11:00:00,332.775
2021-12-02 12:00:00,580.975
2021-12-02 13:00:00,863.75001
2021-12-02 14:00:00,1066.95
2021-12-02 15:00:00,1170.125
2021-12-02 16:00:00,1189.57505
2021-12-02 17:00:00,1131.325025
2021-12-02 18:00:00,997.1500100000001
2021-12-02 19:00:00,803.57501
2021-12-02 20:00:00,368.475
2021-12-02 21:00:00,80.35
2021-12-02 22:00:00,2.675
2021-12-02 23:00:00,0.0
2021-12-03 00:00:00,0.0
2021-12-03 01:00:00,0.0
2021-12-03 02:00:00,0.0
2021-12-03 03:00:00,0.0
2021-12-03 04:00:00,0.0
2021-12-03 05:00:00,0.0
2021-12-03 06:00:00,0.0
2021-12-03 07:00:00,0.0
2021-12-03 08:00:00,0.0
2021-12-03 09:00:00,9.2
2021-12-03 10:00:00,179.925
2021-12-03 11:00:00,435.525
2021-12-03 12:00:00,690.025
2021-12-03 13:00:00,903.45
2021-12-03 14:00:00,1062.95
2021-12-03 15:00:00,1154.625
2021-12-03 16:00:00,1173.125075
2021-12-03 17:00:00,1102.275
2021-12-03 18:00:00,851.95001
2021-12-03 19:00:00,496.425005
2021-12-03 20:00:00,207.3750025
2021-12-03 21:00:00,27.575
2021-12-03 22:00:00,0.0
2021-12-03 23:00:00,0.0
2021-12-04 00:00:00,0.0
2021-12-04 01:00:00,0.0
2021-12-04 02:00:00,0.0
2021-12-04 03:00:00,0.0
2021-12-04 04:00:00,0.0
2021-12-04 05:00:00,0.0
2021-12-04 06:00:00,0.0
2021-12-04 07:00:00,0.0
2021-12-04 08:00:00,0.0
2021-12-04 09:00:00,7.3
2021-12-04 10:00:00,165.2
2021-12-04 11:00:00,380.2
2021-12-04 12:00:00,593.175
2021-12-04 13:00:00,810.775
2021-12-04 14:00:00,830.15
2021-12-04 15:00:00,670.70002
2021-12-04 16:00:00,828.9250099999999
2021-12-04 17:00:00,782.225
2021-12-04 18:00:00,723.92502
2021-12-04 19:00:00,433.65000499999996
2021-12-04 20:00:00,547.375
2021-12-04 21:00:00,141.925
2021-12-04 22:00:00,6.975
2021-12-04 23:00:00,0.0
2021-12-05 00:00:00,0.0
2021-12-05 01:00:00,0.0
2021-12-05 02:00:00,0.0
2021-12-05 03:00:00,0.0
2021-12-05 04:00:00,0.0
2021-12-05 05:00:00,0.0
2021-12-05 06:00:00,0.0
2021-12-05 07:00:00,0.0
2021-12-05 08:00:00,0.0
2021-12-05 09:00:00,6.675
2021-12-05 10:00:00,163.9250025
2021-12-05 11:00:00,361.450005
2021-12-05 12:00:00,523.225
2021-12-05 13:00:00,594.75001
2021-12-05 14:00:00,480.350005
2021-12-05 15:00:00,485.7
2021-12-05 16:00:00,641.17502
2021-12-05 17:00:00,610.20003
2021-12-05 18:00:00,529.000025
2021-12-05 19:00:00,484.375005
2021-12-05 20:00:00,332.425
2021-12-05 21:00:00,189.7000025
2021-12-05 22:00:00,6.425
2021-12-05 23:00:00,0.0
2021-12-06 00:00:00,0.0
2021-12-06 01:00:00,0.0
2021-12-06 02:00:00,0.0
2021-12-06 03:00:00,0.0
2021-12-06 04:00:00,0.0
2021-12-06 05:00:00,0.0
2021-12-06 06:00:00,0.0
2021-12-06 07:00:00,0.0
2021-12-06 08:00:00,0.0
2021-12-06 09:00:00,8.175
2021-12-06 10:00:00,180.0000025
2021-12-06 11:00:00,358.35
2021-12-06 12:00:00,630.200005
2021-12-06 13:00:00,881.125
2021-12-06 14:00:00,1014.975025
2021-12-06 15:00:00,1024.80001
2021-12-06 16:00:00,1136.150025
2021-12-06 17:00:00,1111.65005
2021-12-06 18:00:00,988.750055
2021-12-06 19:00:00,790.45
2021-12-06 20:00:00,459.55001500000003
2021-12-06 21:00:00,150.425
2021-12-06 22:00:00,0.0
2021-12-06 23:00:00,0.0
2021-12-07 00:00:00,0.0
2021-12-07 01:00:00,0.0
2021-12-07 02:00:00,0.0
2021-12-07 03:00:00,0.0
2021-12-07 04:00:00,0.0
2021-12-07 05:00:00,0.0
2021-12-07 06:00:00,0.0
2021-12-07 07:00:00,0.0
2021-12-07 08:00:00,0.0
2021-12-07 09:00:00,9.075
2021-12-07 10:00:00,146.50000125
2021-12-07 11:00:00,339.05
2021-12-07 12:00:00,512.3000099999999
2021-12-07 13:00:00,666.00001
2021-12-07 14:00:00,921.35001
2021-12-07 15:00:00,1068.95001
2021-12-07 16:00:00,1097.12505
2021-12-07 17:00:00,945.0250100000001
2021-12-07 18:00:00,990.400025
2021-12-07 19:00:00,729.95001
2021-12-07 20:00:00,540.45
2021-12-07 21:00:00,96.97500000000001
2021-12-07 22:00:00,0.0
2021-12-07 23:00:00,0.0
2021-12-08 00:00:00,0.0
2021-12-08 01:00:00,0.0
2021-12-08 02:00:00,0.0
2021-12-08 03:00:00,0.0
2021-12-08 04:00:00,0.0
2021-12-08 05:00:00,0.0
2021-12-08 06:00:00,0.0
2021-12-08 07:00:00,0.0
2021-12-08 08:00:00,0.0
2021-12-08 09:00:00,8.5250005
2021-12-08 10:00:00,171.47500250000002
2021-12-08 11:00:00,427.75
2021-12-08 12:00:00,659.4750200000001
2021-12-08 13:00:00,897.50001
2021-12-08 14:00:00,1058.300035
2021-12-08 15:00:00,1148.075025
2021-12-08 16:00:00,1078.725025
2021-12-08 17:00:00,849.37501
2021-12-08 18:00:00,585.175
2021-12-08 19:00:00,406.125
2021-12-08 20:00:00,305.17501
2021-12-08 21:00:00,83.50000125
2021-12-08 22:00:00,0.975
2021-12-08 23:00:00,0.0
2021-12-09 00:00:00,0.0
2021-12-09 01:00:00,0.0
2021-12-09 02:00:00,0.0
2021-12-09 03:00:00,0.0
2021-12-09 04:00:00,0.0
2021-12-09 05:00:00,0.0
2021-12-09 06:00:00,0.0
2021-12-09 07:00:00,0.0
2021-12-09 08:00:00,0.0
2021-12-09 09:00:00,0.0
2021-12-09 10:00:00,134.3
2021-12-09 11:00:00,328.07500500000003
2021-12-09 12:00:00,564.825
2021-12-09 13:00:00,688.05
2021-12-09 14:00:00,870.1000200000001
2021-12-09 15:00:00,1008.60001
2021-12-09 16:00:00,1073.450025
2021-12-09 17:00:00,859.57501
2021-12-09 18:00:00,950.97501
2021-12-09 19:00:00,624.475005
2021-12-09 20:00:00,272.3000025
2021-12-09 21:00:00,214.5750025
2021-12-09 22:00:00,0.525000025
2021-12-09 23:00:00,0.0
2021-12-10 00:00:00,0.0
2021-12-10 01:00:00,0.0
2021-12-10 02:00:00,0.0
2021-12-10 03:00:00,0.0
2021-12-10 04:00:00,0.0
2021-12-10 05:00:00,0.0
2021-12-10 06:00:00,0.0
2021-12-10 07:00:00,0.0
2021-12-10 08:00:00,0.0
2021-12-10 09:00:00,4.4
2021-12-10 10:00:00,146.82500375
2021-12-10 11:00:00,349.350015
2021-12-10 12:00:00,517.725
2021-12-10 13:00:00,697.60001
2021-12-10 14:00:00,843.60001
2021-12-10 15:00:00,1028.62501
2021-12-10 16:00:00,1168.52505
2021-12-10 17:00:00,1116.90005
2021-12-10 18:00:00,990.100035
2021-12-10 19:00:00,761.95002
2021-12-10 20:00:00,560.900005
2021-12-10 21:00:00,99.37500125
2021-12-10 22:00:00,0.0
2021-12-10 23:00:00,0.0
2021-12-11 00:00:00,0.0
2021-12-11 01:00:00,0.0
2021-12-11 02:00:00,0.0
2021-12-11 03:00:00,0.0
2021-12-11 04:00:00,0.0
2021-12-11 05:00:00,0.0
2021-12-11 06:00:00,0.0
2021-12-11 07:00:00,0.0
2021-12-11 08:00:00,0.0
2021-12-11 09:00:00,5.225
2021-12-11 10:00:00,133.25000125
2021-12-11 11:00:00,334.2
2021-12-11 12:00:00,585.725005
2021-12-11 13:00:00,868.30001
2021-12-11 14:00:00,1070.75
2021-12-11 15:00:00,1102.5249999999999
2021-12-11 16:00:00,1008.750025
2021-12-11 17:00:00,587.8
2021-12-11 18:00:00,1012.12501
2021-12-11 19:00:00,822.5999999999999
2021-12-11 20:00:00,428.875005
2021-12-11 21:00:00,293.375
2021-12-11 22:00:00,50.30000125
2021-12-11 23:00:00,0.0
2021-12-12 00:00:00,0.0
2021-12-12 01:00:00,0.0
2021-12-12 02:00:00,0.0
2021-12-12 03:00:00,0.0
2021-12-12 04:00:00,0.0
2021-12-12 05:00:00,0.0
2021-12-12 06:00:00,0.0
2021-12-12 07:00:00,0.0
2021-12-12 08:00:00,0.0
2021-12-12 09:00:00,8.475
2021-12-12 10:00:00,185.97500125
2021-12-12 11:00:00,457.82501
2021-12-12 12:00:00,721.55002
2021-12-12 13:00:00,946.80002
2021-12-12 14:00:00,1114.250025
2021-12-12 15:00:00,1212.30005
2021-12-12 16:00:00,1232.8
2021-12-12 17:00:00,1175.075025
2021-12-12 18:00:00,1044.55
2021-12-12 19:00:00,850.55002
2021-12-12 20:00:00,610.82501
2021-12-12 21:00:00,347.425005
2021-12-12 22:00:00,86.825
2021-12-12 23:00:00,0.0
2021-12-13 00:00:00,0.0
2021-12-13 01:00:00,0.0
2021-12-13 02:00:00,0.0
2021-12-13 03:00:00,0.0
2021-12-13 04:00:00,0.0
2021-12-13 05:00:00,0.0
2021-12-13 06:00:00,0.0
2021-12-13 07:00:00,0.0
2021-12-13 08:00:00,0.0
2021-12-13 09:00:00,7.925
2021-12-13 10:00:00,179.05000625
2021-12-13 11:00:00,443.22501
2021-12-13 12:00:00,700.92502
2021-12-13 13:00:00,923.30002
2021-12-13 14:00:00,1091.375
2021-12-13 15:00:00,1190.475025
2021-12-13 16:00:00,1211.3999999999999
2021-12-13 17:00:00,1154.60005
2021-12-13 18:00:00,1026.375
2021-12-13 19:00:00,838.47502
2021-12-13 20:00:00,607.45001
2021-12-13 21:00:00,350.325
2021-12-13 22:00:00,99.375
2021-12-13 23:00:00,0.0
2021-12-14 00:00:00,0.0
2021-12-14 01:00:00,0.0
2021-12-14 02:00:00,0.0
2021-12-14 03:00:00,0.0
2021-12-14 04:00:00,0.0
2021-12-14 05:00:00,0.0
2021-12-14 06:00:00,0.0
2021-12-14 07:00:00,0.0
2021-12-14 08:00:00,0.0
2021-12-14 09:00:00,7.57500025
2021-12-14 10:00:00,174.5
2021-12-14 11:00:00,410.20000500000003
2021-12-14 12:00:00,631.275005
2021-12-14 13:00:00,796.20001
2021-12-14 14:00:00,967.0250249999999
2021-12-14 15:00:00,912.80002
2021-12-14 16:00:00,1176.375025
2021-12-14 17:00:00,873.225
2021-12-14 18:00:00,797.9
2021-12-14 19:00:00,618.75
2021-12-14 20:00:00,427.400005
2021-12-14 21:00:00,195.55
2021-12-14 22:00:00,33.3
2021-12-14 23:00:00,0.0
2021-12-15 00:00:00,0.0
2021-12-15 01:00:00,0.0
2021-12-15 02:00:00,0.0
2021-12-15 03:00:00,0.0
2021-12-15 04:00:00,0.0
2021-12-15 05:00:00,0.0
2021-12-15 06:00:00,0.0
2021-12-15 07:00:00,0.0
2021-12-15 08:00:00,0.0
2021-12-15 09:00:00,6.975
2021-12-15 10:00:00,167.975
2021-12-15 11:00:00,422.37501000000003
2021-12-15 12:00:00,648.3000099999999
2021-12-15 13:00:00,821.525
2021-12-15 14:00:00,1029.75005
2021-12-15 15:00:00,1146.625
2021-12-15 16:00:00,1157.125
2021-12-15 17:00:00,1121.925025
2021-12-15 18:00:00,764.7750100000001
2021-12-15 19:00:00,450.600005
2021-12-15 20:00:00,220.07500249999998
2021-12-15 21:00:00,192.1500025
2021-12-15 22:00:00,6.85
2021-12-15 23:00:00,0.0
2021-12-16 00:00:00,0.0
2021-12-16 01:00:00,0.0
2021-12-16 02:00:00,0.0
2021-12-16 03:00:00,0.0
2021-12-16 04:00:00,0.0
2021-12-16 05:00:00,0.0
2021-12-16 06:00:00,0.0
2021-12-16 07:00:00,0.0
2021-12-16 08:00:00,0.0
2021-12-16 09:00:00,3.925
2021-12-16 10:00:00,138.925
2021-12-16 11:00:00,350.775
2021-12-16 12:00:00,449.350005
2021-12-16 13:00:00,569.975
2021-12-16 14:00:00,668.95
2021-12-16 15:00:00,666.9
2021-12-16 16:00:00,767.325
2021-12-16 17:00:00,874.85
2021-12-16 18:00:00,902.85
2021-12-16 19:00:00,574.32502
2021-12-16 20:00:00,346.0
2021-12-16 21:00:00,326.07500500000003
2021-12-16 22:00:00,49.25000125
2021-12-16 23:00:00,0.0
2021-12-17 00:00:00,0.0
2021-12-17 01:00:00,0.0
2021-12-17 02:00:00,0.0
2021-12-17 03:00:00,0.0
2021-12-17 04:00:00,0.0
2021-12-17 05:00:00,0.0
2021-12-17 06:00:00,0.0
2021-12-17 07:00:00,0.0
2021-12-17 08:00:00,0.0
2021-12-17 09:00:00,6.45000025
2021-12-17 10:00:00,164.55000375
2021-12-17 11:00:00,417.025
2021-12-17 12:00:00,664.50001
2021-12-17 13:00:00,880.4749999999999
2021-12-17 14:00:00,1045.650025
2021-12-17 15:00:00,1146.375
2021-12-17 16:00:00,1172.825025
2021-12-17 17:00:00,1124.65005
2021-12-17 18:00:00,865.82502
2021-12-17 19:00:00,795.62501
2021-12-17 20:00:00,459.25
2021-12-17 21:00:00,315.100015
2021-12-17 22:00:00,102.77499999999999
2021-12-17 23:00:00,0.0
2021-12-18 00:00:00,0.0
2021-12-18 01:00:00,0.0
2021-12-18 02:00:00,0.0
2021-12-18 03:00:00,0.0
2021-12-18 04:00:00,0.0
2021-12-18 05:00:00,0.0
2021-12-18 06:00:00,0.0
2021-12-18 07:00:00,0.0
2021-12-18 08:00:00,0.0
2021-12-18 09:00:00,0.450000025
2021-12-18 10:00:00,160.975
2021-12-18 11:00:00,417.925
2021-12-18 12:00:00,663.20001
2021-12-18 13:00:00,880.525
2021-12-18 14:00:00,1046.425
2021-12-18 15:00:00,1148.20005
2021-12-18 16:00:00,1176.725
2021-12-18 17:00:00,1122.625025
2021-12-18 18:00:00,1010.300025
2021-12-18 19:00:00,830.2
2021-12-18 20:00:00,604.35001
2021-12-18 21:00:00,352.275005
2021-12-18 22:00:00,54.425
2021-12-18 23:00:00,0.0
2021-12-19 00:00:00,0.0
2021-12-19 01:00:00,0.0
2021-12-19 02:00:00,0.0
2021-12-19 03:00:00,0.0
2021-12-19 04:00:00,0.0
2021-12-19 05:00:00,0.0
2021-12-19 06:00:00,
2021-12-19 07:00:00,
2021-12-19 08:00:00,0.0
2021-12-19 09:00:00,3.625
2021-12-19 10:00:00,160.9
2021-12-19 11:00:00,413.150015
2021-12-19 12:00:00,666.05
2021-12-19 13:00:00,884.45001
2021-12-19 14:00:00,1029.2
2021-12-19 15:00:00,1149.475
2021-12-19 16:00:00,1179.325
2021-12-19 17:00:00,1128.05
2021-12-19 18:00:00,1003.40002
2021-12-19 19:00:00,824.22502
2021-12-19 20:00:00,597.900005
2021-12-19 21:00:00,281.0250025
2021-12-19 22:00:00,70.35
2021-12-19 23:00:00,0.0
2021-12-20 00:00:00,0.0
2021-12-20 01:00:00,0.0
2021-12-20 02:00:00,0.0
2021-12-20 03:00:00,0.0
2021-12-20 04:00:00,0.0
2021-12-20 05:00:00,0.0
2021-12-20 06:00:00,0.0
2021-12-20 07:00:00,0.0
2021-12-20 08:00:00,0.0
2021-12-20 09:00:00,0.725
2021-12-20 10:00:00,141.65000175
2021-12-20 11:00:00,353.75
2021-12-20 12:00:00,567.60002
2021-12-20 13:00:00,733.7
2021-12-20 14:00:00,700.8000099999999
2021-12-20 15:00:00,649.85001
2021-12-20 16:00:00,830.4
2021-12-20 17:00:00,1010.375025
2021-12-20 18:00:00,701.575
2021-12-20 19:00:00,754.20001
2021-12-20 20:00:00,600.6500149999999
2021-12-20 21:00:00,323.1000025
2021-12-20 22:00:00,15.575
2021-12-20 23:00:00,0.0
2021-12-21 00:00:00,0.0
2021-12-21 01:00:00,0.0
2021-12-21 02:00:00,0.0
2021-12-21 03:00:00,0.0
2021-12-21 04:00:00,0.0
2021-12-21 05:00:00,0.0
2021-12-21 06:00:00,0.0
2021-12-21 07:00:00,0.0
2021-12-21 08:00:00,0.0
2021-12-21 09:00:00,1.15
2021-12-21 10:00:00,140.37500375000002
2021-12-21 11:00:00,356.775005
2021-12-21 12:00:00,469.20001
2021-12-21 13:00:00,611.95001
2021-12-21 14:00:00,893.57501
2021-12-21 15:00:00,555.1
2021-12-21 16:00:00,656.275
2021-12-21 17:00:00,858.75
2021-12-21 18:00:00,795.1750099999999
2021-12-21 19:00:00,800.8249999999999
2021-12-21 20:00:00,462.70000749999997
2021-12-21 21:00:00,161.25
2021-12-21 22:00:00,94.5750025
2021-12-21 23:00:00,0.0
2021-12-22 00:00:00,0.0
2021-12-22 01:00:00,0.0
2021-12-22 02:00:00,0.0
2021-12-22 03:00:00,0.0
2021-12-22 04:00:00,0.0
2021-12-22 05:00:00,0.0
2021-12-22 06:00:00,0.0
2021-12-22 07:00:00,0.0
2021-12-22 08:00:00,0.0
2021-12-22 09:00:00,1.075
2021-12-22 10:00:00,136.90000175
2021-12-22 11:00:00,337.82500000000005
2021-12-22 12:00:00,500.27500999999995
2021-12-22 13:00:00,749.10002
2021-12-22 14:00:00,793.4
2021-12-22 15:00:00,731.27503
2021-12-22 16:00:00,974.7750100000001
2021-12-22 17:00:00,1114.975
2021-12-22 18:00:00,1007.40001
2021-12-22 19:00:00,826.67501
2021-12-22 20:00:00,514.6750099999999
2021-12-22 21:00:00,356.17501
2021-12-22 22:00:00,110.7250025
2021-12-22 23:00:00,0.0
2021-12-23 00:00:00,0.0
2021-12-23 01:00:00,0.0
2021-12-23 02:00:00,0.0
2021-12-23 03:00:00,0.0
2021-12-23 04:00:00,0.0
2021-12-23 05:00:00,0.0
2021-12-23 06:00:00,0.0
2021-12-23 07:00:00,0.0
2021-12-23 08:00:00,0.0
2021-12-23 09:00:00,0.0
2021-12-23 10:00:00,97.47500124999999
2021-12-23 11:00:00,299.80001
2021-12-23 12:00:00,415.70000500000003
2021-12-23 13:00:00,538.42502
2021-12-23 14:00:00,748.85
2021-12-23 15:00:00,794.72501
2021-12-23 16:00:00,693.40002
2021-12-23 17:00:00,623.80001
2021-12-23 18:00:00,679.82501
2021-12-23 19:00:00,644.600005
2021-12-23 20:00:00,395.15
2021-12-23 21:00:00,176.45
2021-12-23 22:00:00,51.875
2021-12-23 23:00:00,0.0
2021-12-24 00:00:00,0.0
2021-12-24 01:00:00,0.0
2021-12-24 02:00:00,0.0
2021-12-24 03:00:00,0.0
2021-12-24 04:00:00,0.0
2021-12-24 05:00:00,0.0
2021-12-24 06:00:00,0.0
2021-12-24 07:00:00,0.0
2021-12-24 08:00:00,0.0
2021-12-24 09:00:00,4.35
2021-12-24 10:00:00,153.9250025
2021-12-24 11:00:00,406.300005
2021-12-24 12:00:00,647.475
2021-12-24 13:00:00,809.96668
2021-12-24 14:00:00,1036.5666666666666
2021-12-24 15:00:00,1141.550025
2021-12-24 16:00:00,1172.9
2021-12-24 17:00:00,1130.45005
2021-12-24 18:00:00,1016.25
2021-12-24 19:00:00,838.725
2021-12-24 20:00:00,402.4
2021-12-24 21:00:00,132.04999999999998
2021-12-24 22:00:00,7.525
2021-12-24 23:00:00,0.0
2021-12-25 00:00:00,0.0
2021-12-25 01:00:00,0.0
2021-12-25 02:00:00,0.0
2021-12-25 03:00:00,0.0
2021-12-25 04:00:00,0.0
2021-12-25 05:00:00,0.0
2021-12-25 06:00:00,0.0
2021-12-25 07:00:00,0.0
2021-12-25 08:00:00,0.0
2021-12-25 09:00:00,0.375
2021-12-25 10:00:00,130.25
2021-12-25 11:00:00,211.175
2021-12-25 12:00:00,352.800005
2021-12-25 13:00:00,422.900005
2021-12-25 14:00:00,535.6500100000001
2021-12-25 15:00:00,590.05002
2021-12-25 16:00:00,674.475
2021-12-25 17:00:00,661.45
2021-12-25 18:00:00,670.25001
2021-12-25 19:00:00,501.95001
2021-12-25 20:00:00,301.07500500000003
2021-12-25 21:00:00,18.55
2021-12-25 22:00:00,0.0
2021-12-25 23:00:00,0.0
2021-12-26 00:00:00,0.0
2021-12-26 01:00:00,0.0
2021-12-26 02:00:00,0.0
2021-12-26 03:00:00,0.0
2021-12-26 04:00:00,0.0
2021-12-26 05:00:00,0.0
2021-12-26 06:00:00,0.0
2021-12-26 07:00:00,0.0
2021-12-26 08:00:00,0.0
2021-12-26 09:00:00,0.0
2021-12-26 10:00:00,117.02500125
2021-12-26 11:00:00,366.475
2021-12-26 12:00:00,614.7750100000001
2021-12-26 13:00:00,871.15
2021-12-26 14:00:00,1042.9250000000002
2021-12-26 15:00:00,1149.27505
2021-12-26 16:00:00,1179.775
2021-12-26 17:00:00,1024.250025
2021-12-26 18:00:00,760.00003
2021-12-26 19:00:00,571.75001
2021-12-26 20:00:00,258.35
2021-12-26 21:00:00,225.85000000000002
2021-12-26 22:00:00,83.825
2021-12-26 23:00:00,0.0
2021-12-27 00:00:00,0.0
2021-12-27 01:00:00,0.0
2021-12-27 02:00:00,0.0
2021-12-27 03:00:00,0.0
2021-12-27 04:00:00,0.0
2021-12-27 05:00:00,0.0
2021-12-27 06:00:00,0.0
2021-12-27 07:00:00,0.0
2021-12-27 08:00:00,0.0
2021-12-27 09:00:00,2.97500025
2021-12-27 10:00:00,140.85000250000002
2021-12-27 11:00:00,390.45000500000003
2021-12-27 12:00:00,642.95001
2021-12-27 13:00:00,861.2750100000001
2021-12-27 14:00:00,1028.925025
2021-12-27 15:00:00,1133.80005
2021-12-27 16:00:00,1166.625
2021-12-27 17:00:00,1124.975025
2021-12-27 18:00:00,739.37501
2021-12-27 19:00:00,799.275
2021-12-27 20:00:00,442.075
2021-12-27 21:00:00,139.67500375
2021-12-27 22:00:00,10.1500005
2021-12-27 23:00:00,0.0
2021-12-28 00:00:00,0.0
2021-12-28 01:00:00,0.0
2021-12-28 02:00:00,0.0
2021-12-28 03:00:00,0.0
2021-12-28 04:00:00,0.0
2021-12-28 05:00:00,0.0
2021-12-28 06:00:00,0.0
2021-12-28 07:00:00,0.0
2021-12-28 08:00:00,0.0
2021-12-28 09:00:00,2.575
2021-12-28 10:00:00,93.45
2021-12-28 11:00:00,229.65
2021-12-28 12:00:00,366.975
2021-12-28 13:00:00,469.450005
2021-12-28 14:00:00,719.02503
2021-12-28 15:00:00,841.3500200000001
2021-12-28 16:00:00,743.02502
2021-12-28 17:00:00,873.875035
2021-12-28 18:00:00,998.9
2021-12-28 19:00:00,838.95001
2021-12-28 20:00:00,513.475005
2021-12-28 21:00:00,28.75
2021-12-28 22:00:00,110.30000425
2021-12-28 23:00:00,0.1
2021-12-29 00:00:00,0.0
2021-12-29 01:00:00,0.0
2021-12-29 02:00:00,0.0
2021-12-29 03:00:00,0.0
2021-12-29 04:00:00,0.0
2021-12-29 05:00:00,0.0
2021-12-29 06:00:00,0.0
2021-12-29 07:00:00,0.0
2021-12-29 08:00:00,0.0
2021-12-29 09:00:00,2.4
2021-12-29 10:00:00,137.25
2021-12-29 11:00:00,315.625
2021-12-29 12:00:00,616.25
2021-12-29 13:00:00,859.57503
2021-12-29 14:00:00,1041.47505
2021-12-29 15:00:00,1150.450025
2021-12-29 16:00:00,1186.05
2021-12-29 17:00:00,1111.525
2021-12-29 18:00:00,922.5250000000001
2021-12-29 19:00:00,800.95
2021-12-29 20:00:00,629.97501
2021-12-29 21:00:00,373.125
2021-12-29 22:00:00,74.2750005
2021-12-29 23:00:00,0.3
2021-12-30 00:00:00,0.0
2021-12-30 01:00:00,0.0
2021-12-30 02:00:00,0.0
2021-12-30 03:00:00,0.0
2021-12-30 04:00:00,0.0
2021-12-30 05:00:00,0.0
2021-12-30 06:00:00,0.0
2021-12-30 07:00:00,0.0
2021-12-30 08:00:00,0.0
2021-12-30 09:00:00,2.10000025
2021-12-30 10:00:00,142.05
2021-12-30 11:00:00,398.050005
2021-12-30 12:00:00,653.8
2021-12-30 13:00:00,879.57502
2021-12-30 14:00:00,1053.300025
2021-12-30 15:00:00,1134.72505
2021-12-30 16:00:00,669.40001
2021-12-30 17:00:00,558.550015
2021-12-30 18:00:00,567.25002
2021-12-30 19:00:00,445.50001
2021-12-30 20:00:00,492.000005
2021-12-30 21:00:00,378.975005
2021-12-30 22:00:00,54.375
2021-12-30 23:00:00,0.0
2021-12-31 00:00:00,0.0
2021-12-31 01:00:00,0.0
2021-12-31 02:00:00,0.0
2021-12-31 03:00:00,0.0
2021-12-31 04:00:00,0.0
2021-12-31 05:00:00,0.0
2021-12-31 06:00:00,0.0
2021-12-31 07:00:00,0.0
2021-12-31 08:00:00,0.0
2021-12-31 09:00:00,1.675000075
2021-12-31 10:00:00,136.650003
2021-12-31 11:00:00,391.5
2021-12-31 12:00:00,645.375
2021-12-31 13:00:00,869.82501
2021-12-31 14:00:00,1044.275025
2021-12-31 15:00:00,1154.62505
2021-12-31 16:00:00,1189.95
2021-12-31 17:00:00,783.7
2021-12-31 18:00:00,775.25001
2021-12-31 19:00:00,855.55
2021-12-31 20:00:00,494.52500249999997
2021-12-31 21:00:00,137.87500500000002
2021-12-31 22:00:00,17.775
2021-12-31 23:00:00,0.0
2022-01-01 00:00:00,0.0
2022-01-01 01:00:00,0.0
2022-01-01 02:00:00,0.0
2022-01-01 03:00:00,0.0
2022-01-01 04:00:00,0.0
2022-01-01 05:00:00,0.0
2022-01-01 06:00:00,0.0
2022-01-01 07:00:00,0.0
2022-01-01 08:00:00,0.0
2022-01-01 09:00:00,1.4
2022-01-01 10:00:00,137.2000005
2022-01-01 11:00:00,394.500005
2022-01-01 12:00:00,652.55002
2022-01-01 13:00:00,881.07501
2022-01-01 14:00:00,1059.325
2022-01-01 15:00:00,1174.65
2022-01-01 16:00:00,1212.10005
2022-01-01 17:00:00,1170.650075
2022-01-01 18:00:00,1055.2
2022-01-01 19:00:00,875.9000100000001
2022-01-01 20:00:00,648.725
2022-01-01 21:00:00,377.6
2022-01-01 22:00:00,82.52500175
2022-01-01 23:00:00,0.0
2022-01-02 00:00:00,0.0
2022-01-02 01:00:00,0.0
2022-01-02 02:00:00,0.0
2022-01-02 03:00:00,0.0
2022-01-02 04:00:00,0.0
2022-01-02 05:00:00,0.0
2022-01-02 06:00:00,0.0
2022-01-02 07:00:00,0.0
2022-01-02 08:00:00,0.0
2022-01-02 09:00:00,1.075
2022-01-02 10:00:00,138.45
2022-01-02 11:00:00,401.025
2022-01-02 12:00:00,667.02501
2022-01-02 13:00:00,898.2
2022-01-02 14:00:00,1077.750025
2022-01-02 15:00:00,1190.350025
2022-01-02 16:00:00,1225.35
2022-01-02 17:00:00,1180.85005
2022-01-02 18:00:00,1061.80001
2022-01-02 19:00:00,881.6500100000001
2022-01-02 20:00:00,654.5250100000001
2022-01-02 21:00:00,395.300005
2022-01-02 22:00:00,137.0000025
2022-01-02 23:00:00,0.975
2022-01-03 00:00:00,0.0
2022-01-03 01:00:00,0.0
2022-01-03 02:00:00,0.0
2022-01-03 03:00:00,0.0
2022-01-03 04:00:00,0.0
2022-01-03 05:00:00,0.0
2022-01-03 06:00:00,0.0
2022-01-03 07:00:00,0.0
2022-01-03 08:00:00,0.0
2022-01-03 09:00:00,0.725
2022-01-03 10:00:00,133.2
2022-01-03 11:00:00,389.875
2022-01-03 12:00:00,636.57502
2022-01-03 13:00:00,863.2750100000001
2022-01-03 14:00:00,1040.4
2022-01-03 15:00:00,1153.5
2022-01-03 16:00:00,1189.50005
2022-01-03 17:00:00,1151.90005
2022-01-03 18:00:00,1043.5750249999999
2022-01-03 19:00:00,685.3
2022-01-03 20:00:00,473.425005
2022-01-03 21:00:00,355.525
2022-01-03 22:00:00,79.5
2022-01-03 23:00:00,0.0
2022-01-04 00:00:00,0.0
2022-01-04 01:00:00,0.0
2022-01-04 02:00:00,0.0
2022-01-04 03:00:00,0.0
2022-01-04 04:00:00,0.0
2022-01-04 05:00:00,0.0
2022-01-04 06:00:00,0.0
2022-01-04 07:00:00,0.0
2022-01-04 08:00:00,0.0
2022-01-04 09:00:00,0.0
2022-01-04 10:00:00,128.32500249999998
2022-01-04 11:00:00,384.07500500000003
2022-01-04 12:00:00,648.62501
2022-01-04 13:00:00,878.82501
2022-01-04 14:00:00,1059.4
2022-01-04 15:00:00,1176.75
2022-01-04 16:00:00,1217.275075
2022-01-04 17:00:00,1179.425
2022-01-04 18:00:00,1068.975025
2022-01-04 19:00:00,881.7750000000001
2022-01-04 20:00:00,587.875005
2022-01-04 21:00:00,129.025
2022-01-04 22:00:00,0.0
2022-01-04 23:00:00,0.0
2022-01-05 00:00:00,0.0
2022-01-05 01:00:00,0.0
2022-01-05 02:00:00,0.0
2022-01-05 03:00:00,0.0
2022-01-05 04:00:00,0.0
2022-01-05 05:00:00,0.0
2022-01-05 06:00:00,0.0
2022-01-05 07:00:00,0.0
2022-01-05 08:00:00,0.0
2022-01-05 09:00:00,0.0
2022-01-05 10:00:00,76.6
2022-01-05 11:00:00,274.07500749999997
2022-01-05 12:00:00,493.47501
2022-01-05 13:00:00,836.32501
2022-01-05 14:00:00,1026.875025
2022-01-05 15:00:00,1137.525025
2022-01-05 16:00:00,1178.375025
2022-01-05 17:00:00,1141.1
2022-01-05 18:00:00,1032.425
2022-01-05 19:00:00,860.625
2022-01-05 20:00:00,546.3
2022-01-05 21:00:00,295.35
2022-01-05 22:00:00,26.900000525
2022-01-05 23:00:00,0.0
2022-01-06 00:00:00,0.0
2022-01-06 01:00:00,0.0
2022-01-06 02:00:00,0.0
2022-01-06 03:00:00,0.0
2022-01-06 04:00:00,0.0
2022-01-06 05:00:00,0.0
2022-01-06 06:00:00,0.0
2022-01-06 07:00:00,0.0
2022-01-06 08:00:00,0.0
2022-01-06 09:00:00,0.0
2022-01-06 10:00:00,116.625
2022-01-06 11:00:00,298.02501
2022-01-06 12:00:00,558.0250100000001
2022-01-06 13:00:00,862.3
2022-01-06 14:00:00,1038.87506
2022-01-06 15:00:00,1150.85
2022-01-06 16:00:00,1188.175
2022-01-06 17:00:00,1150.1
2022-01-06 18:00:00,1040.65
2022-01-06 19:00:00,868.6
2022-01-06 20:00:00,644.80003
2022-01-06 21:00:00,358.4
2022-01-06 22:00:00,135.775
2022-01-06 23:00:00,0.0
2022-01-07 00:00:00,0.0
2022-01-07 01:00:00,0.0
2022-01-07 02:00:00,0.0
2022-01-07 03:00:00,0.0
2022-01-07 04:00:00,0.0
2022-01-07 05:00:00,0.0
2022-01-07 06:00:00,0.0
2022-01-07 07:00:00,0.0
2022-01-07 08:00:00,0.0
2022-01-07 09:00:00,0.0
2022-01-07 10:00:00,119.1750005
2022-01-07 11:00:00,332.625
2022-01-07 12:00:00,613.95001
2022-01-07 13:00:00,760.875
2022-01-07 14:00:00,1022.075025
2022-01-07 15:00:00,1136.200025
2022-01-07 16:00:00,761.77501
2022-01-07 17:00:00,1056.1
2022-01-07 18:00:00,1001.75
2022-01-07 19:00:00,859.675
2022-01-07 20:00:00,636.35001
2022-01-07 21:00:00,290.9500055
2022-01-07 22:00:00,11.45
2022-01-07 23:00:00,0.0
2022-01-08 00:00:00,0.0
2022-01-08 01:00:00,0.0
2022-01-08 02:00:00,0.0
2022-01-08 03:00:00,0.0
2022-01-08 04:00:00,0.0
2022-01-08 05:00:00,0.0
2022-01-08 06:00:00,0.0
2022-01-08 07:00:00,0.0
2022-01-08 08:00:00,0.0
2022-01-08 09:00:00,0.0
2022-01-08 10:00:00,86.975
2022-01-08 11:00:00,239.375005
2022-01-08 12:00:00,485.25
2022-01-08 13:00:00,611.87501
2022-01-08 14:00:00,682.92501
2022-01-08 15:00:00,855.7750100000001
2022-01-08 16:00:00,1133.3
2022-01-08 17:00:00,1133.050025
2022-01-08 18:00:00,994.75
2022-01-08 19:00:00,729.35002
2022-01-08 20:00:00,525.850015
2022-01-08 21:00:00,346.125005
2022-01-08 22:00:00,88.875
2022-01-08 23:00:00,0.0
2022-01-09 00:00:00,0.0
2022-01-09 01:00:00,0.0
2022-01-09 02:00:00,0.0
2022-01-09 03:00:00,0.0
2022-01-09 04:00:00,0.0
2022-01-09 05:00:00,0.0
2022-01-09 06:00:00,0.0
2022-01-09 07:00:00,0.0
2022-01-09 08:00:00,0.0
2022-01-09 09:00:00,0.0
2022-01-09 10:00:00,112.15000125
2022-01-09 11:00:00,259.775
2022-01-09 12:00:00,403.625
2022-01-09 13:00:00,626.05
2022-01-09 14:00:00,924.575
2022-01-09 15:00:00,1123.025025
2022-01-09 16:00:00,1171.400025
2022-01-09 17:00:00,967.4
2022-01-09 18:00:00,559.825
2022-01-09 19:00:00,591.87501
2022-01-09 20:00:00,636.1500100000001
2022-01-09 21:00:00,385.475
2022-01-09 22:00:00,127.00000275
2022-01-09 23:00:00,0.0
2022-01-10 00:00:00,0.0
2022-01-10 01:00:00,0.0
2022-01-10 02:00:00,0.0
2022-01-10 03:00:00,0.0
2022-01-10 04:00:00,0.0
2022-01-10 05:00:00,0.0
2022-01-10 06:00:00,0.0
2022-01-10 07:00:00,0.0
2022-01-10 08:00:00,0.0
2022-01-10 09:00:00,0.0
2022-01-10 10:00:00,101.10000125
2022-01-10 11:00:00,278.275
2022-01-10 12:00:00,526.2500150000001
2022-01-10 13:00:00,703.32501
2022-01-10 14:00:00,1003.475
2022-01-10 15:00:00,888.12501
2022-01-10 16:00:00,717.625
2022-01-10 17:00:00,511.35
2022-01-10 18:00:00,651.5500099999999
2022-01-10 19:00:00,818.02502
2022-01-10 20:00:00,601.95
2022-01-10 21:00:00,288.625005
2022-01-10 22:00:00,118.55000375
2022-01-10 23:00:00,0.0
2022-01-11 00:00:00,0.0
2022-01-11 01:00:00,0.0
2022-01-11 02:00:00,0.0
2022-01-11 03:00:00,0.0
2022-01-11 04:00:00,0.0
2022-01-11 05:00:00,0.0
2022-01-11 06:00:00,0.0
2022-01-11 07:00:00,0.0
2022-01-11 08:00:00,0.0
2022-01-11 09:00:00,0.0
2022-01-11 10:00:00,76.12500125
2022-01-11 11:00:00,269.575
2022-01-11 12:00:00,585.1750099999999
2022-01-11 13:00:00,835.5
2022-01-11 14:00:00,933.22502
2022-01-11 15:00:00,572.55
2022-01-11 16:00:00,871.875
2022-01-11 17:00:00,1087.5
2022-01-11 18:00:00,960.22502
2022-01-11 19:00:00,845.7
2022-01-11 20:00:00,634.45
2022-01-11 21:00:00,332.55001
2022-01-11 22:00:00,126.22500175
2022-01-11 23:00:00,0.0
2022-01-12 00:00:00,0.0
2022-01-12 01:00:00,0.0
2022-01-12 02:00:00,0.0
2022-01-12 03:00:00,0.0
2022-01-12 04:00:00,0.0
2022-01-12 05:00:00,0.0
2022-01-12 06:00:00,0.0
2022-01-12 07:00:00,0.0
2022-01-12 08:00:00,0.0
2022-01-12 09:00:00,0.0
2022-01-12 10:00:00,94.92500375
2022-01-12 11:00:00,341.425
2022-01-12 12:00:00,605.2
2022-01-12 13:00:00,812.62502
2022-01-12 14:00:00,1015.7
2022-01-12 15:00:00,1136.850025
2022-01-12 16:00:00,1179.675
2022-01-12 17:00:00,1146.2749999999999
2022-01-12 18:00:00,1036.850035
2022-01-12 19:00:00,863.72501
2022-01-12 20:00:00,639.375
2022-01-12 21:00:00,386.150005
2022-01-12 22:00:00,132.1
2022-01-12 23:00:00,1.675000075
2022-01-13 00:00:00,0.0
2022-01-13 01:00:00,0.0
2022-01-13 02:00:00,0.0
2022-01-13 03:00:00,0.0
2022-01-13 04:00:00,0.0
2022-01-13 05:00:00,0.0
2022-01-13 06:00:00,0.0
2022-01-13 07:00:00,0.0
2022-01-13 08:00:00,0.0
2022-01-13 09:00:00,0.0
2022-01-13 10:00:00,98.3
2022-01-13 11:00:00,348.375005
2022-01-13 12:00:00,606.75001
2022-01-13 13:00:00,839.3
2022-01-13 14:00:00,1020.550025
2022-01-13 15:00:00,1135.22505
2022-01-13 16:00:00,1175.57505
2022-01-13 17:00:00,1136.07505
2022-01-13 18:00:00,990.925
2022-01-13 19:00:00,819.95001
2022-01-13 20:00:00,633.07501
2022-01-13 21:00:00,384.350005
2022-01-13 22:00:00,129.5250005
2022-01-13 23:00:00,0.0
2022-01-14 00:00:00,0.0
2022-01-14 01:00:00,0.0
2022-01-14 02:00:00,0.0
2022-01-14 03:00:00,0.0
2022-01-14 04:00:00,0.0
2022-01-14 05:00:00,0.0
2022-01-14 06:00:00,0.0
2022-01-14 07:00:00,0.0
2022-01-14 08:00:00,0.0
2022-01-14 09:00:00,0.0
2022-01-14 10:00:00,90.50000375
2022-01-14 11:00:00,336.175
2022-01-14 12:00:00,599.45001
2022-01-14 13:00:00,831.025
2022-01-14 14:00:00,1012.95
2022-01-14 15:00:00,998.0
2022-01-14 16:00:00,969.32501
2022-01-14 17:00:00,946.70002
2022-01-14 18:00:00,785.57501
2022-01-14 19:00:00,620.17501
2022-01-14 20:00:00,552.275
2022-01-14 21:00:00,334.3000075
2022-01-14 22:00:00,52.8250005
2022-01-14 23:00:00,0.0
2022-01-15 00:00:00,0.0
2022-01-15 01:00:00,0.0
2022-01-15 02:00:00,0.0
2022-01-15 03:00:00,0.0
2022-01-15 04:00:00,0.0
2022-01-15 05:00:00,0.0
2022-01-15 06:00:00,0.0
2022-01-15 07:00:00,0.0
2022-01-15 08:00:00,0.0
2022-01-15 09:00:00,0.0
2022-01-15 10:00:00,87.7
2022-01-15 11:00:00,334.075
2022-01-15 12:00:00,583.675
2022-01-15 13:00:00,814.22501
2022-01-15 14:00:00,995.15
2022-01-15 15:00:00,1116.825
2022-01-15 16:00:00,1160.825
2022-01-15 17:00:00,1129.92505
2022-01-15 18:00:00,1016.7750249999999
2022-01-15 19:00:00,718.57501
2022-01-15 20:00:00,548.6
2022-01-15 21:00:00,375.40001
2022-01-15 22:00:00,123.87500375
2022-01-15 23:00:00,0.55
2022-01-16 00:00:00,0.0
2022-01-16 01:00:00,0.0
2022-01-16 02:00:00,0.0
2022-01-16 03:00:00,0.0
2022-01-16 04:00:00,0.0
2022-01-16 05:00:00,0.0
2022-01-16 06:00:00,0.0
2022-01-16 07:00:00,0.0
2022-01-16 08:00:00,0.0
2022-01-16 09:00:00,0.0
2022-01-16 10:00:00,95.7250025
2022-01-16 11:00:00,344.5750025
2022-01-16 12:00:00,612.0
2022-01-16 13:00:00,842.025
2022-01-16 14:00:00,1022.95
2022-01-16 15:00:00,1130.550025
2022-01-16 16:00:00,1185.075025
2022-01-16 17:00:00,922.925
2022-01-16 18:00:00,684.27502
2022-01-16 19:00:00,876.9
2022-01-16 20:00:00,556.425
2022-01-16 21:00:00,175.825
2022-01-16 22:00:00,4.475
2022-01-16 23:00:00,0.0
2022-01-17 00:00:00,0.0
2022-01-17 01:00:00,0.0
2022-01-17 02:00:00,0.0
2022-01-17 03:00:00,0.0
2022-01-17 04:00:00,0.0
2022-01-17 05:00:00,0.0
2022-01-17 06:00:00,0.0
2022-01-17 07:00:00,0.0
2022-01-17 08:00:00,0.0
2022-01-17 09:00:00,0.0
2022-01-17 10:00:00,95.05000425
2022-01-17 11:00:00,343.925
2022-01-17 12:00:00,600.97501
2022-01-17 13:00:00,831.025
2022-01-17 14:00:00,1012.750025
2022-01-17 15:00:00,1130.675
2022-01-17 16:00:00,756.325
2022-01-17 17:00:00,468.77501
2022-01-17 18:00:00,422.425
2022-01-17 19:00:00,519.325
2022-01-17 20:00:00,204.875
2022-01-17 21:00:00,4.5
2022-01-17 22:00:00,0.0
2022-01-17 23:00:00,0.0
2022-01-18 00:00:00,0.0
2022-01-18 01:00:00,0.0
2022-01-18 02:00:00,0.0
2022-01-18 03:00:00,0.0
2022-01-18 04:00:00,0.0
2022-01-18 05:00:00,0.0
2022-01-18 06:00:00,0.0
2022-01-18 07:00:00,0.0
2022-01-18 08:00:00,0.0
2022-01-18 09:00:00,0.0
2022-01-18 10:00:00,87.3
2022-01-18 11:00:00,339.7000025
2022-01-18 12:00:00,599.600025
2022-01-18 13:00:00,829.2
2022-01-18 14:00:00,1010.075025
2022-01-18 15:00:00,640.15003
2022-01-18 16:00:00,372.07500500000003
2022-01-18 17:00:00,579.225
2022-01-18 18:00:00,442.225
2022-01-18 19:00:00,387.85
2022-01-18 20:00:00,228.975
2022-01-18 21:00:00,39.90000125
2022-01-18 22:00:00,0.0
2022-01-18 23:00:00,0.0
2022-01-19 00:00:00,0.0
2022-01-19 01:00:00,0.0
2022-01-19 02:00:00,0.0
2022-01-19 03:00:00,0.0
2022-01-19 04:00:00,0.0
2022-01-19 05:00:00,0.0
2022-01-19 06:00:00,0.0
2022-01-19 07:00:00,0.0
2022-01-19 08:00:00,0.0
2022-01-19 09:00:00,0.0
2022-01-19 10:00:00,86.30000125000001
2022-01-19 11:00:00,316.2
2022-01-19 12:00:00,513.9750200000001
2022-01-19 13:00:00,713.625
2022-01-19 14:00:00,877.9000100000001
2022-01-19 15:00:00,1020.125
2022-01-19 16:00:00,739.9750200000001
2022-01-19 17:00:00,608.47501
2022-01-19 18:00:00,644.60002
2022-01-19 19:00:00,524.300005
2022-01-19 20:00:00,361.75
2022-01-19 21:00:00,155.9250005
2022-01-19 22:00:00,47.7500005
2022-01-19 23:00:00,0.0
2022-01-20 00:00:00,0.0
2022-01-20 01:00:00,0.0
2022-01-20 02:00:00,0.0
2022-01-20 03:00:00,0.0
2022-01-20 04:00:00,0.0
2022-01-20 05:00:00,0.0
2022-01-20 06:00:00,0.0
2022-01-20 07:00:00,0.0
2022-01-20 08:00:00,0.0
2022-01-20 09:00:00,0.0
2022-01-20 10:00:00,67.075
2022-01-20 11:00:00,225.1
2022-01-20 12:00:00,424.400005
2022-01-20 13:00:00,694.475
2022-01-20 14:00:00,653.825
2022-01-20 15:00:00,802.2
2022-01-20 16:00:00,620.22501
2022-01-20 17:00:00,543.0250000000001
2022-01-20 18:00:00,624.47502
2022-01-20 19:00:00,617.1500100000001
2022-01-20 20:00:00,328.05002
2022-01-20 21:00:00,183.6250025
2022-01-20 22:00:00,42.45
2022-01-20 23:00:00,0.0
2022-01-21 00:00:00,0.0
2022-01-21 01:00:00,0.0
2022-01-21 02:00:00,0.0
2022-01-21 03:00:00,0.0
2022-01-21 04:00:00,0.0
2022-01-21 05:00:00,0.0
2022-01-21 06:00:00,0.0
2022-01-21 07:00:00,0.0
2022-01-21 08:00:00,0.0
2022-01-21 09:00:00,0.0
2022-01-21 10:00:00,85.35
2022-01-21 11:00:00,315.675
2022-01-21 12:00:00,557.925
2022-01-21 13:00:00,824.6500100000001
2022-01-21 14:00:00,1007.475
2022-01-21 15:00:00,1126.075025
2022-01-21 16:00:00,1164.1
2022-01-21 17:00:00,1080.35
2022-01-21 18:00:00,977.025
2022-01-21 19:00:00,511.025005
2022-01-21 20:00:00,288.850005
2022-01-21 21:00:00,34.1250015
2022-01-21 22:00:00,0.0
2022-01-21 23:00:00,0.0
2022-01-22 00:00:00,0.0
2022-01-22 01:00:00,0.0
2022-01-22 02:00:00,0.0
2022-01-22 03:00:00,0.0
2022-01-22 04:00:00,0.0
2022-01-22 05:00:00,0.0
2022-01-22 06:00:00,0.0
2022-01-22 07:00:00,0.0
2022-01-22 08:00:00,0.0
2022-01-22 09:00:00,0.0
2022-01-22 10:00:00,84.85000375
2022-01-22 11:00:00,332.675
2022-01-22 12:00:00,584.2
2022-01-22 13:00:00,815.70002
2022-01-22 14:00:00,998.25001
2022-01-22 15:00:00,1073.750025
2022-01-22 16:00:00,951.075
2022-01-22 17:00:00,446.32500500000003
2022-01-22 18:00:00,404.275
2022-01-22 19:00:00,381.1
2022-01-22 20:00:00,197.8750025
2022-01-22 21:00:00,21.30000125
2022-01-22 22:00:00,0.0
2022-01-22 23:00:00,0.0
2022-01-23 00:00:00,0.0
2022-01-23 01:00:00,0.0
2022-01-23 02:00:00,0.0
2022-01-23 03:00:00,0.0
2022-01-23 04:00:00,0.0
2022-01-23 05:00:00,0.0
2022-01-23 06:00:00,0.0
2022-01-23 07:00:00,0.0
2022-01-23 08:00:00,0.0
2022-01-23 09:00:00,0.0
2022-01-23 10:00:00,81.55000175
2022-01-23 11:00:00,329.37501000000003
2022-01-23 12:00:00,590.1500100000001
2022-01-23 13:00:00,824.12501
2022-01-23 14:00:00,1008.7000250000001
2022-01-23 15:00:00,971.55
2022-01-23 16:00:00,1114.60005
2022-01-23 17:00:00,1027.3500099999999
2022-01-23 18:00:00,548.425
2022-01-23 19:00:00,497.15
2022-01-23 20:00:00,278.025005
2022-01-23 21:00:00,4.07500025
2022-01-23 22:00:00,20.475
2022-01-23 23:00:00,0.0
2022-01-24 00:00:00,0.0
2022-01-24 01:00:00,0.0
2022-01-24 02:00:00,0.0
2022-01-24 03:00:00,0.0
2022-01-24 04:00:00,0.0
2022-01-24 05:00:00,0.0
2022-01-24 06:00:00,0.0
2022-01-24 07:00:00,0.0
2022-01-24 08:00:00,0.0
2022-01-24 09:00:00,0.0
2022-01-24 10:00:00,78.375
2022-01-24 11:00:00,314.325
2022-01-24 12:00:00,537.575
2022-01-24 13:00:00,638.575
2022-01-24 14:00:00,638.65002
2022-01-24 15:00:00,680.17503
2022-01-24 16:00:00,1065.550025
2022-01-24 17:00:00,1138.65
2022-01-24 18:00:00,1036.925
2022-01-24 19:00:00,849.27503
2022-01-24 20:00:00,346.9250075
2022-01-24 21:00:00,163.825
2022-01-24 22:00:00,0.0
2022-01-24 23:00:00,0.0
2022-01-25 00:00:00,0.0
2022-01-25 01:00:00,0.0
2022-01-25 02:00:00,0.0
2022-01-25 03:00:00,0.0
2022-01-25 04:00:00,0.0
2022-01-25 05:00:00,0.0
2022-01-25 06:00:00,0.0
2022-01-25 07:00:00,0.0
2022-01-25 08:00:00,0.0
2022-01-25 09:00:00,0.0
2022-01-25 10:00:00,72.95000125
2022-01-25 11:00:00,270.775005
2022-01-25 12:00:00,429.325005
2022-01-25 13:00:00,622.37501
2022-01-25 14:00:00,971.50001
2022-01-25 15:00:00,573.425015
2022-01-25 16:00:00,1109.475
2022-01-25 17:00:00,1144.05005
2022-01-25 18:00:00,859.875
2022-01-25 19:00:00,706.4000000000001
2022-01-25 20:00:00,451.92501000000004
2022-01-25 21:00:00,95.8
2022-01-25 22:00:00,0.0
2022-01-25 23:00:00,0.0
2022-01-26 00:00:00,0.0
2022-01-26 01:00:00,0.0
2022-01-26 02:00:00,0.0
2022-01-26 03:00:00,0.0
2022-01-26 04:00:00,0.0
2022-01-26 05:00:00,0.0
2022-01-26 06:00:00,0.0
2022-01-26 07:00:00,0.0
2022-01-26 08:00:00,0.0
2022-01-26 09:00:00,0.0
2022-01-26 10:00:00,74.1250005
2022-01-26 11:00:00,319.45000749999997
2022-01-26 12:00:00,560.7
2022-01-26 13:00:00,750.37501
2022-01-26 14:00:00,965.85001
2022-01-26 15:00:00,1078.07505
2022-01-26 16:00:00,896.92501
2022-01-26 17:00:00,756.35
2022-01-26 18:00:00,563.77502
2022-01-26 19:00:00,372.725005
2022-01-26 20:00:00,166.97500300000002
2022-01-26 21:00:00,0.0
2022-01-26 22:00:00,0.0
2022-01-26 23:00:00,0.0
2022-01-27 00:00:00,0.0
2022-01-27 01:00:00,0.0
2022-01-27 02:00:00,0.0
2022-01-27 03:00:00,0.0
2022-01-27 04:00:00,0.0
2022-01-27 05:00:00,0.0
2022-01-27 06:00:00,0.0
2022-01-27 07:00:00,0.0
2022-01-27 08:00:00,0.0
2022-01-27 09:00:00,0.0
2022-01-27 10:00:00,67.30000425
2022-01-27 11:00:00,299.225
2022-01-27 12:00:00,485.725005
2022-01-27 13:00:00,640.4
2022-01-27 14:00:00,722.1
2022-01-27 15:00:00,749.65
2022-01-27 16:00:00,737.37501
2022-01-27 17:00:00,721.5250100000001
2022-01-27 18:00:00,665.575
2022-01-27 19:00:00,525.85
2022-01-27 20:00:00,243.45
2022-01-27 21:00:00,10.425
2022-01-27 22:00:00,0.0
2022-01-27 23:00:00,0.0
2022-01-28 00:00:00,0.0
2022-01-28 01:00:00,0.0
2022-01-28 02:00:00,0.0
2022-01-28 03:00:00,0.0
2022-01-28 04:00:00,0.0
2022-01-28 05:00:00,0.0
2022-01-28 06:00:00,0.0
2022-01-28 07:00:00,0.0
2022-01-28 08:00:00,0.0
2022-01-28 09:00:00,0.0
2022-01-28 10:00:00,71.95000125
2022-01-28 11:00:00,317.65
2022-01-28 12:00:00,570.9
2022-01-28 13:00:00,804.80001
2022-01-28 14:00:00,979.85001
2022-01-28 15:00:00,1018.875035
2022-01-28 16:00:00,1032.800085
2022-01-28 17:00:00,1035.125025
2022-01-28 18:00:00,900.4000100000001
2022-01-28 19:00:00,705.15
2022-01-28 20:00:00,299.6
2022-01-28 21:00:00,7.55
2022-01-28 22:00:00,0.0
2022-01-28 23:00:00,0.2
2022-01-29 00:00:00,0.0
2022-01-29 01:00:00,0.0
2022-01-29 02:00:00,0.0
2022-01-29 03:00:00,0.0
2022-01-29 04:00:00,0.0
2022-01-29 05:00:00,0.0
2022-01-29 06:00:00,0.0
2022-01-29 07:00:00,0.0
2022-01-29 08:00:00,0.0
2022-01-29 09:00:00,0.0
2022-01-29 10:00:00,65.17500000000001
2022-01-29 11:00:00,258.175005
2022-01-29 12:00:00,405.47501
2022-01-29 13:00:00,709.6250150000001
2022-01-29 14:00:00,993.125
2022-01-29 15:00:00,1117.775025
2022-01-29 16:00:00,1167.525
2022-01-29 17:00:00,1122.5000249999998
2022-01-29 18:00:00,1024.775
2022-01-29 19:00:00,829.8000099999999
2022-01-29 20:00:00,418.32500500000003
2022-01-29 21:00:00,20.05000125
2022-01-29 22:00:00,0.0
2022-01-29 23:00:00,0.85
2022-01-30 00:00:00,0.0
2022-01-30 01:00:00,0.0
2022-01-30 02:00:00,0.0
2022-01-30 03:00:00,0.0
2022-01-30 04:00:00,0.0
2022-01-30 05:00:00,0.0
2022-01-30 06:00:00,0.0
2022-01-30 07:00:00,0.0
2022-01-30 08:00:00,0.0
2022-01-30 09:00:00,0.0
2022-01-30 10:00:00,64.77500025
2022-01-30 11:00:00,308.125005
2022-01-30 12:00:00,572.25001
2022-01-30 13:00:00,812.2249999999999
2022-01-30 14:00:00,1003.1500100000001
2022-01-30 15:00:00,1131.850025
2022-01-30 16:00:00,1182.125025
2022-01-30 17:00:00,1154.775
2022-01-30 18:00:00,1049.850025
2022-01-30 19:00:00,876.20001
2022-01-30 20:00:00,650.92502
2022-01-30 21:00:00,162.375
2022-01-30 22:00:00,0.0
2022-01-30 23:00:00,0.0
2022-01-31 00:00:00,0.0
2022-01-31 01:00:00,0.0
2022-01-31 02:00:00,0.0
2022-01-31 03:00:00,0.0
2022-01-31 04:00:00,0.0
2022-01-31 05:00:00,0.0
2022-01-31 06:00:00,0.0
2022-01-31 07:00:00,0.0
2022-01-31 08:00:00,0.0
2022-01-31 09:00:00,0.0
2022-01-31 10:00:00,66.7000025
2022-01-31 11:00:00,313.825
2022-01-31 12:00:00,580.075015
2022-01-31 13:00:00,788.35002
2022-01-31 14:00:00,1010.625
2022-01-31 15:00:00,808.8
2022-01-31 16:00:00,790.37501
2022-01-31 17:00:00,729.65
2022-01-31 18:00:00,878.4250099999999
2022-01-31 19:00:00,805.0
2022-01-31 20:00:00,484.775
2022-01-31 21:00:00,129.875
2022-01-31 22:00:00,11.175
2022-01-31 23:00:00,0.450000025
2022-02-01 00:00:00,0.0
2022-02-01 01:00:00,0.0
2022-02-01 02:00:00,0.0
2022-02-01 03:00:00,0.0
2022-02-01 04:00:00,0.0
2022-02-01 05:00:00,0.0
2022-02-01 06:00:00,0.0
2022-02-01 07:00:00,0.0
2022-02-01 08:00:00,0.0
2022-02-01 09:00:00,0.0
2022-02-01 10:00:00,66.425
2022-02-01 11:00:00,314.4
2022-02-01 12:00:00,578.825
2022-02-01 13:00:00,819.35
2022-02-01 14:00:00,1011.40005
2022-02-01 15:00:00,1134.575025
2022-02-01 16:00:00,1183.825025
2022-02-01 17:00:00,1085.95
2022-02-01 18:00:00,754.80001
2022-02-01 19:00:00,662.00001
2022-02-01 20:00:00,303.875
2022-02-01 21:00:00,7.85
2022-02-01 22:00:00,0.0
2022-02-01 23:00:00,0.0
2022-02-02 00:00:00,0.0
2022-02-02 01:00:00,0.0
2022-02-02 02:00:00,0.0
2022-02-02 03:00:00,0.0
2022-02-02 04:00:00,0.0
2022-02-02 05:00:00,0.0
2022-02-02 06:00:00,0.0
2022-02-02 07:00:00,0.0
2022-02-02 08:00:00,0.0
2022-02-02 09:00:00,0.0
2022-02-02 10:00:00,57.975
2022-02-02 11:00:00,331.0000066666667
2022-02-02 12:00:00,572.75001
2022-02-02 13:00:00,814.00002
2022-02-02 14:00:00,1004.725025
2022-02-02 15:00:00,1128.375025
2022-02-02 16:00:00,1176.725075
2022-02-02 17:00:00,1099.050025
2022-02-02 18:00:00,1049.675
2022-02-02 19:00:00,762.675
2022-02-02 20:00:00,473.92501500000003
2022-02-02 21:00:00,87.8
2022-02-02 22:00:00,0.0
2022-02-02 23:00:00,0.0
2022-02-03 00:00:00,0.0
2022-02-03 01:00:00,0.0
2022-02-03 02:00:00,0.0
2022-02-03 03:00:00,0.0
2022-02-03 04:00:00,0.0
2022-02-03 05:00:00,0.0
2022-02-03 06:00:00,0.0
2022-02-03 07:00:00,0.0
2022-02-03 08:00:00,0.0
2022-02-03 09:00:00,0.0
2022-02-03 10:00:00,53.07500125
2022-02-03 11:00:00,259.8500025
2022-02-03 12:00:00,534.525005
2022-02-03 13:00:00,805.0250100000001
2022-02-03 14:00:00,1002.80001
2022-02-03 15:00:00,1134.02505
2022-02-03 16:00:00,1185.500025
2022-02-03 17:00:00,1156.375
2022-02-03 18:00:00,1051.625025
2022-02-03 19:00:00,879.12501
2022-02-03 20:00:00,649.00001
2022-02-03 21:00:00,384.025005
2022-02-03 22:00:00,111.3000025
2022-02-03 23:00:00,0.0
2022-02-04 00:00:00,0.0
2022-02-04 01:00:00,0.0
2022-02-04 02:00:00,0.0
2022-02-04 03:00:00,0.0
2022-02-04 04:00:00,0.0
2022-02-04 05:00:00,0.0
2022-02-04 06:00:00,0.0
2022-02-04 07:00:00,0.0
2022-02-04 08:00:00,0.0
2022-02-04 09:00:00,0.0
2022-02-04 10:00:00,52.7500025
2022-02-04 11:00:00,287.5250025
2022-02-04 12:00:00,558.625
2022-02-04 13:00:00,801.375
2022-02-04 14:00:00,994.45002
2022-02-04 15:00:00,1123.775075
2022-02-04 16:00:00,1173.8
2022-02-04 17:00:00,1147.675025
2022-02-04 18:00:00,1045.5
2022-02-04 19:00:00,873.47501
2022-02-04 20:00:00,645.0250100000001
2022-02-04 21:00:00,382.17501000000004
2022-02-04 22:00:00,119.2500005
2022-02-04 23:00:00,0.0
2022-02-05 00:00:00,0.0
2022-02-05 01:00:00,0.0
2022-02-05 02:00:00,0.0
2022-02-05 03:00:00,0.0
2022-02-05 04:00:00,0.0
2022-02-05 05:00:00,0.0
2022-02-05 06:00:00,0.0
2022-02-05 07:00:00,0.0
2022-02-05 08:00:00,0.0
2022-02-05 09:00:00,0.0
2022-02-05 10:00:00,53.075
2022-02-05 11:00:00,206.4000025
2022-02-05 12:00:00,530.675
2022-02-05 13:00:00,629.45001
2022-02-05 14:00:00,958.525
2022-02-05 15:00:00,1011.650035
2022-02-05 16:00:00,844.075
2022-02-05 17:00:00,687.00001
2022-02-05 18:00:00,849.4000100000001
2022-02-05 19:00:00,776.925
2022-02-05 20:00:00,637.1500100000001
2022-02-05 21:00:00,261.075005
2022-02-05 22:00:00,8.4
2022-02-05 23:00:00,0.0
2022-02-06 00:00:00,0.0
2022-02-06 01:00:00,0.0
2022-02-06 02:00:00,0.0
2022-02-06 03:00:00,0.0
2022-02-06 04:00:00,0.0
2022-02-06 05:00:00,0.0
2022-02-06 06:00:00,0.0
2022-02-06 07:00:00,0.0
2022-02-06 08:00:00,0.0
2022-02-06 09:00:00,0.0
2022-02-06 10:00:00,54.2750025
2022-02-06 11:00:00,294.17501500000003
2022-02-06 12:00:00,560.75
2022-02-06 13:00:00,803.70001
2022-02-06 14:00:00,996.3500200000001
2022-02-06 15:00:00,1125.325
2022-02-06 16:00:00,1177.900025
2022-02-06 17:00:00,1151.275
2022-02-06 18:00:00,1045.85
2022-02-06 19:00:00,867.925
2022-02-06 20:00:00,640.47501
2022-02-06 21:00:00,379.67501
2022-02-06 22:00:00,120.27499999999999
2022-02-06 23:00:00,0.0
2022-02-07 00:00:00,0.0
2022-02-07 01:00:00,0.0
2022-02-07 02:00:00,0.0
2022-02-07 03:00:00,0.0
2022-02-07 04:00:00,0.0
2022-02-07 05:00:00,0.0
2022-02-07 06:00:00,0.0
2022-02-07 07:00:00,0.0
2022-02-07 08:00:00,0.0
2022-02-07 09:00:00,0.0
2022-02-07 10:00:00,44.9000005
2022-02-07 11:00:00,224.0000075
2022-02-07 12:00:00,396.4
2022-02-07 13:00:00,569.375
2022-02-07 14:00:00,758.70001
2022-02-07 15:00:00,1106.550025
2022-02-07 16:00:00,1158.450025
2022-02-07 17:00:00,1130.025025
2022-02-07 18:00:00,1018.00001
2022-02-07 19:00:00,779.8
2022-02-07 20:00:00,499.60001
2022-02-07 21:00:00,171.8
2022-02-07 22:00:00,95.22500375
2022-02-07 23:00:00,0.0
2022-02-08 00:00:00,0.0
2022-02-08 01:00:00,0.0
2022-02-08 02:00:00,0.0
2022-02-08 03:00:00,0.0
2022-02-08 04:00:00,0.0
2022-02-08 05:00:00,0.0
2022-02-08 06:00:00,0.0
2022-02-08 07:00:00,0.0
2022-02-08 08:00:00,0.0
2022-02-08 09:00:00,0.0
2022-02-08 10:00:00,44.150000500000004
2022-02-08 11:00:00,208.525
2022-02-08 12:00:00,416.2
2022-02-08 13:00:00,529.975015
2022-02-08 14:00:00,756.27503
2022-02-08 15:00:00,796.70001
2022-02-08 16:00:00,850.625
2022-02-08 17:00:00,1128.3249999999998
2022-02-08 18:00:00,865.7750100000001
2022-02-08 19:00:00,354.07501
2022-02-08 20:00:00,629.15002
2022-02-08 21:00:00,160.800005
2022-02-08 22:00:00,22.200000000000003
2022-02-08 23:00:00,0.0
2022-02-09 00:00:00,0.0
2022-02-09 01:00:00,0.0
2022-02-09 02:00:00,0.0
2022-02-09 03:00:00,0.0
2022-02-09 04:00:00,0.0
2022-02-09 05:00:00,0.0
2022-02-09 06:00:00,0.0
2022-02-09 07:00:00,0.0
2022-02-09 08:00:00,0.0
2022-02-09 09:00:00,0.0
2022-02-09 10:00:00,49.450000075
2022-02-09 11:00:00,285.500005
2022-02-09 12:00:00,521.90002
2022-02-09 13:00:00,789.6500100000001
2022-02-09 14:00:00,990.9000000000001
2022-02-09 15:00:00,1118.1
2022-02-09 16:00:00,1171.2
2022-02-09 17:00:00,1144.325
2022-02-09 18:00:00,1036.825025
2022-02-09 19:00:00,634.975
2022-02-09 20:00:00,439.35
2022-02-09 21:00:00,364.525
2022-02-09 22:00:00,24.45000025
2022-02-09 23:00:00,0.0
2022-02-10 00:00:00,0.0
2022-02-10 01:00:00,0.0
2022-02-10 02:00:00,0.0
2022-02-10 03:00:00,0.0
2022-02-10 04:00:00,0.0
2022-02-10 05:00:00,0.0
2022-02-10 06:00:00,0.0
2022-02-10 07:00:00,0.0
2022-02-10 08:00:00,0.0
2022-02-10 09:00:00,0.0
2022-02-10 10:00:00,41.75000125
2022-02-10 11:00:00,265.7
2022-02-10 12:00:00,552.225
2022-02-10 13:00:00,766.2750100000001
2022-02-10 14:00:00,941.0
2022-02-10 15:00:00,1114.625
2022-02-10 16:00:00,1167.65
2022-02-10 17:00:00,1139.125
2022-02-10 18:00:00,1030.725
2022-02-10 19:00:00,855.95001
2022-02-10 20:00:00,628.92502
2022-02-10 21:00:00,361.15
2022-02-10 22:00:00,105.52499999999999
2022-02-10 23:00:00,0.0
2022-02-11 00:00:00,0.0
2022-02-11 01:00:00,0.0
2022-02-11 02:00:00,0.0
2022-02-11 03:00:00,0.0
2022-02-11 04:00:00,0.0
2022-02-11 05:00:00,0.0
2022-02-11 06:00:00,0.0
2022-02-11 07:00:00,0.0
2022-02-11 08:00:00,0.0
2022-02-11 09:00:00,0.0
2022-02-11 10:00:00,41.8750005
2022-02-11 11:00:00,261.025
2022-02-11 12:00:00,510.12501
2022-02-11 13:00:00,786.625
2022-02-11 14:00:00,981.12501
2022-02-11 15:00:00,1115.650025
2022-02-11 16:00:00,1168.7
2022-02-11 17:00:00,1140.350025
2022-02-11 18:00:00,1036.775025
2022-02-11 19:00:00,864.87501
2022-02-11 20:00:00,637.55
2022-02-11 21:00:00,372.825015
2022-02-11 22:00:00,43.4
2022-02-11 23:00:00,0.0
2022-02-12 00:00:00,0.0
2022-02-12 01:00:00,0.0
2022-02-12 02:00:00,0.0
2022-02-12 03:00:00,0.0
2022-02-12 04:00:00,0.0
2022-02-12 05:00:00,0.0
2022-02-12 06:00:00,0.0
2022-02-12 07:00:00,0.0
2022-02-12 08:00:00,0.0
2022-02-12 09:00:00,0.0
2022-02-12 10:00:00,40.05
2022-02-12 11:00:00,261.6
2022-02-12 12:00:00,539.75
2022-02-12 13:00:00,779.45001
2022-02-12 14:00:00,957.10001
2022-02-12 15:00:00,1089.25
2022-02-12 16:00:00,1146.125
2022-02-12 17:00:00,1047.07505
2022-02-12 18:00:00,967.42501
2022-02-12 19:00:00,704.8
2022-02-12 20:00:00,382.77501
2022-02-12 21:00:00,93.95000425
2022-02-12 22:00:00,0.0
2022-02-12 23:00:00,0.0
2022-02-13 00:00:00,0.0
2022-02-13 01:00:00,0.0
2022-02-13 02:00:00,0.0
2022-02-13 03:00:00,0.0
2022-02-13 04:00:00,0.0
2022-02-13 05:00:00,0.0
2022-02-13 06:00:00,0.0
2022-02-13 07:00:00,0.0
2022-02-13 08:00:00,0.0
2022-02-13 09:00:00,0.0
2022-02-13 10:00:00,39.475
2022-02-13 11:00:00,268.675
2022-02-13 12:00:00,502.925
2022-02-13 13:00:00,775.55
2022-02-13 14:00:00,969.90002
2022-02-13 15:00:00,1102.125
2022-02-13 16:00:00,1155.525025
2022-02-13 17:00:00,1128.025
2022-02-13 18:00:00,1022.900025
2022-02-13 19:00:00,848.35
2022-02-13 20:00:00,619.65001
2022-02-13 21:00:00,356.725
2022-02-13 22:00:00,56.22500125
2022-02-13 23:00:00,0.0
2022-02-14 00:00:00,0.0
2022-02-14 01:00:00,0.0
2022-02-14 02:00:00,0.0
2022-02-14 03:00:00,0.0
2022-02-14 04:00:00,0.0
2022-02-14 05:00:00,0.0
2022-02-14 06:00:00,0.0
2022-02-14 07:00:00,0.0
2022-02-14 08:00:00,0.0
2022-02-14 09:00:00,0.0
2022-02-14 10:00:00,40.05
2022-02-14 11:00:00,264.7000025
2022-02-14 12:00:00,526.22501
2022-02-14 13:00:00,768.97501
2022-02-14 14:00:00,963.2750100000001
2022-02-14 15:00:00,1093.675
2022-02-14 16:00:00,1144.725
2022-02-14 17:00:00,1116.425
2022-02-14 18:00:00,1010.0250000000001
2022-02-14 19:00:00,836.975
2022-02-14 20:00:00,609.45001
2022-02-14 21:00:00,343.875005
2022-02-14 22:00:00,74.175
2022-02-14 23:00:00,0.0
2022-02-15 00:00:00,0.0
2022-02-15 01:00:00,0.0
2022-02-15 02:00:00,0.0
2022-02-15 03:00:00,0.0
2022-02-15 04:00:00,0.0
2022-02-15 05:00:00,0.0
2022-02-15 06:00:00,0.0
2022-02-15 07:00:00,0.0
2022-02-15 08:00:00,0.0
2022-02-15 09:00:00,0.0
2022-02-15 10:00:00,38.475000075
2022-02-15 11:00:00,260.9
2022-02-15 12:00:00,524.75
2022-02-15 13:00:00,765.6000200000001
2022-02-15 14:00:00,957.625
2022-02-15 15:00:00,1087.92505
2022-02-15 16:00:00,1141.425025
2022-02-15 17:00:00,1115.375
2022-02-15 18:00:00,1013.2000350000001
2022-02-15 19:00:00,841.90002
2022-02-15 20:00:00,614.6
2022-02-15 21:00:00,353.625
2022-02-15 22:00:00,59.67500125
2022-02-15 23:00:00,0.0
2022-02-16 00:00:00,0.0
2022-02-16 01:00:00,0.0
2022-02-16 02:00:00,0.0
2022-02-16 03:00:00,0.0
2022-02-16 04:00:00,0.0
2022-02-16 05:00:00,0.0
2022-02-16 06:00:00,0.0
2022-02-16 07:00:00,0.0
2022-02-16 08:00:00,0.0
2022-02-16 09:00:00,0.0
2022-02-16 10:00:00,31.600001250000002
2022-02-16 11:00:00,243.7
2022-02-16 12:00:00,519.37501
2022-02-16 13:00:00,760.75001
2022-02-16 14:00:00,953.42501
2022-02-16 15:00:00,1084.600025
2022-02-16 16:00:00,1123.7
2022-02-16 17:00:00,682.20002
2022-02-16 18:00:00,844.3500200000001
2022-02-16 19:00:00,834.3499999999999
2022-02-16 20:00:00,536.900015
2022-02-16 21:00:00,97.35
2022-02-16 22:00:00,0.0
2022-02-16 23:00:00,0.0
2022-02-17 00:00:00,0.0
2022-02-17 01:00:00,0.0
2022-02-17 02:00:00,0.0
2022-02-17 03:00:00,0.0
2022-02-17 04:00:00,0.0
2022-02-17 05:00:00,0.0
2022-02-17 06:00:00,0.0
2022-02-17 07:00:00,0.0
2022-02-17 08:00:00,0.0
2022-02-17 09:00:00,0.0
2022-02-17 10:00:00,20.6500005
2022-02-17 11:00:00,118.52500125
2022-02-17 12:00:00,339.125
2022-02-17 13:00:00,658.62501
2022-02-17 14:00:00,644.27501
2022-02-17 15:00:00,423.525
2022-02-17 16:00:00,299.47501
2022-02-17 17:00:00,286.2
2022-02-17 18:00:00,400.100005
2022-02-17 19:00:00,379.2
2022-02-17 20:00:00,258.3250075
2022-02-17 21:00:00,93.05
2022-02-17 22:00:00,0.0
2022-02-17 23:00:00,0.0
2022-02-18 00:00:00,0.0
2022-02-18 01:00:00,0.0
2022-02-18 02:00:00,0.0
2022-02-18 03:00:00,0.0
2022-02-18 04:00:00,0.0
2022-02-18 05:00:00,0.0
2022-02-18 06:00:00,0.0
2022-02-18 07:00:00,0.0
2022-02-18 08:00:00,0.0
2022-02-18 09:00:00,0.0
2022-02-18 10:00:00,36.224999999999994
2022-02-18 11:00:00,259.475005
2022-02-18 12:00:00,537.0000150000001
2022-02-18 13:00:00,770.7
2022-02-18 14:00:00,967.90002
2022-02-18 15:00:00,1101.32505
2022-02-18 16:00:00,1154.275025
2022-02-18 17:00:00,1126.650025
2022-02-18 18:00:00,1020.875025
2022-02-18 19:00:00,846.5
2022-02-18 20:00:00,614.25001
2022-02-18 21:00:00,279.325
2022-02-18 22:00:00,85.97500050000001
2022-02-18 23:00:00,0.0
2022-02-19 00:00:00,0.0
2022-02-19 01:00:00,0.0
2022-02-19 02:00:00,0.0
2022-02-19 03:00:00,0.0
2022-02-19 04:00:00,0.0
2022-02-19 05:00:00,0.0
2022-02-19 06:00:00,0.0
2022-02-19 07:00:00,0.0
2022-02-19 08:00:00,0.0
2022-02-19 09:00:00,0.0
2022-02-19 10:00:00,36.0000005
2022-02-19 11:00:00,260.525
2022-02-19 12:00:00,536.475
2022-02-19 13:00:00,779.82502
2022-02-19 14:00:00,975.20001
2022-02-19 15:00:00,1104.35
2022-02-19 16:00:00,1155.700025
2022-02-19 17:00:00,1126.575
2022-02-19 18:00:00,1020.925025
2022-02-19 19:00:00,844.7750100000001
2022-02-19 20:00:00,353.77500499999996
2022-02-19 21:00:00,318.85
2022-02-19 22:00:00,32.075
2022-02-19 23:00:00,0.0
2022-02-20 00:00:00,0.0
2022-02-20 01:00:00,0.0
2022-02-20 02:00:00,0.0
2022-02-20 03:00:00,0.0
2022-02-20 04:00:00,0.0
2022-02-20 05:00:00,0.0
2022-02-20 06:00:00,0.0
2022-02-20 07:00:00,0.0
2022-02-20 08:00:00,0.0
2022-02-20 09:00:00,0.0
2022-02-20 10:00:00,36.100001750000004
2022-02-20 11:00:00,263.575
2022-02-20 12:00:00,517.90001
2022-02-20 13:00:00,758.0
2022-02-20 14:00:00,964.62502
2022-02-20 15:00:00,1099.65
2022-02-20 16:00:00,1154.025025
2022-02-20 17:00:00,1126.725025
2022-02-20 18:00:00,1020.57501
2022-02-20 19:00:00,843.85002
2022-02-20 20:00:00,614.25001
2022-02-20 21:00:00,347.8000025
2022-02-20 22:00:00,90.80000025
2022-02-20 23:00:00,0.0
2022-02-21 00:00:00,0.0
2022-02-21 01:00:00,0.0
2022-02-21 02:00:00,0.0
2022-02-21 03:00:00,0.0
2022-02-21 04:00:00,0.0
2022-02-21 05:00:00,0.0
2022-02-21 06:00:00,0.0
2022-02-21 07:00:00,0.0
2022-02-21 08:00:00,0.0
2022-02-21 09:00:00,0.0
2022-02-21 10:00:00,34.8000005
2022-02-21 11:00:00,237.02499999999998
2022-02-21 12:00:00,444.775
2022-02-21 13:00:00,772.8
2022-02-21 14:00:00,970.97501
2022-02-21 15:00:00,1095.8249999999998
2022-02-21 16:00:00,1163.775
2022-02-21 17:00:00,1134.925025
2022-02-21 18:00:00,1023.35001
2022-02-21 19:00:00,842.0
2022-02-21 20:00:00,610.22502
2022-02-21 21:00:00,346.925
2022-02-21 22:00:00,89.37500325
2022-02-21 23:00:00,0.0
2022-02-22 00:00:00,0.0
2022-02-22 01:00:00,0.0
2022-02-22 02:00:00,0.0
2022-02-22 03:00:00,0.0
2022-02-22 04:00:00,0.0
2022-02-22 05:00:00,0.0
2022-02-22 06:00:00,0.0
2022-02-22 07:00:00,0.0
2022-02-22 08:00:00,0.0
2022-02-22 09:00:00,0.0
2022-02-22 10:00:00,25.0
2022-02-22 11:00:00,227.2750025
2022-02-22 12:00:00,478.07501
2022-02-22 13:00:00,656.375
2022-02-22 14:00:00,789.825
2022-02-22 15:00:00,931.35001
2022-02-22 16:00:00,793.25002
2022-02-22 17:00:00,916.35001
2022-02-22 18:00:00,946.15001
2022-02-22 19:00:00,721.72501
2022-02-22 20:00:00,471.750005
2022-02-22 21:00:00,326.425
2022-02-22 22:00:00,82.675
2022-02-22 23:00:00,0.0
2022-02-23 00:00:00,0.0
2022-02-23 01:00:00,0.0
2022-02-23 02:00:00,0.0
2022-02-23 03:00:00,0.0
2022-02-23 04:00:00,0.0
2022-02-23 05:00:00,0.0
2022-02-23 06:00:00,0.0
2022-02-23 07:00:00,0.0
2022-02-23 08:00:00,0.0
2022-02-23 09:00:00,0.0
2022-02-23 10:00:00,32.675
2022-02-23 11:00:00,232.925
2022-02-23 12:00:00,462.10001
2022-02-23 13:00:00,679.45001
2022-02-23 14:00:00,948.97502
2022-02-23 15:00:00,1075.65005
2022-02-23 16:00:00,1126.825025
2022-02-23 17:00:00,1097.775
2022-02-23 18:00:00,913.77501
2022-02-23 19:00:00,576.12503
2022-02-23 20:00:00,431.575
2022-02-23 21:00:00,152.75000375
2022-02-23 22:00:00,68.20000125
2022-02-23 23:00:00,0.0
2022-02-24 00:00:00,0.0
2022-02-24 01:00:00,0.0
2022-02-24 02:00:00,0.0
2022-02-24 03:00:00,0.0
2022-02-24 04:00:00,0.0
2022-02-24 05:00:00,0.0
2022-02-24 06:00:00,0.0
2022-02-24 07:00:00,0.0
2022-02-24 08:00:00,0.0
2022-02-24 09:00:00,0.0
2022-02-24 10:00:00,31.87500125
2022-02-24 11:00:00,252.6250075
2022-02-24 12:00:00,514.25
2022-02-24 13:00:00,754.42501
2022-02-24 14:00:00,945.3
2022-02-24 15:00:00,1070.95005
2022-02-24 16:00:00,1111.725
2022-02-24 17:00:00,740.45003
2022-02-24 18:00:00,564.225015
2022-02-24 19:00:00,328.15
2022-02-24 20:00:00,222.9750075
2022-02-24 21:00:00,26.375
2022-02-24 22:00:00,0.0
2022-02-24 23:00:00,0.0
2022-02-25 00:00:00,0.0
2022-02-25 01:00:00,0.0
2022-02-25 02:00:00,0.0
2022-02-25 03:00:00,0.0
2022-02-25 04:00:00,0.0
2022-02-25 05:00:00,0.0
2022-02-25 06:00:00,0.0
2022-02-25 07:00:00,0.0
2022-02-25 08:00:00,0.0
2022-02-25 09:00:00,0.0
2022-02-25 10:00:00,30.1000005
2022-02-25 11:00:00,245.225
2022-02-25 12:00:00,505.97501
2022-02-25 13:00:00,747.6500100000001
2022-02-25 14:00:00,939.40002
2022-02-25 15:00:00,1068.675
2022-02-25 16:00:00,1118.4499999999998
2022-02-25 17:00:00,1089.975
2022-02-25 18:00:00,986.67501
2022-02-25 19:00:00,813.60001
2022-02-25 20:00:00,586.725005
2022-02-25 21:00:00,326.75
2022-02-25 22:00:00,16.325
2022-02-25 23:00:00,0.0
2022-02-26 00:00:00,0.0
2022-02-26 01:00:00,0.0
2022-02-26 02:00:00,0.0
2022-02-26 03:00:00,0.0
2022-02-26 04:00:00,0.0
2022-02-26 05:00:00,0.0
2022-02-26 06:00:00,0.0
2022-02-26 07:00:00,0.0
2022-02-26 08:00:00,0.0
2022-02-26 09:00:00,0.0
2022-02-26 10:00:00,30.5
2022-02-26 11:00:00,248.525005
2022-02-26 12:00:00,513.675005
2022-02-26 13:00:00,753.2
2022-02-26 14:00:00,944.97502
2022-02-26 15:00:00,1074.575
2022-02-26 16:00:00,1127.15
2022-02-26 17:00:00,1100.225
2022-02-26 18:00:00,986.325
2022-02-26 19:00:00,672.87501
2022-02-26 20:00:00,446.775
2022-02-26 21:00:00,120.22500000000001
2022-02-26 22:00:00,0.0
2022-02-26 23:00:00,0.0
2022-02-27 00:00:00,0.0
2022-02-27 01:00:00,0.0
2022-02-27 02:00:00,0.0
2022-02-27 03:00:00,0.0
2022-02-27 04:00:00,0.0
2022-02-27 05:00:00,0.0
2022-02-27 06:00:00,0.0
2022-02-27 07:00:00,0.0
2022-02-27 08:00:00,0.0
2022-02-27 09:00:00,0.0
2022-02-27 10:00:00,30.299999999999997
2022-02-27 11:00:00,249.400005
2022-02-27 12:00:00,512.600015
2022-02-27 13:00:00,755.27502
2022-02-27 14:00:00,948.8
2022-02-27 15:00:00,1078.8249999999998
2022-02-27 16:00:00,1130.475025
2022-02-27 17:00:00,1101.325
2022-02-27 18:00:00,910.95001
2022-02-27 19:00:00,626.30001
2022-02-27 20:00:00,344.525005
2022-02-27 21:00:00,31.8
2022-02-27 22:00:00,0.0
2022-02-27 23:00:00,0.0
2022-02-28 00:00:00,0.0
2022-02-28 01:00:00,0.0
2022-02-28 02:00:00,0.0
2022-02-28 03:00:00,0.0
2022-02-28 04:00:00,0.0
2022-02-28 05:00:00,0.0
2022-02-28 06:00:00,0.0
2022-02-28 07:00:00,0.0
2022-02-28 08:00:00,0.0
2022-02-28 09:00:00,0.0
2022-02-28 10:00:00,29.375001500000003
2022-02-28 11:00:00,247.4
2022-02-28 12:00:00,513.750005
2022-02-28 13:00:00,754.82501
2022-02-28 14:00:00,948.35001
2022-02-28 15:00:00,1079.175025
2022-02-28 16:00:00,1135.5
2022-02-28 17:00:00,1109.975025
2022-02-28 18:00:00,751.125
2022-02-28 19:00:00,337.975
2022-02-28 20:00:00,186.0250025
2022-02-28 21:00:00,19.924999999999997
2022-02-28 22:00:00,0.0
2022-02-28 23:00:00,0.0
2022-03-01 00:00:00,0.0
2022-03-01 01:00:00,0.0
2022-03-01 02:00:00,0.0
2022-03-01 03:00:00,0.0
2022-03-01 04:00:00,0.0
2022-03-01 05:00:00,0.0
2022-03-01 06:00:00,0.0
2022-03-01 07:00:00,0.0
2022-03-01 08:00:00,0.0
2022-03-01 09:00:00,0.0
2022-03-01 10:00:00,24.200000250000002
2022-03-01 11:00:00,205.35
2022-03-01 12:00:00,499.17499999999995
2022-03-01 13:00:00,741.075
2022-03-01 14:00:00,931.3000099999999
2022-03-01 15:00:00,1059.4
2022-03-01 16:00:00,1110.47505
2022-03-01 17:00:00,1082.1
2022-03-01 18:00:00,977.75002
2022-03-01 19:00:00,804.32502
2022-03-01 20:00:00,575.975
2022-03-01 21:00:00,316.375005
2022-03-01 22:00:00,55.47500125
2022-03-01 23:00:00,0.0
2022-03-02 00:00:00,0.0
2022-03-02 01:00:00,0.0
2022-03-02 02:00:00,0.0
2022-03-02 03:00:00,0.0
2022-03-02 04:00:00,0.0
2022-03-02 05:00:00,0.0
2022-03-02 06:00:00,0.0
2022-03-02 07:00:00,0.0
2022-03-02 08:00:00,0.0
2022-03-02 09:00:00,0.0
2022-03-02 10:00:00,25.400000000000002
2022-03-02 11:00:00,226.8750025
2022-03-02 12:00:00,319.125005
2022-03-02 13:00:00,504.55001
2022-03-02 14:00:00,875.4
2022-03-02 15:00:00,891.45
2022-03-02 16:00:00,911.6500000000001
2022-03-02 17:00:00,761.55002
2022-03-02 18:00:00,688.95001
2022-03-02 19:00:00,786.30001
2022-03-02 20:00:00,311.95
2022-03-02 21:00:00,6.82500025
2022-03-02 22:00:00,0.0
2022-03-02 23:00:00,0.0
2022-03-03 00:00:00,0.0
2022-03-03 01:00:00,0.0
2022-03-03 02:00:00,0.0
2022-03-03 03:00:00,0.0
2022-03-03 04:00:00,0.0
2022-03-03 05:00:00,0.0
2022-03-03 06:00:00,0.0
2022-03-03 07:00:00,0.0
2022-03-03 08:00:00,0.0
2022-03-03 09:00:00,0.0
2022-03-03 10:00:00,25.47500025
2022-03-03 11:00:00,219.9
2022-03-03 12:00:00,501.36667333333327
2022-03-03 13:00:00,742.675
2022-03-03 14:00:00,934.45001
2022-03-03 15:00:00,1063.10005
2022-03-03 16:00:00,1113.250025
2022-03-03 17:00:00,1083.475
2022-03-03 18:00:00,978.2250200000001
2022-03-03 19:00:00,803.3
2022-03-03 20:00:00,572.75001
2022-03-03 21:00:00,306.425
2022-03-03 22:00:00,64.7
2022-03-03 23:00:00,0.0
2022-03-04 00:00:00,0.0
2022-03-04 01:00:00,0.0
2022-03-04 02:00:00,0.0
2022-03-04 03:00:00,0.0
2022-03-04 04:00:00,0.0
2022-03-04 05:00:00,0.0
2022-03-04 06:00:00,0.0
2022-03-04 07:00:00,0.0
2022-03-04 08:00:00,0.0
2022-03-04 09:00:00,0.0
2022-03-04 10:00:00,26.1
2022-03-04 11:00:00,251.56667333333334
2022-03-04 12:00:00,509.56666666666666
2022-03-04 13:00:00,740.375
2022-03-04 14:00:00,932.30003
2022-03-04 15:00:00,1061.050025
2022-03-04 16:00:00,1110.6
2022-03-04 17:00:00,1079.475
2022-03-04 18:00:00,908.12501
2022-03-04 19:00:00,502.15002000000004
2022-03-04 20:00:00,250.45000000000002
2022-03-04 21:00:00,34.875
2022-03-04 22:00:00,0.0
2022-03-04 23:00:00,0.0
2022-03-05 00:00:00,0.0
2022-03-05 01:00:00,0.0
2022-03-05 02:00:00,0.0
2022-03-05 03:00:00,0.0
2022-03-05 04:00:00,0.0
2022-03-05 05:00:00,0.0
2022-03-05 06:00:00,0.0
2022-03-05 07:00:00,0.0
2022-03-05 08:00:00,0.0
2022-03-05 09:00:00,0.0
2022-03-05 10:00:00,25.400001250000003
2022-03-05 11:00:00,230.33333333333334
2022-03-05 12:00:00,482.5
2022-03-05 13:00:00,742.075
2022-03-05 14:00:00,934.25003
2022-03-05 15:00:00,1061.525025
2022-03-05 16:00:00,1112.225025
2022-03-05 17:00:00,1083.2
2022-03-05 18:00:00,976.55
2022-03-05 19:00:00,798.72501
2022-03-05 20:00:00,566.625
2022-03-05 21:00:00,199.45
2022-03-05 22:00:00,0.0
2022-03-05 23:00:00,0.0
2022-03-06 00:00:00,0.0
2022-03-06 01:00:00,0.0
2022-03-06 02:00:00,0.0
2022-03-06 03:00:00,0.0
2022-03-06 04:00:00,0.0
2022-03-06 05:00:00,0.0
2022-03-06 06:00:00,0.0
2022-03-06 07:00:00,0.0
2022-03-06 08:00:00,0.0
2022-03-06 09:00:00,0.0
2022-03-06 10:00:00,23.525001250000003
2022-03-06 11:00:00,220.72500250000002
2022-03-06 12:00:00,468.57500000000005
2022-03-06 13:00:00,728.85001
2022-03-06 14:00:00,926.1
2022-03-06 15:00:00,1052.475
2022-03-06 16:00:00,1101.15005
2022-03-06 17:00:00,1068.900025
2022-03-06 18:00:00,959.35
2022-03-06 19:00:00,784.025
2022-03-06 20:00:00,535.1250150000001
2022-03-06 21:00:00,180.25
2022-03-06 22:00:00,22.424999999999997
2022-03-06 23:00:00,0.0
2022-03-07 00:00:00,0.0
2022-03-07 01:00:00,0.0
2022-03-07 02:00:00,0.0
2022-03-07 03:00:00,0.0
2022-03-07 04:00:00,0.0
2022-03-07 05:00:00,0.0
2022-03-07 06:00:00,0.0
2022-03-07 07:00:00,0.0
2022-03-07 08:00:00,0.0
2022-03-07 09:00:00,0.0
2022-03-07 10:00:00,23.375001500000003
2022-03-07 11:00:00,230.375
2022-03-07 12:00:00,496.70000500000003
2022-03-07 13:00:00,737.3
2022-03-07 14:00:00,928.40002
2022-03-07 15:00:00,799.7750100000001
2022-03-07 16:00:00,970.225045
2022-03-07 17:00:00,686.9
2022-03-07 18:00:00,559.40002
2022-03-07 19:00:00,412.975
2022-03-07 20:00:00,264.1000025
2022-03-07 21:00:00,66.65
2022-03-07 22:00:00,0.0
2022-03-07 23:00:00,0.0
2022-03-08 00:00:00,0.0
2022-03-08 01:00:00,0.0
2022-03-08 02:00:00,0.0
2022-03-08 03:00:00,0.0
2022-03-08 04:00:00,0.0
2022-03-08 05:00:00,0.0
2022-03-08 06:00:00,0.0
2022-03-08 07:00:00,0.0
2022-03-08 08:00:00,0.0
2022-03-08 09:00:00,0.0
2022-03-08 10:00:00,17.350000075
2022-03-08 11:00:00,192.875
2022-03-08 12:00:00,399.0
2022-03-08 13:00:00,558.5250100000001
2022-03-08 14:00:00,692.35002
2022-03-08 15:00:00,918.4000249999999
2022-03-08 16:00:00,785.70001
2022-03-08 17:00:00,824.22502
2022-03-08 18:00:00,651.00001
2022-03-08 19:00:00,602.9750200000001
2022-03-08 20:00:00,441.42499999999995
2022-03-08 21:00:00,148.525005
2022-03-08 22:00:00,1.125
2022-03-08 23:00:00,0.0
2022-03-09 00:00:00,0.0
2022-03-09 01:00:00,0.0
2022-03-09 02:00:00,0.0
2022-03-09 03:00:00,0.0
2022-03-09 04:00:00,0.0
2022-03-09 05:00:00,0.0
2022-03-09 06:00:00,0.0
2022-03-09 07:00:00,0.0
2022-03-09 08:00:00,0.0
2022-03-09 09:00:00,0.0
2022-03-09 10:00:00,22.92500125
2022-03-09 11:00:00,230.57500249999998
2022-03-09 12:00:00,491.875
2022-03-09 13:00:00,732.3000099999999
2022-03-09 14:00:00,923.70002
2022-03-09 15:00:00,1051.025
2022-03-09 16:00:00,984.300025
2022-03-09 17:00:00,913.8499999999999
2022-03-09 18:00:00,724.5250100000001
2022-03-09 19:00:00,780.55001
2022-03-09 20:00:00,549.675025
2022-03-09 21:00:00,77.5
2022-03-09 22:00:00,7.15000025
2022-03-09 23:00:00,0.0
2022-03-10 00:00:00,0.0
2022-03-10 01:00:00,0.0
2022-03-10 02:00:00,0.0
2022-03-10 03:00:00,0.0
2022-03-10 04:00:00,0.0
2022-03-10 05:00:00,0.0
2022-03-10 06:00:00,0.0
2022-03-10 07:00:00,0.0
2022-03-10 08:00:00,0.0
2022-03-10 09:00:00,0.0
2022-03-10 10:00:00,22.6
2022-03-10 11:00:00,230.45000000000002
2022-03-10 12:00:00,488.77502000000004
2022-03-10 13:00:00,728.62501
2022-03-10 14:00:00,918.8000099999999
2022-03-10 15:00:00,1045.87501
2022-03-10 16:00:00,1095.500025
2022-03-10 17:00:00,1064.500025
2022-03-10 18:00:00,955.925
2022-03-10 19:00:00,777.5749999999999
2022-03-10 20:00:00,544.975
2022-03-10 21:00:00,146.45000249999998
2022-03-10 22:00:00,0.0
2022-03-10 23:00:00,0.0
2022-03-11 00:00:00,0.0
2022-03-11 01:00:00,0.0
2022-03-11 02:00:00,0.0
2022-03-11 03:00:00,0.0
2022-03-11 04:00:00,0.0
2022-03-11 05:00:00,0.0
2022-03-11 06:00:00,0.0
2022-03-11 07:00:00,0.0
2022-03-11 08:00:00,0.0
2022-03-11 09:00:00,0.0
2022-03-11 10:00:00,10.425
2022-03-11 11:00:00,199.0
2022-03-11 12:00:00,433.82500500000003
2022-03-11 13:00:00,627.875
2022-03-11 14:00:00,908.475
2022-03-11 15:00:00,1040.825
2022-03-11 16:00:00,1088.7
2022-03-11 17:00:00,687.35001
2022-03-11 18:00:00,740.10002
2022-03-11 19:00:00,716.67501
2022-03-11 20:00:00,469.15001
2022-03-11 21:00:00,110.00000250000001
2022-03-11 22:00:00,8.37500025
2022-03-11 23:00:00,0.0
2022-03-12 00:00:00,0.0
2022-03-12 01:00:00,0.0
2022-03-12 02:00:00,0.0
2022-03-12 03:00:00,0.0
2022-03-12 04:00:00,0.0
2022-03-12 05:00:00,0.0
2022-03-12 06:00:00,0.0
2022-03-12 07:00:00,0.0
2022-03-12 08:00:00,0.0
2022-03-12 09:00:00,0.0
2022-03-12 10:00:00,20.3
2022-03-12 11:00:00,226.32500499999998
2022-03-12 12:00:00,481.65
2022-03-12 13:00:00,727.32501
2022-03-12 14:00:00,935.10001
2022-03-12 15:00:00,1059.850025
2022-03-12 16:00:00,1106.6
2022-03-12 17:00:00,1070.7500249999998
2022-03-12 18:00:00,958.07501
2022-03-12 19:00:00,778.82502
2022-03-12 20:00:00,546.875
2022-03-12 21:00:00,283.20001
2022-03-12 22:00:00,45.575000075
2022-03-12 23:00:00,0.0
2022-03-13 00:00:00,0.0
2022-03-13 01:00:00,0.0
2022-03-13 02:00:00,0.0
2022-03-13 03:00:00,0.0
2022-03-13 04:00:00,0.0
2022-03-13 05:00:00,0.0
2022-03-13 06:00:00,0.0
2022-03-13 07:00:00,0.0
2022-03-13 08:00:00,0.0
2022-03-13 09:00:00,0.0
2022-03-13 10:00:00,21.4
2022-03-13 11:00:00,229.27500500000002
2022-03-13 12:00:00,493.625
2022-03-13 13:00:00,721.37501
2022-03-13 14:00:00,827.37501
2022-03-13 15:00:00,1046.800035
2022-03-13 16:00:00,1093.825025
2022-03-13 17:00:00,1059.0
2022-03-13 18:00:00,945.32502
2022-03-13 19:00:00,687.325
2022-03-13 20:00:00,271.525
2022-03-13 21:00:00,148.35
2022-03-13 22:00:00,42.3
2022-03-13 23:00:00,0.0
2022-03-14 00:00:00,0.0
2022-03-14 01:00:00,0.0
2022-03-14 02:00:00,0.0
2022-03-14 03:00:00,0.0
2022-03-14 04:00:00,0.0
2022-03-14 05:00:00,0.0
2022-03-14 06:00:00,0.0
2022-03-14 07:00:00,0.0
2022-03-14 08:00:00,0.0
2022-03-14 09:00:00,0.0
2022-03-14 10:00:00,20.825
2022-03-14 11:00:00,199.475
2022-03-14 12:00:00,446.125
2022-03-14 13:00:00,700.8
2022-03-14 14:00:00,920.37501
2022-03-14 15:00:00,1043.975035
2022-03-14 16:00:00,1089.6000250000002
2022-03-14 17:00:00,879.925
2022-03-14 18:00:00,649.45002
2022-03-14 19:00:00,702.925
2022-03-14 20:00:00,434.700005
2022-03-14 21:00:00,134.92499999999998
2022-03-14 22:00:00,0.0
2022-03-14 23:00:00,0.0
2022-03-15 00:00:00,0.0
2022-03-15 01:00:00,0.0
2022-03-15 02:00:00,0.0
2022-03-15 03:00:00,0.0
2022-03-15 04:00:00,0.0
2022-03-15 05:00:00,0.0
2022-03-15 06:00:00,0.0
2022-03-15 07:00:00,0.0
2022-03-15 08:00:00,0.0
2022-03-15 09:00:00,0.0
2022-03-15 10:00:00,15.275
2022-03-15 11:00:00,226.70000125
2022-03-15 12:00:00,494.325015
2022-03-15 13:00:00,738.175
2022-03-15 14:00:00,930.00001
2022-03-15 15:00:00,1048.850025
2022-03-15 16:00:00,1090.925
2022-03-15 17:00:00,1056.075
2022-03-15 18:00:00,944.4000100000001
2022-03-15 19:00:00,764.325
2022-03-15 20:00:00,507.45000500000003
2022-03-15 21:00:00,102.8750025
2022-03-15 22:00:00,0.0
2022-03-15 23:00:00,0.0
2022-03-16 00:00:00,0.0
2022-03-16 01:00:00,0.0
2022-03-16 02:00:00,0.0
2022-03-16 03:00:00,0.0
2022-03-16 04:00:00,0.0
2022-03-16 05:00:00,0.0
2022-03-16 06:00:00,0.0
2022-03-16 07:00:00,0.0
2022-03-16 08:00:00,0.0
2022-03-16 09:00:00,0.0
2022-03-16 10:00:00,16.875000025
2022-03-16 11:00:00,223.3750025
2022-03-16 12:00:00,484.60001
2022-03-16 13:00:00,724.35
2022-03-16 14:00:00,900.12501
2022-03-16 15:00:00,1037.1
2022-03-16 16:00:00,1082.30005
2022-03-16 17:00:00,1047.6
2022-03-16 18:00:00,928.67501
2022-03-16 19:00:00,752.42501
2022-03-16 20:00:00,470.80001000000004
2022-03-16 21:00:00,201.47500250000002
2022-03-16 22:00:00,31.850001250000002
2022-03-16 23:00:00,0.0
2022-03-17 00:00:00,0.0
2022-03-17 01:00:00,0.0
2022-03-17 02:00:00,0.0
2022-03-17 03:00:00,0.0
2022-03-17 04:00:00,0.0
2022-03-17 05:00:00,0.0
2022-03-17 06:00:00,0.0
2022-03-17 07:00:00,0.0
2022-03-17 08:00:00,0.0
2022-03-17 09:00:00,0.0
2022-03-17 10:00:00,16.400000025
2022-03-17 11:00:00,222.85000250000002
2022-03-17 12:00:00,479.600005
2022-03-17 13:00:00,722.325
2022-03-17 14:00:00,916.25003
2022-03-17 15:00:00,1041.175
2022-03-17 16:00:00,1088.350025
2022-03-17 17:00:00,1054.775025
2022-03-17 18:00:00,941.575
2022-03-17 19:00:00,763.275
2022-03-17 20:00:00,526.72501
2022-03-17 21:00:00,255.6
2022-03-17 22:00:00,31.400001250000003
2022-03-17 23:00:00,0.0
2022-03-18 00:00:00,0.0
2022-03-18 01:00:00,0.0
2022-03-18 02:00:00,0.0
2022-03-18 03:00:00,0.0
2022-03-18 04:00:00,0.0
2022-03-18 05:00:00,0.0
2022-03-18 06:00:00,0.0
2022-03-18 07:00:00,0.0
2022-03-18 08:00:00,0.0
2022-03-18 09:00:00,0.0
2022-03-18 10:00:00,17.65
2022-03-18 11:00:00,221.65000625
2022-03-18 12:00:00,494.125
2022-03-18 13:00:00,739.12502
2022-03-18 14:00:00,931.0749999999999
2022-03-18 15:00:00,1054.5250099999998
2022-03-18 16:00:00,1100.8
2022-03-18 17:00:00,1064.400025
2022-03-18 18:00:00,946.80002
2022-03-18 19:00:00,759.425
2022-03-18 20:00:00,519.37501
2022-03-18 21:00:00,251.6500025
2022-03-18 22:00:00,22.225
2022-03-18 23:00:00,0.0
2022-03-19 00:00:00,0.0
2022-03-19 01:00:00,0.0
2022-03-19 02:00:00,0.0
2022-03-19 03:00:00,0.0
2022-03-19 04:00:00,0.0
2022-03-19 05:00:00,0.0
2022-03-19 06:00:00,0.0
2022-03-19 07:00:00,0.0
2022-03-19 08:00:00,0.0
2022-03-19 09:00:00,0.0
2022-03-19 10:00:00,13.075
2022-03-19 11:00:00,162.62500625
2022-03-19 12:00:00,406.15001
2022-03-19 13:00:00,672.175
2022-03-19 14:00:00,803.65
2022-03-19 15:00:00,965.9
2022-03-19 16:00:00,1043.875025
2022-03-19 17:00:00,1018.300045
2022-03-19 18:00:00,907.87501
2022-03-19 19:00:00,709.67501
2022-03-19 20:00:00,348.87501
2022-03-19 21:00:00,154.2000025
2022-03-19 22:00:00,20.9
2022-03-19 23:00:00,0.0
2022-03-20 00:00:00,0.0
2022-03-20 01:00:00,0.0
2022-03-20 02:00:00,0.0
2022-03-20 03:00:00,0.0
2022-03-20 04:00:00,0.0
2022-03-20 05:00:00,0.0
2022-03-20 06:00:00,0.0
2022-03-20 07:00:00,0.0
2022-03-20 08:00:00,0.0
2022-03-20 09:00:00,0.0
2022-03-20 10:00:00,10.45
2022-03-20 11:00:00,173.40000250000003
2022-03-20 12:00:00,419.87501
2022-03-20 13:00:00,508.35001
2022-03-20 14:00:00,800.1666666666666
2022-03-20 15:00:00,966.475
2022-03-20 16:00:00,1040.850025
2022-03-20 17:00:00,1017.10001
2022-03-20 18:00:00,903.4000100000001
2022-03-20 19:00:00,724.60002
2022-03-20 20:00:00,352.475005
2022-03-20 21:00:00,109.6250025
2022-03-20 22:00:00,0.0
2022-03-20 23:00:00,0.0
2022-03-21 00:00:00,0.0
2022-03-21 01:00:00,0.0
2022-03-21 02:00:00,0.0
2022-03-21 03:00:00,0.0
2022-03-21 04:00:00,0.0
2022-03-21 05:00:00,0.0
2022-03-21 06:00:00,0.0
2022-03-21 07:00:00,0.0
2022-03-21 08:00:00,0.0
2022-03-21 09:00:00,0.0
2022-03-21 10:00:00,14.475
2022-03-21 11:00:00,168.5
2022-03-21 12:00:00,355.42501
2022-03-21 13:00:00,616.225
2022-03-21 14:00:00,872.45002
2022-03-21 15:00:00,1009.15
2022-03-21 16:00:00,1051.7
2022-03-21 17:00:00,1014.8750249999999
2022-03-21 18:00:00,900.1
2022-03-21 19:00:00,720.8500200000001
2022-03-21 20:00:00,484.700015
2022-03-21 21:00:00,122.9750075
2022-03-21 22:00:00,0.0
2022-03-21 23:00:00,0.0
2022-03-22 00:00:00,0.0
2022-03-22 01:00:00,0.0
2022-03-22 02:00:00,0.0
2022-03-22 03:00:00,0.0
2022-03-22 04:00:00,0.0
2022-03-22 05:00:00,0.0
2022-03-22 06:00:00,0.0
2022-03-22 07:00:00,0.0
2022-03-22 08:00:00,0.0
2022-03-22 09:00:00,0.0
2022-03-22 10:00:00,14.549999999999999
2022-03-22 11:00:00,201.35000000000002
2022-03-22 12:00:00,464.27501
2022-03-22 13:00:00,701.07502
2022-03-22 14:00:00,887.87502
2022-03-22 15:00:00,1009.525
2022-03-22 16:00:00,1054.475
2022-03-22 17:00:00,1018.925025
2022-03-22 18:00:00,903.62502
2022-03-22 19:00:00,722.425
2022-03-22 20:00:00,488.72501
2022-03-22 21:00:00,194.200005
2022-03-22 22:00:00,5.05
2022-03-22 23:00:00,0.0
2022-03-23 00:00:00,0.0
2022-03-23 01:00:00,0.0
2022-03-23 02:00:00,0.0
2022-03-23 03:00:00,0.0
2022-03-23 04:00:00,0.0
2022-03-23 05:00:00,0.0
2022-03-23 06:00:00,0.0
2022-03-23 07:00:00,0.0
2022-03-23 08:00:00,0.0
2022-03-23 09:00:00,0.0
2022-03-23 10:00:00,12.8
2022-03-23 11:00:00,206.875
2022-03-23 12:00:00,468.0
2022-03-23 13:00:00,710.775
2022-03-23 14:00:00,903.25
2022-03-23 15:00:00,1026.575045
2022-03-23 16:00:00,1065.95
2022-03-23 17:00:00,1028.2750350000001
2022-03-23 18:00:00,918.1500100000001
2022-03-23 19:00:00,737.725
2022-03-23 20:00:00,499.25
2022-03-23 21:00:00,228.975
2022-03-23 22:00:00,21.900001250000003
2022-03-23 23:00:00,0.0
2022-03-24 00:00:00,0.0
2022-03-24 01:00:00,0.0
2022-03-24 02:00:00,0.0
2022-03-24 03:00:00,0.0
2022-03-24 04:00:00,0.0
2022-03-24 05:00:00,0.0
2022-03-24 06:00:00,0.0
2022-03-24 07:00:00,0.0
2022-03-24 08:00:00,0.0
2022-03-24 09:00:00,0.0
2022-03-24 10:00:00,15.200000000000001
2022-03-24 11:00:00,214.925
2022-03-24 12:00:00,488.625
2022-03-24 13:00:00,724.25
2022-03-24 14:00:00,913.7249999999999
2022-03-24 15:00:00,1034.475025
2022-03-24 16:00:00,1076.625075
2022-03-24 17:00:00,1036.05005
2022-03-24 18:00:00,918.275
2022-03-24 19:00:00,736.0
2022-03-24 20:00:00,498.17501000000004
2022-03-24 21:00:00,228.9000025
2022-03-24 22:00:00,21.375
2022-03-24 23:00:00,0.0
2022-03-25 00:00:00,0.0
2022-03-25 01:00:00,0.0
2022-03-25 02:00:00,0.0
2022-03-25 03:00:00,0.0
2022-03-25 04:00:00,0.0
2022-03-25 05:00:00,0.0
2022-03-25 06:00:00,0.0
2022-03-25 07:00:00,0.0
2022-03-25 08:00:00,0.0
2022-03-25 09:00:00,0.0
2022-03-25 10:00:00,9.375
2022-03-25 11:00:00,142.825
2022-03-25 12:00:00,407.4
2022-03-25 13:00:00,660.15
2022-03-25 14:00:00,856.95
2022-03-25 15:00:00,1007.2750100000001
2022-03-25 16:00:00,1050.325
2022-03-25 17:00:00,1011.925025
2022-03-25 18:00:00,893.925
2022-03-25 19:00:00,664.2750100000001
2022-03-25 20:00:00,379.550005
2022-03-25 21:00:00,173.625
2022-03-25 22:00:00,17.5
2022-03-25 23:00:00,0.0
2022-03-26 00:00:00,0.0
2022-03-26 01:00:00,0.0
2022-03-26 02:00:00,0.0
2022-03-26 03:00:00,0.0
2022-03-26 04:00:00,0.0
2022-03-26 05:00:00,0.0
2022-03-26 06:00:00,0.0
2022-03-26 07:00:00,0.0
2022-03-26 08:00:00,0.0
2022-03-26 09:00:00,0.0
2022-03-26 10:00:00,10.95
2022-03-26 11:00:00,168.675
2022-03-26 12:00:00,441.525005
2022-03-26 13:00:00,692.5500099999999
2022-03-26 14:00:00,882.65
2022-03-26 15:00:00,1011.7000350000001
2022-03-26 16:00:00,1055.750025
2022-03-26 17:00:00,1018.175
2022-03-26 18:00:00,903.05
2022-03-26 19:00:00,718.20001
2022-03-26 20:00:00,480.17501500000003
2022-03-26 21:00:00,209.925
2022-03-26 22:00:00,16.525
2022-03-26 23:00:00,0.0
2022-03-27 00:00:00,0.0
2022-03-27 01:00:00,0.0
2022-03-27 02:00:00,0.0
2022-03-27 03:00:00,0.0
2022-03-27 04:00:00,0.0
2022-03-27 05:00:00,0.0
2022-03-27 06:00:00,0.0
2022-03-27 07:00:00,0.0
2022-03-27 08:00:00,0.0
2022-03-27 09:00:00,0.0
2022-03-27 10:00:00,11.95
2022-03-27 11:00:00,193.300005
2022-03-27 12:00:00,466.625015
2022-03-27 13:00:00,703.85
2022-03-27 14:00:00,890.275
2022-03-27 15:00:00,1010.025035
2022-03-27 16:00:00,1053.150025
2022-03-27 17:00:00,1014.4
2022-03-27 18:00:00,896.825
2022-03-27 19:00:00,712.20002
2022-03-27 20:00:00,476.52501
2022-03-27 21:00:00,217.15000625000002
2022-03-27 22:00:00,17.35
2022-03-27 23:00:00,0.0
2022-03-28 00:00:00,0.0
2022-03-28 01:00:00,0.0
2022-03-28 02:00:00,0.0
2022-03-28 03:00:00,0.0
2022-03-28 04:00:00,0.0
2022-03-28 05:00:00,0.0
2022-03-28 06:00:00,0.0
2022-03-28 07:00:00,0.0
2022-03-28 08:00:00,0.0
2022-03-28 09:00:00,0.0
2022-03-28 10:00:00,13.424999999999999
2022-03-28 11:00:00,207.02499999999998
2022-03-28 12:00:00,477.17499999999995
2022-03-28 13:00:00,717.07501
2022-03-28 14:00:00,905.4250099999999
2022-03-28 15:00:00,1026.57501
2022-03-28 16:00:00,1069.75
2022-03-28 17:00:00,1030.15001
2022-03-28 18:00:00,911.7250200000001
2022-03-28 19:00:00,726.9250099999999
2022-03-28 20:00:00,488.975005
2022-03-28 21:00:00,221.20000125
2022-03-28 22:00:00,16.625
2022-03-28 23:00:00,0.0
2022-03-29 00:00:00,0.0
2022-03-29 01:00:00,0.0
2022-03-29 02:00:00,0.0
2022-03-29 03:00:00,0.0
2022-03-29 04:00:00,0.0
2022-03-29 05:00:00,0.0
2022-03-29 06:00:00,0.0
2022-03-29 07:00:00,0.0
2022-03-29 08:00:00,0.0
2022-03-29 09:00:00,0.0
2022-03-29 10:00:00,12.924999999999999
2022-03-29 11:00:00,204.125
2022-03-29 12:00:00,474.850005
2022-03-29 13:00:00,714.325
2022-03-29 14:00:00,901.62501
2022-03-29 15:00:00,1020.65
2022-03-29 16:00:00,1063.8333333333333
2022-03-29 17:00:00,1024.52501
2022-03-29 18:00:00,906.775
2022-03-29 19:00:00,721.2750100000001
2022-03-29 20:00:00,484.50001
2022-03-29 21:00:00,217.0500025
2022-03-29 22:00:00,15.050000500000001
2022-03-29 23:00:00,0.0
2022-03-30 00:00:00,0.0
2022-03-30 01:00:00,0.0
2022-03-30 02:00:00,0.0
2022-03-30 03:00:00,0.0
2022-03-30 04:00:00,0.0
2022-03-30 05:00:00,0.0
2022-03-30 06:00:00,0.0
2022-03-30 07:00:00,0.0
2022-03-30 08:00:00,0.0
2022-03-30 09:00:00,0.0
2022-03-30 10:00:00,12.075000025
2022-03-30 11:00:00,195.7750025
2022-03-30 12:00:00,458.000015
2022-03-30 13:00:00,689.8000099999999
2022-03-30 14:00:00,873.0999999999999
2022-03-30 15:00:00,990.9250099999999
2022-03-30 16:00:00,1031.375025
2022-03-30 17:00:00,991.525
2022-03-30 18:00:00,875.125
2022-03-30 19:00:00,693.9000100000001
2022-03-30 20:00:00,461.8
2022-03-30 21:00:00,203.75
2022-03-30 22:00:00,13.075
2022-03-30 23:00:00,0.0
2022-03-31 00:00:00,0.0
2022-03-31 01:00:00,0.0
2022-03-31 02:00:00,0.0
2022-03-31 03:00:00,0.0
2022-03-31 04:00:00,0.0
2022-03-31 05:00:00,0.0
2022-03-31 06:00:00,0.0
2022-03-31 07:00:00,0.0
2022-03-31 08:00:00,0.0
2022-03-31 09:00:00,0.0
2022-03-31 10:00:00,11.0
2022-03-31 11:00:00,184.4000025
2022-03-31 12:00:00,454.92499999999995
2022-03-31 13:00:00,693.775
2022-03-31 14:00:00,880.05
2022-03-31 15:00:00,1001.5500099999999
2022-03-31 16:00:00,1042.0
2022-03-31 17:00:00,999.025
2022-03-31 18:00:00,877.85
2022-03-31 19:00:00,690.725
2022-03-31 20:00:00,454.575
2022-03-31 21:00:00,193.4750025
2022-03-31 22:00:00,11.025000024999999
2022-03-31 23:00:00,0.0
2022-04-01 00:00:00,0.0
2022-04-01 01:00:00,0.0
2022-04-01 02:00:00,0.0
2022-04-01 03:00:00,0.0
2022-04-01 04:00:00,0.0
2022-04-01 05:00:00,0.0
2022-04-01 06:00:00,0.0
2022-04-01 07:00:00,0.0
2022-04-01 08:00:00,0.0
2022-04-01 09:00:00,0.0
2022-04-01 10:00:00,10.049999999999999
2022-04-01 11:00:00,153.975005
2022-04-01 12:00:00,360.950005
2022-04-01 13:00:00,529.35001
2022-04-01 14:00:00,842.22501
2022-04-01 15:00:00,989.6500100000001
2022-04-01 16:00:00,1029.150025
2022-04-01 17:00:00,987.20001
2022-04-01 18:00:00,869.85002
2022-04-01 19:00:00,686.6999999999999
2022-04-01 20:00:00,452.925
2022-04-01 21:00:00,193.025
2022-04-01 22:00:00,10.225
2022-04-01 23:00:00,0.0
2022-04-02 00:00:00,0.0
2022-04-02 01:00:00,0.0
2022-04-02 02:00:00,0.0
2022-04-02 03:00:00,0.0
2022-04-02 04:00:00,0.0
2022-04-02 05:00:00,0.0
2022-04-02 06:00:00,0.0
2022-04-02 07:00:00,0.0
2022-04-02 08:00:00,0.0
2022-04-02 09:00:00,0.0
2022-04-02 10:00:00,9.95
2022-04-02 11:00:00,190.7
2022-04-02 12:00:00,446.25
2022-04-02 13:00:00,679.65
2022-04-02 14:00:00,861.65
2022-04-02 15:00:00,977.5500099999999
2022-04-02 16:00:00,1016.20001
2022-04-02 17:00:00,978.575
2022-04-02 18:00:00,866.92501
2022-04-02 19:00:00,684.4499999999999
2022-04-02 20:00:00,389.475005
2022-04-02 21:00:00,91.87500025
2022-04-02 22:00:00,0.0
2022-04-02 23:00:00,0.0
2022-04-03 00:00:00,0.0
2022-04-03 01:00:00,0.0
2022-04-03 02:00:00,0.0
2022-04-03 03:00:00,0.0
2022-04-03 04:00:00,0.0
2022-04-03 05:00:00,0.0
2022-04-03 06:00:00,0.0
2022-04-03 07:00:00,0.0
2022-04-03 08:00:00,0.0
2022-04-03 09:00:00,0.0
2022-04-03 10:00:00,10.35
2022-04-03 11:00:00,199.52500375
2022-04-03 12:00:00,468.35
2022-04-03 13:00:00,709.52502
2022-04-03 14:00:00,897.37502
2022-04-03 15:00:00,1016.150025
2022-04-03 16:00:00,1054.650025
2022-04-03 17:00:00,1008.05
2022-04-03 18:00:00,882.37501
2022-04-03 19:00:00,691.15002
2022-04-03 20:00:00,452.04999999999995
2022-04-03 21:00:00,188.07500249999998
2022-04-03 22:00:00,8.6500005
2022-04-03 23:00:00,0.0
2022-04-04 00:00:00,0.0
2022-04-04 01:00:00,0.0
2022-04-04 02:00:00,0.0
2022-04-04 03:00:00,0.0
2022-04-04 04:00:00,0.0
2022-04-04 05:00:00,0.0
2022-04-04 06:00:00,0.0
2022-04-04 07:00:00,0.0
2022-04-04 08:00:00,0.0
2022-04-04 09:00:00,0.0
2022-04-04 10:00:00,9.6
2022-04-04 11:00:00,188.75
2022-04-04 12:00:00,447.25
2022-04-04 13:00:00,679.75001
2022-04-04 14:00:00,860.925
2022-04-04 15:00:00,975.025
2022-04-04 16:00:00,1013.07502
2022-04-04 17:00:00,972.5
2022-04-04 18:00:00,853.925
2022-04-04 19:00:00,673.525
2022-04-04 20:00:00,411.5
2022-04-04 21:00:00,136.30000125
2022-04-04 22:00:00,7.975
2022-04-04 23:00:00,0.0
2022-04-05 00:00:00,0.0
2022-04-05 01:00:00,0.0
2022-04-05 02:00:00,0.0
2022-04-05 03:00:00,0.0
2022-04-05 04:00:00,0.0
2022-04-05 05:00:00,0.0
2022-04-05 06:00:00,0.0
2022-04-05 07:00:00,0.0
2022-04-05 08:00:00,0.0
2022-04-05 09:00:00,0.0
2022-04-05 10:00:00,9.1500005
2022-04-05 11:00:00,174.3
2022-04-05 12:00:00,431.5
2022-04-05 13:00:00,660.5250000000001
2022-04-05 14:00:00,839.70001
2022-04-05 15:00:00,952.70001
2022-04-05 16:00:00,990.42502
2022-04-05 17:00:00,949.575
2022-04-05 18:00:00,832.0
2022-04-05 19:00:00,649.32501
2022-04-05 20:00:00,292.62501000000003
2022-04-05 21:00:00,138.4000025
2022-04-05 22:00:00,0.0
2022-04-05 23:00:00,0.0
2022-04-06 00:00:00,0.0
2022-04-06 01:00:00,0.0
2022-04-06 02:00:00,0.0
2022-04-06 03:00:00,0.0
2022-04-06 04:00:00,0.0
2022-04-06 05:00:00,0.0
2022-04-06 06:00:00,0.0
2022-04-06 07:00:00,0.0
2022-04-06 08:00:00,0.0
2022-04-06 09:00:00,0.0
2022-04-06 10:00:00,8.2
2022-04-06 11:00:00,152.225
2022-04-06 12:00:00,414.6
2022-04-06 13:00:00,645.975
2022-04-06 14:00:00,824.325
2022-04-06 15:00:00,939.10001
2022-04-06 16:00:00,976.45001
2022-04-06 17:00:00,935.62501
2022-04-06 18:00:00,609.950015
2022-04-06 19:00:00,609.60001
2022-04-06 20:00:00,407.07500500000003
2022-04-06 21:00:00,59.825
2022-04-06 22:00:00,0.0
2022-04-06 23:00:00,0.0
2022-04-07 00:00:00,0.0
2022-04-07 01:00:00,0.0
2022-04-07 02:00:00,0.0
2022-04-07 03:00:00,0.0
2022-04-07 04:00:00,0.0
2022-04-07 05:00:00,0.0
2022-04-07 06:00:00,0.0
2022-04-07 07:00:00,0.0
2022-04-07 08:00:00,0.0
2022-04-07 09:00:00,0.0
2022-04-07 10:00:00,6.525
2022-04-07 11:00:00,150.725005
2022-04-07 12:00:00,419.575
2022-04-07 13:00:00,658.57501
2022-04-07 14:00:00,839.70003
2022-04-07 15:00:00,957.12501
2022-04-07 16:00:00,992.80001
2022-04-07 17:00:00,948.55001
2022-04-07 18:00:00,750.075
2022-04-07 19:00:00,604.5000266666667
2022-04-07 20:00:00,413.1
2022-04-07 21:00:00,160.175
2022-04-07 22:00:00,5.1
2022-04-07 23:00:00,0.0
2022-04-08 00:00:00,0.0
2022-04-08 01:00:00,0.0
2022-04-08 02:00:00,0.0
2022-04-08 03:00:00,0.0
2022-04-08 04:00:00,0.0
2022-04-08 05:00:00,0.0
2022-04-08 06:00:00,0.0
2022-04-08 07:00:00,0.0
2022-04-08 08:00:00,0.0
2022-04-08 09:00:00,0.0
2022-04-08 10:00:00,7.975
2022-04-08 11:00:00,168.15000375
2022-04-08 12:00:00,404.225
2022-04-08 13:00:00,648.35
2022-04-08 14:00:00,838.9750200000001
2022-04-08 15:00:00,909.175
2022-04-08 16:00:00,938.97501
2022-04-08 17:00:00,951.55
2022-04-08 18:00:00,839.3500200000001
2022-04-08 19:00:00,661.125
2022-04-08 20:00:00,426.750015
2022-04-08 21:00:00,166.875
2022-04-08 22:00:00,5.125
2022-04-08 23:00:00,0.0
2022-04-09 00:00:00,0.0
2022-04-09 01:00:00,0.0
2022-04-09 02:00:00,0.0
2022-04-09 03:00:00,0.0
2022-04-09 04:00:00,0.0
2022-04-09 05:00:00,0.0
2022-04-09 06:00:00,0.0
2022-04-09 07:00:00,0.0
2022-04-09 08:00:00,0.0
2022-04-09 09:00:00,0.0
2022-04-09 10:00:00,7.675
2022-04-09 11:00:00,173.025
2022-04-09 12:00:00,413.34999999999997
2022-04-09 13:00:00,661.25
2022-04-09 14:00:00,841.6
2022-04-09 15:00:00,957.77502
2022-04-09 16:00:00,996.9750200000001
2022-04-09 17:00:00,958.72501
2022-04-09 18:00:00,843.7750100000001
2022-04-09 19:00:00,662.4250099999999
2022-04-09 20:00:00,426.04999999999995
2022-04-09 21:00:00,166.4500025
2022-04-09 22:00:00,0.0
2022-04-09 23:00:00,0.0
2022-04-10 00:00:00,0.0
2022-04-10 01:00:00,0.0
2022-04-10 02:00:00,0.0
2022-04-10 03:00:00,0.0
2022-04-10 04:00:00,0.0
2022-04-10 05:00:00,0.0
2022-04-10 06:00:00,0.0
2022-04-10 07:00:00,0.0
2022-04-10 08:00:00,0.0
2022-04-10 09:00:00,0.0
2022-04-10 10:00:00,8.0
2022-04-10 11:00:00,182.625005
2022-04-10 12:00:00,443.775
2022-04-10 13:00:00,679.875
2022-04-10 14:00:00,864.30001
2022-04-10 15:00:00,979.95001
2022-04-10 16:00:00,1014.55001
2022-04-10 17:00:00,968.60001
2022-04-10 18:00:00,845.82501
2022-04-10 19:00:00,657.42501
2022-04-10 20:00:00,400.70000500000003
2022-04-10 21:00:00,32.4
2022-04-10 22:00:00,0.0
2022-04-10 23:00:00,0.0
2022-04-11 00:00:00,0.0
2022-04-11 01:00:00,0.0
2022-04-11 02:00:00,0.0
2022-04-11 03:00:00,0.0
2022-04-11 04:00:00,0.0
2022-04-11 05:00:00,0.0
2022-04-11 06:00:00,0.0
2022-04-11 07:00:00,0.0
2022-04-11 08:00:00,0.0
2022-04-11 09:00:00,0.0
2022-04-11 10:00:00,8.4000005
2022-04-11 11:00:00,191.20000124999999
2022-04-11 12:00:00,458.225
2022-04-11 13:00:00,696.1
2022-04-11 14:00:00,879.425
2022-04-11 15:00:00,992.00002
2022-04-11 16:00:00,1024.075
2022-04-11 17:00:00,974.10001
2022-04-11 18:00:00,851.90001
2022-04-11 19:00:00,666.95
2022-04-11 20:00:00,425.175005
2022-04-11 21:00:00,160.6
2022-04-11 22:00:00,3.425
2022-04-11 23:00:00,0.0
2022-04-12 00:00:00,0.0
2022-04-12 01:00:00,0.0
2022-04-12 02:00:00,0.0
2022-04-12 03:00:00,0.0
2022-04-12 04:00:00,0.0
2022-04-12 05:00:00,0.0
2022-04-12 06:00:00,0.0
2022-04-12 07:00:00,0.0
2022-04-12 08:00:00,0.0
2022-04-12 09:00:00,0.0
2022-04-12 10:00:00,8.0
2022-04-12 11:00:00,186.25
2022-04-12 12:00:00,451.29999999999995
2022-04-12 13:00:00,687.15
2022-04-12 14:00:00,870.70001
2022-04-12 15:00:00,985.025
2022-04-12 16:00:00,1016.12502
2022-04-12 17:00:00,972.4250099999999
2022-04-12 18:00:00,853.1500100000001
2022-04-12 19:00:00,659.1000200000001
2022-04-12 20:00:00,418.65000499999996
2022-04-12 21:00:00,136.6
2022-04-12 22:00:00,2.875
2022-04-12 23:00:00,0.0
2022-04-13 00:00:00,0.0
2022-04-13 01:00:00,0.0
2022-04-13 02:00:00,0.0
2022-04-13 03:00:00,0.0
2022-04-13 04:00:00,0.0
2022-04-13 05:00:00,0.0
2022-04-13 06:00:00,0.0
2022-04-13 07:00:00,0.0
2022-04-13 08:00:00,0.0
2022-04-13 09:00:00,0.0
2022-04-13 10:00:00,7.75
2022-04-13 11:00:00,185.525
2022-04-13 12:00:00,445.85001
2022-04-13 13:00:00,680.60001
2022-04-13 14:00:00,864.77502
2022-04-13 15:00:00,981.725
2022-04-13 16:00:00,1017.37501
2022-04-13 17:00:00,968.65
2022-04-13 18:00:00,845.125
2022-04-13 19:00:00,656.0250100000001
2022-04-13 20:00:00,416.42499999999995
2022-04-13 21:00:00,154.57500375
2022-04-13 22:00:00,2.275
2022-04-13 23:00:00,0.0
2022-04-14 00:00:00,0.0
2022-04-14 01:00:00,0.0
2022-04-14 02:00:00,0.0
2022-04-14 03:00:00,0.0
2022-04-14 04:00:00,0.0
2022-04-14 05:00:00,0.0
2022-04-14 06:00:00,0.0
2022-04-14 07:00:00,0.0
2022-04-14 08:00:00,0.0
2022-04-14 09:00:00,0.0
2022-04-14 10:00:00,7.07500025
2022-04-14 11:00:00,175.65000375
2022-04-14 12:00:00,427.875
2022-04-14 13:00:00,646.15
2022-04-14 14:00:00,825.4750200000001
2022-04-14 15:00:00,943.67501
2022-04-14 16:00:00,978.625
2022-04-14 17:00:00,937.62501
2022-04-14 18:00:00,819.5250100000001
2022-04-14 19:00:00,631.075
2022-04-14 20:00:00,395.725005
2022-04-14 21:00:00,145.025
2022-04-14 22:00:00,1.675000075
2022-04-14 23:00:00,0.0
2022-04-15 00:00:00,0.0
2022-04-15 01:00:00,0.0
2022-04-15 02:00:00,0.0
2022-04-15 03:00:00,0.0
2022-04-15 04:00:00,0.0
2022-04-15 05:00:00,0.0
2022-04-15 06:00:00,0.0
2022-04-15 07:00:00,0.0
2022-04-15 08:00:00,0.0
2022-04-15 09:00:00,0.0
2022-04-15 10:00:00,6.875
2022-04-15 11:00:00,176.8000025
2022-04-15 12:00:00,434.15001500000005
2022-04-15 13:00:00,664.37501
2022-04-15 14:00:00,842.10001
2022-04-15 15:00:00,951.1999999999999
2022-04-15 16:00:00,984.82501
2022-04-15 17:00:00,946.97501
2022-04-15 18:00:00,835.225
2022-04-15 19:00:00,647.10001
2022-04-15 20:00:00,407.350005
2022-04-15 21:00:00,147.42499999999998
2022-04-15 22:00:00,1.275
2022-04-15 23:00:00,0.0
2022-04-16 00:00:00,0.0
2022-04-16 01:00:00,0.0
2022-04-16 02:00:00,0.0
2022-04-16 03:00:00,0.0
2022-04-16 04:00:00,0.0
2022-04-16 05:00:00,0.0
2022-04-16 06:00:00,0.0
2022-04-16 07:00:00,0.0
2022-04-16 08:00:00,0.0
2022-04-16 09:00:00,0.0
2022-04-16 10:00:00,6.725
2022-04-16 11:00:00,177.1250025
2022-04-16 12:00:00,433.5
2022-04-16 13:00:00,663.15
2022-04-16 14:00:00,841.00001
2022-04-16 15:00:00,950.47502
2022-04-16 16:00:00,984.1
2022-04-16 17:00:00,940.50001
2022-04-16 18:00:00,825.25001
2022-04-16 19:00:00,644.95001
2022-04-16 20:00:00,403.32500500000003
2022-04-16 21:00:00,142.000003
2022-04-16 22:00:00,0.775000025
2022-04-16 23:00:00,0.0
2022-04-17 00:00:00,0.0
2022-04-17 01:00:00,0.0
2022-04-17 02:00:00,0.0
2022-04-17 03:00:00,0.0
2022-04-17 04:00:00,0.0
2022-04-17 05:00:00,0.0
2022-04-17 06:00:00,0.0
2022-04-17 07:00:00,0.0
2022-04-17 08:00:00,0.0
2022-04-17 09:00:00,0.0
2022-04-17 10:00:00,6.35
2022-04-17 11:00:00,155.8
2022-04-17 12:00:00,385.900005
2022-04-17 13:00:00,655.20001
2022-04-17 14:00:00,831.9
2022-04-17 15:00:00,942.025
2022-04-17 16:00:00,974.8
2022-04-17 17:00:00,928.12501
2022-04-17 18:00:00,807.22501
2022-04-17 19:00:00,621.52502
2022-04-17 20:00:00,388.8
2022-04-17 21:00:00,135.925
2022-04-17 22:00:00,0.35
2022-04-17 23:00:00,0.0
2022-04-18 00:00:00,0.0
2022-04-18 01:00:00,0.0
2022-04-18 02:00:00,0.0
2022-04-18 03:00:00,0.0
2022-04-18 04:00:00,0.0
2022-04-18 05:00:00,0.0
2022-04-18 06:00:00,0.0
2022-04-18 07:00:00,0.0
2022-04-18 08:00:00,0.0
2022-04-18 09:00:00,0.0
2022-04-18 10:00:00,6.07500025
2022-04-18 11:00:00,171.35
2022-04-18 12:00:00,421.85
2022-04-18 13:00:00,648.175
2022-04-18 14:00:00,823.60001
2022-04-18 15:00:00,933.92501
2022-04-18 16:00:00,969.22501
2022-04-18 17:00:00,923.97501
2022-04-18 18:00:00,801.25
2022-04-18 19:00:00,614.75001
2022-04-18 20:00:00,381.350005
2022-04-18 21:00:00,130.0000025
2022-04-18 22:00:00,0.0
2022-04-18 23:00:00,0.0
2022-04-19 00:00:00,0.0
2022-04-19 01:00:00,0.0
2022-04-19 02:00:00,0.0
2022-04-19 03:00:00,0.0
2022-04-19 04:00:00,0.0
2022-04-19 05:00:00,0.0
2022-04-19 06:00:00,0.0
2022-04-19 07:00:00,0.0
2022-04-19 08:00:00,0.0
2022-04-19 09:00:00,0.0
2022-04-19 10:00:00,5.725
2022-04-19 11:00:00,170.4
2022-04-19 12:00:00,424.925005
2022-04-19 13:00:00,653.975
2022-04-19 14:00:00,830.525
2022-04-19 15:00:00,938.175
2022-04-19 16:00:00,968.475
2022-04-19 17:00:00,922.25001
2022-04-19 18:00:00,803.875
2022-04-19 19:00:00,619.6
2022-04-19 20:00:00,383.525
2022-04-19 21:00:00,102.8
2022-04-19 22:00:00,0.0
2022-04-19 23:00:00,0.0
2022-04-20 00:00:00,0.0
2022-04-20 01:00:00,0.0
2022-04-20 02:00:00,0.0
2022-04-20 03:00:00,0.0
2022-04-20 04:00:00,0.0
2022-04-20 05:00:00,0.0
2022-04-20 06:00:00,0.0
2022-04-20 07:00:00,0.0
2022-04-20 08:00:00,0.0
2022-04-20 09:00:00,0.0
2022-04-20 10:00:00,5.525
2022-04-20 11:00:00,170.825
2022-04-20 12:00:00,424.725005
2022-04-20 13:00:00,654.9
2022-04-20 14:00:00,832.25001
2022-04-20 15:00:00,940.95
2022-04-20 16:00:00,971.45
2022-04-20 17:00:00,920.2
2022-04-20 18:00:00,796.525
2022-04-20 19:00:00,612.15
2022-04-20 20:00:00,376.475
2022-04-20 21:00:00,122.3
2022-04-20 22:00:00,0.0
2022-04-20 23:00:00,0.0
2022-04-21 00:00:00,0.0
2022-04-21 01:00:00,0.0
2022-04-21 02:00:00,0.0
2022-04-21 03:00:00,0.0
2022-04-21 04:00:00,0.0
2022-04-21 05:00:00,0.0
2022-04-21 06:00:00,0.0
2022-04-21 07:00:00,0.0
2022-04-21 08:00:00,0.0
2022-04-21 09:00:00,0.0
2022-04-21 10:00:00,3.97500025
2022-04-21 11:00:00,163.775
2022-04-21 12:00:00,414.975005
2022-04-21 13:00:00,642.35
2022-04-21 14:00:00,817.375
2022-04-21 15:00:00,922.5250100000001
2022-04-21 16:00:00,952.72501
2022-04-21 17:00:00,904.1
2022-04-21 18:00:00,781.3499999999999
2022-04-21 19:00:00,595.6
2022-04-21 20:00:00,362.925005
2022-04-21 21:00:00,80.025
2022-04-21 22:00:00,0.0
2022-04-21 23:00:00,0.0
2022-04-22 00:00:00,0.0
2022-04-22 01:00:00,0.0
2022-04-22 02:00:00,0.0
2022-04-22 03:00:00,0.0
2022-04-22 04:00:00,0.0
2022-04-22 05:00:00,0.0
2022-04-22 06:00:00,0.0
2022-04-22 07:00:00,0.0
2022-04-22 08:00:00,0.0
2022-04-22 09:00:00,0.0
2022-04-22 10:00:00,5.05
2022-04-22 11:00:00,169.525
2022-04-22 12:00:00,429.07500000000005
2022-04-22 13:00:00,659.8000099999999
2022-04-22 14:00:00,837.4
2022-04-22 15:00:00,947.0
2022-04-22 16:00:00,978.1500100000001
2022-04-22 17:00:00,926.7
2022-04-22 18:00:00,800.67501
2022-04-22 19:00:00,612.00002
2022-04-22 20:00:00,376.05001
2022-04-22 21:00:00,122.525003
2022-04-22 22:00:00,0.0
2022-04-22 23:00:00,0.0
2022-04-23 00:00:00,0.0
2022-04-23 01:00:00,0.0
2022-04-23 02:00:00,0.0
2022-04-23 03:00:00,0.0
2022-04-23 04:00:00,0.0
2022-04-23 05:00:00,0.0
2022-04-23 06:00:00,0.0
2022-04-23 07:00:00,0.0
2022-04-23 08:00:00,0.0
2022-04-23 09:00:00,0.0
2022-04-23 10:00:00,4.35
2022-04-23 11:00:00,157.875
2022-04-23 12:00:00,414.32500500000003
2022-04-23 13:00:00,640.35
2022-04-23 14:00:00,814.825
2022-04-23 15:00:00,924.925
2022-04-23 16:00:00,961.275
2022-04-23 17:00:00,917.475
2022-04-23 18:00:00,792.975
2022-04-23 19:00:00,604.925
2022-04-23 20:00:00,370.300005
2022-04-23 21:00:00,118.05
2022-04-23 22:00:00,0.0
2022-04-23 23:00:00,0.0
2022-04-24 00:00:00,0.0
2022-04-24 01:00:00,0.0
2022-04-24 02:00:00,0.0
2022-04-24 03:00:00,0.0
2022-04-24 04:00:00,0.0
2022-04-24 05:00:00,0.0
2022-04-24 06:00:00,0.0
2022-04-24 07:00:00,0.0
2022-04-24 08:00:00,0.0
2022-04-24 09:00:00,0.0
2022-04-24 10:00:00,4.25
2022-04-24 11:00:00,161.0750025
2022-04-24 12:00:00,414.300005
2022-04-24 13:00:00,639.85
2022-04-24 14:00:00,813.875
2022-04-24 15:00:00,921.20001
2022-04-24 16:00:00,955.775
2022-04-24 17:00:00,912.10001
2022-04-24 18:00:00,788.00001
2022-04-24 19:00:00,599.2750100000001
2022-04-24 20:00:00,365.07500500000003
2022-04-24 21:00:00,113.975
2022-04-24 22:00:00,0.0
2022-04-24 23:00:00,0.0
2022-04-25 00:00:00,0.0
2022-04-25 01:00:00,0.0
2022-04-25 02:00:00,0.0
2022-04-25 03:00:00,0.0
2022-04-25 04:00:00,0.0
2022-04-25 05:00:00,0.0
2022-04-25 06:00:00,0.0
2022-04-25 07:00:00,0.0
2022-04-25 08:00:00,0.0
2022-04-25 09:00:00,0.0
2022-04-25 10:00:00,2.925
2022-04-25 11:00:00,163.225
2022-04-25 12:00:00,418.575
2022-04-25 13:00:00,647.9
2022-04-25 14:00:00,823.95002
2022-04-25 15:00:00,931.65001
2022-04-25 16:00:00,961.02501
2022-04-25 17:00:00,910.37501
2022-04-25 18:00:00,785.22501
2022-04-25 19:00:00,591.42502
2022-04-25 20:00:00,336.05
2022-04-25 21:00:00,56.5
2022-04-25 22:00:00,0.0
2022-04-25 23:00:00,0.0
2022-04-26 00:00:00,0.0
2022-04-26 01:00:00,0.0
2022-04-26 02:00:00,0.0
2022-04-26 03:00:00,0.0
2022-04-26 04:00:00,0.0
2022-04-26 05:00:00,0.0
2022-04-26 06:00:00,0.0
2022-04-26 07:00:00,0.0
2022-04-26 08:00:00,0.0
2022-04-26 09:00:00,0.0
2022-04-26 10:00:00,3.775
2022-04-26 11:00:00,159.325
2022-04-26 12:00:00,413.90001
2022-04-26 13:00:00,641.82501
2022-04-26 14:00:00,816.675
2022-04-26 15:00:00,923.3500200000001
2022-04-26 16:00:00,893.7
2022-04-26 17:00:00,868.80002
2022-04-26 18:00:00,770.35001
2022-04-26 19:00:00,579.575
2022-04-26 20:00:00,337.7250025
2022-04-26 21:00:00,106.075
2022-04-26 22:00:00,0.0
2022-04-26 23:00:00,0.0
2022-04-27 00:00:00,0.0
2022-04-27 01:00:00,0.0
2022-04-27 02:00:00,0.0
2022-04-27 03:00:00,0.0
2022-04-27 04:00:00,0.0
2022-04-27 05:00:00,0.0
2022-04-27 06:00:00,0.0
2022-04-27 07:00:00,0.0
2022-04-27 08:00:00,0.0
2022-04-27 09:00:00,0.0
2022-04-27 10:00:00,3.6666666666666665
2022-04-27 11:00:00,155.7
2022-04-27 12:00:00,401.850005
2022-04-27 13:00:00,625.87501
2022-04-27 14:00:00,798.1750099999999
2022-04-27 15:00:00,902.97501
2022-04-27 16:00:00,932.45002
2022-04-27 17:00:00,884.55
2022-04-27 18:00:00,762.40002
2022-04-27 19:00:00,577.70001
2022-04-27 20:00:00,346.05
2022-04-27 21:00:00,97.12500125999999
2022-04-27 22:00:00,0.0
2022-04-27 23:00:00,0.0
2022-04-28 00:00:00,0.0
2022-04-28 01:00:00,0.0
2022-04-28 02:00:00,0.0
2022-04-28 03:00:00,0.0
2022-04-28 04:00:00,0.0
2022-04-28 05:00:00,0.0
2022-04-28 06:00:00,0.0
2022-04-28 07:00:00,0.0
2022-04-28 08:00:00,0.0
2022-04-28 09:00:00,0.0
2022-04-28 10:00:00,3.025
2022-04-28 11:00:00,154.15000125
2022-04-28 12:00:00,407.15001
2022-04-28 13:00:00,632.35001
2022-04-28 14:00:00,804.92501
2022-04-28 15:00:00,908.9
2022-04-28 16:00:00,937.625
2022-04-28 17:00:00,884.2750100000001
2022-04-28 18:00:00,751.5
2022-04-28 19:00:00,562.5500000000001
2022-04-28 20:00:00,335.57500500000003
2022-04-28 21:00:00,83.9250025
2022-04-28 22:00:00,0.0
2022-04-28 23:00:00,0.0
2022-04-29 00:00:00,0.0
2022-04-29 01:00:00,0.0
2022-04-29 02:00:00,0.0
2022-04-29 03:00:00,0.0
2022-04-29 04:00:00,0.0
2022-04-29 05:00:00,0.0
2022-04-29 06:00:00,0.0
2022-04-29 07:00:00,0.0
2022-04-29 08:00:00,0.0
2022-04-29 09:00:00,0.0
2022-04-29 10:00:00,2.8
2022-04-29 11:00:00,144.87500375
2022-04-29 12:00:00,380.600005
2022-04-29 13:00:00,597.3
2022-04-29 14:00:00,764.80003
2022-04-29 15:00:00,868.00001
2022-04-29 16:00:00,897.4000100000001
2022-04-29 17:00:00,850.975
2022-04-29 18:00:00,731.82502
2022-04-29 19:00:00,551.2
2022-04-29 20:00:00,326.40001
2022-04-29 21:00:00,58.02500175
2022-04-29 22:00:00,0.0
2022-04-29 23:00:00,0.0
2022-04-30 00:00:00,0.0
2022-04-30 01:00:00,0.0
2022-04-30 02:00:00,0.0
2022-04-30 03:00:00,0.0
2022-04-30 04:00:00,0.0
2022-04-30 05:00:00,0.0
2022-04-30 06:00:00,0.0
2022-04-30 07:00:00,0.0
2022-04-30 08:00:00,0.0
2022-04-30 09:00:00,0.0
2022-04-30 10:00:00,2.47500025
2022-04-30 11:00:00,141.1250025
2022-04-30 12:00:00,381.70000500000003
2022-04-30 13:00:00,598.75002
2022-04-30 14:00:00,768.87502
2022-04-30 15:00:00,876.32501
2022-04-30 16:00:00,907.55002
2022-04-30 17:00:00,859.125
2022-04-30 18:00:00,737.025
2022-04-30 19:00:00,554.85001
2022-04-30 20:00:00,329.250005
2022-04-30 21:00:00,92.3
2022-04-30 22:00:00,0.0
2022-04-30 23:00:00,0.0
2022-05-01 00:00:00,0.0
2022-05-01 01:00:00,0.0
2022-05-01 02:00:00,0.0
2022-05-01 03:00:00,0.0
2022-05-01 04:00:00,0.0
2022-05-01 05:00:00,0.0
2022-05-01 06:00:00,0.0
2022-05-01 07:00:00,0.0
2022-05-01 08:00:00,0.0
2022-05-01 09:00:00,0.0
2022-05-01 10:00:00,2.22500025
2022-05-01 11:00:00,141.125
2022-05-01 12:00:00,380.625
2022-05-01 13:00:00,598.0250100000001
2022-05-01 14:00:00,765.85
2022-05-01 15:00:00,868.45001
2022-05-01 16:00:00,897.87501
2022-05-01 17:00:00,852.40002
2022-05-01 18:00:00,734.37501
2022-05-01 19:00:00,554.300005
2022-05-01 20:00:00,328.02501
2022-05-01 21:00:00,89.725002
2022-05-01 22:00:00,0.0
2022-05-01 23:00:00,0.0
2022-05-02 00:00:00,0.0
2022-05-02 01:00:00,0.0
2022-05-02 02:00:00,0.0
2022-05-02 03:00:00,0.0
2022-05-02 04:00:00,0.0
2022-05-02 05:00:00,0.0
2022-05-02 06:00:00,0.0
2022-05-02 07:00:00,0.0
2022-05-02 08:00:00,0.0
2022-05-02 09:00:00,0.0
2022-05-02 10:00:00,2.075
2022-05-02 11:00:00,142.675
2022-05-02 12:00:00,383.775
2022-05-02 13:00:00,603.8499999999999
2022-05-02 14:00:00,773.0500099999999
2022-05-02 15:00:00,876.15
2022-05-02 16:00:00,906.27502
2022-05-02 17:00:00,858.27503
2022-05-02 18:00:00,739.47501
2022-05-02 19:00:00,556.15001
2022-05-02 20:00:00,327.1750125
2022-05-02 21:00:00,63.70000275
2022-05-02 22:00:00,0.0
2022-05-02 23:00:00,0.0
2022-05-03 00:00:00,0.0
2022-05-03 01:00:00,0.0
2022-05-03 02:00:00,0.0
2022-05-03 03:00:00,0.0
2022-05-03 04:00:00,0.0
2022-05-03 05:00:00,0.0
2022-05-03 06:00:00,0.0
2022-05-03 07:00:00,0.0
2022-05-03 08:00:00,0.0
2022-05-03 09:00:00,0.0
2022-05-03 10:00:00,1.825
2022-05-03 11:00:00,138.1750025
2022-05-03 12:00:00,380.0
2022-05-03 13:00:00,600.35001
2022-05-03 14:00:00,772.22501
2022-05-03 15:00:00,883.20001
2022-05-03 16:00:00,917.2
2022-05-03 17:00:00,868.02502
2022-05-03 18:00:00,745.025
2022-05-03 19:00:00,561.0750049999999
2022-05-03 20:00:00,331.45001
2022-05-03 21:00:00,89.6750005
2022-05-03 22:00:00,0.0
2022-05-03 23:00:00,0.0
2022-05-04 00:00:00,0.0
2022-05-04 01:00:00,0.0
2022-05-04 02:00:00,0.0
2022-05-04 03:00:00,0.0
2022-05-04 04:00:00,0.0
2022-05-04 05:00:00,0.0
2022-05-04 06:00:00,0.0
2022-05-04 07:00:00,0.0
2022-05-04 08:00:00,0.0
2022-05-04 09:00:00,0.0
2022-05-04 10:00:00,1.65
2022-05-04 11:00:00,141.1750025
2022-05-04 12:00:00,384.45001
2022-05-04 13:00:00,604.9000100000001
2022-05-04 14:00:00,775.1500100000001
2022-05-04 15:00:00,880.025
2022-05-04 16:00:00,908.95001
2022-05-04 17:00:00,860.72501
2022-05-04 18:00:00,739.6000200000001
2022-05-04 19:00:00,555.05002
2022-05-04 20:00:00,325.5750025
2022-05-04 21:00:00,85.4
2022-05-04 22:00:00,0.0
2022-05-04 23:00:00,0.0
2022-05-05 00:00:00,0.0
2022-05-05 01:00:00,0.0
2022-05-05 02:00:00,0.0
2022-05-05 03:00:00,0.0
2022-05-05 04:00:00,0.0
2022-05-05 05:00:00,0.0
2022-05-05 06:00:00,0.0
2022-05-05 07:00:00,0.0
2022-05-05 08:00:00,0.0
2022-05-05 09:00:00,0.0
2022-05-05 10:00:00,1.35
2022-05-05 11:00:00,136.0250025
2022-05-05 12:00:00,378.2
2022-05-05 13:00:00,595.4000100000001
2022-05-05 14:00:00,763.35001
2022-05-05 15:00:00,866.25002
2022-05-05 16:00:00,896.15
2022-05-05 17:00:00,850.17503
2022-05-05 18:00:00,731.4
2022-05-05 19:00:00,549.5
2022-05-05 20:00:00,321.675005
2022-05-05 21:00:00,83.200000075
2022-05-05 22:00:00,0.0
2022-05-05 23:00:00,0.0
2022-05-06 00:00:00,0.0
2022-05-06 01:00:00,0.0
2022-05-06 02:00:00,0.0
2022-05-06 03:00:00,0.0
2022-05-06 04:00:00,0.0
2022-05-06 05:00:00,0.0
2022-05-06 06:00:00,0.0
2022-05-06 07:00:00,0.0
2022-05-06 08:00:00,0.0
2022-05-06 09:00:00,0.0
2022-05-06 10:00:00,1.125
2022-05-06 11:00:00,136.8000005
2022-05-06 12:00:00,378.825
2022-05-06 13:00:00,597.7250200000001
2022-05-06 14:00:00,766.625
2022-05-06 15:00:00,869.475
2022-05-06 16:00:00,898.9000000000001
2022-05-06 17:00:00,851.95001
2022-05-06 18:00:00,730.7750000000001
2022-05-06 19:00:00,546.85
2022-05-06 20:00:00,317.95
2022-05-06 21:00:00,80.4500025
2022-05-06 22:00:00,0.0
2022-05-06 23:00:00,0.0
2022-05-07 00:00:00,0.0
2022-05-07 01:00:00,0.0
2022-05-07 02:00:00,0.0
2022-05-07 03:00:00,0.0
2022-05-07 04:00:00,0.0
2022-05-07 05:00:00,0.0
2022-05-07 06:00:00,0.0
2022-05-07 07:00:00,0.0
2022-05-07 08:00:00,0.0
2022-05-07 09:00:00,0.0
2022-05-07 10:00:00,0.85
2022-05-07 11:00:00,130.22500250000002
2022-05-07 12:00:00,367.8
2022-05-07 13:00:00,581.600015
2022-05-07 14:00:00,746.0250100000001
2022-05-07 15:00:00,846.12501
2022-05-07 16:00:00,874.35
2022-05-07 17:00:00,828.15
2022-05-07 18:00:00,709.07501
2022-05-07 19:00:00,528.075
2022-05-07 20:00:00,305.3750075
2022-05-07 21:00:00,76.675
2022-05-07 22:00:00,0.0
2022-05-07 23:00:00,0.0
2022-05-08 00:00:00,0.0
2022-05-08 01:00:00,0.0
2022-05-08 02:00:00,0.0
2022-05-08 03:00:00,0.0
2022-05-08 04:00:00,0.0
2022-05-08 05:00:00,0.0
2022-05-08 06:00:00,0.0
2022-05-08 07:00:00,0.0
2022-05-08 08:00:00,0.0
2022-05-08 09:00:00,0.0
2022-05-08 10:00:00,0.6
2022-05-08 11:00:00,125.40000375
2022-05-08 12:00:00,360.275005
2022-05-08 13:00:00,579.00002
2022-05-08 14:00:00,745.92501
2022-05-08 15:00:00,847.225
2022-05-08 16:00:00,879.40002
2022-05-08 17:00:00,833.525
2022-05-08 18:00:00,712.87502
2022-05-08 19:00:00,530.875
2022-05-08 20:00:00,291.125005
2022-05-08 21:00:00,40.3750005
2022-05-08 22:00:00,0.0
2022-05-08 23:00:00,0.0
2022-05-09 00:00:00,0.0
2022-05-09 01:00:00,0.0
2022-05-09 02:00:00,0.0
2022-05-09 03:00:00,0.0
2022-05-09 04:00:00,0.0
2022-05-09 05:00:00,0.0
2022-05-09 06:00:00,0.0
2022-05-09 07:00:00,0.0
2022-05-09 08:00:00,0.0
2022-05-09 09:00:00,0.0
2022-05-09 10:00:00,0.475
2022-05-09 11:00:00,131.47500125
2022-05-09 12:00:00,373.750005
2022-05-09 13:00:00,591.6500100000001
2022-05-09 14:00:00,758.5
2022-05-09 15:00:00,859.15
2022-05-09 16:00:00,886.77502
2022-05-09 17:00:00,838.27502
2022-05-09 18:00:00,716.5
2022-05-09 19:00:00,533.975
2022-05-09 20:00:00,308.42501
2022-05-09 21:00:00,74.4500005
2022-05-09 22:00:00,0.0
2022-05-09 23:00:00,0.0
2022-05-10 00:00:00,0.0
2022-05-10 01:00:00,0.0
2022-05-10 02:00:00,0.0
2022-05-10 03:00:00,0.0
2022-05-10 04:00:00,0.0
2022-05-10 05:00:00,0.0
2022-05-10 06:00:00,0.0
2022-05-10 07:00:00,0.0
2022-05-10 08:00:00,0.0
2022-05-10 09:00:00,0.0
2022-05-10 10:00:00,0.25
2022-05-10 11:00:00,126.85
2022-05-10 12:00:00,365.77501
2022-05-10 13:00:00,582.325
2022-05-10 14:00:00,749.875
2022-05-10 15:00:00,852.85001
2022-05-10 16:00:00,881.57501
2022-05-10 17:00:00,834.1
2022-05-10 18:00:00,715.57501
2022-05-10 19:00:00,534.67501
2022-05-10 20:00:00,308.45001
2022-05-10 21:00:00,74.2
2022-05-10 22:00:00,0.0
2022-05-10 23:00:00,0.0
2022-05-11 00:00:00,0.0
2022-05-11 01:00:00,0.0
2022-05-11 02:00:00,0.0
2022-05-11 03:00:00,0.0
2022-05-11 04:00:00,0.0
2022-05-11 05:00:00,0.0
2022-05-11 06:00:00,0.0
2022-05-11 07:00:00,0.0
2022-05-11 08:00:00,0.0
2022-05-11 09:00:00,0.0
2022-05-11 10:00:00,0.05
2022-05-11 11:00:00,122.3000005
2022-05-11 12:00:00,357.600005
2022-05-11 13:00:00,571.1500100000001
2022-05-11 14:00:00,736.3
2022-05-11 15:00:00,838.1750099999999
2022-05-11 16:00:00,867.225
2022-05-11 17:00:00,819.45001
2022-05-11 18:00:00,699.10001
2022-05-11 19:00:00,522.075005
2022-05-11 20:00:00,300.40001
2022-05-11 21:00:00,69.65
2022-05-11 22:00:00,0.0
2022-05-11 23:00:00,0.0
2022-05-12 00:00:00,0.0
2022-05-12 01:00:00,0.0
2022-05-12 02:00:00,0.0
2022-05-12 03:00:00,0.0
2022-05-12 04:00:00,0.0
2022-05-12 05:00:00,0.0
2022-05-12 06:00:00,0.0
2022-05-12 07:00:00,0.0
2022-05-12 08:00:00,0.0
2022-05-12 09:00:00,0.0
2022-05-12 10:00:00,0.0
2022-05-12 11:00:00,120.17500125000001
2022-05-12 12:00:00,353.92499999999995
2022-05-12 13:00:00,567.675
2022-05-12 14:00:00,732.77501
2022-05-12 15:00:00,834.22501
2022-05-12 16:00:00,863.0500099999999
2022-05-12 17:00:00,815.95
2022-05-12 18:00:00,697.45001
2022-05-12 19:00:00,520.125005
2022-05-12 20:00:00,297.475
2022-05-12 21:00:00,67.82499999999999
2022-05-12 22:00:00,0.0
2022-05-12 23:00:00,0.0
2022-05-13 00:00:00,0.0
2022-05-13 01:00:00,0.0
2022-05-13 02:00:00,0.0
2022-05-13 03:00:00,0.0
2022-05-13 04:00:00,0.0
2022-05-13 05:00:00,0.0
2022-05-13 06:00:00,0.0
2022-05-13 07:00:00,0.0
2022-05-13 08:00:00,0.0
2022-05-13 09:00:00,0.0
2022-05-13 10:00:00,0.0
2022-05-13 11:00:00,122.5
2022-05-13 12:00:00,360.3
2022-05-13 13:00:00,577.875015
2022-05-13 14:00:00,745.22501
2022-05-13 15:00:00,847.20001
2022-05-13 16:00:00,874.30001
2022-05-13 17:00:00,823.62502
2022-05-13 18:00:00,699.7750100000001
2022-05-13 19:00:00,518.975
2022-05-13 20:00:00,295.075
2022-05-13 21:00:00,65.775
2022-05-13 22:00:00,0.0
2022-05-13 23:00:00,0.0
2022-05-14 00:00:00,0.0
2022-05-14 01:00:00,0.0
2022-05-14 02:00:00,0.0
2022-05-14 03:00:00,0.0
2022-05-14 04:00:00,0.0
2022-05-14 05:00:00,0.0
2022-05-14 06:00:00,0.0
2022-05-14 07:00:00,0.0
2022-05-14 08:00:00,0.0
2022-05-14 09:00:00,0.0
2022-05-14 10:00:00,0.0
2022-05-14 11:00:00,120.40000375
2022-05-14 12:00:00,361.550005
2022-05-14 13:00:00,578.750005
2022-05-14 14:00:00,745.85001
2022-05-14 15:00:00,847.825
2022-05-14 16:00:00,875.75
2022-05-14 17:00:00,826.12501
2022-05-14 18:00:00,703.65
2022-05-14 19:00:00,523.675
2022-05-14 20:00:00,299.77500499999996
2022-05-14 21:00:00,67.875
2022-05-14 22:00:00,0.0
2022-05-14 23:00:00,0.0
2022-05-15 00:00:00,0.0
2022-05-15 01:00:00,0.0
2022-05-15 02:00:00,0.0
2022-05-15 03:00:00,0.0
2022-05-15 04:00:00,0.0
2022-05-15 05:00:00,0.0
2022-05-15 06:00:00,0.0
2022-05-15 07:00:00,0.0
2022-05-15 08:00:00,0.0
2022-05-15 09:00:00,0.0
2022-05-15 10:00:00,0.0
2022-05-15 11:00:00,122.07500175
2022-05-15 12:00:00,360.400005
2022-05-15 13:00:00,577.87501
2022-05-15 14:00:00,744.55002
2022-05-15 15:00:00,845.075
2022-05-15 16:00:00,869.47501
2022-05-15 17:00:00,817.87502
2022-05-15 18:00:00,695.55002
2022-05-15 19:00:00,516.40001
2022-05-15 20:00:00,295.1250025
2022-05-15 21:00:00,65.725
2022-05-15 22:00:00,0.0
2022-05-15 23:00:00,0.0
2022-05-16 00:00:00,0.0
2022-05-16 01:00:00,0.0
2022-05-16 02:00:00,0.0
2022-05-16 03:00:00,0.0
2022-05-16 04:00:00,0.0
2022-05-16 05:00:00,0.0
2022-05-16 06:00:00,0.0
2022-05-16 07:00:00,0.0
2022-05-16 08:00:00,0.0
2022-05-16 09:00:00,0.0
2022-05-16 10:00:00,0.0
2022-05-16 11:00:00,115.25
2022-05-16 12:00:00,345.90000499999996
2022-05-16 13:00:00,557.475
2022-05-16 14:00:00,721.0
2022-05-16 15:00:00,820.7
2022-05-16 16:00:00,845.975
2022-05-16 17:00:00,797.60001
2022-05-16 18:00:00,680.60001
2022-05-16 19:00:00,503.95001
2022-05-16 20:00:00,285.30001000000004
2022-05-16 21:00:00,45.275
2022-05-16 22:00:00,0.0
2022-05-16 23:00:00,0.0
2022-05-17 00:00:00,0.0
2022-05-17 01:00:00,0.0
2022-05-17 02:00:00,0.0
2022-05-17 03:00:00,0.0
2022-05-17 04:00:00,0.0
2022-05-17 05:00:00,0.0
2022-05-17 06:00:00,0.0
2022-05-17 07:00:00,0.0
2022-05-17 08:00:00,0.0
2022-05-17 09:00:00,0.0
2022-05-17 10:00:00,0.0
2022-05-17 11:00:00,113.375
2022-05-17 12:00:00,345.225005
2022-05-17 13:00:00,556.250025
2022-05-17 14:00:00,719.175
2022-05-17 15:00:00,819.47502
2022-05-17 16:00:00,847.05001
2022-05-17 17:00:00,798.97501
2022-05-17 18:00:00,680.6500100000001
2022-05-17 19:00:00,504.05
2022-05-17 20:00:00,284.925005
2022-05-17 21:00:00,62.300000000000004
2022-05-17 22:00:00,0.0
2022-05-17 23:00:00,0.0
2022-05-18 00:00:00,0.0
2022-05-18 01:00:00,0.0
2022-05-18 02:00:00,0.0
2022-05-18 03:00:00,0.0
2022-05-18 04:00:00,0.0
2022-05-18 05:00:00,0.0
2022-05-18 06:00:00,0.0
2022-05-18 07:00:00,0.0
2022-05-18 08:00:00,0.0
2022-05-18 09:00:00,0.0
2022-05-18 10:00:00,0.0
2022-05-18 11:00:00,112.1250025
2022-05-18 12:00:00,342.325005
2022-05-18 13:00:00,553.875005
2022-05-18 14:00:00,716.575
2022-05-18 15:00:00,813.325
2022-05-18 16:00:00,842.75
2022-05-18 17:00:00,797.0250100000001
2022-05-18 18:00:00,681.0250100000001
2022-05-18 19:00:00,504.30001500000003
2022-05-18 20:00:00,283.3
2022-05-18 21:00:00,42.85
2022-05-18 22:00:00,0.0
2022-05-18 23:00:00,0.0
2022-05-19 00:00:00,0.0
2022-05-19 01:00:00,0.0
2022-05-19 02:00:00,0.0
2022-05-19 03:00:00,0.0
2022-05-19 04:00:00,0.0
2022-05-19 05:00:00,0.0
2022-05-19 06:00:00,0.0
2022-05-19 07:00:00,0.0
2022-05-19 08:00:00,0.0
2022-05-19 09:00:00,0.0
2022-05-19 10:00:00,0.0
2022-05-19 11:00:00,112.2500015
2022-05-19 12:00:00,346.400005
2022-05-19 13:00:00,558.7
2022-05-19 14:00:00,721.67503
2022-05-19 15:00:00,820.32501
2022-05-19 16:00:00,845.45
2022-05-19 17:00:00,795.9
2022-05-19 18:00:00,676.10002
2022-05-19 19:00:00,507.2333333333333
2022-05-19 20:00:00,281.1750025
2022-05-19 21:00:00,60.550000000000004
2022-05-19 22:00:00,0.0
2022-05-19 23:00:00,0.0
2022-05-20 00:00:00,0.0
2022-05-20 01:00:00,0.0
2022-05-20 02:00:00,0.0
2022-05-20 03:00:00,0.0
2022-05-20 04:00:00,0.0
2022-05-20 05:00:00,0.0
2022-05-20 06:00:00,0.0
2022-05-20 07:00:00,0.0
2022-05-20 08:00:00,0.0
2022-05-20 09:00:00,0.0
2022-05-20 10:00:00,0.0
2022-05-20 11:00:00,110.22500124999999
2022-05-20 12:00:00,344.65
2022-05-20 13:00:00,557.325
2022-05-20 14:00:00,721.225
2022-05-20 15:00:00,821.3499999999999
2022-05-20 16:00:00,849.0250100000001
2022-05-20 17:00:00,802.25
2022-05-20 18:00:00,684.05001
2022-05-20 19:00:00,504.70001
2022-05-20 20:00:00,269.5
2022-05-20 21:00:00,20.925000250000004
2022-05-20 22:00:00,0.0
2022-05-20 23:00:00,0.0
2022-05-21 00:00:00,0.0
2022-05-21 01:00:00,0.0
2022-05-21 02:00:00,0.0
2022-05-21 03:00:00,0.0
2022-05-21 04:00:00,0.0
2022-05-21 05:00:00,0.0
2022-05-21 06:00:00,0.0
2022-05-21 07:00:00,0.0
2022-05-21 08:00:00,0.0
2022-05-21 09:00:00,0.0
2022-05-21 10:00:00,0.0
2022-05-21 11:00:00,109.25000125
2022-05-21 12:00:00,340.375
2022-05-21 13:00:00,552.1750099999999
2022-05-21 14:00:00,715.1500100000001
2022-05-21 15:00:00,814.22501
2022-05-21 16:00:00,842.25
2022-05-21 17:00:00,794.975
2022-05-21 18:00:00,676.0
2022-05-21 19:00:00,497.925
2022-05-21 20:00:00,229.575
2022-05-21 21:00:00,27.725
2022-05-21 22:00:00,0.0
2022-05-21 23:00:00,0.0
2022-05-22 00:00:00,0.0
2022-05-22 01:00:00,0.0
2022-05-22 02:00:00,0.0
2022-05-22 03:00:00,0.0
2022-05-22 04:00:00,0.0
2022-05-22 05:00:00,0.0
2022-05-22 06:00:00,0.0
2022-05-22 07:00:00,0.0
2022-05-22 08:00:00,0.0
2022-05-22 09:00:00,0.0
2022-05-22 10:00:00,0.0
2022-05-22 11:00:00,103.25000250000001
2022-05-22 12:00:00,334.425
2022-05-22 13:00:00,546.65002
2022-05-22 14:00:00,710.225
2022-05-22 15:00:00,810.625
2022-05-22 16:00:00,837.7249999999999
2022-05-22 17:00:00,790.75002
2022-05-22 18:00:00,674.1750099999999
2022-05-22 19:00:00,497.05001
2022-05-22 20:00:00,277.57501
2022-05-22 21:00:00,58.25000125
2022-05-22 22:00:00,0.0
2022-05-22 23:00:00,0.0
2022-05-23 00:00:00,0.0
2022-05-23 01:00:00,0.0
2022-05-23 02:00:00,0.0
2022-05-23 03:00:00,0.0
2022-05-23 04:00:00,0.0
2022-05-23 05:00:00,0.0
2022-05-23 06:00:00,0.0
2022-05-23 07:00:00,0.0
2022-05-23 08:00:00,0.0
2022-05-23 09:00:00,0.0
2022-05-23 10:00:00,0.0
2022-05-23 11:00:00,107.3750025
2022-05-23 12:00:00,341.5250025
2022-05-23 13:00:00,553.65
2022-05-23 14:00:00,716.32503
2022-05-23 15:00:00,814.825
2022-05-23 16:00:00,841.3000099999999
2022-05-23 17:00:00,794.32502
2022-05-23 18:00:00,677.675
2022-05-23 19:00:00,500.050025
2022-05-23 20:00:00,279.500005
2022-05-23 21:00:00,58.475
2022-05-23 22:00:00,0.0
2022-05-23 23:00:00,0.0
2022-05-24 00:00:00,0.0
2022-05-24 01:00:00,0.0
2022-05-24 02:00:00,0.0
2022-05-24 03:00:00,0.0
2022-05-24 04:00:00,0.0
2022-05-24 05:00:00,0.0
2022-05-24 06:00:00,0.0
2022-05-24 07:00:00,0.0
2022-05-24 08:00:00,0.0
2022-05-24 09:00:00,0.0
2022-05-24 10:00:00,0.0
2022-05-24 11:00:00,104.4250025
2022-05-24 12:00:00,336.225015
2022-05-24 13:00:00,547.775005
2022-05-24 14:00:00,694.8333333333334
2022-05-24 15:00:00,807.1666799999999
2022-05-24 16:00:00,838.925
2022-05-24 17:00:00,793.375
2022-05-24 18:00:00,677.25
2022-05-24 19:00:00,499.800025
2022-05-24 20:00:00,279.400005
2022-05-24 21:00:00,57.849999999999994
2022-05-24 22:00:00,0.0
2022-05-24 23:00:00,0.0
2022-05-25 00:00:00,0.0
2022-05-25 01:00:00,0.0
2022-05-25 02:00:00,0.0
2022-05-25 03:00:00,0.0
2022-05-25 04:00:00,0.0
2022-05-25 05:00:00,0.0
2022-05-25 06:00:00,0.0
2022-05-25 07:00:00,0.0
2022-05-25 08:00:00,0.0
2022-05-25 09:00:00,0.0
2022-05-25 10:00:00,0.0
2022-05-25 11:00:00,101.40000025
2022-05-25 12:00:00,329.800005
2022-05-25 13:00:00,540.7
2022-05-25 14:00:00,703.375
2022-05-25 15:00:00,801.8
2022-05-25 16:00:00,828.67501
2022-05-25 17:00:00,782.40001
2022-05-25 18:00:00,666.7750100000001
2022-05-25 19:00:00,491.975
2022-05-25 20:00:00,243.4
2022-05-25 21:00:00,26.349999999999998
2022-05-25 22:00:00,0.0
2022-05-25 23:00:00,0.0
2022-05-26 00:00:00,0.0
2022-05-26 01:00:00,0.0
2022-05-26 02:00:00,0.0
2022-05-26 03:00:00,0.0
2022-05-26 04:00:00,0.0
2022-05-26 05:00:00,0.0
2022-05-26 06:00:00,0.0
2022-05-26 07:00:00,0.0
2022-05-26 08:00:00,0.0
2022-05-26 09:00:00,0.0
2022-05-26 10:00:00,0.0
2022-05-26 11:00:00,95.475
2022-05-26 12:00:00,316.325
2022-05-26 13:00:00,525.3
2022-05-26 14:00:00,688.67502
2022-05-26 15:00:00,790.72501
2022-05-26 16:00:00,817.90001
2022-05-26 17:00:00,775.075
2022-05-26 18:00:00,666.60001
2022-05-26 19:00:00,493.50002
2022-05-26 20:00:00,273.95000500000003
2022-05-26 21:00:00,55.97500025
2022-05-26 22:00:00,0.0
2022-05-26 23:00:00,0.0
2022-05-27 00:00:00,0.0
2022-05-27 01:00:00,0.0
2022-05-27 02:00:00,0.0
2022-05-27 03:00:00,0.0
2022-05-27 04:00:00,0.0
2022-05-27 05:00:00,0.0
2022-05-27 06:00:00,0.0
2022-05-27 07:00:00,0.0
2022-05-27 08:00:00,0.0
2022-05-27 09:00:00,0.0
2022-05-27 10:00:00,0.0
2022-05-27 11:00:00,99.300004
2022-05-27 12:00:00,328.125
2022-05-27 13:00:00,540.150015
2022-05-27 14:00:00,704.27502
2022-05-27 15:00:00,804.75001
2022-05-27 16:00:00,832.025
2022-05-27 17:00:00,783.8
2022-05-27 18:00:00,665.85001
2022-05-27 19:00:00,489.97501
2022-05-27 20:00:00,271.3250075
2022-05-27 21:00:00,54.324999999999996
2022-05-27 22:00:00,0.0
2022-05-27 23:00:00,0.0
2022-05-28 00:00:00,0.0
2022-05-28 01:00:00,0.0
2022-05-28 02:00:00,0.0
2022-05-28 03:00:00,0.0
2022-05-28 04:00:00,0.0
2022-05-28 05:00:00,0.0
2022-05-28 06:00:00,0.0
2022-05-28 07:00:00,0.0
2022-05-28 08:00:00,0.0
2022-05-28 09:00:00,0.0
2022-05-28 10:00:00,0.0
2022-05-28 11:00:00,97.475
2022-05-28 12:00:00,326.75
2022-05-28 13:00:00,536.825025
2022-05-28 14:00:00,698.45
2022-05-28 15:00:00,795.37501
2022-05-28 16:00:00,821.12502
2022-05-28 17:00:00,775.5500099999999
2022-05-28 18:00:00,659.57501
2022-05-28 19:00:00,484.55
2022-05-28 20:00:00,267.3000025
2022-05-28 21:00:00,42.4750005
2022-05-28 22:00:00,0.0
2022-05-28 23:00:00,0.0
2022-05-29 00:00:00,0.0
2022-05-29 01:00:00,0.0
2022-05-29 02:00:00,0.0
2022-05-29 03:00:00,0.0
2022-05-29 04:00:00,0.0
2022-05-29 05:00:00,0.0
2022-05-29 06:00:00,0.0
2022-05-29 07:00:00,0.0
2022-05-29 08:00:00,0.0
2022-05-29 09:00:00,0.0
2022-05-29 10:00:00,0.0
2022-05-29 11:00:00,94.6500025
2022-05-29 12:00:00,321.675
2022-05-29 13:00:00,530.275005
2022-05-29 14:00:00,691.7
2022-05-29 15:00:00,791.2
2022-05-29 16:00:00,818.6500100000001
2022-05-29 17:00:00,765.67502
2022-05-29 18:00:00,656.9
2022-05-29 19:00:00,457.100005
2022-05-29 20:00:00,213.275
2022-05-29 21:00:00,22.775
2022-05-29 22:00:00,0.0
2022-05-29 23:00:00,0.0
2022-05-30 00:00:00,0.0
2022-05-30 01:00:00,0.0
2022-05-30 02:00:00,0.0
2022-05-30 03:00:00,0.0
2022-05-30 04:00:00,0.0
2022-05-30 05:00:00,0.0
2022-05-30 06:00:00,0.0
2022-05-30 07:00:00,0.0
2022-05-30 08:00:00,0.0
2022-05-30 09:00:00,0.0
2022-05-30 10:00:00,0.0
2022-05-30 11:00:00,93.9000025
2022-05-30 12:00:00,322.425005
2022-05-30 13:00:00,531.675015
2022-05-30 14:00:00,692.20001
2022-05-30 15:00:00,789.2
2022-05-30 16:00:00,818.575
2022-05-30 17:00:00,774.7750100000001
2022-05-30 18:00:00,590.925
2022-05-30 19:00:00,376.45000500000003
2022-05-30 20:00:00,169.3750025
2022-05-30 21:00:00,16.775
2022-05-30 22:00:00,0.0
2022-05-30 23:00:00,0.0
2022-05-31 00:00:00,0.0
2022-05-31 01:00:00,0.0
2022-05-31 02:00:00,0.0
2022-05-31 03:00:00,0.0
2022-05-31 04:00:00,0.0
2022-05-31 05:00:00,0.0
2022-05-31 06:00:00,0.0
2022-05-31 07:00:00,0.0
2022-05-31 08:00:00,0.0
2022-05-31 09:00:00,0.0
2022-05-31 10:00:00,0.0
2022-05-31 11:00:00,91.87500025
2022-05-31 12:00:00,314.625005
2022-05-31 13:00:00,521.8
2022-05-31 14:00:00,682.3499999999999
2022-05-31 15:00:00,780.37503
2022-05-31 16:00:00,808.05001
2022-05-31 17:00:00,760.47501
2022-05-31 18:00:00,644.6500100000001
2022-05-31 19:00:00,475.79999999999995
2022-05-31 20:00:00,263.0250075
2022-05-31 21:00:00,38.775
2022-05-31 22:00:00,0.0
2022-05-31 23:00:00,0.0
2022-06-01 00:00:00,0.0
2022-06-01 01:00:00,0.0
2022-06-01 02:00:00,0.0
2022-06-01 03:00:00,0.0
2022-06-01 04:00:00,0.0
2022-06-01 05:00:00,0.0
2022-06-01 06:00:00,0.0
2022-06-01 07:00:00,0.0
2022-06-01 08:00:00,0.0
2022-06-01 09:00:00,0.0
2022-06-01 10:00:00,0.0
2022-06-01 11:00:00,86.3750015
2022-06-01 12:00:00,302.35
2022-06-01 13:00:00,506.175
2022-06-01 14:00:00,663.9000100000001
2022-06-01 15:00:00,712.15002
2022-06-01 16:00:00,710.975
2022-06-01 17:00:00,638.325
2022-06-01 18:00:00,515.42502
2022-06-01 19:00:00,334.975
2022-06-01 20:00:00,155.1750025
2022-06-01 21:00:00,14.4
2022-06-01 22:00:00,0.0
2022-06-01 23:00:00,0.0
2022-06-02 00:00:00,0.0
2022-06-02 01:00:00,0.0
2022-06-02 02:00:00,0.0
2022-06-02 03:00:00,0.0
2022-06-02 04:00:00,0.0
2022-06-02 05:00:00,0.0
2022-06-02 06:00:00,0.0
2022-06-02 07:00:00,0.0
2022-06-02 08:00:00,0.0
2022-06-02 09:00:00,0.0
2022-06-02 10:00:00,0.0
2022-06-02 11:00:00,90.725
2022-06-02 12:00:00,318.675
2022-06-02 13:00:00,528.1
2022-06-02 14:00:00,689.30001
2022-06-02 15:00:00,786.175
2022-06-02 16:00:00,694.37502
2022-06-02 17:00:00,722.3000099999999
2022-06-02 18:00:00,665.1
2022-06-02 19:00:00,489.30001000000004
2022-06-02 20:00:00,231.15000625000002
2022-06-02 21:00:00,20.3250005
2022-06-02 22:00:00,0.0
2022-06-02 23:00:00,0.0
2022-06-03 00:00:00,0.0
2022-06-03 01:00:00,0.0
2022-06-03 02:00:00,0.0
2022-06-03 03:00:00,0.0
2022-06-03 04:00:00,0.0
2022-06-03 05:00:00,0.0
2022-06-03 06:00:00,0.0
2022-06-03 07:00:00,0.0
2022-06-03 08:00:00,0.0
2022-06-03 09:00:00,0.0
2022-06-03 10:00:00,0.0
2022-06-03 11:00:00,87.6500025
2022-06-03 12:00:00,316.2000025
2022-06-03 13:00:00,527.0
2022-06-03 14:00:00,689.82501
2022-06-03 15:00:00,790.05001
2022-06-03 16:00:00,817.80001
2022-06-03 17:00:00,770.175
2022-06-03 18:00:00,654.2
2022-06-03 19:00:00,482.050005
2022-06-03 20:00:00,267.2
2022-06-03 21:00:00,45.275
2022-06-03 22:00:00,0.0
2022-06-03 23:00:00,0.0
2022-06-04 00:00:00,0.0
2022-06-04 01:00:00,0.0
2022-06-04 02:00:00,0.0
2022-06-04 03:00:00,0.0
2022-06-04 04:00:00,0.0
2022-06-04 05:00:00,0.0
2022-06-04 06:00:00,0.0
2022-06-04 07:00:00,0.0
2022-06-04 08:00:00,0.0
2022-06-04 09:00:00,0.0
2022-06-04 10:00:00,0.0
2022-06-04 11:00:00,83.92500125000001
2022-06-04 12:00:00,306.42501
2022-06-04 13:00:00,511.825
2022-06-04 14:00:00,646.325
2022-06-04 15:00:00,671.62501
2022-06-04 16:00:00,712.4
2022-06-04 17:00:00,650.95001
2022-06-04 18:00:00,540.975005
2022-06-04 19:00:00,459.350005
2022-06-04 20:00:00,212.450005
2022-06-04 21:00:00,30.924999999999997
2022-06-04 22:00:00,0.0
2022-06-04 23:00:00,0.0
2022-06-05 00:00:00,0.0
2022-06-05 01:00:00,0.0
2022-06-05 02:00:00,0.0
2022-06-05 03:00:00,0.0
2022-06-05 04:00:00,0.0
2022-06-05 05:00:00,0.0
2022-06-05 06:00:00,0.0
2022-06-05 07:00:00,0.0
2022-06-05 08:00:00,0.0
2022-06-05 09:00:00,0.0
2022-06-05 10:00:00,0.0
2022-06-05 11:00:00,74.07500250000001
2022-06-05 12:00:00,278.925
2022-06-05 13:00:00,431.875005
2022-06-05 14:00:00,529.4
2022-06-05 15:00:00,474.875
2022-06-05 16:00:00,424.925005
2022-06-05 17:00:00,432.175005
2022-06-05 18:00:00,353.725005
2022-06-05 19:00:00,340.87501
2022-06-05 20:00:00,214.7750025
2022-06-05 21:00:00,30.875001500000003
2022-06-05 22:00:00,0.0
2022-06-05 23:00:00,0.0
2022-06-06 00:00:00,0.0
2022-06-06 01:00:00,0.0
2022-06-06 02:00:00,0.0
2022-06-06 03:00:00,0.0
2022-06-06 04:00:00,0.0
2022-06-06 05:00:00,0.0
2022-06-06 06:00:00,0.0
2022-06-06 07:00:00,0.0
2022-06-06 08:00:00,0.0
2022-06-06 09:00:00,0.0
2022-06-06 10:00:00,0.0
2022-06-06 11:00:00,78.175
2022-06-06 12:00:00,296.050005
2022-06-06 13:00:00,498.50001
2022-06-06 14:00:00,655.50001
2022-06-06 15:00:00,753.25
2022-06-06 16:00:00,783.82501
2022-06-06 17:00:00,741.35002
2022-06-06 18:00:00,631.20001
2022-06-06 19:00:00,464.07500500000003
2022-06-06 20:00:00,255.525
2022-06-06 21:00:00,49.849999999999994
2022-06-06 22:00:00,0.0
2022-06-06 23:00:00,0.0
2022-06-07 00:00:00,0.0
2022-06-07 01:00:00,0.0
2022-06-07 02:00:00,0.0
2022-06-07 03:00:00,0.0
2022-06-07 04:00:00,0.0
2022-06-07 05:00:00,0.0
2022-06-07 06:00:00,0.0
2022-06-07 07:00:00,0.0
2022-06-07 08:00:00,0.0
2022-06-07 09:00:00,0.0
2022-06-07 10:00:00,0.0
2022-06-07 11:00:00,80.350003
2022-06-07 12:00:00,295.82501
2022-06-07 13:00:00,502.25
2022-06-07 14:00:00,663.675
2022-06-07 15:00:00,766.3
2022-06-07 16:00:00,796.5250100000001
2022-06-07 17:00:00,753.80002
2022-06-07 18:00:00,641.77503
2022-06-07 19:00:00,470.57501
2022-06-07 20:00:00,258.375
2022-06-07 21:00:00,50.12500025
2022-06-07 22:00:00,0.0
2022-06-07 23:00:00,0.0
2022-06-08 00:00:00,0.0
2022-06-08 01:00:00,0.0
2022-06-08 02:00:00,0.0
2022-06-08 03:00:00,0.0
2022-06-08 04:00:00,0.0
2022-06-08 05:00:00,0.0
2022-06-08 06:00:00,0.0
2022-06-08 07:00:00,0.0
2022-06-08 08:00:00,0.0
2022-06-08 09:00:00,0.0
2022-06-08 10:00:00,0.0
2022-06-08 11:00:00,80.90000375
2022-06-08 12:00:00,304.925005
2022-06-08 13:00:00,514.57501
2022-06-08 14:00:00,677.575
2022-06-08 15:00:00,778.12503
2022-06-08 16:00:00,807.10002
2022-06-08 17:00:00,762.27501
2022-06-08 18:00:00,647.87502
2022-06-08 19:00:00,475.575
2022-06-08 20:00:00,263.05
2022-06-08 21:00:00,51.275000250000005
2022-06-08 22:00:00,0.0
2022-06-08 23:00:00,0.0
2022-06-09 00:00:00,0.0
2022-06-09 01:00:00,0.0
2022-06-09 02:00:00,0.0
2022-06-09 03:00:00,0.0
2022-06-09 04:00:00,0.0
2022-06-09 05:00:00,0.0
2022-06-09 06:00:00,0.0
2022-06-09 07:00:00,0.0
2022-06-09 08:00:00,0.0
2022-06-09 09:00:00,0.0
2022-06-09 10:00:00,0.0
2022-06-09 11:00:00,79.425003075
2022-06-09 12:00:00,303.45000749999997
2022-06-09 13:00:00,512.225
2022-06-09 14:00:00,674.3000099999999
2022-06-09 15:00:00,775.225
2022-06-09 16:00:00,806.25
2022-06-09 17:00:00,764.1
2022-06-09 18:00:00,652.35
2022-06-09 19:00:00,479.975
2022-06-09 20:00:00,265.150005
2022-06-09 21:00:00,51.85
2022-06-09 22:00:00,0.0
2022-06-09 23:00:00,0.0
2022-06-10 00:00:00,0.0
2022-06-10 01:00:00,0.0
2022-06-10 02:00:00,0.0
2022-06-10 03:00:00,0.0
2022-06-10 04:00:00,0.0
2022-06-10 05:00:00,0.0
2022-06-10 06:00:00,0.0
2022-06-10 07:00:00,0.0
2022-06-10 08:00:00,0.0
2022-06-10 09:00:00,0.0
2022-06-10 10:00:00,0.0
2022-06-10 11:00:00,75.75
2022-06-10 12:00:00,295.40001
2022-06-10 13:00:00,501.15002000000004
2022-06-10 14:00:00,661.2
2022-06-10 15:00:00,759.825
2022-06-10 16:00:00,788.075
2022-06-10 17:00:00,745.0
2022-06-10 18:00:00,636.5500099999999
2022-06-10 19:00:00,470.250005
2022-06-10 20:00:00,260.90000000000003
2022-06-10 21:00:00,50.70000125
2022-06-10 22:00:00,0.0
2022-06-10 23:00:00,0.0
2022-06-11 00:00:00,0.0
2022-06-11 01:00:00,0.0
2022-06-11 02:00:00,0.0
2022-06-11 03:00:00,0.0
2022-06-11 04:00:00,0.0
2022-06-11 05:00:00,0.0
2022-06-11 06:00:00,0.0
2022-06-11 07:00:00,0.0
2022-06-11 08:00:00,0.0
2022-06-11 09:00:00,0.0
2022-06-11 10:00:00,0.0
2022-06-11 11:00:00,75.575
2022-06-11 12:00:00,292.625
2022-06-11 13:00:00,499.45
2022-06-11 14:00:00,661.3
2022-06-11 15:00:00,762.625
2022-06-11 16:00:00,793.3499999999999
2022-06-11 17:00:00,751.45
2022-06-11 18:00:00,641.0250100000001
2022-06-11 19:00:00,471.70001
2022-06-11 20:00:00,260.0
2022-06-11 21:00:00,49.7
2022-06-11 22:00:00,0.0
2022-06-11 23:00:00,0.0
2022-06-12 00:00:00,0.0
2022-06-12 01:00:00,0.0
2022-06-12 02:00:00,0.0
2022-06-12 03:00:00,0.0
2022-06-12 04:00:00,0.0
2022-06-12 05:00:00,0.0
2022-06-12 06:00:00,0.0
2022-06-12 07:00:00,0.0
2022-06-12 08:00:00,0.0
2022-06-12 09:00:00,0.0
2022-06-12 10:00:00,0.0
2022-06-12 11:00:00,74.2250005
2022-06-12 12:00:00,291.725
2022-06-12 13:00:00,500.97501
2022-06-12 14:00:00,664.05
2022-06-12 15:00:00,765.3500200000001
2022-06-12 16:00:00,797.025
2022-06-12 17:00:00,755.50002
2022-06-12 18:00:00,643.925
2022-06-12 19:00:00,472.87501
2022-06-12 20:00:00,259.125005
2022-06-12 21:00:00,49.375
2022-06-12 22:00:00,0.0
2022-06-12 23:00:00,0.0
2022-06-13 00:00:00,0.0
2022-06-13 01:00:00,0.0
2022-06-13 02:00:00,0.0
2022-06-13 03:00:00,0.0
2022-06-13 04:00:00,0.0
2022-06-13 05:00:00,0.0
2022-06-13 06:00:00,0.0
2022-06-13 07:00:00,0.0
2022-06-13 08:00:00,0.0
2022-06-13 09:00:00,0.0
2022-06-13 10:00:00,0.0
2022-06-13 11:00:00,73.47500124999999
2022-06-13 12:00:00,299.3500025
2022-06-13 13:00:00,510.82500500000003
2022-06-13 14:00:00,675.57502
2022-06-13 15:00:00,779.0999999999999
2022-06-13 16:00:00,810.475
2022-06-13 17:00:00,768.375
2022-06-13 18:00:00,655.60001
2022-06-13 19:00:00,483.775
2022-06-13 20:00:00,268.3750025
2022-06-13 21:00:00,52.925
2022-06-13 22:00:00,0.0
2022-06-13 23:00:00,0.0
2022-06-14 00:00:00,0.0
2022-06-14 01:00:00,0.0
2022-06-14 02:00:00,0.0
2022-06-14 03:00:00,0.0
2022-06-14 04:00:00,0.0
2022-06-14 05:00:00,0.0
2022-06-14 06:00:00,0.0
2022-06-14 07:00:00,0.0
2022-06-14 08:00:00,0.0
2022-06-14 09:00:00,0.0
2022-06-14 10:00:00,0.0
2022-06-14 11:00:00,75.40000125
2022-06-14 12:00:00,298.800005
2022-06-14 13:00:00,510.67501500000003
2022-06-14 14:00:00,675.775
2022-06-14 15:00:00,778.425
2022-06-14 16:00:00,809.975
2022-06-14 17:00:00,767.75002
2022-06-14 18:00:00,655.42501
2022-06-14 19:00:00,482.82500000000005
2022-06-14 20:00:00,267.025005
2022-06-14 21:00:00,52.5
2022-06-14 22:00:00,0.0
2022-06-14 23:00:00,0.0
2022-06-15 00:00:00,0.0
2022-06-15 01:00:00,0.0
2022-06-15 02:00:00,0.0
2022-06-15 03:00:00,0.0
2022-06-15 04:00:00,0.0
2022-06-15 05:00:00,0.0
2022-06-15 06:00:00,0.0
2022-06-15 07:00:00,0.0
2022-06-15 08:00:00,0.0
2022-06-15 09:00:00,0.0
2022-06-15 10:00:00,0.0
2022-06-15 11:00:00,72.32500125
2022-06-15 12:00:00,294.65
2022-06-15 13:00:00,504.45
2022-06-15 14:00:00,668.1500100000001
2022-06-15 15:00:00,770.50001
2022-06-15 16:00:00,802.7750100000001
2022-06-15 17:00:00,762.0250100000001
2022-06-15 18:00:00,651.37501
2022-06-15 19:00:00,480.375
2022-06-15 20:00:00,266.07500500000003
2022-06-15 21:00:00,52.85000125
2022-06-15 22:00:00,0.0
2022-06-15 23:00:00,0.0
2022-06-16 00:00:00,0.0
2022-06-16 01:00:00,0.0
2022-06-16 02:00:00,0.0
2022-06-16 03:00:00,0.0
2022-06-16 04:00:00,0.0
2022-06-16 05:00:00,0.0
2022-06-16 06:00:00,0.0
2022-06-16 07:00:00,0.0
2022-06-16 08:00:00,0.0
2022-06-16 09:00:00,0.0
2022-06-16 10:00:00,0.0
2022-06-16 11:00:00,72.32500250000001
2022-06-16 12:00:00,293.325
2022-06-16 13:00:00,501.675005
2022-06-16 14:00:00,663.5
2022-06-16 15:00:00,762.675
2022-06-16 16:00:00,794.85001
2022-06-16 17:00:00,752.175
2022-06-16 18:00:00,641.57501
2022-06-16 19:00:00,474.625005
2022-06-16 20:00:00,245.550005
2022-06-16 21:00:00,16.65
2022-06-16 22:00:00,0.0
2022-06-16 23:00:00,0.0
2022-06-17 00:00:00,0.0
2022-06-17 01:00:00,0.0
2022-06-17 02:00:00,0.0
2022-06-17 03:00:00,0.0
2022-06-17 04:00:00,0.0
2022-06-17 05:00:00,0.0
2022-06-17 06:00:00,0.0
2022-06-17 07:00:00,0.0
2022-06-17 08:00:00,0.0
2022-06-17 09:00:00,0.0
2022-06-17 10:00:00,0.0
2022-06-17 11:00:00,73.95
2022-06-17 12:00:00,301.125005
2022-06-17 13:00:00,513.225
2022-06-17 14:00:00,676.3
2022-06-17 15:00:00,777.80001
2022-06-17 16:00:00,809.5500099999999
2022-06-17 17:00:00,771.275
2022-06-17 18:00:00,662.9
2022-06-17 19:00:00,490.975
2022-06-17 20:00:00,274.575
2022-06-17 21:00:00,55.75000025
2022-06-17 22:00:00,0.0
2022-06-17 23:00:00,0.0
2022-06-18 00:00:00,0.0
2022-06-18 01:00:00,0.0
2022-06-18 02:00:00,0.0
2022-06-18 03:00:00,0.0
2022-06-18 04:00:00,0.0
2022-06-18 05:00:00,0.0
2022-06-18 06:00:00,0.0
2022-06-18 07:00:00,0.0
2022-06-18 08:00:00,0.0
2022-06-18 09:00:00,0.0
2022-06-18 10:00:00,0.0
2022-06-18 11:00:00,71.6250005
2022-06-18 12:00:00,294.475
2022-06-18 13:00:00,505.47501
2022-06-18 14:00:00,670.3
2022-06-18 15:00:00,773.77501
2022-06-18 16:00:00,806.85001
2022-06-18 17:00:00,765.55001
2022-06-18 18:00:00,654.1
2022-06-18 19:00:00,483.55
2022-06-18 20:00:00,270.3500025
2022-06-18 21:00:00,54.825
2022-06-18 22:00:00,0.0
2022-06-18 23:00:00,0.0
2022-06-19 00:00:00,0.0
2022-06-19 01:00:00,0.0
2022-06-19 02:00:00,0.0
2022-06-19 03:00:00,0.0
2022-06-19 04:00:00,0.0
2022-06-19 05:00:00,0.0
2022-06-19 06:00:00,0.0
2022-06-19 07:00:00,0.0
2022-06-19 08:00:00,0.0
2022-06-19 09:00:00,0.0
2022-06-19 10:00:00,0.0
2022-06-19 11:00:00,70.025003
2022-06-19 12:00:00,291.4
2022-06-19 13:00:00,502.700015
2022-06-19 14:00:00,668.125
2022-06-19 15:00:00,771.20001
2022-06-19 16:00:00,803.35
2022-06-19 17:00:00,761.7250200000001
2022-06-19 18:00:00,650.42501
2022-06-19 19:00:00,481.125
2022-06-19 20:00:00,268.025005
2022-06-19 21:00:00,53.775
2022-06-19 22:00:00,0.0
2022-06-19 23:00:00,0.0
2022-06-20 00:00:00,0.0
2022-06-20 01:00:00,0.0
2022-06-20 02:00:00,0.0
2022-06-20 03:00:00,0.0
2022-06-20 04:00:00,0.0
2022-06-20 05:00:00,0.0
2022-06-20 06:00:00,0.0
2022-06-20 07:00:00,0.0
2022-06-20 08:00:00,0.0
2022-06-20 09:00:00,0.0
2022-06-20 10:00:00,0.0
2022-06-20 11:00:00,69.275
2022-06-20 12:00:00,289.15
2022-06-20 13:00:00,498.475005
2022-06-20 14:00:00,661.625
2022-06-20 15:00:00,762.10002
2022-06-20 16:00:00,791.775
2022-06-20 17:00:00,750.7750100000001
2022-06-20 18:00:00,641.85
2022-06-20 19:00:00,472.600015
2022-06-20 20:00:00,261.800005
2022-06-20 21:00:00,53.225
2022-06-20 22:00:00,0.0
2022-06-20 23:00:00,0.0
2022-06-21 00:00:00,0.0
2022-06-21 01:00:00,0.0
2022-06-21 02:00:00,0.0
2022-06-21 03:00:00,0.0
2022-06-21 04:00:00,0.0
2022-06-21 05:00:00,0.0
2022-06-21 06:00:00,0.0
2022-06-21 07:00:00,0.0
2022-06-21 08:00:00,0.0
2022-06-21 09:00:00,0.0
2022-06-21 10:00:00,0.0
2022-06-21 11:00:00,65.5750005
2022-06-21 12:00:00,281.275005
2022-06-21 13:00:00,488.02501
2022-06-21 14:00:00,649.50001
2022-06-21 15:00:00,751.55002
2022-06-21 16:00:00,786.07501
2022-06-21 17:00:00,744.65002
2022-06-21 18:00:00,636.57501
2022-06-21 19:00:00,474.575005
2022-06-21 20:00:00,267.475
2022-06-21 21:00:00,43.875
2022-06-21 22:00:00,0.0
2022-06-21 23:00:00,0.0
2022-06-22 00:00:00,0.0
2022-06-22 01:00:00,0.0
2022-06-22 02:00:00,0.0
2022-06-22 03:00:00,0.0
2022-06-22 04:00:00,0.0
2022-06-22 05:00:00,0.0
2022-06-22 06:00:00,0.0
2022-06-22 07:00:00,0.0
2022-06-22 08:00:00,0.0
2022-06-22 09:00:00,0.0
2022-06-22 10:00:00,0.0
2022-06-22 11:00:00,68.8750005
2022-06-22 12:00:00,289.1750025
2022-06-22 13:00:00,498.6
2022-06-22 14:00:00,662.60002
2022-06-22 15:00:00,765.32501
2022-06-22 16:00:00,797.9000100000001
2022-06-22 17:00:00,758.575
2022-06-22 18:00:00,649.075
2022-06-22 19:00:00,480.250005
2022-06-22 20:00:00,269.5750025
2022-06-22 21:00:00,36.775
2022-06-22 22:00:00,0.0
2022-06-22 23:00:00,0.0
2022-06-23 00:00:00,0.0
2022-06-23 01:00:00,0.0
2022-06-23 02:00:00,0.0
2022-06-23 03:00:00,0.0
2022-06-23 04:00:00,0.0
2022-06-23 05:00:00,0.0
2022-06-23 06:00:00,0.0
2022-06-23 07:00:00,0.0
2022-06-23 08:00:00,0.0
2022-06-23 09:00:00,0.0
2022-06-23 10:00:00,0.0
2022-06-23 11:00:00,67.10000175
2022-06-23 12:00:00,287.050005
2022-06-23 13:00:00,496.59999999999997
2022-06-23 14:00:00,660.57501
2022-06-23 15:00:00,763.32501
2022-06-23 16:00:00,795.35001
2022-06-23 17:00:00,755.25001
2022-06-23 18:00:00,647.9749999999999
2022-06-23 19:00:00,482.400005
2022-06-23 20:00:00,270.8
2022-06-23 21:00:00,51.725
2022-06-23 22:00:00,0.0
2022-06-23 23:00:00,0.0
2022-06-24 00:00:00,0.0
2022-06-24 01:00:00,0.0
2022-06-24 02:00:00,0.0
2022-06-24 03:00:00,0.0
2022-06-24 04:00:00,0.0
2022-06-24 05:00:00,0.0
2022-06-24 06:00:00,0.0
2022-06-24 07:00:00,0.0
2022-06-24 08:00:00,0.0
2022-06-24 09:00:00,0.0
2022-06-24 10:00:00,0.0
2022-06-24 11:00:00,64.65000125
2022-06-24 12:00:00,274.3500075
2022-06-24 13:00:00,478.4
2022-06-24 14:00:00,637.45
2022-06-24 15:00:00,737.07502
2022-06-24 16:00:00,771.02502
2022-06-24 17:00:00,733.9000100000001
2022-06-24 18:00:00,626.22501
2022-06-24 19:00:00,462.050005
2022-06-24 20:00:00,257.400005
2022-06-24 21:00:00,53.100001500000005
2022-06-24 22:00:00,0.0
2022-06-24 23:00:00,0.0
2022-06-25 00:00:00,0.0
2022-06-25 01:00:00,0.0
2022-06-25 02:00:00,0.0
2022-06-25 03:00:00,0.0
2022-06-25 04:00:00,0.0
2022-06-25 05:00:00,0.0
2022-06-25 06:00:00,0.0
2022-06-25 07:00:00,0.0
2022-06-25 08:00:00,0.0
2022-06-25 09:00:00,0.0
2022-06-25 10:00:00,0.0
2022-06-25 11:00:00,59.400000000000006
2022-06-25 12:00:00,267.125
2022-06-25 13:00:00,468.875005
2022-06-25 14:00:00,628.32501
2022-06-25 15:00:00,730.12501
2022-06-25 16:00:00,764.42501
2022-06-25 17:00:00,728.875
2022-06-25 18:00:00,625.5250100000001
2022-06-25 19:00:00,461.875005
2022-06-25 20:00:00,258.17501
2022-06-25 21:00:00,50.32500125
2022-06-25 22:00:00,0.0
2022-06-25 23:00:00,0.0
2022-06-26 00:00:00,0.0
2022-06-26 01:00:00,0.0
2022-06-26 02:00:00,0.0
2022-06-26 03:00:00,0.0
2022-06-26 04:00:00,0.0
2022-06-26 05:00:00,0.0
2022-06-26 06:00:00,0.0
2022-06-26 07:00:00,0.0
2022-06-26 08:00:00,0.0
2022-06-26 09:00:00,0.0
2022-06-26 10:00:00,0.0
2022-06-26 11:00:00,61.625001749999996
2022-06-26 12:00:00,267.9500025
2022-06-26 13:00:00,469.37501000000003
2022-06-26 14:00:00,617.85001
2022-06-26 15:00:00,727.4
2022-06-26 16:00:00,759.75001
2022-06-26 17:00:00,722.725
2022-06-26 18:00:00,619.3499999999999
2022-06-26 19:00:00,458.800005
2022-06-26 20:00:00,257.05
2022-06-26 21:00:00,53.65000125
2022-06-26 22:00:00,0.0
2022-06-26 23:00:00,0.0
2022-06-27 00:00:00,0.0
2022-06-27 01:00:00,0.0
2022-06-27 02:00:00,0.0
2022-06-27 03:00:00,0.0
2022-06-27 04:00:00,0.0
2022-06-27 05:00:00,0.0
2022-06-27 06:00:00,0.0
2022-06-27 07:00:00,0.0
2022-06-27 08:00:00,0.0
2022-06-27 09:00:00,0.0
2022-06-27 10:00:00,0.0
2022-06-27 11:00:00,59.725
2022-06-27 12:00:00,270.1750025
2022-06-27 13:00:00,473.67501500000003
2022-06-27 14:00:00,634.97501
2022-06-27 15:00:00,738.20002
2022-06-27 16:00:00,772.55002
2022-06-27 17:00:00,735.85
2022-06-27 18:00:00,633.575
2022-06-27 19:00:00,471.275
2022-06-27 20:00:00,264.35
2022-06-27 21:00:00,39.925
2022-06-27 22:00:00,0.0
2022-06-27 23:00:00,0.0
2022-06-28 00:00:00,0.0
2022-06-28 01:00:00,0.0
2022-06-28 02:00:00,0.0
2022-06-28 03:00:00,0.0
2022-06-28 04:00:00,0.0
2022-06-28 05:00:00,0.0
2022-06-28 06:00:00,0.0
2022-06-28 07:00:00,0.0
2022-06-28 08:00:00,0.0
2022-06-28 09:00:00,0.0
2022-06-28 10:00:00,0.0
2022-06-28 11:00:00,57.175002750000004
2022-06-28 12:00:00,264.07500749999997
2022-06-28 13:00:00,473.850015
2022-06-28 14:00:00,582.85
2022-06-28 15:00:00,599.775
2022-06-28 16:00:00,756.275
2022-06-28 17:00:00,734.75
2022-06-28 18:00:00,632.125
2022-06-28 19:00:00,472.375
2022-06-28 20:00:00,268.6
2022-06-28 21:00:00,58.62500275
2022-06-28 22:00:00,0.0
2022-06-28 23:00:00,0.0
2022-06-29 00:00:00,0.0
2022-06-29 01:00:00,0.0
2022-06-29 02:00:00,0.0
2022-06-29 03:00:00,0.0
2022-06-29 04:00:00,0.0
2022-06-29 05:00:00,0.0
2022-06-29 06:00:00,0.0
2022-06-29 07:00:00,0.0
2022-06-29 08:00:00,0.0
2022-06-29 09:00:00,0.0
2022-06-29 10:00:00,0.0
2022-06-29 11:00:00,66.0000025
2022-06-29 12:00:00,289.1750075
2022-06-29 13:00:00,501.825015
2022-06-29 14:00:00,668.47502
2022-06-29 15:00:00,773.47502
2022-06-29 16:00:00,808.55001
2022-06-29 17:00:00,770.57501
2022-06-29 18:00:00,663.0
2022-06-29 19:00:00,494.725015
2022-06-29 20:00:00,281.725
2022-06-29 21:00:00,62.275000250000005
2022-06-29 22:00:00,0.0
2022-06-29 23:00:00,0.0
2022-06-30 00:00:00,0.0
2022-06-30 01:00:00,0.0
2022-06-30 02:00:00,0.0
2022-06-30 03:00:00,0.0
2022-06-30 04:00:00,0.0
2022-06-30 05:00:00,0.0
2022-06-30 06:00:00,0.0
2022-06-30 07:00:00,0.0
2022-06-30 08:00:00,0.0
2022-06-30 09:00:00,0.0
2022-06-30 10:00:00,0.0
2022-06-30 11:00:00,65.225
2022-06-30 12:00:00,284.125005
2022-06-30 13:00:00,496.29999999999995
2022-06-30 14:00:00,662.9000100000001
2022-06-30 15:00:00,768.475
2022-06-30 16:00:00,803.4
2022-06-30 17:00:00,766.175
2022-06-30 18:00:00,660.025
2022-06-30 19:00:00,491.375005
2022-06-30 20:00:00,279.07500500000003
2022-06-30 21:00:00,61.65
2022-06-30 22:00:00,0.0
2022-06-30 23:00:00,0.0
2022-07-01 00:00:00,0.0
2022-07-01 01:00:00,0.0
2022-07-01 02:00:00,0.0
2022-07-01 03:00:00,0.0
2022-07-01 04:00:00,0.0
2022-07-01 05:00:00,0.0
2022-07-01 06:00:00,0.0
2022-07-01 07:00:00,0.0
2022-07-01 08:00:00,0.0
2022-07-01 09:00:00,0.0
2022-07-01 10:00:00,0.0
2022-07-01 11:00:00,65.625003
2022-07-01 12:00:00,287.5250025
2022-07-01 13:00:00,500.15
2022-07-01 14:00:00,667.47501
2022-07-01 15:00:00,772.925
2022-07-01 16:00:00,807.1500100000001
2022-07-01 17:00:00,768.60001
2022-07-01 18:00:00,660.05
2022-07-01 19:00:00,493.15001
2022-07-01 20:00:00,282.975
2022-07-01 21:00:00,63.225001250000005
2022-07-01 22:00:00,0.0
2022-07-01 23:00:00,0.0
2022-07-02 00:00:00,0.0
2022-07-02 01:00:00,0.0
2022-07-02 02:00:00,0.0
2022-07-02 03:00:00,0.0
2022-07-02 04:00:00,0.0
2022-07-02 05:00:00,0.0
2022-07-02 06:00:00,0.0
2022-07-02 07:00:00,0.0
2022-07-02 08:00:00,0.0
2022-07-02 09:00:00,0.0
2022-07-02 10:00:00,0.0
2022-07-02 11:00:00,65.05000125000001
2022-07-02 12:00:00,283.95000500000003
2022-07-02 13:00:00,497.97501
2022-07-02 14:00:00,666.4
2022-07-02 15:00:00,773.2750100000001
2022-07-02 16:00:00,809.70002
2022-07-02 17:00:00,772.25
2022-07-02 18:00:00,664.925
2022-07-02 19:00:00,495.375
2022-07-02 20:00:00,281.600005
2022-07-02 21:00:00,63.47500025
2022-07-02 22:00:00,0.0
2022-07-02 23:00:00,0.0
2022-07-03 00:00:00,0.0
2022-07-03 01:00:00,0.0
2022-07-03 02:00:00,0.0
2022-07-03 03:00:00,0.0
2022-07-03 04:00:00,0.0
2022-07-03 05:00:00,0.0
2022-07-03 06:00:00,0.0
2022-07-03 07:00:00,0.0
2022-07-03 08:00:00,0.0
2022-07-03 09:00:00,0.0
2022-07-03 10:00:00,0.0
2022-07-03 11:00:00,63.45
2022-07-03 12:00:00,279.29999999999995
2022-07-03 13:00:00,489.750005
2022-07-03 14:00:00,655.3
2022-07-03 15:00:00,759.8499999999999
2022-07-03 16:00:00,794.525
2022-07-03 17:00:00,757.7249999999999
2022-07-03 18:00:00,649.1
2022-07-03 19:00:00,481.825
2022-07-03 20:00:00,274.325
2022-07-03 21:00:00,60.699999999999996
2022-07-03 22:00:00,0.0
2022-07-03 23:00:00,0.0
2022-07-04 00:00:00,0.0
2022-07-04 01:00:00,0.0
2022-07-04 02:00:00,0.0
2022-07-04 03:00:00,0.0
2022-07-04 04:00:00,0.0
2022-07-04 05:00:00,0.0
2022-07-04 06:00:00,0.0
2022-07-04 07:00:00,0.0
2022-07-04 08:00:00,0.0
2022-07-04 09:00:00,0.0
2022-07-04 10:00:00,0.0
2022-07-04 11:00:00,61.65
2022-07-04 12:00:00,279.4750025
2022-07-04 13:00:00,487.200005
2022-07-04 14:00:00,654.2
2022-07-04 15:00:00,759.15
2022-07-04 16:00:00,793.925
2022-07-04 17:00:00,603.32501
2022-07-04 18:00:00,376.5
2022-07-04 19:00:00,384.90000499999996
2022-07-04 20:00:00,272.825
2022-07-04 21:00:00,56.625
2022-07-04 22:00:00,0.0
2022-07-04 23:00:00,0.0
2022-07-05 00:00:00,0.0
2022-07-05 01:00:00,0.0
2022-07-05 02:00:00,0.0
2022-07-05 03:00:00,0.0
2022-07-05 04:00:00,0.0
2022-07-05 05:00:00,0.0
2022-07-05 06:00:00,0.0
2022-07-05 07:00:00,0.0
2022-07-05 08:00:00,0.0
2022-07-05 09:00:00,0.0
2022-07-05 10:00:00,0.0
2022-07-05 11:00:00,59.125
2022-07-05 12:00:00,263.625
2022-07-05 13:00:00,469.15000499999996
2022-07-05 14:00:00,602.22502
2022-07-05 15:00:00,654.3000099999999
2022-07-05 16:00:00,729.95001
2022-07-05 17:00:00,734.42501
2022-07-05 18:00:00,390.95001
2022-07-05 19:00:00,373.29999999999995
2022-07-05 20:00:00,218.42499999999998
2022-07-05 21:00:00,35.17500125
2022-07-05 22:00:00,0.0
2022-07-05 23:00:00,0.0
2022-07-06 00:00:00,0.0
2022-07-06 01:00:00,0.0
2022-07-06 02:00:00,0.0
2022-07-06 03:00:00,0.0
2022-07-06 04:00:00,0.0
2022-07-06 05:00:00,0.0
2022-07-06 06:00:00,0.0
2022-07-06 07:00:00,0.0
2022-07-06 08:00:00,0.0
2022-07-06 09:00:00,0.0
2022-07-06 10:00:00,0.0
2022-07-06 11:00:00,59.625
2022-07-06 12:00:00,267.9
2022-07-06 13:00:00,461.125005
2022-07-06 14:00:00,563.90002
2022-07-06 15:00:00,585.2
2022-07-06 16:00:00,670.6500100000001
2022-07-06 17:00:00,737.525
2022-07-06 18:00:00,580.675
2022-07-06 19:00:00,417.77500499999996
2022-07-06 20:00:00,198.5000025
2022-07-06 21:00:00,46.1500025
2022-07-06 22:00:00,0.0
2022-07-06 23:00:00,0.0
2022-07-07 00:00:00,0.0
2022-07-07 01:00:00,0.0
2022-07-07 02:00:00,0.0
2022-07-07 03:00:00,0.0
2022-07-07 04:00:00,0.0
2022-07-07 05:00:00,0.0
2022-07-07 06:00:00,0.0
2022-07-07 07:00:00,0.0
2022-07-07 08:00:00,0.0
2022-07-07 09:00:00,0.0
2022-07-07 10:00:00,0.0
2022-07-07 11:00:00,62.4
2022-07-07 12:00:00,274.8000025
2022-07-07 13:00:00,480.425005
2022-07-07 14:00:00,643.575
2022-07-07 15:00:00,747.9000100000001
2022-07-07 16:00:00,649.37502
2022-07-07 17:00:00,716.075
2022-07-07 18:00:00,540.725015
2022-07-07 19:00:00,289.55
2022-07-07 20:00:00,151.17500124999998
2022-07-07 21:00:00,20.47500075
2022-07-07 22:00:00,0.0
2022-07-07 23:00:00,0.0
2022-07-08 00:00:00,0.0
2022-07-08 01:00:00,0.0
2022-07-08 02:00:00,0.0
2022-07-08 03:00:00,0.0
2022-07-08 04:00:00,0.0
2022-07-08 05:00:00,0.0
2022-07-08 06:00:00,0.0
2022-07-08 07:00:00,0.0
2022-07-08 08:00:00,0.0
2022-07-08 09:00:00,0.0
2022-07-08 10:00:00,0.0
2022-07-08 11:00:00,59.725
2022-07-08 12:00:00,267.1500025
2022-07-08 13:00:00,470.45
2022-07-08 14:00:00,632.425
2022-07-08 15:00:00,737.6500100000001
2022-07-08 16:00:00,774.10001
2022-07-08 17:00:00,652.475
2022-07-08 18:00:00,612.2750000000001
2022-07-08 19:00:00,417.375
2022-07-08 20:00:00,221.625
2022-07-08 21:00:00,34.025000500000004
2022-07-08 22:00:00,0.0
2022-07-08 23:00:00,0.0
2022-07-09 00:00:00,0.0
2022-07-09 01:00:00,0.0
2022-07-09 02:00:00,0.0
2022-07-09 03:00:00,0.0
2022-07-09 04:00:00,0.0
2022-07-09 05:00:00,0.0
2022-07-09 06:00:00,0.0
2022-07-09 07:00:00,0.0
2022-07-09 08:00:00,0.0
2022-07-09 09:00:00,0.0
2022-07-09 10:00:00,0.0
2022-07-09 11:00:00,60.7
2022-07-09 12:00:00,273.6250025
2022-07-09 13:00:00,478.65
2022-07-09 14:00:00,641.625
2022-07-09 15:00:00,747.57501
2022-07-09 16:00:00,783.975
2022-07-09 17:00:00,700.5
2022-07-09 18:00:00,547.800015
2022-07-09 19:00:00,404.975005
2022-07-09 20:00:00,249.850005
2022-07-09 21:00:00,34.75
2022-07-09 22:00:00,0.0
2022-07-09 23:00:00,0.0
2022-07-10 00:00:00,0.0
2022-07-10 01:00:00,0.0
2022-07-10 02:00:00,0.0
2022-07-10 03:00:00,0.0
2022-07-10 04:00:00,0.0
2022-07-10 05:00:00,0.0
2022-07-10 06:00:00,0.0
2022-07-10 07:00:00,0.0
2022-07-10 08:00:00,0.0
2022-07-10 09:00:00,0.0
2022-07-10 10:00:00,0.0
2022-07-10 11:00:00,64.0500025
2022-07-10 12:00:00,277.05
2022-07-10 13:00:00,485.575
2022-07-10 14:00:00,650.8
2022-07-10 15:00:00,752.82503
2022-07-10 16:00:00,739.5250100000001
2022-07-10 17:00:00,694.675
2022-07-10 18:00:00,603.925
2022-07-10 19:00:00,490.50001
2022-07-10 20:00:00,279.750005
2022-07-10 21:00:00,49.975
2022-07-10 22:00:00,0.0
2022-07-10 23:00:00,0.0
2022-07-11 00:00:00,0.0
2022-07-11 01:00:00,0.0
2022-07-11 02:00:00,0.0
2022-07-11 03:00:00,0.0
2022-07-11 04:00:00,0.0
2022-07-11 05:00:00,0.0
2022-07-11 06:00:00,0.0
2022-07-11 07:00:00,0.0
2022-07-11 08:00:00,0.0
2022-07-11 09:00:00,0.0
2022-07-11 10:00:00,0.0
2022-07-11 11:00:00,64.85
2022-07-11 12:00:00,283.050005
2022-07-11 13:00:00,478.7
2022-07-11 14:00:00,460.70000000000005
2022-07-11 15:00:00,513.35
2022-07-11 16:00:00,490.700015
2022-07-11 17:00:00,505.075
2022-07-11 18:00:00,437.67501000000004
2022-07-11 19:00:00,387.9
2022-07-11 20:00:00,299.04999999999995
2022-07-11 21:00:00,69.5
2022-07-11 22:00:00,0.0
2022-07-11 23:00:00,0.0
2022-07-12 00:00:00,0.0
2022-07-12 01:00:00,0.0
2022-07-12 02:00:00,0.0
2022-07-12 03:00:00,0.0
2022-07-12 04:00:00,0.0
2022-07-12 05:00:00,0.0
2022-07-12 06:00:00,0.0
2022-07-12 07:00:00,0.0
2022-07-12 08:00:00,0.0
2022-07-12 09:00:00,0.0
2022-07-12 10:00:00,0.0
2022-07-12 11:00:00,67.025
2022-07-12 12:00:00,288.425005
2022-07-12 13:00:00,503.65
2022-07-12 14:00:00,674.70002
2022-07-12 15:00:00,784.65
2022-07-12 16:00:00,822.75
2022-07-12 17:00:00,785.95
2022-07-12 18:00:00,678.0250100000001
2022-07-12 19:00:00,510.100005
2022-07-12 20:00:00,297.77501
2022-07-12 21:00:00,74.350000025
2022-07-12 22:00:00,0.0
2022-07-12 23:00:00,0.0
2022-07-13 00:00:00,0.0
2022-07-13 01:00:00,0.0
2022-07-13 02:00:00,0.0
2022-07-13 03:00:00,0.0
2022-07-13 04:00:00,0.0
2022-07-13 05:00:00,0.0
2022-07-13 06:00:00,0.0
2022-07-13 07:00:00,0.0
2022-07-13 08:00:00,0.0
2022-07-13 09:00:00,0.0
2022-07-13 10:00:00,0.0
2022-07-13 11:00:00,67.3750025
2022-07-13 12:00:00,290.775
2022-07-13 13:00:00,506.35
2022-07-13 14:00:00,676.55001
2022-07-13 15:00:00,779.97502
2022-07-13 16:00:00,820.82501
2022-07-13 17:00:00,786.20001
2022-07-13 18:00:00,682.47501
2022-07-13 19:00:00,514.12501
2022-07-13 20:00:00,300.100005
2022-07-13 21:00:00,75.72500125
2022-07-13 22:00:00,0.0
2022-07-13 23:00:00,0.0
2022-07-14 00:00:00,0.0
2022-07-14 01:00:00,0.0
2022-07-14 02:00:00,0.0
2022-07-14 03:00:00,0.0
2022-07-14 04:00:00,0.0
2022-07-14 05:00:00,0.0
2022-07-14 06:00:00,0.0
2022-07-14 07:00:00,0.0
2022-07-14 08:00:00,0.0
2022-07-14 09:00:00,0.0
2022-07-14 10:00:00,0.0
2022-07-14 11:00:00,66.95000375000001
2022-07-14 12:00:00,290.125
2022-07-14 13:00:00,505.02501
2022-07-14 14:00:00,674.3000099999999
2022-07-14 15:00:00,782.0500099999999
2022-07-14 16:00:00,819.65002
2022-07-14 17:00:00,785.0
2022-07-14 18:00:00,663.75
2022-07-14 19:00:00,440.02501
2022-07-14 20:00:00,214.525
2022-07-14 21:00:00,34.375
2022-07-14 22:00:00,0.0
2022-07-14 23:00:00,0.0
2022-07-15 00:00:00,0.0
2022-07-15 01:00:00,0.0
2022-07-15 02:00:00,0.0
2022-07-15 03:00:00,0.0
2022-07-15 04:00:00,0.0
2022-07-15 05:00:00,0.0
2022-07-15 06:00:00,0.0
2022-07-15 07:00:00,0.0
2022-07-15 08:00:00,0.0
2022-07-15 09:00:00,0.0
2022-07-15 10:00:00,0.0
2022-07-15 11:00:00,68.7500005
2022-07-15 12:00:00,295.3
2022-07-15 13:00:00,511.90000999999995
2022-07-15 14:00:00,681.4
2022-07-15 15:00:00,788.725
2022-07-15 16:00:00,828.82503
2022-07-15 17:00:00,794.92502
2022-07-15 18:00:00,687.225
2022-07-15 19:00:00,496.32501
2022-07-15 20:00:00,305.45000500000003
2022-07-15 21:00:00,69.85
2022-07-15 22:00:00,0.0
2022-07-15 23:00:00,0.0
2022-07-16 00:00:00,0.0
2022-07-16 01:00:00,0.0
2022-07-16 02:00:00,0.0
2022-07-16 03:00:00,0.0
2022-07-16 04:00:00,0.0
2022-07-16 05:00:00,0.0
2022-07-16 06:00:00,0.0
2022-07-16 07:00:00,0.0
2022-07-16 08:00:00,0.0
2022-07-16 09:00:00,0.0
2022-07-16 10:00:00,0.0
2022-07-16 11:00:00,71.3750005
2022-07-16 12:00:00,302.775
2022-07-16 13:00:00,521.85
2022-07-16 14:00:00,693.05
2022-07-16 15:00:00,803.05
2022-07-16 16:00:00,842.55002
2022-07-16 17:00:00,807.12501
2022-07-16 18:00:00,699.62501
2022-07-16 19:00:00,529.15001
2022-07-16 20:00:00,313.425
2022-07-16 21:00:00,82.65000375
2022-07-16 22:00:00,0.0
2022-07-16 23:00:00,0.0
2022-07-17 00:00:00,0.0
2022-07-17 01:00:00,0.0
2022-07-17 02:00:00,0.0
2022-07-17 03:00:00,0.0
2022-07-17 04:00:00,0.0
2022-07-17 05:00:00,0.0
2022-07-17 06:00:00,0.0
2022-07-17 07:00:00,0.0
2022-07-17 08:00:00,0.0
2022-07-17 09:00:00,0.0
2022-07-17 10:00:00,0.0
2022-07-17 11:00:00,71.5000025
2022-07-17 12:00:00,302.9500025
2022-07-17 13:00:00,522.7249999999999
2022-07-17 14:00:00,696.1500100000001
2022-07-17 15:00:00,807.5500099999999
2022-07-17 16:00:00,846.37502
2022-07-17 17:00:00,809.275
2022-07-17 18:00:00,700.75
2022-07-17 19:00:00,531.275005
2022-07-17 20:00:00,316.45
2022-07-17 21:00:00,84.9000005
2022-07-17 22:00:00,0.0
2022-07-17 23:00:00,0.0
2022-07-18 00:00:00,0.0
2022-07-18 01:00:00,0.0
2022-07-18 02:00:00,0.0
2022-07-18 03:00:00,0.0
2022-07-18 04:00:00,0.0
2022-07-18 05:00:00,0.0
2022-07-18 06:00:00,0.0
2022-07-18 07:00:00,0.0
2022-07-18 08:00:00,0.0
2022-07-18 09:00:00,0.0
2022-07-18 10:00:00,0.0
2022-07-18 11:00:00,71.675
2022-07-18 12:00:00,297.725
2022-07-18 13:00:00,515.35
2022-07-18 14:00:00,687.27503
2022-07-18 15:00:00,797.625
2022-07-18 16:00:00,836.70001
2022-07-18 17:00:00,801.7
2022-07-18 18:00:00,694.625
2022-07-18 19:00:00,524.275
2022-07-18 20:00:00,309.6500025
2022-07-18 21:00:00,83.72500175
2022-07-18 22:00:00,0.0
2022-07-18 23:00:00,0.0
2022-07-19 00:00:00,0.0
2022-07-19 01:00:00,0.0
2022-07-19 02:00:00,0.0
2022-07-19 03:00:00,0.0
2022-07-19 04:00:00,0.0
2022-07-19 05:00:00,0.0
2022-07-19 06:00:00,0.0
2022-07-19 07:00:00,0.0
2022-07-19 08:00:00,0.0
2022-07-19 09:00:00,0.0
2022-07-19 10:00:00,0.0
2022-07-19 11:00:00,67.8250025
2022-07-19 12:00:00,282.65
2022-07-19 13:00:00,492.52500499999996
2022-07-19 14:00:00,644.92502
2022-07-19 15:00:00,763.425
2022-07-19 16:00:00,729.125
2022-07-19 17:00:00,640.47502
2022-07-19 18:00:00,630.825
2022-07-19 19:00:00,468.54999999999995
2022-07-19 20:00:00,290.8
2022-07-19 21:00:00,63.599999999999994
2022-07-19 22:00:00,0.0
2022-07-19 23:00:00,0.0
2022-07-20 00:00:00,0.0
2022-07-20 01:00:00,0.0
2022-07-20 02:00:00,0.0
2022-07-20 03:00:00,0.0
2022-07-20 04:00:00,0.0
2022-07-20 05:00:00,0.0
2022-07-20 06:00:00,0.0
2022-07-20 07:00:00,0.0
2022-07-20 08:00:00,0.0
2022-07-20 09:00:00,0.0
2022-07-20 10:00:00,0.0
2022-07-20 11:00:00,65.6750025
2022-07-20 12:00:00,282.6
2022-07-20 13:00:00,492.35
2022-07-20 14:00:00,659.0
2022-07-20 15:00:00,766.25
2022-07-20 16:00:00,804.50001
2022-07-20 17:00:00,769.97502
2022-07-20 18:00:00,666.30001
2022-07-20 19:00:00,504.40000000000003
2022-07-20 20:00:00,299.100005
2022-07-20 21:00:00,80.60000025
2022-07-20 22:00:00,0.0
2022-07-20 23:00:00,0.0
2022-07-21 00:00:00,0.0
2022-07-21 01:00:00,0.0
2022-07-21 02:00:00,0.0
2022-07-21 03:00:00,0.0
2022-07-21 04:00:00,0.0
2022-07-21 05:00:00,0.0
2022-07-21 06:00:00,0.0
2022-07-21 07:00:00,0.0
2022-07-21 08:00:00,0.0
2022-07-21 09:00:00,0.0
2022-07-21 10:00:00,0.0
2022-07-21 11:00:00,58.35
2022-07-21 12:00:00,284.37500750000004
2022-07-21 13:00:00,500.825
2022-07-21 14:00:00,668.4000100000001
2022-07-21 15:00:00,776.8500200000001
2022-07-21 16:00:00,781.05
2022-07-21 17:00:00,768.575
2022-07-21 18:00:00,628.825
2022-07-21 19:00:00,517.5
2022-07-21 20:00:00,292.45
2022-07-21 21:00:00,44.525
2022-07-21 22:00:00,0.0
2022-07-21 23:00:00,0.0
2022-07-22 00:00:00,0.0
2022-07-22 01:00:00,0.0
2022-07-22 02:00:00,0.0
2022-07-22 03:00:00,0.0
2022-07-22 04:00:00,0.0
2022-07-22 05:00:00,0.0
2022-07-22 06:00:00,0.0
2022-07-22 07:00:00,0.0
2022-07-22 08:00:00,0.0
2022-07-22 09:00:00,0.0
2022-07-22 10:00:00,0.0
2022-07-22 11:00:00,71.0
2022-07-22 12:00:00,297.525
2022-07-22 13:00:00,512.60001
2022-07-22 14:00:00,683.925
2022-07-22 15:00:00,793.775
2022-07-22 16:00:00,831.45001
2022-07-22 17:00:00,795.9000100000001
2022-07-22 18:00:00,691.00002
2022-07-22 19:00:00,525.55001
2022-07-22 20:00:00,314.9
2022-07-22 21:00:00,88.75
2022-07-22 22:00:00,0.0
2022-07-22 23:00:00,0.0
2022-07-23 00:00:00,0.0
2022-07-23 01:00:00,0.0
2022-07-23 02:00:00,0.0
2022-07-23 03:00:00,0.0
2022-07-23 04:00:00,0.0
2022-07-23 05:00:00,0.0
2022-07-23 06:00:00,0.0
2022-07-23 07:00:00,0.0
2022-07-23 08:00:00,0.0
2022-07-23 09:00:00,0.0
2022-07-23 10:00:00,0.0
2022-07-23 11:00:00,74.55000125000001
2022-07-23 12:00:00,301.275
2022-07-23 13:00:00,516.55001
2022-07-23 14:00:00,686.82501
2022-07-23 15:00:00,797.0250100000001
2022-07-23 16:00:00,837.5500099999999
2022-07-23 17:00:00,803.55
2022-07-23 18:00:00,698.62501
2022-07-23 19:00:00,532.975
2022-07-23 20:00:00,320.90000499999996
2022-07-23 21:00:00,91.5250025
2022-07-23 22:00:00,0.0
2022-07-23 23:00:00,0.0
2022-07-24 00:00:00,0.0
2022-07-24 01:00:00,0.0
2022-07-24 02:00:00,0.0
2022-07-24 03:00:00,0.0
2022-07-24 04:00:00,0.0
2022-07-24 05:00:00,0.0
2022-07-24 06:00:00,0.0
2022-07-24 07:00:00,0.0
2022-07-24 08:00:00,0.0
2022-07-24 09:00:00,0.0
2022-07-24 10:00:00,0.0
2022-07-24 11:00:00,75.6750025
2022-07-24 12:00:00,302.475
2022-07-24 13:00:00,518.375005
2022-07-24 14:00:00,689.05001
2022-07-24 15:00:00,800.025
2022-07-24 16:00:00,839.425
2022-07-24 17:00:00,805.00001
2022-07-24 18:00:00,700.3500200000001
2022-07-24 19:00:00,534.25001
2022-07-24 20:00:00,323.225
2022-07-24 21:00:00,93.82500375000001
2022-07-24 22:00:00,0.0
2022-07-24 23:00:00,0.0
2022-07-25 00:00:00,0.0
2022-07-25 01:00:00,0.0
2022-07-25 02:00:00,0.0
2022-07-25 03:00:00,0.0
2022-07-25 04:00:00,0.0
2022-07-25 05:00:00,0.0
2022-07-25 06:00:00,0.0
2022-07-25 07:00:00,0.0
2022-07-25 08:00:00,0.0
2022-07-25 09:00:00,0.0
2022-07-25 10:00:00,0.0
2022-07-25 11:00:00,131.15000500000002
2022-07-25 12:00:00,311.07501
2022-07-25 13:00:00,531.100005
2022-07-25 14:00:00,705.37502
2022-07-25 15:00:00,817.7750100000001
2022-07-25 16:00:00,857.90001
2022-07-25 17:00:00,822.675
2022-07-25 18:00:00,715.42501
2022-07-25 19:00:00,545.725
2022-07-25 20:00:00,329.9500025
2022-07-25 21:00:00,96.2250025
2022-07-25 22:00:00,0.0
2022-07-25 23:00:00,0.0
2022-07-26 00:00:00,0.0
2022-07-26 01:00:00,0.0
2022-07-26 02:00:00,0.0
2022-07-26 03:00:00,0.0
2022-07-26 04:00:00,0.0
2022-07-26 05:00:00,0.0
2022-07-26 06:00:00,0.0
2022-07-26 07:00:00,0.0
2022-07-26 08:00:00,0.0
2022-07-26 09:00:00,0.0
2022-07-26 10:00:00,0.0
2022-07-26 11:00:00,78.45000375000001
2022-07-26 12:00:00,304.57500500000003
2022-07-26 13:00:00,520.50002
2022-07-26 14:00:00,690.70001
2022-07-26 15:00:00,797.70001
2022-07-26 16:00:00,835.4000100000001
2022-07-26 17:00:00,801.2
2022-07-26 18:00:00,697.0500099999999
2022-07-26 19:00:00,531.1
2022-07-26 20:00:00,318.600005
2022-07-26 21:00:00,91.2500025
2022-07-26 22:00:00,0.0
2022-07-26 23:00:00,0.0
2022-07-27 00:00:00,0.0
2022-07-27 01:00:00,0.0
2022-07-27 02:00:00,0.0
2022-07-27 03:00:00,0.0
2022-07-27 04:00:00,0.0
2022-07-27 05:00:00,0.0
2022-07-27 06:00:00,0.0
2022-07-27 07:00:00,0.0
2022-07-27 08:00:00,0.0
2022-07-27 09:00:00,0.0
2022-07-27 10:00:00,0.0
2022-07-27 11:00:00,72.85
2022-07-27 12:00:00,295.000005
2022-07-27 13:00:00,507.27501500000005
2022-07-27 14:00:00,675.92501
2022-07-27 15:00:00,785.0
2022-07-27 16:00:00,823.80001
2022-07-27 17:00:00,790.775
2022-07-27 18:00:00,688.35
2022-07-27 19:00:00,524.600005
2022-07-27 20:00:00,315.325
2022-07-27 21:00:00,75.775
2022-07-27 22:00:00,0.0
2022-07-27 23:00:00,0.0
2022-07-28 00:00:00,0.0
2022-07-28 01:00:00,0.0
2022-07-28 02:00:00,0.0
2022-07-28 03:00:00,0.0
2022-07-28 04:00:00,0.0
2022-07-28 05:00:00,0.0
2022-07-28 06:00:00,0.0
2022-07-28 07:00:00,0.0
2022-07-28 08:00:00,0.0
2022-07-28 09:00:00,0.0
2022-07-28 10:00:00,0.0
2022-07-28 11:00:00,75.3
2022-07-28 12:00:00,300.40000499999996
2022-07-28 13:00:00,513.8
2022-07-28 14:00:00,683.95002
2022-07-28 15:00:00,793.37501
2022-07-28 16:00:00,832.175
2022-07-28 17:00:00,797.175
2022-07-28 18:00:00,692.00001
2022-07-28 19:00:00,526.300015
2022-07-28 20:00:00,312.8500075
2022-07-28 21:00:00,47.574999999999996
2022-07-28 22:00:00,0.0
2022-07-28 23:00:00,0.0
2022-07-29 00:00:00,0.0
2022-07-29 01:00:00,0.0
2022-07-29 02:00:00,0.0
2022-07-29 03:00:00,0.0
2022-07-29 04:00:00,0.0
2022-07-29 05:00:00,0.0
2022-07-29 06:00:00,0.0
2022-07-29 07:00:00,0.0
2022-07-29 08:00:00,0.0
2022-07-29 09:00:00,0.0
2022-07-29 10:00:00,0.0
2022-07-29 11:00:00,79.45
2022-07-29 12:00:00,303.7500075
2022-07-29 13:00:00,519.45
2022-07-29 14:00:00,690.22501
2022-07-29 15:00:00,802.12502
2022-07-29 16:00:00,843.35001
2022-07-29 17:00:00,809.37502
2022-07-29 18:00:00,703.35
2022-07-29 19:00:00,536.075
2022-07-29 20:00:00,324.20000749999997
2022-07-29 21:00:00,96.95000025
2022-07-29 22:00:00,0.0
2022-07-29 23:00:00,0.0
2022-07-30 00:00:00,0.0
2022-07-30 01:00:00,0.0
2022-07-30 02:00:00,0.0
2022-07-30 03:00:00,0.0
2022-07-30 04:00:00,0.0
2022-07-30 05:00:00,0.0
2022-07-30 06:00:00,0.0
2022-07-30 07:00:00,0.0
2022-07-30 08:00:00,0.0
2022-07-30 09:00:00,0.0
2022-07-30 10:00:00,0.0
2022-07-30 11:00:00,83.150002575
2022-07-30 12:00:00,311.275
2022-07-30 13:00:00,529.325
2022-07-30 14:00:00,703.4000100000001
2022-07-30 15:00:00,817.25002
2022-07-30 16:00:00,859.32501
2022-07-30 17:00:00,825.77502
2022-07-30 18:00:00,718.92501
2022-07-30 19:00:00,548.3
2022-07-30 20:00:00,332.75
2022-07-30 21:00:00,100.425
2022-07-30 22:00:00,0.0
2022-07-30 23:00:00,0.0
2022-07-31 00:00:00,0.0
2022-07-31 01:00:00,0.0
2022-07-31 02:00:00,0.0
2022-07-31 03:00:00,0.0
2022-07-31 04:00:00,0.0
2022-07-31 05:00:00,0.0
2022-07-31 06:00:00,0.0
2022-07-31 07:00:00,0.0
2022-07-31 08:00:00,0.0
2022-07-31 09:00:00,0.0
2022-07-31 10:00:00,0.0
2022-07-31 11:00:00,87.175
2022-07-31 12:00:00,322.2000025
2022-07-31 13:00:00,542.2750100000001
2022-07-31 14:00:00,715.87501
2022-07-31 15:00:00,827.1750099999999
2022-07-31 16:00:00,867.175
2022-07-31 17:00:00,831.825
2022-07-31 18:00:00,722.75001
2022-07-31 19:00:00,552.75
2022-07-31 20:00:00,336.375005
2022-07-31 21:00:00,102.37500125
2022-07-31 22:00:00,0.0
2022-07-31 23:00:00,0.0
2022-08-01 00:00:00,0.0
2022-08-01 01:00:00,0.0
2022-08-01 02:00:00,0.0
2022-08-01 03:00:00,0.0
2022-08-01 04:00:00,0.0
2022-08-01 05:00:00,0.0
2022-08-01 06:00:00,0.0
2022-08-01 07:00:00,0.0
2022-08-01 08:00:00,0.0
2022-08-01 09:00:00,0.0
2022-08-01 10:00:00,0.0
2022-08-01 11:00:00,87.575
2022-08-01 12:00:00,319.5
2022-08-01 13:00:00,541.200015
2022-08-01 14:00:00,718.5
2022-08-01 15:00:00,832.4000100000001
2022-08-01 16:00:00,872.85001
2022-08-01 17:00:00,835.55
2022-08-01 18:00:00,725.30001
2022-08-01 19:00:00,553.45001
2022-08-01 20:00:00,336.425005
2022-08-01 21:00:00,102.9250025
2022-08-01 22:00:00,0.0
2022-08-01 23:00:00,0.0
2022-08-02 00:00:00,0.0
2022-08-02 01:00:00,0.0
2022-08-02 02:00:00,0.0
2022-08-02 03:00:00,0.0
2022-08-02 04:00:00,0.0
2022-08-02 05:00:00,0.0
2022-08-02 06:00:00,0.0
2022-08-02 07:00:00,0.0
2022-08-02 08:00:00,0.0
2022-08-02 09:00:00,0.0
2022-08-02 10:00:00,0.0
2022-08-02 11:00:00,91.89999999999999
2022-08-02 12:00:00,331.65000000000003
2022-08-02 13:00:00,555.825
2022-08-02 14:00:00,732.62501
2022-08-02 15:00:00,845.8249999999999
2022-08-02 16:00:00,886.5500099999999
2022-08-02 17:00:00,851.60001
2022-08-02 18:00:00,742.65
2022-08-02 19:00:00,570.875
2022-08-02 20:00:00,352.15000499999996
2022-08-02 21:00:00,110.75000250000001
2022-08-02 22:00:00,0.0
2022-08-02 23:00:00,0.0
2022-08-03 00:00:00,0.0
2022-08-03 01:00:00,0.0
2022-08-03 02:00:00,0.0
2022-08-03 03:00:00,0.0
2022-08-03 04:00:00,0.0
2022-08-03 05:00:00,0.0
2022-08-03 06:00:00,0.0
2022-08-03 07:00:00,0.0
2022-08-03 08:00:00,0.0
2022-08-03 09:00:00,0.0
2022-08-03 10:00:00,0.0
2022-08-03 11:00:00,94.35
2022-08-03 12:00:00,333.475
2022-08-03 13:00:00,556.2500150000001
2022-08-03 14:00:00,731.1
2022-08-03 15:00:00,842.475
2022-08-03 16:00:00,883.425
2022-08-03 17:00:00,849.60001
2022-08-03 18:00:00,741.0500099999999
2022-08-03 19:00:00,568.275
2022-08-03 20:00:00,347.25
2022-08-03 21:00:00,97.075
2022-08-03 22:00:00,0.0
2022-08-03 23:00:00,0.0
2022-08-04 00:00:00,0.0
2022-08-04 01:00:00,0.0
2022-08-04 02:00:00,0.0
2022-08-04 03:00:00,0.0
2022-08-04 04:00:00,0.0
2022-08-04 05:00:00,0.0
2022-08-04 06:00:00,0.0
2022-08-04 07:00:00,0.0
2022-08-04 08:00:00,0.0
2022-08-04 09:00:00,0.0
2022-08-04 10:00:00,0.0
2022-08-04 11:00:00,97.825
2022-08-04 12:00:00,337.05
2022-08-04 13:00:00,561.425015
2022-08-04 14:00:00,738.32501
2022-08-04 15:00:00,852.20002
2022-08-04 16:00:00,892.15
2022-08-04 17:00:00,854.80001
2022-08-04 18:00:00,746.875
2022-08-04 19:00:00,577.05002
2022-08-04 20:00:00,355.475005
2022-08-04 21:00:00,113.55000025
2022-08-04 22:00:00,0.0
2022-08-04 23:00:00,0.0
2022-08-05 00:00:00,0.0
2022-08-05 01:00:00,0.0
2022-08-05 02:00:00,0.0
2022-08-05 03:00:00,0.0
2022-08-05 04:00:00,0.0
2022-08-05 05:00:00,0.0
2022-08-05 06:00:00,0.0
2022-08-05 07:00:00,0.0
2022-08-05 08:00:00,0.0
2022-08-05 09:00:00,0.0
2022-08-05 10:00:00,0.0
2022-08-05 11:00:00,99.800004
2022-08-05 12:00:00,338.0250025
2022-08-05 13:00:00,558.825
2022-08-05 14:00:00,733.2750100000001
2022-08-05 15:00:00,841.125
2022-08-05 16:00:00,878.3
2022-08-05 17:00:00,842.7
2022-08-05 18:00:00,734.025
2022-08-05 19:00:00,565.45001
2022-08-05 20:00:00,339.6750025
2022-08-05 21:00:00,66.4750005
2022-08-05 22:00:00,0.0
2022-08-05 23:00:00,0.0
2022-08-06 00:00:00,0.0
2022-08-06 01:00:00,0.0
2022-08-06 02:00:00,0.0
2022-08-06 03:00:00,0.0
2022-08-06 04:00:00,0.0
2022-08-06 05:00:00,0.0
2022-08-06 06:00:00,0.0
2022-08-06 07:00:00,0.0
2022-08-06 08:00:00,0.0
2022-08-06 09:00:00,0.0
2022-08-06 10:00:00,0.0
2022-08-06 11:00:00,96.70000025
2022-08-06 12:00:00,326.3
2022-08-06 13:00:00,544.825
2022-08-06 14:00:00,720.20001
2022-08-06 15:00:00,837.52502
2022-08-06 16:00:00,882.025
2022-08-06 17:00:00,849.75001
2022-08-06 18:00:00,741.00001
2022-08-06 19:00:00,568.32501
2022-08-06 20:00:00,348.27501
2022-08-06 21:00:00,112.2250025
2022-08-06 22:00:00,0.0
2022-08-06 23:00:00,0.0
2022-08-07 00:00:00,0.0
2022-08-07 01:00:00,0.0
2022-08-07 02:00:00,0.0
2022-08-07 03:00:00,0.0
2022-08-07 04:00:00,0.0
2022-08-07 05:00:00,0.0
2022-08-07 06:00:00,0.0
2022-08-07 07:00:00,0.0
2022-08-07 08:00:00,0.0
2022-08-07 09:00:00,0.0
2022-08-07 10:00:00,0.0
2022-08-07 11:00:00,105.02500275
2022-08-07 12:00:00,348.525005
2022-08-07 13:00:00,573.700025
2022-08-07 14:00:00,749.90002
2022-08-07 15:00:00,862.07501
2022-08-07 16:00:00,902.5
2022-08-07 17:00:00,865.85
2022-08-07 18:00:00,757.9250099999999
2022-08-07 19:00:00,583.9000100000001
2022-08-07 20:00:00,360.4
2022-08-07 21:00:00,117.67500125000001
2022-08-07 22:00:00,0.0
2022-08-07 23:00:00,0.0
2022-08-08 00:00:00,0.0
2022-08-08 01:00:00,0.0
2022-08-08 02:00:00,0.0
2022-08-08 03:00:00,0.0
2022-08-08 04:00:00,0.0
2022-08-08 05:00:00,0.0
2022-08-08 06:00:00,0.0
2022-08-08 07:00:00,0.0
2022-08-08 08:00:00,0.0
2022-08-08 09:00:00,0.0
2022-08-08 10:00:00,0.0
2022-08-08 11:00:00,107.2500025
2022-08-08 12:00:00,350.02500499999996
2022-08-08 13:00:00,576.025
2022-08-08 14:00:00,753.6750099999999
2022-08-08 15:00:00,866.32502
2022-08-08 16:00:00,906.0
2022-08-08 17:00:00,870.2
2022-08-08 18:00:00,759.47501
2022-08-08 19:00:00,583.67501
2022-08-08 20:00:00,360.375005
2022-08-08 21:00:00,117.9500005
2022-08-08 22:00:00,0.0
2022-08-08 23:00:00,0.0
2022-08-09 00:00:00,0.0
2022-08-09 01:00:00,0.0
2022-08-09 02:00:00,0.0
2022-08-09 03:00:00,0.0
2022-08-09 04:00:00,0.0
2022-08-09 05:00:00,0.0
2022-08-09 06:00:00,0.0
2022-08-09 07:00:00,0.0
2022-08-09 08:00:00,0.0
2022-08-09 09:00:00,0.0
2022-08-09 10:00:00,0.0
2022-08-09 11:00:00,109.725
2022-08-09 12:00:00,356.675005
2022-08-09 13:00:00,585.52502
2022-08-09 14:00:00,766.20002
2022-08-09 15:00:00,883.42501
2022-08-09 16:00:00,926.8
2022-08-09 17:00:00,889.12501
2022-08-09 18:00:00,776.07501
2022-08-09 19:00:00,598.6
2022-08-09 20:00:00,371.65
2022-08-09 21:00:00,124.25000299999999
2022-08-09 22:00:00,0.0
2022-08-09 23:00:00,0.0
2022-08-10 00:00:00,0.0
2022-08-10 01:00:00,0.0
2022-08-10 02:00:00,0.0
2022-08-10 03:00:00,0.0
2022-08-10 04:00:00,0.0
2022-08-10 05:00:00,0.0
2022-08-10 06:00:00,0.0
2022-08-10 07:00:00,0.0
2022-08-10 08:00:00,0.0
2022-08-10 09:00:00,0.0
2022-08-10 10:00:00,0.0
2022-08-10 11:00:00,111.6250025
2022-08-10 12:00:00,344.0666733333333
2022-08-10 13:00:00,581.200015
2022-08-10 14:00:00,759.85001
2022-08-10 15:00:00,874.175
2022-08-10 16:00:00,914.25
2022-08-10 17:00:00,876.97502
2022-08-10 18:00:00,766.92502
2022-08-10 19:00:00,591.2249999999999
2022-08-10 20:00:00,366.775015
2022-08-10 21:00:00,121.65000125
2022-08-10 22:00:00,0.0
2022-08-10 23:00:00,0.0
2022-08-11 00:00:00,0.0
2022-08-11 01:00:00,0.0
2022-08-11 02:00:00,0.0
2022-08-11 03:00:00,0.0
2022-08-11 04:00:00,0.0
2022-08-11 05:00:00,0.0
2022-08-11 06:00:00,0.0
2022-08-11 07:00:00,0.0
2022-08-11 08:00:00,0.0
2022-08-11 09:00:00,0.0
2022-08-11 10:00:00,0.0
2022-08-11 11:00:00,115.30000025000001
2022-08-11 12:00:00,360.55
2022-08-11 13:00:00,587.82501
2022-08-11 14:00:00,766.12503
2022-08-11 15:00:00,879.97501
2022-08-11 16:00:00,919.4000100000001
2022-08-11 17:00:00,882.05
2022-08-11 18:00:00,771.0749999999999
2022-08-11 19:00:00,594.32502
2022-08-11 20:00:00,368.725
2022-08-11 21:00:00,123.450003
2022-08-11 22:00:00,0.0
2022-08-11 23:00:00,0.0
2022-08-12 00:00:00,0.0
2022-08-12 01:00:00,0.0
2022-08-12 02:00:00,0.0
2022-08-12 03:00:00,0.0
2022-08-12 04:00:00,0.0
2022-08-12 05:00:00,0.0
2022-08-12 06:00:00,0.0
2022-08-12 07:00:00,0.0
2022-08-12 08:00:00,0.0
2022-08-12 09:00:00,0.0
2022-08-12 10:00:00,0.0
2022-08-12 11:00:00,111.32500025
2022-08-12 12:00:00,362.10001
2022-08-12 13:00:00,587.40002
2022-08-12 14:00:00,764.375
2022-08-12 15:00:00,877.07502
2022-08-12 16:00:00,915.10001
2022-08-12 17:00:00,874.775
2022-08-12 18:00:00,762.65002
2022-08-12 19:00:00,589.07501
2022-08-12 20:00:00,367.250005
2022-08-12 21:00:00,107.0250005
2022-08-12 22:00:00,0.0
2022-08-12 23:00:00,0.0
2022-08-13 00:00:00,0.0
2022-08-13 01:00:00,0.0
2022-08-13 02:00:00,0.0
2022-08-13 03:00:00,0.0
2022-08-13 04:00:00,0.0
2022-08-13 05:00:00,0.0
2022-08-13 06:00:00,0.0
2022-08-13 07:00:00,0.0
2022-08-13 08:00:00,0.0
2022-08-13 09:00:00,0.0
2022-08-13 10:00:00,0.0
2022-08-13 11:00:00,119.67500125000001
2022-08-13 12:00:00,364.275005
2022-08-13 13:00:00,590.6750099999999
2022-08-13 14:00:00,768.85
2022-08-13 15:00:00,882.3000099999999
2022-08-13 16:00:00,918.2750100000001
2022-08-13 17:00:00,877.60002
2022-08-13 18:00:00,763.87502
2022-08-13 19:00:00,589.52502
2022-08-13 20:00:00,367.65
2022-08-13 21:00:00,107.6
2022-08-13 22:00:00,0.0
2022-08-13 23:00:00,0.0
2022-08-14 00:00:00,0.0
2022-08-14 01:00:00,0.0
2022-08-14 02:00:00,0.0
2022-08-14 03:00:00,0.0
2022-08-14 04:00:00,0.0
2022-08-14 05:00:00,0.0
2022-08-14 06:00:00,0.0
2022-08-14 07:00:00,0.0
2022-08-14 08:00:00,0.0
2022-08-14 09:00:00,0.0
2022-08-14 10:00:00,0.0
2022-08-14 11:00:00,124.4000025
2022-08-14 12:00:00,373.0
2022-08-14 13:00:00,601.45001
2022-08-14 14:00:00,779.8
2022-08-14 15:00:00,891.12501
2022-08-14 16:00:00,928.825
2022-08-14 17:00:00,889.075
2022-08-14 18:00:00,776.1500100000001
2022-08-14 19:00:00,602.5
2022-08-14 20:00:00,377.975005
2022-08-14 21:00:00,120.65000025
2022-08-14 22:00:00,0.0
2022-08-14 23:00:00,0.0
2022-08-15 00:00:00,0.0
2022-08-15 01:00:00,0.0
2022-08-15 02:00:00,0.0
2022-08-15 03:00:00,0.0
2022-08-15 04:00:00,0.0
2022-08-15 05:00:00,0.0
2022-08-15 06:00:00,0.0
2022-08-15 07:00:00,0.0
2022-08-15 08:00:00,0.0
2022-08-15 09:00:00,0.0
2022-08-15 10:00:00,0.0
2022-08-15 11:00:00,127.0
2022-08-15 12:00:00,375.000005
2022-08-15 13:00:00,603.975
2022-08-15 14:00:00,782.97501
2022-08-15 15:00:00,895.20001
2022-08-15 16:00:00,932.95001
2022-08-15 17:00:00,896.62501
2022-08-15 18:00:00,760.85001
2022-08-15 19:00:00,549.200005
2022-08-15 20:00:00,376.250005
2022-08-15 21:00:00,113.90000125
2022-08-15 22:00:00,0.0
2022-08-15 23:00:00,0.0
2022-08-16 00:00:00,0.0
2022-08-16 01:00:00,0.0
2022-08-16 02:00:00,0.0
2022-08-16 03:00:00,0.0
2022-08-16 04:00:00,0.0
2022-08-16 05:00:00,0.0
2022-08-16 06:00:00,0.0
2022-08-16 07:00:00,0.0
2022-08-16 08:00:00,0.0
2022-08-16 09:00:00,0.0
2022-08-16 10:00:00,0.0
2022-08-16 11:00:00,132.2
2022-08-16 12:00:00,385.375
2022-08-16 13:00:00,616.62501
2022-08-16 14:00:00,797.9
2022-08-16 15:00:00,912.675
2022-08-16 16:00:00,951.7750100000001
2022-08-16 17:00:00,912.5
2022-08-16 18:00:00,798.10002
2022-08-16 19:00:00,616.50001
2022-08-16 20:00:00,384.95000500000003
2022-08-16 21:00:00,133.60000125
2022-08-16 22:00:00,0.025
2022-08-16 23:00:00,0.0
2022-08-17 00:00:00,0.0
2022-08-17 01:00:00,0.0
2022-08-17 02:00:00,0.0
2022-08-17 03:00:00,0.0
2022-08-17 04:00:00,0.0
2022-08-17 05:00:00,0.0
2022-08-17 06:00:00,0.0
2022-08-17 07:00:00,0.0
2022-08-17 08:00:00,0.0
2022-08-17 09:00:00,0.0
2022-08-17 10:00:00,0.025
2022-08-17 11:00:00,136.875
2022-08-17 12:00:00,387.675
2022-08-17 13:00:00,619.5250100000001
2022-08-17 14:00:00,801.05
2022-08-17 15:00:00,915.4000100000001
2022-08-17 16:00:00,951.4000100000001
2022-08-17 17:00:00,909.925
2022-08-17 18:00:00,795.37501
2022-08-17 19:00:00,615.07502
2022-08-17 20:00:00,384.925
2022-08-17 21:00:00,134.8250005
2022-08-17 22:00:00,0.175
2022-08-17 23:00:00,0.0
2022-08-18 00:00:00,0.0
2022-08-18 01:00:00,0.0
2022-08-18 02:00:00,0.0
2022-08-18 03:00:00,0.0
2022-08-18 04:00:00,0.0
2022-08-18 05:00:00,0.0
2022-08-18 06:00:00,0.0
2022-08-18 07:00:00,0.0
2022-08-18 08:00:00,0.0
2022-08-18 09:00:00,0.0
2022-08-18 10:00:00,0.375
2022-08-18 11:00:00,140.4
2022-08-18 12:00:00,397.45
2022-08-18 13:00:00,630.55002
2022-08-18 14:00:00,812.0500099999999
2022-08-18 15:00:00,926.35001
2022-08-18 16:00:00,965.4
2022-08-18 17:00:00,926.3
2022-08-18 18:00:00,811.25001
2022-08-18 19:00:00,628.625
2022-08-18 20:00:00,395.175
2022-08-18 21:00:00,139.575
2022-08-18 22:00:00,0.35
2022-08-18 23:00:00,0.0
2022-08-19 00:00:00,0.0
2022-08-19 01:00:00,0.0
2022-08-19 02:00:00,0.0
2022-08-19 03:00:00,0.0
2022-08-19 04:00:00,0.0
2022-08-19 05:00:00,0.0
2022-08-19 06:00:00,0.0
2022-08-19 07:00:00,0.0
2022-08-19 08:00:00,0.0
2022-08-19 09:00:00,0.0
2022-08-19 10:00:00,0.75
2022-08-19 11:00:00,136.25
2022-08-19 12:00:00,379.025
2022-08-19 13:00:00,605.97501
2022-08-19 14:00:00,784.1
2022-08-19 15:00:00,898.6
2022-08-19 16:00:00,938.35
2022-08-19 17:00:00,898.425
2022-08-19 18:00:00,781.72501
2022-08-19 19:00:00,600.0250100000001
2022-08-19 20:00:00,372.575
2022-08-19 21:00:00,125.7750025
2022-08-19 22:00:00,0.425
2022-08-19 23:00:00,0.0
2022-08-20 00:00:00,0.0
2022-08-20 01:00:00,0.0
2022-08-20 02:00:00,0.0
2022-08-20 03:00:00,0.0
2022-08-20 04:00:00,0.0
2022-08-20 05:00:00,0.0
2022-08-20 06:00:00,0.0
2022-08-20 07:00:00,0.0
2022-08-20 08:00:00,0.0
2022-08-20 09:00:00,0.0
2022-08-20 10:00:00,1.15
2022-08-20 11:00:00,138.875
2022-08-20 12:00:00,379.95
2022-08-20 13:00:00,608.42502
2022-08-20 14:00:00,787.47501
2022-08-20 15:00:00,902.85001
2022-08-20 16:00:00,941.95
2022-08-20 17:00:00,903.2249999999999
2022-08-20 18:00:00,790.20002
2022-08-20 19:00:00,610.07501
2022-08-20 20:00:00,380.250005
2022-08-20 21:00:00,130.9500025
2022-08-20 22:00:00,0.6
2022-08-20 23:00:00,0.0
2022-08-21 00:00:00,0.0
2022-08-21 01:00:00,0.0
2022-08-21 02:00:00,0.0
2022-08-21 03:00:00,0.0
2022-08-21 04:00:00,0.0
2022-08-21 05:00:00,0.0
2022-08-21 06:00:00,0.0
2022-08-21 07:00:00,0.0
2022-08-21 08:00:00,0.0
2022-08-21 09:00:00,0.0
2022-08-21 10:00:00,1.550000075
2022-08-21 11:00:00,138.65
2022-08-21 12:00:00,396.62501
2022-08-21 13:00:00,625.825
2022-08-21 14:00:00,804.775
2022-08-21 15:00:00,917.57501
2022-08-21 16:00:00,956.07501
2022-08-21 17:00:00,915.85001
2022-08-21 18:00:00,798.9749999999999
2022-08-21 19:00:00,616.85
2022-08-21 20:00:00,386.75001
2022-08-21 21:00:00,137.0
2022-08-21 22:00:00,0.8
2022-08-21 23:00:00,0.0
2022-08-22 00:00:00,0.0
2022-08-22 01:00:00,0.0
2022-08-22 02:00:00,0.0
2022-08-22 03:00:00,0.0
2022-08-22 04:00:00,0.0
2022-08-22 05:00:00,0.0
2022-08-22 06:00:00,0.0
2022-08-22 07:00:00,0.0
2022-08-22 08:00:00,0.0
2022-08-22 09:00:00,0.0
2022-08-22 10:00:00,2.125
2022-08-22 11:00:00,146.150003
2022-08-22 12:00:00,393.95
2022-08-22 13:00:00,622.4750200000001
2022-08-22 14:00:00,801.9000000000001
2022-08-22 15:00:00,916.22501
2022-08-22 16:00:00,952.425
2022-08-22 17:00:00,910.125
2022-08-22 18:00:00,798.35
2022-08-22 19:00:00,625.17501
2022-08-22 20:00:00,395.375005
2022-08-22 21:00:00,142.225
2022-08-22 22:00:00,1.025
2022-08-22 23:00:00,0.0
2022-08-23 00:00:00,0.0
2022-08-23 01:00:00,0.0
2022-08-23 02:00:00,0.0
2022-08-23 03:00:00,0.0
2022-08-23 04:00:00,0.0
2022-08-23 05:00:00,0.0
2022-08-23 06:00:00,0.0
2022-08-23 07:00:00,0.0
2022-08-23 08:00:00,0.0
2022-08-23 09:00:00,0.0
2022-08-23 10:00:00,2.9
2022-08-23 11:00:00,160.050005
2022-08-23 12:00:00,422.425005
2022-08-23 13:00:00,658.175
2022-08-23 14:00:00,840.52501
2022-08-23 15:00:00,954.6500100000001
2022-08-23 16:00:00,990.375
2022-08-23 17:00:00,946.67501
2022-08-23 18:00:00,826.87501
2022-08-23 19:00:00,640.42501
2022-08-23 20:00:00,404.150005
2022-08-23 21:00:00,146.5
2022-08-23 22:00:00,1.25
2022-08-23 23:00:00,0.0
2022-08-24 00:00:00,0.0
2022-08-24 01:00:00,0.0
2022-08-24 02:00:00,0.0
2022-08-24 03:00:00,0.0
2022-08-24 04:00:00,0.0
2022-08-24 05:00:00,0.0
2022-08-24 06:00:00,0.0
2022-08-24 07:00:00,0.0
2022-08-24 08:00:00,0.0
2022-08-24 09:00:00,0.0
2022-08-24 10:00:00,3.15
2022-08-24 11:00:00,153.95000125
2022-08-24 12:00:00,412.025005
2022-08-24 13:00:00,643.22501
2022-08-24 14:00:00,823.70003
2022-08-24 15:00:00,936.47502
2022-08-24 16:00:00,971.45
2022-08-24 17:00:00,928.2
2022-08-24 18:00:00,810.95
2022-08-24 19:00:00,629.35001
2022-08-24 20:00:00,397.4
2022-08-24 21:00:00,142.150003
2022-08-24 22:00:00,1.35
2022-08-24 23:00:00,0.0
2022-08-25 00:00:00,0.0
2022-08-25 01:00:00,0.0
2022-08-25 02:00:00,0.0
2022-08-25 03:00:00,0.0
2022-08-25 04:00:00,0.0
2022-08-25 05:00:00,0.0
2022-08-25 06:00:00,0.0
2022-08-25 07:00:00,0.0
2022-08-25 08:00:00,0.0
2022-08-25 09:00:00,0.0
2022-08-25 10:00:00,3.85000025
2022-08-25 11:00:00,159.60000374999998
2022-08-25 12:00:00,417.600005
2022-08-25 13:00:00,649.45
2022-08-25 14:00:00,830.10001
2022-08-25 15:00:00,945.5
2022-08-25 16:00:00,981.95
2022-08-25 17:00:00,938.90002
2022-08-25 18:00:00,819.55001
2022-08-25 19:00:00,633.30001
2022-08-25 20:00:00,399.400005
2022-08-25 21:00:00,145.0
2022-08-25 22:00:00,1.550000075
2022-08-25 23:00:00,0.0
2022-08-26 00:00:00,0.0
2022-08-26 01:00:00,0.0
2022-08-26 02:00:00,0.0
2022-08-26 03:00:00,0.0
2022-08-26 04:00:00,0.0
2022-08-26 05:00:00,0.0
2022-08-26 06:00:00,0.0
2022-08-26 07:00:00,0.0
2022-08-26 08:00:00,0.0
2022-08-26 09:00:00,0.0
2022-08-26 10:00:00,4.05
2022-08-26 11:00:00,154.375
2022-08-26 12:00:00,407.65
2022-08-26 13:00:00,635.6500100000001
2022-08-26 14:00:00,814.95001
2022-08-26 15:00:00,929.55002
2022-08-26 16:00:00,963.87501
2022-08-26 17:00:00,922.0
2022-08-26 18:00:00,811.95003
2022-08-26 19:00:00,635.1999999999999
2022-08-26 20:00:00,405.90000499999996
2022-08-26 21:00:00,148.82500375
2022-08-26 22:00:00,1.775
2022-08-26 23:00:00,0.0
2022-08-27 00:00:00,0.0
2022-08-27 01:00:00,0.0
2022-08-27 02:00:00,0.0
2022-08-27 03:00:00,0.0
2022-08-27 04:00:00,0.0
2022-08-27 05:00:00,0.0
2022-08-27 06:00:00,0.0
2022-08-27 07:00:00,0.0
2022-08-27 08:00:00,0.0
2022-08-27 09:00:00,0.0
2022-08-27 10:00:00,5.275
2022-08-27 11:00:00,171.17499999999998
2022-08-27 12:00:00,428.250015
2022-08-27 13:00:00,658.325
2022-08-27 14:00:00,835.97502
2022-08-27 15:00:00,946.6999999999999
2022-08-27 16:00:00,980.82503
2022-08-27 17:00:00,937.7
2022-08-27 18:00:00,820.70001
2022-08-27 19:00:00,634.57502
2022-08-27 20:00:00,339.225005
2022-08-27 21:00:00,86.02500025
2022-08-27 22:00:00,0.0
2022-08-27 23:00:00,0.0
2022-08-28 00:00:00,0.0
2022-08-28 01:00:00,0.0
2022-08-28 02:00:00,0.0
2022-08-28 03:00:00,0.0
2022-08-28 04:00:00,0.0
2022-08-28 05:00:00,0.0
2022-08-28 06:00:00,0.0
2022-08-28 07:00:00,0.0
2022-08-28 08:00:00,0.0
2022-08-28 09:00:00,0.0
2022-08-28 10:00:00,3.625
2022-08-28 11:00:00,119.650003
2022-08-28 12:00:00,316.07500500000003
2022-08-28 13:00:00,500.500005
2022-08-28 14:00:00,673.00001
2022-08-28 15:00:00,846.125
2022-08-28 16:00:00,921.0250100000001
2022-08-28 17:00:00,876.05
2022-08-28 18:00:00,590.7750100000001
2022-08-28 19:00:00,338.55
2022-08-28 20:00:00,162.7500025
2022-08-28 21:00:00,25.125
2022-08-28 22:00:00,0.0
2022-08-28 23:00:00,0.0
2022-08-29 00:00:00,0.0
2022-08-29 01:00:00,0.0
2022-08-29 02:00:00,0.0
2022-08-29 03:00:00,0.0
2022-08-29 04:00:00,0.0
2022-08-29 05:00:00,0.0
2022-08-29 06:00:00,0.0
2022-08-29 07:00:00,0.0
2022-08-29 08:00:00,0.0
2022-08-29 09:00:00,0.0
2022-08-29 10:00:00,5.0
2022-08-29 11:00:00,146.92499999999998
2022-08-29 12:00:00,348.4
2022-08-29 13:00:00,532.05
2022-08-29 14:00:00,792.0250100000001
2022-08-29 15:00:00,894.425
2022-08-29 16:00:00,928.5
2022-08-29 17:00:00,875.1
2022-08-29 18:00:00,494.350005
2022-08-29 19:00:00,468.4
2022-08-29 20:00:00,175.250005
2022-08-29 21:00:00,82.62500125
2022-08-29 22:00:00,0.0
2022-08-29 23:00:00,0.0
2022-08-30 00:00:00,0.0
2022-08-30 01:00:00,0.0
2022-08-30 02:00:00,0.0
2022-08-30 03:00:00,0.0
2022-08-30 04:00:00,0.0
2022-08-30 05:00:00,0.0
2022-08-30 06:00:00,0.0
2022-08-30 07:00:00,0.0
2022-08-30 08:00:00,0.0
2022-08-30 09:00:00,0.0
2022-08-30 10:00:00,6.20000025
2022-08-30 11:00:00,164.39999999999998
2022-08-30 12:00:00,415.250005
2022-08-30 13:00:00,642.55
2022-08-30 14:00:00,818.42501
2022-08-30 15:00:00,930.10002
2022-08-30 16:00:00,962.5500099999999
2022-08-30 17:00:00,921.3
2022-08-30 18:00:00,805.62502
2022-08-30 19:00:00,624.25001
2022-08-30 20:00:00,393.70000500000003
2022-08-30 21:00:00,140.925
2022-08-30 22:00:00,2.15
2022-08-30 23:00:00,0.0
2022-08-31 00:00:00,0.0
2022-08-31 01:00:00,0.0
2022-08-31 02:00:00,0.0
2022-08-31 03:00:00,0.0
2022-08-31 04:00:00,0.0
2022-08-31 05:00:00,0.0
2022-08-31 06:00:00,0.0
2022-08-31 07:00:00,0.0
2022-08-31 08:00:00,0.0
2022-08-31 09:00:00,0.0
2022-08-31 10:00:00,7.65
2022-08-31 11:00:00,180.87500375
2022-08-31 12:00:00,443.45
2022-08-31 13:00:00,676.72502
2022-08-31 14:00:00,856.675
2022-08-31 15:00:00,967.37501
2022-08-31 16:00:00,999.8
2022-08-31 17:00:00,953.4
2022-08-31 18:00:00,829.9
2022-08-31 19:00:00,643.1
2022-08-31 20:00:00,408.45000500000003
2022-08-31 21:00:00,150.3750005
2022-08-31 22:00:00,2.55
2022-08-31 23:00:00,0.0
2022-09-01 00:00:00,0.0
2022-09-01 01:00:00,0.0
2022-09-01 02:00:00,0.0
2022-09-01 03:00:00,0.0
2022-09-01 04:00:00,0.0
2022-09-01 05:00:00,0.0
2022-09-01 06:00:00,0.0
2022-09-01 07:00:00,0.0
2022-09-01 08:00:00,0.0
2022-09-01 09:00:00,0.0
2022-09-01 10:00:00,8.625
2022-09-01 11:00:00,187.05
2022-09-01 12:00:00,442.500005
2022-09-01 13:00:00,673.32501
2022-09-01 14:00:00,850.47502
2022-09-01 15:00:00,960.775
2022-09-01 16:00:00,998.55
2022-09-01 17:00:00,953.5999999999999
2022-09-01 18:00:00,827.70002
2022-09-01 19:00:00,639.05001
2022-09-01 20:00:00,405.27500499999996
2022-09-01 21:00:00,153.125
2022-09-01 22:00:00,2.8
2022-09-01 23:00:00,0.0
2022-09-02 00:00:00,0.0
2022-09-02 01:00:00,0.0
2022-09-02 02:00:00,0.0
2022-09-02 03:00:00,0.0
2022-09-02 04:00:00,0.0
2022-09-02 05:00:00,0.0
2022-09-02 06:00:00,0.0
2022-09-02 07:00:00,0.0
2022-09-02 08:00:00,0.0
2022-09-02 09:00:00,0.0
2022-09-02 10:00:00,9.1500005
2022-09-02 11:00:00,187.45
2022-09-02 12:00:00,443.200015
2022-09-02 13:00:00,672.35001
2022-09-02 14:00:00,848.325
2022-09-02 15:00:00,958.825
2022-09-02 16:00:00,1000.1500100000001
2022-09-02 17:00:00,960.1
2022-09-02 18:00:00,841.125
2022-09-02 19:00:00,650.50001
2022-09-02 20:00:00,410.825
2022-09-02 21:00:00,155.175
2022-09-02 22:00:00,2.97500025
2022-09-02 23:00:00,0.0
2022-09-03 00:00:00,0.0
2022-09-03 01:00:00,0.0
2022-09-03 02:00:00,0.0
2022-09-03 03:00:00,0.0
2022-09-03 04:00:00,0.0
2022-09-03 05:00:00,0.0
2022-09-03 06:00:00,0.0
2022-09-03 07:00:00,0.0
2022-09-03 08:00:00,0.0
2022-09-03 09:00:00,0.0
2022-09-03 10:00:00,10.2750005
2022-09-03 11:00:00,175.625005
2022-09-03 12:00:00,446.775
2022-09-03 13:00:00,678.85001
2022-09-03 14:00:00,858.22502
2022-09-03 15:00:00,969.65003
2022-09-03 16:00:00,998.25
2022-09-03 17:00:00,947.50002
2022-09-03 18:00:00,831.07501
2022-09-03 19:00:00,652.3499999999999
2022-09-03 20:00:00,413.70000500000003
2022-09-03 21:00:00,146.17500125
2022-09-03 22:00:00,2.75
2022-09-03 23:00:00,0.0
2022-09-04 00:00:00,0.0
2022-09-04 01:00:00,0.0
2022-09-04 02:00:00,0.0
2022-09-04 03:00:00,0.0
2022-09-04 04:00:00,0.0
2022-09-04 05:00:00,0.0
2022-09-04 06:00:00,0.0
2022-09-04 07:00:00,0.0
2022-09-04 08:00:00,0.0
2022-09-04 09:00:00,0.0
2022-09-04 10:00:00,10.375
2022-09-04 11:00:00,171.4500025
2022-09-04 12:00:00,449.475005
2022-09-04 13:00:00,682.85001
2022-09-04 14:00:00,862.65001
2022-09-04 15:00:00,971.80003
2022-09-04 16:00:00,1004.675
2022-09-04 17:00:00,973.15
2022-09-04 18:00:00,845.3000099999999
2022-09-04 19:00:00,653.00001
2022-09-04 20:00:00,415.55001
2022-09-04 21:00:00,135.4000025
2022-09-04 22:00:00,3.45
2022-09-04 23:00:00,0.0
2022-09-05 00:00:00,0.0
2022-09-05 01:00:00,0.0
2022-09-05 02:00:00,0.0
2022-09-05 03:00:00,0.0
2022-09-05 04:00:00,0.0
2022-09-05 05:00:00,0.0
2022-09-05 06:00:00,0.0
2022-09-05 07:00:00,0.0
2022-09-05 08:00:00,0.0
2022-09-05 09:00:00,0.0
2022-09-05 10:00:00,12.275000025
2022-09-05 11:00:00,194.800005
2022-09-05 12:00:00,460.700015
2022-09-05 13:00:00,691.0999999999999
2022-09-05 14:00:00,868.50002
2022-09-05 15:00:00,975.75001
2022-09-05 16:00:00,1003.90001
2022-09-05 17:00:00,955.07501
2022-09-05 18:00:00,831.55
2022-09-05 19:00:00,650.1500000000001
2022-09-05 20:00:00,411.975005
2022-09-05 21:00:00,153.7
2022-09-05 22:00:00,3.3
2022-09-05 23:00:00,0.0
2022-09-06 00:00:00,0.0
2022-09-06 01:00:00,0.0
2022-09-06 02:00:00,0.0
2022-09-06 03:00:00,0.0
2022-09-06 04:00:00,0.0
2022-09-06 05:00:00,0.0
2022-09-06 06:00:00,0.0
2022-09-06 07:00:00,0.0
2022-09-06 08:00:00,0.0
2022-09-06 09:00:00,0.0
2022-09-06 10:00:00,14.625
2022-09-06 11:00:00,214.4750075
2022-09-06 12:00:00,481.225
2022-09-06 13:00:00,716.275
2022-09-06 14:00:00,896.5999999999999
2022-09-06 15:00:00,1007.750035
2022-09-06 16:00:00,1040.27505
2022-09-06 17:00:00,991.925
2022-09-06 18:00:00,866.05
2022-09-06 19:00:00,673.00001
2022-09-06 20:00:00,430.55001000000004
2022-09-06 21:00:00,166.1
2022-09-06 22:00:00,4.0
2022-09-06 23:00:00,0.0
2022-09-07 00:00:00,0.0
2022-09-07 01:00:00,0.0
2022-09-07 02:00:00,0.0
2022-09-07 03:00:00,0.0
2022-09-07 04:00:00,0.0
2022-09-07 05:00:00,0.0
2022-09-07 06:00:00,0.0
2022-09-07 07:00:00,0.0
2022-09-07 08:00:00,0.0
2022-09-07 09:00:00,0.0
2022-09-07 10:00:00,16.45
2022-09-07 11:00:00,218.775
2022-09-07 12:00:00,489.8
2022-09-07 13:00:00,727.4
2022-09-07 14:00:00,908.9
2022-09-07 15:00:00,1019.45
2022-09-07 16:00:00,1048.300025
2022-09-07 17:00:00,996.5
2022-09-07 18:00:00,872.42503
2022-09-07 19:00:00,680.25
2022-09-07 20:00:00,435.87501
2022-09-07 21:00:00,165.3750005
2022-09-07 22:00:00,4.25
2022-09-07 23:00:00,0.0
2022-09-08 00:00:00,0.0
2022-09-08 01:00:00,0.0
2022-09-08 02:00:00,0.0
2022-09-08 03:00:00,0.0
2022-09-08 04:00:00,0.0
2022-09-08 05:00:00,0.0
2022-09-08 06:00:00,0.0
2022-09-08 07:00:00,0.0
2022-09-08 08:00:00,0.0
2022-09-08 09:00:00,0.0
2022-09-08 10:00:00,17.17500025
2022-09-08 11:00:00,218.625
2022-09-08 12:00:00,476.100005
2022-09-08 13:00:00,706.7
2022-09-08 14:00:00,882.525
2022-09-08 15:00:00,987.35001
2022-09-08 16:00:00,1018.1000200000001
2022-09-08 17:00:00,969.82501
2022-09-08 18:00:00,842.675
2022-09-08 19:00:00,652.32501
2022-09-08 20:00:00,413.750005
2022-09-08 21:00:00,153.7
2022-09-08 22:00:00,3.72500025
2022-09-08 23:00:00,0.0
2022-09-09 00:00:00,0.0
2022-09-09 01:00:00,0.0
2022-09-09 02:00:00,0.0
2022-09-09 03:00:00,0.0
2022-09-09 04:00:00,0.0
2022-09-09 05:00:00,0.0
2022-09-09 06:00:00,0.0
2022-09-09 07:00:00,0.0
2022-09-09 08:00:00,0.0
2022-09-09 09:00:00,0.0
2022-09-09 10:00:00,15.35
2022-09-09 11:00:00,201.4
2022-09-09 12:00:00,461.92501500000003
2022-09-09 13:00:00,692.07501
2022-09-09 14:00:00,868.12501
2022-09-09 15:00:00,971.90001
2022-09-09 16:00:00,1000.7750100000001
2022-09-09 17:00:00,951.45
2022-09-09 18:00:00,827.625
2022-09-09 19:00:00,640.725
2022-09-09 20:00:00,405.32501
2022-09-09 21:00:00,148.92499999999998
2022-09-09 22:00:00,3.575
2022-09-09 23:00:00,0.0
2022-09-10 00:00:00,0.0
2022-09-10 01:00:00,0.0
2022-09-10 02:00:00,0.0
2022-09-10 03:00:00,0.0
2022-09-10 04:00:00,0.0
2022-09-10 05:00:00,0.0
2022-09-10 06:00:00,0.0
2022-09-10 07:00:00,0.0
2022-09-10 08:00:00,0.0
2022-09-10 09:00:00,0.0
2022-09-10 10:00:00,14.45
2022-09-10 11:00:00,190.35000000000002
2022-09-10 12:00:00,453.72501
2022-09-10 13:00:00,681.70001
2022-09-10 14:00:00,856.1500100000001
2022-09-10 15:00:00,971.17502
2022-09-10 16:00:00,1001.42501
2022-09-10 17:00:00,954.85001
2022-09-10 18:00:00,831.65
2022-09-10 19:00:00,642.57502
2022-09-10 20:00:00,406.975
2022-09-10 21:00:00,86.82499999999999
2022-09-10 22:00:00,0.0
2022-09-10 23:00:00,0.0
2022-09-11 00:00:00,0.0
2022-09-11 01:00:00,0.0
2022-09-11 02:00:00,0.0
2022-09-11 03:00:00,0.0
2022-09-11 04:00:00,0.0
2022-09-11 05:00:00,0.0
2022-09-11 06:00:00,0.0
2022-09-11 07:00:00,0.0
2022-09-11 08:00:00,0.0
2022-09-11 09:00:00,0.0
2022-09-11 10:00:00,20.900001250000003
2022-09-11 11:00:00,223.0500025
2022-09-11 12:00:00,492.05001500000003
2022-09-11 13:00:00,722.05002
2022-09-11 14:00:00,896.07501
2022-09-11 15:00:00,1001.275
2022-09-11 16:00:00,1031.750025
2022-09-11 17:00:00,980.92501
2022-09-11 18:00:00,855.87501
2022-09-11 19:00:00,667.325
2022-09-11 20:00:00,429.575
2022-09-11 21:00:00,148.550005075
2022-09-11 22:00:00,4.9
2022-09-11 23:00:00,0.0
2022-09-12 00:00:00,0.0
2022-09-12 01:00:00,0.0
2022-09-12 02:00:00,0.0
2022-09-12 03:00:00,0.0
2022-09-12 04:00:00,0.0
2022-09-12 05:00:00,0.0
2022-09-12 06:00:00,0.0
2022-09-12 07:00:00,0.0
2022-09-12 08:00:00,0.0
2022-09-12 09:00:00,0.0
2022-09-12 10:00:00,24.5
2022-09-12 11:00:00,237.52500500000002
2022-09-12 12:00:00,503.625005
2022-09-12 13:00:00,734.70001
2022-09-12 14:00:00,909.4250099999999
2022-09-12 15:00:00,1014.55
2022-09-12 16:00:00,1042.3249999999998
2022-09-12 17:00:00,990.175
2022-09-12 18:00:00,864.875
2022-09-12 19:00:00,673.70001
2022-09-12 20:00:00,432.55001000000004
2022-09-12 21:00:00,170.775
2022-09-12 22:00:00,5.125
2022-09-12 23:00:00,0.0
2022-09-13 00:00:00,0.0
2022-09-13 01:00:00,0.0
2022-09-13 02:00:00,0.0
2022-09-13 03:00:00,0.0
2022-09-13 04:00:00,0.0
2022-09-13 05:00:00,0.0
2022-09-13 06:00:00,0.0
2022-09-13 07:00:00,0.0
2022-09-13 08:00:00,0.0
2022-09-13 09:00:00,0.0
2022-09-13 10:00:00,25.6
2022-09-13 11:00:00,242.95
2022-09-13 12:00:00,510.35
2022-09-13 13:00:00,743.75001
2022-09-13 14:00:00,919.00003
2022-09-13 15:00:00,1022.0749999999999
2022-09-13 16:00:00,1048.375
2022-09-13 17:00:00,999.0
2022-09-13 18:00:00,874.4
2022-09-13 19:00:00,679.95001
2022-09-13 20:00:00,438.625015
2022-09-13 21:00:00,175.375005
2022-09-13 22:00:00,5.45000025
2022-09-13 23:00:00,0.0
2022-09-14 00:00:00,0.0
2022-09-14 01:00:00,0.0
2022-09-14 02:00:00,0.0
2022-09-14 03:00:00,0.0
2022-09-14 04:00:00,0.0
2022-09-14 05:00:00,0.0
2022-09-14 06:00:00,0.0
2022-09-14 07:00:00,0.0
2022-09-14 08:00:00,0.0
2022-09-14 09:00:00,0.0
2022-09-14 10:00:00,29.42500125
2022-09-14 11:00:00,253.625
2022-09-14 12:00:00,532.850005
2022-09-14 13:00:00,772.8
2022-09-14 14:00:00,953.0
2022-09-14 15:00:00,1059.05
2022-09-14 16:00:00,1084.8999999999999
2022-09-14 17:00:00,1028.875
2022-09-14 18:00:00,898.275
2022-09-14 19:00:00,701.8
2022-09-14 20:00:00,451.75
2022-09-14 21:00:00,178.375005
2022-09-14 22:00:00,5.6
2022-09-14 23:00:00,0.0
2022-09-15 00:00:00,0.0
2022-09-15 01:00:00,0.0
2022-09-15 02:00:00,0.0
2022-09-15 03:00:00,0.0
2022-09-15 04:00:00,0.0
2022-09-15 05:00:00,0.0
2022-09-15 06:00:00,0.0
2022-09-15 07:00:00,0.0
2022-09-15 08:00:00,0.0
2022-09-15 09:00:00,0.0
2022-09-15 10:00:00,29.550000250000004
2022-09-15 11:00:00,250.1250025
2022-09-15 12:00:00,514.87501
2022-09-15 13:00:00,749.225
2022-09-15 14:00:00,928.17502
2022-09-15 15:00:00,1037.625025
2022-09-15 16:00:00,1066.05
2022-09-15 17:00:00,1013.025035
2022-09-15 18:00:00,882.42501
2022-09-15 19:00:00,685.9
2022-09-15 20:00:00,440.4
2022-09-15 21:00:00,170.2
2022-09-15 22:00:00,5.35
2022-09-15 23:00:00,0.0
2022-09-16 00:00:00,0.0
2022-09-16 01:00:00,0.0
2022-09-16 02:00:00,0.0
2022-09-16 03:00:00,0.0
2022-09-16 04:00:00,0.0
2022-09-16 05:00:00,0.0
2022-09-16 06:00:00,0.0
2022-09-16 07:00:00,0.0
2022-09-16 08:00:00,0.0
2022-09-16 09:00:00,0.0
2022-09-16 10:00:00,29.975
2022-09-16 11:00:00,249.05
2022-09-16 12:00:00,517.600015
2022-09-16 13:00:00,750.6000200000001
2022-09-16 14:00:00,928.2750100000001
2022-09-16 15:00:00,1038.325025
2022-09-16 16:00:00,1065.550025
2022-09-16 17:00:00,1011.32501
2022-09-16 18:00:00,880.85
2022-09-16 19:00:00,684.5250000000001
2022-09-16 20:00:00,442.55001000000004
2022-09-16 21:00:00,175.7
2022-09-16 22:00:00,5.9
2022-09-16 23:00:00,0.0
2022-09-17 00:00:00,0.0
2022-09-17 01:00:00,0.0
2022-09-17 02:00:00,0.0
2022-09-17 03:00:00,0.0
2022-09-17 04:00:00,0.0
2022-09-17 05:00:00,0.0
2022-09-17 06:00:00,0.0
2022-09-17 07:00:00,0.0
2022-09-17 08:00:00,0.0
2022-09-17 09:00:00,0.0
2022-09-17 10:00:00,32.599999999999994
2022-09-17 11:00:00,257.975
2022-09-17 12:00:00,523.2250200000001
2022-09-17 13:00:00,756.32501
2022-09-17 14:00:00,931.825
2022-09-17 15:00:00,1035.87506
2022-09-17 16:00:00,1062.175
2022-09-17 17:00:00,1011.050025
2022-09-17 18:00:00,883.07501
2022-09-17 19:00:00,687.575
2022-09-17 20:00:00,442.275
2022-09-17 21:00:00,153.0
2022-09-17 22:00:00,0.0
2022-09-17 23:00:00,0.0
2022-09-18 00:00:00,0.0
2022-09-18 01:00:00,0.0
2022-09-18 02:00:00,0.0
2022-09-18 03:00:00,0.0
2022-09-18 04:00:00,0.0
2022-09-18 05:00:00,0.0
2022-09-18 06:00:00,0.0
2022-09-18 07:00:00,0.0
2022-09-18 08:00:00,0.0
2022-09-18 09:00:00,0.0
2022-09-18 10:00:00,35.4
2022-09-18 11:00:00,264.225005
2022-09-18 12:00:00,531.80002
2022-09-18 13:00:00,763.37502
2022-09-18 14:00:00,938.25001
2022-09-18 15:00:00,1042.300025
2022-09-18 16:00:00,1068.07505
2022-09-18 17:00:00,1014.92502
2022-09-18 18:00:00,884.82501
2022-09-18 19:00:00,686.40001
2022-09-18 20:00:00,443.27502000000004
2022-09-18 21:00:00,131.100003
2022-09-18 22:00:00,0.0
2022-09-18 23:00:00,0.0
2022-09-19 00:00:00,0.0
2022-09-19 01:00:00,0.0
2022-09-19 02:00:00,0.0
2022-09-19 03:00:00,0.0
2022-09-19 04:00:00,0.0
2022-09-19 05:00:00,0.0
2022-09-19 06:00:00,0.0
2022-09-19 07:00:00,0.0
2022-09-19 08:00:00,0.0
2022-09-19 09:00:00,0.0
2022-09-19 10:00:00,38.1
2022-09-19 11:00:00,276.175005
2022-09-19 12:00:00,540.42501
2022-09-19 13:00:00,773.0999999999999
2022-09-19 14:00:00,948.6000200000001
2022-09-19 15:00:00,1051.500025
2022-09-19 16:00:00,1076.825025
2022-09-19 17:00:00,1025.275025
2022-09-19 18:00:00,892.60001
2022-09-19 19:00:00,691.65001
2022-09-19 20:00:00,447.4
2022-09-19 21:00:00,158.25000775
2022-09-19 22:00:00,0.0
2022-09-19 23:00:00,0.0
2022-09-20 00:00:00,0.0
2022-09-20 01:00:00,0.0
2022-09-20 02:00:00,0.0
2022-09-20 03:00:00,0.0
2022-09-20 04:00:00,0.0
2022-09-20 05:00:00,0.0
2022-09-20 06:00:00,0.0
2022-09-20 07:00:00,0.0
2022-09-20 08:00:00,0.0
2022-09-20 09:00:00,0.0
2022-09-20 10:00:00,40.150000500000004
2022-09-20 11:00:00,274.2
2022-09-20 12:00:00,551.375
2022-09-20 13:00:00,785.2
2022-09-20 14:00:00,960.32503
2022-09-20 15:00:00,1065.800025
2022-09-20 16:00:00,1092.325025
2022-09-20 17:00:00,1031.8
2022-09-20 18:00:00,899.87501
2022-09-20 19:00:00,707.9250099999999
2022-09-20 20:00:00,459.525
2022-09-20 21:00:00,179.0000075
2022-09-20 22:00:00,7.15
2022-09-20 23:00:00,0.0
2022-09-21 00:00:00,0.0
2022-09-21 01:00:00,0.0
2022-09-21 02:00:00,0.0
2022-09-21 03:00:00,0.0
2022-09-21 04:00:00,0.0
2022-09-21 05:00:00,0.0
2022-09-21 06:00:00,0.0
2022-09-21 07:00:00,0.0
2022-09-21 08:00:00,0.0
2022-09-21 09:00:00,0.0
2022-09-21 10:00:00,42.925
2022-09-21 11:00:00,287.975
2022-09-21 12:00:00,556.95
2022-09-21 13:00:00,791.475
2022-09-21 14:00:00,967.475
2022-09-21 15:00:00,1072.275025
2022-09-21 16:00:00,1098.075025
2022-09-21 17:00:00,1041.050025
2022-09-21 18:00:00,906.5
2022-09-21 19:00:00,708.65002
2022-09-21 20:00:00,435.200005
2022-09-21 21:00:00,60.975
2022-09-21 22:00:00,0.0
2022-09-21 23:00:00,0.0
2022-09-22 00:00:00,0.0
2022-09-22 01:00:00,0.0
2022-09-22 02:00:00,0.0
2022-09-22 03:00:00,0.0
2022-09-22 04:00:00,0.0
2022-09-22 05:00:00,0.0
2022-09-22 06:00:00,0.0
2022-09-22 07:00:00,0.0
2022-09-22 08:00:00,0.0
2022-09-22 09:00:00,0.0
2022-09-22 10:00:00,44.850001250000005
2022-09-22 11:00:00,294.1500025
2022-09-22 12:00:00,562.375025
2022-09-22 13:00:00,797.97501
2022-09-22 14:00:00,975.3000099999999
2022-09-22 15:00:00,1079.8
2022-09-22 16:00:00,1101.950025
2022-09-22 17:00:00,1042.925
2022-09-22 18:00:00,907.67501
2022-09-22 19:00:00,706.85001
2022-09-22 20:00:00,457.425005
2022-09-22 21:00:00,185.05000125
2022-09-22 22:00:00,7.20000025
2022-09-22 23:00:00,0.0
2022-09-23 00:00:00,0.0
2022-09-23 01:00:00,0.0
2022-09-23 02:00:00,0.0
2022-09-23 03:00:00,0.0
2022-09-23 04:00:00,0.0
2022-09-23 05:00:00,0.0
2022-09-23 06:00:00,0.0
2022-09-23 07:00:00,0.0
2022-09-23 08:00:00,0.0
2022-09-23 09:00:00,0.0
2022-09-23 10:00:00,46.00000125
2022-09-23 11:00:00,277.2250075
2022-09-23 12:00:00,556.175
2022-09-23 13:00:00,789.45001
2022-09-23 14:00:00,963.95001
2022-09-23 15:00:00,1064.175025
2022-09-23 16:00:00,1091.475025
2022-09-23 17:00:00,1046.85
2022-09-23 18:00:00,913.1
2022-09-23 19:00:00,710.1750099999999
2022-09-23 20:00:00,462.27501
2022-09-23 21:00:00,188.27500125
2022-09-23 22:00:00,7.625
2022-09-23 23:00:00,0.0
2022-09-24 00:00:00,0.0
2022-09-24 01:00:00,0.0
2022-09-24 02:00:00,0.0
2022-09-24 03:00:00,0.0
2022-09-24 04:00:00,0.0
2022-09-24 05:00:00,0.0
2022-09-24 06:00:00,0.0
2022-09-24 07:00:00,0.0
2022-09-24 08:00:00,0.0
2022-09-24 09:00:00,0.0
2022-09-24 10:00:00,50.9
2022-09-24 11:00:00,299.475
2022-09-24 12:00:00,568.325015
2022-09-24 13:00:00,801.0999999999999
2022-09-24 14:00:00,975.325025
2022-09-24 15:00:00,1077.375
2022-09-24 16:00:00,1102.85
2022-09-24 17:00:00,1045.925
2022-09-24 18:00:00,908.9250099999999
2022-09-24 19:00:00,703.575
2022-09-24 20:00:00,401.375015
2022-09-24 21:00:00,62.02500025
2022-09-24 22:00:00,0.0
2022-09-24 23:00:00,0.0
2022-09-25 00:00:00,0.0
2022-09-25 01:00:00,0.0
2022-09-25 02:00:00,0.0
2022-09-25 03:00:00,0.0
2022-09-25 04:00:00,0.0
2022-09-25 05:00:00,0.0
2022-09-25 06:00:00,0.0
2022-09-25 07:00:00,0.0
2022-09-25 08:00:00,0.0
2022-09-25 09:00:00,0.0
2022-09-25 10:00:00,53.57500025
2022-09-25 11:00:00,308.175
2022-09-25 12:00:00,582.25
2022-09-25 13:00:00,817.62503
2022-09-25 14:00:00,993.575
2022-09-25 15:00:00,1095.20005
2022-09-25 16:00:00,1116.600025
2022-09-25 17:00:00,1060.82505
2022-09-25 18:00:00,927.8499999999999
2022-09-25 19:00:00,722.12501
2022-09-25 20:00:00,469.12501
2022-09-25 21:00:00,194.2
2022-09-25 22:00:00,8.375
2022-09-25 23:00:00,0.0
2022-09-26 00:00:00,0.0
2022-09-26 01:00:00,0.0
2022-09-26 02:00:00,0.0
2022-09-26 03:00:00,0.0
2022-09-26 04:00:00,0.0
2022-09-26 05:00:00,0.0
2022-09-26 06:00:00,0.0
2022-09-26 07:00:00,0.0
2022-09-26 08:00:00,0.0
2022-09-26 09:00:00,0.0
2022-09-26 10:00:00,55.95
2022-09-26 11:00:00,306.52501
2022-09-26 12:00:00,578.975
2022-09-26 13:00:00,814.775
2022-09-26 14:00:00,991.775
2022-09-26 15:00:00,1096.97505
2022-09-26 16:00:00,1123.125025
2022-09-26 17:00:00,1066.67505
2022-09-26 18:00:00,930.85001
2022-09-26 19:00:00,724.3499999999999
2022-09-26 20:00:00,470.550005
2022-09-26 21:00:00,196.2750025
2022-09-26 22:00:00,8.575
2022-09-26 23:00:00,0.0
2022-09-27 00:00:00,0.0
2022-09-27 01:00:00,0.0
2022-09-27 02:00:00,0.0
2022-09-27 03:00:00,0.0
2022-09-27 04:00:00,0.0
2022-09-27 05:00:00,0.0
2022-09-27 06:00:00,0.0
2022-09-27 07:00:00,0.0
2022-09-27 08:00:00,0.0
2022-09-27 09:00:00,0.0
2022-09-27 10:00:00,57.975004000000006
2022-09-27 11:00:00,308.82500000000005
2022-09-27 12:00:00,582.375
2022-09-27 13:00:00,816.37501
2022-09-27 14:00:00,992.0749999999999
2022-09-27 15:00:00,1102.225
2022-09-27 16:00:00,1133.7
2022-09-27 17:00:00,1075.6
2022-09-27 18:00:00,936.975
2022-09-27 19:00:00,730.0
2022-09-27 20:00:00,475.625005
2022-09-27 21:00:00,175.25
2022-09-27 22:00:00,0.0
2022-09-27 23:00:00,0.0
2022-09-28 00:00:00,0.0
2022-09-28 01:00:00,0.0
2022-09-28 02:00:00,0.0
2022-09-28 03:00:00,0.0
2022-09-28 04:00:00,0.0
2022-09-28 05:00:00,0.0
2022-09-28 06:00:00,0.0
2022-09-28 07:00:00,0.0
2022-09-28 08:00:00,0.0
2022-09-28 09:00:00,0.0
2022-09-28 10:00:00,61.97500025
2022-09-28 11:00:00,318.375
2022-09-28 12:00:00,587.325015
2022-09-28 13:00:00,824.00002
2022-09-28 14:00:00,1004.875
2022-09-28 15:00:00,1111.125025
2022-09-28 16:00:00,1134.35
2022-09-28 17:00:00,1073.85
2022-09-28 18:00:00,935.37501
2022-09-28 19:00:00,731.57501
2022-09-28 20:00:00,478.325
2022-09-28 21:00:00,144.1
2022-09-28 22:00:00,0.0
2022-09-28 23:00:00,0.0
2022-09-29 00:00:00,0.0
2022-09-29 01:00:00,0.0
2022-09-29 02:00:00,0.0
2022-09-29 03:00:00,0.0
2022-09-29 04:00:00,0.0
2022-09-29 05:00:00,0.0
2022-09-29 06:00:00,0.0
2022-09-29 07:00:00,0.0
2022-09-29 08:00:00,0.0
2022-09-29 09:00:00,0.0
2022-09-29 10:00:00,64.375
2022-09-29 11:00:00,318.725
2022-09-29 12:00:00,583.500005
2022-09-29 13:00:00,813.97502
2022-09-29 14:00:00,984.5500300000001
2022-09-29 15:00:00,1083.225025
2022-09-29 16:00:00,1113.275
2022-09-29 17:00:00,1074.1
2022-09-29 18:00:00,937.7
2022-09-29 19:00:00,733.00001
2022-09-29 20:00:00,481.40001
2022-09-29 21:00:00,203.3750025
2022-09-29 22:00:00,9.6
2022-09-29 23:00:00,0.0
2022-09-30 00:00:00,0.0
2022-09-30 01:00:00,0.0
2022-09-30 02:00:00,0.0
2022-09-30 03:00:00,0.0
2022-09-30 04:00:00,0.0
2022-09-30 05:00:00,0.0
2022-09-30 06:00:00,0.0
2022-09-30 07:00:00,0.0
2022-09-30 08:00:00,0.0
2022-09-30 09:00:00,0.0
2022-09-30 10:00:00,68.65000025
2022-09-30 11:00:00,327.9250075
2022-09-30 12:00:00,597.17501
2022-09-30 13:00:00,831.2250200000001
2022-09-30 14:00:00,1005.3000000000001
2022-09-30 15:00:00,1106.37505
2022-09-30 16:00:00,1128.5
2022-09-30 17:00:00,1068.550025
2022-09-30 18:00:00,928.95
2022-09-30 19:00:00,726.07501
2022-09-30 20:00:00,470.17499999999995
2022-09-30 21:00:00,190.5
2022-09-30 22:00:00,8.85
2022-09-30 23:00:00,0.0
2022-10-01 00:00:00,0.0
2022-10-01 01:00:00,0.0
2022-10-01 02:00:00,0.0
2022-10-01 03:00:00,0.0
2022-10-01 04:00:00,0.0
2022-10-01 05:00:00,0.0
2022-10-01 06:00:00,0.0
2022-10-01 07:00:00,0.0
2022-10-01 08:00:00,0.0
2022-10-01 09:00:00,0.0
2022-10-01 10:00:00,67.27500125
2022-10-01 11:00:00,320.15
2022-10-01 12:00:00,587.55
2022-10-01 13:00:00,817.375
2022-10-01 14:00:00,989.4250099999999
2022-10-01 15:00:00,1090.700025
2022-10-01 16:00:00,1110.800025
2022-10-01 17:00:00,1048.075025
2022-10-01 18:00:00,908.97501
2022-10-01 19:00:00,712.42502
2022-10-01 20:00:00,467.0
2022-10-01 21:00:00,190.8000025
2022-10-01 22:00:00,8.875
2022-10-01 23:00:00,0.0
2022-10-02 00:00:00,0.0
2022-10-02 01:00:00,0.0
2022-10-02 02:00:00,0.0
2022-10-02 03:00:00,0.0
2022-10-02 04:00:00,0.0
2022-10-02 05:00:00,0.0
2022-10-02 06:00:00,0.0
2022-10-02 07:00:00,0.0
2022-10-02 08:00:00,0.0
2022-10-02 09:00:00,0.0
2022-10-02 10:00:00,65.40000025
2022-10-02 11:00:00,311.875
2022-10-02 12:00:00,580.975
2022-10-02 13:00:00,807.00002
2022-10-02 14:00:00,976.575
2022-10-02 15:00:00,1074.900025
2022-10-02 16:00:00,1091.975
2022-10-02 17:00:00,1031.500035
2022-10-02 18:00:00,900.95002
2022-10-02 19:00:00,702.1500100000001
2022-10-02 20:00:00,451.34999999999997
2022-10-02 21:00:00,154.175005
2022-10-02 22:00:00,0.0
2022-10-02 23:00:00,0.0
2022-10-03 00:00:00,0.0
2022-10-03 01:00:00,0.0
2022-10-03 02:00:00,0.0
2022-10-03 03:00:00,0.0
2022-10-03 04:00:00,0.0
2022-10-03 05:00:00,0.0
2022-10-03 06:00:00,0.0
2022-10-03 07:00:00,0.0
2022-10-03 08:00:00,0.0
2022-10-03 09:00:00,0.0
2022-10-03 10:00:00,72.52500125
2022-10-03 11:00:00,322.250005
2022-10-03 12:00:00,587.425
2022-10-03 13:00:00,815.22501
2022-10-03 14:00:00,985.3
2022-10-03 15:00:00,1085.75005
2022-10-03 16:00:00,1103.60005
2022-10-03 17:00:00,1044.100025
2022-10-03 18:00:00,908.9250099999999
2022-10-03 19:00:00,712.45001
2022-10-03 20:00:00,468.750005
2022-10-03 21:00:00,137.0750025
2022-10-03 22:00:00,9.575
2022-10-03 23:00:00,0.0
2022-10-04 00:00:00,0.0
2022-10-04 01:00:00,0.0
2022-10-04 02:00:00,0.0
2022-10-04 03:00:00,0.0
2022-10-04 04:00:00,0.0
2022-10-04 05:00:00,0.0
2022-10-04 06:00:00,0.0
2022-10-04 07:00:00,0.0
2022-10-04 08:00:00,0.0
2022-10-04 09:00:00,0.0
2022-10-04 10:00:00,75.825
2022-10-04 11:00:00,335.07500500000003
2022-10-04 12:00:00,608.72501
2022-10-04 13:00:00,840.2
2022-10-04 14:00:00,1015.82501
2022-10-04 15:00:00,1121.975
2022-10-04 16:00:00,1143.15
2022-10-04 17:00:00,1079.55
2022-10-04 18:00:00,938.425
2022-10-04 19:00:00,732.35001
2022-10-04 20:00:00,479.425005
2022-10-04 21:00:00,204.35000125
2022-10-04 22:00:00,10.575
2022-10-04 23:00:00,0.0
2022-10-05 00:00:00,0.0
2022-10-05 01:00:00,0.0
2022-10-05 02:00:00,0.0
2022-10-05 03:00:00,0.0
2022-10-05 04:00:00,0.0
2022-10-05 05:00:00,0.0
2022-10-05 06:00:00,0.0
2022-10-05 07:00:00,0.0
2022-10-05 08:00:00,0.0
2022-10-05 09:00:00,0.0
2022-10-05 10:00:00,78.3
2022-10-05 11:00:00,340.5000025
2022-10-05 12:00:00,625.3
2022-10-05 13:00:00,858.675
2022-10-05 14:00:00,1031.47501
2022-10-05 15:00:00,1131.5
2022-10-05 16:00:00,1152.050025
2022-10-05 17:00:00,1087.6
2022-10-05 18:00:00,945.2249999999999
2022-10-05 19:00:00,740.12501
2022-10-05 20:00:00,485.850005
2022-10-05 21:00:00,208.60000250000002
2022-10-05 22:00:00,11.175
2022-10-05 23:00:00,0.0
2022-10-06 00:00:00,0.0
2022-10-06 01:00:00,0.0
2022-10-06 02:00:00,0.0
2022-10-06 03:00:00,0.0
2022-10-06 04:00:00,0.0
2022-10-06 05:00:00,0.0
2022-10-06 06:00:00,0.0
2022-10-06 07:00:00,0.0
2022-10-06 08:00:00,0.0
2022-10-06 09:00:00,0.0
2022-10-06 10:00:00,90.50000125
2022-10-06 11:00:00,367.30001000000004
2022-10-06 12:00:00,640.25
2022-10-06 13:00:00,873.75001
2022-10-06 14:00:00,1047.925025
2022-10-06 15:00:00,1148.375
2022-10-06 16:00:00,1165.75005
2022-10-06 17:00:00,1100.25
2022-10-06 18:00:00,956.4000100000001
2022-10-06 19:00:00,748.725
2022-10-06 20:00:00,492.775
2022-10-06 21:00:00,212.30000625
2022-10-06 22:00:00,11.550000500000001
2022-10-06 23:00:00,0.0
2022-10-07 00:00:00,0.0
2022-10-07 01:00:00,0.0
2022-10-07 02:00:00,0.0
2022-10-07 03:00:00,0.0
2022-10-07 04:00:00,0.0
2022-10-07 05:00:00,0.0
2022-10-07 06:00:00,0.0
2022-10-07 07:00:00,0.0
2022-10-07 08:00:00,0.0
2022-10-07 09:00:00,0.0
2022-10-07 10:00:00,91.00000125
2022-10-07 11:00:00,362.95001
2022-10-07 12:00:00,640.1750099999999
2022-10-07 13:00:00,873.9
2022-10-07 14:00:00,1045.72501
2022-10-07 15:00:00,1141.75
2022-10-07 16:00:00,1157.375025
2022-10-07 17:00:00,1093.5
2022-10-07 18:00:00,952.95001
2022-10-07 19:00:00,745.70001
2022-10-07 20:00:00,489.20000000000005
2022-10-07 21:00:00,208.000005
2022-10-07 22:00:00,11.450000500000002
2022-10-07 23:00:00,0.0
2022-10-08 00:00:00,0.0
2022-10-08 01:00:00,0.0
2022-10-08 02:00:00,0.0
2022-10-08 03:00:00,0.0
2022-10-08 04:00:00,0.0
2022-10-08 05:00:00,0.0
2022-10-08 06:00:00,0.0
2022-10-08 07:00:00,0.0
2022-10-08 08:00:00,0.0
2022-10-08 09:00:00,0.0
2022-10-08 10:00:00,95.75000375
2022-10-08 11:00:00,371.925005
2022-10-08 12:00:00,644.95
2022-10-08 13:00:00,879.92501
2022-10-08 14:00:00,1055.725
2022-10-08 15:00:00,1154.525
2022-10-08 16:00:00,1166.925
2022-10-08 17:00:00,1096.25005
2022-10-08 18:00:00,952.82501
2022-10-08 19:00:00,748.15003
2022-10-08 20:00:00,491.925005
2022-10-08 21:00:00,70.125003
2022-10-08 22:00:00,0.0
2022-10-08 23:00:00,0.0
2022-10-09 00:00:00,0.0
2022-10-09 01:00:00,0.0
2022-10-09 02:00:00,0.0
2022-10-09 03:00:00,0.0
2022-10-09 04:00:00,0.0
2022-10-09 05:00:00,0.0
2022-10-09 06:00:00,0.0
2022-10-09 07:00:00,0.0
2022-10-09 08:00:00,0.0
2022-10-09 09:00:00,0.0
2022-10-09 10:00:00,84.900003075
2022-10-09 11:00:00,341.65
2022-10-09 12:00:00,612.25
2022-10-09 13:00:00,839.45
2022-10-09 14:00:00,1008.475
2022-10-09 15:00:00,1107.925
2022-10-09 16:00:00,1130.575025
2022-10-09 17:00:00,1087.5
2022-10-09 18:00:00,950.62501
2022-10-09 19:00:00,745.87501
2022-10-09 20:00:00,489.625005
2022-10-09 21:00:00,211.5750075
2022-10-09 22:00:00,12.525000025
2022-10-09 23:00:00,0.0
2022-10-10 00:00:00,0.0
2022-10-10 01:00:00,0.0
2022-10-10 02:00:00,0.0
2022-10-10 03:00:00,0.0
2022-10-10 04:00:00,0.0
2022-10-10 05:00:00,0.0
2022-10-10 06:00:00,0.0
2022-10-10 07:00:00,0.0
2022-10-10 08:00:00,0.0
2022-10-10 09:00:00,0.0
2022-10-10 10:00:00,96.80000175
2022-10-10 11:00:00,365.25
2022-10-10 12:00:00,644.50001
2022-10-10 13:00:00,880.2
2022-10-10 14:00:00,1056.3
2022-10-10 15:00:00,1156.475025
2022-10-10 16:00:00,1170.975025
2022-10-10 17:00:00,1104.050075
2022-10-10 18:00:00,963.075
2022-10-10 19:00:00,759.475
2022-10-10 20:00:00,500.35
2022-10-10 21:00:00,219.425
2022-10-10 22:00:00,13.7750005
2022-10-10 23:00:00,0.0
2022-10-11 00:00:00,0.0
2022-10-11 01:00:00,0.0
2022-10-11 02:00:00,0.0
2022-10-11 03:00:00,0.0
2022-10-11 04:00:00,0.0
2022-10-11 05:00:00,0.0
2022-10-11 06:00:00,0.0
2022-10-11 07:00:00,0.0
2022-10-11 08:00:00,0.0
2022-10-11 09:00:00,0.0
2022-10-11 10:00:00,106.82500025
2022-10-11 11:00:00,384.35
2022-10-11 12:00:00,657.1000200000001
2022-10-11 13:00:00,890.00001
2022-10-11 14:00:00,1061.25
2022-10-11 15:00:00,1157.825025
2022-10-11 16:00:00,1173.875
2022-10-11 17:00:00,1107.325
2022-10-11 18:00:00,962.9
2022-10-11 19:00:00,757.9250099999999
2022-10-11 20:00:00,501.0
2022-10-11 21:00:00,219.775
2022-10-11 22:00:00,14.15
2022-10-11 23:00:00,0.0
2022-10-12 00:00:00,0.0
2022-10-12 01:00:00,0.0
2022-10-12 02:00:00,0.0
2022-10-12 03:00:00,0.0
2022-10-12 04:00:00,0.0
2022-10-12 05:00:00,0.0
2022-10-12 06:00:00,0.0
2022-10-12 07:00:00,0.0
2022-10-12 08:00:00,0.0
2022-10-12 09:00:00,0.0
2022-10-12 10:00:00,104.17500000000001
2022-10-12 11:00:00,375.87501
2022-10-12 12:00:00,647.72502
2022-10-12 13:00:00,879.50003
2022-10-12 14:00:00,1051.900025
2022-10-12 15:00:00,1151.60005
2022-10-12 16:00:00,1164.3
2022-10-12 17:00:00,1102.1
2022-10-12 18:00:00,970.62502
2022-10-12 19:00:00,760.825
2022-10-12 20:00:00,500.72501
2022-10-12 21:00:00,207.13333666666668
2022-10-12 22:00:00,14.225
2022-10-12 23:00:00,0.0
2022-10-13 00:00:00,0.0
2022-10-13 01:00:00,0.0
2022-10-13 02:00:00,0.0
2022-10-13 03:00:00,0.0
2022-10-13 04:00:00,0.0
2022-10-13 05:00:00,0.0
2022-10-13 06:00:00,0.0
2022-10-13 07:00:00,0.0
2022-10-13 08:00:00,0.0
2022-10-13 09:00:00,0.0
2022-10-13 10:00:00,105.85000124999999
2022-10-13 11:00:00,373.150005
2022-10-13 12:00:00,654.70002
2022-10-13 13:00:00,886.55001
2022-10-13 14:00:00,1056.7
2022-10-13 15:00:00,1155.750025
2022-10-13 16:00:00,1173.150025
2022-10-13 17:00:00,1107.925025
2022-10-13 18:00:00,963.6750099999999
2022-10-13 19:00:00,754.07502
2022-10-13 20:00:00,498.000015
2022-10-13 21:00:00,221.0
2022-10-13 22:00:00,15.075
2022-10-13 23:00:00,0.0
2022-10-14 00:00:00,0.0
2022-10-14 01:00:00,0.0
2022-10-14 02:00:00,0.0
2022-10-14 03:00:00,0.0
2022-10-14 04:00:00,0.0
2022-10-14 05:00:00,0.0
2022-10-14 06:00:00,0.0
2022-10-14 07:00:00,0.0
2022-10-14 08:00:00,0.0
2022-10-14 09:00:00,0.0
2022-10-14 10:00:00,96.30000125000001
2022-10-14 11:00:00,344.25
2022-10-14 12:00:00,596.2
2022-10-14 13:00:00,839.82501
2022-10-14 14:00:00,1006.15
2022-10-14 15:00:00,1106.3750249999998
2022-10-14 16:00:00,1094.675025
2022-10-14 17:00:00,1034.950025
2022-10-14 18:00:00,897.475
2022-10-14 19:00:00,685.9000100000001
2022-10-14 20:00:00,453.3
2022-10-14 21:00:00,175.125
2022-10-14 22:00:00,10.425
2022-10-14 23:00:00,0.0
2022-10-15 00:00:00,0.0
2022-10-15 01:00:00,0.0
2022-10-15 02:00:00,0.0
2022-10-15 03:00:00,0.0
2022-10-15 04:00:00,0.0
2022-10-15 05:00:00,0.0
2022-10-15 06:00:00,0.0
2022-10-15 07:00:00,0.0
2022-10-15 08:00:00,0.0
2022-10-15 09:00:00,0.0
2022-10-15 10:00:00,96.10000025
2022-10-15 11:00:00,344.5250075
2022-10-15 12:00:00,600.22501
2022-10-15 13:00:00,845.875
2022-10-15 14:00:00,1015.400035
2022-10-15 15:00:00,1107.05
2022-10-15 16:00:00,1121.425025
2022-10-15 17:00:00,1065.0
2022-10-15 18:00:00,913.1
2022-10-15 19:00:00,598.275
2022-10-15 20:00:00,442.35
2022-10-15 21:00:00,193.72500374999998
2022-10-15 22:00:00,12.625
2022-10-15 23:00:00,0.0
2022-10-16 00:00:00,0.0
2022-10-16 01:00:00,0.0
2022-10-16 02:00:00,0.0
2022-10-16 03:00:00,0.0
2022-10-16 04:00:00,0.0
2022-10-16 05:00:00,0.0
2022-10-16 06:00:00,0.0
2022-10-16 07:00:00,0.0
2022-10-16 08:00:00,0.0
2022-10-16 09:00:00,0.0
2022-10-16 10:00:00,99.75
2022-10-16 11:00:00,318.4500075
2022-10-16 12:00:00,524.37501
2022-10-16 13:00:00,846.77501
2022-10-16 14:00:00,1028.225
2022-10-16 15:00:00,1120.275025
2022-10-16 16:00:00,1132.775
2022-10-16 17:00:00,1069.075
2022-10-16 18:00:00,930.75001
2022-10-16 19:00:00,618.0250100000001
2022-10-16 20:00:00,284.775
2022-10-16 21:00:00,82.92500075000001
2022-10-16 22:00:00,0.0
2022-10-16 23:00:00,0.0
2022-10-17 00:00:00,0.0
2022-10-17 01:00:00,0.0
2022-10-17 02:00:00,0.0
2022-10-17 03:00:00,0.0
2022-10-17 04:00:00,0.0
2022-10-17 05:00:00,0.0
2022-10-17 06:00:00,0.0
2022-10-17 07:00:00,0.0
2022-10-17 08:00:00,0.0
2022-10-17 09:00:00,0.0
2022-10-17 10:00:00,107.47500275000002
2022-10-17 11:00:00,366.800005
2022-10-17 12:00:00,630.25002
2022-10-17 13:00:00,853.4750200000001
2022-10-17 14:00:00,1020.1500100000001
2022-10-17 15:00:00,1125.025
2022-10-17 16:00:00,1146.65005
2022-10-17 17:00:00,1084.62505
2022-10-17 18:00:00,945.825
2022-10-17 19:00:00,733.675
2022-10-17 20:00:00,487.625005
2022-10-17 21:00:00,216.125
2022-10-17 22:00:00,16.15
2022-10-17 23:00:00,0.0
2022-10-18 00:00:00,0.0
2022-10-18 01:00:00,0.0
2022-10-18 02:00:00,0.0
2022-10-18 03:00:00,0.0
2022-10-18 04:00:00,0.0
2022-10-18 05:00:00,0.0
2022-10-18 06:00:00,0.0
2022-10-18 07:00:00,0.0
2022-10-18 08:00:00,0.0
2022-10-18 09:00:00,0.0
2022-10-18 10:00:00,120.30000375
2022-10-18 11:00:00,381.57500500000003
2022-10-18 12:00:00,648.45001
2022-10-18 13:00:00,872.1750099999999
2022-10-18 14:00:00,1039.6
2022-10-18 15:00:00,1142.05005
2022-10-18 16:00:00,1162.7
2022-10-18 17:00:00,1100.85
2022-10-18 18:00:00,968.45
2022-10-18 19:00:00,766.95
2022-10-18 20:00:00,506.52502000000004
2022-10-18 21:00:00,228.0750025
2022-10-18 22:00:00,18.2750005
2022-10-18 23:00:00,0.0
2022-10-19 00:00:00,0.0
2022-10-19 01:00:00,0.0
2022-10-19 02:00:00,0.0
2022-10-19 03:00:00,0.0
2022-10-19 04:00:00,0.0
2022-10-19 05:00:00,0.0
2022-10-19 06:00:00,0.0
2022-10-19 07:00:00,0.0
2022-10-19 08:00:00,0.0
2022-10-19 09:00:00,0.0
2022-10-19 10:00:00,126.7
2022-10-19 11:00:00,397.150005
2022-10-19 12:00:00,669.875
2022-10-19 13:00:00,898.55001
2022-10-19 14:00:00,1069.225
2022-10-19 15:00:00,1171.150075
2022-10-19 16:00:00,1191.475025
2022-10-19 17:00:00,1127.325025
2022-10-19 18:00:00,978.95
2022-10-19 19:00:00,765.4000100000001
2022-10-19 20:00:00,510.525
2022-10-19 21:00:00,233.52500250000003
2022-10-19 22:00:00,19.25
2022-10-19 23:00:00,0.0
2022-10-20 00:00:00,0.0
2022-10-20 01:00:00,0.0
2022-10-20 02:00:00,0.0
2022-10-20 03:00:00,0.0
2022-10-20 04:00:00,0.0
2022-10-20 05:00:00,0.0
2022-10-20 06:00:00,0.0
2022-10-20 07:00:00,0.0
2022-10-20 08:00:00,0.0
2022-10-20 09:00:00,0.0
2022-10-20 10:00:00,138.675005
2022-10-20 11:00:00,421.15002000000004
2022-10-20 12:00:00,694.175
2022-10-20 13:00:00,924.8500200000001
2022-10-20 14:00:00,1092.575
2022-10-20 15:00:00,1184.4
2022-10-20 16:00:00,1195.975025
2022-10-20 17:00:00,1127.425025
2022-10-20 18:00:00,983.200045
2022-10-20 19:00:00,773.82502
2022-10-20 20:00:00,516.52502
2022-10-20 21:00:00,236.02501
2022-10-20 22:00:00,19.974999999999998
2022-10-20 23:00:00,0.0
2022-10-21 00:00:00,0.0
2022-10-21 01:00:00,0.0
2022-10-21 02:00:00,0.0
2022-10-21 03:00:00,0.0
2022-10-21 04:00:00,0.0
2022-10-21 05:00:00,0.0
2022-10-21 06:00:00,0.0
2022-10-21 07:00:00,0.0
2022-10-21 08:00:00,0.0
2022-10-21 09:00:00,0.0
2022-10-21 10:00:00,132.5
2022-10-21 11:00:00,401.625015
2022-10-21 12:00:00,676.55
2022-10-21 13:00:00,894.4666666666667
2022-10-21 14:00:00,1071.65
2022-10-21 15:00:00,1166.125
2022-10-21 16:00:00,1175.675025
2022-10-21 17:00:00,1100.300025
2022-10-21 18:00:00,953.1750099999999
2022-10-21 19:00:00,751.00001
2022-10-21 20:00:00,500.450015
2022-10-21 21:00:00,226.450005
2022-10-21 22:00:00,19.15
2022-10-21 23:00:00,0.0
2022-10-22 00:00:00,0.0
2022-10-22 01:00:00,0.0
2022-10-22 02:00:00,0.0
2022-10-22 03:00:00,0.0
2022-10-22 04:00:00,0.0
2022-10-22 05:00:00,0.0
2022-10-22 06:00:00,0.0
2022-10-22 07:00:00,0.0
2022-10-22 08:00:00,0.0
2022-10-22 09:00:00,0.0
2022-10-22 10:00:00,133.5500025
2022-10-22 11:00:00,398.5
2022-10-22 12:00:00,657.1500100000001
2022-10-22 13:00:00,876.75001
2022-10-22 14:00:00,1039.325025
2022-10-22 15:00:00,1131.350075
2022-10-22 16:00:00,1145.800025
2022-10-22 17:00:00,1064.525
2022-10-22 18:00:00,820.12501
2022-10-22 19:00:00,730.25002
2022-10-22 20:00:00,485.55001500000003
2022-10-22 21:00:00,216.82500124999999
2022-10-22 22:00:00,3.325
2022-10-22 23:00:00,0.0
2022-10-23 00:00:00,0.0
2022-10-23 01:00:00,0.0
2022-10-23 02:00:00,0.0
2022-10-23 03:00:00,0.0
2022-10-23 04:00:00,0.0
2022-10-23 05:00:00,0.0
2022-10-23 06:00:00,0.0
2022-10-23 07:00:00,0.0
2022-10-23 08:00:00,0.0
2022-10-23 09:00:00,0.3
2022-10-23 10:00:00,132.9250025
2022-10-23 11:00:00,398.07500500000003
2022-10-23 12:00:00,660.3000099999999
2022-10-23 13:00:00,885.325
2022-10-23 14:00:00,1051.725
2022-10-23 15:00:00,1149.52505
2022-10-23 16:00:00,1163.275025
2022-10-23 17:00:00,1095.90005
2022-10-23 18:00:00,955.12501
2022-10-23 19:00:00,751.6750099999999
2022-10-23 20:00:00,497.075
2022-10-23 21:00:00,219.40000125
2022-10-23 22:00:00,19.4
2022-10-23 23:00:00,0.0
2022-10-24 00:00:00,0.0
2022-10-24 01:00:00,0.0
2022-10-24 02:00:00,0.0
2022-10-24 03:00:00,0.0
2022-10-24 04:00:00,0.0
2022-10-24 05:00:00,0.0
2022-10-24 06:00:00,0.0
2022-10-24 07:00:00,0.0
2022-10-24 08:00:00,0.0
2022-10-24 09:00:00,0.6
2022-10-24 10:00:00,130.9250025
2022-10-24 11:00:00,393.750005
2022-10-24 12:00:00,657.95001
2022-10-24 13:00:00,879.375
2022-10-24 14:00:00,1043.17505
2022-10-24 15:00:00,1138.400025
2022-10-24 16:00:00,1150.800025
2022-10-24 17:00:00,1082.175025
2022-10-24 18:00:00,926.175
2022-10-24 19:00:00,673.10001
2022-10-24 20:00:00,491.75001000000003
2022-10-24 21:00:00,117.90000500000001
2022-10-24 22:00:00,0.0
2022-10-24 23:00:00,0.0
2022-10-25 00:00:00,0.0
2022-10-25 01:00:00,0.0
2022-10-25 02:00:00,0.0
2022-10-25 03:00:00,0.0
2022-10-25 04:00:00,0.0
2022-10-25 05:00:00,0.0
2022-10-25 06:00:00,0.0
2022-10-25 07:00:00,0.0
2022-10-25 08:00:00,0.0
2022-10-25 09:00:00,1.0
2022-10-25 10:00:00,139.05
2022-10-25 11:00:00,402.8
2022-10-25 12:00:00,661.05
2022-10-25 13:00:00,880.825
2022-10-25 14:00:00,1043.625025
2022-10-25 15:00:00,1138.325025
2022-10-25 16:00:00,1152.475
2022-10-25 17:00:00,1088.6
2022-10-25 18:00:00,903.92502
2022-10-25 19:00:00,499.425
2022-10-25 20:00:00,378.45
2022-10-25 21:00:00,111.125
2022-10-25 22:00:00,0.0
2022-10-25 23:00:00,0.0
2022-10-26 00:00:00,0.0
2022-10-26 01:00:00,0.0
2022-10-26 02:00:00,0.0
2022-10-26 03:00:00,0.0
2022-10-26 04:00:00,0.0
2022-10-26 05:00:00,0.0
2022-10-26 06:00:00,0.0
2022-10-26 07:00:00,0.0
2022-10-26 08:00:00,0.0
2022-10-26 09:00:00,1.4
2022-10-26 10:00:00,145.75
2022-10-26 11:00:00,419.80001500000003
2022-10-26 12:00:00,697.775
2022-10-26 13:00:00,927.10001
2022-10-26 14:00:00,1096.150025
2022-10-26 15:00:00,1191.62505
2022-10-26 16:00:00,1202.225025
2022-10-26 17:00:00,1132.52505
2022-10-26 18:00:00,986.20001
2022-10-26 19:00:00,777.97501
2022-10-26 20:00:00,524.725
2022-10-26 21:00:00,242.9
2022-10-26 22:00:00,23.600001250000002
2022-10-26 23:00:00,0.0
2022-10-27 00:00:00,0.0
2022-10-27 01:00:00,0.0
2022-10-27 02:00:00,0.0
2022-10-27 03:00:00,0.0
2022-10-27 04:00:00,0.0
2022-10-27 05:00:00,0.0
2022-10-27 06:00:00,0.0
2022-10-27 07:00:00,0.0
2022-10-27 08:00:00,0.0
2022-10-27 09:00:00,1.575
2022-10-27 10:00:00,137.4
2022-10-27 11:00:00,405.05001000000004
2022-10-27 12:00:00,665.17501
2022-10-27 13:00:00,888.27502
2022-10-27 14:00:00,1049.3
2022-10-27 15:00:00,1139.125025
2022-10-27 16:00:00,1153.225
2022-10-27 17:00:00,1098.075025
2022-10-27 18:00:00,963.6250200000001
2022-10-27 19:00:00,745.25001
2022-10-27 20:00:00,486.57501
2022-10-27 21:00:00,231.95
2022-10-27 22:00:00,23.3
2022-10-27 23:00:00,0.0
2022-10-28 00:00:00,0.0
2022-10-28 01:00:00,0.0
2022-10-28 02:00:00,0.0
2022-10-28 03:00:00,0.0
2022-10-28 04:00:00,0.0
2022-10-28 05:00:00,0.0
2022-10-28 06:00:00,0.0
2022-10-28 07:00:00,0.0
2022-10-28 08:00:00,0.0
2022-10-28 09:00:00,2.025
2022-10-28 10:00:00,145.0000005
2022-10-28 11:00:00,413.875
2022-10-28 12:00:00,687.4250099999999
2022-10-28 13:00:00,911.975
2022-10-28 14:00:00,1075.75
2022-10-28 15:00:00,1172.075025
2022-10-28 16:00:00,1190.425
2022-10-28 17:00:00,1133.55
2022-10-28 18:00:00,996.45001
2022-10-28 19:00:00,786.275
2022-10-28 20:00:00,529.225
2022-10-28 21:00:00,250.925
2022-10-28 22:00:00,26.275000000000002
2022-10-28 23:00:00,0.0
2022-10-29 00:00:00,0.0
2022-10-29 01:00:00,0.0
2022-10-29 02:00:00,0.0
2022-10-29 03:00:00,0.0
2022-10-29 04:00:00,0.0
2022-10-29 05:00:00,0.0
2022-10-29 06:00:00,0.0
2022-10-29 07:00:00,0.0
2022-10-29 08:00:00,0.0
2022-10-29 09:00:00,2.825
2022-10-29 10:00:00,162.925
2022-10-29 11:00:00,444.675
2022-10-29 12:00:00,704.975
2022-10-29 13:00:00,933.6750099999999
2022-10-29 14:00:00,1101.050025
2022-10-29 15:00:00,1199.9
2022-10-29 16:00:00,1211.00005
2022-10-29 17:00:00,1139.47505
2022-10-29 18:00:00,997.425
2022-10-29 19:00:00,784.325
2022-10-29 20:00:00,525.025
2022-10-29 21:00:00,250.4250075
2022-10-29 22:00:00,26.95
2022-10-29 23:00:00,0.0
2022-10-30 00:00:00,0.0
2022-10-30 01:00:00,0.0
2022-10-30 02:00:00,0.0
2022-10-30 03:00:00,0.0
2022-10-30 04:00:00,0.0
2022-10-30 05:00:00,0.0
2022-10-30 06:00:00,0.0
2022-10-30 07:00:00,0.0
2022-10-30 08:00:00,0.0
2022-10-30 09:00:00,2.375
2022-10-30 10:00:00,164.975
2022-10-30 11:00:00,446.40000499999996
2022-10-30 12:00:00,713.4
2022-10-30 13:00:00,942.00002
2022-10-30 14:00:00,1108.5
2022-10-30 15:00:00,1206.125025
2022-10-30 16:00:00,1217.625
2022-10-30 17:00:00,1145.4
2022-10-30 18:00:00,998.175025
2022-10-30 19:00:00,788.50001
2022-10-30 20:00:00,533.150005
2022-10-30 21:00:00,157.0
2022-10-30 22:00:00,0.0
2022-10-30 23:00:00,0.0
2022-10-31 00:00:00,0.0
2022-10-31 01:00:00,0.0
2022-10-31 02:00:00,0.0
2022-10-31 03:00:00,0.0
2022-10-31 04:00:00,0.0
2022-10-31 05:00:00,0.0
2022-10-31 06:00:00,0.0
2022-10-31 07:00:00,0.0
2022-10-31 08:00:00,0.0
2022-10-31 09:00:00,3.3
2022-10-31 10:00:00,155.00000125
2022-10-31 11:00:00,424.7
2022-10-31 12:00:00,688.95
2022-10-31 13:00:00,908.92503
2022-10-31 14:00:00,1068.60001
2022-10-31 15:00:00,1165.525
2022-10-31 16:00:00,1196.375025
2022-10-31 17:00:00,1140.800025
2022-10-31 18:00:00,995.95001
2022-10-31 19:00:00,784.2
2022-10-31 20:00:00,525.100005
2022-10-31 21:00:00,248.20000249999998
2022-10-31 22:00:00,27.625
2022-10-31 23:00:00,0.0
2022-11-01 00:00:00,0.0
2022-11-01 01:00:00,0.0
2022-11-01 02:00:00,0.0
2022-11-01 03:00:00,0.0
2022-11-01 04:00:00,0.0
2022-11-01 05:00:00,0.0
2022-11-01 06:00:00,0.0
2022-11-01 07:00:00,0.0
2022-11-01 08:00:00,0.0
2022-11-01 09:00:00,0.325000025
2022-11-01 10:00:00,151.47500250000002
2022-11-01 11:00:00,419.950005
2022-11-01 12:00:00,698.62503
2022-11-01 13:00:00,920.75
2022-11-01 14:00:00,1084.92505
2022-11-01 15:00:00,1178.90005
2022-11-01 16:00:00,1190.800025
2022-11-01 17:00:00,1120.300025
2022-11-01 18:00:00,970.275025
2022-11-01 19:00:00,762.87502
2022-11-01 20:00:00,512.250005
2022-11-01 21:00:00,237.075
2022-11-01 22:00:00,25.875
2022-11-01 23:00:00,0.0
2022-11-02 00:00:00,0.0
2022-11-02 01:00:00,0.0
2022-11-02 02:00:00,0.0
2022-11-02 03:00:00,0.0
2022-11-02 04:00:00,0.0
2022-11-02 05:00:00,0.0
2022-11-02 06:00:00,0.0
2022-11-02 07:00:00,0.0
2022-11-02 08:00:00,0.0
2022-11-02 09:00:00,3.825
2022-11-02 10:00:00,154.975
2022-11-02 11:00:00,424.30002
2022-11-02 12:00:00,695.1750099999999
2022-11-02 13:00:00,917.725
2022-11-02 14:00:00,1082.025025
2022-11-02 15:00:00,1176.875025
2022-11-02 16:00:00,1191.35005
2022-11-02 17:00:00,1124.3249999999998
2022-11-02 18:00:00,976.675
2022-11-02 19:00:00,765.925
2022-11-02 20:00:00,513.325
2022-11-02 21:00:00,237.6750025
2022-11-02 22:00:00,26.35000025
2022-11-02 23:00:00,0.0
2022-11-03 00:00:00,0.0
2022-11-03 01:00:00,0.0
2022-11-03 02:00:00,0.0
2022-11-03 03:00:00,0.0
2022-11-03 04:00:00,0.0
2022-11-03 05:00:00,0.0
2022-11-03 06:00:00,0.0
2022-11-03 07:00:00,0.0
2022-11-03 08:00:00,0.0
2022-11-03 09:00:00,4.525
2022-11-03 10:00:00,163.27500500000002
2022-11-03 11:00:00,433.250015
2022-11-03 12:00:00,695.9
2022-11-03 13:00:00,918.15
2022-11-03 14:00:00,1082.400025
2022-11-03 15:00:00,1176.275025
2022-11-03 16:00:00,1189.62505
2022-11-03 17:00:00,1119.6000250000002
2022-11-03 18:00:00,969.70002
2022-11-03 19:00:00,762.45
2022-11-03 20:00:00,511.725
2022-11-03 21:00:00,212.875
2022-11-03 22:00:00,23.825
2022-11-03 23:00:00,0.0
2022-11-04 00:00:00,0.0
2022-11-04 01:00:00,0.0
2022-11-04 02:00:00,0.0
2022-11-04 03:00:00,0.0
2022-11-04 04:00:00,0.0
2022-11-04 05:00:00,0.0
2022-11-04 06:00:00,0.0
2022-11-04 07:00:00,0.0
2022-11-04 08:00:00,0.0
2022-11-04 09:00:00,4.6
2022-11-04 10:00:00,161.125
2022-11-04 11:00:00,430.775
2022-11-04 12:00:00,701.4250099999999
2022-11-04 13:00:00,925.0250100000001
2022-11-04 14:00:00,1090.725
2022-11-04 15:00:00,1186.35
2022-11-04 16:00:00,1197.0249999999999
2022-11-04 17:00:00,1125.47505
2022-11-04 18:00:00,978.525
2022-11-04 19:00:00,771.75001
2022-11-04 20:00:00,516.275005
2022-11-04 21:00:00,191.5750005
2022-11-04 22:00:00,7.025
2022-11-04 23:00:00,0.0
2022-11-05 00:00:00,0.0
2022-11-05 01:00:00,0.0
2022-11-05 02:00:00,0.0
2022-11-05 03:00:00,0.0
2022-11-05 04:00:00,0.0
2022-11-05 05:00:00,0.0
2022-11-05 06:00:00,0.0
2022-11-05 07:00:00,0.0
2022-11-05 08:00:00,0.0
2022-11-05 09:00:00,5.275
2022-11-05 10:00:00,167.825005
2022-11-05 11:00:00,438.4
2022-11-05 12:00:00,704.85
2022-11-05 13:00:00,926.82501
2022-11-05 14:00:00,1090.575
2022-11-05 15:00:00,1184.45005
2022-11-05 16:00:00,1198.175
2022-11-05 17:00:00,1129.875
2022-11-05 18:00:00,985.5
2022-11-05 19:00:00,774.225
2022-11-05 20:00:00,491.375015
2022-11-05 21:00:00,82.725
2022-11-05 22:00:00,0.0
2022-11-05 23:00:00,0.0
2022-11-06 00:00:00,0.0
2022-11-06 01:00:00,0.0
2022-11-06 02:00:00,0.0
2022-11-06 03:00:00,0.0
2022-11-06 04:00:00,0.0
2022-11-06 05:00:00,0.0
2022-11-06 06:00:00,0.0
2022-11-06 07:00:00,0.0
2022-11-06 08:00:00,0.0
2022-11-06 09:00:00,5.35
2022-11-06 10:00:00,162.9250025
2022-11-06 11:00:00,426.325
2022-11-06 12:00:00,681.175
2022-11-06 13:00:00,899.025
2022-11-06 14:00:00,1058.875025
2022-11-06 15:00:00,1149.1
2022-11-06 16:00:00,1160.5
2022-11-06 17:00:00,1092.70005
2022-11-06 18:00:00,948.2249999999999
2022-11-06 19:00:00,745.825
2022-11-06 20:00:00,476.65001
2022-11-06 21:00:00,75.7000005
2022-11-06 22:00:00,0.0
2022-11-06 23:00:00,0.0
2022-11-07 00:00:00,0.0
2022-11-07 01:00:00,0.0
2022-11-07 02:00:00,0.0
2022-11-07 03:00:00,0.0
2022-11-07 04:00:00,0.0
2022-11-07 05:00:00,0.0
2022-11-07 06:00:00,0.0
2022-11-07 07:00:00,0.0
2022-11-07 08:00:00,0.0
2022-11-07 09:00:00,6.05
2022-11-07 10:00:00,170.825005
2022-11-07 11:00:00,437.125
2022-11-07 12:00:00,696.525
2022-11-07 13:00:00,914.22501
2022-11-07 14:00:00,1074.875025
2022-11-07 15:00:00,1164.600025
2022-11-07 16:00:00,1161.65005
2022-11-07 17:00:00,1057.02505
2022-11-07 18:00:00,769.10001
2022-11-07 19:00:00,655.4
2022-11-07 20:00:00,354.075
2022-11-07 21:00:00,18.325
2022-11-07 22:00:00,0.0
2022-11-07 23:00:00,0.0
2022-11-08 00:00:00,0.0
2022-11-08 01:00:00,0.0
2022-11-08 02:00:00,0.0
2022-11-08 03:00:00,0.0
2022-11-08 04:00:00,0.0
2022-11-08 05:00:00,0.0
2022-11-08 06:00:00,0.0
2022-11-08 07:00:00,0.0
2022-11-08 08:00:00,0.0
2022-11-08 09:00:00,6.225
2022-11-08 10:00:00,169.8750025
2022-11-08 11:00:00,434.625
2022-11-08 12:00:00,690.90001
2022-11-08 13:00:00,909.97501
2022-11-08 14:00:00,1070.8
2022-11-08 15:00:00,1163.15005
2022-11-08 16:00:00,1174.6750000000002
2022-11-08 17:00:00,1037.225
2022-11-08 18:00:00,958.45
2022-11-08 19:00:00,559.475015
2022-11-08 20:00:00,209.32500249999998
2022-11-08 21:00:00,42.25
2022-11-08 22:00:00,0.05
2022-11-08 23:00:00,0.0
2022-11-09 00:00:00,0.0
2022-11-09 01:00:00,0.0
2022-11-09 02:00:00,0.0
2022-11-09 03:00:00,0.0
2022-11-09 04:00:00,0.0
2022-11-09 05:00:00,0.0
2022-11-09 06:00:00,0.0
2022-11-09 07:00:00,0.0
2022-11-09 08:00:00,0.0
2022-11-09 09:00:00,6.3
2022-11-09 10:00:00,168.85000125
2022-11-09 11:00:00,433.95001
2022-11-09 12:00:00,676.00001
2022-11-09 13:00:00,893.35001
2022-11-09 14:00:00,1052.700025
2022-11-09 15:00:00,1146.025075
2022-11-09 16:00:00,1158.975075
2022-11-09 17:00:00,1103.55
2022-11-09 18:00:00,987.85001
2022-11-09 19:00:00,773.85
2022-11-09 20:00:00,537.7750100000001
2022-11-09 21:00:00,201.00000125
2022-11-09 22:00:00,25.700000025
2022-11-09 23:00:00,0.0
2022-11-10 00:00:00,0.0
2022-11-10 01:00:00,0.0
2022-11-10 02:00:00,0.0
2022-11-10 03:00:00,0.0
2022-11-10 04:00:00,0.0
2022-11-10 05:00:00,0.0
2022-11-10 06:00:00,0.0
2022-11-10 07:00:00,0.0
2022-11-10 08:00:00,0.0
2022-11-10 09:00:00,6.3
2022-11-10 10:00:00,169.5
2022-11-10 11:00:00,441.27500499999996
2022-11-10 12:00:00,715.8
2022-11-10 13:00:00,940.05001
2022-11-10 14:00:00,1105.25005
2022-11-10 15:00:00,1200.700025
2022-11-10 16:00:00,1211.975025
2022-11-10 17:00:00,1140.825
2022-11-10 18:00:00,997.1750099999999
2022-11-10 19:00:00,794.925
2022-11-10 20:00:00,545.82501
2022-11-10 21:00:00,270.65
2022-11-10 22:00:00,29.825000250000002
2022-11-10 23:00:00,0.0
2022-11-11 00:00:00,0.0
2022-11-11 01:00:00,0.0
2022-11-11 02:00:00,0.0
2022-11-11 03:00:00,0.0
2022-11-11 04:00:00,0.0
2022-11-11 05:00:00,0.0
2022-11-11 06:00:00,0.0
2022-11-11 07:00:00,0.0
2022-11-11 08:00:00,0.0
2022-11-11 09:00:00,5.275
2022-11-11 10:00:00,151.3
2022-11-11 11:00:00,412.59999999999997
2022-11-11 12:00:00,670.125
2022-11-11 13:00:00,890.57501
2022-11-11 14:00:00,1054.85006
2022-11-11 15:00:00,1169.325
2022-11-11 16:00:00,1187.025025
2022-11-11 17:00:00,1122.05
2022-11-11 18:00:00,988.1
2022-11-11 19:00:00,787.92502
2022-11-11 20:00:00,540.35
2022-11-11 21:00:00,275.55001000000004
2022-11-11 22:00:00,40.275
2022-11-11 23:00:00,0.0
2022-11-12 00:00:00,0.0
2022-11-12 01:00:00,0.0
2022-11-12 02:00:00,0.0
2022-11-12 03:00:00,0.0
2022-11-12 04:00:00,0.0
2022-11-12 05:00:00,0.0
2022-11-12 06:00:00,0.0
2022-11-12 07:00:00,0.0
2022-11-12 08:00:00,0.0
2022-11-12 09:00:00,6.975
2022-11-12 10:00:00,174.975005
2022-11-12 11:00:00,448.65
2022-11-12 12:00:00,709.575
2022-11-12 13:00:00,931.95
2022-11-12 14:00:00,1091.675025
2022-11-12 15:00:00,1185.225025
2022-11-12 16:00:00,1192.725
2022-11-12 17:00:00,1131.4
2022-11-12 18:00:00,1006.1500000000001
2022-11-12 19:00:00,806.62503
2022-11-12 20:00:00,529.8249999999999
2022-11-12 21:00:00,194.70000000000002
2022-11-12 22:00:00,0.0
2022-11-12 23:00:00,0.0
2022-11-13 00:00:00,0.0
2022-11-13 01:00:00,0.0
2022-11-13 02:00:00,0.0
2022-11-13 03:00:00,0.0
2022-11-13 04:00:00,0.0
2022-11-13 05:00:00,0.0
2022-11-13 06:00:00,0.0
2022-11-13 07:00:00,0.0
2022-11-13 08:00:00,0.0
2022-11-13 09:00:00,8.675
2022-11-13 10:00:00,193.225
2022-11-13 11:00:00,470.79999999999995
2022-11-13 12:00:00,733.70001
2022-11-13 13:00:00,956.525
2022-11-13 14:00:00,1117.850025
2022-11-13 15:00:00,1210.8750249999998
2022-11-13 16:00:00,1226.125025
2022-11-13 17:00:00,1163.275025
2022-11-13 18:00:00,1023.9250099999999
2022-11-13 19:00:00,818.00002
2022-11-13 20:00:00,566.10001
2022-11-13 21:00:00,289.375005
2022-11-13 22:00:00,45.5
2022-11-13 23:00:00,0.0
2022-11-14 00:00:00,0.0
2022-11-14 01:00:00,0.0
2022-11-14 02:00:00,0.0
2022-11-14 03:00:00,0.0
2022-11-14 04:00:00,0.0
2022-11-14 05:00:00,0.0
2022-11-14 06:00:00,0.0
2022-11-14 07:00:00,0.0
2022-11-14 08:00:00,0.0
2022-11-14 09:00:00,8.825
2022-11-14 10:00:00,191.9500025
2022-11-14 11:00:00,465.65000499999996
2022-11-14 12:00:00,725.97501
2022-11-14 13:00:00,948.425
2022-11-14 14:00:00,1113.575
2022-11-14 15:00:00,1208.150025
2022-11-14 16:00:00,1222.375025
2022-11-14 17:00:00,1154.475025
2022-11-14 18:00:00,1011.9749999999999
2022-11-14 19:00:00,807.5
2022-11-14 20:00:00,556.82501
2022-11-14 21:00:00,278.7000025
2022-11-14 22:00:00,43.70000125
2022-11-14 23:00:00,0.0
2022-11-15 00:00:00,0.0
2022-11-15 01:00:00,0.0
2022-11-15 02:00:00,0.0
2022-11-15 03:00:00,0.0
2022-11-15 04:00:00,0.0
2022-11-15 05:00:00,0.0
2022-11-15 06:00:00,0.0
2022-11-15 07:00:00,0.0
2022-11-15 08:00:00,0.0
2022-11-15 09:00:00,7.95000025
2022-11-15 10:00:00,177.175
2022-11-15 11:00:00,440.45001
2022-11-15 12:00:00,696.075
2022-11-15 13:00:00,911.97501
2022-11-15 14:00:00,1071.275
2022-11-15 15:00:00,1165.450025
2022-11-15 16:00:00,1180.0
2022-11-15 17:00:00,1114.850025
2022-11-15 18:00:00,976.7000350000001
2022-11-15 19:00:00,777.45
2022-11-15 20:00:00,534.575
2022-11-15 21:00:00,269.3750125
2022-11-15 22:00:00,41.00000125
2022-11-15 23:00:00,0.0
2022-11-16 00:00:00,0.0
2022-11-16 01:00:00,0.0
2022-11-16 02:00:00,0.0
2022-11-16 03:00:00,0.0
2022-11-16 04:00:00,0.0
2022-11-16 05:00:00,0.0
2022-11-16 06:00:00,0.0
2022-11-16 07:00:00,0.0
2022-11-16 08:00:00,0.0
2022-11-16 09:00:00,7.8
2022-11-16 10:00:00,173.850005
2022-11-16 11:00:00,435.225005
2022-11-16 12:00:00,693.67502
2022-11-16 13:00:00,908.47501
2022-11-16 14:00:00,1068.45001
2022-11-16 15:00:00,1160.175025
2022-11-16 16:00:00,1173.875
2022-11-16 17:00:00,1108.750025
2022-11-16 18:00:00,971.0
2022-11-16 19:00:00,772.95002
2022-11-16 20:00:00,403.72501
2022-11-16 21:00:00,5.55
2022-11-16 22:00:00,0.0
2022-11-16 23:00:00,0.0
2022-11-17 00:00:00,0.0
2022-11-17 01:00:00,0.0
2022-11-17 02:00:00,0.0
2022-11-17 03:00:00,0.0
2022-11-17 04:00:00,0.0
2022-11-17 05:00:00,0.0
2022-11-17 06:00:00,0.0
2022-11-17 07:00:00,0.0
2022-11-17 08:00:00,0.0
2022-11-17 09:00:00,8.375
2022-11-17 10:00:00,178.85000125
2022-11-17 11:00:00,441.0
2022-11-17 12:00:00,697.20002
2022-11-17 13:00:00,913.5
2022-11-17 14:00:00,1074.425025
2022-11-17 15:00:00,1165.32505
2022-11-17 16:00:00,1177.175025
2022-11-17 17:00:00,850.950025
2022-11-17 18:00:00,717.97501
2022-11-17 19:00:00,437.0
2022-11-17 20:00:00,231.90001
2022-11-17 21:00:00,131.525
2022-11-17 22:00:00,18.6
2022-11-17 23:00:00,0.0
2022-11-18 00:00:00,0.0
2022-11-18 01:00:00,0.0
2022-11-18 02:00:00,0.0
2022-11-18 03:00:00,0.0
2022-11-18 04:00:00,0.0
2022-11-18 05:00:00,0.0
2022-11-18 06:00:00,0.0
2022-11-18 07:00:00,0.0
2022-11-18 08:00:00,0.0
2022-11-18 09:00:00,8.1
2022-11-18 10:00:00,175.3500075
2022-11-18 11:00:00,437.15001
2022-11-18 12:00:00,699.60001
2022-11-18 13:00:00,915.775
2022-11-18 14:00:00,1075.750025
2022-11-18 15:00:00,1168.75
2022-11-18 16:00:00,1184.975025
2022-11-18 17:00:00,1076.675035
2022-11-18 18:00:00,978.15
2022-11-18 19:00:00,782.27502
2022-11-18 20:00:00,539.5000200000001
2022-11-18 21:00:00,261.475
2022-11-18 22:00:00,42.05000125
2022-11-18 23:00:00,0.0
2022-11-19 00:00:00,0.0
2022-11-19 01:00:00,0.0
2022-11-19 02:00:00,0.0
2022-11-19 03:00:00,0.0
2022-11-19 04:00:00,0.0
2022-11-19 05:00:00,0.0
2022-11-19 06:00:00,0.0
2022-11-19 07:00:00,0.0
2022-11-19 08:00:00,0.0
2022-11-19 09:00:00,8.375
2022-11-19 10:00:00,176.825
2022-11-19 11:00:00,437.000015
2022-11-19 12:00:00,685.27502
2022-11-19 13:00:00,900.85001
2022-11-19 14:00:00,1059.05
2022-11-19 15:00:00,1149.775025
2022-11-19 16:00:00,1164.3
2022-11-19 17:00:00,860.05002
2022-11-19 18:00:00,937.22501
2022-11-19 19:00:00,685.0
2022-11-19 20:00:00,342.25
2022-11-19 21:00:00,26.95
2022-11-19 22:00:00,0.0
2022-11-19 23:00:00,0.0
2022-11-20 00:00:00,0.0
2022-11-20 01:00:00,0.0
2022-11-20 02:00:00,0.0
2022-11-20 03:00:00,0.0
2022-11-20 04:00:00,0.0
2022-11-20 05:00:00,0.0
2022-11-20 06:00:00,0.0
2022-11-20 07:00:00,0.0
2022-11-20 08:00:00,0.0
2022-11-20 09:00:00,7.82500025
2022-11-20 10:00:00,171.1750025
2022-11-20 11:00:00,431.975005
2022-11-20 12:00:00,686.47501
2022-11-20 13:00:00,906.7
2022-11-20 14:00:00,1073.42501
2022-11-20 15:00:00,1172.425
2022-11-20 16:00:00,1188.5
2022-11-20 17:00:00,1136.9
2022-11-20 18:00:00,1016.375035
2022-11-20 19:00:00,816.65002
2022-11-20 20:00:00,568.45
2022-11-20 21:00:00,296.1
2022-11-20 22:00:00,53.15
2022-11-20 23:00:00,0.0
2022-11-21 00:00:00,0.0
2022-11-21 01:00:00,0.0
2022-11-21 02:00:00,0.0
2022-11-21 03:00:00,0.0
2022-11-21 04:00:00,0.0
2022-11-21 05:00:00,0.0
2022-11-21 06:00:00,0.0
2022-11-21 07:00:00,0.0
2022-11-21 08:00:00,0.0
2022-11-21 09:00:00,5.57500025
2022-11-21 10:00:00,139.42500125
2022-11-21 11:00:00,322.15000499999996
2022-11-21 12:00:00,625.625
2022-11-21 13:00:00,872.67501
2022-11-21 14:00:00,993.475025
2022-11-21 15:00:00,1131.27505
2022-11-21 16:00:00,1080.300025
2022-11-21 17:00:00,1079.350025
2022-11-21 18:00:00,920.8499999999999
2022-11-21 19:00:00,476.275015
2022-11-21 20:00:00,414.32501
2022-11-21 21:00:00,211.275
2022-11-21 22:00:00,3.375
2022-11-21 23:00:00,0.0
2022-11-22 00:00:00,0.0
2022-11-22 01:00:00,0.0
2022-11-22 02:00:00,0.0
2022-11-22 03:00:00,0.0
2022-11-22 04:00:00,0.0
2022-11-22 05:00:00,0.0
2022-11-22 06:00:00,0.0
2022-11-22 07:00:00,0.0
2022-11-22 08:00:00,0.0
2022-11-22 09:00:00,5.775
2022-11-22 10:00:00,148.5
2022-11-22 11:00:00,345.42499999999995
2022-11-22 12:00:00,585.2500150000001
2022-11-22 13:00:00,829.9250099999999
2022-11-22 14:00:00,1044.0500000000002
2022-11-22 15:00:00,1144.925
2022-11-22 16:00:00,1157.350025
2022-11-22 17:00:00,1006.550045
2022-11-22 18:00:00,744.7
2022-11-22 19:00:00,711.47501
2022-11-22 20:00:00,301.9750075
2022-11-22 21:00:00,108.72500125
2022-11-22 22:00:00,0.8
2022-11-22 23:00:00,0.0
2022-11-23 00:00:00,0.0
2022-11-23 01:00:00,0.0
2022-11-23 02:00:00,0.0
2022-11-23 03:00:00,0.0
2022-11-23 04:00:00,0.0
2022-11-23 05:00:00,0.0
2022-11-23 06:00:00,0.0
2022-11-23 07:00:00,0.0
2022-11-23 08:00:00,0.0
2022-11-23 09:00:00,0.0
2022-11-23 10:00:00,175.9000025
2022-11-23 11:00:00,435.625
2022-11-23 12:00:00,673.37502
2022-11-23 13:00:00,888.85001
2022-11-23 14:00:00,1046.725
2022-11-23 15:00:00,1138.300025
2022-11-23 16:00:00,1146.350025
2022-11-23 17:00:00,1080.45
2022-11-23 18:00:00,960.05002
2022-11-23 19:00:00,765.725
2022-11-23 20:00:00,306.625
2022-11-23 21:00:00,59.75
2022-11-23 22:00:00,0.0
2022-11-23 23:00:00,0.0
2022-11-24 00:00:00,0.0
2022-11-24 01:00:00,0.0
2022-11-24 02:00:00,0.0
2022-11-24 03:00:00,0.0
2022-11-24 04:00:00,0.0
2022-11-24 05:00:00,0.0
2022-11-24 06:00:00,0.0
2022-11-24 07:00:00,0.0
2022-11-24 08:00:00,0.0
2022-11-24 09:00:00,9.35
2022-11-24 10:00:00,185.8750025
2022-11-24 11:00:00,453.125
2022-11-24 12:00:00,715.52501
2022-11-24 13:00:00,935.4250099999999
2022-11-24 14:00:00,1097.175075
2022-11-24 15:00:00,1188.350025
2022-11-24 16:00:00,1203.025
2022-11-24 17:00:00,1139.55
2022-11-24 18:00:00,1004.100025
2022-11-24 19:00:00,805.85
2022-11-24 20:00:00,565.3750200000001
2022-11-24 21:00:00,301.925
2022-11-24 22:00:00,60.875
2022-11-24 23:00:00,0.0
2022-11-25 00:00:00,0.0
2022-11-25 01:00:00,0.0
2022-11-25 02:00:00,0.0
2022-11-25 03:00:00,0.0
2022-11-25 04:00:00,0.0
2022-11-25 05:00:00,0.0
2022-11-25 06:00:00,0.0
2022-11-25 07:00:00,0.0
2022-11-25 08:00:00,0.0
2022-11-25 09:00:00,9.725
2022-11-25 10:00:00,188.225
2022-11-25 11:00:00,452.675005
2022-11-25 12:00:00,707.1
2022-11-25 13:00:00,924.9
2022-11-25 14:00:00,1085.725025
2022-11-25 15:00:00,1177.050025
2022-11-25 16:00:00,1191.525
2022-11-25 17:00:00,1130.850025
2022-11-25 18:00:00,998.2000250000001
2022-11-25 19:00:00,800.65
2022-11-25 20:00:00,562.775015
2022-11-25 21:00:00,296.275
2022-11-25 22:00:00,61.92500125
2022-11-25 23:00:00,0.0
2022-11-26 00:00:00,0.0
2022-11-26 01:00:00,0.0
2022-11-26 02:00:00,0.0
2022-11-26 03:00:00,0.0
2022-11-26 04:00:00,0.0
2022-11-26 05:00:00,0.0
2022-11-26 06:00:00,0.0
2022-11-26 07:00:00,0.0
2022-11-26 08:00:00,0.0
2022-11-26 09:00:00,9.95
2022-11-26 10:00:00,190.22500000000002
2022-11-26 11:00:00,456.225
2022-11-26 12:00:00,702.35001
2022-11-26 13:00:00,923.725
2022-11-26 14:00:00,1089.1
2022-11-26 15:00:00,1185.12505
2022-11-26 16:00:00,1199.10005
2022-11-26 17:00:00,1134.875025
2022-11-26 18:00:00,1002.525
2022-11-26 19:00:00,803.50001
2022-11-26 20:00:00,562.725
2022-11-26 21:00:00,296.875
2022-11-26 22:00:00,60.425000000000004
2022-11-26 23:00:00,0.0
2022-11-27 00:00:00,0.0
2022-11-27 01:00:00,0.0
2022-11-27 02:00:00,0.0
2022-11-27 03:00:00,0.0
2022-11-27 04:00:00,0.0
2022-11-27 05:00:00,0.0
2022-11-27 06:00:00,0.0
2022-11-27 07:00:00,0.0
2022-11-27 08:00:00,0.0
2022-11-27 09:00:00,8.825000000000001
2022-11-27 10:00:00,177.95000249999998
2022-11-27 11:00:00,439.67499999999995
2022-11-27 12:00:00,683.75
2022-11-27 13:00:00,899.37502
2022-11-27 14:00:00,1059.025
2022-11-27 15:00:00,1148.675025
2022-11-27 16:00:00,1163.65
2022-11-27 17:00:00,1102.6250249999998
2022-11-27 18:00:00,966.00001
2022-11-27 19:00:00,773.9000100000001
2022-11-27 20:00:00,536.25001
2022-11-27 21:00:00,254.8
2022-11-27 22:00:00,8.825
2022-11-27 23:00:00,0.0
2022-11-28 00:00:00,0.0
2022-11-28 01:00:00,0.0
2022-11-28 02:00:00,0.0
2022-11-28 03:00:00,0.0
2022-11-28 04:00:00,0.0
2022-11-28 05:00:00,0.0
2022-11-28 06:00:00,0.0
2022-11-28 07:00:00,0.0
2022-11-28 08:00:00,0.0
2022-11-28 09:00:00,5.975000250000001
2022-11-28 10:00:00,141.7500025
2022-11-28 11:00:00,386.12501
2022-11-28 12:00:00,652.57501
2022-11-28 13:00:00,867.35
2022-11-28 14:00:00,946.70002
2022-11-28 15:00:00,745.0
2022-11-28 16:00:00,570.5000150000001
2022-11-28 17:00:00,649.875
2022-11-28 18:00:00,748.375
2022-11-28 19:00:00,617.50001
2022-11-28 20:00:00,312.15
2022-11-28 21:00:00,17.80000125
2022-11-28 22:00:00,0.0
2022-11-28 23:00:00,0.0
2022-11-29 00:00:00,0.0
2022-11-29 01:00:00,0.0
2022-11-29 02:00:00,0.0
2022-11-29 03:00:00,0.0
2022-11-29 04:00:00,0.0
2022-11-29 05:00:00,0.0
2022-11-29 06:00:00,0.0
2022-11-29 07:00:00,0.0
2022-11-29 08:00:00,0.0
2022-11-29 09:00:00,6.55
2022-11-29 10:00:00,151.775
2022-11-29 11:00:00,403.57500500000003
2022-11-29 12:00:00,651.9750200000001
2022-11-29 13:00:00,868.975
2022-11-29 14:00:00,1030.675025
2022-11-29 15:00:00,1084.3999999999999
2022-11-29 16:00:00,1095.4000350000001
2022-11-29 17:00:00,857.35001
2022-11-29 18:00:00,855.5
2022-11-29 19:00:00,728.37501
2022-11-29 20:00:00,549.225015
2022-11-29 21:00:00,201.17500125
2022-11-29 22:00:00,6.85
2022-11-29 23:00:00,0.0
2022-11-30 00:00:00,0.0
2022-11-30 01:00:00,0.0
2022-11-30 02:00:00,0.0
2022-11-30 03:00:00,0.0
2022-11-30 04:00:00,0.0
2022-11-30 05:00:00,0.0
2022-11-30 06:00:00,0.0
2022-11-30 07:00:00,0.0
2022-11-30 08:00:00,0.0
2022-11-30 09:00:00,6.775
2022-11-30 10:00:00,153.85000250000002
2022-11-30 11:00:00,406.025005
2022-11-30 12:00:00,663.87501
2022-11-30 13:00:00,880.87501
2022-11-30 14:00:00,1044.500025
2022-11-30 15:00:00,1070.925
2022-11-30 16:00:00,774.12502
2022-11-30 17:00:00,863.75
2022-11-30 18:00:00,999.000035
2022-11-30 19:00:00,687.60001
2022-11-30 20:00:00,519.45
2022-11-30 21:00:00,278.025
2022-11-30 22:00:00,18.1
2022-11-30 23:00:00,0.0
2022-12-01 00:00:00,0.0
2022-12-01 01:00:00,0.0
2022-12-01 02:00:00,0.0
2022-12-01 03:00:00,0.0
2022-12-01 04:00:00,0.0
2022-12-01 05:00:00,0.0
2022-12-01 06:00:00,0.0
2022-12-01 07:00:00,0.0
2022-12-01 08:00:00,0.0
2022-12-01 09:00:00,7.125
2022-12-01 10:00:00,158.32500249999998
2022-12-01 11:00:00,412.0
2022-12-01 12:00:00,681.4
2022-12-01 13:00:00,733.8
2022-12-01 14:00:00,1027.82501
2022-12-01 15:00:00,1117.3
2022-12-01 16:00:00,1183.950025
2022-12-01 17:00:00,985.9000249999999
2022-12-01 18:00:00,548.275005
2022-12-01 19:00:00,550.25001
2022-12-01 20:00:00,537.35001
2022-12-01 21:00:00,169.65000500000002
2022-12-01 22:00:00,31.325
2022-12-01 23:00:00,0.0
2022-12-02 00:00:00,0.0
2022-12-02 01:00:00,0.0
2022-12-02 02:00:00,0.0
2022-12-02 03:00:00,0.0
2022-12-02 04:00:00,0.0
2022-12-02 05:00:00,0.0
2022-12-02 06:00:00,0.0
2022-12-02 07:00:00,0.0
2022-12-02 08:00:00,0.0
2022-12-02 09:00:00,9.5
2022-12-02 10:00:00,108.65
2022-12-02 11:00:00,300.675
2022-12-02 12:00:00,422.600005
2022-12-02 13:00:00,706.875
2022-12-02 14:00:00,693.12502
2022-12-02 15:00:00,904.37503
2022-12-02 16:00:00,814.9250099999999
2022-12-02 17:00:00,1120.85
2022-12-02 18:00:00,860.7750100000001
2022-12-02 19:00:00,386.95000500000003
2022-12-02 20:00:00,504.20001
2022-12-02 21:00:00,304.775
2022-12-02 22:00:00,69.6500025
2022-12-02 23:00:00,0.0
2022-12-03 00:00:00,0.0
2022-12-03 01:00:00,0.0
2022-12-03 02:00:00,0.0
2022-12-03 03:00:00,0.0
2022-12-03 04:00:00,0.0
2022-12-03 05:00:00,0.0
2022-12-03 06:00:00,0.0
2022-12-03 07:00:00,0.0
2022-12-03 08:00:00,0.0
2022-12-03 09:00:00,9.675
2022-12-03 10:00:00,186.40000250000003
2022-12-03 11:00:00,447.45001
2022-12-03 12:00:00,694.60001
2022-12-03 13:00:00,910.65
2022-12-03 14:00:00,1070.9
2022-12-03 15:00:00,1164.95
2022-12-03 16:00:00,1104.47505
2022-12-03 17:00:00,932.25001
2022-12-03 18:00:00,735.9000100000001
2022-12-03 19:00:00,570.4
2022-12-03 20:00:00,273.1
2022-12-03 21:00:00,216.65
2022-12-03 22:00:00,54.200002500000004
2022-12-03 23:00:00,0.0
2022-12-04 00:00:00,0.0
2022-12-04 01:00:00,0.0
2022-12-04 02:00:00,0.0
2022-12-04 03:00:00,0.0
2022-12-04 04:00:00,0.0
2022-12-04 05:00:00,0.0
2022-12-04 06:00:00,0.0
2022-12-04 07:00:00,0.0
2022-12-04 08:00:00,0.0
2022-12-04 09:00:00,9.375
2022-12-04 10:00:00,184.77500125
2022-12-04 11:00:00,447.65
2022-12-04 12:00:00,706.425
2022-12-04 13:00:00,926.075
2022-12-04 14:00:00,1091.225
2022-12-04 15:00:00,1187.40005
2022-12-04 16:00:00,1206.375025
2022-12-04 17:00:00,1148.825025
2022-12-04 18:00:00,1016.6750099999999
2022-12-04 19:00:00,824.225
2022-12-04 20:00:00,585.525
2022-12-04 21:00:00,321.350005
2022-12-04 22:00:00,76.62500052499999
2022-12-04 23:00:00,0.0
2022-12-05 00:00:00,0.0
2022-12-05 01:00:00,0.0
2022-12-05 02:00:00,0.0
2022-12-05 03:00:00,0.0
2022-12-05 04:00:00,0.0
2022-12-05 05:00:00,0.0
2022-12-05 06:00:00,0.0
2022-12-05 07:00:00,0.0
2022-12-05 08:00:00,0.0
2022-12-05 09:00:00,9.325
2022-12-05 10:00:00,183.02499999999998
2022-12-05 11:00:00,442.05001500000003
2022-12-05 12:00:00,690.7
2022-12-05 13:00:00,905.3499999999999
2022-12-05 14:00:00,981.875035
2022-12-05 15:00:00,1123.450025
2022-12-05 16:00:00,1176.57505
2022-12-05 17:00:00,1114.725025
2022-12-05 18:00:00,1001.10001
2022-12-05 19:00:00,810.85
2022-12-05 20:00:00,575.20001
2022-12-05 21:00:00,317.075005
2022-12-05 22:00:00,76.625001325
2022-12-05 23:00:00,0.0
2022-12-06 00:00:00,0.0
2022-12-06 01:00:00,0.0
2022-12-06 02:00:00,0.0
2022-12-06 03:00:00,0.0
2022-12-06 04:00:00,0.0
2022-12-06 05:00:00,0.0
2022-12-06 06:00:00,0.0
2022-12-06 07:00:00,0.0
2022-12-06 08:00:00,0.0
2022-12-06 09:00:00,8.875
2022-12-06 10:00:00,178.35
2022-12-06 11:00:00,434.70000500000003
2022-12-06 12:00:00,686.125
2022-12-06 13:00:00,900.05002
2022-12-06 14:00:00,1009.225
2022-12-06 15:00:00,702.22502
2022-12-06 16:00:00,631.25
2022-12-06 17:00:00,1029.275
2022-12-06 18:00:00,880.775025
2022-12-06 19:00:00,630.35001
2022-12-06 20:00:00,360.800005
2022-12-06 21:00:00,201.2500025
2022-12-06 22:00:00,6.15
2022-12-06 23:00:00,0.0
2022-12-07 00:00:00,0.0
2022-12-07 01:00:00,0.0
2022-12-07 02:00:00,0.0
2022-12-07 03:00:00,0.0
2022-12-07 04:00:00,0.0
2022-12-07 05:00:00,0.0
2022-12-07 06:00:00,0.0
2022-12-07 07:00:00,0.0
2022-12-07 08:00:00,0.0
2022-12-07 09:00:00,8.575
2022-12-07 10:00:00,172.85000000000002
2022-12-07 11:00:00,429.17501500000003
2022-12-07 12:00:00,651.75
2022-12-07 13:00:00,865.12503
2022-12-07 14:00:00,1025.825045
2022-12-07 15:00:00,1132.175025
2022-12-07 16:00:00,1111.67505
2022-12-07 17:00:00,831.95
2022-12-07 18:00:00,826.575
2022-12-07 19:00:00,667.95
2022-12-07 20:00:00,565.425
2022-12-07 21:00:00,266.65
2022-12-07 22:00:00,4.3
2022-12-07 23:00:00,0.0
2022-12-08 00:00:00,0.0
2022-12-08 01:00:00,0.0
2022-12-08 02:00:00,0.0
2022-12-08 03:00:00,0.0
2022-12-08 04:00:00,0.0
2022-12-08 05:00:00,0.0
2022-12-08 06:00:00,0.0
2022-12-08 07:00:00,0.0
2022-12-08 08:00:00,0.0
2022-12-08 09:00:00,4.275
2022-12-08 10:00:00,173.02499999999998
2022-12-08 11:00:00,429.750005
2022-12-08 12:00:00,668.4250099999999
2022-12-08 13:00:00,882.375
2022-12-08 14:00:00,1044.32501
2022-12-08 15:00:00,1143.950025
2022-12-08 16:00:00,827.6000200000001
2022-12-08 17:00:00,702.50001
2022-12-08 18:00:00,550.600005
2022-12-08 19:00:00,292.7
2022-12-08 20:00:00,85.02499999999999
2022-12-08 21:00:00,0.0
2022-12-08 22:00:00,0.0
2022-12-08 23:00:00,0.0
2022-12-09 00:00:00,0.0
2022-12-09 01:00:00,0.0
2022-12-09 02:00:00,0.0
2022-12-09 03:00:00,0.0
2022-12-09 04:00:00,0.0
2022-12-09 05:00:00,0.0
2022-12-09 06:00:00,0.0
2022-12-09 07:00:00,0.0
2022-12-09 08:00:00,0.0
2022-12-09 09:00:00,5.15
2022-12-09 10:00:00,140.7500025
2022-12-09 11:00:00,342.1750025
2022-12-09 12:00:00,610.75001
2022-12-09 13:00:00,825.47501
2022-12-09 14:00:00,955.925035
2022-12-09 15:00:00,888.57501
2022-12-09 16:00:00,866.3
2022-12-09 17:00:00,771.20001
2022-12-09 18:00:00,726.05
2022-12-09 19:00:00,385.12501
2022-12-09 20:00:00,100.82500125
2022-12-09 21:00:00,0.0
2022-12-09 22:00:00,0.0
2022-12-09 23:00:00,0.0
2022-12-10 00:00:00,0.0
2022-12-10 01:00:00,0.0
2022-12-10 02:00:00,0.0
2022-12-10 03:00:00,0.0
2022-12-10 04:00:00,0.0
2022-12-10 05:00:00,0.0
2022-12-10 06:00:00,0.0
2022-12-10 07:00:00,0.0
2022-12-10 08:00:00,0.0
2022-12-10 09:00:00,5.525
2022-12-10 10:00:00,157.25
2022-12-10 11:00:00,422.67501000000004
2022-12-10 12:00:00,613.5250100000001
2022-12-10 13:00:00,866.20003
2022-12-10 14:00:00,1037.875045
2022-12-10 15:00:00,1135.925
2022-12-10 16:00:00,596.375
2022-12-10 17:00:00,327.375
2022-12-10 18:00:00,330.625
2022-12-10 19:00:00,291.325
2022-12-10 20:00:00,146.625
2022-12-10 21:00:00,17.575000250000002
2022-12-10 22:00:00,0.0
2022-12-10 23:00:00,0.0
2022-12-11 00:00:00,0.0
2022-12-11 01:00:00,0.0
2022-12-11 02:00:00,0.0
2022-12-11 03:00:00,0.0
2022-12-11 04:00:00,0.0
2022-12-11 05:00:00,0.0
2022-12-11 06:00:00,0.0
2022-12-11 07:00:00,0.0
2022-12-11 08:00:00,0.0
2022-12-11 09:00:00,6.32500025
2022-12-11 10:00:00,153.3
2022-12-11 11:00:00,400.275005
2022-12-11 12:00:00,665.25003
2022-12-11 13:00:00,749.075
2022-12-11 14:00:00,730.82503
2022-12-11 15:00:00,772.6500100000001
2022-12-11 16:00:00,784.675
2022-12-11 17:00:00,594.57501
2022-12-11 18:00:00,498.95
2022-12-11 19:00:00,440.325005
2022-12-11 20:00:00,205.800005
2022-12-11 21:00:00,33.225
2022-12-11 22:00:00,0.0
2022-12-11 23:00:00,0.0
2022-12-12 00:00:00,0.0
2022-12-12 01:00:00,0.0
2022-12-12 02:00:00,0.0
2022-12-12 03:00:00,0.0
2022-12-12 04:00:00,0.0
2022-12-12 05:00:00,0.0
2022-12-12 06:00:00,0.0
2022-12-12 07:00:00,0.0
2022-12-12 08:00:00,0.0
2022-12-12 09:00:00,7.15
2022-12-12 10:00:00,166.35000250000002
2022-12-12 11:00:00,422.40000499999996
2022-12-12 12:00:00,680.4749999999999
2022-12-12 13:00:00,896.22501
2022-12-12 14:00:00,1055.00001
2022-12-12 15:00:00,1148.725025
2022-12-12 16:00:00,1094.725
2022-12-12 17:00:00,1087.6999999999998
2022-12-12 18:00:00,975.0
2022-12-12 19:00:00,791.475
2022-12-12 20:00:00,582.4
2022-12-12 21:00:00,325.300005
2022-12-12 22:00:00,77.52500024999999
2022-12-12 23:00:00,0.0
2022-12-13 00:00:00,0.0
2022-12-13 01:00:00,0.0
2022-12-13 02:00:00,0.0
2022-12-13 03:00:00,0.0
2022-12-13 04:00:00,0.0
2022-12-13 05:00:00,0.0
2022-12-13 06:00:00,0.0
2022-12-13 07:00:00,0.0
2022-12-13 08:00:00,0.0
2022-12-13 09:00:00,6.25
2022-12-13 10:00:00,156.5
2022-12-13 11:00:00,406.7
2022-12-13 12:00:00,651.4250099999999
2022-12-13 13:00:00,720.6750099999999
2022-12-13 14:00:00,1058.450025
2022-12-13 15:00:00,1067.9
2022-12-13 16:00:00,1157.4
2022-12-13 17:00:00,917.07502
2022-12-13 18:00:00,738.75001
2022-12-13 19:00:00,628.97502
2022-12-13 20:00:00,580.10001
2022-12-13 21:00:00,337.900005
2022-12-13 22:00:00,62.550000000000004
2022-12-13 23:00:00,0.0
2022-12-14 00:00:00,0.0
2022-12-14 01:00:00,0.0
2022-12-14 02:00:00,0.0
2022-12-14 03:00:00,0.0
2022-12-14 04:00:00,0.0
2022-12-14 05:00:00,0.0
2022-12-14 06:00:00,0.0
2022-12-14 07:00:00,0.0
2022-12-14 08:00:00,0.0
2022-12-14 09:00:00,7.20000025
2022-12-14 10:00:00,168.52500125
2022-12-14 11:00:00,422.350005
2022-12-14 12:00:00,671.85
2022-12-14 13:00:00,887.57501
2022-12-14 14:00:00,1051.925
2022-12-14 15:00:00,1110.475025
2022-12-14 16:00:00,1031.12501
2022-12-14 17:00:00,910.3
2022-12-14 18:00:00,892.25
2022-12-14 19:00:00,653.70001
2022-12-14 20:00:00,472.05
2022-12-14 21:00:00,338.1750075
2022-12-14 22:00:00,41.25
2022-12-14 23:00:00,0.0
2022-12-15 00:00:00,0.0
2022-12-15 01:00:00,0.0
2022-12-15 02:00:00,0.0
2022-12-15 03:00:00,0.0
2022-12-15 04:00:00,0.0
2022-12-15 05:00:00,0.0
2022-12-15 06:00:00,0.0
2022-12-15 07:00:00,0.0
2022-12-15 08:00:00,0.0
2022-12-15 09:00:00,6.975
2022-12-15 10:00:00,167.925
2022-12-15 11:00:00,422.37501
2022-12-15 12:00:00,672.375
2022-12-15 13:00:00,888.175
2022-12-15 14:00:00,760.05002
2022-12-15 15:00:00,778.2750100000001
2022-12-15 16:00:00,498.1
2022-12-15 17:00:00,591.100005
2022-12-15 18:00:00,706.2750100000001
2022-12-15 19:00:00,537.00001
2022-12-15 20:00:00,246.6
2022-12-15 21:00:00,134.2
2022-12-15 22:00:00,45.3500025
2022-12-15 23:00:00,0.0
2022-12-16 00:00:00,0.0
2022-12-16 01:00:00,0.0
2022-12-16 02:00:00,0.0
2022-12-16 03:00:00,0.0
2022-12-16 04:00:00,0.0
2022-12-16 05:00:00,0.0
2022-12-16 06:00:00,0.0
2022-12-16 07:00:00,0.0
2022-12-16 08:00:00,0.0
2022-12-16 09:00:00,1.300000075
2022-12-16 10:00:00,128.40000175
2022-12-16 11:00:00,303.17501000000004
2022-12-16 12:00:00,503.90002000000004
2022-12-16 13:00:00,563.600005
2022-12-16 14:00:00,858.7
2022-12-16 15:00:00,1155.6999999999998
2022-12-16 16:00:00,1181.375025
2022-12-16 17:00:00,1132.4
2022-12-16 18:00:00,1012.15
2022-12-16 19:00:00,829.0250100000001
2022-12-16 20:00:00,408.27501
2022-12-16 21:00:00,0.0
2022-12-16 22:00:00,0.0
2022-12-16 23:00:00,0.0
2022-12-17 00:00:00,0.0
2022-12-17 01:00:00,0.0
2022-12-17 02:00:00,0.0
2022-12-17 03:00:00,0.0
2022-12-17 04:00:00,0.0
2022-12-17 05:00:00,0.0
2022-12-17 06:00:00,0.0
2022-12-17 07:00:00,0.0
2022-12-17 08:00:00,0.0
2022-12-17 09:00:00,6.4
2022-12-17 10:00:00,165.95
2022-12-17 11:00:00,425.125015
2022-12-17 12:00:00,675.07502
2022-12-17 13:00:00,897.6500100000001
2022-12-17 14:00:00,1067.05
2022-12-17 15:00:00,1172.000025
2022-12-17 16:00:00,1196.025025
2022-12-17 17:00:00,1146.725
2022-12-17 18:00:00,1006.12501
2022-12-17 19:00:00,638.7750100000001
2022-12-17 20:00:00,366.175
2022-12-17 21:00:00,176.525005
2022-12-17 22:00:00,8.95
2022-12-17 23:00:00,0.0
2022-12-18 00:00:00,0.0
2022-12-18 01:00:00,0.0
2022-12-18 02:00:00,0.0
2022-12-18 03:00:00,0.0
2022-12-18 04:00:00,0.0
2022-12-18 05:00:00,0.0
2022-12-18 06:00:00,0.0
2022-12-18 07:00:00,0.0
2022-12-18 08:00:00,0.0
2022-12-18 09:00:00,6.475
2022-12-18 10:00:00,169.55000875000002
2022-12-18 11:00:00,414.250015
2022-12-18 12:00:00,685.97501
2022-12-18 13:00:00,910.65
2022-12-18 14:00:00,1081.15005
2022-12-18 15:00:00,1186.57505
2022-12-18 16:00:00,1215.225025
2022-12-18 17:00:00,1165.475
2022-12-18 18:00:00,1041.450025
2022-12-18 19:00:00,854.75001
2022-12-18 20:00:00,613.00001
2022-12-18 21:00:00,336.07500500000003
2022-12-18 22:00:00,108.250004
2022-12-18 23:00:00,0.0
2022-12-19 00:00:00,0.0
2022-12-19 01:00:00,0.0
2022-12-19 02:00:00,0.0
2022-12-19 03:00:00,0.0
2022-12-19 04:00:00,0.0
2022-12-19 05:00:00,0.0
2022-12-19 06:00:00,0.0
2022-12-19 07:00:00,0.0
2022-12-19 08:00:00,0.0
2022-12-19 09:00:00,5.975
2022-12-19 10:00:00,163.55000125
2022-12-19 11:00:00,419.40000499999996
2022-12-19 12:00:00,667.275
2022-12-19 13:00:00,886.92501
2022-12-19 14:00:00,1053.800025
2022-12-19 15:00:00,1156.3
2022-12-19 16:00:00,1184.575
2022-12-19 17:00:00,860.675
2022-12-19 18:00:00,666.6500100000001
2022-12-19 19:00:00,792.35
2022-12-19 20:00:00,586.35001
2022-12-19 21:00:00,354.225005
2022-12-19 22:00:00,106.77500275
2022-12-19 23:00:00,0.0
2022-12-20 00:00:00,0.0
2022-12-20 01:00:00,0.0
2022-12-20 02:00:00,0.0
2022-12-20 03:00:00,0.0
2022-12-20 04:00:00,0.0
2022-12-20 05:00:00,0.0
2022-12-20 06:00:00,0.0
2022-12-20 07:00:00,0.0
2022-12-20 08:00:00,0.0
2022-12-20 09:00:00,5.425
2022-12-20 10:00:00,158.5750025
2022-12-20 11:00:00,413.650005
2022-12-20 12:00:00,666.17502
2022-12-20 13:00:00,885.95002
2022-12-20 14:00:00,1053.65
2022-12-20 15:00:00,1158.050025
2022-12-20 16:00:00,1183.425025
2022-12-20 17:00:00,1137.07505
2022-12-20 18:00:00,820.8500200000001
2022-12-20 19:00:00,804.0250100000001
2022-12-20 20:00:00,613.8
2022-12-20 21:00:00,357.700005
2022-12-20 22:00:00,38.45
2022-12-20 23:00:00,0.0
2022-12-21 00:00:00,0.0
2022-12-21 01:00:00,0.0
2022-12-21 02:00:00,0.0
2022-12-21 03:00:00,0.0
2022-12-21 04:00:00,0.0
2022-12-21 05:00:00,0.0
2022-12-21 06:00:00,0.0
2022-12-21 07:00:00,0.0
2022-12-21 08:00:00,0.0
2022-12-21 09:00:00,4.45000025
2022-12-21 10:00:00,156.02499999999998
2022-12-21 11:00:00,410.05001000000004
2022-12-21 12:00:00,648.35002
2022-12-21 13:00:00,885.4499999999999
2022-12-21 14:00:00,984.175025
2022-12-21 15:00:00,697.9000100000001
2022-12-21 16:00:00,1167.800025
2022-12-21 17:00:00,984.7500600000001
2022-12-21 18:00:00,873.525
2022-12-21 19:00:00,845.82502
2022-12-21 20:00:00,616.675
2022-12-21 21:00:00,329.4
2022-12-21 22:00:00,13.475
2022-12-21 23:00:00,0.0
2022-12-22 00:00:00,0.0
2022-12-22 01:00:00,0.0
2022-12-22 02:00:00,0.0
2022-12-22 03:00:00,0.0
2022-12-22 04:00:00,0.0
2022-12-22 05:00:00,0.0
2022-12-22 06:00:00,0.0
2022-12-22 07:00:00,0.0
2022-12-22 08:00:00,0.0
2022-12-22 09:00:00,4.82500025
2022-12-22 10:00:00,155.85000250000002
2022-12-22 11:00:00,410.875
2022-12-22 12:00:00,664.15
2022-12-22 13:00:00,885.7750100000001
2022-12-22 14:00:00,1055.575025
2022-12-22 15:00:00,1156.30005
2022-12-22 16:00:00,1025.625
2022-12-22 17:00:00,984.7750249999999
2022-12-22 18:00:00,1026.175
2022-12-22 19:00:00,689.175
2022-12-22 20:00:00,617.82501
2022-12-22 21:00:00,307.70000500000003
2022-12-22 22:00:00,59.199999999999996
2022-12-22 23:00:00,0.0
2022-12-23 00:00:00,0.0
2022-12-23 01:00:00,0.0
2022-12-23 02:00:00,0.0
2022-12-23 03:00:00,0.0
2022-12-23 04:00:00,0.0
2022-12-23 05:00:00,0.0
2022-12-23 06:00:00,0.0
2022-12-23 07:00:00,0.0
2022-12-23 08:00:00,0.0
2022-12-23 09:00:00,4.45000025
2022-12-23 10:00:00,154.17500375
2022-12-23 11:00:00,412.000005
2022-12-23 12:00:00,671.60001
2022-12-23 13:00:00,894.2249999999999
2022-12-23 14:00:00,1064.125
2022-12-23 15:00:00,1170.425025
2022-12-23 16:00:00,1199.900075
2022-12-23 17:00:00,1156.125
2022-12-23 18:00:00,1043.45
2022-12-23 19:00:00,812.32501
2022-12-23 20:00:00,577.32501
2022-12-23 21:00:00,378.25
2022-12-23 22:00:00,115.325004
2022-12-23 23:00:00,0.0
2022-12-24 00:00:00,0.0
2022-12-24 01:00:00,0.0
2022-12-24 02:00:00,0.0
2022-12-24 03:00:00,0.0
2022-12-24 04:00:00,0.0
2022-12-24 05:00:00,0.0
2022-12-24 06:00:00,0.0
2022-12-24 07:00:00,0.0
2022-12-24 08:00:00,0.0
2022-12-24 09:00:00,0.0
2022-12-24 10:00:00,126.50000250000001
2022-12-24 11:00:00,408.90000499999996
2022-12-24 12:00:00,613.8249999999999
2022-12-24 13:00:00,829.07501
2022-12-24 14:00:00,1023.000025
2022-12-24 15:00:00,955.3
2022-12-24 16:00:00,1062.025025
2022-12-24 17:00:00,783.1500100000001
2022-12-24 18:00:00,1044.475
2022-12-24 19:00:00,864.12502
2022-12-24 20:00:00,633.475
2022-12-24 21:00:00,357.45000500000003
2022-12-24 22:00:00,46.7250025
2022-12-24 23:00:00,0.0
2022-12-25 00:00:00,0.0
2022-12-25 01:00:00,0.0
2022-12-25 02:00:00,0.0
2022-12-25 03:00:00,0.0
2022-12-25 04:00:00,0.0
2022-12-25 05:00:00,0.0
2022-12-25 06:00:00,0.0
2022-12-25 07:00:00,0.0
2022-12-25 08:00:00,0.0
2022-12-25 09:00:00,4.05
2022-12-25 10:00:00,155.40000375
2022-12-25 11:00:00,414.975015
2022-12-25 12:00:00,667.72501
2022-12-25 13:00:00,891.55002
2022-12-25 14:00:00,1063.250025
2022-12-25 15:00:00,1168.65
2022-12-25 16:00:00,1197.65
2022-12-25 17:00:00,1152.30005
2022-12-25 18:00:00,1034.975025
2022-12-25 19:00:00,758.175
2022-12-25 20:00:00,337.375
2022-12-25 21:00:00,86.9
2022-12-25 22:00:00,43.05
2022-12-25 23:00:00,0.0
2022-12-26 00:00:00,0.0
2022-12-26 01:00:00,0.0
2022-12-26 02:00:00,0.0
2022-12-26 03:00:00,0.0
2022-12-26 04:00:00,0.0
2022-12-26 05:00:00,0.0
2022-12-26 06:00:00,0.0
2022-12-26 07:00:00,0.0
2022-12-26 08:00:00,0.0
2022-12-26 09:00:00,3.425
2022-12-26 10:00:00,128.82500125
2022-12-26 11:00:00,370.05
2022-12-26 12:00:00,658.45001
2022-12-26 13:00:00,882.10001
2022-12-26 14:00:00,1053.950025
2022-12-26 15:00:00,1162.425
2022-12-26 16:00:00,1198.450025
2022-12-26 17:00:00,836.075065
2022-12-26 18:00:00,844.67502
2022-12-26 19:00:00,833.65002
2022-12-26 20:00:00,552.85
2022-12-26 21:00:00,350.075005
2022-12-26 22:00:00,48.3250005
2022-12-26 23:00:00,0.0
2022-12-27 00:00:00,0.0
2022-12-27 01:00:00,0.0
2022-12-27 02:00:00,0.0
2022-12-27 03:00:00,0.0
2022-12-27 04:00:00,0.0
2022-12-27 05:00:00,0.0
2022-12-27 06:00:00,0.0
2022-12-27 07:00:00,0.0
2022-12-27 08:00:00,0.0
2022-12-27 09:00:00,3.05
2022-12-27 10:00:00,144.22500625
2022-12-27 11:00:00,398.70000500000003
2022-12-27 12:00:00,663.07501
2022-12-27 13:00:00,892.125
2022-12-27 14:00:00,1066.2750350000001
2022-12-27 15:00:00,1171.700025
2022-12-27 16:00:00,1202.175025
2022-12-27 17:00:00,1163.475
2022-12-27 18:00:00,1053.650025
2022-12-27 19:00:00,873.72501
2022-12-27 20:00:00,641.50001
2022-12-27 21:00:00,383.675005
2022-12-27 22:00:00,64.0
2022-12-27 23:00:00,0.0
2022-12-28 00:00:00,0.0
2022-12-28 01:00:00,0.0
2022-12-28 02:00:00,0.0
2022-12-28 03:00:00,0.0
2022-12-28 04:00:00,0.0
2022-12-28 05:00:00,0.0
2022-12-28 06:00:00,0.0
2022-12-28 07:00:00,0.0
2022-12-28 08:00:00,0.0
2022-12-28 09:00:00,0.0
2022-12-28 10:00:00,76.675
2022-12-28 11:00:00,236.8000025
2022-12-28 12:00:00,515.55
2022-12-28 13:00:00,881.375
2022-12-28 14:00:00,1046.9499999999998
2022-12-28 15:00:00,1162.125025
2022-12-28 16:00:00,1190.9
2022-12-28 17:00:00,851.12503
2022-12-28 18:00:00,1020.25
2022-12-28 19:00:00,861.87501
2022-12-28 20:00:00,636.07503
2022-12-28 21:00:00,380.32501
2022-12-28 22:00:00,126.7250025
2022-12-28 23:00:00,0.125
2022-12-29 00:00:00,0.0
2022-12-29 01:00:00,0.0
2022-12-29 02:00:00,0.0
2022-12-29 03:00:00,0.0
2022-12-29 04:00:00,0.0
2022-12-29 05:00:00,0.0
2022-12-29 06:00:00,0.0
2022-12-29 07:00:00,0.0
2022-12-29 08:00:00,0.0
2022-12-29 09:00:00,2.45
2022-12-29 10:00:00,142.47500125
2022-12-29 11:00:00,395.225
2022-12-29 12:00:00,649.97501
2022-12-29 13:00:00,870.87501
2022-12-29 14:00:00,1041.75001
2022-12-29 15:00:00,1151.05005
2022-12-29 16:00:00,1184.3500250000002
2022-12-29 17:00:00,1142.000025
2022-12-29 18:00:00,1029.575
2022-12-29 19:00:00,854.75
2022-12-29 20:00:00,631.65
2022-12-29 21:00:00,377.625005
2022-12-29 22:00:00,117.7000025
2022-12-29 23:00:00,0.3
2022-12-30 00:00:00,0.0
2022-12-30 01:00:00,0.0
2022-12-30 02:00:00,0.0
2022-12-30 03:00:00,0.0
2022-12-30 04:00:00,0.0
2022-12-30 05:00:00,0.0
2022-12-30 06:00:00,0.0
2022-12-30 07:00:00,0.0
2022-12-30 08:00:00,0.0
2022-12-30 09:00:00,2.125
2022-12-30 10:00:00,141.95
2022-12-30 11:00:00,398.050005
2022-12-30 12:00:00,658.175
2022-12-30 13:00:00,883.70001
2022-12-30 14:00:00,1059.000025
2022-12-30 15:00:00,1169.225025
2022-12-30 16:00:00,1203.55
2022-12-30 17:00:00,1159.925
2022-12-30 18:00:00,1044.975
2022-12-30 19:00:00,866.875
2022-12-30 20:00:00,637.70001
2022-12-30 21:00:00,341.9
2022-12-30 22:00:00,0.0
2022-12-30 23:00:00,0.0
2022-12-31 00:00:00,0.0
2022-12-31 01:00:00,0.0
2022-12-31 02:00:00,0.0
2022-12-31 03:00:00,0.0
2022-12-31 04:00:00,0.0
2022-12-31 05:00:00,0.0
2022-12-31 06:00:00,0.0
2022-12-31 07:00:00,0.0
2022-12-31 08:00:00,0.0
2022-12-31 09:00:00,1.65
2022-12-31 10:00:00,134.875
2022-12-31 11:00:00,386.650015
2022-12-31 12:00:00,635.72501
2022-12-31 13:00:00,859.25003
2022-12-31 14:00:00,1032.625
2022-12-31 15:00:00,1142.27505
2022-12-31 16:00:00,1176.925
2022-12-31 17:00:00,1135.900025
2022-12-31 18:00:00,816.875025
2022-12-31 19:00:00,422.27500499999996
2022-12-31 20:00:00,190.975005
2022-12-31 21:00:00,16.15
2022-12-31 22:00:00,0.0
2022-12-31 23:00:00,0.0
2023-01-01 00:00:00,0.0
2023-01-01 01:00:00,0.0
2023-01-01 02:00:00,0.0
2023-01-01 03:00:00,0.0
2023-01-01 04:00:00,0.0
2023-01-01 05:00:00,0.0
2023-01-01 06:00:00,0.0
2023-01-01 07:00:00,0.0
2023-01-01 08:00:00,0.0
2023-01-01 09:00:00,0.0
2023-01-01 10:00:00,131.3250005
2023-01-01 11:00:00,383.12501
2023-01-01 12:00:00,641.55001
2023-01-01 13:00:00,864.80001
2023-01-01 14:00:00,1037.875025
2023-01-01 15:00:00,1148.125
2023-01-01 16:00:00,915.5500099999999
2023-01-01 17:00:00,918.97501
2023-01-01 18:00:00,976.375025
2023-01-01 19:00:00,772.87501
2023-01-01 20:00:00,572.350015
2023-01-01 21:00:00,59.025000500000004
2023-01-01 22:00:00,0.0
2023-01-01 23:00:00,0.0
2023-01-02 00:00:00,0.0
2023-01-02 01:00:00,0.0
2023-01-02 02:00:00,0.0
2023-01-02 03:00:00,0.0
2023-01-02 04:00:00,0.0
2023-01-02 05:00:00,0.0
2023-01-02 06:00:00,0.0
2023-01-02 07:00:00,0.0
2023-01-02 08:00:00,0.0
2023-01-02 09:00:00,0.0
2023-01-02 10:00:00,124.0750025
2023-01-02 11:00:00,373.17499999999995
2023-01-02 12:00:00,608.95
2023-01-02 13:00:00,846.57501
2023-01-02 14:00:00,1019.675
2023-01-02 15:00:00,1132.475
2023-01-02 16:00:00,965.575025
2023-01-02 17:00:00,1065.25
2023-01-02 18:00:00,1023.650035
2023-01-02 19:00:00,850.32501
2023-01-02 20:00:00,627.25001
2023-01-02 21:00:00,276.675
2023-01-02 22:00:00,37.450000025
2023-01-02 23:00:00,0.0
2023-01-03 00:00:00,0.0
2023-01-03 01:00:00,0.0
2023-01-03 02:00:00,0.0
2023-01-03 03:00:00,0.0
2023-01-03 04:00:00,0.0
2023-01-03 05:00:00,0.0
2023-01-03 06:00:00,0.0
2023-01-03 07:00:00,0.0
2023-01-03 08:00:00,0.0
2023-01-03 09:00:00,0.0
2023-01-03 10:00:00,117.5000005
2023-01-03 11:00:00,342.525
2023-01-03 12:00:00,619.57501
2023-01-03 13:00:00,865.425
2023-01-03 14:00:00,1039.27501
2023-01-03 15:00:00,1151.3999999999999
2023-01-03 16:00:00,1190.625025
2023-01-03 17:00:00,1151.0
2023-01-03 18:00:00,1037.2
2023-01-03 19:00:00,860.92502
2023-01-03 20:00:00,636.10001
2023-01-03 21:00:00,340.125
2023-01-03 22:00:00,80.65
2023-01-03 23:00:00,0.0
2023-01-04 00:00:00,0.0
2023-01-04 01:00:00,0.0
2023-01-04 02:00:00,0.0
2023-01-04 03:00:00,0.0
2023-01-04 04:00:00,0.0
2023-01-04 05:00:00,0.0
2023-01-04 06:00:00,0.0
2023-01-04 07:00:00,0.0
2023-01-04 08:00:00,0.0
2023-01-04 09:00:00,0.0
2023-01-04 10:00:00,104.925
2023-01-04 11:00:00,333.225
2023-01-04 12:00:00,538.12501
2023-01-04 13:00:00,755.15
2023-01-04 14:00:00,802.125
2023-01-04 15:00:00,854.4
2023-01-04 16:00:00,923.07501
2023-01-04 17:00:00,936.325
2023-01-04 18:00:00,590.025
2023-01-04 19:00:00,564.60001
2023-01-04 20:00:00,259.625
2023-01-04 21:00:00,60.72500125
2023-01-04 22:00:00,0.0
2023-01-04 23:00:00,0.0
2023-01-05 00:00:00,0.0
2023-01-05 01:00:00,0.0
2023-01-05 02:00:00,0.0
2023-01-05 03:00:00,0.0
2023-01-05 04:00:00,0.0
2023-01-05 05:00:00,0.0
2023-01-05 06:00:00,0.0
2023-01-05 07:00:00,0.0
2023-01-05 08:00:00,0.0
2023-01-05 09:00:00,0.0
2023-01-05 10:00:00,126.45000125
2023-01-05 11:00:00,382.20000500000003
2023-01-05 12:00:00,578.37502
2023-01-05 13:00:00,835.8000099999999
2023-01-05 14:00:00,1033.450025
2023-01-05 15:00:00,1150.22505
2023-01-05 16:00:00,1173.125025
2023-01-05 17:00:00,1152.3
2023-01-05 18:00:00,1041.1
2023-01-05 19:00:00,866.1750099999999
2023-01-05 20:00:00,640.9
2023-01-05 21:00:00,178.45
2023-01-05 22:00:00,10.925
2023-01-05 23:00:00,0.0
2023-01-06 00:00:00,0.0
2023-01-06 01:00:00,0.0
2023-01-06 02:00:00,0.0
2023-01-06 03:00:00,0.0
2023-01-06 04:00:00,0.0
2023-01-06 05:00:00,0.0
2023-01-06 06:00:00,0.0
2023-01-06 07:00:00,0.0
2023-01-06 08:00:00,0.0
2023-01-06 09:00:00,0.0
2023-01-06 10:00:00,124.3750005
2023-01-06 11:00:00,379.000005
2023-01-06 12:00:00,634.45003
2023-01-06 13:00:00,860.9499999999999
2023-01-06 14:00:00,1039.025025
2023-01-06 15:00:00,1153.3249999999998
2023-01-06 16:00:00,1192.275
2023-01-06 17:00:00,1125.525025
2023-01-06 18:00:00,1043.35
2023-01-06 19:00:00,867.3000099999999
2023-01-06 20:00:00,418.975005
2023-01-06 21:00:00,78.2250025
2023-01-06 22:00:00,36.750000075
2023-01-06 23:00:00,0.0
2023-01-07 00:00:00,0.0
2023-01-07 01:00:00,0.0
2023-01-07 02:00:00,0.0
2023-01-07 03:00:00,0.0
2023-01-07 04:00:00,0.0
2023-01-07 05:00:00,0.0
2023-01-07 06:00:00,0.0
2023-01-07 07:00:00,0.0
2023-01-07 08:00:00,0.0
2023-01-07 09:00:00,0.0
2023-01-07 10:00:00,112.825
2023-01-07 11:00:00,373.9
2023-01-07 12:00:00,628.525
2023-01-07 13:00:00,854.825
2023-01-07 14:00:00,1031.675
2023-01-07 15:00:00,1144.0
2023-01-07 16:00:00,1079.67501
2023-01-07 17:00:00,1066.9
2023-01-07 18:00:00,1033.250025
2023-01-07 19:00:00,720.35
2023-01-07 20:00:00,602.25001
2023-01-07 21:00:00,83.975
2023-01-07 22:00:00,10.3750005
2023-01-07 23:00:00,0.0
2023-01-08 00:00:00,0.0
2023-01-08 01:00:00,0.0
2023-01-08 02:00:00,0.0
2023-01-08 03:00:00,0.0
2023-01-08 04:00:00,0.0
2023-01-08 05:00:00,0.0
2023-01-08 06:00:00,0.0
2023-01-08 07:00:00,0.0
2023-01-08 08:00:00,0.0
2023-01-08 09:00:00,0.0
2023-01-08 10:00:00,89.55
2023-01-08 11:00:00,273.55001000000004
2023-01-08 12:00:00,433.225
2023-01-08 13:00:00,679.55
2023-01-08 14:00:00,1025.55001
2023-01-08 15:00:00,1148.20005
2023-01-08 16:00:00,1188.000025
2023-01-08 17:00:00,1150.850025
2023-01-08 18:00:00,1034.975
2023-01-08 19:00:00,739.55
2023-01-08 20:00:00,581.95001
2023-01-08 21:00:00,186.35
2023-01-08 22:00:00,4.1
2023-01-08 23:00:00,0.0
2023-01-09 00:00:00,0.0
2023-01-09 01:00:00,0.0
2023-01-09 02:00:00,0.0
2023-01-09 03:00:00,0.0
2023-01-09 04:00:00,0.0
2023-01-09 05:00:00,0.0
2023-01-09 06:00:00,0.0
2023-01-09 07:00:00,0.0
2023-01-09 08:00:00,0.0
2023-01-09 09:00:00,0.0
2023-01-09 10:00:00,103.22500050000001
2023-01-09 11:00:00,293.150005
2023-01-09 12:00:00,464.225
2023-01-09 13:00:00,839.62502
2023-01-09 14:00:00,1043.050025
2023-01-09 15:00:00,1158.775
2023-01-09 16:00:00,1201.150025
2023-01-09 17:00:00,1167.7
2023-01-09 18:00:00,1058.550025
2023-01-09 19:00:00,883.05
2023-01-09 20:00:00,656.625
2023-01-09 21:00:00,398.52500499999996
2023-01-09 22:00:00,138.975
2023-01-09 23:00:00,1.75
2023-01-10 00:00:00,0.0
2023-01-10 01:00:00,0.0
2023-01-10 02:00:00,0.0
2023-01-10 03:00:00,0.0
2023-01-10 04:00:00,0.0
2023-01-10 05:00:00,0.0
2023-01-10 06:00:00,0.0
2023-01-10 07:00:00,0.0
2023-01-10 08:00:00,0.0
2023-01-10 09:00:00,0.0
2023-01-10 10:00:00,114.975
2023-01-10 11:00:00,369.6
2023-01-10 12:00:00,534.375
2023-01-10 13:00:00,865.62501
2023-01-10 14:00:00,1049.425
2023-01-10 15:00:00,1168.050025
2023-01-10 16:00:00,1210.50005
2023-01-10 17:00:00,1176.35
2023-01-10 18:00:00,1065.95
2023-01-10 19:00:00,889.875
2023-01-10 20:00:00,662.225
2023-01-10 21:00:00,402.650015
2023-01-10 22:00:00,142.1500025
2023-01-10 23:00:00,1.875
2023-01-11 00:00:00,0.0
2023-01-11 01:00:00,0.0
2023-01-11 02:00:00,0.0
2023-01-11 03:00:00,0.0
2023-01-11 04:00:00,0.0
2023-01-11 05:00:00,0.0
2023-01-11 06:00:00,0.0
2023-01-11 07:00:00,0.0
2023-01-11 08:00:00,0.0
2023-01-11 09:00:00,0.0
2023-01-11 10:00:00,110.9500015
2023-01-11 11:00:00,364.375
2023-01-11 12:00:00,626.775
2023-01-11 13:00:00,856.125
2023-01-11 14:00:00,1035.55
2023-01-11 15:00:00,1152.75005
2023-01-11 16:00:00,869.72501
2023-01-11 17:00:00,604.125
2023-01-11 18:00:00,730.575
2023-01-11 19:00:00,650.875
2023-01-11 20:00:00,629.9250099999999
2023-01-11 21:00:00,398.675
2023-01-11 22:00:00,90.1000025
2023-01-11 23:00:00,1.9
2023-01-12 00:00:00,0.0
2023-01-12 01:00:00,0.0
2023-01-12 02:00:00,0.0
2023-01-12 03:00:00,0.0
2023-01-12 04:00:00,0.0
2023-01-12 05:00:00,0.0
2023-01-12 06:00:00,0.0
2023-01-12 07:00:00,0.0
2023-01-12 08:00:00,0.0
2023-01-12 09:00:00,0.0
2023-01-12 10:00:00,108.75000275
2023-01-12 11:00:00,362.9
2023-01-12 12:00:00,620.75001
2023-01-12 13:00:00,853.55
2023-01-12 14:00:00,1036.950035
2023-01-12 15:00:00,1159.275
2023-01-12 16:00:00,1204.775
2023-01-12 17:00:00,1172.35
2023-01-12 18:00:00,1064.3
2023-01-12 19:00:00,889.4750200000001
2023-01-12 20:00:00,663.95
2023-01-12 21:00:00,405.75
2023-01-12 22:00:00,143.42499999999998
2023-01-12 23:00:00,1.925000075
2023-01-13 00:00:00,0.0
2023-01-13 01:00:00,0.0
2023-01-13 02:00:00,0.0
2023-01-13 03:00:00,0.0
2023-01-13 04:00:00,0.0
2023-01-13 05:00:00,0.0
2023-01-13 06:00:00,0.0
2023-01-13 07:00:00,0.0
2023-01-13 08:00:00,0.0
2023-01-13 09:00:00,0.0
2023-01-13 10:00:00,107.525
2023-01-13 11:00:00,363.75
2023-01-13 12:00:00,579.1
2023-01-13 13:00:00,847.25001
2023-01-13 14:00:00,1031.875
2023-01-13 15:00:00,1114.85
2023-01-13 16:00:00,1016.525
2023-01-13 17:00:00,914.17502
2023-01-13 18:00:00,1061.0
2023-01-13 19:00:00,851.97501
2023-01-13 20:00:00,486.075
2023-01-13 21:00:00,132.85000125
2023-01-13 22:00:00,7.975
2023-01-13 23:00:00,0.0
2023-01-14 00:00:00,0.0
2023-01-14 01:00:00,0.0
2023-01-14 02:00:00,0.0
2023-01-14 03:00:00,0.0
2023-01-14 04:00:00,0.0
2023-01-14 05:00:00,0.0
2023-01-14 06:00:00,0.0
2023-01-14 07:00:00,0.0
2023-01-14 08:00:00,0.0
2023-01-14 09:00:00,0.0
2023-01-14 10:00:00,105.575
2023-01-14 11:00:00,362.65000499999996
2023-01-14 12:00:00,627.7750100000001
2023-01-14 13:00:00,863.32503
2023-01-14 14:00:00,1049.4000099999998
2023-01-14 15:00:00,1172.850025
2023-01-14 16:00:00,1219.45005
2023-01-14 17:00:00,1185.50005
2023-01-14 18:00:00,1076.32505
2023-01-14 19:00:00,899.45001
2023-01-14 20:00:00,670.20001
2023-01-14 21:00:00,406.75
2023-01-14 22:00:00,134.525
2023-01-14 23:00:00,1.975
2023-01-15 00:00:00,0.0
2023-01-15 01:00:00,0.0
2023-01-15 02:00:00,0.0
2023-01-15 03:00:00,0.0
2023-01-15 04:00:00,0.0
2023-01-15 05:00:00,0.0
2023-01-15 06:00:00,0.0
2023-01-15 07:00:00,0.0
2023-01-15 08:00:00,0.0
2023-01-15 09:00:00,0.0
2023-01-15 10:00:00,101.95
2023-01-15 11:00:00,356.625
2023-01-15 12:00:00,623.175
2023-01-15 13:00:00,856.95
2023-01-15 14:00:00,1040.6
2023-01-15 15:00:00,1160.350025
2023-01-15 16:00:00,1205.150025
2023-01-15 17:00:00,1170.225
2023-01-15 18:00:00,1059.175
2023-01-15 19:00:00,884.1500100000001
2023-01-15 20:00:00,658.7750100000001
2023-01-15 21:00:00,218.550005
2023-01-15 22:00:00,97.3
2023-01-15 23:00:00,1.975
2023-01-16 00:00:00,0.0
2023-01-16 01:00:00,0.0
2023-01-16 02:00:00,0.0
2023-01-16 03:00:00,0.0
2023-01-16 04:00:00,0.0
2023-01-16 05:00:00,0.0
2023-01-16 06:00:00,0.0
2023-01-16 07:00:00,0.0
2023-01-16 08:00:00,0.0
2023-01-16 09:00:00,0.0
2023-01-16 10:00:00,97.70000250000001
2023-01-16 11:00:00,350.2250025
2023-01-16 12:00:00,613.05
2023-01-16 13:00:00,845.725
2023-01-16 14:00:00,1029.27501
2023-01-16 15:00:00,1150.075
2023-01-16 16:00:00,1195.425025
2023-01-16 17:00:00,1162.6
2023-01-16 18:00:00,1053.175025
2023-01-16 19:00:00,843.37503
2023-01-16 20:00:00,413.125005
2023-01-16 21:00:00,127.8
2023-01-16 22:00:00,57.2000005
2023-01-16 23:00:00,0.0
2023-01-17 00:00:00,0.0
2023-01-17 01:00:00,0.0
2023-01-17 02:00:00,0.0
2023-01-17 03:00:00,0.0
2023-01-17 04:00:00,0.0
2023-01-17 05:00:00,0.0
2023-01-17 06:00:00,0.0
2023-01-17 07:00:00,0.0
2023-01-17 08:00:00,0.0
2023-01-17 09:00:00,0.0
2023-01-17 10:00:00,93.02500075
2023-01-17 11:00:00,341.9500025
2023-01-17 12:00:00,603.725
2023-01-17 13:00:00,835.8
2023-01-17 14:00:00,1020.15
2023-01-17 15:00:00,1143.550025
2023-01-17 16:00:00,1192.150025
2023-01-17 17:00:00,940.6
2023-01-17 18:00:00,1015.425
2023-01-17 19:00:00,880.47502
2023-01-17 20:00:00,651.425
2023-01-17 21:00:00,397.625
2023-01-17 22:00:00,140.70000050000002
2023-01-17 23:00:00,1.925000075
2023-01-18 00:00:00,0.0
2023-01-18 01:00:00,0.0
2023-01-18 02:00:00,0.0
2023-01-18 03:00:00,0.0
2023-01-18 04:00:00,0.0
2023-01-18 05:00:00,0.0
2023-01-18 06:00:00,0.0
2023-01-18 07:00:00,0.0
2023-01-18 08:00:00,0.0
2023-01-18 09:00:00,0.0
2023-01-18 10:00:00,90.8250005
2023-01-18 11:00:00,341.050005
2023-01-18 12:00:00,597.62501
2023-01-18 13:00:00,831.57501
2023-01-18 14:00:00,1014.27505
2023-01-18 15:00:00,1138.075
2023-01-18 16:00:00,1183.200025
2023-01-18 17:00:00,1152.225025
2023-01-18 18:00:00,1048.950025
2023-01-18 19:00:00,876.9
2023-01-18 20:00:00,652.70001
2023-01-18 21:00:00,353.275005
2023-01-18 22:00:00,10.1
2023-01-18 23:00:00,0.0
2023-01-19 00:00:00,0.0
2023-01-19 01:00:00,0.0
2023-01-19 02:00:00,0.0
2023-01-19 03:00:00,0.0
2023-01-19 04:00:00,0.0
2023-01-19 05:00:00,0.0
2023-01-19 06:00:00,0.0
2023-01-19 07:00:00,0.0
2023-01-19 08:00:00,0.0
2023-01-19 09:00:00,0.0
2023-01-19 10:00:00,84.275003
2023-01-19 11:00:00,330.70000749999997
2023-01-19 12:00:00,597.250005
2023-01-19 13:00:00,802.175
2023-01-19 14:00:00,907.65
2023-01-19 15:00:00,1137.175
2023-01-19 16:00:00,1183.975
2023-01-19 17:00:00,1152.450025
2023-01-19 18:00:00,1045.500025
2023-01-19 19:00:00,833.50001
2023-01-19 20:00:00,573.425
2023-01-19 21:00:00,394.225
2023-01-19 22:00:00,46.07500025
2023-01-19 23:00:00,0.0
2023-01-20 00:00:00,0.0
2023-01-20 01:00:00,0.0
2023-01-20 02:00:00,0.0
2023-01-20 03:00:00,0.0
2023-01-20 04:00:00,0.0
2023-01-20 05:00:00,0.0
2023-01-20 06:00:00,0.0
2023-01-20 07:00:00,0.0
2023-01-20 08:00:00,0.0
2023-01-20 09:00:00,0.0
2023-01-20 10:00:00,86.10000125
2023-01-20 11:00:00,336.125
2023-01-20 12:00:00,598.325
2023-01-20 13:00:00,833.75001
2023-01-20 14:00:00,1020.1750099999999
2023-01-20 15:00:00,1145.025
2023-01-20 16:00:00,1193.225025
2023-01-20 17:00:00,1163.8
2023-01-20 18:00:00,1057.05
2023-01-20 19:00:00,881.9
2023-01-20 20:00:00,655.475
2023-01-20 21:00:00,394.32501
2023-01-20 22:00:00,136.775
2023-01-20 23:00:00,1.725
2023-01-21 00:00:00,0.0
2023-01-21 01:00:00,0.0
2023-01-21 02:00:00,0.0
2023-01-21 03:00:00,0.0
2023-01-21 04:00:00,0.0
2023-01-21 05:00:00,0.0
2023-01-21 06:00:00,0.0
2023-01-21 07:00:00,0.0
2023-01-21 08:00:00,0.0
2023-01-21 09:00:00,0.0
2023-01-21 10:00:00,83.125
2023-01-21 11:00:00,329.32500500000003
2023-01-21 12:00:00,595.22501
2023-01-21 13:00:00,827.2750100000001
2023-01-21 14:00:00,1004.45
2023-01-21 15:00:00,980.2750100000001
2023-01-21 16:00:00,1021.125
2023-01-21 17:00:00,1151.150025
2023-01-21 18:00:00,1046.200025
2023-01-21 19:00:00,731.30002
2023-01-21 20:00:00,461.350005
2023-01-21 21:00:00,102.7
2023-01-21 22:00:00,13.35
2023-01-21 23:00:00,0.0
2023-01-22 00:00:00,0.0
2023-01-22 01:00:00,0.0
2023-01-22 02:00:00,0.0
2023-01-22 03:00:00,0.0
2023-01-22 04:00:00,0.0
2023-01-22 05:00:00,0.0
2023-01-22 06:00:00,0.0
2023-01-22 07:00:00,0.0
2023-01-22 08:00:00,0.0
2023-01-22 09:00:00,0.0
2023-01-22 10:00:00,79.8750025
2023-01-22 11:00:00,324.92499999999995
2023-01-22 12:00:00,585.800005
2023-01-22 13:00:00,740.925
2023-01-22 14:00:00,1001.45001
2023-01-22 15:00:00,1123.750025
2023-01-22 16:00:00,1172.80005
2023-01-22 17:00:00,1144.175
2023-01-22 18:00:00,1040.850025
2023-01-22 19:00:00,745.45
2023-01-22 20:00:00,403.02501
2023-01-22 21:00:00,87.675
2023-01-22 22:00:00,0.0
2023-01-22 23:00:00,0.0
2023-01-23 00:00:00,0.0
2023-01-23 01:00:00,0.0
2023-01-23 02:00:00,0.0
2023-01-23 03:00:00,0.0
2023-01-23 04:00:00,0.0
2023-01-23 05:00:00,0.0
2023-01-23 06:00:00,0.0
2023-01-23 07:00:00,0.0
2023-01-23 08:00:00,0.0
2023-01-23 09:00:00,0.0
2023-01-23 10:00:00,70.375
2023-01-23 11:00:00,294.10000249999996
2023-01-23 12:00:00,494.92501500000003
2023-01-23 13:00:00,713.75002
2023-01-23 14:00:00,683.87501
2023-01-23 15:00:00,819.85001
2023-01-23 16:00:00,772.125
2023-01-23 17:00:00,674.4499999999999
2023-01-23 18:00:00,623.4000100000001
2023-01-23 19:00:00,649.97502
2023-01-23 20:00:00,385.600005
2023-01-23 21:00:00,115.69999999999999
2023-01-23 22:00:00,0.0
2023-01-23 23:00:00,0.0
2023-01-24 00:00:00,0.0
2023-01-24 01:00:00,0.0
2023-01-24 02:00:00,0.0
2023-01-24 03:00:00,0.0
2023-01-24 04:00:00,0.0
2023-01-24 05:00:00,0.0
2023-01-24 06:00:00,0.0
2023-01-24 07:00:00,0.0
2023-01-24 08:00:00,0.0
2023-01-24 09:00:00,0.0
2023-01-24 10:00:00,73.65
2023-01-24 11:00:00,316.1000075
2023-01-24 12:00:00,582.25002
2023-01-24 13:00:00,816.35
2023-01-24 14:00:00,1002.075045
2023-01-24 15:00:00,1025.85
2023-01-24 16:00:00,480.77501
2023-01-24 17:00:00,419.2
2023-01-24 18:00:00,649.4250099999999
2023-01-24 19:00:00,729.75001
2023-01-24 20:00:00,405.975015
2023-01-24 21:00:00,12.05
2023-01-24 22:00:00,0.0
2023-01-24 23:00:00,0.0
2023-01-25 00:00:00,0.0
2023-01-25 01:00:00,0.0
2023-01-25 02:00:00,0.0
2023-01-25 03:00:00,0.0
2023-01-25 04:00:00,0.0
2023-01-25 05:00:00,0.0
2023-01-25 06:00:00,0.0
2023-01-25 07:00:00,0.0
2023-01-25 08:00:00,0.0
2023-01-25 09:00:00,0.0
2023-01-25 10:00:00,63.000003750000005
2023-01-25 11:00:00,295.9
2023-01-25 12:00:00,557.05
2023-01-25 13:00:00,800.52501
2023-01-25 14:00:00,987.225
2023-01-25 15:00:00,1113.100025
2023-01-25 16:00:00,1162.100075
2023-01-25 17:00:00,739.90002
2023-01-25 18:00:00,1028.625025
2023-01-25 19:00:00,778.45
2023-01-25 20:00:00,293.425
2023-01-25 21:00:00,184.70000249999998
2023-01-25 22:00:00,6.3
2023-01-25 23:00:00,0.0
2023-01-26 00:00:00,0.0
2023-01-26 01:00:00,0.0
2023-01-26 02:00:00,0.0
2023-01-26 03:00:00,0.0
2023-01-26 04:00:00,0.0
2023-01-26 05:00:00,0.0
2023-01-26 06:00:00,0.0
2023-01-26 07:00:00,0.0
2023-01-26 08:00:00,0.0
2023-01-26 09:00:00,0.0
2023-01-26 10:00:00,66.775
2023-01-26 11:00:00,256.8750025
2023-01-26 12:00:00,480.8
2023-01-26 13:00:00,775.2750100000001
2023-01-26 14:00:00,984.325
2023-01-26 15:00:00,1066.65
2023-01-26 16:00:00,1155.650025
2023-01-26 17:00:00,1130.9499999999998
2023-01-26 18:00:00,721.3
2023-01-26 19:00:00,487.12501000000003
2023-01-26 20:00:00,456.150005
2023-01-26 21:00:00,69.875
2023-01-26 22:00:00,0.0
2023-01-26 23:00:00,0.0
2023-01-27 00:00:00,0.0
2023-01-27 01:00:00,0.0
2023-01-27 02:00:00,0.0
2023-01-27 03:00:00,0.0
2023-01-27 04:00:00,0.0
2023-01-27 05:00:00,0.0
2023-01-27 06:00:00,0.0
2023-01-27 07:00:00,0.0
2023-01-27 08:00:00,0.0
2023-01-27 09:00:00,0.0
2023-01-27 10:00:00,57.8250005
2023-01-27 11:00:00,244.72500250000002
2023-01-27 12:00:00,570.37502
2023-01-27 13:00:00,812.67501
2023-01-27 14:00:00,998.5500099999999
2023-01-27 15:00:00,917.9749999999999
2023-01-27 16:00:00,619.825
2023-01-27 17:00:00,578.9000100000001
2023-01-27 18:00:00,876.35001
2023-01-27 19:00:00,656.07501
2023-01-27 20:00:00,339.275
2023-01-27 21:00:00,54.099999999999994
2023-01-27 22:00:00,0.0
2023-01-27 23:00:00,0.0
2023-01-28 00:00:00,0.0
2023-01-28 01:00:00,0.0
2023-01-28 02:00:00,0.0
2023-01-28 03:00:00,0.0
2023-01-28 04:00:00,0.0
2023-01-28 05:00:00,0.0
2023-01-28 06:00:00,0.0
2023-01-28 07:00:00,0.0
2023-01-28 08:00:00,0.0
2023-01-28 09:00:00,0.0
2023-01-28 10:00:00,60.9
2023-01-28 11:00:00,245.10000250000002
2023-01-28 12:00:00,416.975
2023-01-28 13:00:00,533.8
2023-01-28 14:00:00,731.35
2023-01-28 15:00:00,590.275
2023-01-28 16:00:00,471.15
2023-01-28 17:00:00,550.87501
2023-01-28 18:00:00,615.12501
2023-01-28 19:00:00,796.10002
2023-01-28 20:00:00,600.15001
2023-01-28 21:00:00,290.6250025
2023-01-28 22:00:00,4.4
2023-01-28 23:00:00,0.0
2023-01-29 00:00:00,0.0
2023-01-29 01:00:00,0.0
2023-01-29 02:00:00,0.0
2023-01-29 03:00:00,0.0
2023-01-29 04:00:00,0.0
2023-01-29 05:00:00,0.0
2023-01-29 06:00:00,0.0
2023-01-29 07:00:00,0.0
2023-01-29 08:00:00,0.0
2023-01-29 09:00:00,0.0
2023-01-29 10:00:00,43.5000005
2023-01-29 11:00:00,236.550005
2023-01-29 12:00:00,533.4
2023-01-29 13:00:00,725.8
2023-01-29 14:00:00,774.2750100000001
2023-01-29 15:00:00,870.87501
2023-01-29 16:00:00,782.6
2023-01-29 17:00:00,875.20001
2023-01-29 18:00:00,948.575
2023-01-29 19:00:00,864.85
2023-01-29 20:00:00,643.60001
2023-01-29 21:00:00,391.05
2023-01-29 22:00:00,129.87500375
2023-01-29 23:00:00,0.775000025
2023-01-30 00:00:00,0.0
2023-01-30 01:00:00,0.0
2023-01-30 02:00:00,0.0
2023-01-30 03:00:00,0.0
2023-01-30 04:00:00,0.0
2023-01-30 05:00:00,0.0
2023-01-30 06:00:00,0.0
2023-01-30 07:00:00,0.0
2023-01-30 08:00:00,0.0
2023-01-30 09:00:00,0.0
2023-01-30 10:00:00,66.5500025
2023-01-30 11:00:00,308.6250125
2023-01-30 12:00:00,571.3750150000001
2023-01-30 13:00:00,806.175
2023-01-30 14:00:00,992.9250099999999
2023-01-30 15:00:00,1117.05
2023-01-30 16:00:00,1167.950025
2023-01-30 17:00:00,1090.775025
2023-01-30 18:00:00,992.350025
2023-01-30 19:00:00,835.425
2023-01-30 20:00:00,646.47502
2023-01-30 21:00:00,389.25
2023-01-30 22:00:00,110.375
2023-01-30 23:00:00,0.0
2023-01-31 00:00:00,0.0
2023-01-31 01:00:00,0.0
2023-01-31 02:00:00,0.0
2023-01-31 03:00:00,0.0
2023-01-31 04:00:00,0.0
2023-01-31 05:00:00,0.0
2023-01-31 06:00:00,0.0
2023-01-31 07:00:00,0.0
2023-01-31 08:00:00,0.0
2023-01-31 09:00:00,0.0
2023-01-31 10:00:00,26.875
2023-01-31 11:00:00,196.225
2023-01-31 12:00:00,424.425
2023-01-31 13:00:00,657.7750100000001
2023-01-31 14:00:00,690.37501
2023-01-31 15:00:00,967.15
2023-01-31 16:00:00,1165.575025
2023-01-31 17:00:00,1139.9499999999998
2023-01-31 18:00:00,902.67501
2023-01-31 19:00:00,790.175
2023-01-31 20:00:00,566.12501
2023-01-31 21:00:00,371.22501
2023-01-31 22:00:00,122.82500375000001
2023-01-31 23:00:00,0.0
2023-02-01 00:00:00,0.0
2023-02-01 01:00:00,0.0
2023-02-01 02:00:00,0.0
2023-02-01 03:00:00,0.0
2023-02-01 04:00:00,0.0
2023-02-01 05:00:00,0.0
2023-02-01 06:00:00,0.0
2023-02-01 07:00:00,0.0
2023-02-01 08:00:00,0.0
2023-02-01 09:00:00,0.0
2023-02-01 10:00:00,63.75
2023-02-01 11:00:00,301.2000025
2023-02-01 12:00:00,572.10001
2023-02-01 13:00:00,790.95
2023-02-01 14:00:00,878.87501
2023-02-01 15:00:00,1037.62501
2023-02-01 16:00:00,1181.725
2023-02-01 17:00:00,1154.37505
2023-02-01 18:00:00,1052.20005
2023-02-01 19:00:00,880.2750100000001
2023-02-01 20:00:00,654.55003
2023-02-01 21:00:00,393.925
2023-02-01 22:00:00,131.9750005
2023-02-01 23:00:00,0.275
2023-02-02 00:00:00,0.0
2023-02-02 01:00:00,0.0
2023-02-02 02:00:00,0.0
2023-02-02 03:00:00,0.0
2023-02-02 04:00:00,0.0
2023-02-02 05:00:00,0.0
2023-02-02 06:00:00,0.0
2023-02-02 07:00:00,0.0
2023-02-02 08:00:00,0.0
2023-02-02 09:00:00,0.0
2023-02-02 10:00:00,62.3500025
2023-02-02 11:00:00,304.7
2023-02-02 12:00:00,552.5
2023-02-02 13:00:00,800.52501
2023-02-02 14:00:00,914.05003
2023-02-02 15:00:00,958.42502
2023-02-02 16:00:00,1048.75
2023-02-02 17:00:00,1114.625
2023-02-02 18:00:00,914.725
2023-02-02 19:00:00,780.1500100000001
2023-02-02 20:00:00,584.20001
2023-02-02 21:00:00,268.225005
2023-02-02 22:00:00,120.40000024999999
2023-02-02 23:00:00,0.1
2023-02-03 00:00:00,0.0
2023-02-03 01:00:00,0.0
2023-02-03 02:00:00,0.0
2023-02-03 03:00:00,0.0
2023-02-03 04:00:00,0.0
2023-02-03 05:00:00,0.0
2023-02-03 06:00:00,0.0
2023-02-03 07:00:00,0.0
2023-02-03 08:00:00,0.0
2023-02-03 09:00:00,0.0
2023-02-03 10:00:00,53.425
2023-02-03 11:00:00,230.1500025
2023-02-03 12:00:00,511.92499999999995
2023-02-03 13:00:00,778.025
2023-02-03 14:00:00,833.55001
2023-02-03 15:00:00,941.375
2023-02-03 16:00:00,654.725
2023-02-03 17:00:00,462.150005
2023-02-03 18:00:00,542.65001
2023-02-03 19:00:00,684.075
2023-02-03 20:00:00,635.275
2023-02-03 21:00:00,346.250005
2023-02-03 22:00:00,0.0
2023-02-03 23:00:00,0.0
2023-02-04 00:00:00,0.0
2023-02-04 01:00:00,0.0
2023-02-04 02:00:00,0.0
2023-02-04 03:00:00,0.0
2023-02-04 04:00:00,0.0
2023-02-04 05:00:00,0.0
2023-02-04 06:00:00,0.0
2023-02-04 07:00:00,0.0
2023-02-04 08:00:00,0.0
2023-02-04 09:00:00,0.0
2023-02-04 10:00:00,41.8
2023-02-04 11:00:00,229.15
2023-02-04 12:00:00,393.7
2023-02-04 13:00:00,537.025
2023-02-04 14:00:00,585.25001
2023-02-04 15:00:00,524.37501
2023-02-04 16:00:00,563.8750150000001
2023-02-04 17:00:00,480.67501
2023-02-04 18:00:00,464.10001
2023-02-04 19:00:00,400.375005
2023-02-04 20:00:00,115.925
2023-02-04 21:00:00,0.0
2023-02-04 22:00:00,0.0
2023-02-04 23:00:00,0.0
2023-02-05 00:00:00,0.0
2023-02-05 01:00:00,0.0
2023-02-05 02:00:00,0.0
2023-02-05 03:00:00,0.0
2023-02-05 04:00:00,0.0
2023-02-05 05:00:00,0.0
2023-02-05 06:00:00,0.0
2023-02-05 07:00:00,0.0
2023-02-05 08:00:00,0.0
2023-02-05 09:00:00,0.0
2023-02-05 10:00:00,40.275000500000004
2023-02-05 11:00:00,262.175
2023-02-05 12:00:00,441.500005
2023-02-05 13:00:00,564.22502
2023-02-05 14:00:00,700.6500100000001
2023-02-05 15:00:00,710.55002
2023-02-05 16:00:00,847.7
2023-02-05 17:00:00,900.35001
2023-02-05 18:00:00,872.3
2023-02-05 19:00:00,651.82501
2023-02-05 20:00:00,370.975005
2023-02-05 21:00:00,327.425
2023-02-05 22:00:00,100.12500075
2023-02-05 23:00:00,0.0
2023-02-06 00:00:00,0.0
2023-02-06 01:00:00,0.0
2023-02-06 02:00:00,0.0
2023-02-06 03:00:00,0.0
2023-02-06 04:00:00,0.0
2023-02-06 05:00:00,0.0
2023-02-06 06:00:00,0.0
2023-02-06 07:00:00,0.0
2023-02-06 08:00:00,0.0
2023-02-06 09:00:00,0.0
2023-02-06 10:00:00,46.400002
2023-02-06 11:00:00,250.1000075
2023-02-06 12:00:00,449.925005
2023-02-06 13:00:00,706.5
2023-02-06 14:00:00,885.12503
2023-02-06 15:00:00,663.40002
2023-02-06 16:00:00,432.000005
2023-02-06 17:00:00,507.97502000000003
2023-02-06 18:00:00,632.2
2023-02-06 19:00:00,721.57501
2023-02-06 20:00:00,273.1250025
2023-02-06 21:00:00,95.85
2023-02-06 22:00:00,0.0
2023-02-06 23:00:00,0.0
2023-02-07 00:00:00,0.0
2023-02-07 01:00:00,0.0
2023-02-07 02:00:00,0.0
2023-02-07 03:00:00,0.0
2023-02-07 04:00:00,0.0
2023-02-07 05:00:00,0.0
2023-02-07 06:00:00,0.0
2023-02-07 07:00:00,0.0
2023-02-07 08:00:00,0.0
2023-02-07 09:00:00,0.0
2023-02-07 10:00:00,38.35000075000001
2023-02-07 11:00:00,221.625005
2023-02-07 12:00:00,447.625015
2023-02-07 13:00:00,734.37502
2023-02-07 14:00:00,952.62501
2023-02-07 15:00:00,1059.375
2023-02-07 16:00:00,1015.75001
2023-02-07 17:00:00,896.10001
2023-02-07 18:00:00,912.65002
2023-02-07 19:00:00,833.175
2023-02-07 20:00:00,610.00001
2023-02-07 21:00:00,359.75
2023-02-07 22:00:00,78.0
2023-02-07 23:00:00,0.0
2023-02-08 00:00:00,0.0
2023-02-08 01:00:00,0.0
2023-02-08 02:00:00,0.0
2023-02-08 03:00:00,0.0
2023-02-08 04:00:00,0.0
2023-02-08 05:00:00,0.0
2023-02-08 06:00:00,0.0
2023-02-08 07:00:00,0.0
2023-02-08 08:00:00,0.0
2023-02-08 09:00:00,0.0
2023-02-08 10:00:00,40.70000125
2023-02-08 11:00:00,260.3000025
2023-02-08 12:00:00,530.925015
2023-02-08 13:00:00,768.12501
2023-02-08 14:00:00,956.95002
2023-02-08 15:00:00,1084.3
2023-02-08 16:00:00,1003.725
2023-02-08 17:00:00,775.3
2023-02-08 18:00:00,876.20001
2023-02-08 19:00:00,722.525
2023-02-08 20:00:00,394.90000499999996
2023-02-08 21:00:00,213.9
2023-02-08 22:00:00,53.150000250000005
2023-02-08 23:00:00,0.0
2023-02-09 00:00:00,0.0
2023-02-09 01:00:00,0.0
2023-02-09 02:00:00,0.0
2023-02-09 03:00:00,0.0
2023-02-09 04:00:00,0.0
2023-02-09 05:00:00,0.0
2023-02-09 06:00:00,0.0
2023-02-09 07:00:00,0.0
2023-02-09 08:00:00,0.0
2023-02-09 09:00:00,0.0
2023-02-09 10:00:00,41.025
2023-02-09 11:00:00,208.3750025
2023-02-09 12:00:00,410.57501
2023-02-09 13:00:00,664.275
2023-02-09 14:00:00,812.60001
2023-02-09 15:00:00,984.9
2023-02-09 16:00:00,1105.6
2023-02-09 17:00:00,1088.4
2023-02-09 18:00:00,971.6000200000001
2023-02-09 19:00:00,761.2750100000001
2023-02-09 20:00:00,475.075
2023-02-09 21:00:00,176.05000625
2023-02-09 22:00:00,0.0
2023-02-09 23:00:00,0.0
2023-02-10 00:00:00,0.0
2023-02-10 01:00:00,0.0
2023-02-10 02:00:00,0.0
2023-02-10 03:00:00,0.0
2023-02-10 04:00:00,0.0
2023-02-10 05:00:00,0.0
2023-02-10 06:00:00,0.0
2023-02-10 07:00:00,0.0
2023-02-10 08:00:00,0.0
2023-02-10 09:00:00,0.0
2023-02-10 10:00:00,43.600001750000004
2023-02-10 11:00:00,271.100005
2023-02-10 12:00:00,491.20001
2023-02-10 13:00:00,742.0
2023-02-10 14:00:00,890.75
2023-02-10 15:00:00,1000.900025
2023-02-10 16:00:00,842.3
2023-02-10 17:00:00,605.35
2023-02-10 18:00:00,405.55001
2023-02-10 19:00:00,731.50002
2023-02-10 20:00:00,564.85
2023-02-10 21:00:00,342.5500125
2023-02-10 22:00:00,52.025
2023-02-10 23:00:00,0.0
2023-02-11 00:00:00,0.0
2023-02-11 01:00:00,0.0
2023-02-11 02:00:00,0.0
2023-02-11 03:00:00,0.0
2023-02-11 04:00:00,0.0
2023-02-11 05:00:00,0.0
2023-02-11 06:00:00,0.0
2023-02-11 07:00:00,0.0
2023-02-11 08:00:00,0.0
2023-02-11 09:00:00,0.0
2023-02-11 10:00:00,39.67500125
2023-02-11 11:00:00,262.57500500000003
2023-02-11 12:00:00,515.45
2023-02-11 13:00:00,759.525
2023-02-11 14:00:00,953.00001
2023-02-11 15:00:00,1077.875025
2023-02-11 16:00:00,1078.275025
2023-02-11 17:00:00,1114.92505
2023-02-11 18:00:00,1008.62502
2023-02-11 19:00:00,838.12501
2023-02-11 20:00:00,610.0500099999999
2023-02-11 21:00:00,240.875
2023-02-11 22:00:00,75.4
2023-02-11 23:00:00,0.0
2023-02-12 00:00:00,0.0
2023-02-12 01:00:00,0.0
2023-02-12 02:00:00,0.0
2023-02-12 03:00:00,0.0
2023-02-12 04:00:00,0.0
2023-02-12 05:00:00,0.0
2023-02-12 06:00:00,0.0
2023-02-12 07:00:00,0.0
2023-02-12 08:00:00,0.0
2023-02-12 09:00:00,0.0
2023-02-12 10:00:00,39.87500025
2023-02-12 11:00:00,261.100005
2023-02-12 12:00:00,523.525005
2023-02-12 13:00:00,765.5
2023-02-12 14:00:00,959.45002
2023-02-12 15:00:00,1097.8
2023-02-12 16:00:00,1151.550025
2023-02-12 17:00:00,1124.85
2023-02-12 18:00:00,853.8
2023-02-12 19:00:00,813.87501
2023-02-12 20:00:00,626.30003
2023-02-12 21:00:00,288.1500025
2023-02-12 22:00:00,46.550000000000004
2023-02-12 23:00:00,0.0
2023-02-13 00:00:00,0.0
2023-02-13 01:00:00,0.0
2023-02-13 02:00:00,0.0
2023-02-13 03:00:00,0.0
2023-02-13 04:00:00,0.0
2023-02-13 05:00:00,0.0
2023-02-13 06:00:00,0.0
2023-02-13 07:00:00,0.0
2023-02-13 08:00:00,0.0
2023-02-13 09:00:00,0.0
2023-02-13 10:00:00,41.65
2023-02-13 11:00:00,268.875005
2023-02-13 12:00:00,518.65002
2023-02-13 13:00:00,761.9250099999999
2023-02-13 14:00:00,926.025
2023-02-13 15:00:00,858.125
2023-02-13 16:00:00,581.8750150000001
2023-02-13 17:00:00,902.4749999999999
2023-02-13 18:00:00,708.525005
2023-02-13 19:00:00,348.300005
2023-02-13 20:00:00,238.5000025
2023-02-13 21:00:00,38.175
2023-02-13 22:00:00,0.0
2023-02-13 23:00:00,0.0
2023-02-14 00:00:00,0.0
2023-02-14 01:00:00,0.0
2023-02-14 02:00:00,0.0
2023-02-14 03:00:00,0.0
2023-02-14 04:00:00,0.0
2023-02-14 05:00:00,0.0
2023-02-14 06:00:00,0.0
2023-02-14 07:00:00,0.0
2023-02-14 08:00:00,0.0
2023-02-14 09:00:00,0.0
2023-02-14 10:00:00,30.95
2023-02-14 11:00:00,226.6250025
2023-02-14 12:00:00,497.25001000000003
2023-02-14 13:00:00,742.475
2023-02-14 14:00:00,936.5250100000001
2023-02-14 15:00:00,1073.675
2023-02-14 16:00:00,1083.475035
2023-02-14 17:00:00,883.425
2023-02-14 18:00:00,636.675015
2023-02-14 19:00:00,403.575
2023-02-14 20:00:00,426.875005
2023-02-14 21:00:00,137.97500125
2023-02-14 22:00:00,0.0
2023-02-14 23:00:00,0.0
2023-02-15 00:00:00,0.0
2023-02-15 01:00:00,0.0
2023-02-15 02:00:00,0.0
2023-02-15 03:00:00,0.0
2023-02-15 04:00:00,0.0
2023-02-15 05:00:00,0.0
2023-02-15 06:00:00,0.0
2023-02-15 07:00:00,0.0
2023-02-15 08:00:00,0.0
2023-02-15 09:00:00,0.0
2023-02-15 10:00:00,25.450000000000003
2023-02-15 11:00:00,223.35
2023-02-15 12:00:00,351.150005
2023-02-15 13:00:00,488.54999999999995
2023-02-15 14:00:00,711.95
2023-02-15 15:00:00,828.77502
2023-02-15 16:00:00,780.525
2023-02-15 17:00:00,590.925
2023-02-15 18:00:00,585.3
2023-02-15 19:00:00,356.750005
2023-02-15 20:00:00,519.0749999999999
2023-02-15 21:00:00,179.375
2023-02-15 22:00:00,24.25
2023-02-15 23:00:00,0.0
2023-02-16 00:00:00,0.0
2023-02-16 01:00:00,0.0
2023-02-16 02:00:00,0.0
2023-02-16 03:00:00,0.0
2023-02-16 04:00:00,0.0
2023-02-16 05:00:00,0.0
2023-02-16 06:00:00,0.0
2023-02-16 07:00:00,0.0
2023-02-16 08:00:00,0.0
2023-02-16 09:00:00,0.0
2023-02-16 10:00:00,38.100000574999996
2023-02-16 11:00:00,264.5750025
2023-02-16 12:00:00,538.60001
2023-02-16 13:00:00,784.72502
2023-02-16 14:00:00,980.5
2023-02-16 15:00:00,1117.200025
2023-02-16 16:00:00,1172.375
2023-02-16 17:00:00,1141.9
2023-02-16 18:00:00,1034.65001
2023-02-16 19:00:00,858.45
2023-02-16 20:00:00,629.7250200000001
2023-02-16 21:00:00,340.025
2023-02-16 22:00:00,96.6250025
2023-02-16 23:00:00,0.0
2023-02-17 00:00:00,0.0
2023-02-17 01:00:00,0.0
2023-02-17 02:00:00,0.0
2023-02-17 03:00:00,0.0
2023-02-17 04:00:00,0.0
2023-02-17 05:00:00,0.0
2023-02-17 06:00:00,0.0
2023-02-17 07:00:00,0.0
2023-02-17 08:00:00,0.0
2023-02-17 09:00:00,0.0
2023-02-17 10:00:00,39.800000575
2023-02-17 11:00:00,268.62500750000004
2023-02-17 12:00:00,520.550005
2023-02-17 13:00:00,762.8
2023-02-17 14:00:00,954.75001
2023-02-17 15:00:00,1086.87505
2023-02-17 16:00:00,1139.150075
2023-02-17 17:00:00,1111.75
2023-02-17 18:00:00,1005.325
2023-02-17 19:00:00,830.925
2023-02-17 20:00:00,605.32501
2023-02-17 21:00:00,316.875005
2023-02-17 22:00:00,53.824999999999996
2023-02-17 23:00:00,0.0
2023-02-18 00:00:00,0.0
2023-02-18 01:00:00,0.0
2023-02-18 02:00:00,0.0
2023-02-18 03:00:00,0.0
2023-02-18 04:00:00,0.0
2023-02-18 05:00:00,0.0
2023-02-18 06:00:00,0.0
2023-02-18 07:00:00,0.0
2023-02-18 08:00:00,0.0
2023-02-18 09:00:00,0.0
2023-02-18 10:00:00,38.875
2023-02-18 11:00:00,246.2000025
2023-02-18 12:00:00,480.325
2023-02-18 13:00:00,720.6500100000001
2023-02-18 14:00:00,967.325
2023-02-18 15:00:00,1094.8
2023-02-18 16:00:00,1145.825025
2023-02-18 17:00:00,1118.775
2023-02-18 18:00:00,1011.8
2023-02-18 19:00:00,837.45
2023-02-18 20:00:00,497.84999999999997
2023-02-18 21:00:00,149.625
2023-02-18 22:00:00,0.0
2023-02-18 23:00:00,0.0
2023-02-19 00:00:00,0.0
2023-02-19 01:00:00,0.0
2023-02-19 02:00:00,0.0
2023-02-19 03:00:00,0.0
2023-02-19 04:00:00,0.0
2023-02-19 05:00:00,0.0
2023-02-19 06:00:00,0.0
2023-02-19 07:00:00,0.0
2023-02-19 08:00:00,0.0
2023-02-19 09:00:00,0.0
2023-02-19 10:00:00,36.725
2023-02-19 11:00:00,264.275
2023-02-19 12:00:00,515.000005
2023-02-19 13:00:00,760.525
2023-02-19 14:00:00,957.02501
2023-02-19 15:00:00,1099.975025
2023-02-19 16:00:00,1152.9
2023-02-19 17:00:00,1124.350025
2023-02-19 18:00:00,1021.325
2023-02-19 19:00:00,779.3
2023-02-19 20:00:00,614.42501
2023-02-19 21:00:00,347.5
2023-02-19 22:00:00,83.97500025
2023-02-19 23:00:00,0.0
2023-02-20 00:00:00,0.0
2023-02-20 01:00:00,0.0
2023-02-20 02:00:00,0.0
2023-02-20 03:00:00,0.0
2023-02-20 04:00:00,0.0
2023-02-20 05:00:00,0.0
2023-02-20 06:00:00,0.0
2023-02-20 07:00:00,0.0
2023-02-20 08:00:00,0.0
2023-02-20 09:00:00,0.0
2023-02-20 10:00:00,33.05
2023-02-20 11:00:00,252.725
2023-02-20 12:00:00,503.57501
2023-02-20 13:00:00,747.2750100000001
2023-02-20 14:00:00,941.47501
2023-02-20 15:00:00,1076.65
2023-02-20 16:00:00,1127.475
2023-02-20 17:00:00,1099.45005
2023-02-20 18:00:00,998.700025
2023-02-20 19:00:00,823.925
2023-02-20 20:00:00,594.50001
2023-02-20 21:00:00,332.475005
2023-02-20 22:00:00,71.10000025
2023-02-20 23:00:00,0.0
2023-02-21 00:00:00,0.0
2023-02-21 01:00:00,0.0
2023-02-21 02:00:00,0.0
2023-02-21 03:00:00,0.0
2023-02-21 04:00:00,0.0
2023-02-21 05:00:00,0.0
2023-02-21 06:00:00,0.0
2023-02-21 07:00:00,0.0
2023-02-21 08:00:00,0.0
2023-02-21 09:00:00,0.0
2023-02-21 10:00:00,30.125
2023-02-21 11:00:00,224.89999999999998
2023-02-21 12:00:00,421.975
2023-02-21 13:00:00,691.20001
2023-02-21 14:00:00,931.8
2023-02-21 15:00:00,1064.27505
2023-02-21 16:00:00,1116.025025
2023-02-21 17:00:00,1086.325
2023-02-21 18:00:00,976.375035
2023-02-21 19:00:00,634.725
2023-02-21 20:00:00,192.45
2023-02-21 21:00:00,0.0
2023-02-21 22:00:00,0.0
2023-02-21 23:00:00,0.0
2023-02-22 00:00:00,0.0
2023-02-22 01:00:00,0.0
2023-02-22 02:00:00,0.0
2023-02-22 03:00:00,0.0
2023-02-22 04:00:00,0.0
2023-02-22 05:00:00,0.0
2023-02-22 06:00:00,0.0
2023-02-22 07:00:00,0.0
2023-02-22 08:00:00,0.0
2023-02-22 09:00:00,0.0
2023-02-22 10:00:00,30.4
2023-02-22 11:00:00,216.37500125
2023-02-22 12:00:00,471.05001
2023-02-22 13:00:00,655.275
2023-02-22 14:00:00,955.65
2023-02-22 15:00:00,1092.20005
2023-02-22 16:00:00,1142.700025
2023-02-22 17:00:00,1111.200025
2023-02-22 18:00:00,1002.10001
2023-02-22 19:00:00,825.67501
2023-02-22 20:00:00,524.7750100000001
2023-02-22 21:00:00,309.275
2023-02-22 22:00:00,74.2000015
2023-02-22 23:00:00,0.0
2023-02-23 00:00:00,0.0
2023-02-23 01:00:00,0.0
2023-02-23 02:00:00,0.0
2023-02-23 03:00:00,0.0
2023-02-23 04:00:00,0.0
2023-02-23 05:00:00,0.0
2023-02-23 06:00:00,0.0
2023-02-23 07:00:00,0.0
2023-02-23 08:00:00,0.0
2023-02-23 09:00:00,0.0
2023-02-23 10:00:00,29.1
2023-02-23 11:00:00,243.0500125
2023-02-23 12:00:00,516.950005
2023-02-23 13:00:00,763.5250000000001
2023-02-23 14:00:00,959.525
2023-02-23 15:00:00,1095.7
2023-02-23 16:00:00,1149.175025
2023-02-23 17:00:00,1120.35
2023-02-23 18:00:00,1013.12501
2023-02-23 19:00:00,835.50001
2023-02-23 20:00:00,603.95001
2023-02-23 21:00:00,336.79999999999995
2023-02-23 22:00:00,81.650003
2023-02-23 23:00:00,0.0
2023-02-24 00:00:00,0.0
2023-02-24 01:00:00,0.0
2023-02-24 02:00:00,0.0
2023-02-24 03:00:00,0.0
2023-02-24 04:00:00,0.0
2023-02-24 05:00:00,0.0
2023-02-24 06:00:00,0.0
2023-02-24 07:00:00,0.0
2023-02-24 08:00:00,0.0
2023-02-24 09:00:00,0.0
2023-02-24 10:00:00,28.500001500000003
2023-02-24 11:00:00,239.87500749999998
2023-02-24 12:00:00,497.375005
2023-02-24 13:00:00,742.10001
2023-02-24 14:00:00,938.42502
2023-02-24 15:00:00,1081.125
2023-02-24 16:00:00,1131.725025
2023-02-24 17:00:00,1100.125075
2023-02-24 18:00:00,990.5
2023-02-24 19:00:00,814.40002
2023-02-24 20:00:00,586.25003
2023-02-24 21:00:00,326.85001
2023-02-24 22:00:00,76.550000025
2023-02-24 23:00:00,0.0
2023-02-25 00:00:00,0.0
2023-02-25 01:00:00,0.0
2023-02-25 02:00:00,0.0
2023-02-25 03:00:00,0.0
2023-02-25 04:00:00,0.0
2023-02-25 05:00:00,0.0
2023-02-25 06:00:00,0.0
2023-02-25 07:00:00,0.0
2023-02-25 08:00:00,0.0
2023-02-25 09:00:00,0.0
2023-02-25 10:00:00,29.775
2023-02-25 11:00:00,248.925005
2023-02-25 12:00:00,524.92502
2023-02-25 13:00:00,771.87501
2023-02-25 14:00:00,968.375
2023-02-25 15:00:00,1100.425025
2023-02-25 16:00:00,1149.025025
2023-02-25 17:00:00,1113.500025
2023-02-25 18:00:00,1002.7750100000001
2023-02-25 19:00:00,830.0
2023-02-25 20:00:00,604.4
2023-02-25 21:00:00,338.025005
2023-02-25 22:00:00,56.575
2023-02-25 23:00:00,0.0
2023-02-26 00:00:00,0.0
2023-02-26 01:00:00,0.0
2023-02-26 02:00:00,0.0
2023-02-26 03:00:00,0.0
2023-02-26 04:00:00,0.0
2023-02-26 05:00:00,0.0
2023-02-26 06:00:00,0.0
2023-02-26 07:00:00,0.0
2023-02-26 08:00:00,0.0
2023-02-26 09:00:00,0.0
2023-02-26 10:00:00,31.650000000000002
2023-02-26 11:00:00,254.35000000000002
2023-02-26 12:00:00,518.75
2023-02-26 13:00:00,761.4749999999999
2023-02-26 14:00:00,954.55
2023-02-26 15:00:00,1082.975
2023-02-26 16:00:00,1133.750025
2023-02-26 17:00:00,1094.075
2023-02-26 18:00:00,998.5250450000001
2023-02-26 19:00:00,821.75001
2023-02-26 20:00:00,591.175015
2023-02-26 21:00:00,265.55
2023-02-26 22:00:00,0.2
2023-02-26 23:00:00,0.0
2023-02-27 00:00:00,0.0
2023-02-27 01:00:00,0.0
2023-02-27 02:00:00,0.0
2023-02-27 03:00:00,0.0
2023-02-27 04:00:00,0.0
2023-02-27 05:00:00,0.0
2023-02-27 06:00:00,0.0
2023-02-27 07:00:00,0.0
2023-02-27 08:00:00,0.0
2023-02-27 09:00:00,0.0
2023-02-27 10:00:00,30.5
2023-02-27 11:00:00,251.875
2023-02-27 12:00:00,512.85
2023-02-27 13:00:00,754.6500100000001
2023-02-27 14:00:00,946.37501
2023-02-27 15:00:00,1071.225025
2023-02-27 16:00:00,1122.70005
2023-02-27 17:00:00,1093.35
2023-02-27 18:00:00,985.0750350000001
2023-02-27 19:00:00,809.425
2023-02-27 20:00:00,580.025015
2023-02-27 21:00:00,183.6
2023-02-27 22:00:00,0.0
2023-02-27 23:00:00,0.0
2023-02-28 00:00:00,0.0
2023-02-28 01:00:00,0.0
2023-02-28 02:00:00,0.0
2023-02-28 03:00:00,0.0
2023-02-28 04:00:00,0.0
2023-02-28 05:00:00,0.0
2023-02-28 06:00:00,0.0
2023-02-28 07:00:00,0.0
2023-02-28 08:00:00,0.0
2023-02-28 09:00:00,0.0
2023-02-28 10:00:00,27.775
2023-02-28 11:00:00,241.725
2023-02-28 12:00:00,485.100015
2023-02-28 13:00:00,731.95
2023-02-28 14:00:00,927.45
2023-02-28 15:00:00,1066.07505
2023-02-28 16:00:00,1118.62505
2023-02-28 17:00:00,1089.775
2023-02-28 18:00:00,984.675
2023-02-28 19:00:00,807.8000099999999
2023-02-28 20:00:00,575.55
2023-02-28 21:00:00,304.22501
2023-02-28 22:00:00,58.9000015
2023-02-28 23:00:00,0.0
2023-03-01 00:00:00,0.0
2023-03-01 01:00:00,0.0
2023-03-01 02:00:00,0.0
2023-03-01 03:00:00,0.0
2023-03-01 04:00:00,0.0
2023-03-01 05:00:00,0.0
2023-03-01 06:00:00,0.0
2023-03-01 07:00:00,0.0
2023-03-01 08:00:00,0.0
2023-03-01 09:00:00,0.0
2023-03-01 10:00:00,23.325000250000002
2023-03-01 11:00:00,202.55000375
2023-03-01 12:00:00,476.8
2023-03-01 13:00:00,727.05
2023-03-01 14:00:00,920.52501
2023-03-01 15:00:00,1053.275025
2023-03-01 16:00:00,1104.425
2023-03-01 17:00:00,1074.125025
2023-03-01 18:00:00,971.30001
2023-03-01 19:00:00,797.65
2023-03-01 20:00:00,565.425
2023-03-01 21:00:00,290.5250075
2023-03-01 22:00:00,27.075000250000002
2023-03-01 23:00:00,0.0
2023-03-02 00:00:00,0.0
2023-03-02 01:00:00,0.0
2023-03-02 02:00:00,0.0
2023-03-02 03:00:00,0.0
2023-03-02 04:00:00,0.0
2023-03-02 05:00:00,0.0
2023-03-02 06:00:00,0.0
2023-03-02 07:00:00,0.0
2023-03-02 08:00:00,0.0
2023-03-02 09:00:00,0.0
2023-03-02 10:00:00,15.850000000000001
2023-03-02 11:00:00,175.2500025
2023-03-02 12:00:00,487.06666666666666
2023-03-02 13:00:00,735.97501
2023-03-02 14:00:00,929.55001
2023-03-02 15:00:00,1060.675025
2023-03-02 16:00:00,1111.600025
2023-03-02 17:00:00,1081.9
2023-03-02 18:00:00,976.3
2023-03-02 19:00:00,797.92501
2023-03-02 20:00:00,568.40002
2023-03-02 21:00:00,308.8
2023-03-02 22:00:00,63.875
2023-03-02 23:00:00,0.0
2023-03-03 00:00:00,0.0
2023-03-03 01:00:00,0.0
2023-03-03 02:00:00,0.0
2023-03-03 03:00:00,0.0
2023-03-03 04:00:00,0.0
2023-03-03 05:00:00,0.0
2023-03-03 06:00:00,0.0
2023-03-03 07:00:00,0.0
2023-03-03 08:00:00,0.0
2023-03-03 09:00:00,0.0
2023-03-03 10:00:00,26.675000250000004
2023-03-03 11:00:00,241.0250025
2023-03-03 12:00:00,513.9
2023-03-03 13:00:00,745.775
2023-03-03 14:00:00,939.6999999999999
2023-03-03 15:00:00,1070.90005
2023-03-03 16:00:00,1123.175
2023-03-03 17:00:00,1093.725
2023-03-03 18:00:00,986.2750000000001
2023-03-03 19:00:00,809.1
2023-03-03 20:00:00,577.77502
2023-03-03 21:00:00,177.92500125
2023-03-03 22:00:00,0.0
2023-03-03 23:00:00,0.0
2023-03-04 00:00:00,0.0
2023-03-04 01:00:00,0.0
2023-03-04 02:00:00,0.0
2023-03-04 03:00:00,0.0
2023-03-04 04:00:00,0.0
2023-03-04 05:00:00,0.0
2023-03-04 06:00:00,0.0
2023-03-04 07:00:00,0.0
2023-03-04 08:00:00,0.0
2023-03-04 09:00:00,0.0
2023-03-04 10:00:00,24.47500025
2023-03-04 11:00:00,231.89999999999998
2023-03-04 12:00:00,495.3000133333333
2023-03-04 13:00:00,727.30001
2023-03-04 14:00:00,920.37501
2023-03-04 15:00:00,1050.525025
2023-03-04 16:00:00,1100.475025
2023-03-04 17:00:00,1068.900025
2023-03-04 18:00:00,960.2
2023-03-04 19:00:00,782.675
2023-03-04 20:00:00,381.625
2023-03-04 21:00:00,62.375
2023-03-04 22:00:00,0.0
2023-03-04 23:00:00,0.0
2023-03-05 00:00:00,0.0
2023-03-05 01:00:00,0.0
2023-03-05 02:00:00,0.0
2023-03-05 03:00:00,0.0
2023-03-05 04:00:00,0.0
2023-03-05 05:00:00,0.0
2023-03-05 06:00:00,0.0
2023-03-05 07:00:00,0.0
2023-03-05 08:00:00,0.0
2023-03-05 09:00:00,0.0
2023-03-05 10:00:00,22.10000025
2023-03-05 11:00:00,222.125
2023-03-05 12:00:00,478.725005
2023-03-05 13:00:00,720.75
2023-03-05 14:00:00,911.05001
2023-03-05 15:00:00,1045.0250099999998
2023-03-05 16:00:00,1094.400025
2023-03-05 17:00:00,1063.450025
2023-03-05 18:00:00,894.875
2023-03-05 19:00:00,711.00001
2023-03-05 20:00:00,452.475015
2023-03-05 21:00:00,138.6500005
2023-03-05 22:00:00,14.6
2023-03-05 23:00:00,0.0
2023-03-06 00:00:00,0.0
2023-03-06 01:00:00,0.0
2023-03-06 02:00:00,0.0
2023-03-06 03:00:00,0.0
2023-03-06 04:00:00,0.0
2023-03-06 05:00:00,0.0
2023-03-06 06:00:00,0.0
2023-03-06 07:00:00,0.0
2023-03-06 08:00:00,0.0
2023-03-06 09:00:00,0.0
2023-03-06 10:00:00,27.266666666666666
2023-03-06 11:00:00,219.875
2023-03-06 12:00:00,484.52501
2023-03-06 13:00:00,726.70001
2023-03-06 14:00:00,920.275
2023-03-06 15:00:00,1048.225
2023-03-06 16:00:00,1097.35
2023-03-06 17:00:00,1065.25
2023-03-06 18:00:00,955.85001
2023-03-06 19:00:00,498.05002
2023-03-06 20:00:00,398.97501
2023-03-06 21:00:00,112.6
2023-03-06 22:00:00,0.0
2023-03-06 23:00:00,0.0
2023-03-07 00:00:00,0.0
2023-03-07 01:00:00,0.0
2023-03-07 02:00:00,0.0
2023-03-07 03:00:00,0.0
2023-03-07 04:00:00,0.0
2023-03-07 05:00:00,0.0
2023-03-07 06:00:00,0.0
2023-03-07 07:00:00,0.0
2023-03-07 08:00:00,0.0
2023-03-07 09:00:00,0.0
2023-03-07 10:00:00,20.775
2023-03-07 11:00:00,218.775
2023-03-07 12:00:00,464.850005
2023-03-07 13:00:00,709.0
2023-03-07 14:00:00,902.95
2023-03-07 15:00:00,1035.575
2023-03-07 16:00:00,1086.50005
2023-03-07 17:00:00,1054.875
2023-03-07 18:00:00,896.37501
2023-03-07 19:00:00,740.95002
2023-03-07 20:00:00,399.75001
2023-03-07 21:00:00,109.82500375000001
2023-03-07 22:00:00,7.65
2023-03-07 23:00:00,0.0
2023-03-08 00:00:00,0.0
2023-03-08 01:00:00,0.0
2023-03-08 02:00:00,0.0
2023-03-08 03:00:00,0.0
2023-03-08 04:00:00,0.0
2023-03-08 05:00:00,0.0
2023-03-08 06:00:00,0.0
2023-03-08 07:00:00,0.0
2023-03-08 08:00:00,0.0
2023-03-08 09:00:00,0.0
2023-03-08 10:00:00,19.75
2023-03-08 11:00:00,214.15
2023-03-08 12:00:00,480.050005
2023-03-08 13:00:00,722.9000100000001
2023-03-08 14:00:00,917.20002
2023-03-08 15:00:00,1050.15005
2023-03-08 16:00:00,1099.300025
2023-03-08 17:00:00,1066.475025
2023-03-08 18:00:00,817.425
2023-03-08 19:00:00,775.17501
2023-03-08 20:00:00,542.350025
2023-03-08 21:00:00,273.975
2023-03-08 22:00:00,36.75
2023-03-08 23:00:00,0.0
2023-03-09 00:00:00,0.0
2023-03-09 01:00:00,0.0
2023-03-09 02:00:00,0.0
2023-03-09 03:00:00,0.0
2023-03-09 04:00:00,0.0
2023-03-09 05:00:00,0.0
2023-03-09 06:00:00,0.0
2023-03-09 07:00:00,0.0
2023-03-09 08:00:00,0.0
2023-03-09 09:00:00,0.0
2023-03-09 10:00:00,21.7
2023-03-09 11:00:00,226.55000625
2023-03-09 12:00:00,489.575
2023-03-09 13:00:00,735.12501
2023-03-09 14:00:00,931.40002
2023-03-09 15:00:00,1063.225
2023-03-09 16:00:00,1110.65
2023-03-09 17:00:00,1077.400025
2023-03-09 18:00:00,967.87502
2023-03-09 19:00:00,787.625
2023-03-09 20:00:00,552.4
2023-03-09 21:00:00,286.325
2023-03-09 22:00:00,48.925002
2023-03-09 23:00:00,0.0
2023-03-10 00:00:00,0.0
2023-03-10 01:00:00,0.0
2023-03-10 02:00:00,0.0
2023-03-10 03:00:00,0.0
2023-03-10 04:00:00,0.0
2023-03-10 05:00:00,0.0
2023-03-10 06:00:00,0.0
2023-03-10 07:00:00,0.0
2023-03-10 08:00:00,0.0
2023-03-10 09:00:00,0.0
2023-03-10 10:00:00,22.900001250000003
2023-03-10 11:00:00,234.300005
2023-03-10 12:00:00,502.72501
2023-03-10 13:00:00,747.55002
2023-03-10 14:00:00,941.4250099999999
2023-03-10 15:00:00,1070.850025
2023-03-10 16:00:00,1121.725025
2023-03-10 17:00:00,1087.400025
2023-03-10 18:00:00,972.20002
2023-03-10 19:00:00,790.725
2023-03-10 20:00:00,556.7
2023-03-10 21:00:00,289.925
2023-03-10 22:00:00,49.3250005
2023-03-10 23:00:00,0.0
2023-03-11 00:00:00,0.0
2023-03-11 01:00:00,0.0
2023-03-11 02:00:00,0.0
2023-03-11 03:00:00,0.0
2023-03-11 04:00:00,0.0
2023-03-11 05:00:00,0.0
2023-03-11 06:00:00,0.0
2023-03-11 07:00:00,0.0
2023-03-11 08:00:00,0.0
2023-03-11 09:00:00,0.0
2023-03-11 10:00:00,22.4
2023-03-11 11:00:00,233.825
2023-03-11 12:00:00,505.20001
2023-03-11 13:00:00,749.72501
2023-03-11 14:00:00,944.20001
2023-03-11 15:00:00,1073.650025
2023-03-11 16:00:00,1124.925025
2023-03-11 17:00:00,1092.025
2023-03-11 18:00:00,978.950025
2023-03-11 19:00:00,795.4749999999999
2023-03-11 20:00:00,558.05
2023-03-11 21:00:00,290.15
2023-03-11 22:00:00,48.075
2023-03-11 23:00:00,0.0
2023-03-12 00:00:00,0.0
2023-03-12 01:00:00,0.0
2023-03-12 02:00:00,0.0
2023-03-12 03:00:00,0.0
2023-03-12 04:00:00,0.0
2023-03-12 05:00:00,0.0
2023-03-12 06:00:00,0.0
2023-03-12 07:00:00,0.0
2023-03-12 08:00:00,0.0
2023-03-12 09:00:00,0.0
2023-03-12 10:00:00,21.60000025
2023-03-12 11:00:00,211.375
2023-03-12 12:00:00,477.80001
2023-03-12 13:00:00,736.3499999999999
2023-03-12 14:00:00,930.775
2023-03-12 15:00:00,1062.100025
2023-03-12 16:00:00,1112.4
2023-03-12 17:00:00,1066.350025
2023-03-12 18:00:00,765.975
2023-03-12 19:00:00,589.5
2023-03-12 20:00:00,366.750005
2023-03-12 21:00:00,221.75
2023-03-12 22:00:00,44.25
2023-03-12 23:00:00,0.0
2023-03-13 00:00:00,0.0
2023-03-13 01:00:00,0.0
2023-03-13 02:00:00,0.0
2023-03-13 03:00:00,0.0
2023-03-13 04:00:00,0.0
2023-03-13 05:00:00,0.0
2023-03-13 06:00:00,0.0
2023-03-13 07:00:00,0.0
2023-03-13 08:00:00,0.0
2023-03-13 09:00:00,0.0
2023-03-13 10:00:00,19.125
2023-03-13 11:00:00,216.85000125000002
2023-03-13 12:00:00,454.375
2023-03-13 13:00:00,693.85001
2023-03-13 14:00:00,884.5
2023-03-13 15:00:00,818.2750000000001
2023-03-13 16:00:00,615.25001
2023-03-13 17:00:00,429.95000500000003
2023-03-13 18:00:00,366.550005
2023-03-13 19:00:00,540.625
2023-03-13 20:00:00,264.150005
2023-03-13 21:00:00,21.225
2023-03-13 22:00:00,0.0
2023-03-13 23:00:00,0.0
2023-03-14 00:00:00,0.0
2023-03-14 01:00:00,0.0
2023-03-14 02:00:00,0.0
2023-03-14 03:00:00,0.0
2023-03-14 04:00:00,0.0
2023-03-14 05:00:00,0.0
2023-03-14 06:00:00,0.0
2023-03-14 07:00:00,0.0
2023-03-14 08:00:00,0.0
2023-03-14 09:00:00,0.0
2023-03-14 10:00:00,16.275
2023-03-14 11:00:00,193.7750025
2023-03-14 12:00:00,401.275005
2023-03-14 13:00:00,659.325
2023-03-14 14:00:00,866.675
2023-03-14 15:00:00,997.62501
2023-03-14 16:00:00,1045.125
2023-03-14 17:00:00,997.60001
2023-03-14 18:00:00,904.625
2023-03-14 19:00:00,723.95
2023-03-14 20:00:00,489.625015
2023-03-14 21:00:00,230.0000025
2023-03-14 22:00:00,25.35
2023-03-14 23:00:00,0.0
2023-03-15 00:00:00,0.0
2023-03-15 01:00:00,0.0
2023-03-15 02:00:00,0.0
2023-03-15 03:00:00,0.0
2023-03-15 04:00:00,0.0
2023-03-15 05:00:00,0.0
2023-03-15 06:00:00,0.0
2023-03-15 07:00:00,0.0
2023-03-15 08:00:00,0.0
2023-03-15 09:00:00,0.0
2023-03-15 10:00:00,16.2
2023-03-15 11:00:00,196.57500000000002
2023-03-15 12:00:00,476.175005
2023-03-15 13:00:00,699.37501
2023-03-15 14:00:00,873.92502
2023-03-15 15:00:00,850.225
2023-03-15 16:00:00,623.875
2023-03-15 17:00:00,653.75002
2023-03-15 18:00:00,916.9750200000001
2023-03-15 19:00:00,758.675
2023-03-15 20:00:00,505.225005
2023-03-15 21:00:00,229.65000500000002
2023-03-15 22:00:00,8.575
2023-03-15 23:00:00,0.0
2023-03-16 00:00:00,0.0
2023-03-16 01:00:00,0.0
2023-03-16 02:00:00,0.0
2023-03-16 03:00:00,0.0
2023-03-16 04:00:00,0.0
2023-03-16 05:00:00,0.0
2023-03-16 06:00:00,0.0
2023-03-16 07:00:00,0.0
2023-03-16 08:00:00,0.0
2023-03-16 09:00:00,0.0
2023-03-16 10:00:00,8.975
2023-03-16 11:00:00,119.575
2023-03-16 12:00:00,429.175
2023-03-16 13:00:00,695.4
2023-03-16 14:00:00,883.05
2023-03-16 15:00:00,786.15002
2023-03-16 16:00:00,785.35004
2023-03-16 17:00:00,1002.70001
2023-03-16 18:00:00,896.7
2023-03-16 19:00:00,741.15
2023-03-16 20:00:00,506.675025
2023-03-16 21:00:00,247.1000025
2023-03-16 22:00:00,30.95
2023-03-16 23:00:00,0.0
2023-03-17 00:00:00,0.0
2023-03-17 01:00:00,0.0
2023-03-17 02:00:00,0.0
2023-03-17 03:00:00,0.0
2023-03-17 04:00:00,0.0
2023-03-17 05:00:00,0.0
2023-03-17 06:00:00,0.0
2023-03-17 07:00:00,0.0
2023-03-17 08:00:00,0.0
2023-03-17 09:00:00,0.0
2023-03-17 10:00:00,16.2250005
2023-03-17 11:00:00,207.575
2023-03-17 12:00:00,462.000005
2023-03-17 13:00:00,697.22502
2023-03-17 14:00:00,872.70001
2023-03-17 15:00:00,1026.950025
2023-03-17 16:00:00,1071.65005
2023-03-17 17:00:00,1036.325
2023-03-17 18:00:00,926.525
2023-03-17 19:00:00,746.0
2023-03-17 20:00:00,513.32501
2023-03-17 21:00:00,254.6
2023-03-17 22:00:00,32.40000125
2023-03-17 23:00:00,0.0
2023-03-18 00:00:00,0.0
2023-03-18 01:00:00,0.0
2023-03-18 02:00:00,0.0
2023-03-18 03:00:00,0.0
2023-03-18 04:00:00,0.0
2023-03-18 05:00:00,0.0
2023-03-18 06:00:00,0.0
2023-03-18 07:00:00,0.0
2023-03-18 08:00:00,0.0
2023-03-18 09:00:00,0.0
2023-03-18 10:00:00,17.375
2023-03-18 11:00:00,220.5000025
2023-03-18 12:00:00,482.3
2023-03-18 13:00:00,722.425
2023-03-18 14:00:00,908.25
2023-03-18 15:00:00,1025.325025
2023-03-18 16:00:00,1070.450025
2023-03-18 17:00:00,1036.47501
2023-03-18 18:00:00,924.4
2023-03-18 19:00:00,723.47501
2023-03-18 20:00:00,472.15001
2023-03-18 21:00:00,179.97500125
2023-03-18 22:00:00,0.0
2023-03-18 23:00:00,0.0
2023-03-19 00:00:00,0.0
2023-03-19 01:00:00,0.0
2023-03-19 02:00:00,0.0
2023-03-19 03:00:00,0.0
2023-03-19 04:00:00,0.0
2023-03-19 05:00:00,0.0
2023-03-19 06:00:00,0.0
2023-03-19 07:00:00,0.0
2023-03-19 08:00:00,0.0
2023-03-19 09:00:00,0.0
2023-03-19 10:00:00,16.35
2023-03-19 11:00:00,211.55000125
2023-03-19 12:00:00,469.82500500000003
2023-03-19 13:00:00,707.72502
2023-03-19 14:00:00,894.97501
2023-03-19 15:00:00,887.47501
2023-03-19 16:00:00,885.05
2023-03-19 17:00:00,744.075
2023-03-19 18:00:00,687.82502
2023-03-19 19:00:00,566.97501
2023-03-19 20:00:00,480.3
2023-03-19 21:00:00,212.250005
2023-03-19 22:00:00,28.97500025
2023-03-19 23:00:00,0.0
2023-03-20 00:00:00,0.0
2023-03-20 01:00:00,0.0
2023-03-20 02:00:00,0.0
2023-03-20 03:00:00,0.0
2023-03-20 04:00:00,0.0
2023-03-20 05:00:00,0.0
2023-03-20 06:00:00,0.0
2023-03-20 07:00:00,0.0
2023-03-20 08:00:00,0.0
2023-03-20 09:00:00,0.0
2023-03-20 10:00:00,16.2750005
2023-03-20 11:00:00,213.4250025
2023-03-20 12:00:00,478.100005
2023-03-20 13:00:00,717.97501
2023-03-20 14:00:00,906.45002
2023-03-20 15:00:00,1026.575025
2023-03-20 16:00:00,1068.750025
2023-03-20 17:00:00,1031.2
2023-03-20 18:00:00,917.0
2023-03-20 19:00:00,737.72501
2023-03-20 20:00:00,504.125005
2023-03-20 21:00:00,243.9250075
2023-03-20 22:00:00,27.924999999999997
2023-03-20 23:00:00,0.0
2023-03-21 00:00:00,0.0
2023-03-21 01:00:00,0.0
2023-03-21 02:00:00,0.0
2023-03-21 03:00:00,0.0
2023-03-21 04:00:00,0.0
2023-03-21 05:00:00,0.0
2023-03-21 06:00:00,0.0
2023-03-21 07:00:00,0.0
2023-03-21 08:00:00,
2023-03-21 09:00:00,0.0
2023-03-21 10:00:00,16.25
2023-03-21 11:00:00,213.20000249999998
2023-03-21 12:00:00,474.325
2023-03-21 13:00:00,714.7
2023-03-21 14:00:00,903.675
2023-03-21 15:00:00,1026.05001
2023-03-21 16:00:00,1069.20005
2023-03-21 17:00:00,1032.725025
2023-03-21 18:00:00,921.07502
2023-03-21 19:00:00,739.65
2023-03-21 20:00:00,504.925
2023-03-21 21:00:00,243.2250075
2023-03-21 22:00:00,27.150000000000002
2023-03-21 23:00:00,0.0
2023-03-22 00:00:00,0.0
2023-03-22 01:00:00,0.0
2023-03-22 02:00:00,0.0
2023-03-22 03:00:00,0.0
2023-03-22 04:00:00,0.0
2023-03-22 05:00:00,0.0
2023-03-22 06:00:00,0.0
2023-03-22 07:00:00,0.0
2023-03-22 08:00:00,0.0
2023-03-22 09:00:00,0.0
2023-03-22 10:00:00,15.775
2023-03-22 11:00:00,209.5
2023-03-22 12:00:00,473.700005
2023-03-22 13:00:00,710.05
2023-03-22 14:00:00,895.6500100000001
2023-03-22 15:00:00,1014.725025
2023-03-22 16:00:00,1057.900025
2023-03-22 17:00:00,1021.25002
2023-03-22 18:00:00,907.975
2023-03-22 19:00:00,726.87501
2023-03-22 20:00:00,494.350005
2023-03-22 21:00:00,235.6500025
2023-03-22 22:00:00,25.125
2023-03-22 23:00:00,0.0
2023-03-23 00:00:00,0.0
2023-03-23 01:00:00,0.0
2023-03-23 02:00:00,0.0
2023-03-23 03:00:00,0.0
2023-03-23 04:00:00,0.0
2023-03-23 05:00:00,0.0
2023-03-23 06:00:00,0.0
2023-03-23 07:00:00,0.0
2023-03-23 08:00:00,0.0
2023-03-23 09:00:00,0.0
2023-03-23 10:00:00,13.425
2023-03-23 11:00:00,207.15000125
2023-03-23 12:00:00,468.55
2023-03-23 13:00:00,702.15
2023-03-23 14:00:00,884.47502
2023-03-23 15:00:00,1001.6250200000001
2023-03-23 16:00:00,1043.475025
2023-03-23 17:00:00,1005.7750100000001
2023-03-23 18:00:00,778.4749999999999
2023-03-23 19:00:00,537.550015
2023-03-23 20:00:00,391.25
2023-03-23 21:00:00,111.3500025
2023-03-23 22:00:00,6.25
2023-03-23 23:00:00,0.0
2023-03-24 00:00:00,0.0
2023-03-24 01:00:00,0.0
2023-03-24 02:00:00,0.0
2023-03-24 03:00:00,0.0
2023-03-24 04:00:00,0.0
2023-03-24 05:00:00,0.0
2023-03-24 06:00:00,0.0
2023-03-24 07:00:00,0.0
2023-03-24 08:00:00,0.0
2023-03-24 09:00:00,0.0
2023-03-24 10:00:00,14.85
2023-03-24 11:00:00,182.85000250000002
2023-03-24 12:00:00,419.925005
2023-03-24 13:00:00,668.275
2023-03-24 14:00:00,704.625
2023-03-24 15:00:00,900.37501
2023-03-24 16:00:00,1028.45
2023-03-24 17:00:00,996.75003
2023-03-24 18:00:00,886.7
2023-03-24 19:00:00,707.4749999999999
2023-03-24 20:00:00,476.27501
2023-03-24 21:00:00,218.6750075
2023-03-24 22:00:00,20.049999999999997
2023-03-24 23:00:00,0.0
2023-03-25 00:00:00,0.0
2023-03-25 01:00:00,0.0
2023-03-25 02:00:00,0.0
2023-03-25 03:00:00,0.0
2023-03-25 04:00:00,0.0
2023-03-25 05:00:00,0.0
2023-03-25 06:00:00,0.0
2023-03-25 07:00:00,0.0
2023-03-25 08:00:00,0.0
2023-03-25 09:00:00,0.0
2023-03-25 10:00:00,10.875
2023-03-25 11:00:00,176.125
2023-03-25 12:00:00,418.725005
2023-03-25 13:00:00,652.175
2023-03-25 14:00:00,836.95002
2023-03-25 15:00:00,962.62502
2023-03-25 16:00:00,345.3000025
2023-03-25 17:00:00,196.2500025
2023-03-25 18:00:00,213.2500075
2023-03-25 19:00:00,325.525
2023-03-25 20:00:00,285.050005
2023-03-25 21:00:00,13.35
2023-03-25 22:00:00,0.0
2023-03-25 23:00:00,0.0
2023-03-26 00:00:00,0.0
2023-03-26 01:00:00,0.0
2023-03-26 02:00:00,0.0
2023-03-26 03:00:00,0.0
2023-03-26 04:00:00,0.0
2023-03-26 05:00:00,0.0
2023-03-26 06:00:00,0.0
2023-03-26 07:00:00,0.0
2023-03-26 08:00:00,0.0
2023-03-26 09:00:00,0.0
2023-03-26 10:00:00,11.6
2023-03-26 11:00:00,154.5
2023-03-26 12:00:00,299.62501000000003
2023-03-26 13:00:00,454.975005
2023-03-26 14:00:00,430.425005
2023-03-26 15:00:00,403.95000000000005
2023-03-26 16:00:00,408.075
2023-03-26 17:00:00,430.700005
2023-03-26 18:00:00,465.65
2023-03-26 19:00:00,524.2750100000001
2023-03-26 20:00:00,413.225
2023-03-26 21:00:00,90.20000250000001
2023-03-26 22:00:00,0.0
2023-03-26 23:00:00,0.0
2023-03-27 00:00:00,0.0
2023-03-27 01:00:00,0.0
2023-03-27 02:00:00,0.0
2023-03-27 03:00:00,0.0
2023-03-27 04:00:00,0.0
2023-03-27 05:00:00,0.0
2023-03-27 06:00:00,0.0
2023-03-27 07:00:00,0.0
2023-03-27 08:00:00,0.0
2023-03-27 09:00:00,0.0
2023-03-27 10:00:00,12.9
2023-03-27 11:00:00,173.72500250000002
2023-03-27 12:00:00,447.95000500000003
2023-03-27 13:00:00,687.85
2023-03-27 14:00:00,869.075
2023-03-27 15:00:00,984.475
2023-03-27 16:00:00,1024.950025
2023-03-27 17:00:00,987.17502
2023-03-27 18:00:00,874.5250100000001
2023-03-27 19:00:00,695.95003
2023-03-27 20:00:00,466.9
2023-03-27 21:00:00,210.725005
2023-03-27 22:00:00,11.6500005
2023-03-27 23:00:00,0.0
2023-03-28 00:00:00,0.0
2023-03-28 01:00:00,0.0
2023-03-28 02:00:00,0.0
2023-03-28 03:00:00,0.0
2023-03-28 04:00:00,0.0
2023-03-28 05:00:00,0.0
2023-03-28 06:00:00,0.0
2023-03-28 07:00:00,0.0
2023-03-28 08:00:00,0.0
2023-03-28 09:00:00,0.0
2023-03-28 10:00:00,11.625
2023-03-28 11:00:00,196.72500625
2023-03-28 12:00:00,414.825
2023-03-28 13:00:00,649.025
2023-03-28 14:00:00,833.85
2023-03-28 15:00:00,955.37501
2023-03-28 16:00:00,996.5250100000001
2023-03-28 17:00:00,957.95001
2023-03-28 18:00:00,844.875
2023-03-28 19:00:00,661.6500100000001
2023-03-28 20:00:00,260.90000000000003
2023-03-28 21:00:00,20.4000005
2023-03-28 22:00:00,0.0
2023-03-28 23:00:00,0.0
2023-03-29 00:00:00,0.0
2023-03-29 01:00:00,0.0
2023-03-29 02:00:00,0.0
2023-03-29 03:00:00,0.0
2023-03-29 04:00:00,0.0
2023-03-29 05:00:00,0.0
2023-03-29 06:00:00,0.0
2023-03-29 07:00:00,0.0
2023-03-29 08:00:00,0.0
2023-03-29 09:00:00,0.0
2023-03-29 10:00:00,10.000000025
2023-03-29 11:00:00,180.8250025
2023-03-29 12:00:00,419.9
2023-03-29 13:00:00,655.60001
2023-03-29 14:00:00,841.32501
2023-03-29 15:00:00,962.4000100000001
2023-03-29 16:00:00,1002.77501
2023-03-29 17:00:00,962.95001
2023-03-29 18:00:00,846.575
2023-03-29 19:00:00,662.875
2023-03-29 20:00:00,428.500005
2023-03-29 21:00:00,175.600005
2023-03-29 22:00:00,10.375
2023-03-29 23:00:00,0.0
2023-03-30 00:00:00,0.0
2023-03-30 01:00:00,0.0
2023-03-30 02:00:00,0.0
2023-03-30 03:00:00,0.0
2023-03-30 04:00:00,0.0
2023-03-30 05:00:00,0.0
2023-03-30 06:00:00,0.0
2023-03-30 07:00:00,0.0
2023-03-30 08:00:00,0.0
2023-03-30 09:00:00,0.0
2023-03-30 10:00:00,8.9
2023-03-30 11:00:00,172.35000125
2023-03-30 12:00:00,424.35001
2023-03-30 13:00:00,659.525
2023-03-30 14:00:00,843.925
2023-03-30 15:00:00,973.3
2023-03-30 16:00:00,1013.50001
2023-03-30 17:00:00,973.35001
2023-03-30 18:00:00,860.02501
2023-03-30 19:00:00,675.675
2023-03-30 20:00:00,442.55002
2023-03-30 21:00:00,186.57500125
2023-03-30 22:00:00,10.875
2023-03-30 23:00:00,0.0
2023-03-31 00:00:00,0.0
2023-03-31 01:00:00,0.0
2023-03-31 02:00:00,0.0
2023-03-31 03:00:00,0.0
2023-03-31 04:00:00,0.0
2023-03-31 05:00:00,0.0
2023-03-31 06:00:00,0.0
2023-03-31 07:00:00,0.0
2023-03-31 08:00:00,0.0
2023-03-31 09:00:00,0.0
2023-03-31 10:00:00,9.775
2023-03-31 11:00:00,184.1750025
2023-03-31 12:00:00,443.375
2023-03-31 13:00:00,677.7
2023-03-31 14:00:00,860.55
2023-03-31 15:00:00,980.0250100000001
2023-03-31 16:00:00,1020.1
2023-03-31 17:00:00,980.075
2023-03-31 18:00:00,865.30001
2023-03-31 19:00:00,683.575
2023-03-31 20:00:00,
2023-03-31 21:00:00,290.0
2023-03-31 22:00:00,0.0
2023-03-31 23:00:00,0.0
2023-04-01 00:00:00,0.0
2023-04-01 01:00:00,0.0
2023-04-01 02:00:00,0.0
2023-04-01 03:00:00,0.0
2023-04-01 04:00:00,0.0
2023-04-01 05:00:00,0.0
2023-04-01 06:00:00,0.0
2023-04-01 07:00:00,0.0
2023-04-01 08:00:00,0.0
2023-04-01 09:00:00,0.0
2023-04-01 10:00:00,9.75
2023-04-01 11:00:00,184.82500375
2023-04-01 12:00:00,442.075005
2023-04-01 13:00:00,674.4250099999999
2023-04-01 14:00:00,856.3000099999999
2023-04-01 15:00:00,973.77502
2023-04-01 16:00:00,1014.17501
2023-04-01 17:00:00,974.72504
2023-04-01 18:00:00,858.55002
2023-04-01 19:00:00,676.3
2023-04-01 20:00:00,443.35001
2023-04-01 21:00:00,184.55
2023-04-01 22:00:00,0.0
2023-04-01 23:00:00,0.0
2023-04-02 00:00:00,0.0
2023-04-02 01:00:00,0.0
2023-04-02 02:00:00,0.0
2023-04-02 03:00:00,0.0
2023-04-02 04:00:00,0.0
2023-04-02 05:00:00,0.0
2023-04-02 06:00:00,0.0
2023-04-02 07:00:00,0.0
2023-04-02 08:00:00,0.0
2023-04-02 09:00:00,0.0
2023-04-02 10:00:00,8.950000000000001
2023-04-02 11:00:00,179.25
2023-04-02 12:00:00,420.40000499999996
2023-04-02 13:00:00,652.95001
2023-04-02 14:00:00,835.75001
2023-04-02 15:00:00,949.45
2023-04-02 16:00:00,988.95
2023-04-02 17:00:00,948.0250100000001
2023-04-02 18:00:00,683.95001
2023-04-02 19:00:00,623.20001
2023-04-02 20:00:00,395.325
2023-04-02 21:00:00,115.2000025
2023-04-02 22:00:00,4.925
2023-04-02 23:00:00,0.0
2023-04-03 00:00:00,0.0
2023-04-03 01:00:00,0.0
2023-04-03 02:00:00,0.0
2023-04-03 03:00:00,0.0
2023-04-03 04:00:00,0.0
2023-04-03 05:00:00,0.0
2023-04-03 06:00:00,0.0
2023-04-03 07:00:00,0.0
2023-04-03 08:00:00,0.0
2023-04-03 09:00:00,0.0
2023-04-03 10:00:00,8.0
2023-04-03 11:00:00,169.675
2023-04-03 12:00:00,421.450005
2023-04-03 13:00:00,652.5
2023-04-03 14:00:00,833.90001
2023-04-03 15:00:00,951.875
2023-04-03 16:00:00,869.2
2023-04-03 17:00:00,764.95001
2023-04-03 18:00:00,539.775
2023-04-03 19:00:00,519.05001
2023-04-03 20:00:00,227.8250025
2023-04-03 21:00:00,64.875
2023-04-03 22:00:00,0.0
2023-04-03 23:00:00,0.0
2023-04-04 00:00:00,0.0
2023-04-04 01:00:00,0.0
2023-04-04 02:00:00,0.0
2023-04-04 03:00:00,0.0
2023-04-04 04:00:00,0.0
2023-04-04 05:00:00,0.0
2023-04-04 06:00:00,0.0
2023-04-04 07:00:00,0.0
2023-04-04 08:00:00,0.0
2023-04-04 09:00:00,0.0
2023-04-04 10:00:00,8.2750005
2023-04-04 11:00:00,174.67499999999998
2023-04-04 12:00:00,410.45001
2023-04-04 13:00:00,640.2250200000001
2023-04-04 14:00:00,820.60001
2023-04-04 15:00:00,938.67501
2023-04-04 16:00:00,976.67502
2023-04-04 17:00:00,937.50001
2023-04-04 18:00:00,824.15001
2023-04-04 19:00:00,591.92501
2023-04-04 20:00:00,181.225
2023-04-04 21:00:00,42.6250005
2023-04-04 22:00:00,0.0
2023-04-04 23:00:00,0.0
2023-04-05 00:00:00,0.0
2023-04-05 01:00:00,0.0
2023-04-05 02:00:00,0.0
2023-04-05 03:00:00,0.0
2023-04-05 04:00:00,0.0
2023-04-05 05:00:00,0.0
2023-04-05 06:00:00,0.0
2023-04-05 07:00:00,0.0
2023-04-05 08:00:00,0.0
2023-04-05 09:00:00,0.0
2023-04-05 10:00:00,1.275
2023-04-05 11:00:00,65.6750005
2023-04-05 12:00:00,146.375
2023-04-05 13:00:00,478.9
2023-04-05 14:00:00,408.375
2023-04-05 15:00:00,841.82501
2023-04-05 16:00:00,996.25001
2023-04-05 17:00:00,690.775015
2023-04-05 18:00:00,842.60002
2023-04-05 19:00:00,659.40002
2023-04-05 20:00:00,288.850005
2023-04-05 21:00:00,97.9
2023-04-05 22:00:00,6.85
2023-04-05 23:00:00,0.0
2023-04-06 00:00:00,0.0
2023-04-06 01:00:00,0.0
2023-04-06 02:00:00,0.0
2023-04-06 03:00:00,0.0
2023-04-06 04:00:00,0.0
2023-04-06 05:00:00,0.0
2023-04-06 06:00:00,0.0
2023-04-06 07:00:00,0.0
2023-04-06 08:00:00,0.0
2023-04-06 09:00:00,0.0
2023-04-06 10:00:00,9.075
2023-04-06 11:00:00,186.32500625
2023-04-06 12:00:00,420.825
2023-04-06 13:00:00,654.97501
2023-04-06 14:00:00,838.15
2023-04-06 15:00:00,959.95
2023-04-06 16:00:00,998.67502
2023-04-06 17:00:00,957.2
2023-04-06 18:00:00,839.85
2023-04-06 19:00:00,654.15
2023-04-06 20:00:00,417.850005
2023-04-06 21:00:00,162.250005
2023-04-06 22:00:00,5.57500025
2023-04-06 23:00:00,0.0
2023-04-07 00:00:00,0.0
2023-04-07 01:00:00,0.0
2023-04-07 02:00:00,0.0
2023-04-07 03:00:00,0.0
2023-04-07 04:00:00,0.0
2023-04-07 05:00:00,0.0
2023-04-07 06:00:00,0.0
2023-04-07 07:00:00,0.0
2023-04-07 08:00:00,0.0
2023-04-07 09:00:00,0.0
2023-04-07 10:00:00,7.225
2023-04-07 11:00:00,142.175
2023-04-07 12:00:00,348.65001
2023-04-07 13:00:00,520.750025
2023-04-07 14:00:00,653.4000100000001
2023-04-07 15:00:00,931.70002
2023-04-07 16:00:00,976.075
2023-04-07 17:00:00,932.85001
2023-04-07 18:00:00,807.375
2023-04-07 19:00:00,552.37501
2023-04-07 20:00:00,229.65000500000002
2023-04-07 21:00:00,58.05000125
2023-04-07 22:00:00,0.0
2023-04-07 23:00:00,0.0
2023-04-08 00:00:00,0.0
2023-04-08 01:00:00,0.0
2023-04-08 02:00:00,0.0
2023-04-08 03:00:00,0.0
2023-04-08 04:00:00,0.0
2023-04-08 05:00:00,0.0
2023-04-08 06:00:00,0.0
2023-04-08 07:00:00,0.0
2023-04-08 08:00:00,0.0
2023-04-08 09:00:00,0.0
2023-04-08 10:00:00,8.55
2023-04-08 11:00:00,182.375
2023-04-08 12:00:00,427.2
2023-04-08 13:00:00,652.45001
2023-04-08 14:00:00,823.20001
2023-04-08 15:00:00,954.75
2023-04-08 16:00:00,992.72502
2023-04-08 17:00:00,952.575
2023-04-08 18:00:00,837.00001
2023-04-08 19:00:00,652.85002
2023-04-08 20:00:00,419.475005
2023-04-08 21:00:00,165.325005
2023-04-08 22:00:00,5.07500025
2023-04-08 23:00:00,0.0
2023-04-09 00:00:00,0.0
2023-04-09 01:00:00,0.0
2023-04-09 02:00:00,0.0
2023-04-09 03:00:00,0.0
2023-04-09 04:00:00,0.0
2023-04-09 05:00:00,0.0
2023-04-09 06:00:00,0.0
2023-04-09 07:00:00,0.0
2023-04-09 08:00:00,0.0
2023-04-09 09:00:00,0.0
2023-04-09 10:00:00,8.25
2023-04-09 11:00:00,164.50000500000002
2023-04-09 12:00:00,430.025
2023-04-09 13:00:00,663.22501
2023-04-09 14:00:00,843.875
2023-04-09 15:00:00,960.675
2023-04-09 16:00:00,997.3000099999999
2023-04-09 17:00:00,954.35
2023-04-09 18:00:00,826.95002
2023-04-09 19:00:00,654.475
2023-04-09 20:00:00,317.450005
2023-04-09 21:00:00,88.89999999999999
2023-04-09 22:00:00,0.0
2023-04-09 23:00:00,0.0
2023-04-10 00:00:00,0.0
2023-04-10 01:00:00,0.0
2023-04-10 02:00:00,0.0
2023-04-10 03:00:00,0.0
2023-04-10 04:00:00,0.0
2023-04-10 05:00:00,0.0
2023-04-10 06:00:00,0.0
2023-04-10 07:00:00,0.0
2023-04-10 08:00:00,0.0
2023-04-10 09:00:00,0.0
2023-04-10 10:00:00,7.625
2023-04-10 11:00:00,175.25000125
2023-04-10 12:00:00,409.40000499999996
2023-04-10 13:00:00,640.10001
2023-04-10 14:00:00,820.05002
2023-04-10 15:00:00,937.875
2023-04-10 16:00:00,973.9000100000001
2023-04-10 17:00:00,930.325
2023-04-10 18:00:00,812.15001
2023-04-10 19:00:00,625.325
2023-04-10 20:00:00,390.825
2023-04-10 21:00:00,137.9000005
2023-04-10 22:00:00,3.0
2023-04-10 23:00:00,0.0
2023-04-11 00:00:00,0.0
2023-04-11 01:00:00,0.0
2023-04-11 02:00:00,0.0
2023-04-11 03:00:00,0.0
2023-04-11 04:00:00,0.0
2023-04-11 05:00:00,0.0
2023-04-11 06:00:00,0.0
2023-04-11 07:00:00,0.0
2023-04-11 08:00:00,0.0
2023-04-11 09:00:00,0.0
2023-04-11 10:00:00,5.9
2023-04-11 11:00:00,154.2000025
2023-04-11 12:00:00,399.575
2023-04-11 13:00:00,628.3000099999999
2023-04-11 14:00:00,806.9000100000001
2023-04-11 15:00:00,920.45002
2023-04-11 16:00:00,955.325
2023-04-11 17:00:00,911.20001
2023-04-11 18:00:00,789.42501
2023-04-11 19:00:00,606.4
2023-04-11 20:00:00,356.07500500000003
2023-04-11 21:00:00,84.52499999999999
2023-04-11 22:00:00,0.0
2023-04-11 23:00:00,0.0
2023-04-12 00:00:00,0.0
2023-04-12 01:00:00,0.0
2023-04-12 02:00:00,0.0
2023-04-12 03:00:00,0.0
2023-04-12 04:00:00,0.0
2023-04-12 05:00:00,0.0
2023-04-12 06:00:00,0.0
2023-04-12 07:00:00,0.0
2023-04-12 08:00:00,0.0
2023-04-12 09:00:00,0.0
2023-04-12 10:00:00,6.35
2023-04-12 11:00:00,162.925
2023-04-12 12:00:00,411.925
2023-04-12 13:00:00,638.25003
2023-04-12 14:00:00,814.60001
2023-04-12 15:00:00,924.90002
2023-04-12 16:00:00,959.35001
2023-04-12 17:00:00,916.75
2023-04-12 18:00:00,795.62501
2023-04-12 19:00:00,534.95
2023-04-12 20:00:00,322.35
2023-04-12 21:00:00,123.7750005
2023-04-12 22:00:00,2.35000025
2023-04-12 23:00:00,0.0
2023-04-13 00:00:00,0.0
2023-04-13 01:00:00,0.0
2023-04-13 02:00:00,0.0
2023-04-13 03:00:00,0.0
2023-04-13 04:00:00,0.0
2023-04-13 05:00:00,0.0
2023-04-13 06:00:00,0.0
2023-04-13 07:00:00,0.0
2023-04-13 08:00:00,0.0
2023-04-13 09:00:00,0.0
2023-04-13 10:00:00,6.65
2023-04-13 11:00:00,168.800005
2023-04-13 12:00:00,402.100005
2023-04-13 13:00:00,631.32501
2023-04-13 14:00:00,811.35001
2023-04-13 15:00:00,936.0
2023-04-13 16:00:00,974.0250100000001
2023-04-13 17:00:00,939.95
2023-04-13 18:00:00,830.17502
2023-04-13 19:00:00,641.025
2023-04-13 20:00:00,403.15000499999996
2023-04-13 21:00:00,150.525
2023-04-13 22:00:00,2.22500025
2023-04-13 23:00:00,0.0
2023-04-14 00:00:00,0.0
2023-04-14 01:00:00,0.0
2023-04-14 02:00:00,0.0
2023-04-14 03:00:00,0.0
2023-04-14 04:00:00,0.0
2023-04-14 05:00:00,0.0
2023-04-14 06:00:00,0.0
2023-04-14 07:00:00,0.0
2023-04-14 08:00:00,0.0
2023-04-14 09:00:00,0.0
2023-04-14 10:00:00,7.3
2023-04-14 11:00:00,180.10000250000002
2023-04-14 12:00:00,430.8
2023-04-14 13:00:00,662.3
2023-04-14 14:00:00,842.9750200000001
2023-04-14 15:00:00,957.125
2023-04-14 16:00:00,991.5250100000001
2023-04-14 17:00:00,946.00001
2023-04-14 18:00:00,824.00001
2023-04-14 19:00:00,637.6
2023-04-14 20:00:00,402.32500500000003
2023-04-14 21:00:00,146.1500025
2023-04-14 22:00:00,1.7
2023-04-14 23:00:00,0.0
2023-04-15 00:00:00,0.0
2023-04-15 01:00:00,0.0
2023-04-15 02:00:00,0.0
2023-04-15 03:00:00,0.0
2023-04-15 04:00:00,0.0
2023-04-15 05:00:00,0.0
2023-04-15 06:00:00,0.0
2023-04-15 07:00:00,0.0
2023-04-15 08:00:00,0.0
2023-04-15 09:00:00,0.0
2023-04-15 10:00:00,7.05
2023-04-15 11:00:00,180.1250025
2023-04-15 12:00:00,437.67499999999995
2023-04-15 13:00:00,671.50001
2023-04-15 14:00:00,852.0250100000001
2023-04-15 15:00:00,964.1
2023-04-15 16:00:00,997.52502
2023-04-15 17:00:00,948.75
2023-04-15 18:00:00,825.3000099999999
2023-04-15 19:00:00,640.1
2023-04-15 20:00:00,402.12501
2023-04-15 21:00:00,143.3750025
2023-04-15 22:00:00,1.175000075
2023-04-15 23:00:00,0.0
2023-04-16 00:00:00,0.0
2023-04-16 01:00:00,0.0
2023-04-16 02:00:00,0.0
2023-04-16 03:00:00,0.0
2023-04-16 04:00:00,0.0
2023-04-16 05:00:00,0.0
2023-04-16 06:00:00,0.0
2023-04-16 07:00:00,0.0
2023-04-16 08:00:00,0.0
2023-04-16 09:00:00,0.0
2023-04-16 10:00:00,6.57500025
2023-04-16 11:00:00,175.125
2023-04-16 12:00:00,432.55001500000003
2023-04-16 13:00:00,665.4000100000001
2023-04-16 14:00:00,845.95
2023-04-16 15:00:00,957.925
2023-04-16 16:00:00,989.60004
2023-04-16 17:00:00,941.9000100000001
2023-04-16 18:00:00,819.67501
2023-04-16 19:00:00,633.25001
2023-04-16 20:00:00,396.625
2023-04-16 21:00:00,141.975
2023-04-16 22:00:00,0.775000025
2023-04-16 23:00:00,0.0
2023-04-17 00:00:00,0.0
2023-04-17 01:00:00,0.0
2023-04-17 02:00:00,0.0
2023-04-17 03:00:00,0.0
2023-04-17 04:00:00,0.0
2023-04-17 05:00:00,0.0
2023-04-17 06:00:00,0.0
2023-04-17 07:00:00,0.0
2023-04-17 08:00:00,0.0
2023-04-17 09:00:00,0.0
2023-04-17 10:00:00,6.55
2023-04-17 11:00:00,176.9000025
2023-04-17 12:00:00,433.025015
2023-04-17 13:00:00,662.90002
2023-04-17 14:00:00,840.17501
2023-04-17 15:00:00,948.47501
2023-04-17 16:00:00,979.5250100000001
2023-04-17 17:00:00,931.47501
2023-04-17 18:00:00,809.025
2023-04-17 19:00:00,622.82501
2023-04-17 20:00:00,389.45001
2023-04-17 21:00:00,119.425
2023-04-17 22:00:00,0.35
2023-04-17 23:00:00,0.0
2023-04-18 00:00:00,0.0
2023-04-18 01:00:00,0.0
2023-04-18 02:00:00,0.0
2023-04-18 03:00:00,0.0
2023-04-18 04:00:00,0.0
2023-04-18 05:00:00,0.0
2023-04-18 06:00:00,0.0
2023-04-18 07:00:00,0.0
2023-04-18 08:00:00,0.0
2023-04-18 09:00:00,0.0
2023-04-18 10:00:00,6.3
2023-04-18 11:00:00,175.000005
2023-04-18 12:00:00,427.6
2023-04-18 13:00:00,637.55
2023-04-18 14:00:00,841.07502
2023-04-18 15:00:00,908.67502
2023-04-18 16:00:00,968.325
2023-04-18 17:00:00,921.9
2023-04-18 18:00:00,812.37501
2023-04-18 19:00:00,608.55002
2023-04-18 20:00:00,247.975
2023-04-18 21:00:00,42.70000125
2023-04-18 22:00:00,0.0
2023-04-18 23:00:00,0.0
2023-04-19 00:00:00,0.0
2023-04-19 01:00:00,0.0
2023-04-19 02:00:00,0.0
2023-04-19 03:00:00,0.0
2023-04-19 04:00:00,0.0
2023-04-19 05:00:00,0.0
2023-04-19 06:00:00,0.0
2023-04-19 07:00:00,0.0
2023-04-19 08:00:00,0.0
2023-04-19 09:00:00,0.0
2023-04-19 10:00:00,5.775
2023-04-19 11:00:00,171.22500374999998
2023-04-19 12:00:00,426.175
2023-04-19 13:00:00,656.77502
2023-04-19 14:00:00,835.30002
2023-04-19 15:00:00,946.45
2023-04-19 16:00:00,980.00001
2023-04-19 17:00:00,933.2249999999999
2023-04-19 18:00:00,810.05002
2023-04-19 19:00:00,620.92502
2023-04-19 20:00:00,383.975
2023-04-19 21:00:00,127.07499999999999
2023-04-19 22:00:00,0.0
2023-04-19 23:00:00,0.0
2023-04-20 00:00:00,0.0
2023-04-20 01:00:00,0.0
2023-04-20 02:00:00,0.0
2023-04-20 03:00:00,0.0
2023-04-20 04:00:00,0.0
2023-04-20 05:00:00,0.0
2023-04-20 06:00:00,0.0
2023-04-20 07:00:00,0.0
2023-04-20 08:00:00,0.0
2023-04-20 09:00:00,0.0
2023-04-20 10:00:00,4.925
2023-04-20 11:00:00,158.35
2023-04-20 12:00:00,408.825
2023-04-20 13:00:00,633.42501
2023-04-20 14:00:00,808.625
2023-04-20 15:00:00,918.35
2023-04-20 16:00:00,948.75
2023-04-20 17:00:00,900.52502
2023-04-20 18:00:00,780.675
2023-04-20 19:00:00,597.4
2023-04-20 20:00:00,367.600005
2023-04-20 21:00:00,120.75
2023-04-20 22:00:00,0.0
2023-04-20 23:00:00,0.0
2023-04-21 00:00:00,0.0
2023-04-21 01:00:00,0.0
2023-04-21 02:00:00,0.0
2023-04-21 03:00:00,0.0
2023-04-21 04:00:00,0.0
2023-04-21 05:00:00,0.0
2023-04-21 06:00:00,0.0
2023-04-21 07:00:00,0.0
2023-04-21 08:00:00,0.0
2023-04-21 09:00:00,0.0
2023-04-21 10:00:00,4.95000025
2023-04-21 11:00:00,162.0000075
2023-04-21 12:00:00,411.17501
2023-04-21 13:00:00,637.3
2023-04-21 14:00:00,812.00001
2023-04-21 15:00:00,921.60001
2023-04-21 16:00:00,954.70001
2023-04-21 17:00:00,909.82501
2023-04-21 18:00:00,791.175
2023-04-21 19:00:00,606.15001
2023-04-21 20:00:00,372.92501000000004
2023-04-21 21:00:00,121.77500175
2023-04-21 22:00:00,0.0
2023-04-21 23:00:00,0.0
2023-04-22 00:00:00,0.0
2023-04-22 01:00:00,0.0
2023-04-22 02:00:00,0.0
2023-04-22 03:00:00,0.0
2023-04-22 04:00:00,0.0
2023-04-22 05:00:00,0.0
2023-04-22 06:00:00,0.0
2023-04-22 07:00:00,0.0
2023-04-22 08:00:00,0.0
2023-04-22 09:00:00,0.0
2023-04-22 10:00:00,4.475
2023-04-22 11:00:00,155.475
2023-04-22 12:00:00,396.1
2023-04-22 13:00:00,619.3
2023-04-22 14:00:00,791.50001
2023-04-22 15:00:00,900.45001
2023-04-22 16:00:00,931.7250200000001
2023-04-22 17:00:00,884.875
2023-04-22 18:00:00,764.75001
2023-04-22 19:00:00,580.1
2023-04-22 20:00:00,352.125
2023-04-22 21:00:00,110.75
2023-04-22 22:00:00,0.0
2023-04-22 23:00:00,0.0
2023-04-23 00:00:00,0.0
2023-04-23 01:00:00,0.0
2023-04-23 02:00:00,0.0
2023-04-23 03:00:00,0.0
2023-04-23 04:00:00,0.0
2023-04-23 05:00:00,0.0
2023-04-23 06:00:00,0.0
2023-04-23 07:00:00,0.0
2023-04-23 08:00:00,0.0
2023-04-23 09:00:00,0.0
2023-04-23 10:00:00,4.425
2023-04-23 11:00:00,147.5750025
2023-04-23 12:00:00,384.150005
2023-04-23 13:00:00,621.5500099999999
2023-04-23 14:00:00,793.60001
2023-04-23 15:00:00,903.6
2023-04-23 16:00:00,935.87501
2023-04-23 17:00:00,894.42501
2023-04-23 18:00:00,782.75001
2023-04-23 19:00:00,597.5250100000001
2023-04-23 20:00:00,365.275005
2023-04-23 21:00:00,116.82500025
2023-04-23 22:00:00,0.0
2023-04-23 23:00:00,0.0
2023-04-24 00:00:00,0.0
2023-04-24 01:00:00,0.0
2023-04-24 02:00:00,0.0
2023-04-24 03:00:00,0.0
2023-04-24 04:00:00,0.0
2023-04-24 05:00:00,0.0
2023-04-24 06:00:00,0.0
2023-04-24 07:00:00,0.0
2023-04-24 08:00:00,0.0
2023-04-24 09:00:00,0.0
2023-04-24 10:00:00,4.4
2023-04-24 11:00:00,161.825
2023-04-24 12:00:00,412.625
2023-04-24 13:00:00,638.075
2023-04-24 14:00:00,812.70001
2023-04-24 15:00:00,917.77502
2023-04-24 16:00:00,946.85
2023-04-24 17:00:00,903.575
2023-04-24 18:00:00,789.125
2023-04-24 19:00:00,608.775
2023-04-24 20:00:00,372.925005
2023-04-24 21:00:00,118.47500000000001
2023-04-24 22:00:00,0.0
2023-04-24 23:00:00,0.0
2023-04-25 00:00:00,0.0
2023-04-25 01:00:00,0.0
2023-04-25 02:00:00,0.0
2023-04-25 03:00:00,0.0
2023-04-25 04:00:00,0.0
2023-04-25 05:00:00,0.0
2023-04-25 06:00:00,0.0
2023-04-25 07:00:00,0.0
2023-04-25 08:00:00,0.0
2023-04-25 09:00:00,0.0
2023-04-25 10:00:00,4.1
2023-04-25 11:00:00,159.35000250000002
2023-04-25 12:00:00,404.350005
2023-04-25 13:00:00,627.67502
2023-04-25 14:00:00,799.82501
2023-04-25 15:00:00,906.5500099999999
2023-04-25 16:00:00,939.82502
2023-04-25 17:00:00,898.57501
2023-04-25 18:00:00,778.75002
2023-04-25 19:00:00,594.7
2023-04-25 20:00:00,361.250005
2023-04-25 21:00:00,111.52500125
2023-04-25 22:00:00,0.0
2023-04-25 23:00:00,0.0
2023-04-26 00:00:00,0.0
2023-04-26 01:00:00,0.0
2023-04-26 02:00:00,0.0
2023-04-26 03:00:00,0.0
2023-04-26 04:00:00,0.0
2023-04-26 05:00:00,0.0
2023-04-26 06:00:00,0.0
2023-04-26 07:00:00,0.0
2023-04-26 08:00:00,0.0
2023-04-26 09:00:00,0.0
2023-04-26 10:00:00,3.775
2023-04-26 11:00:00,156.775
2023-04-26 12:00:00,394.15
2023-04-26 13:00:00,621.65002
2023-04-26 14:00:00,797.77501
2023-04-26 15:00:00,905.9250099999999
2023-04-26 16:00:00,937.77502
2023-04-26 17:00:00,891.02502
2023-04-26 18:00:00,768.80001
2023-04-26 19:00:00,581.225005
2023-04-26 20:00:00,345.57500500000003
2023-04-26 21:00:00,101.5
2023-04-26 22:00:00,0.0
2023-04-26 23:00:00,0.0
2023-04-27 00:00:00,0.0
2023-04-27 01:00:00,0.0
2023-04-27 02:00:00,0.0
2023-04-27 03:00:00,0.0
2023-04-27 04:00:00,0.0
2023-04-27 05:00:00,0.0
2023-04-27 06:00:00,0.0
2023-04-27 07:00:00,0.0
2023-04-27 08:00:00,0.0
2023-04-27 09:00:00,0.0
2023-04-27 10:00:00,3.075
2023-04-27 11:00:00,144.45
2023-04-27 12:00:00,378.400005
2023-04-27 13:00:00,599.55001
2023-04-27 14:00:00,770.97501
2023-04-27 15:00:00,874.20002
2023-04-27 16:00:00,903.15
2023-04-27 17:00:00,855.4000100000001
2023-04-27 18:00:00,737.175
2023-04-27 19:00:00,556.37501
2023-04-27 20:00:00,326.475005
2023-04-27 21:00:00,89.85000175
2023-04-27 22:00:00,0.0
2023-04-27 23:00:00,0.0
2023-04-28 00:00:00,0.0
2023-04-28 01:00:00,0.0
2023-04-28 02:00:00,0.0
2023-04-28 03:00:00,0.0
2023-04-28 04:00:00,0.0
2023-04-28 05:00:00,0.0
2023-04-28 06:00:00,0.0
2023-04-28 07:00:00,0.0
2023-04-28 08:00:00,0.0
2023-04-28 09:00:00,0.0
2023-04-28 10:00:00,2.85000025
2023-04-28 11:00:00,142.8250005
2023-04-28 12:00:00,382.300005
2023-04-28 13:00:00,603.4250099999999
2023-04-28 14:00:00,774.9
2023-04-28 15:00:00,883.32501
2023-04-28 16:00:00,914.95001
2023-04-28 17:00:00,868.1500000000001
2023-04-28 18:00:00,748.75
2023-04-28 19:00:00,565.725
2023-04-28 20:00:00,336.525
2023-04-28 21:00:00,93.85000000000001
2023-04-28 22:00:00,0.0
2023-04-28 23:00:00,0.0
2023-04-29 00:00:00,0.0
2023-04-29 01:00:00,0.0
2023-04-29 02:00:00,0.0
2023-04-29 03:00:00,0.0
2023-04-29 04:00:00,0.0
2023-04-29 05:00:00,0.0
2023-04-29 06:00:00,0.0
2023-04-29 07:00:00,0.0
2023-04-29 08:00:00,0.0
2023-04-29 09:00:00,0.0
2023-04-29 10:00:00,2.60000025
2023-04-29 11:00:00,141.4
2023-04-29 12:00:00,376.45000500000003
2023-04-29 13:00:00,601.10001
2023-04-29 14:00:00,774.75001
2023-04-29 15:00:00,880.0
2023-04-29 16:00:00,910.0
2023-04-29 17:00:00,862.6
2023-04-29 18:00:00,740.3249999999999
2023-04-29 19:00:00,554.6500149999999
2023-04-29 20:00:00,323.0500025
2023-04-29 21:00:00,85.9
2023-04-29 22:00:00,0.0
2023-04-29 23:00:00,0.0
2023-04-30 00:00:00,0.0
2023-04-30 01:00:00,0.0
2023-04-30 02:00:00,0.0
2023-04-30 03:00:00,0.0
2023-04-30 04:00:00,0.0
2023-04-30 05:00:00,0.0
2023-04-30 06:00:00,0.0
2023-04-30 07:00:00,0.0
2023-04-30 08:00:00,0.0
2023-04-30 09:00:00,0.0
2023-04-30 10:00:00,2.2
2023-04-30 11:00:00,134.9
2023-04-30 12:00:00,374.22501
2023-04-30 13:00:00,597.15002
2023-04-30 14:00:00,769.0250100000001
2023-04-30 15:00:00,875.7750100000001
2023-04-30 16:00:00,905.60001
2023-04-30 17:00:00,857.95001
2023-04-30 18:00:00,736.07502
2023-04-30 19:00:00,550.85
2023-04-30 20:00:00,319.600005
2023-04-30 21:00:00,83.95000125
2023-04-30 22:00:00,0.0
2023-04-30 23:00:00,0.0
2023-05-01 00:00:00,0.0
2023-05-01 01:00:00,0.0
2023-05-01 02:00:00,0.0
2023-05-01 03:00:00,0.0
2023-05-01 04:00:00,0.0
2023-05-01 05:00:00,0.0
2023-05-01 06:00:00,0.0
2023-05-01 07:00:00,0.0
2023-05-01 08:00:00,0.0
2023-05-01 09:00:00,0.0
2023-05-01 10:00:00,1.9
2023-05-01 11:00:00,127.975
2023-05-01 12:00:00,371.62501
2023-05-01 13:00:00,586.225015
2023-05-01 14:00:00,752.6
2023-05-01 15:00:00,853.82503
2023-05-01 16:00:00,883.95
2023-05-01 17:00:00,837.50001
2023-05-01 18:00:00,715.30001
2023-05-01 19:00:00,534.1999999999999
2023-05-01 20:00:00,311.150005
2023-05-01 21:00:00,83.07500125
2023-05-01 22:00:00,0.0
2023-05-01 23:00:00,0.0
2023-05-02 00:00:00,0.0
2023-05-02 01:00:00,0.0
2023-05-02 02:00:00,0.0
2023-05-02 03:00:00,0.0
2023-05-02 04:00:00,0.0
2023-05-02 05:00:00,0.0
2023-05-02 06:00:00,0.0
2023-05-02 07:00:00,0.0
2023-05-02 08:00:00,0.0
2023-05-02 09:00:00,0.0
2023-05-02 10:00:00,0.0
2023-05-02 11:00:00,137.14999999999998
2023-05-02 12:00:00,378.000005
2023-05-02 13:00:00,599.6750099999999
2023-05-02 14:00:00,770.275
2023-05-02 15:00:00,879.4499999999999
2023-05-02 16:00:00,908.6750099999999
2023-05-02 17:00:00,860.32501
2023-05-02 18:00:00,737.95
2023-05-02 19:00:00,552.900005
2023-05-02 20:00:00,323.7750025
2023-05-02 21:00:00,64.75
2023-05-02 22:00:00,0.0
2023-05-02 23:00:00,0.0
2023-05-03 00:00:00,0.0
2023-05-03 01:00:00,0.0
2023-05-03 02:00:00,0.0
2023-05-03 03:00:00,0.0
2023-05-03 04:00:00,0.0
2023-05-03 05:00:00,0.0
2023-05-03 06:00:00,0.0
2023-05-03 07:00:00,0.0
2023-05-03 08:00:00,0.0
2023-05-03 09:00:00,0.0
2023-05-03 10:00:00,1.800000075
2023-05-03 11:00:00,138.4
2023-05-03 12:00:00,379.35
2023-05-03 13:00:00,597.82501
2023-05-03 14:00:00,766.9
2023-05-03 15:00:00,871.25001
2023-05-03 16:00:00,897.625
2023-05-03 17:00:00,849.62501
2023-05-03 18:00:00,732.725
2023-05-03 19:00:00,534.925
2023-05-03 20:00:00,293.175005
2023-05-03 21:00:00,65.67500025
2023-05-03 22:00:00,0.0
2023-05-03 23:00:00,0.0
2023-05-04 00:00:00,0.0
2023-05-04 01:00:00,0.0
2023-05-04 02:00:00,0.0
2023-05-04 03:00:00,0.0
2023-05-04 04:00:00,0.0
2023-05-04 05:00:00,0.0
2023-05-04 06:00:00,0.0
2023-05-04 07:00:00,0.0
2023-05-04 08:00:00,0.0
2023-05-04 09:00:00,0.0
2023-05-04 10:00:00,0.0
2023-05-04 11:00:00,139.075
2023-05-04 12:00:00,374.500005
2023-05-04 13:00:00,590.6
2023-05-04 14:00:00,757.1500100000001
2023-05-04 15:00:00,859.52502
2023-05-04 16:00:00,859.3500200000001
2023-05-04 17:00:00,817.45001
2023-05-04 18:00:00,702.3
2023-05-04 19:00:00,470.625005
2023-05-04 20:00:00,308.075005
2023-05-04 21:00:00,70.0
2023-05-04 22:00:00,0.0
2023-05-04 23:00:00,0.0
2023-05-05 00:00:00,0.0
2023-05-05 01:00:00,0.0
2023-05-05 02:00:00,0.0
2023-05-05 03:00:00,0.0
2023-05-05 04:00:00,0.0
2023-05-05 05:00:00,0.0
2023-05-05 06:00:00,0.0
2023-05-05 07:00:00,0.0
2023-05-05 08:00:00,0.0
2023-05-05 09:00:00,0.0
2023-05-05 10:00:00,1.15
2023-05-05 11:00:00,124.90000375000001
2023-05-05 12:00:00,375.15000499999996
2023-05-05 13:00:00,590.25001
2023-05-05 14:00:00,732.7
2023-05-05 15:00:00,798.075
2023-05-05 16:00:00,631.65
2023-05-05 17:00:00,515.575015
2023-05-05 18:00:00,437.025005
2023-05-05 19:00:00,342.125005
2023-05-05 20:00:00,187.35000250000002
2023-05-05 21:00:00,37.85000025
2023-05-05 22:00:00,0.0
2023-05-05 23:00:00,0.0
2023-05-06 00:00:00,0.0
2023-05-06 01:00:00,0.0
2023-05-06 02:00:00,0.0
2023-05-06 03:00:00,0.0
2023-05-06 04:00:00,0.0
2023-05-06 05:00:00,0.0
2023-05-06 06:00:00,0.0
2023-05-06 07:00:00,0.0
2023-05-06 08:00:00,0.0
2023-05-06 09:00:00,0.0
2023-05-06 10:00:00,0.0
2023-05-06 11:00:00,122.30000625000001
2023-05-06 12:00:00,355.0
2023-05-06 13:00:00,582.5250100000001
2023-05-06 14:00:00,746.85
2023-05-06 15:00:00,848.37501
2023-05-06 16:00:00,877.275
2023-05-06 17:00:00,801.85
2023-05-06 18:00:00,711.35002
2023-05-06 19:00:00,459.67501500000003
2023-05-06 20:00:00,220.0250025
2023-05-06 21:00:00,38.6
2023-05-06 22:00:00,0.0
2023-05-06 23:00:00,0.0
2023-05-07 00:00:00,0.0
2023-05-07 01:00:00,0.0
2023-05-07 02:00:00,0.0
2023-05-07 03:00:00,0.0
2023-05-07 04:00:00,0.0
2023-05-07 05:00:00,0.0
2023-05-07 06:00:00,0.0
2023-05-07 07:00:00,0.0
2023-05-07 08:00:00,0.0
2023-05-07 09:00:00,0.0
2023-05-07 10:00:00,0.95
2023-05-07 11:00:00,135.1000005
2023-05-07 12:00:00,372.62501
2023-05-07 13:00:00,587.5
2023-05-07 14:00:00,753.3
2023-05-07 15:00:00,855.375
2023-05-07 16:00:00,882.1
2023-05-07 17:00:00,832.67501
2023-05-07 18:00:00,712.375
2023-05-07 19:00:00,532.7
2023-05-07 20:00:00,310.275
2023-05-07 21:00:00,76.6750005
2023-05-07 22:00:00,0.0
2023-05-07 23:00:00,0.0
2023-05-08 00:00:00,0.0
2023-05-08 01:00:00,0.0
2023-05-08 02:00:00,0.0
2023-05-08 03:00:00,0.0
2023-05-08 04:00:00,0.0
2023-05-08 05:00:00,0.0
2023-05-08 06:00:00,0.0
2023-05-08 07:00:00,0.0
2023-05-08 08:00:00,0.0
2023-05-08 09:00:00,0.0
2023-05-08 10:00:00,0.0
2023-05-08 11:00:00,130.6750025
2023-05-08 12:00:00,349.275
2023-05-08 13:00:00,502.625005
2023-05-08 14:00:00,611.30003
2023-05-08 15:00:00,731.475
2023-05-08 16:00:00,703.6500100000001
2023-05-08 17:00:00,619.975
2023-05-08 18:00:00,595.775
2023-05-08 19:00:00,493.92501500000003
2023-05-08 20:00:00,259.025005
2023-05-08 21:00:00,34.1
2023-05-08 22:00:00,0.0
2023-05-08 23:00:00,0.0
2023-05-09 00:00:00,0.0
2023-05-09 01:00:00,0.0
2023-05-09 02:00:00,0.0
2023-05-09 03:00:00,0.0
2023-05-09 04:00:00,0.0
2023-05-09 05:00:00,0.0
2023-05-09 06:00:00,0.0
2023-05-09 07:00:00,0.0
2023-05-09 08:00:00,0.0
2023-05-09 09:00:00,0.0
2023-05-09 10:00:00,0.425
2023-05-09 11:00:00,122.7250025
2023-05-09 12:00:00,342.55
2023-05-09 13:00:00,555.750025
2023-05-09 14:00:00,721.12503
2023-05-09 15:00:00,825.55001
2023-05-09 16:00:00,853.65
2023-05-09 17:00:00,708.95001
2023-05-09 18:00:00,571.42501
2023-05-09 19:00:00,402.52500499999996
2023-05-09 20:00:00,228.75000125
2023-05-09 21:00:00,53.50000125
2023-05-09 22:00:00,0.0
2023-05-09 23:00:00,0.0
2023-05-10 00:00:00,0.0
2023-05-10 01:00:00,0.0
2023-05-10 02:00:00,0.0
2023-05-10 03:00:00,0.0
2023-05-10 04:00:00,0.0
2023-05-10 05:00:00,0.0
2023-05-10 06:00:00,0.0
2023-05-10 07:00:00,0.0
2023-05-10 08:00:00,0.0
2023-05-10 09:00:00,0.0
2023-05-10 10:00:00,0.25
2023-05-10 11:00:00,121.5500025
2023-05-10 12:00:00,347.250005
2023-05-10 13:00:00,564.42501
2023-05-10 14:00:00,731.35
2023-05-10 15:00:00,821.125
2023-05-10 16:00:00,781.7750100000001
2023-05-10 17:00:00,641.05
2023-05-10 18:00:00,584.375
2023-05-10 19:00:00,344.29999999999995
2023-05-10 20:00:00,203.0500025
2023-05-10 21:00:00,34.074999999999996
2023-05-10 22:00:00,0.0
2023-05-10 23:00:00,0.0
2023-05-11 00:00:00,0.0
2023-05-11 01:00:00,0.0
2023-05-11 02:00:00,0.0
2023-05-11 03:00:00,0.0
2023-05-11 04:00:00,0.0
2023-05-11 05:00:00,0.0
2023-05-11 06:00:00,0.0
2023-05-11 07:00:00,0.0
2023-05-11 08:00:00,0.0
2023-05-11 09:00:00,0.0
2023-05-11 10:00:00,0.075
2023-05-11 11:00:00,113.45000125
2023-05-11 12:00:00,344.800005
2023-05-11 13:00:00,560.75
2023-05-11 14:00:00,728.0250100000001
2023-05-11 15:00:00,833.175
2023-05-11 16:00:00,863.00002
2023-05-11 17:00:00,817.9
2023-05-11 18:00:00,704.60001
2023-05-11 19:00:00,524.75
2023-05-11 20:00:00,298.475005
2023-05-11 21:00:00,63.62499999999999
2023-05-11 22:00:00,0.0
2023-05-11 23:00:00,0.0
2023-05-12 00:00:00,0.0
2023-05-12 01:00:00,0.0
2023-05-12 02:00:00,0.0
2023-05-12 03:00:00,0.0
2023-05-12 04:00:00,0.0
2023-05-12 05:00:00,0.0
2023-05-12 06:00:00,0.0
2023-05-12 07:00:00,0.0
2023-05-12 08:00:00,0.0
2023-05-12 09:00:00,0.0
2023-05-12 10:00:00,0.0
2023-05-12 11:00:00,117.82499999999999
2023-05-12 12:00:00,337.525005
2023-05-12 13:00:00,552.575
2023-05-12 14:00:00,719.25002
2023-05-12 15:00:00,827.7250200000001
2023-05-12 16:00:00,857.35001
2023-05-12 17:00:00,811.025
2023-05-12 18:00:00,695.02502
2023-05-12 19:00:00,514.10001
2023-05-12 20:00:00,288.775005
2023-05-12 21:00:00,64.7000025
2023-05-12 22:00:00,0.0
2023-05-12 23:00:00,0.0
2023-05-13 00:00:00,0.0
2023-05-13 01:00:00,0.0
2023-05-13 02:00:00,0.0
2023-05-13 03:00:00,0.0
2023-05-13 04:00:00,0.0
2023-05-13 05:00:00,0.0
2023-05-13 06:00:00,0.0
2023-05-13 07:00:00,0.0
2023-05-13 08:00:00,0.0
2023-05-13 09:00:00,0.0
2023-05-13 10:00:00,0.0
2023-05-13 11:00:00,115.4
2023-05-13 12:00:00,344.5
2023-05-13 13:00:00,556.15
2023-05-13 14:00:00,720.10002
2023-05-13 15:00:00,822.12501
2023-05-13 16:00:00,850.1750099999999
2023-05-13 17:00:00,803.50001
2023-05-13 18:00:00,688.20001
2023-05-13 19:00:00,511.17499999999995
2023-05-13 20:00:00,290.40000249999997
2023-05-13 21:00:00,66.850003
2023-05-13 22:00:00,0.0
2023-05-13 23:00:00,0.0
2023-05-14 00:00:00,0.0
2023-05-14 01:00:00,0.0
2023-05-14 02:00:00,0.0
2023-05-14 03:00:00,0.0
2023-05-14 04:00:00,0.0
2023-05-14 05:00:00,0.0
2023-05-14 06:00:00,0.0
2023-05-14 07:00:00,0.0
2023-05-14 08:00:00,0.0
2023-05-14 09:00:00,0.0
2023-05-14 10:00:00,0.0
2023-05-14 11:00:00,119.85
2023-05-14 12:00:00,352.975005
2023-05-14 13:00:00,565.825005
2023-05-14 14:00:00,729.425
2023-05-14 15:00:00,829.20001
2023-05-14 16:00:00,857.75002
2023-05-14 17:00:00,812.35001
2023-05-14 18:00:00,695.0
2023-05-14 19:00:00,515.42501
2023-05-14 20:00:00,292.65
2023-05-14 21:00:00,65.8
2023-05-14 22:00:00,0.0
2023-05-14 23:00:00,0.0
2023-05-15 00:00:00,0.0
2023-05-15 01:00:00,0.0
2023-05-15 02:00:00,0.0
2023-05-15 03:00:00,0.0
2023-05-15 04:00:00,0.0
2023-05-15 05:00:00,0.0
2023-05-15 06:00:00,0.0
2023-05-15 07:00:00,0.0
2023-05-15 08:00:00,0.0
2023-05-15 09:00:00,0.0
2023-05-15 10:00:00,0.0
2023-05-15 11:00:00,112.1250025
2023-05-15 12:00:00,331.4750075
2023-05-15 13:00:00,541.10001
2023-05-15 14:00:00,702.8499999999999
2023-05-15 15:00:00,799.32501
2023-05-15 16:00:00,826.82501
2023-05-15 17:00:00,780.60001
2023-05-15 18:00:00,660.3000099999999
2023-05-15 19:00:00,483.525
2023-05-15 20:00:00,265.8000125
2023-05-15 21:00:00,54.275
2023-05-15 22:00:00,0.0
2023-05-15 23:00:00,0.0
2023-05-16 00:00:00,0.0
2023-05-16 01:00:00,0.0
2023-05-16 02:00:00,0.0
2023-05-16 03:00:00,0.0
2023-05-16 04:00:00,0.0
2023-05-16 05:00:00,0.0
2023-05-16 06:00:00,0.0
2023-05-16 07:00:00,0.0
2023-05-16 08:00:00,0.0
2023-05-16 09:00:00,0.0
2023-05-16 10:00:00,0.0
2023-05-16 11:00:00,105.025
2023-05-16 12:00:00,325.5500075
2023-05-16 13:00:00,536.00001
2023-05-16 14:00:00,699.15
2023-05-16 15:00:00,800.82501
2023-05-16 16:00:00,829.42502
2023-05-16 17:00:00,784.52501
2023-05-16 18:00:00,669.2
2023-05-16 19:00:00,491.725005
2023-05-16 20:00:00,272.075
2023-05-16 21:00:00,56.07500025
2023-05-16 22:00:00,0.0
2023-05-16 23:00:00,0.0
2023-05-17 00:00:00,0.0
2023-05-17 01:00:00,0.0
2023-05-17 02:00:00,0.0
2023-05-17 03:00:00,0.0
2023-05-17 04:00:00,0.0
2023-05-17 05:00:00,0.0
2023-05-17 06:00:00,0.0
2023-05-17 07:00:00,0.0
2023-05-17 08:00:00,0.0
2023-05-17 09:00:00,0.0
2023-05-17 10:00:00,0.0
2023-05-17 11:00:00,113.925
2023-05-17 12:00:00,338.7250025
2023-05-17 13:00:00,551.375
2023-05-17 14:00:00,715.85
2023-05-17 15:00:00,818.325
2023-05-17 16:00:00,844.60001
2023-05-17 17:00:00,800.12501
2023-05-17 18:00:00,685.37501
2023-05-17 19:00:00,507.050005
2023-05-17 20:00:00,285.62500750000004
2023-05-17 21:00:00,63.324999999999996
2023-05-17 22:00:00,0.0
2023-05-17 23:00:00,0.0
2023-05-18 00:00:00,0.0
2023-05-18 01:00:00,0.0
2023-05-18 02:00:00,0.0
2023-05-18 03:00:00,0.0
2023-05-18 04:00:00,0.0
2023-05-18 05:00:00,0.0
2023-05-18 06:00:00,0.0
2023-05-18 07:00:00,0.0
2023-05-18 08:00:00,0.0
2023-05-18 09:00:00,0.0
2023-05-18 10:00:00,0.0
2023-05-18 11:00:00,116.17500125000001
2023-05-18 12:00:00,348.40001
2023-05-18 13:00:00,562.625015
2023-05-18 14:00:00,726.7750100000001
2023-05-18 15:00:00,826.07502
2023-05-18 16:00:00,854.925
2023-05-18 17:00:00,807.80001
2023-05-18 18:00:00,688.35001
2023-05-18 19:00:00,507.625005
2023-05-18 20:00:00,283.7000075
2023-05-18 21:00:00,60.5500025
2023-05-18 22:00:00,0.0
2023-05-18 23:00:00,0.0
2023-05-19 00:00:00,0.0
2023-05-19 01:00:00,0.0
2023-05-19 02:00:00,0.0
2023-05-19 03:00:00,0.0
2023-05-19 04:00:00,0.0
2023-05-19 05:00:00,0.0
2023-05-19 06:00:00,0.0
2023-05-19 07:00:00,0.0
2023-05-19 08:00:00,0.0
2023-05-19 09:00:00,0.0
2023-05-19 10:00:00,0.0
2023-05-19 11:00:00,110.35000375000001
2023-05-19 12:00:00,338.975
2023-05-19 13:00:00,550.10001
2023-05-19 14:00:00,713.675
2023-05-19 15:00:00,783.175
2023-05-19 16:00:00,831.0250100000001
2023-05-19 17:00:00,794.40002
2023-05-19 18:00:00,677.0500099999999
2023-05-19 19:00:00,452.29999999999995
2023-05-19 20:00:00,250.4500025
2023-05-19 21:00:00,28.875
2023-05-19 22:00:00,0.0
2023-05-19 23:00:00,0.0
2023-05-20 00:00:00,0.0
2023-05-20 01:00:00,0.0
2023-05-20 02:00:00,0.0
2023-05-20 03:00:00,0.0
2023-05-20 04:00:00,0.0
2023-05-20 05:00:00,0.0
2023-05-20 06:00:00,0.0
2023-05-20 07:00:00,0.0
2023-05-20 08:00:00,0.0
2023-05-20 09:00:00,0.0
2023-05-20 10:00:00,0.0
2023-05-20 11:00:00,104.87500025
2023-05-20 12:00:00,321.2750025
2023-05-20 13:00:00,527.85
2023-05-20 14:00:00,687.65
2023-05-20 15:00:00,767.9499999999999
2023-05-20 16:00:00,715.6000200000001
2023-05-20 17:00:00,648.40002
2023-05-20 18:00:00,566.425015
2023-05-20 19:00:00,406.750005
2023-05-20 20:00:00,186.95
2023-05-20 21:00:00,31.325000525
2023-05-20 22:00:00,0.0
2023-05-20 23:00:00,0.0
2023-05-21 00:00:00,0.0
2023-05-21 01:00:00,0.0
2023-05-21 02:00:00,0.0
2023-05-21 03:00:00,0.0
2023-05-21 04:00:00,0.0
2023-05-21 05:00:00,0.0
2023-05-21 06:00:00,0.0
2023-05-21 07:00:00,0.0
2023-05-21 08:00:00,0.0
2023-05-21 09:00:00,0.0
2023-05-21 10:00:00,0.0
2023-05-21 11:00:00,109.40000125
2023-05-21 12:00:00,340.525
2023-05-21 13:00:00,553.45
2023-05-21 14:00:00,718.475
2023-05-21 15:00:00,819.4000100000001
2023-05-21 16:00:00,847.47501
2023-05-21 17:00:00,800.60001
2023-05-21 18:00:00,683.15
2023-05-21 19:00:00,505.2
2023-05-21 20:00:00,283.875
2023-05-21 21:00:00,60.2500025
2023-05-21 22:00:00,0.0
2023-05-21 23:00:00,0.0
2023-05-22 00:00:00,0.0
2023-05-22 01:00:00,0.0
2023-05-22 02:00:00,0.0
2023-05-22 03:00:00,0.0
2023-05-22 04:00:00,0.0
2023-05-22 05:00:00,0.0
2023-05-22 06:00:00,0.0
2023-05-22 07:00:00,0.0
2023-05-22 08:00:00,0.0
2023-05-22 09:00:00,0.0
2023-05-22 10:00:00,0.0
2023-05-22 11:00:00,107.72500375000001
2023-05-22 12:00:00,337.0000025
2023-05-22 13:00:00,547.92501
2023-05-22 14:00:00,710.20001
2023-05-22 15:00:00,809.0
2023-05-22 16:00:00,837.37501
2023-05-22 17:00:00,791.75002
2023-05-22 18:00:00,674.95001
2023-05-22 19:00:00,497.425005
2023-05-22 20:00:00,277.050005
2023-05-22 21:00:00,57.92500125
2023-05-22 22:00:00,0.0
2023-05-22 23:00:00,0.0
2023-05-23 00:00:00,0.0
2023-05-23 01:00:00,0.0
2023-05-23 02:00:00,0.0
2023-05-23 03:00:00,0.0
2023-05-23 04:00:00,0.0
2023-05-23 05:00:00,0.0
2023-05-23 06:00:00,0.0
2023-05-23 07:00:00,0.0
2023-05-23 08:00:00,0.0
2023-05-23 09:00:00,0.0
2023-05-23 10:00:00,0.0
2023-05-23 11:00:00,102.95000025
2023-05-23 12:00:00,326.025
2023-05-23 13:00:00,538.100005
2023-05-23 14:00:00,701.9250099999999
2023-05-23 15:00:00,805.00001
2023-05-23 16:00:00,834.42502
2023-05-23 17:00:00,789.175
2023-05-23 18:00:00,673.25001
2023-05-23 19:00:00,496.1
2023-05-23 20:00:00,274.85001
2023-05-23 21:00:00,54.050000250000004
2023-05-23 22:00:00,0.0
2023-05-23 23:00:00,0.0
2023-05-24 00:00:00,0.0
2023-05-24 01:00:00,0.0
2023-05-24 02:00:00,0.0
2023-05-24 03:00:00,0.0
2023-05-24 04:00:00,0.0
2023-05-24 05:00:00,0.0
2023-05-24 06:00:00,0.0
2023-05-24 07:00:00,0.0
2023-05-24 08:00:00,0.0
2023-05-24 09:00:00,0.0
2023-05-24 10:00:00,0.0
2023-05-24 11:00:00,99.6500025
2023-05-24 12:00:00,329.025
2023-05-24 13:00:00,541.525
2023-05-24 14:00:00,706.0
2023-05-24 15:00:00,807.72501
2023-05-24 16:00:00,837.00001
2023-05-24 17:00:00,792.05001
2023-05-24 18:00:00,677.22501
2023-05-24 19:00:00,498.25
2023-05-24 20:00:00,275.85001
2023-05-24 21:00:00,55.775
2023-05-24 22:00:00,0.0
2023-05-24 23:00:00,0.0
2023-05-25 00:00:00,0.0
2023-05-25 01:00:00,0.0
2023-05-25 02:00:00,0.0
2023-05-25 03:00:00,0.0
2023-05-25 04:00:00,0.0
2023-05-25 05:00:00,0.0
2023-05-25 06:00:00,0.0
2023-05-25 07:00:00,0.0
2023-05-25 08:00:00,0.0
2023-05-25 09:00:00,0.0
2023-05-25 10:00:00,0.0
2023-05-25 11:00:00,101.025
2023-05-25 12:00:00,331.4750075
2023-05-25 13:00:00,544.200005
2023-05-25 14:00:00,706.62502
2023-05-25 15:00:00,805.4000100000001
2023-05-25 16:00:00,830.82501
2023-05-25 17:00:00,782.40002
2023-05-25 18:00:00,666.52502
2023-05-25 19:00:00,492.350005
2023-05-25 20:00:00,274.025
2023-05-25 21:00:00,55.55
2023-05-25 22:00:00,0.0
2023-05-25 23:00:00,0.0
2023-05-26 00:00:00,0.0
2023-05-26 01:00:00,0.0
2023-05-26 02:00:00,0.0
2023-05-26 03:00:00,0.0
2023-05-26 04:00:00,0.0
2023-05-26 05:00:00,0.0
2023-05-26 06:00:00,0.0
2023-05-26 07:00:00,0.0
2023-05-26 08:00:00,0.0
2023-05-26 09:00:00,0.0
2023-05-26 10:00:00,0.0
2023-05-26 11:00:00,97.875
2023-05-26 12:00:00,321.6
2023-05-26 13:00:00,529.675005
2023-05-26 14:00:00,690.05002
2023-05-26 15:00:00,789.35002
2023-05-26 16:00:00,816.45001
2023-05-26 17:00:00,770.70001
2023-05-26 18:00:00,657.35002
2023-05-26 19:00:00,484.825
2023-05-26 20:00:00,267.9000025
2023-05-26 21:00:00,41.00000001
2023-05-26 22:00:00,0.0
2023-05-26 23:00:00,0.0
2023-05-27 00:00:00,0.0
2023-05-27 01:00:00,0.0
2023-05-27 02:00:00,0.0
2023-05-27 03:00:00,0.0
2023-05-27 04:00:00,0.0
2023-05-27 05:00:00,0.0
2023-05-27 06:00:00,0.0
2023-05-27 07:00:00,0.0
2023-05-27 08:00:00,0.0
2023-05-27 09:00:00,0.0
2023-05-27 10:00:00,0.0
2023-05-27 11:00:00,89.52500125
2023-05-27 12:00:00,300.6000125
2023-05-27 13:00:00,440.70000500000003
2023-05-27 14:00:00,466.975005
2023-05-27 15:00:00,420.1
2023-05-27 16:00:00,348.225005
2023-05-27 17:00:00,380.40000499999996
2023-05-27 18:00:00,362.45
2023-05-27 19:00:00,303.25
2023-05-27 20:00:00,145.1500025
2023-05-27 21:00:00,21.675000025
2023-05-27 22:00:00,0.0
2023-05-27 23:00:00,0.0
2023-05-28 00:00:00,0.0
2023-05-28 01:00:00,0.0
2023-05-28 02:00:00,0.0
2023-05-28 03:00:00,0.0
2023-05-28 04:00:00,0.0
2023-05-28 05:00:00,0.0
2023-05-28 06:00:00,0.0
2023-05-28 07:00:00,0.0
2023-05-28 08:00:00,0.0
2023-05-28 09:00:00,0.0
2023-05-28 10:00:00,0.0
2023-05-28 11:00:00,87.9
2023-05-28 12:00:00,307.025005
2023-05-28 13:00:00,513.0500049999999
2023-05-28 14:00:00,672.67503
2023-05-28 15:00:00,742.30001
2023-05-28 16:00:00,778.70002
2023-05-28 17:00:00,730.45
2023-05-28 18:00:00,609.725
2023-05-28 19:00:00,422.975005
2023-05-28 20:00:00,262.3
2023-05-28 21:00:00,46.92500125
2023-05-28 22:00:00,0.0
2023-05-28 23:00:00,0.0
2023-05-29 00:00:00,0.0
2023-05-29 01:00:00,0.0
2023-05-29 02:00:00,0.0
2023-05-29 03:00:00,0.0
2023-05-29 04:00:00,0.0
2023-05-29 05:00:00,0.0
2023-05-29 06:00:00,0.0
2023-05-29 07:00:00,0.0
2023-05-29 08:00:00,0.0
2023-05-29 09:00:00,0.0
2023-05-29 10:00:00,0.0
2023-05-29 11:00:00,90.55000425
2023-05-29 12:00:00,297.775
2023-05-29 13:00:00,504.375005
2023-05-29 14:00:00,666.1500100000001
2023-05-29 15:00:00,770.75002
2023-05-29 16:00:00,798.00001
2023-05-29 17:00:00,750.65
2023-05-29 18:00:00,638.75001
2023-05-29 19:00:00,468.15001
2023-05-29 20:00:00,255.9750025
2023-05-29 21:00:00,46.850001250000005
2023-05-29 22:00:00,0.0
2023-05-29 23:00:00,0.0
2023-05-30 00:00:00,0.0
2023-05-30 01:00:00,0.0
2023-05-30 02:00:00,0.0
2023-05-30 03:00:00,0.0
2023-05-30 04:00:00,0.0
2023-05-30 05:00:00,0.0
2023-05-30 06:00:00,0.0
2023-05-30 07:00:00,0.0
2023-05-30 08:00:00,0.0
2023-05-30 09:00:00,0.0
2023-05-30 10:00:00,0.0
2023-05-30 11:00:00,93.675
2023-05-30 12:00:00,321.5250075
2023-05-30 13:00:00,531.87502
2023-05-30 14:00:00,694.32501
2023-05-30 15:00:00,794.45001
2023-05-30 16:00:00,823.00001
2023-05-30 17:00:00,778.675
2023-05-30 18:00:00,664.4
2023-05-30 19:00:00,489.00001000000003
2023-05-30 20:00:00,270.40001
2023-05-30 21:00:00,53.60000125
2023-05-30 22:00:00,0.0
2023-05-30 23:00:00,0.0
2023-05-31 00:00:00,0.0
2023-05-31 01:00:00,0.0
2023-05-31 02:00:00,0.0
2023-05-31 03:00:00,0.0
2023-05-31 04:00:00,0.0
2023-05-31 05:00:00,0.0
2023-05-31 06:00:00,0.0
2023-05-31 07:00:00,0.0
2023-05-31 08:00:00,0.0
2023-05-31 09:00:00,0.0
2023-05-31 10:00:00,0.0
2023-05-31 11:00:00,90.67500275
2023-05-31 12:00:00,313.3
2023-05-31 13:00:00,522.7
2023-05-31 14:00:00,684.8000099999999
2023-05-31 15:00:00,784.6000200000001
2023-05-31 16:00:00,813.85
2023-05-31 17:00:00,769.725
2023-05-31 18:00:00,656.2250200000001
2023-05-31 19:00:00,481.425005
2023-05-31 20:00:00,264.3000025
2023-05-31 21:00:00,51.725
2023-05-31 22:00:00,0.0
2023-05-31 23:00:00,0.0
2023-06-01 00:00:00,0.0
2023-06-01 01:00:00,0.0
2023-06-01 02:00:00,0.0
2023-06-01 03:00:00,0.0
2023-06-01 04:00:00,0.0
2023-06-01 05:00:00,0.0
2023-06-01 06:00:00,0.0
2023-06-01 07:00:00,0.0
2023-06-01 08:00:00,0.0
2023-06-01 09:00:00,0.0
2023-06-01 10:00:00,0.0
2023-06-01 11:00:00,85.07500250000001
2023-06-01 12:00:00,306.625
2023-06-01 13:00:00,514.52502
2023-06-01 14:00:00,676.075
2023-06-01 15:00:00,776.45
2023-06-01 16:00:00,806.275
2023-06-01 17:00:00,763.2
2023-06-01 18:00:00,650.60001
2023-06-01 19:00:00,477.775
2023-06-01 20:00:00,262.400005
2023-06-01 21:00:00,50.975
2023-06-01 22:00:00,0.0
2023-06-01 23:00:00,0.0
2023-06-02 00:00:00,0.0
2023-06-02 01:00:00,0.0
2023-06-02 02:00:00,0.0
2023-06-02 03:00:00,0.0
2023-06-02 04:00:00,0.0
2023-06-02 05:00:00,0.0
2023-06-02 06:00:00,0.0
2023-06-02 07:00:00,0.0
2023-06-02 08:00:00,0.0
2023-06-02 09:00:00,0.0
2023-06-02 10:00:00,0.0
2023-06-02 11:00:00,86.55
2023-06-02 12:00:00,312.65000499999996
2023-06-02 13:00:00,522.725005
2023-06-02 14:00:00,685.625
2023-06-02 15:00:00,787.37501
2023-06-02 16:00:00,817.6000200000001
2023-06-02 17:00:00,774.87501
2023-06-02 18:00:00,662.25
2023-06-02 19:00:00,488.000005
2023-06-02 20:00:00,269.9000025
2023-06-02 21:00:00,53.125
2023-06-02 22:00:00,0.0
2023-06-02 23:00:00,0.0
2023-06-03 00:00:00,0.0
2023-06-03 01:00:00,0.0
2023-06-03 02:00:00,0.0
2023-06-03 03:00:00,0.0
2023-06-03 04:00:00,0.0
2023-06-03 05:00:00,0.0
2023-06-03 06:00:00,0.0
2023-06-03 07:00:00,0.0
2023-06-03 08:00:00,0.0
2023-06-03 09:00:00,0.0
2023-06-03 10:00:00,0.0
2023-06-03 11:00:00,87.6
2023-06-03 12:00:00,306.62500750000004
2023-06-03 13:00:00,516.85001
2023-06-03 14:00:00,679.80001
2023-06-03 15:00:00,780.7
2023-06-03 16:00:00,809.6333600000002
2023-06-03 17:00:00,765.575
2023-06-03 18:00:00,652.125
2023-06-03 19:00:00,478.050005
2023-06-03 20:00:00,261.175005
2023-06-03 21:00:00,49.7250005
2023-06-03 22:00:00,0.0
2023-06-03 23:00:00,0.0
2023-06-04 00:00:00,0.0
2023-06-04 01:00:00,0.0
2023-06-04 02:00:00,0.0
2023-06-04 03:00:00,0.0
2023-06-04 04:00:00,0.0
2023-06-04 05:00:00,0.0
2023-06-04 06:00:00,0.0
2023-06-04 07:00:00,0.0
2023-06-04 08:00:00,0.0
2023-06-04 09:00:00,0.0
2023-06-04 10:00:00,0.0
2023-06-04 11:00:00,82.72500025
2023-06-04 12:00:00,305.9
2023-06-04 13:00:00,514.97501
2023-06-04 14:00:00,676.87501
2023-06-04 15:00:00,777.07501
2023-06-04 16:00:00,806.6750099999999
2023-06-04 17:00:00,763.15
2023-06-04 18:00:00,650.025
2023-06-04 19:00:00,476.8
2023-06-04 20:00:00,261.625005
2023-06-04 21:00:00,50.2000015
2023-06-04 22:00:00,0.0
2023-06-04 23:00:00,0.0
2023-06-05 00:00:00,0.0
2023-06-05 01:00:00,0.0
2023-06-05 02:00:00,0.0
2023-06-05 03:00:00,0.0
2023-06-05 04:00:00,0.0
2023-06-05 05:00:00,0.0
2023-06-05 06:00:00,0.0
2023-06-05 07:00:00,0.0
2023-06-05 08:00:00,0.0
2023-06-05 09:00:00,0.0
2023-06-05 10:00:00,0.0
2023-06-05 11:00:00,76.475
2023-06-05 12:00:00,283.725
2023-06-05 13:00:00,487.050005
2023-06-05 14:00:00,646.47501
2023-06-05 15:00:00,747.8000099999999
2023-06-05 16:00:00,779.7
2023-06-05 17:00:00,739.175
2023-06-05 18:00:00,631.875
2023-06-05 19:00:00,462.07500500000003
2023-06-05 20:00:00,250.175
2023-06-05 21:00:00,47.6
2023-06-05 22:00:00,0.0
2023-06-05 23:00:00,0.0
2023-06-06 00:00:00,0.0
2023-06-06 01:00:00,0.0
2023-06-06 02:00:00,0.0
2023-06-06 03:00:00,0.0
2023-06-06 04:00:00,0.0
2023-06-06 05:00:00,0.0
2023-06-06 06:00:00,0.0
2023-06-06 07:00:00,0.0
2023-06-06 08:00:00,0.0
2023-06-06 09:00:00,0.0
2023-06-06 10:00:00,0.0
2023-06-06 11:00:00,79.625000075
2023-06-06 12:00:00,302.7
2023-06-06 13:00:00,511.35
2023-06-06 14:00:00,673.675
2023-06-06 15:00:00,776.00002
2023-06-06 16:00:00,807.00001
2023-06-06 17:00:00,764.50001
2023-06-06 18:00:00,653.175
2023-06-06 19:00:00,481.025
2023-06-06 20:00:00,265.57500500000003
2023-06-06 21:00:00,51.95
2023-06-06 22:00:00,0.0
2023-06-06 23:00:00,0.0
2023-06-07 00:00:00,0.0
2023-06-07 01:00:00,0.0
2023-06-07 02:00:00,0.0
2023-06-07 03:00:00,0.0
2023-06-07 04:00:00,0.0
2023-06-07 05:00:00,0.0
2023-06-07 06:00:00,0.0
2023-06-07 07:00:00,0.0
2023-06-07 08:00:00,0.0
2023-06-07 09:00:00,0.0
2023-06-07 10:00:00,0.0
2023-06-07 11:00:00,80.4
2023-06-07 12:00:00,295.775005
2023-06-07 13:00:00,502.20000500000003
2023-06-07 14:00:00,662.67501
2023-06-07 15:00:00,762.4
2023-06-07 16:00:00,792.52502
2023-06-07 17:00:00,750.50001
2023-06-07 18:00:00,639.87501
2023-06-07 19:00:00,469.375005
2023-06-07 20:00:00,256.62501
2023-06-07 21:00:00,49.32500175
2023-06-07 22:00:00,0.0
2023-06-07 23:00:00,0.0
2023-06-08 00:00:00,0.0
2023-06-08 01:00:00,0.0
2023-06-08 02:00:00,0.0
2023-06-08 03:00:00,0.0
2023-06-08 04:00:00,0.0
2023-06-08 05:00:00,0.0
2023-06-08 06:00:00,0.0
2023-06-08 07:00:00,0.0
2023-06-08 08:00:00,0.0
2023-06-08 09:00:00,0.0
2023-06-08 10:00:00,0.0
2023-06-08 11:00:00,77.725
2023-06-08 12:00:00,299.375
2023-06-08 13:00:00,508.12501
2023-06-08 14:00:00,670.47501
2023-06-08 15:00:00,771.25002
2023-06-08 16:00:00,801.9
2023-06-08 17:00:00,759.70001
2023-06-08 18:00:00,648.4250099999999
2023-06-08 19:00:00,477.05001000000004
2023-06-08 20:00:00,262.42499999999995
2023-06-08 21:00:00,50.85
2023-06-08 22:00:00,0.0
2023-06-08 23:00:00,0.0
2023-06-09 00:00:00,0.0
2023-06-09 01:00:00,0.0
2023-06-09 02:00:00,0.0
2023-06-09 03:00:00,0.0
2023-06-09 04:00:00,0.0
2023-06-09 05:00:00,0.0
2023-06-09 06:00:00,0.0
2023-06-09 07:00:00,0.0
2023-06-09 08:00:00,0.0
2023-06-09 09:00:00,0.0
2023-06-09 10:00:00,0.0
2023-06-09 11:00:00,79.450000575
2023-06-09 12:00:00,304.37501
2023-06-09 13:00:00,513.7249999999999
2023-06-09 14:00:00,676.25002
2023-06-09 15:00:00,777.75
2023-06-09 16:00:00,808.07502
2023-06-09 17:00:00,765.775
2023-06-09 18:00:00,653.9
2023-06-09 19:00:00,482.2
2023-06-09 20:00:00,267.100005
2023-06-09 21:00:00,52.45000025
2023-06-09 22:00:00,0.0
2023-06-09 23:00:00,0.0
2023-06-10 00:00:00,0.0
2023-06-10 01:00:00,0.0
2023-06-10 02:00:00,0.0
2023-06-10 03:00:00,0.0
2023-06-10 04:00:00,0.0
2023-06-10 05:00:00,0.0
2023-06-10 06:00:00,0.0
2023-06-10 07:00:00,0.0
2023-06-10 08:00:00,0.0
2023-06-10 09:00:00,0.0
2023-06-10 10:00:00,0.0
2023-06-10 11:00:00,79.1
2023-06-10 12:00:00,301.625
2023-06-10 13:00:00,511.400015
2023-06-10 14:00:00,674.40003
2023-06-10 15:00:00,776.075
2023-06-10 16:00:00,807.22501
2023-06-10 17:00:00,765.32501
2023-06-10 18:00:00,653.55
2023-06-10 19:00:00,481.325
2023-06-10 20:00:00,266.0500125
2023-06-10 21:00:00,51.775
2023-06-10 22:00:00,0.0
2023-06-10 23:00:00,0.0
2023-06-11 00:00:00,0.0
2023-06-11 01:00:00,0.0
2023-06-11 02:00:00,0.0
2023-06-11 03:00:00,0.0
2023-06-11 04:00:00,0.0
2023-06-11 05:00:00,0.0
2023-06-11 06:00:00,0.0
2023-06-11 07:00:00,0.0
2023-06-11 08:00:00,0.0
2023-06-11 09:00:00,0.0
2023-06-11 10:00:00,0.0
2023-06-11 11:00:00,73.775
2023-06-11 12:00:00,284.9750075
2023-06-11 13:00:00,488.92502
2023-06-11 14:00:00,649.50001
2023-06-11 15:00:00,751.60001
2023-06-11 16:00:00,783.37501
2023-06-11 17:00:00,742.30002
2023-06-11 18:00:00,635.37501
2023-06-11 19:00:00,472.825
2023-06-11 20:00:00,262.35000249999996
2023-06-11 21:00:00,49.97500025
2023-06-11 22:00:00,0.0
2023-06-11 23:00:00,0.0
2023-06-12 00:00:00,0.0
2023-06-12 01:00:00,0.0
2023-06-12 02:00:00,0.0
2023-06-12 03:00:00,0.0
2023-06-12 04:00:00,0.0
2023-06-12 05:00:00,0.0
2023-06-12 06:00:00,0.0
2023-06-12 07:00:00,0.0
2023-06-12 08:00:00,0.0
2023-06-12 09:00:00,0.0
2023-06-12 10:00:00,0.0
2023-06-12 11:00:00,73.625
2023-06-12 12:00:00,291.425005
2023-06-12 13:00:00,497.80000500000006
2023-06-12 14:00:00,659.47501
2023-06-12 15:00:00,760.35
2023-06-12 16:00:00,788.95001
2023-06-12 17:00:00,745.40001
2023-06-12 18:00:00,635.70001
2023-06-12 19:00:00,468.22499999999997
2023-06-12 20:00:00,258.6000025
2023-06-12 21:00:00,50.85
2023-06-12 22:00:00,0.0
2023-06-12 23:00:00,0.0
2023-06-13 00:00:00,0.0
2023-06-13 01:00:00,0.0
2023-06-13 02:00:00,0.0
2023-06-13 03:00:00,0.0
2023-06-13 04:00:00,0.0
2023-06-13 05:00:00,0.0
2023-06-13 06:00:00,0.0
2023-06-13 07:00:00,0.0
2023-06-13 08:00:00,0.0
2023-06-13 09:00:00,0.0
2023-06-13 10:00:00,0.0
2023-06-13 11:00:00,73.6750025
2023-06-13 12:00:00,293.85001
2023-06-13 13:00:00,501.25
2023-06-13 14:00:00,663.12501
2023-06-13 15:00:00,762.12501
2023-06-13 16:00:00,790.70001
2023-06-13 17:00:00,753.82501
2023-06-13 18:00:00,646.00001
2023-06-13 19:00:00,474.5
2023-06-13 20:00:00,263.225005
2023-06-13 21:00:00,37.7
2023-06-13 22:00:00,0.0
2023-06-13 23:00:00,0.0
2023-06-14 00:00:00,0.0
2023-06-14 01:00:00,0.0
2023-06-14 02:00:00,0.0
2023-06-14 03:00:00,0.0
2023-06-14 04:00:00,0.0
2023-06-14 05:00:00,0.0
2023-06-14 06:00:00,0.0
2023-06-14 07:00:00,0.0
2023-06-14 08:00:00,0.0
2023-06-14 09:00:00,0.0
2023-06-14 10:00:00,0.0
2023-06-14 11:00:00,72.500000525
2023-06-14 12:00:00,283.6
2023-06-14 13:00:00,490.84999999999997
2023-06-14 14:00:00,653.25001
2023-06-14 15:00:00,753.46668
2023-06-14 16:00:00,789.60001
2023-06-14 17:00:00,748.50001
2023-06-14 18:00:00,644.00001
2023-06-14 19:00:00,477.425
2023-06-14 20:00:00,265.125
2023-06-14 21:00:00,53.67500125
2023-06-14 22:00:00,0.0
2023-06-14 23:00:00,0.0
2023-06-15 00:00:00,0.0
2023-06-15 01:00:00,0.0
2023-06-15 02:00:00,0.0
2023-06-15 03:00:00,0.0
2023-06-15 04:00:00,0.0
2023-06-15 05:00:00,0.0
2023-06-15 06:00:00,0.0
2023-06-15 07:00:00,0.0
2023-06-15 08:00:00,0.0
2023-06-15 09:00:00,0.0
2023-06-15 10:00:00,0.0
2023-06-15 11:00:00,74.275
2023-06-15 12:00:00,296.750005
2023-06-15 13:00:00,508.6
2023-06-15 14:00:00,673.55001
2023-06-15 15:00:00,776.20001
2023-06-15 16:00:00,807.82501
2023-06-15 17:00:00,766.0
2023-06-15 18:00:00,654.75
2023-06-15 19:00:00,484.6
2023-06-15 20:00:00,269.5250025
2023-06-15 21:00:00,52.85000025
2023-06-15 22:00:00,0.0
2023-06-15 23:00:00,0.0
2023-06-16 00:00:00,0.0
2023-06-16 01:00:00,0.0
2023-06-16 02:00:00,0.0
2023-06-16 03:00:00,0.0
2023-06-16 04:00:00,0.0
2023-06-16 05:00:00,0.0
2023-06-16 06:00:00,0.0
2023-06-16 07:00:00,0.0
2023-06-16 08:00:00,0.0
2023-06-16 09:00:00,0.0
2023-06-16 10:00:00,0.0
2023-06-16 11:00:00,72.35
2023-06-16 12:00:00,295.17501000000004
2023-06-16 13:00:00,505.30001000000004
2023-06-16 14:00:00,669.02501
2023-06-16 15:00:00,771.225
2023-06-16 16:00:00,802.7750100000001
2023-06-16 17:00:00,761.65
2023-06-16 18:00:00,650.7
2023-06-16 19:00:00,480.50001
2023-06-16 20:00:00,266.9500025
2023-06-16 21:00:00,53.07500025
2023-06-16 22:00:00,0.0
2023-06-16 23:00:00,0.0
2023-06-17 00:00:00,0.0
2023-06-17 01:00:00,0.0
2023-06-17 02:00:00,0.0
2023-06-17 03:00:00,0.0
2023-06-17 04:00:00,0.0
2023-06-17 05:00:00,0.0
2023-06-17 06:00:00,0.0
2023-06-17 07:00:00,0.0
2023-06-17 08:00:00,0.0
2023-06-17 09:00:00,0.0
2023-06-17 10:00:00,0.0
2023-06-17 11:00:00,69.5500005
2023-06-17 12:00:00,285.250005
2023-06-17 13:00:00,492.525
2023-06-17 14:00:00,654.9750200000001
2023-06-17 15:00:00,757.25
2023-06-17 16:00:00,790.0
2023-06-17 17:00:00,750.12501
2023-06-17 18:00:00,641.45002
2023-06-17 19:00:00,473.17501
2023-06-17 20:00:00,261.95000500000003
2023-06-17 21:00:00,51.35000125
2023-06-17 22:00:00,0.0
2023-06-17 23:00:00,0.0
2023-06-18 00:00:00,0.0
2023-06-18 01:00:00,0.0
2023-06-18 02:00:00,0.0
2023-06-18 03:00:00,0.0
2023-06-18 04:00:00,0.0
2023-06-18 05:00:00,0.0
2023-06-18 06:00:00,0.0
2023-06-18 07:00:00,0.0
2023-06-18 08:00:00,0.0
2023-06-18 09:00:00,0.0
2023-06-18 10:00:00,0.0
2023-06-18 11:00:00,69.675
2023-06-18 12:00:00,290.1
2023-06-18 13:00:00,499.30001500000003
2023-06-18 14:00:00,662.02502
2023-06-18 15:00:00,759.27502
2023-06-18 16:00:00,788.87501
2023-06-18 17:00:00,749.20001
2023-06-18 18:00:00,638.975
2023-06-18 19:00:00,470.52501
2023-06-18 20:00:00,259.125
2023-06-18 21:00:00,50.65
2023-06-18 22:00:00,0.0
2023-06-18 23:00:00,0.0
2023-06-19 00:00:00,0.0
2023-06-19 01:00:00,0.0
2023-06-19 02:00:00,0.0
2023-06-19 03:00:00,0.0
2023-06-19 04:00:00,0.0
2023-06-19 05:00:00,0.0
2023-06-19 06:00:00,0.0
2023-06-19 07:00:00,0.0
2023-06-19 08:00:00,0.0
2023-06-19 09:00:00,0.0
2023-06-19 10:00:00,0.0
2023-06-19 11:00:00,66.7250005
2023-06-19 12:00:00,279.02500499999996
2023-06-19 13:00:00,483.70000500000003
2023-06-19 14:00:00,644.37502
2023-06-19 15:00:00,745.85001
2023-06-19 16:00:00,777.025
2023-06-19 17:00:00,736.0
2023-06-19 18:00:00,630.75
2023-06-19 19:00:00,466.875005
2023-06-19 20:00:00,258.075
2023-06-19 21:00:00,51.825
2023-06-19 22:00:00,0.0
2023-06-19 23:00:00,0.0
2023-06-20 00:00:00,0.0
2023-06-20 01:00:00,0.0
2023-06-20 02:00:00,0.0
2023-06-20 03:00:00,0.0
2023-06-20 04:00:00,0.0
2023-06-20 05:00:00,0.0
2023-06-20 06:00:00,0.0
2023-06-20 07:00:00,0.0
2023-06-20 08:00:00,0.0
2023-06-20 09:00:00,0.0
2023-06-20 10:00:00,0.0
2023-06-20 11:00:00,66.37500125
2023-06-20 12:00:00,279.42501000000004
2023-06-20 13:00:00,484.525
2023-06-20 14:00:00,645.37501
2023-06-20 15:00:00,746.25
2023-06-20 16:00:00,779.02502
2023-06-20 17:00:00,740.825
2023-06-20 18:00:00,634.25001
2023-06-20 19:00:00,468.075
2023-06-20 20:00:00,260.2000075
2023-06-20 21:00:00,53.0
2023-06-20 22:00:00,0.0
2023-06-20 23:00:00,0.0
2023-06-21 00:00:00,0.0
2023-06-21 01:00:00,0.0
2023-06-21 02:00:00,0.0
2023-06-21 03:00:00,0.0
2023-06-21 04:00:00,0.0
2023-06-21 05:00:00,0.0
2023-06-21 06:00:00,0.0
2023-06-21 07:00:00,0.0
2023-06-21 08:00:00,0.0
2023-06-21 09:00:00,0.0
2023-06-21 10:00:00,0.0
2023-06-21 11:00:00,67.175
2023-06-21 12:00:00,282.275
2023-06-21 13:00:00,489.15
2023-06-21 14:00:00,652.2250200000001
2023-06-21 15:00:00,755.30002
2023-06-21 16:00:00,788.4000100000001
2023-06-21 17:00:00,748.5500099999999
2023-06-21 18:00:00,640.9000100000001
2023-06-21 19:00:00,476.075005
2023-06-21 20:00:00,266.775
2023-06-21 21:00:00,54.825
2023-06-21 22:00:00,0.0
2023-06-21 23:00:00,0.0
2023-06-22 00:00:00,0.0
2023-06-22 01:00:00,0.0
2023-06-22 02:00:00,0.0
2023-06-22 03:00:00,0.0
2023-06-22 04:00:00,0.0
2023-06-22 05:00:00,0.0
2023-06-22 06:00:00,0.0
2023-06-22 07:00:00,0.0
2023-06-22 08:00:00,0.0
2023-06-22 09:00:00,0.0
2023-06-22 10:00:00,0.0
2023-06-22 11:00:00,65.575
2023-06-22 12:00:00,278.500005
2023-06-22 13:00:00,484.1
2023-06-22 14:00:00,645.4000100000001
2023-06-22 15:00:00,747.7
2023-06-22 16:00:00,780.95
2023-06-22 17:00:00,742.8000099999999
2023-06-22 18:00:00,635.5250100000001
2023-06-22 19:00:00,470.425005
2023-06-22 20:00:00,263.25
2023-06-22 21:00:00,35.97500125
2023-06-22 22:00:00,0.0
2023-06-22 23:00:00,0.0
2023-06-23 00:00:00,0.0
2023-06-23 01:00:00,0.0
2023-06-23 02:00:00,0.0
2023-06-23 03:00:00,0.0
2023-06-23 04:00:00,0.0
2023-06-23 05:00:00,0.0
2023-06-23 06:00:00,0.0
2023-06-23 07:00:00,0.0
2023-06-23 08:00:00,0.0
2023-06-23 09:00:00,0.0
2023-06-23 10:00:00,0.0
2023-06-23 11:00:00,66.55
2023-06-23 12:00:00,285.7750025
2023-06-23 13:00:00,495.550005
2023-06-23 14:00:00,660.45
2023-06-23 15:00:00,765.0
2023-06-23 16:00:00,798.75
2023-06-23 17:00:00,760.1
2023-06-23 18:00:00,652.2
2023-06-23 19:00:00,483.75
2023-06-23 20:00:00,271.750005
2023-06-23 21:00:00,57.2500025
2023-06-23 22:00:00,0.0
2023-06-23 23:00:00,0.0
2023-06-24 00:00:00,0.0
2023-06-24 01:00:00,0.0
2023-06-24 02:00:00,0.0
2023-06-24 03:00:00,0.0
2023-06-24 04:00:00,0.0
2023-06-24 05:00:00,0.0
2023-06-24 06:00:00,0.0
2023-06-24 07:00:00,0.0
2023-06-24 08:00:00,0.0
2023-06-24 09:00:00,0.0
2023-06-24 10:00:00,0.0
2023-06-24 11:00:00,66.45
2023-06-24 12:00:00,281.650005
2023-06-24 13:00:00,489.32500500000003
2023-06-24 14:00:00,651.35
2023-06-24 15:00:00,752.8000099999999
2023-06-24 16:00:00,785.2750100000001
2023-06-24 17:00:00,746.4749999999999
2023-06-24 18:00:00,641.0500099999999
2023-06-24 19:00:00,475.95001
2023-06-24 20:00:00,266.9250075
2023-06-24 21:00:00,56.10000025
2023-06-24 22:00:00,0.0
2023-06-24 23:00:00,0.0
2023-06-25 00:00:00,0.0
2023-06-25 01:00:00,0.0
2023-06-25 02:00:00,0.0
2023-06-25 03:00:00,0.0
2023-06-25 04:00:00,0.0
2023-06-25 05:00:00,0.0
2023-06-25 06:00:00,0.0
2023-06-25 07:00:00,0.0
2023-06-25 08:00:00,0.0
2023-06-25 09:00:00,0.0
2023-06-25 10:00:00,0.0
2023-06-25 11:00:00,65.22500375
2023-06-25 12:00:00,272.35
2023-06-25 13:00:00,479.950005
2023-06-25 14:00:00,644.05002
2023-06-25 15:00:00,748.25003
2023-06-25 16:00:00,783.4000100000001
2023-06-25 17:00:00,746.4750200000001
2023-06-25 18:00:00,641.0
2023-06-25 19:00:00,474.75
2023-06-25 20:00:00,264.975
2023-06-25 21:00:00,55.37500125
2023-06-25 22:00:00,0.0
2023-06-25 23:00:00,0.0
2023-06-26 00:00:00,0.0
2023-06-26 01:00:00,0.0
2023-06-26 02:00:00,0.0
2023-06-26 03:00:00,0.0
2023-06-26 04:00:00,0.0
2023-06-26 05:00:00,0.0
2023-06-26 06:00:00,0.0
2023-06-26 07:00:00,0.0
2023-06-26 08:00:00,0.0
2023-06-26 09:00:00,0.0
2023-06-26 10:00:00,0.0
2023-06-26 11:00:00,62.67500125000001
2023-06-26 12:00:00,277.425005
2023-06-26 13:00:00,488.20000500000003
2023-06-26 14:00:00,653.92503
2023-06-26 15:00:00,760.15
2023-06-26 16:00:00,796.17502
2023-06-26 17:00:00,759.20001
2023-06-26 18:00:00,653.45
2023-06-26 19:00:00,485.250015
2023-06-26 20:00:00,272.4
2023-06-26 21:00:00,57.9
2023-06-26 22:00:00,0.0
2023-06-26 23:00:00,0.0
2023-06-27 00:00:00,0.0
2023-06-27 01:00:00,0.0
2023-06-27 02:00:00,0.0
2023-06-27 03:00:00,0.0
2023-06-27 04:00:00,0.0
2023-06-27 05:00:00,0.0
2023-06-27 06:00:00,0.0
2023-06-27 07:00:00,0.0
2023-06-27 08:00:00,0.0
2023-06-27 09:00:00,0.0
2023-06-27 10:00:00,0.0
2023-06-27 11:00:00,62.450002500000004
2023-06-27 12:00:00,279.000005
2023-06-27 13:00:00,490.375
2023-06-27 14:00:00,657.3000099999999
2023-06-27 15:00:00,764.32501
2023-06-27 16:00:00,800.47501
2023-06-27 17:00:00,763.875
2023-06-27 18:00:00,658.5500099999999
2023-06-27 19:00:00,489.65
2023-06-27 20:00:00,275.95000500000003
2023-06-27 21:00:00,59.47500025
2023-06-27 22:00:00,0.0
2023-06-27 23:00:00,0.0
2023-06-28 00:00:00,0.0
2023-06-28 01:00:00,0.0
2023-06-28 02:00:00,0.0
2023-06-28 03:00:00,0.0
2023-06-28 04:00:00,0.0
2023-06-28 05:00:00,0.0
2023-06-28 06:00:00,0.0
2023-06-28 07:00:00,0.0
2023-06-28 08:00:00,0.0
2023-06-28 09:00:00,0.0
2023-06-28 10:00:00,0.0
2023-06-28 11:00:00,65.1
2023-06-28 12:00:00,288.9250025
2023-06-28 13:00:00,500.50001
2023-06-28 14:00:00,664.25002
2023-06-28 15:00:00,763.725
2023-06-28 16:00:00,792.47501
2023-06-28 17:00:00,751.9749999999999
2023-06-28 18:00:00,646.32502
2023-06-28 19:00:00,482.35
2023-06-28 20:00:00,274.25
2023-06-28 21:00:00,60.175
2023-06-28 22:00:00,0.0
2023-06-28 23:00:00,0.0
2023-06-29 00:00:00,0.0
2023-06-29 01:00:00,0.0
2023-06-29 02:00:00,0.0
2023-06-29 03:00:00,0.0
2023-06-29 04:00:00,0.0
2023-06-29 05:00:00,0.0
2023-06-29 06:00:00,0.0
2023-06-29 07:00:00,0.0
2023-06-29 08:00:00,0.0
2023-06-29 09:00:00,0.0
2023-06-29 10:00:00,0.0
2023-06-29 11:00:00,63.5
2023-06-29 12:00:00,275.425
2023-06-29 13:00:00,481.850015
2023-06-29 14:00:00,644.85001
2023-06-29 15:00:00,749.07501
2023-06-29 16:00:00,785.40001
2023-06-29 17:00:00,750.8
2023-06-29 18:00:00,648.5
2023-06-29 19:00:00,484.8
2023-06-29 20:00:00,275.900005
2023-06-29 21:00:00,61.05000125
2023-06-29 22:00:00,0.0
2023-06-29 23:00:00,0.0
2023-06-30 00:00:00,0.0
2023-06-30 01:00:00,0.0
2023-06-30 02:00:00,0.0
2023-06-30 03:00:00,0.0
2023-06-30 04:00:00,0.0
2023-06-30 05:00:00,0.0
2023-06-30 06:00:00,0.0
2023-06-30 07:00:00,0.0
2023-06-30 08:00:00,0.0
2023-06-30 09:00:00,0.0
2023-06-30 10:00:00,0.0
2023-06-30 11:00:00,64.32499999999999
2023-06-30 12:00:00,280.8000025
2023-06-30 13:00:00,491.77501
2023-06-30 14:00:00,658.3
2023-06-30 15:00:00,765.7249999999999
2023-06-30 16:00:00,802.50001
2023-06-30 17:00:00,766.4250099999999
2023-06-30 18:00:00,660.825
2023-06-30 19:00:00,493.600005
2023-06-30 20:00:00,281.4
2023-06-30 21:00:00,62.525
2023-06-30 22:00:00,0.0
2023-06-30 23:00:00,0.0
2023-07-01 00:00:00,0.0
2023-07-01 01:00:00,0.0
2023-07-01 02:00:00,0.0
2023-07-01 03:00:00,0.0
2023-07-01 04:00:00,0.0
2023-07-01 05:00:00,0.0
2023-07-01 06:00:00,0.0
2023-07-01 07:00:00,0.0
2023-07-01 08:00:00,0.0
2023-07-01 09:00:00,0.0
2023-07-01 10:00:00,0.0
2023-07-01 11:00:00,64.5250025
2023-07-01 12:00:00,285.250005
2023-07-01 13:00:00,498.60001
2023-07-01 14:00:00,666.925
2023-07-01 15:00:00,773.725
2023-07-01 16:00:00,809.525
2023-07-01 17:00:00,772.10001
2023-07-01 18:00:00,665.80001
2023-07-01 19:00:00,497.775
2023-07-01 20:00:00,283.9750025
2023-07-01 21:00:00,62.675002500000005
2023-07-01 22:00:00,0.0
2023-07-01 23:00:00,0.0
2023-07-02 00:00:00,0.0
2023-07-02 01:00:00,0.0
2023-07-02 02:00:00,0.0
2023-07-02 03:00:00,0.0
2023-07-02 04:00:00,0.0
2023-07-02 05:00:00,0.0
2023-07-02 06:00:00,0.0
2023-07-02 07:00:00,0.0
2023-07-02 08:00:00,0.0
2023-07-02 09:00:00,0.0
2023-07-02 10:00:00,0.0
2023-07-02 11:00:00,63.50000250000001
2023-07-02 12:00:00,286.775
2023-07-02 13:00:00,500.32501
2023-07-02 14:00:00,668.2750100000001
2023-07-02 15:00:00,774.47501
2023-07-02 16:00:00,811.22504
2023-07-02 17:00:00,773.875
2023-07-02 18:00:00,665.775
2023-07-02 19:00:00,497.32500500000003
2023-07-02 20:00:00,284.12500750000004
2023-07-02 21:00:00,63.40000025
2023-07-02 22:00:00,0.0
2023-07-02 23:00:00,0.0
2023-07-03 00:00:00,0.0
2023-07-03 01:00:00,0.0
2023-07-03 02:00:00,0.0
2023-07-03 03:00:00,0.0
2023-07-03 04:00:00,0.0
2023-07-03 05:00:00,0.0
2023-07-03 06:00:00,0.0
2023-07-03 07:00:00,0.0
2023-07-03 08:00:00,0.0
2023-07-03 09:00:00,0.0
2023-07-03 10:00:00,0.0
2023-07-03 11:00:00,63.60000049999999
2023-07-03 12:00:00,282.175
2023-07-03 13:00:00,493.79999999999995
2023-07-03 14:00:00,660.6500100000001
2023-07-03 15:00:00,767.1500100000001
2023-07-03 16:00:00,804.1500100000001
2023-07-03 17:00:00,768.42503
2023-07-03 18:00:00,662.57502
2023-07-03 19:00:00,495.65
2023-07-03 20:00:00,283.675
2023-07-03 21:00:00,63.8750025
2023-07-03 22:00:00,0.0
2023-07-03 23:00:00,0.0
2023-07-04 00:00:00,0.0
2023-07-04 01:00:00,0.0
2023-07-04 02:00:00,0.0
2023-07-04 03:00:00,0.0
2023-07-04 04:00:00,0.0
2023-07-04 05:00:00,0.0
2023-07-04 06:00:00,0.0
2023-07-04 07:00:00,0.0
2023-07-04 08:00:00,0.0
2023-07-04 09:00:00,0.0
2023-07-04 10:00:00,0.0
2023-07-04 11:00:00,63.47500025
2023-07-04 12:00:00,281.65
2023-07-04 13:00:00,494.15002000000004
2023-07-04 14:00:00,662.77502
2023-07-04 15:00:00,771.37502
2023-07-04 16:00:00,810.125
2023-07-04 17:00:00,773.35001
2023-07-04 18:00:00,666.075
2023-07-04 19:00:00,496.8
2023-07-04 20:00:00,284.55
2023-07-04 21:00:00,64.77500125
2023-07-04 22:00:00,0.0
2023-07-04 23:00:00,0.0
2023-07-05 00:00:00,0.0
2023-07-05 01:00:00,0.0
2023-07-05 02:00:00,0.0
2023-07-05 03:00:00,0.0
2023-07-05 04:00:00,0.0
2023-07-05 05:00:00,0.0
2023-07-05 06:00:00,0.0
2023-07-05 07:00:00,0.0
2023-07-05 08:00:00,0.0
2023-07-05 09:00:00,0.0
2023-07-05 10:00:00,0.0
2023-07-05 11:00:00,64.0
2023-07-05 12:00:00,284.3250075
2023-07-05 13:00:00,496.97501
2023-07-05 14:00:00,664.62501
2023-07-05 15:00:00,772.52501
2023-07-05 16:00:00,810.15001
2023-07-05 17:00:00,775.55002
2023-07-05 18:00:00,671.2
2023-07-05 19:00:00,504.025
2023-07-05 20:00:00,290.7000075
2023-07-05 21:00:00,67.35
2023-07-05 22:00:00,0.0
2023-07-05 23:00:00,0.0
2023-07-06 00:00:00,0.0
2023-07-06 01:00:00,0.0
2023-07-06 02:00:00,0.0
2023-07-06 03:00:00,0.0
2023-07-06 04:00:00,0.0
2023-07-06 05:00:00,0.0
2023-07-06 06:00:00,0.0
2023-07-06 07:00:00,0.0
2023-07-06 08:00:00,0.0
2023-07-06 09:00:00,0.0
2023-07-06 10:00:00,0.0
2023-07-06 11:00:00,49.125
2023-07-06 12:00:00,284.5
2023-07-06 13:00:00,500.95
2023-07-06 14:00:00,669.27501
2023-07-06 15:00:00,776.875
2023-07-06 16:00:00,814.025
2023-07-06 17:00:00,777.60001
2023-07-06 18:00:00,670.75
2023-07-06 19:00:00,502.82500500000003
2023-07-06 20:00:00,290.9500075
2023-07-06 21:00:00,68.4000025
2023-07-06 22:00:00,0.0
2023-07-06 23:00:00,0.0
2023-07-07 00:00:00,0.0
2023-07-07 01:00:00,0.0
2023-07-07 02:00:00,0.0
2023-07-07 03:00:00,0.0
2023-07-07 04:00:00,0.0
2023-07-07 05:00:00,0.0
2023-07-07 06:00:00,0.0
2023-07-07 07:00:00,0.0
2023-07-07 08:00:00,0.0
2023-07-07 09:00:00,0.0
2023-07-07 10:00:00,0.0
2023-07-07 11:00:00,63.0
2023-07-07 12:00:00,286.80001000000004
2023-07-07 13:00:00,499.42501000000004
2023-07-07 14:00:00,667.20001
2023-07-07 15:00:00,775.87501
2023-07-07 16:00:00,814.3
2023-07-07 17:00:00,778.025
2023-07-07 18:00:00,669.10002
2023-07-07 19:00:00,501.225
2023-07-07 20:00:00,289.9250025
2023-07-07 21:00:00,59.6000025
2023-07-07 22:00:00,0.0
2023-07-07 23:00:00,0.0
2023-07-08 00:00:00,0.0
2023-07-08 01:00:00,0.0
2023-07-08 02:00:00,0.0
2023-07-08 03:00:00,0.0
2023-07-08 04:00:00,0.0
2023-07-08 05:00:00,0.0
2023-07-08 06:00:00,0.0
2023-07-08 07:00:00,0.0
2023-07-08 08:00:00,0.0
2023-07-08 09:00:00,0.0
2023-07-08 10:00:00,0.0
2023-07-08 11:00:00,65.1250005
2023-07-08 12:00:00,278.725005
2023-07-08 13:00:00,494.750005
2023-07-08 14:00:00,667.9
2023-07-08 15:00:00,775.775
2023-07-08 16:00:00,813.70001
2023-07-08 17:00:00,777.875
2023-07-08 18:00:00,671.725
2023-07-08 19:00:00,505.175
2023-07-08 20:00:00,293.7
2023-07-08 21:00:00,70.42500125000001
2023-07-08 22:00:00,0.0
2023-07-08 23:00:00,0.0
2023-07-09 00:00:00,0.0
2023-07-09 01:00:00,0.0
2023-07-09 02:00:00,0.0
2023-07-09 03:00:00,0.0
2023-07-09 04:00:00,0.0
2023-07-09 05:00:00,0.0
2023-07-09 06:00:00,0.0
2023-07-09 07:00:00,0.0
2023-07-09 08:00:00,0.0
2023-07-09 09:00:00,0.0
2023-07-09 10:00:00,0.0
2023-07-09 11:00:00,64.4750025
2023-07-09 12:00:00,282.200005
2023-07-09 13:00:00,498.67502
2023-07-09 14:00:00,668.55
2023-07-09 15:00:00,777.2750100000001
2023-07-09 16:00:00,815.4
2023-07-09 17:00:00,780.32502
2023-07-09 18:00:00,674.60001
2023-07-09 19:00:00,507.525015
2023-07-09 20:00:00,295.275
2023-07-09 21:00:00,69.175
2023-07-09 22:00:00,0.0
2023-07-09 23:00:00,0.0
2023-07-10 00:00:00,0.0
2023-07-10 01:00:00,0.0
2023-07-10 02:00:00,0.0
2023-07-10 03:00:00,0.0
2023-07-10 04:00:00,0.0
2023-07-10 05:00:00,0.0
2023-07-10 06:00:00,0.0
2023-07-10 07:00:00,0.0
2023-07-10 08:00:00,0.0
2023-07-10 09:00:00,0.0
2023-07-10 10:00:00,0.0
2023-07-10 11:00:00,65.1000005
2023-07-10 12:00:00,284.82500500000003
2023-07-10 13:00:00,499.80001000000004
2023-07-10 14:00:00,669.85001
2023-07-10 15:00:00,778.45
2023-07-10 16:00:00,816.45001
2023-07-10 17:00:00,780.95001
2023-07-10 18:00:00,675.05
2023-07-10 19:00:00,505.600005
2023-07-10 20:00:00,294.500005
2023-07-10 21:00:00,69.39999999999999
2023-07-10 22:00:00,0.0
2023-07-10 23:00:00,0.0
2023-07-11 00:00:00,0.0
2023-07-11 01:00:00,0.0
2023-07-11 02:00:00,0.0
2023-07-11 03:00:00,0.0
2023-07-11 04:00:00,0.0
2023-07-11 05:00:00,0.0
2023-07-11 06:00:00,0.0
2023-07-11 07:00:00,0.0
2023-07-11 08:00:00,0.0
2023-07-11 09:00:00,0.0
2023-07-11 10:00:00,0.0
2023-07-11 11:00:00,63.2
2023-07-11 12:00:00,279.725005
2023-07-11 13:00:00,489.550005
2023-07-11 14:00:00,655.725
2023-07-11 15:00:00,762.4
2023-07-11 16:00:00,801.45
2023-07-11 17:00:00,767.12501
2023-07-11 18:00:00,662.07501
2023-07-11 19:00:00,497.82500500000003
2023-07-11 20:00:00,289.025005
2023-07-11 21:00:00,70.800003
2023-07-11 22:00:00,0.0
2023-07-11 23:00:00,0.0
2023-07-12 00:00:00,0.0
2023-07-12 01:00:00,0.0
2023-07-12 02:00:00,0.0
2023-07-12 03:00:00,0.0
2023-07-12 04:00:00,0.0
2023-07-12 05:00:00,0.0
2023-07-12 06:00:00,0.0
2023-07-12 07:00:00,0.0
2023-07-12 08:00:00,0.0
2023-07-12 09:00:00,0.0
2023-07-12 10:00:00,0.0
2023-07-12 11:00:00,65.82500250000001
2023-07-12 12:00:00,288.675005
2023-07-12 13:00:00,505.09999999999997
2023-07-12 14:00:00,676.325
2023-07-12 15:00:00,784.22502
2023-07-12 16:00:00,826.45001
2023-07-12 17:00:00,797.22502
2023-07-12 18:00:00,692.50001
2023-07-12 19:00:00,523.850015
2023-07-12 20:00:00,307.5
2023-07-12 21:00:00,78.00000125
2023-07-12 22:00:00,0.0
2023-07-12 23:00:00,0.0
2023-07-13 00:00:00,0.0
2023-07-13 01:00:00,0.0
2023-07-13 02:00:00,0.0
2023-07-13 03:00:00,0.0
2023-07-13 04:00:00,0.0
2023-07-13 05:00:00,0.0
2023-07-13 06:00:00,0.0
2023-07-13 07:00:00,0.0
2023-07-13 08:00:00,0.0
2023-07-13 09:00:00,0.0
2023-07-13 10:00:00,0.0
2023-07-13 11:00:00,67.8500025
2023-07-13 12:00:00,293.325
2023-07-13 13:00:00,509.30001
2023-07-13 14:00:00,679.5250100000001
2023-07-13 15:00:00,788.9250099999999
2023-07-13 16:00:00,827.75001
2023-07-13 17:00:00,793.37503
2023-07-13 18:00:00,686.0250100000001
2023-07-13 19:00:00,518.2
2023-07-13 20:00:00,304.850015
2023-07-13 21:00:00,77.6000005
2023-07-13 22:00:00,0.0
2023-07-13 23:00:00,0.0
2023-07-14 00:00:00,0.0
2023-07-14 01:00:00,0.0
2023-07-14 02:00:00,0.0
2023-07-14 03:00:00,0.0
2023-07-14 04:00:00,0.0
2023-07-14 05:00:00,0.0
2023-07-14 06:00:00,0.0
2023-07-14 07:00:00,0.0
2023-07-14 08:00:00,0.0
2023-07-14 09:00:00,0.0
2023-07-14 10:00:00,0.0
2023-07-14 11:00:00,66.8
2023-07-14 12:00:00,287.725005
2023-07-14 13:00:00,502.550005
2023-07-14 14:00:00,672.35001
2023-07-14 15:00:00,781.75002
2023-07-14 16:00:00,820.05
2023-07-14 17:00:00,783.97502
2023-07-14 18:00:00,679.2750100000001
2023-07-14 19:00:00,513.325005
2023-07-14 20:00:00,301.8000025
2023-07-14 21:00:00,74.025
2023-07-14 22:00:00,0.0
2023-07-14 23:00:00,0.0
2023-07-15 00:00:00,0.0
2023-07-15 01:00:00,0.0
2023-07-15 02:00:00,0.0
2023-07-15 03:00:00,0.0
2023-07-15 04:00:00,0.0
2023-07-15 05:00:00,0.0
2023-07-15 06:00:00,0.0
2023-07-15 07:00:00,0.0
2023-07-15 08:00:00,0.0
2023-07-15 09:00:00,0.0
2023-07-15 10:00:00,0.0
2023-07-15 11:00:00,67.2500005
2023-07-15 12:00:00,290.275
2023-07-15 13:00:00,504.225005
2023-07-15 14:00:00,673.125
2023-07-15 15:00:00,772.70001
2023-07-15 16:00:00,821.85002
2023-07-15 17:00:00,788.07502
2023-07-15 18:00:00,683.45002
2023-07-15 19:00:00,516.4250000000001
2023-07-15 20:00:00,303.65
2023-07-15 21:00:00,78.425
2023-07-15 22:00:00,0.0
2023-07-15 23:00:00,0.0
2023-07-16 00:00:00,0.0
2023-07-16 01:00:00,0.0
2023-07-16 02:00:00,0.0
2023-07-16 03:00:00,0.0
2023-07-16 04:00:00,0.0
2023-07-16 05:00:00,0.0
2023-07-16 06:00:00,0.0
2023-07-16 07:00:00,0.0
2023-07-16 08:00:00,0.0
2023-07-16 09:00:00,0.0
2023-07-16 10:00:00,0.0
2023-07-16 11:00:00,67.55000425
2023-07-16 12:00:00,290.5000125
2023-07-16 13:00:00,504.90000499999996
2023-07-16 14:00:00,674.675
2023-07-16 15:00:00,784.0500099999999
2023-07-16 16:00:00,823.55001
2023-07-16 17:00:00,772.8000099999999
2023-07-16 18:00:00,665.25002
2023-07-16 19:00:00,453.600005
2023-07-16 20:00:00,199.22500125
2023-07-16 21:00:00,43.5
2023-07-16 22:00:00,0.0
2023-07-16 23:00:00,0.0
2023-07-17 00:00:00,0.0
2023-07-17 01:00:00,0.0
2023-07-17 02:00:00,0.0
2023-07-17 03:00:00,0.0
2023-07-17 04:00:00,0.0
2023-07-17 05:00:00,0.0
2023-07-17 06:00:00,0.0
2023-07-17 07:00:00,0.0
2023-07-17 08:00:00,0.0
2023-07-17 09:00:00,0.0
2023-07-17 10:00:00,0.0
2023-07-17 11:00:00,66.65
2023-07-17 12:00:00,284.32501
2023-07-17 13:00:00,496.625005
2023-07-17 14:00:00,664.775
2023-07-17 15:00:00,772.20002
2023-07-17 16:00:00,796.32501
2023-07-17 17:00:00,748.95
2023-07-17 18:00:00,672.60002
2023-07-17 19:00:00,455.87501
2023-07-17 20:00:00,262.15
2023-07-17 21:00:00,38.4
2023-07-17 22:00:00,0.0
2023-07-17 23:00:00,0.0
2023-07-18 00:00:00,0.0
2023-07-18 01:00:00,0.0
2023-07-18 02:00:00,0.0
2023-07-18 03:00:00,0.0
2023-07-18 04:00:00,0.0
2023-07-18 05:00:00,0.0
2023-07-18 06:00:00,0.0
2023-07-18 07:00:00,0.0
2023-07-18 08:00:00,0.0
2023-07-18 09:00:00,0.0
2023-07-18 10:00:00,0.0
2023-07-18 11:00:00,71.32500300000001
2023-07-18 12:00:00,299.57500500000003
2023-07-18 13:00:00,518.25
2023-07-18 14:00:00,691.27501
2023-07-18 15:00:00,802.37501
2023-07-18 16:00:00,841.87502
2023-07-18 17:00:00,805.6500100000001
2023-07-18 18:00:00,699.07501
2023-07-18 19:00:00,530.3
2023-07-18 20:00:00,315.150005
2023-07-18 21:00:00,84.675
2023-07-18 22:00:00,0.0
2023-07-18 23:00:00,0.0
2023-07-19 00:00:00,0.0
2023-07-19 01:00:00,0.0
2023-07-19 02:00:00,0.0
2023-07-19 03:00:00,0.0
2023-07-19 04:00:00,0.0
2023-07-19 05:00:00,0.0
2023-07-19 06:00:00,0.0
2023-07-19 07:00:00,0.0
2023-07-19 08:00:00,0.0
2023-07-19 09:00:00,0.0
2023-07-19 10:00:00,0.0
2023-07-19 11:00:00,70.125
2023-07-19 12:00:00,292.150005
2023-07-19 13:00:00,506.02501
2023-07-19 14:00:00,675.90003
2023-07-19 15:00:00,783.925
2023-07-19 16:00:00,822.675
2023-07-19 17:00:00,788.72501
2023-07-19 18:00:00,684.60001
2023-07-19 19:00:00,519.12501
2023-07-19 20:00:00,238.400005
2023-07-19 21:00:00,40.87500125
2023-07-19 22:00:00,0.0
2023-07-19 23:00:00,0.0
2023-07-20 00:00:00,0.0
2023-07-20 01:00:00,0.0
2023-07-20 02:00:00,0.0
2023-07-20 03:00:00,0.0
2023-07-20 04:00:00,0.0
2023-07-20 05:00:00,0.0
2023-07-20 06:00:00,0.0
2023-07-20 07:00:00,0.0
2023-07-20 08:00:00,0.0
2023-07-20 09:00:00,0.0
2023-07-20 10:00:00,0.0
2023-07-20 11:00:00,69.5250005
2023-07-20 12:00:00,289.300005
2023-07-20 13:00:00,505.350005
2023-07-20 14:00:00,675.5250100000001
2023-07-20 15:00:00,786.25001
2023-07-20 16:00:00,824.07501
2023-07-20 17:00:00,793.6
2023-07-20 18:00:00,691.475
2023-07-20 19:00:00,526.2
2023-07-20 20:00:00,313.925005
2023-07-20 21:00:00,59.02500125
2023-07-20 22:00:00,0.0
2023-07-20 23:00:00,0.0
2023-07-21 00:00:00,0.0
2023-07-21 01:00:00,0.0
2023-07-21 02:00:00,0.0
2023-07-21 03:00:00,0.0
2023-07-21 04:00:00,0.0
2023-07-21 05:00:00,0.0
2023-07-21 06:00:00,0.0
2023-07-21 07:00:00,0.0
2023-07-21 08:00:00,0.0
2023-07-21 09:00:00,0.0
2023-07-21 10:00:00,0.0
2023-07-21 11:00:00,70.82499999999999
2023-07-21 12:00:00,285.1000075
2023-07-21 13:00:00,499.67499999999995
2023-07-21 14:00:00,670.80002
2023-07-21 15:00:00,780.775
2023-07-21 16:00:00,821.07501
2023-07-21 17:00:00,787.9
2023-07-21 18:00:00,682.85001
2023-07-21 19:00:00,515.87501
2023-07-21 20:00:00,303.775005
2023-07-21 21:00:00,81.25000175
2023-07-21 22:00:00,0.0
2023-07-21 23:00:00,0.0
2023-07-22 00:00:00,0.0
2023-07-22 01:00:00,0.0
2023-07-22 02:00:00,0.0
2023-07-22 03:00:00,0.0
2023-07-22 04:00:00,0.0
2023-07-22 05:00:00,0.0
2023-07-22 06:00:00,0.0
2023-07-22 07:00:00,0.0
2023-07-22 08:00:00,0.0
2023-07-22 09:00:00,0.0
2023-07-22 10:00:00,0.0
2023-07-22 11:00:00,67.19999999999999
2023-07-22 12:00:00,293.650005
2023-07-22 13:00:00,509.55001500000003
2023-07-22 14:00:00,680.9250099999999
2023-07-22 15:00:00,793.7
2023-07-22 16:00:00,833.725
2023-07-22 17:00:00,799.02503
2023-07-22 18:00:00,694.37502
2023-07-22 19:00:00,527.925005
2023-07-22 20:00:00,315.6
2023-07-22 21:00:00,88.7
2023-07-22 22:00:00,0.0
2023-07-22 23:00:00,0.0
2023-07-23 00:00:00,0.0
2023-07-23 01:00:00,0.0
2023-07-23 02:00:00,0.0
2023-07-23 03:00:00,0.0
2023-07-23 04:00:00,0.0
2023-07-23 05:00:00,0.0
2023-07-23 06:00:00,0.0
2023-07-23 07:00:00,0.0
2023-07-23 08:00:00,0.0
2023-07-23 09:00:00,0.0
2023-07-23 10:00:00,0.0
2023-07-23 11:00:00,74.4250025
2023-07-23 12:00:00,296.65
2023-07-23 13:00:00,512.92502
2023-07-23 14:00:00,684.60001
2023-07-23 15:00:00,794.8
2023-07-23 16:00:00,835.07501
2023-07-23 17:00:00,801.9
2023-07-23 18:00:00,698.30002
2023-07-23 19:00:00,530.95
2023-07-23 20:00:00,316.375
2023-07-23 21:00:00,87.80000050000001
2023-07-23 22:00:00,0.0
2023-07-23 23:00:00,0.0
2023-07-24 00:00:00,0.0
2023-07-24 01:00:00,0.0
2023-07-24 02:00:00,0.0
2023-07-24 03:00:00,0.0
2023-07-24 04:00:00,0.0
2023-07-24 05:00:00,0.0
2023-07-24 06:00:00,0.0
2023-07-24 07:00:00,0.0
2023-07-24 08:00:00,0.0
2023-07-24 09:00:00,0.0
2023-07-24 10:00:00,0.0
2023-07-24 11:00:00,75.100000025
2023-07-24 12:00:00,303.050005
2023-07-24 13:00:00,521.425
2023-07-24 14:00:00,695.32501
2023-07-24 15:00:00,809.10001
2023-07-24 16:00:00,849.875
2023-07-24 17:00:00,814.7
2023-07-24 18:00:00,707.50001
2023-07-24 19:00:00,538.400005
2023-07-24 20:00:00,323.7250025
2023-07-24 21:00:00,88.525
2023-07-24 22:00:00,0.0
2023-07-24 23:00:00,0.0
2023-07-25 00:00:00,0.0
2023-07-25 01:00:00,0.0
2023-07-25 02:00:00,0.0
2023-07-25 03:00:00,0.0
2023-07-25 04:00:00,0.0
2023-07-25 05:00:00,0.0
2023-07-25 06:00:00,0.0
2023-07-25 07:00:00,0.0
2023-07-25 08:00:00,0.0
2023-07-25 09:00:00,0.0
2023-07-25 10:00:00,0.0
2023-07-25 11:00:00,77.32499999999999
2023-07-25 12:00:00,308.0250075
2023-07-25 13:00:00,525.45
2023-07-25 14:00:00,696.25001
2023-07-25 15:00:00,806.12501
2023-07-25 16:00:00,845.7750100000001
2023-07-25 17:00:00,810.82501
2023-07-25 18:00:00,705.1
2023-07-25 19:00:00,538.05
2023-07-25 20:00:00,325.1
2023-07-25 21:00:00,91.125
2023-07-25 22:00:00,0.0
2023-07-25 23:00:00,0.0
2023-07-26 00:00:00,0.0
2023-07-26 01:00:00,0.0
2023-07-26 02:00:00,0.0
2023-07-26 03:00:00,0.0
2023-07-26 04:00:00,0.0
2023-07-26 05:00:00,0.0
2023-07-26 06:00:00,0.0
2023-07-26 07:00:00,0.0
2023-07-26 08:00:00,0.0
2023-07-26 09:00:00,0.0
2023-07-26 10:00:00,0.0
2023-07-26 11:00:00,77.725
2023-07-26 12:00:00,304.225
2023-07-26 13:00:00,521.32501
2023-07-26 14:00:00,693.85001
2023-07-26 15:00:00,805.75
2023-07-26 16:00:00,847.07501
2023-07-26 17:00:00,813.92501
2023-07-26 18:00:00,709.475
2023-07-26 19:00:00,541.05001
2023-07-26 20:00:00,325.5250075
2023-07-26 21:00:00,93.92500375
2023-07-26 22:00:00,0.0
2023-07-26 23:00:00,0.0
2023-07-27 00:00:00,0.0
2023-07-27 01:00:00,0.0
2023-07-27 02:00:00,0.0
2023-07-27 03:00:00,0.0
2023-07-27 04:00:00,0.0
2023-07-27 05:00:00,0.0
2023-07-27 06:00:00,0.0
2023-07-27 07:00:00,0.0
2023-07-27 08:00:00,0.0
2023-07-27 09:00:00,0.0
2023-07-27 10:00:00,0.0
2023-07-27 11:00:00,77.2250005
2023-07-27 12:00:00,303.150005
2023-07-27 13:00:00,519.45
2023-07-27 14:00:00,692.025
2023-07-27 15:00:00,805.35001
2023-07-27 16:00:00,845.62501
2023-07-27 17:00:00,810.35001
2023-07-27 18:00:00,705.1
2023-07-27 19:00:00,540.6000300000001
2023-07-27 20:00:00,327.750005
2023-07-27 21:00:00,96.95000025
2023-07-27 22:00:00,0.0
2023-07-27 23:00:00,0.0
2023-07-28 00:00:00,0.0
2023-07-28 01:00:00,0.0
2023-07-28 02:00:00,0.0
2023-07-28 03:00:00,0.0
2023-07-28 04:00:00,0.0
2023-07-28 05:00:00,0.0
2023-07-28 06:00:00,0.0
2023-07-28 07:00:00,0.0
2023-07-28 08:00:00,0.0
2023-07-28 09:00:00,0.0
2023-07-28 10:00:00,0.0
2023-07-28 11:00:00,79.75
2023-07-28 12:00:00,303.300005
2023-07-28 13:00:00,519.200005
2023-07-28 14:00:00,691.1750099999999
2023-07-28 15:00:00,802.8499999999999
2023-07-28 16:00:00,844.15
2023-07-28 17:00:00,810.825
2023-07-28 18:00:00,706.50001
2023-07-28 19:00:00,539.77502
2023-07-28 20:00:00,325.800005
2023-07-28 21:00:00,96.52499999999999
2023-07-28 22:00:00,0.0
2023-07-28 23:00:00,0.0
2023-07-29 00:00:00,0.0
2023-07-29 01:00:00,0.0
2023-07-29 02:00:00,0.0
2023-07-29 03:00:00,0.0
2023-07-29 04:00:00,0.0
2023-07-29 05:00:00,0.0
2023-07-29 06:00:00,0.0
2023-07-29 07:00:00,0.0
2023-07-29 08:00:00,0.0
2023-07-29 09:00:00,0.0
2023-07-29 10:00:00,0.0
2023-07-29 11:00:00,82.40000425
2023-07-29 12:00:00,313.375005
2023-07-29 13:00:00,532.975005
2023-07-29 14:00:00,707.07502
2023-07-29 15:00:00,820.00001
2023-07-29 16:00:00,861.52501
2023-07-29 17:00:00,828.30002
2023-07-29 18:00:00,723.125
2023-07-29 19:00:00,554.52502
2023-07-29 20:00:00,337.475
2023-07-29 21:00:00,101.9
2023-07-29 22:00:00,0.0
2023-07-29 23:00:00,0.0
2023-07-30 00:00:00,0.0
2023-07-30 01:00:00,0.0
2023-07-30 02:00:00,0.0
2023-07-30 03:00:00,0.0
2023-07-30 04:00:00,0.0
2023-07-30 05:00:00,0.0
2023-07-30 06:00:00,0.0
2023-07-30 07:00:00,0.0
2023-07-30 08:00:00,0.0
2023-07-30 09:00:00,0.0
2023-07-30 10:00:00,0.0
2023-07-30 11:00:00,86.350000575
2023-07-30 12:00:00,318.1250025
2023-07-30 13:00:00,540.325
2023-07-30 14:00:00,716.12501
2023-07-30 15:00:00,829.22502
2023-07-30 16:00:00,870.00001
2023-07-30 17:00:00,835.025
2023-07-30 18:00:00,726.65
2023-07-30 19:00:00,555.5500099999999
2023-07-30 20:00:00,336.7
2023-07-30 21:00:00,101.42500125
2023-07-30 22:00:00,0.0
2023-07-30 23:00:00,0.0
2023-07-31 00:00:00,0.0
2023-07-31 01:00:00,0.0
2023-07-31 02:00:00,0.0
2023-07-31 03:00:00,0.0
2023-07-31 04:00:00,0.0
2023-07-31 05:00:00,0.0
2023-07-31 06:00:00,0.0
2023-07-31 07:00:00,0.0
2023-07-31 08:00:00,0.0
2023-07-31 09:00:00,0.0
2023-07-31 10:00:00,0.0
2023-07-31 11:00:00,86.1000025
2023-07-31 12:00:00,317.85
2023-07-31 13:00:00,537.175
2023-07-31 14:00:00,711.37503
2023-07-31 15:00:00,824.475
2023-07-31 16:00:00,864.87501
2023-07-31 17:00:00,830.37502
2023-07-31 18:00:00,724.1500000000001
2023-07-31 19:00:00,554.97501
2023-07-31 20:00:00,338.4
2023-07-31 21:00:00,104.47500025
2023-07-31 22:00:00,0.0
2023-07-31 23:00:00,0.0
2023-08-01 00:00:00,0.0
2023-08-01 01:00:00,0.0
2023-08-01 02:00:00,0.0
2023-08-01 03:00:00,0.0
2023-08-01 04:00:00,0.0
2023-08-01 05:00:00,0.0
2023-08-01 06:00:00,0.0
2023-08-01 07:00:00,0.0
2023-08-01 08:00:00,0.0
2023-08-01 09:00:00,0.0
2023-08-01 10:00:00,0.0
2023-08-01 11:00:00,89.8500025
2023-08-01 12:00:00,325.55001000000004
2023-08-01 13:00:00,547.9
2023-08-01 14:00:00,723.95001
2023-08-01 15:00:00,837.75001
2023-08-01 16:00:00,879.32501
2023-08-01 17:00:00,844.75002
2023-08-01 18:00:00,737.675
2023-08-01 19:00:00,566.725
2023-08-01 20:00:00,347.1
2023-08-01 21:00:00,107.8
2023-08-01 22:00:00,0.0
2023-08-01 23:00:00,0.0
2023-08-02 00:00:00,0.0
2023-08-02 01:00:00,0.0
2023-08-02 02:00:00,0.0
2023-08-02 03:00:00,0.0
2023-08-02 04:00:00,0.0
2023-08-02 05:00:00,0.0
2023-08-02 06:00:00,0.0
2023-08-02 07:00:00,0.0
2023-08-02 08:00:00,0.0
2023-08-02 09:00:00,0.0
2023-08-02 10:00:00,0.0
2023-08-02 11:00:00,92.35
2023-08-02 12:00:00,328.95000500000003
2023-08-02 13:00:00,551.47501
2023-08-02 14:00:00,727.47502
2023-08-02 15:00:00,841.00001
2023-08-02 16:00:00,882.57502
2023-08-02 17:00:00,848.37501
2023-08-02 18:00:00,741.37502
2023-08-02 19:00:00,570.600005
2023-08-02 20:00:00,349.57500500000003
2023-08-02 21:00:00,109.575
2023-08-02 22:00:00,0.0
2023-08-02 23:00:00,0.0
2023-08-03 00:00:00,0.0
2023-08-03 01:00:00,0.0
2023-08-03 02:00:00,0.0
2023-08-03 03:00:00,0.0
2023-08-03 04:00:00,0.0
2023-08-03 05:00:00,0.0
2023-08-03 06:00:00,0.0
2023-08-03 07:00:00,0.0
2023-08-03 08:00:00,0.0
2023-08-03 09:00:00,0.0
2023-08-03 10:00:00,0.0
2023-08-03 11:00:00,95.275
2023-08-03 12:00:00,334.4
2023-08-03 13:00:00,556.3500300000001
2023-08-03 14:00:00,731.62501
2023-08-03 15:00:00,845.5
2023-08-03 16:00:00,888.10001
2023-08-03 17:00:00,855.15
2023-08-03 18:00:00,746.75
2023-08-03 19:00:00,573.77501
2023-08-03 20:00:00,352.375
2023-08-03 21:00:00,111.625
2023-08-03 22:00:00,0.0
2023-08-03 23:00:00,0.0
2023-08-04 00:00:00,0.0
2023-08-04 01:00:00,0.0
2023-08-04 02:00:00,0.0
2023-08-04 03:00:00,0.0
2023-08-04 04:00:00,0.0
2023-08-04 05:00:00,0.0
2023-08-04 06:00:00,0.0
2023-08-04 07:00:00,0.0
2023-08-04 08:00:00,0.0
2023-08-04 09:00:00,0.0
2023-08-04 10:00:00,0.0
2023-08-04 11:00:00,95.70000125
2023-08-04 12:00:00,330.475
2023-08-04 13:00:00,553.825
2023-08-04 14:00:00,731.0500099999999
2023-08-04 15:00:00,845.925
2023-08-04 16:00:00,887.9250099999999
2023-08-04 17:00:00,853.875
2023-08-04 18:00:00,746.92501
2023-08-04 19:00:00,575.050025
2023-08-04 20:00:00,353.075
2023-08-04 21:00:00,112.2250025
2023-08-04 22:00:00,0.0
2023-08-04 23:00:00,0.0
2023-08-05 00:00:00,0.0
2023-08-05 01:00:00,0.0
2023-08-05 02:00:00,0.0
2023-08-05 03:00:00,0.0
2023-08-05 04:00:00,0.0
2023-08-05 05:00:00,0.0
2023-08-05 06:00:00,0.0
2023-08-05 07:00:00,0.0
2023-08-05 08:00:00,0.0
2023-08-05 09:00:00,0.0
2023-08-05 10:00:00,0.0
2023-08-05 11:00:00,96.975
2023-08-05 12:00:00,331.325
2023-08-05 13:00:00,551.975
2023-08-05 14:00:00,726.9749999999999
2023-08-05 15:00:00,838.02502
2023-08-05 16:00:00,878.75003
2023-08-05 17:00:00,843.92501
2023-08-05 18:00:00,733.5250100000001
2023-08-05 19:00:00,561.7750100000001
2023-08-05 20:00:00,343.875
2023-08-05 21:00:00,107.8
2023-08-05 22:00:00,0.0
2023-08-05 23:00:00,0.0
2023-08-06 00:00:00,0.0
2023-08-06 01:00:00,0.0
2023-08-06 02:00:00,0.0
2023-08-06 03:00:00,0.0
2023-08-06 04:00:00,0.0
2023-08-06 05:00:00,0.0
2023-08-06 06:00:00,0.0
2023-08-06 07:00:00,0.0
2023-08-06 08:00:00,0.0
2023-08-06 09:00:00,0.0
2023-08-06 10:00:00,0.0
2023-08-06 11:00:00,91.14999999999999
2023-08-06 12:00:00,324.6
2023-08-06 13:00:00,542.70001
2023-08-06 14:00:00,715.60001
2023-08-06 15:00:00,828.3500200000001
2023-08-06 16:00:00,870.9
2023-08-06 17:00:00,836.87501
2023-08-06 18:00:00,732.075
2023-08-06 19:00:00,561.92503
2023-08-06 20:00:00,344.57500500000003
2023-08-06 21:00:00,109.90000024999999
2023-08-06 22:00:00,0.0
2023-08-06 23:00:00,0.0
2023-08-07 00:00:00,0.0
2023-08-07 01:00:00,0.0
2023-08-07 02:00:00,0.0
2023-08-07 03:00:00,0.0
2023-08-07 04:00:00,0.0
2023-08-07 05:00:00,0.0
2023-08-07 06:00:00,0.0
2023-08-07 07:00:00,0.0
2023-08-07 08:00:00,0.0
2023-08-07 09:00:00,0.0
2023-08-07 10:00:00,0.0
2023-08-07 11:00:00,98.32499999999999
2023-08-07 12:00:00,333.85001
2023-08-07 13:00:00,554.95001
2023-08-07 14:00:00,730.15
2023-08-07 15:00:00,843.7
2023-08-07 16:00:00,887.75
2023-08-07 17:00:00,856.925
2023-08-07 18:00:00,749.225
2023-08-07 19:00:00,576.3
2023-08-07 20:00:00,356.70000500000003
2023-08-07 21:00:00,117.90000275
2023-08-07 22:00:00,0.0
2023-08-07 23:00:00,0.0
2023-08-08 00:00:00,0.0
2023-08-08 01:00:00,0.0
2023-08-08 02:00:00,0.0
2023-08-08 03:00:00,0.0
2023-08-08 04:00:00,0.0
2023-08-08 05:00:00,0.0
2023-08-08 06:00:00,0.0
2023-08-08 07:00:00,0.0
2023-08-08 08:00:00,0.0
2023-08-08 09:00:00,0.0
2023-08-08 10:00:00,0.0
2023-08-08 11:00:00,102.8000025
2023-08-08 12:00:00,337.6
2023-08-08 13:00:00,559.175
2023-08-08 14:00:00,736.62501
2023-08-08 15:00:00,850.80001
2023-08-08 16:00:00,888.67501
2023-08-08 17:00:00,857.95
2023-08-08 18:00:00,760.275
2023-08-08 19:00:00,589.75002
2023-08-08 20:00:00,363.825
2023-08-08 21:00:00,119.85000000000001
2023-08-08 22:00:00,0.0
2023-08-08 23:00:00,0.0
2023-08-09 00:00:00,0.0
2023-08-09 01:00:00,0.0
2023-08-09 02:00:00,0.0
2023-08-09 03:00:00,0.0
2023-08-09 04:00:00,0.0
2023-08-09 05:00:00,0.0
2023-08-09 06:00:00,0.0
2023-08-09 07:00:00,0.0
2023-08-09 08:00:00,0.0
2023-08-09 09:00:00,0.0
2023-08-09 10:00:00,0.0
2023-08-09 11:00:00,108.05000000000001
2023-08-09 12:00:00,349.825005
2023-08-09 13:00:00,573.70001
2023-08-09 14:00:00,749.9
2023-08-09 15:00:00,863.1500000000001
2023-08-09 16:00:00,903.62501
2023-08-09 17:00:00,868.175
2023-08-09 18:00:00,760.55002
2023-08-09 19:00:00,586.92501
2023-08-09 20:00:00,364.275
2023-08-09 21:00:00,120.72500375
2023-08-09 22:00:00,0.0
2023-08-09 23:00:00,0.0
2023-08-10 00:00:00,0.0
2023-08-10 01:00:00,0.0
2023-08-10 02:00:00,0.0
2023-08-10 03:00:00,0.0
2023-08-10 04:00:00,0.0
2023-08-10 05:00:00,0.0
2023-08-10 06:00:00,0.0
2023-08-10 07:00:00,0.0
2023-08-10 08:00:00,0.0
2023-08-10 09:00:00,0.0
2023-08-10 10:00:00,0.0
2023-08-10 11:00:00,111.77499999999999
2023-08-10 12:00:00,357.60001
2023-08-10 13:00:00,584.075
2023-08-10 14:00:00,763.0
2023-08-10 15:00:00,879.3000099999999
2023-08-10 16:00:00,918.975
2023-08-10 17:00:00,880.2
2023-08-10 18:00:00,767.75001
2023-08-10 19:00:00,591.15
2023-08-10 20:00:00,368.725
2023-08-10 21:00:00,102.3000025
2023-08-10 22:00:00,0.0
2023-08-10 23:00:00,0.0
2023-08-11 00:00:00,0.0
2023-08-11 01:00:00,0.0
2023-08-11 02:00:00,0.0
2023-08-11 03:00:00,0.0
2023-08-11 04:00:00,0.0
2023-08-11 05:00:00,0.0
2023-08-11 06:00:00,0.0
2023-08-11 07:00:00,0.0
2023-08-11 08:00:00,0.0
2023-08-11 09:00:00,0.0
2023-08-11 10:00:00,0.0
2023-08-11 11:00:00,115.40000275
2023-08-11 12:00:00,361.4
2023-08-11 13:00:00,587.4000100000001
2023-08-11 14:00:00,765.07502
2023-08-11 15:00:00,878.45
2023-08-11 16:00:00,918.4000100000001
2023-08-11 17:00:00,881.87501
2023-08-11 18:00:00,771.45001
2023-08-11 19:00:00,579.775
2023-08-11 20:00:00,268.1000025
2023-08-11 21:00:00,98.975
2023-08-11 22:00:00,0.0
2023-08-11 23:00:00,0.0
2023-08-12 00:00:00,0.0
2023-08-12 01:00:00,0.0
2023-08-12 02:00:00,0.0
2023-08-12 03:00:00,0.0
2023-08-12 04:00:00,0.0
2023-08-12 05:00:00,0.0
2023-08-12 06:00:00,0.0
2023-08-12 07:00:00,0.0
2023-08-12 08:00:00,0.0
2023-08-12 09:00:00,0.0
2023-08-12 10:00:00,0.0
2023-08-12 11:00:00,112.45000275000001
2023-08-12 12:00:00,333.125005
2023-08-12 13:00:00,556.55001
2023-08-12 14:00:00,728.67502
2023-08-12 15:00:00,835.80002
2023-08-12 16:00:00,834.825
2023-08-12 17:00:00,719.55003
2023-08-12 18:00:00,542.475
2023-08-12 19:00:00,316.725
2023-08-12 20:00:00,152.4000025
2023-08-12 21:00:00,32.050000000000004
2023-08-12 22:00:00,0.0
2023-08-12 23:00:00,0.0
2023-08-13 00:00:00,0.0
2023-08-13 01:00:00,0.0
2023-08-13 02:00:00,0.0
2023-08-13 03:00:00,0.0
2023-08-13 04:00:00,0.0
2023-08-13 05:00:00,0.0
2023-08-13 06:00:00,0.0
2023-08-13 07:00:00,0.0
2023-08-13 08:00:00,0.0
2023-08-13 09:00:00,0.0
2023-08-13 10:00:00,0.0
2023-08-13 11:00:00,101.95000375000001
2023-08-13 12:00:00,335.6500125
2023-08-13 13:00:00,554.15
2023-08-13 14:00:00,726.775
2023-08-13 15:00:00,838.92502
2023-08-13 16:00:00,878.25
2023-08-13 17:00:00,843.4
2023-08-13 18:00:00,617.975
2023-08-13 19:00:00,407.750005
2023-08-13 20:00:00,261.0750025
2023-08-13 21:00:00,56.15000275
2023-08-13 22:00:00,0.0
2023-08-13 23:00:00,0.0
2023-08-14 00:00:00,0.0
2023-08-14 01:00:00,0.0
2023-08-14 02:00:00,0.0
2023-08-14 03:00:00,0.0
2023-08-14 04:00:00,0.0
2023-08-14 05:00:00,0.0
2023-08-14 06:00:00,0.0
2023-08-14 07:00:00,0.0
2023-08-14 08:00:00,0.0
2023-08-14 09:00:00,0.0
2023-08-14 10:00:00,0.0
2023-08-14 11:00:00,111.3000025
2023-08-14 12:00:00,347.625
2023-08-14 13:00:00,569.850005
2023-08-14 14:00:00,746.3499999999999
2023-08-14 15:00:00,860.3000099999999
2023-08-14 16:00:00,896.975
2023-08-14 17:00:00,860.25001
2023-08-14 18:00:00,753.475
2023-08-14 19:00:00,581.375
2023-08-14 20:00:00,359.750005
2023-08-14 21:00:00,120.175003
2023-08-14 22:00:00,0.0
2023-08-14 23:00:00,0.0
2023-08-15 00:00:00,0.0
2023-08-15 01:00:00,0.0
2023-08-15 02:00:00,0.0
2023-08-15 03:00:00,0.0
2023-08-15 04:00:00,0.0
2023-08-15 05:00:00,0.0
2023-08-15 06:00:00,0.0
2023-08-15 07:00:00,0.0
2023-08-15 08:00:00,0.0
2023-08-15 09:00:00,0.0
2023-08-15 10:00:00,0.0
2023-08-15 11:00:00,120.4750005
2023-08-15 12:00:00,360.775
2023-08-15 13:00:00,584.675025
2023-08-15 14:00:00,761.60001
2023-08-15 15:00:00,876.47502
2023-08-15 16:00:00,916.95002
2023-08-15 17:00:00,880.47501
2023-08-15 18:00:00,770.5250100000001
2023-08-15 19:00:00,595.775
2023-08-15 20:00:00,372.000005
2023-08-15 21:00:00,127.45000375000001
2023-08-15 22:00:00,0.0
2023-08-15 23:00:00,0.0
2023-08-16 00:00:00,0.0
2023-08-16 01:00:00,0.0
2023-08-16 02:00:00,0.0
2023-08-16 03:00:00,0.0
2023-08-16 04:00:00,0.0
2023-08-16 05:00:00,0.0
2023-08-16 06:00:00,0.0
2023-08-16 07:00:00,0.0
2023-08-16 08:00:00,0.0
2023-08-16 09:00:00,0.0
2023-08-16 10:00:00,0.0
2023-08-16 11:00:00,129.05
2023-08-16 12:00:00,378.325
2023-08-16 13:00:00,608.85
2023-08-16 14:00:00,789.57501
2023-08-16 15:00:00,905.67501
2023-08-16 16:00:00,945.25002
2023-08-16 17:00:00,907.0500099999999
2023-08-16 18:00:00,795.4750200000001
2023-08-16 19:00:00,616.70001
2023-08-16 20:00:00,386.55
2023-08-16 21:00:00,133.87500175
2023-08-16 22:00:00,0.0
2023-08-16 23:00:00,0.0
2023-08-17 00:00:00,0.0
2023-08-17 01:00:00,0.0
2023-08-17 02:00:00,0.0
2023-08-17 03:00:00,0.0
2023-08-17 04:00:00,0.0
2023-08-17 05:00:00,0.0
2023-08-17 06:00:00,0.0
2023-08-17 07:00:00,0.0
2023-08-17 08:00:00,0.0
2023-08-17 09:00:00,0.0
2023-08-17 10:00:00,0.0
2023-08-17 11:00:00,134.10000300000002
2023-08-17 12:00:00,385.625005
2023-08-17 13:00:00,616.95
2023-08-17 14:00:00,797.85001
2023-08-17 15:00:00,913.82501
2023-08-17 16:00:00,951.6
2023-08-17 17:00:00,909.00001
2023-08-17 18:00:00,792.50001
2023-08-17 19:00:00,614.4499999999999
2023-08-17 20:00:00,386.625005
2023-08-17 21:00:00,135.60000300000002
2023-08-17 22:00:00,0.125
2023-08-17 23:00:00,0.0
2023-08-18 00:00:00,0.0
2023-08-18 01:00:00,0.0
2023-08-18 02:00:00,0.0
2023-08-18 03:00:00,0.0
2023-08-18 04:00:00,0.0
2023-08-18 05:00:00,0.0
2023-08-18 06:00:00,0.0
2023-08-18 07:00:00,0.0
2023-08-18 08:00:00,0.0
2023-08-18 09:00:00,0.0
2023-08-18 10:00:00,0.35
2023-08-18 11:00:00,136.62500125
2023-08-18 12:00:00,387.6
2023-08-18 13:00:00,615.6750099999999
2023-08-18 14:00:00,794.95
2023-08-18 15:00:00,908.92503
2023-08-18 16:00:00,947.1500100000001
2023-08-18 17:00:00,906.6
2023-08-18 18:00:00,794.4000100000001
2023-08-18 19:00:00,616.675
2023-08-18 20:00:00,387.7
2023-08-18 21:00:00,137.3750025
2023-08-18 22:00:00,0.275
2023-08-18 23:00:00,0.0
2023-08-19 00:00:00,0.0
2023-08-19 01:00:00,0.0
2023-08-19 02:00:00,0.0
2023-08-19 03:00:00,0.0
2023-08-19 04:00:00,0.0
2023-08-19 05:00:00,0.0
2023-08-19 06:00:00,0.0
2023-08-19 07:00:00,0.0
2023-08-19 08:00:00,0.0
2023-08-19 09:00:00,0.0
2023-08-19 10:00:00,0.75
2023-08-19 11:00:00,140.95000125
2023-08-19 12:00:00,391.275005
2023-08-19 13:00:00,619.37502
2023-08-19 14:00:00,797.425
2023-08-19 15:00:00,910.07501
2023-08-19 16:00:00,946.80001
2023-08-19 17:00:00,905.675
2023-08-19 18:00:00,791.55
2023-08-19 19:00:00,614.2
2023-08-19 20:00:00,387.525
2023-08-19 21:00:00,137.75
2023-08-19 22:00:00,0.450000025
2023-08-19 23:00:00,0.0
2023-08-20 00:00:00,0.0
2023-08-20 01:00:00,0.0
2023-08-20 02:00:00,0.0
2023-08-20 03:00:00,0.0
2023-08-20 04:00:00,0.0
2023-08-20 05:00:00,0.0
2023-08-20 06:00:00,0.0
2023-08-20 07:00:00,0.0
2023-08-20 08:00:00,0.0
2023-08-20 09:00:00,0.0
2023-08-20 10:00:00,1.175000075
2023-08-20 11:00:00,143.05
2023-08-20 12:00:00,394.85001
2023-08-20 13:00:00,624.0
2023-08-20 14:00:00,803.7250200000001
2023-08-20 15:00:00,918.55
2023-08-20 16:00:00,957.975
2023-08-20 17:00:00,918.45002
2023-08-20 18:00:00,801.9
2023-08-20 19:00:00,621.30001
2023-08-20 20:00:00,392.675005
2023-08-20 21:00:00,139.95000375
2023-08-20 22:00:00,0.625
2023-08-20 23:00:00,0.0
2023-08-21 00:00:00,0.0
2023-08-21 01:00:00,0.0
2023-08-21 02:00:00,0.0
2023-08-21 03:00:00,0.0
2023-08-21 04:00:00,0.0
2023-08-21 05:00:00,0.0
2023-08-21 06:00:00,0.0
2023-08-21 07:00:00,0.0
2023-08-21 08:00:00,0.0
2023-08-21 09:00:00,0.0
2023-08-21 10:00:00,1.7
2023-08-21 11:00:00,150.4
2023-08-21 12:00:00,402.425
2023-08-21 13:00:00,634.20001
2023-08-21 14:00:00,815.20002
2023-08-21 15:00:00,929.475
2023-08-21 16:00:00,968.87501
2023-08-21 17:00:00,929.10002
2023-08-21 18:00:00,812.12501
2023-08-21 19:00:00,627.05
2023-08-21 20:00:00,394.875
2023-08-21 21:00:00,140.875003
2023-08-21 22:00:00,0.8
2023-08-21 23:00:00,0.0
2023-08-22 00:00:00,0.0
2023-08-22 01:00:00,0.0
2023-08-22 02:00:00,0.0
2023-08-22 03:00:00,0.0
2023-08-22 04:00:00,0.0
2023-08-22 05:00:00,0.0
2023-08-22 06:00:00,0.0
2023-08-22 07:00:00,0.0
2023-08-22 08:00:00,0.0
2023-08-22 09:00:00,0.0
2023-08-22 10:00:00,0.75
2023-08-22 11:00:00,153.9
2023-08-22 12:00:00,411.975005
2023-08-22 13:00:00,646.02501
2023-08-22 14:00:00,828.37501
2023-08-22 15:00:00,942.575
2023-08-22 16:00:00,979.6
2023-08-22 17:00:00,938.75003
2023-08-22 18:00:00,821.35
2023-08-22 19:00:00,562.67501
2023-08-22 20:00:00,228.12500125
2023-08-22 21:00:00,19.125
2023-08-22 22:00:00,0.0
2023-08-22 23:00:00,0.0
2023-08-23 00:00:00,0.0
2023-08-23 01:00:00,0.0
2023-08-23 02:00:00,0.0
2023-08-23 03:00:00,0.0
2023-08-23 04:00:00,0.0
2023-08-23 05:00:00,0.0
2023-08-23 06:00:00,0.0
2023-08-23 07:00:00,0.0
2023-08-23 08:00:00,0.0
2023-08-23 09:00:00,0.0
2023-08-23 10:00:00,1.825
2023-08-23 11:00:00,159.52499999999998
2023-08-23 12:00:00,421.25001000000003
2023-08-23 13:00:00,657.35
2023-08-23 14:00:00,841.0
2023-08-23 15:00:00,957.6000200000001
2023-08-23 16:00:00,994.57501
2023-08-23 17:00:00,950.25002
2023-08-23 18:00:00,828.00002
2023-08-23 19:00:00,619.725
2023-08-23 20:00:00,264.425
2023-08-23 21:00:00,27.65
2023-08-23 22:00:00,0.0
2023-08-23 23:00:00,0.0
2023-08-24 00:00:00,0.0
2023-08-24 01:00:00,0.0
2023-08-24 02:00:00,0.0
2023-08-24 03:00:00,0.0
2023-08-24 04:00:00,0.0
2023-08-24 05:00:00,0.0
2023-08-24 06:00:00,0.0
2023-08-24 07:00:00,0.0
2023-08-24 08:00:00,0.0
2023-08-24 09:00:00,0.0
2023-08-24 10:00:00,2.325
2023-08-24 11:00:00,164.00000375000002
2023-08-24 12:00:00,425.325005
2023-08-24 13:00:00,660.50001
2023-08-24 14:00:00,843.625
2023-08-24 15:00:00,958.97501
2023-08-24 16:00:00,995.32502
2023-08-24 17:00:00,950.87501
2023-08-24 18:00:00,830.87501
2023-08-24 19:00:00,645.30001
2023-08-24 20:00:00,409.050005
2023-08-24 21:00:00,85.075
2023-08-24 22:00:00,0.0
2023-08-24 23:00:00,0.0
2023-08-25 00:00:00,0.0
2023-08-25 01:00:00,0.0
2023-08-25 02:00:00,0.0
2023-08-25 03:00:00,0.0
2023-08-25 04:00:00,0.0
2023-08-25 05:00:00,0.0
2023-08-25 06:00:00,0.0
2023-08-25 07:00:00,0.0
2023-08-25 08:00:00,0.0
2023-08-25 09:00:00,0.0
2023-08-25 10:00:00,4.025
2023-08-25 11:00:00,151.475
2023-08-25 12:00:00,360.95000500000003
2023-08-25 13:00:00,610.85001
2023-08-25 14:00:00,843.15
2023-08-25 15:00:00,957.5250100000001
2023-08-25 16:00:00,993.37501
2023-08-25 17:00:00,948.7750100000001
2023-08-25 18:00:00,829.575
2023-08-25 19:00:00,644.82501
2023-08-25 20:00:00,409.275
2023-08-25 21:00:00,133.0000015
2023-08-25 22:00:00,0.0
2023-08-25 23:00:00,0.0
2023-08-26 00:00:00,0.0
2023-08-26 01:00:00,0.0
2023-08-26 02:00:00,0.0
2023-08-26 03:00:00,0.0
2023-08-26 04:00:00,0.0
2023-08-26 05:00:00,0.0
2023-08-26 06:00:00,0.0
2023-08-26 07:00:00,0.0
2023-08-26 08:00:00,0.0
2023-08-26 09:00:00,0.0
2023-08-26 10:00:00,0.8
2023-08-26 11:00:00,155.825003
2023-08-26 12:00:00,418.625005
2023-08-26 13:00:00,647.72501
2023-08-26 14:00:00,825.2
2023-08-26 15:00:00,937.12501
2023-08-26 16:00:00,973.5
2023-08-26 17:00:00,931.10001
2023-08-26 18:00:00,813.5250100000001
2023-08-26 19:00:00,631.525
2023-08-26 20:00:00,400.325
2023-08-26 21:00:00,86.6
2023-08-26 22:00:00,0.0
2023-08-26 23:00:00,0.0
2023-08-27 00:00:00,0.0
2023-08-27 01:00:00,0.0
2023-08-27 02:00:00,0.0
2023-08-27 03:00:00,0.0
2023-08-27 04:00:00,0.0
2023-08-27 05:00:00,0.0
2023-08-27 06:00:00,0.0
2023-08-27 07:00:00,0.0
2023-08-27 08:00:00,0.0
2023-08-27 09:00:00,0.0
2023-08-27 10:00:00,2.7
2023-08-27 11:00:00,169.25
2023-08-27 12:00:00,425.15001
2023-08-27 13:00:00,655.5
2023-08-27 14:00:00,834.57502
2023-08-27 15:00:00,946.75
2023-08-27 16:00:00,981.9
2023-08-27 17:00:00,937.77502
2023-08-27 18:00:00,819.57501
2023-08-27 19:00:00,636.90002
2023-08-27 20:00:00,404.725015
2023-08-27 21:00:00,149.8500005
2023-08-27 22:00:00,1.9
2023-08-27 23:00:00,0.0
2023-08-28 00:00:00,0.0
2023-08-28 01:00:00,0.0
2023-08-28 02:00:00,0.0
2023-08-28 03:00:00,0.0
2023-08-28 04:00:00,0.0
2023-08-28 05:00:00,0.0
2023-08-28 06:00:00,0.0
2023-08-28 07:00:00,0.0
2023-08-28 08:00:00,0.0
2023-08-28 09:00:00,0.0
2023-08-28 10:00:00,2.625
2023-08-28 11:00:00,157.0000025
2023-08-28 12:00:00,397.525005
2023-08-28 13:00:00,663.75001
2023-08-28 14:00:00,845.35
2023-08-28 15:00:00,955.975
2023-08-28 16:00:00,991.5
2023-08-28 17:00:00,947.95
2023-08-28 18:00:00,826.025
2023-08-28 19:00:00,568.375
2023-08-28 20:00:00,223.9500025
2023-08-28 21:00:00,31.425
2023-08-28 22:00:00,0.0
2023-08-28 23:00:00,0.0
2023-08-29 00:00:00,0.0
2023-08-29 01:00:00,0.0
2023-08-29 02:00:00,0.0
2023-08-29 03:00:00,0.0
2023-08-29 04:00:00,0.0
2023-08-29 05:00:00,0.0
2023-08-29 06:00:00,0.0
2023-08-29 07:00:00,0.0
2023-08-29 08:00:00,0.0
2023-08-29 09:00:00,0.0
2023-08-29 10:00:00,3.825
2023-08-29 11:00:00,175.625
2023-08-29 12:00:00,434.85
2023-08-29 13:00:00,666.62502
2023-08-29 14:00:00,846.62501
2023-08-29 15:00:00,959.62501
2023-08-29 16:00:00,994.575
2023-08-29 17:00:00,948.07502
2023-08-29 18:00:00,826.70001
2023-08-29 19:00:00,641.90003
2023-08-29 20:00:00,408.3
2023-08-29 21:00:00,152.3
2023-08-29 22:00:00,2.3
2023-08-29 23:00:00,0.0
2023-08-30 00:00:00,0.0
2023-08-30 01:00:00,0.0
2023-08-30 02:00:00,0.0
2023-08-30 03:00:00,0.0
2023-08-30 04:00:00,0.0
2023-08-30 05:00:00,0.0
2023-08-30 06:00:00,0.0
2023-08-30 07:00:00,0.0
2023-08-30 08:00:00,0.0
2023-08-30 09:00:00,0.0
2023-08-30 10:00:00,3.425
2023-08-30 11:00:00,178.10000875
2023-08-30 12:00:00,431.22501
2023-08-30 13:00:00,668.9
2023-08-30 14:00:00,848.275
2023-08-30 15:00:00,958.82502
2023-08-30 16:00:00,993.10004
2023-08-30 17:00:00,949.45
2023-08-30 18:00:00,829.5250100000001
2023-08-30 19:00:00,643.925
2023-08-30 20:00:00,409.55001
2023-08-30 21:00:00,146.85000300000002
2023-08-30 22:00:00,0.0
2023-08-30 23:00:00,0.0
2023-08-31 00:00:00,0.0
2023-08-31 01:00:00,0.0
2023-08-31 02:00:00,0.0
2023-08-31 03:00:00,0.0
2023-08-31 04:00:00,0.0
2023-08-31 05:00:00,0.0
2023-08-31 06:00:00,0.0
2023-08-31 07:00:00,0.0
2023-08-31 08:00:00,0.0
2023-08-31 09:00:00,0.0
2023-08-31 10:00:00,7.65
2023-08-31 11:00:00,179.40000750000002
2023-08-31 12:00:00,434.025
2023-08-31 13:00:00,661.7750100000001
2023-08-31 14:00:00,837.3000099999999
2023-08-31 15:00:00,946.6500100000001
2023-08-31 16:00:00,981.125
2023-08-31 17:00:00,934.97501
2023-08-31 18:00:00,812.15
2023-08-31 19:00:00,631.57502
2023-08-31 20:00:00,402.475005
2023-08-31 21:00:00,143.85000625
2023-08-31 22:00:00,2.275
2023-08-31 23:00:00,0.0
2023-09-01 00:00:00,0.0
2023-09-01 01:00:00,0.0
2023-09-01 02:00:00,0.0
2023-09-01 03:00:00,0.0
2023-09-01 04:00:00,0.0
2023-09-01 05:00:00,0.0
2023-09-01 06:00:00,0.0
2023-09-01 07:00:00,0.0
2023-09-01 08:00:00,0.0
2023-09-01 09:00:00,0.0
2023-09-01 10:00:00,7.6
2023-09-01 11:00:00,174.325
2023-09-01 12:00:00,431.700015
2023-09-01 13:00:00,661.3500200000001
2023-09-01 14:00:00,840.3
2023-09-01 15:00:00,954.0500099999999
2023-09-01 16:00:00,995.25002
2023-09-01 17:00:00,955.07501
2023-09-01 18:00:00,836.42501
2023-09-01 19:00:00,649.875
2023-09-01 20:00:00,413.875005
2023-09-01 21:00:00,156.2
2023-09-01 22:00:00,2.8
2023-09-01 23:00:00,0.0
2023-09-02 00:00:00,0.0
2023-09-02 01:00:00,0.0
2023-09-02 02:00:00,0.0
2023-09-02 03:00:00,0.0
2023-09-02 04:00:00,0.0
2023-09-02 05:00:00,0.0
2023-09-02 06:00:00,0.0
2023-09-02 07:00:00,0.0
2023-09-02 08:00:00,0.0
2023-09-02 09:00:00,0.0
2023-09-02 10:00:00,9.725
2023-09-02 11:00:00,196.25
2023-09-02 12:00:00,460.325
2023-09-02 13:00:00,694.475
2023-09-02 14:00:00,875.55
2023-09-02 15:00:00,989.525
2023-09-02 16:00:00,1025.525025
2023-09-02 17:00:00,978.725
2023-09-02 18:00:00,853.30001
2023-09-02 19:00:00,662.67503
2023-09-02 20:00:00,425.34999999999997
2023-09-02 21:00:00,163.5
2023-09-02 22:00:00,3.175
2023-09-02 23:00:00,0.0
2023-09-03 00:00:00,0.0
2023-09-03 01:00:00,0.0
2023-09-03 02:00:00,0.0
2023-09-03 03:00:00,0.0
2023-09-03 04:00:00,0.0
2023-09-03 05:00:00,0.0
2023-09-03 06:00:00,0.0
2023-09-03 07:00:00,0.0
2023-09-03 08:00:00,0.0
2023-09-03 09:00:00,0.0
2023-09-03 10:00:00,10.575
2023-09-03 11:00:00,200.75
2023-09-03 12:00:00,462.775
2023-09-03 13:00:00,697.75001
2023-09-03 14:00:00,879.00001
2023-09-03 15:00:00,989.675
2023-09-03 16:00:00,1022.6999999999999
2023-09-03 17:00:00,977.70001
2023-09-03 18:00:00,852.4000100000001
2023-09-03 19:00:00,660.6
2023-09-03 20:00:00,421.77501
2023-09-03 21:00:00,96.70000125
2023-09-03 22:00:00,0.0
2023-09-03 23:00:00,0.0
2023-09-04 00:00:00,0.0
2023-09-04 01:00:00,0.0
2023-09-04 02:00:00,0.0
2023-09-04 03:00:00,0.0
2023-09-04 04:00:00,0.0
2023-09-04 05:00:00,0.0
2023-09-04 06:00:00,0.0
2023-09-04 07:00:00,0.0
2023-09-04 08:00:00,0.0
2023-09-04 09:00:00,0.0
2023-09-04 10:00:00,11.975000000000001
2023-09-04 11:00:00,209.5
2023-09-04 12:00:00,472.100005
2023-09-04 13:00:00,704.35
2023-09-04 14:00:00,881.075
2023-09-04 15:00:00,989.075
2023-09-04 16:00:00,1020.1
2023-09-04 17:00:00,974.3000099999999
2023-09-04 18:00:00,853.92501
2023-09-04 19:00:00,665.5
2023-09-04 20:00:00,426.20000500000003
2023-09-04 21:00:00,163.54999999999998
2023-09-04 22:00:00,3.5
2023-09-04 23:00:00,0.0
2023-09-05 00:00:00,0.0
2023-09-05 01:00:00,0.0
2023-09-05 02:00:00,0.0
2023-09-05 03:00:00,0.0
2023-09-05 04:00:00,0.0
2023-09-05 05:00:00,0.0
2023-09-05 06:00:00,0.0
2023-09-05 07:00:00,0.0
2023-09-05 08:00:00,0.0
2023-09-05 09:00:00,0.0
2023-09-05 10:00:00,13.225000025
2023-09-05 11:00:00,210.225
2023-09-05 12:00:00,477.85
2023-09-05 13:00:00,714.17501
2023-09-05 14:00:00,895.925
2023-09-05 15:00:00,1007.775025
2023-09-05 16:00:00,1038.87505
2023-09-05 17:00:00,988.5500099999999
2023-09-05 18:00:00,862.12501
2023-09-05 19:00:00,671.1750099999999
2023-09-05 20:00:00,432.300005
2023-09-05 21:00:00,167.9750025
2023-09-05 22:00:00,3.75
2023-09-05 23:00:00,0.0
2023-09-06 00:00:00,0.0
2023-09-06 01:00:00,0.0
2023-09-06 02:00:00,0.0
2023-09-06 03:00:00,0.0
2023-09-06 04:00:00,0.0
2023-09-06 05:00:00,0.0
2023-09-06 06:00:00,0.0
2023-09-06 07:00:00,0.0
2023-09-06 08:00:00,0.0
2023-09-06 09:00:00,0.0
2023-09-06 10:00:00,14.6000005
2023-09-06 11:00:00,215.1750075
2023-09-06 12:00:00,475.125
2023-09-06 13:00:00,710.05001
2023-09-06 14:00:00,891.82501
2023-09-06 15:00:00,1004.0750350000001
2023-09-06 16:00:00,1037.025
2023-09-06 17:00:00,988.07501
2023-09-06 18:00:00,863.825
2023-09-06 19:00:00,671.25003
2023-09-06 20:00:00,429.100005
2023-09-06 21:00:00,165.47500125000002
2023-09-06 22:00:00,3.875
2023-09-06 23:00:00,0.0
2023-09-07 00:00:00,0.0
2023-09-07 01:00:00,0.0
2023-09-07 02:00:00,0.0
2023-09-07 03:00:00,0.0
2023-09-07 04:00:00,0.0
2023-09-07 05:00:00,0.0
2023-09-07 06:00:00,0.0
2023-09-07 07:00:00,0.0
2023-09-07 08:00:00,0.0
2023-09-07 09:00:00,0.0
2023-09-07 10:00:00,15.6250005
2023-09-07 11:00:00,217.35000125
2023-09-07 12:00:00,483.750015
2023-09-07 13:00:00,718.22501
2023-09-07 14:00:00,836.60001
2023-09-07 15:00:00,776.37501
2023-09-07 16:00:00,863.1500100000001
2023-09-07 17:00:00,820.72501
2023-09-07 18:00:00,846.37502
2023-09-07 19:00:00,676.85
2023-09-07 20:00:00,435.62501000000003
2023-09-07 21:00:00,169.04999999999998
2023-09-07 22:00:00,4.125
2023-09-07 23:00:00,0.0
2023-09-08 00:00:00,0.0
2023-09-08 01:00:00,0.0
2023-09-08 02:00:00,0.0
2023-09-08 03:00:00,0.0
2023-09-08 04:00:00,0.0
2023-09-08 05:00:00,0.0
2023-09-08 06:00:00,0.0
2023-09-08 07:00:00,0.0
2023-09-08 08:00:00,0.0
2023-09-08 09:00:00,0.0
2023-09-08 10:00:00,16.8000005
2023-09-08 11:00:00,211.22500250000002
2023-09-08 12:00:00,476.45
2023-09-08 13:00:00,707.675
2023-09-08 14:00:00,886.32502
2023-09-08 15:00:00,998.65002
2023-09-08 16:00:00,1032.825025
2023-09-08 17:00:00,959.05
2023-09-08 18:00:00,779.60001
2023-09-08 19:00:00,667.52502
2023-09-08 20:00:00,427.20000500000003
2023-09-08 21:00:00,65.67500425
2023-09-08 22:00:00,4.375
2023-09-08 23:00:00,0.0
2023-09-09 00:00:00,0.0
2023-09-09 01:00:00,0.0
2023-09-09 02:00:00,0.0
2023-09-09 03:00:00,0.0
2023-09-09 04:00:00,0.0
2023-09-09 05:00:00,0.0
2023-09-09 06:00:00,0.0
2023-09-09 07:00:00,0.0
2023-09-09 08:00:00,0.0
2023-09-09 09:00:00,0.0
2023-09-09 10:00:00,19.575
2023-09-09 11:00:00,226.825005
2023-09-09 12:00:00,497.500015
2023-09-09 13:00:00,732.6750099999999
2023-09-09 14:00:00,913.00001
2023-09-09 15:00:00,1023.9250099999999
2023-09-09 16:00:00,1056.175
2023-09-09 17:00:00,1005.925025
2023-09-09 18:00:00,878.35001
2023-09-09 19:00:00,683.87501
2023-09-09 20:00:00,439.65001500000005
2023-09-09 21:00:00,171.89999999999998
2023-09-09 22:00:00,4.6
2023-09-09 23:00:00,0.0
2023-09-10 00:00:00,0.0
2023-09-10 01:00:00,0.0
2023-09-10 02:00:00,0.0
2023-09-10 03:00:00,0.0
2023-09-10 04:00:00,0.0
2023-09-10 05:00:00,0.0
2023-09-10 06:00:00,0.0
2023-09-10 07:00:00,0.0
2023-09-10 08:00:00,0.0
2023-09-10 09:00:00,0.0
2023-09-10 10:00:00,21.275000000000002
2023-09-10 11:00:00,231.64999999999998
2023-09-10 12:00:00,499.52501
2023-09-10 13:00:00,733.75001
2023-09-10 14:00:00,912.925
2023-09-10 15:00:00,1022.8
2023-09-10 16:00:00,1054.075025
2023-09-10 17:00:00,1004.375035
2023-09-10 18:00:00,877.25
2023-09-10 19:00:00,682.85001
2023-09-10 20:00:00,420.52501500000005
2023-09-10 21:00:00,83.5
2023-09-10 22:00:00,0.0
2023-09-10 23:00:00,0.0
2023-09-11 00:00:00,0.0
2023-09-11 01:00:00,0.0
2023-09-11 02:00:00,0.0
2023-09-11 03:00:00,0.0
2023-09-11 04:00:00,0.0
2023-09-11 05:00:00,0.0
2023-09-11 06:00:00,0.0
2023-09-11 07:00:00,0.0
2023-09-11 08:00:00,0.0
2023-09-11 09:00:00,0.0
2023-09-11 10:00:00,21.7
2023-09-11 11:00:00,231.45
2023-09-11 12:00:00,490.425
2023-09-11 13:00:00,721.7750100000001
2023-09-11 14:00:00,901.35
2023-09-11 15:00:00,1013.975
2023-09-11 16:00:00,1049.575025
2023-09-11 17:00:00,1002.4750200000001
2023-09-11 18:00:00,874.60002
2023-09-11 19:00:00,679.75
2023-09-11 20:00:00,435.100015
2023-09-11 21:00:00,169.725
2023-09-11 22:00:00,4.725
2023-09-11 23:00:00,0.0
2023-09-12 00:00:00,0.0
2023-09-12 01:00:00,0.0
2023-09-12 02:00:00,0.0
2023-09-12 03:00:00,0.0
2023-09-12 04:00:00,0.0
2023-09-12 05:00:00,0.0
2023-09-12 06:00:00,0.0
2023-09-12 07:00:00,0.0
2023-09-12 08:00:00,0.0
2023-09-12 09:00:00,0.0
2023-09-12 10:00:00,22.875
2023-09-12 11:00:00,232.575005
2023-09-12 12:00:00,479.70001
2023-09-12 13:00:00,711.20001
2023-09-12 14:00:00,888.75
2023-09-12 15:00:00,1003.125
2023-09-12 16:00:00,849.2249999999999
2023-09-12 17:00:00,756.3000099999999
2023-09-12 18:00:00,843.9000100000001
2023-09-12 19:00:00,684.7
2023-09-12 20:00:00,442.250015
2023-09-12 21:00:00,177.65
2023-09-12 22:00:00,5.3
2023-09-12 23:00:00,0.0
2023-09-13 00:00:00,0.0
2023-09-13 01:00:00,0.0
2023-09-13 02:00:00,0.0
2023-09-13 03:00:00,0.0
2023-09-13 04:00:00,0.0
2023-09-13 05:00:00,0.0
2023-09-13 06:00:00,0.0
2023-09-13 07:00:00,0.0
2023-09-13 08:00:00,0.0
2023-09-13 09:00:00,0.0
2023-09-13 10:00:00,26.85
2023-09-13 11:00:00,251.8000075
2023-09-13 12:00:00,520.675005
2023-09-13 13:00:00,756.9000100000001
2023-09-13 14:00:00,936.625
2023-09-13 15:00:00,1043.575025
2023-09-13 16:00:00,1070.325
2023-09-13 17:00:00,1017.375
2023-09-13 18:00:00,887.00001
2023-09-13 19:00:00,691.875
2023-09-13 20:00:00,446.925005
2023-09-13 21:00:00,178.15000375
2023-09-13 22:00:00,5.475
2023-09-13 23:00:00,0.0
2023-09-14 00:00:00,0.0
2023-09-14 01:00:00,0.0
2023-09-14 02:00:00,0.0
2023-09-14 03:00:00,0.0
2023-09-14 04:00:00,0.0
2023-09-14 05:00:00,0.0
2023-09-14 06:00:00,0.0
2023-09-14 07:00:00,0.0
2023-09-14 08:00:00,0.0
2023-09-14 09:00:00,0.0
2023-09-14 10:00:00,28.375
2023-09-14 11:00:00,252.82501000000002
2023-09-14 12:00:00,518.250025
2023-09-14 13:00:00,751.20002
2023-09-14 14:00:00,929.07501
2023-09-14 15:00:00,1037.32501
2023-09-14 16:00:00,1066.825025
2023-09-14 17:00:00,1013.725025
2023-09-14 18:00:00,882.20001
2023-09-14 19:00:00,685.75001
2023-09-14 20:00:00,442.225005
2023-09-14 21:00:00,113.35000025
2023-09-14 22:00:00,0.0
2023-09-14 23:00:00,0.0
2023-09-15 00:00:00,0.0
2023-09-15 01:00:00,0.0
2023-09-15 02:00:00,0.0
2023-09-15 03:00:00,0.0
2023-09-15 04:00:00,0.0
2023-09-15 05:00:00,0.0
2023-09-15 06:00:00,0.0
2023-09-15 07:00:00,0.0
2023-09-15 08:00:00,0.0
2023-09-15 09:00:00,0.0
2023-09-15 10:00:00,29.625001500000003
2023-09-15 11:00:00,252.52499999999998
2023-09-15 12:00:00,512.550015
2023-09-15 13:00:00,743.65
2023-09-15 14:00:00,920.25001
2023-09-15 15:00:00,1027.7
2023-09-15 16:00:00,1056.85
2023-09-15 17:00:00,1004.925
2023-09-15 18:00:00,876.97502
2023-09-15 19:00:00,683.525
2023-09-15 20:00:00,440.67500500000006
2023-09-15 21:00:00,175.15
2023-09-15 22:00:00,5.65
2023-09-15 23:00:00,0.0
2023-09-16 00:00:00,0.0
2023-09-16 01:00:00,0.0
2023-09-16 02:00:00,0.0
2023-09-16 03:00:00,0.0
2023-09-16 04:00:00,0.0
2023-09-16 05:00:00,0.0
2023-09-16 06:00:00,0.0
2023-09-16 07:00:00,0.0
2023-09-16 08:00:00,0.0
2023-09-16 09:00:00,0.0
2023-09-16 10:00:00,31.225
2023-09-16 11:00:00,257.325
2023-09-16 12:00:00,516.1250150000001
2023-09-16 13:00:00,749.6
2023-09-16 14:00:00,928.12501
2023-09-16 15:00:00,1037.825025
2023-09-16 16:00:00,1067.5
2023-09-16 17:00:00,1015.4250099999999
2023-09-16 18:00:00,886.9000100000001
2023-09-16 19:00:00,689.625
2023-09-16 20:00:00,442.575
2023-09-16 21:00:00,172.65
2023-09-16 22:00:00,5.57500025
2023-09-16 23:00:00,0.0
2023-09-17 00:00:00,0.0
2023-09-17 01:00:00,0.0
2023-09-17 02:00:00,0.0
2023-09-17 03:00:00,0.0
2023-09-17 04:00:00,0.0
2023-09-17 05:00:00,0.0
2023-09-17 06:00:00,0.0
2023-09-17 07:00:00,0.0
2023-09-17 08:00:00,0.0
2023-09-17 09:00:00,0.0
2023-09-17 10:00:00,32.0
2023-09-17 11:00:00,257.125
2023-09-17 12:00:00,514.1
2023-09-17 13:00:00,744.50001
2023-09-17 14:00:00,919.72501
2023-09-17 15:00:00,1026.6999999999998
2023-09-17 16:00:00,1054.175025
2023-09-17 17:00:00,1001.15002
2023-09-17 18:00:00,872.025
2023-09-17 19:00:00,608.57501
2023-09-17 20:00:00,391.300005
2023-09-17 21:00:00,124.27499999999999
2023-09-17 22:00:00,0.0
2023-09-17 23:00:00,0.0
2023-09-18 00:00:00,0.0
2023-09-18 01:00:00,0.0
2023-09-18 02:00:00,0.0
2023-09-18 03:00:00,0.0
2023-09-18 04:00:00,0.0
2023-09-18 05:00:00,0.0
2023-09-18 06:00:00,0.0
2023-09-18 07:00:00,0.0
2023-09-18 08:00:00,0.0
2023-09-18 09:00:00,0.0
2023-09-18 10:00:00,31.025
2023-09-18 11:00:00,250.27500500000002
2023-09-18 12:00:00,514.775005
2023-09-18 13:00:00,744.8
2023-09-18 14:00:00,919.50001
2023-09-18 15:00:00,1028.3250600000001
2023-09-18 16:00:00,1055.925025
2023-09-18 17:00:00,1002.92501
2023-09-18 18:00:00,875.475
2023-09-18 19:00:00,677.10001
2023-09-18 20:00:00,440.07501
2023-09-18 21:00:00,178.45000375
2023-09-18 22:00:00,6.3
2023-09-18 23:00:00,0.0
2023-09-19 00:00:00,0.0
2023-09-19 01:00:00,0.0
2023-09-19 02:00:00,0.0
2023-09-19 03:00:00,0.0
2023-09-19 04:00:00,0.0
2023-09-19 05:00:00,0.0
2023-09-19 06:00:00,0.0
2023-09-19 07:00:00,0.0
2023-09-19 08:00:00,0.0
2023-09-19 09:00:00,0.0
2023-09-19 10:00:00,34.55
2023-09-19 11:00:00,257.975005
2023-09-19 12:00:00,511.0
2023-09-19 13:00:00,737.475
2023-09-19 14:00:00,910.3
2023-09-19 15:00:00,1015.075
2023-09-19 16:00:00,1042.225075
2023-09-19 17:00:00,995.075
2023-09-19 18:00:00,871.325
2023-09-19 19:00:00,676.675
2023-09-19 20:00:00,424.35001
2023-09-19 21:00:00,142.9500025
2023-09-19 22:00:00,0.0
2023-09-19 23:00:00,0.0
2023-09-20 00:00:00,0.0
2023-09-20 01:00:00,0.0
2023-09-20 02:00:00,0.0
2023-09-20 03:00:00,0.0
2023-09-20 04:00:00,0.0
2023-09-20 05:00:00,0.0
2023-09-20 06:00:00,0.0
2023-09-20 07:00:00,0.0
2023-09-20 08:00:00,0.0
2023-09-20 09:00:00,0.0
2023-09-20 10:00:00,36.45000175
2023-09-20 11:00:00,263.8250075
2023-09-20 12:00:00,526.825
2023-09-20 13:00:00,756.07502
2023-09-20 14:00:00,929.925
2023-09-20 15:00:00,1033.375
2023-09-20 16:00:00,1059.075
2023-09-20 17:00:00,1004.95001
2023-09-20 18:00:00,875.45002
2023-09-20 19:00:00,680.925
2023-09-20 20:00:00,437.02500499999996
2023-09-20 21:00:00,172.25000500000002
2023-09-20 22:00:00,6.15
2023-09-20 23:00:00,0.0
2023-09-21 00:00:00,0.0
2023-09-21 01:00:00,0.0
2023-09-21 02:00:00,0.0
2023-09-21 03:00:00,0.0
2023-09-21 04:00:00,0.0
2023-09-21 05:00:00,0.0
2023-09-21 06:00:00,0.0
2023-09-21 07:00:00,0.0
2023-09-21 08:00:00,0.0
2023-09-21 09:00:00,0.0
2023-09-21 10:00:00,40.400001275
2023-09-21 11:00:00,274.05001000000004
2023-09-21 12:00:00,538.97501
2023-09-21 13:00:00,769.1
2023-09-21 14:00:00,943.2750100000001
2023-09-21 15:00:00,1048.15
2023-09-21 16:00:00,1074.07505
2023-09-21 17:00:00,1017.850035
2023-09-21 18:00:00,885.425
2023-09-21 19:00:00,689.175
2023-09-21 20:00:00,445.35001
2023-09-21 21:00:00,179.4
2023-09-21 22:00:00,6.775
2023-09-21 23:00:00,0.0
2023-09-22 00:00:00,0.0
2023-09-22 01:00:00,0.0
2023-09-22 02:00:00,0.0
2023-09-22 03:00:00,0.0
2023-09-22 04:00:00,0.0
2023-09-22 05:00:00,0.0
2023-09-22 06:00:00,0.0
2023-09-22 07:00:00,0.0
2023-09-22 08:00:00,0.0
2023-09-22 09:00:00,0.0
2023-09-22 10:00:00,45.15
2023-09-22 11:00:00,287.42501000000004
2023-09-22 12:00:00,556.3
2023-09-22 13:00:00,789.0
2023-09-22 14:00:00,964.775
2023-09-22 15:00:00,1069.00005
2023-09-22 16:00:00,1094.5749999999998
2023-09-22 17:00:00,1039.400025
2023-09-22 18:00:00,906.7750100000001
2023-09-22 19:00:00,706.82501
2023-09-22 20:00:00,456.45000000000005
2023-09-22 21:00:00,183.6
2023-09-22 22:00:00,7.125
2023-09-22 23:00:00,0.0
2023-09-23 00:00:00,0.0
2023-09-23 01:00:00,0.0
2023-09-23 02:00:00,0.0
2023-09-23 03:00:00,0.0
2023-09-23 04:00:00,0.0
2023-09-23 05:00:00,0.0
2023-09-23 06:00:00,0.0
2023-09-23 07:00:00,0.0
2023-09-23 08:00:00,0.0
2023-09-23 09:00:00,0.0
2023-09-23 10:00:00,43.55000175
2023-09-23 11:00:00,273.50001
2023-09-23 12:00:00,525.925
2023-09-23 13:00:00,750.7750100000001
2023-09-23 14:00:00,922.25001
2023-09-23 15:00:00,1026.80005
2023-09-23 16:00:00,1050.275025
2023-09-23 17:00:00,995.550035
2023-09-23 18:00:00,870.5
2023-09-23 19:00:00,677.6500100000001
2023-09-23 20:00:00,435.500015
2023-09-23 21:00:00,173.975
2023-09-23 22:00:00,6.725
2023-09-23 23:00:00,0.0
2023-09-24 00:00:00,0.0
2023-09-24 01:00:00,0.0
2023-09-24 02:00:00,0.0
2023-09-24 03:00:00,0.0
2023-09-24 04:00:00,0.0
2023-09-24 05:00:00,0.0
2023-09-24 06:00:00,0.0
2023-09-24 07:00:00,0.0
2023-09-24 08:00:00,0.0
2023-09-24 09:00:00,0.0
2023-09-24 10:00:00,44.7
2023-09-24 11:00:00,274.35
2023-09-24 12:00:00,529.82501
2023-09-24 13:00:00,754.75001
2023-09-24 14:00:00,925.525
2023-09-24 15:00:00,1030.4
2023-09-24 16:00:00,1056.35
2023-09-24 17:00:00,1001.75
2023-09-24 18:00:00,871.70001
2023-09-24 19:00:00,676.05002
2023-09-24 20:00:00,433.500015
2023-09-24 21:00:00,170.4250025
2023-09-24 22:00:00,6.65
2023-09-24 23:00:00,0.0
2023-09-25 00:00:00,0.0
2023-09-25 01:00:00,0.0
2023-09-25 02:00:00,0.0
2023-09-25 03:00:00,0.0
2023-09-25 04:00:00,0.0
2023-09-25 05:00:00,0.0
2023-09-25 06:00:00,0.0
2023-09-25 07:00:00,0.0
2023-09-25 08:00:00,0.0
2023-09-25 09:00:00,0.0
2023-09-25 10:00:00,46.0500005
2023-09-25 11:00:00,275.15001
2023-09-25 12:00:00,533.100005
2023-09-25 13:00:00,758.37501
2023-09-25 14:00:00,929.4
2023-09-25 15:00:00,1032.850025
2023-09-25 16:00:00,1056.375025
2023-09-25 17:00:00,997.97501
2023-09-25 18:00:00,865.75
2023-09-25 19:00:00,677.1999999999999
2023-09-25 20:00:00,438.300005
2023-09-25 21:00:00,171.350005
2023-09-25 22:00:00,6.625
2023-09-25 23:00:00,0.0
2023-09-26 00:00:00,0.0
2023-09-26 01:00:00,0.0
2023-09-26 02:00:00,0.0
2023-09-26 03:00:00,0.0
2023-09-26 04:00:00,0.0
2023-09-26 05:00:00,0.0
2023-09-26 06:00:00,0.0
2023-09-26 07:00:00,0.0
2023-09-26 08:00:00,0.0
2023-09-26 09:00:00,0.0
2023-09-26 10:00:00,50.82500275
2023-09-26 11:00:00,289.0
2023-09-26 12:00:00,553.4
2023-09-26 13:00:00,781.80002
2023-09-26 14:00:00,955.05
2023-09-26 15:00:00,1058.30005
2023-09-26 16:00:00,1081.575
2023-09-26 17:00:00,1022.6500100000001
2023-09-26 18:00:00,888.97501
2023-09-26 19:00:00,691.00002
2023-09-26 20:00:00,446.5
2023-09-26 21:00:00,181.2750025
2023-09-26 22:00:00,7.65
2023-09-26 23:00:00,0.0
2023-09-27 00:00:00,0.0
2023-09-27 01:00:00,0.0
2023-09-27 02:00:00,0.0
2023-09-27 03:00:00,0.0
2023-09-27 04:00:00,0.0
2023-09-27 05:00:00,0.0
2023-09-27 06:00:00,0.0
2023-09-27 07:00:00,0.0
2023-09-27 08:00:00,0.0
2023-09-27 09:00:00,0.0
2023-09-27 10:00:00,49.800000000000004
2023-09-27 11:00:00,234.0500025
2023-09-27 12:00:00,532.07501
2023-09-27 13:00:00,769.57501
2023-09-27 14:00:00,939.35001
2023-09-27 15:00:00,1041.425
2023-09-27 16:00:00,1063.9
2023-09-27 17:00:00,1012.875
2023-09-27 18:00:00,895.82501
2023-09-27 19:00:00,704.15001
2023-09-27 20:00:00,456.77500499999996
2023-09-27 21:00:00,187.15000125
2023-09-27 22:00:00,8.075
2023-09-27 23:00:00,0.0
2023-09-28 00:00:00,0.0
2023-09-28 01:00:00,0.0
2023-09-28 02:00:00,0.0
2023-09-28 03:00:00,0.0
2023-09-28 04:00:00,0.0
2023-09-28 05:00:00,0.0
2023-09-28 06:00:00,0.0
2023-09-28 07:00:00,0.0
2023-09-28 08:00:00,0.0
2023-09-28 09:00:00,0.0
2023-09-28 10:00:00,60.8
2023-09-28 11:00:00,318.550005
2023-09-28 12:00:00,591.62503
2023-09-28 13:00:00,822.175
2023-09-28 14:00:00,995.45001
2023-09-28 15:00:00,1097.3
2023-09-28 16:00:00,1116.675025
2023-09-28 17:00:00,1056.65001
2023-09-28 18:00:00,923.575
2023-09-28 19:00:00,722.175
2023-09-28 20:00:00,470.20001
2023-09-28 21:00:00,196.875
2023-09-28 22:00:00,9.0250005
2023-09-28 23:00:00,0.0
2023-09-29 00:00:00,0.0
2023-09-29 01:00:00,0.0
2023-09-29 02:00:00,0.0
2023-09-29 03:00:00,0.0
2023-09-29 04:00:00,0.0
2023-09-29 05:00:00,0.0
2023-09-29 06:00:00,0.0
2023-09-29 07:00:00,0.0
2023-09-29 08:00:00,0.0
2023-09-29 09:00:00,0.0
2023-09-29 10:00:00,63.125001250000004
2023-09-29 11:00:00,313.8250075
2023-09-29 12:00:00,563.45
2023-09-29 13:00:00,791.87501
2023-09-29 14:00:00,963.45001
2023-09-29 15:00:00,1062.200025
2023-09-29 16:00:00,1081.575
2023-09-29 17:00:00,1019.35001
2023-09-29 18:00:00,884.9000100000001
2023-09-29 19:00:00,687.15
2023-09-29 20:00:00,442.17501
2023-09-29 21:00:00,179.62500125
2023-09-29 22:00:00,7.875
2023-09-29 23:00:00,0.0
2023-09-30 00:00:00,0.0
2023-09-30 01:00:00,0.0
2023-09-30 02:00:00,0.0
2023-09-30 03:00:00,0.0
2023-09-30 04:00:00,0.0
2023-09-30 05:00:00,0.0
2023-09-30 06:00:00,0.0
2023-09-30 07:00:00,0.0
2023-09-30 08:00:00,0.0
2023-09-30 09:00:00,0.0
2023-09-30 10:00:00,53.125001250000004
2023-09-30 11:00:00,268.025005
2023-09-30 12:00:00,539.72501
2023-09-30 13:00:00,766.2
2023-09-30 14:00:00,936.65
2023-09-30 15:00:00,1040.3
2023-09-30 16:00:00,1057.2001
2023-09-30 17:00:00,999.15002
2023-09-30 18:00:00,875.95002
2023-09-30 19:00:00,682.3
2023-09-30 20:00:00,434.875
2023-09-30 21:00:00,149.6
2023-09-30 22:00:00,0.0
2023-09-30 23:00:00,0.0
2023-10-01 00:00:00,0.0
2023-10-01 01:00:00,0.0
2023-10-01 02:00:00,0.0
2023-10-01 03:00:00,0.0
2023-10-01 04:00:00,0.0
2023-10-01 05:00:00,0.0
2023-10-01 06:00:00,0.0
2023-10-01 07:00:00,0.0
2023-10-01 08:00:00,0.0
2023-10-01 09:00:00,0.0
2023-10-01 10:00:00,60.9
2023-10-01 11:00:00,303.600005
2023-10-01 12:00:00,575.4000100000001
2023-10-01 13:00:00,803.7250200000001
2023-10-01 14:00:00,975.575025
2023-10-01 15:00:00,1077.2
2023-10-01 16:00:00,1099.375025
2023-10-01 17:00:00,1041.725
2023-10-01 18:00:00,910.07501
2023-10-01 19:00:00,711.2249999999999
2023-10-01 20:00:00,462.550005
2023-10-01 21:00:00,190.4
2023-10-01 22:00:00,8.95
2023-10-01 23:00:00,0.0
2023-10-02 00:00:00,0.0
2023-10-02 01:00:00,0.0
2023-10-02 02:00:00,0.0
2023-10-02 03:00:00,0.0
2023-10-02 04:00:00,0.0
2023-10-02 05:00:00,0.0
2023-10-02 06:00:00,0.0
2023-10-02 07:00:00,0.0
2023-10-02 08:00:00,0.0
2023-10-02 09:00:00,0.0
2023-10-02 10:00:00,71.5000025
2023-10-02 11:00:00,329.8
2023-10-02 12:00:00,600.95002
2023-10-02 13:00:00,833.75
2023-10-02 14:00:00,1008.70001
2023-10-02 15:00:00,1111.125025
2023-10-02 16:00:00,1131.8
2023-10-02 17:00:00,1069.400025
2023-10-02 18:00:00,930.55002
2023-10-02 19:00:00,726.3249999999999
2023-10-02 20:00:00,474.775005
2023-10-02 21:00:00,200.57500124999999
2023-10-02 22:00:00,10.0
2023-10-02 23:00:00,0.0
2023-10-03 00:00:00,0.0
2023-10-03 01:00:00,0.0
2023-10-03 02:00:00,0.0
2023-10-03 03:00:00,0.0
2023-10-03 04:00:00,0.0
2023-10-03 05:00:00,0.0
2023-10-03 06:00:00,0.0
2023-10-03 07:00:00,0.0
2023-10-03 08:00:00,0.0
2023-10-03 09:00:00,0.0
2023-10-03 10:00:00,76.8750025
2023-10-03 11:00:00,340.250005
2023-10-03 12:00:00,608.87501
2023-10-03 13:00:00,839.3
2023-10-03 14:00:00,1010.8
2023-10-03 15:00:00,1108.75
2023-10-03 16:00:00,1125.425
2023-10-03 17:00:00,1062.450025
2023-10-03 18:00:00,928.07502
2023-10-03 19:00:00,727.02503
2023-10-03 20:00:00,474.80001500000003
2023-10-03 21:00:00,203.25
2023-10-03 22:00:00,10.45
2023-10-03 23:00:00,0.0
2023-10-04 00:00:00,0.0
2023-10-04 01:00:00,0.0
2023-10-04 02:00:00,0.0
2023-10-04 03:00:00,0.0
2023-10-04 04:00:00,0.0
2023-10-04 05:00:00,0.0
2023-10-04 06:00:00,0.0
2023-10-04 07:00:00,0.0
2023-10-04 08:00:00,0.0
2023-10-04 09:00:00,0.0
2023-10-04 10:00:00,80.850003
2023-10-04 11:00:00,313.30001
2023-10-04 12:00:00,614.775
2023-10-04 13:00:00,847.0999999999999
2023-10-04 14:00:00,1020.4000100000001
2023-10-04 15:00:00,1119.275
2023-10-04 16:00:00,1138.30005
2023-10-04 17:00:00,1078.575025
2023-10-04 18:00:00,940.42501
2023-10-04 19:00:00,727.77502
2023-10-04 20:00:00,312.5500025
2023-10-04 21:00:00,15.25
2023-10-04 22:00:00,0.0
2023-10-04 23:00:00,0.0
2023-10-05 00:00:00,0.0
2023-10-05 01:00:00,0.0
2023-10-05 02:00:00,0.0
2023-10-05 03:00:00,0.0
2023-10-05 04:00:00,0.0
2023-10-05 05:00:00,0.0
2023-10-05 06:00:00,0.0
2023-10-05 07:00:00,0.0
2023-10-05 08:00:00,0.0
2023-10-05 09:00:00,0.0
2023-10-05 10:00:00,83.8250005
2023-10-05 11:00:00,352.8750025
2023-10-05 12:00:00,623.0999999999999
2023-10-05 13:00:00,853.975
2023-10-05 14:00:00,1024.9
2023-10-05 15:00:00,1124.35
2023-10-05 16:00:00,1147.275
2023-10-05 17:00:00,1085.200025
2023-10-05 18:00:00,942.975
2023-10-05 19:00:00,735.45001
2023-10-05 20:00:00,472.20000500000003
2023-10-05 21:00:00,67.22500375
2023-10-05 22:00:00,0.0
2023-10-05 23:00:00,0.0
2023-10-06 00:00:00,0.0
2023-10-06 01:00:00,0.0
2023-10-06 02:00:00,0.0
2023-10-06 03:00:00,0.0
2023-10-06 04:00:00,0.0
2023-10-06 05:00:00,0.0
2023-10-06 06:00:00,0.0
2023-10-06 07:00:00,0.0
2023-10-06 08:00:00,0.0
2023-10-06 09:00:00,0.0
2023-10-06 10:00:00,86.6250025
2023-10-06 11:00:00,356.25
2023-10-06 12:00:00,622.20001
2023-10-06 13:00:00,852.20001
2023-10-06 14:00:00,1023.4250099999999
2023-10-06 15:00:00,1121.025
2023-10-06 16:00:00,1138.30005
2023-10-06 17:00:00,1074.6
2023-10-06 18:00:00,934.75001
2023-10-06 19:00:00,730.92501
2023-10-06 20:00:00,479.65
2023-10-06 21:00:00,173.70000025
2023-10-06 22:00:00,0.0
2023-10-06 23:00:00,0.0
2023-10-07 00:00:00,0.0
2023-10-07 01:00:00,0.0
2023-10-07 02:00:00,0.0
2023-10-07 03:00:00,0.0
2023-10-07 04:00:00,0.0
2023-10-07 05:00:00,0.0
2023-10-07 06:00:00,0.0
2023-10-07 07:00:00,0.0
2023-10-07 08:00:00,0.0
2023-10-07 09:00:00,0.0
2023-10-07 10:00:00,87.2000005
2023-10-07 11:00:00,351.875
2023-10-07 12:00:00,616.425
2023-10-07 13:00:00,841.80001
2023-10-07 14:00:00,1010.2750249999999
2023-10-07 15:00:00,1106.97505
2023-10-07 16:00:00,1125.2
2023-10-07 17:00:00,1063.975
2023-10-07 18:00:00,925.67503
2023-10-07 19:00:00,724.675
2023-10-07 20:00:00,471.3
2023-10-07 21:00:00,117.00000375
2023-10-07 22:00:00,0.125
2023-10-07 23:00:00,0.0
2023-10-08 00:00:00,0.0
2023-10-08 01:00:00,0.0
2023-10-08 02:00:00,0.0
2023-10-08 03:00:00,0.0
2023-10-08 04:00:00,0.0
2023-10-08 05:00:00,0.0
2023-10-08 06:00:00,0.0
2023-10-08 07:00:00,0.0
2023-10-08 08:00:00,0.0
2023-10-08 09:00:00,0.0
2023-10-08 10:00:00,91.4
2023-10-08 11:00:00,360.27500499999996
2023-10-08 12:00:00,626.82502
2023-10-08 13:00:00,856.50001
2023-10-08 14:00:00,1027.525
2023-10-08 15:00:00,1127.45005
2023-10-08 16:00:00,1148.8
2023-10-08 17:00:00,1087.55
2023-10-08 18:00:00,947.4
2023-10-08 19:00:00,742.50001
2023-10-08 20:00:00,488.95000500000003
2023-10-08 21:00:00,201.92500124999998
2023-10-08 22:00:00,0.0
2023-10-08 23:00:00,0.0
2023-10-09 00:00:00,0.0
2023-10-09 01:00:00,0.0
2023-10-09 02:00:00,0.0
2023-10-09 03:00:00,0.0
2023-10-09 04:00:00,0.0
2023-10-09 05:00:00,0.0
2023-10-09 06:00:00,0.0
2023-10-09 07:00:00,0.0
2023-10-09 08:00:00,0.0
2023-10-09 09:00:00,0.0
2023-10-09 10:00:00,90.6500025
2023-10-09 11:00:00,349.3
2023-10-09 12:00:00,615.95002
2023-10-09 13:00:00,840.6
2023-10-09 14:00:00,1007.77505
2023-10-09 15:00:00,1104.90005
2023-10-09 16:00:00,1122.2001
2023-10-09 17:00:00,1060.150025
2023-10-09 18:00:00,924.55
2023-10-09 19:00:00,724.025
2023-10-09 20:00:00,474.15001
2023-10-09 21:00:00,204.175005
2023-10-09 22:00:00,12.1
2023-10-09 23:00:00,0.0
2023-10-10 00:00:00,0.0
2023-10-10 01:00:00,0.0
2023-10-10 02:00:00,0.0
2023-10-10 03:00:00,0.0
2023-10-10 04:00:00,0.0
2023-10-10 05:00:00,0.0
2023-10-10 06:00:00,0.0
2023-10-10 07:00:00,0.0
2023-10-10 08:00:00,0.0
2023-10-10 09:00:00,0.0
2023-10-10 10:00:00,98.4500025
2023-10-10 11:00:00,365.525
2023-10-10 12:00:00,635.875
2023-10-10 13:00:00,863.32501
2023-10-10 14:00:00,1033.15
2023-10-10 15:00:00,1131.675
2023-10-10 16:00:00,1148.4750250000002
2023-10-10 17:00:00,1081.9
2023-10-10 18:00:00,940.45002
2023-10-10 19:00:00,739.17502
2023-10-10 20:00:00,491.87502
2023-10-10 21:00:00,182.05000024999998
2023-10-10 22:00:00,0.0
2023-10-10 23:00:00,0.0
2023-10-11 00:00:00,0.0
2023-10-11 01:00:00,0.0
2023-10-11 02:00:00,0.0
2023-10-11 03:00:00,0.0
2023-10-11 04:00:00,0.0
2023-10-11 05:00:00,0.0
2023-10-11 06:00:00,0.0
2023-10-11 07:00:00,0.0
2023-10-11 08:00:00,0.0
2023-10-11 09:00:00,0.0
2023-10-11 10:00:00,104.47500000000001
2023-10-11 11:00:00,381.225005
2023-10-11 12:00:00,651.95
2023-10-11 13:00:00,883.35001
2023-10-11 14:00:00,1055.25
2023-10-11 15:00:00,1154.075025
2023-10-11 16:00:00,1171.275025
2023-10-11 17:00:00,1103.775
2023-10-11 18:00:00,958.7
2023-10-11 19:00:00,644.40001
2023-10-11 20:00:00,299.30000125
2023-10-11 21:00:00,17.85
2023-10-11 22:00:00,0.0
2023-10-11 23:00:00,0.0
2023-10-12 00:00:00,0.0
2023-10-12 01:00:00,0.0
2023-10-12 02:00:00,0.0
2023-10-12 03:00:00,0.0
2023-10-12 04:00:00,0.0
2023-10-12 05:00:00,0.0
2023-10-12 06:00:00,0.0
2023-10-12 07:00:00,0.0
2023-10-12 08:00:00,0.0
2023-10-12 09:00:00,0.0
2023-10-12 10:00:00,92.075
2023-10-12 11:00:00,351.5000025
2023-10-12 12:00:00,613.5
2023-10-12 13:00:00,839.9
2023-10-12 14:00:00,1010.7000350000001
2023-10-12 15:00:00,1118.7
2023-10-12 16:00:00,1129.900025
2023-10-12 17:00:00,1060.47506
2023-10-12 18:00:00,928.3000099999999
2023-10-12 19:00:00,739.17501
2023-10-12 20:00:00,493.475
2023-10-12 21:00:00,137.75
2023-10-12 22:00:00,0.0
2023-10-12 23:00:00,0.0
2023-10-13 00:00:00,0.0
2023-10-13 01:00:00,0.0
2023-10-13 02:00:00,0.0
2023-10-13 03:00:00,0.0
2023-10-13 04:00:00,0.0
2023-10-13 05:00:00,0.0
2023-10-13 06:00:00,0.0
2023-10-13 07:00:00,0.0
2023-10-13 08:00:00,0.0
2023-10-13 09:00:00,0.0
2023-10-13 10:00:00,108.94999999999999
2023-10-13 11:00:00,380.975005
2023-10-13 12:00:00,654.72502
2023-10-13 13:00:00,884.7750100000001
2023-10-13 14:00:00,1055.300025
2023-10-13 15:00:00,1152.775025
2023-10-13 16:00:00,1170.100025
2023-10-13 17:00:00,1104.275
2023-10-13 18:00:00,958.75001
2023-10-13 19:00:00,749.20002
2023-10-13 20:00:00,491.82501
2023-10-13 21:00:00,205.05
2023-10-13 22:00:00,13.0
2023-10-13 23:00:00,0.0
2023-10-14 00:00:00,0.0
2023-10-14 01:00:00,0.0
2023-10-14 02:00:00,0.0
2023-10-14 03:00:00,0.0
2023-10-14 04:00:00,0.0
2023-10-14 05:00:00,0.0
2023-10-14 06:00:00,0.0
2023-10-14 07:00:00,0.0
2023-10-14 08:00:00,0.0
2023-10-14 09:00:00,0.0
2023-10-14 10:00:00,96.975
2023-10-14 11:00:00,354.54999999999995
2023-10-14 12:00:00,643.00001
2023-10-14 13:00:00,871.65001
2023-10-14 14:00:00,1042.0
2023-10-14 15:00:00,1141.175
2023-10-14 16:00:00,1157.925075
2023-10-14 17:00:00,1091.52505
2023-10-14 18:00:00,948.12501
2023-10-14 19:00:00,740.52501
2023-10-14 20:00:00,487.375005
2023-10-14 21:00:00,210.9
2023-10-14 22:00:00,14.424999999999999
2023-10-14 23:00:00,0.0
2023-10-15 00:00:00,0.0
2023-10-15 01:00:00,0.0
2023-10-15 02:00:00,0.0
2023-10-15 03:00:00,0.0
2023-10-15 04:00:00,0.0
2023-10-15 05:00:00,0.0
2023-10-15 06:00:00,0.0
2023-10-15 07:00:00,0.0
2023-10-15 08:00:00,0.0
2023-10-15 09:00:00,0.0
2023-10-15 10:00:00,102.35
2023-10-15 11:00:00,359.77500499999996
2023-10-15 12:00:00,625.25
2023-10-15 13:00:00,848.5250100000001
2023-10-15 14:00:00,1015.22505
2023-10-15 15:00:00,1110.6
2023-10-15 16:00:00,1126.950025
2023-10-15 17:00:00,1061.20001
2023-10-15 18:00:00,917.075
2023-10-15 19:00:00,713.6750099999999
2023-10-15 20:00:00,435.52502000000004
2023-10-15 21:00:00,186.40000750000002
2023-10-15 22:00:00,4.875
2023-10-15 23:00:00,0.0
2023-10-16 00:00:00,0.0
2023-10-16 01:00:00,0.0
2023-10-16 02:00:00,0.0
2023-10-16 03:00:00,0.0
2023-10-16 04:00:00,0.0
2023-10-16 05:00:00,0.0
2023-10-16 06:00:00,0.0
2023-10-16 07:00:00,0.0
2023-10-16 08:00:00,0.0
2023-10-16 09:00:00,0.0
2023-10-16 10:00:00,107.00000275
2023-10-16 11:00:00,363.600005
2023-10-16 12:00:00,612.7
2023-10-16 13:00:00,833.20001
2023-10-16 14:00:00,996.8249999999999
2023-10-16 15:00:00,1088.750025
2023-10-16 16:00:00,1103.100025
2023-10-16 17:00:00,1039.65
2023-10-16 18:00:00,694.5500099999999
2023-10-16 19:00:00,544.92501
2023-10-16 20:00:00,368.500005
2023-10-16 21:00:00,137.8000025
2023-10-16 22:00:00,4.525
2023-10-16 23:00:00,0.0
2023-10-17 00:00:00,0.0
2023-10-17 01:00:00,0.0
2023-10-17 02:00:00,0.0
2023-10-17 03:00:00,0.0
2023-10-17 04:00:00,0.0
2023-10-17 05:00:00,0.0
2023-10-17 06:00:00,0.0
2023-10-17 07:00:00,0.0
2023-10-17 08:00:00,0.0
2023-10-17 09:00:00,0.0
2023-10-17 10:00:00,87.9000005
2023-10-17 11:00:00,327.9
2023-10-17 12:00:00,580.2
2023-10-17 13:00:00,798.55003
2023-10-17 14:00:00,961.3000099999999
2023-10-17 15:00:00,1066.2749999999999
2023-10-17 16:00:00,1081.60005
2023-10-17 17:00:00,1018.0999999999999
2023-10-17 18:00:00,884.80001
2023-10-17 19:00:00,488.800005
2023-10-17 20:00:00,157.47500175
2023-10-17 21:00:00,0.0
2023-10-17 22:00:00,0.0
2023-10-17 23:00:00,0.0
2023-10-18 00:00:00,0.0
2023-10-18 01:00:00,0.0
2023-10-18 02:00:00,0.0
2023-10-18 03:00:00,0.0
2023-10-18 04:00:00,0.0
2023-10-18 05:00:00,0.0
2023-10-18 06:00:00,0.0
2023-10-18 07:00:00,0.0
2023-10-18 08:00:00,0.0
2023-10-18 09:00:00,0.0
2023-10-18 10:00:00,100.95000125
2023-10-18 11:00:00,349.475
2023-10-18 12:00:00,588.575025
2023-10-18 13:00:00,807.35
2023-10-18 14:00:00,970.32501
2023-10-18 15:00:00,1063.82505
2023-10-18 16:00:00,1076.475025
2023-10-18 17:00:00,887.425
2023-10-18 18:00:00,651.125
2023-10-18 19:00:00,401.55
2023-10-18 20:00:00,135.85000125
2023-10-18 21:00:00,0.0
2023-10-18 22:00:00,0.0
2023-10-18 23:00:00,0.0
2023-10-19 00:00:00,0.0
2023-10-19 01:00:00,0.0
2023-10-19 02:00:00,0.0
2023-10-19 03:00:00,0.0
2023-10-19 04:00:00,0.0
2023-10-19 05:00:00,0.0
2023-10-19 06:00:00,0.0
2023-10-19 07:00:00,0.0
2023-10-19 08:00:00,0.0
2023-10-19 09:00:00,0.0
2023-10-19 10:00:00,101.4000025
2023-10-19 11:00:00,348.375
2023-10-19 12:00:00,585.70001
2023-10-19 13:00:00,810.55
2023-10-19 14:00:00,974.85001
2023-10-19 15:00:00,1072.25
2023-10-19 16:00:00,994.65
2023-10-19 17:00:00,1019.625
2023-10-19 18:00:00,761.5500099999999
2023-10-19 19:00:00,630.225015
2023-10-19 20:00:00,310.9
2023-10-19 21:00:00,89.45
2023-10-19 22:00:00,0.0
2023-10-19 23:00:00,0.0
2023-10-20 00:00:00,0.0
2023-10-20 01:00:00,0.0
2023-10-20 02:00:00,0.0
2023-10-20 03:00:00,0.0
2023-10-20 04:00:00,0.0
2023-10-20 05:00:00,0.0
2023-10-20 06:00:00,0.0
2023-10-20 07:00:00,0.0
2023-10-20 08:00:00,0.0
2023-10-20 09:00:00,0.0
2023-10-20 10:00:00,113.5000025
2023-10-20 11:00:00,370.20000500000003
2023-10-20 12:00:00,631.07502
2023-10-20 13:00:00,851.37502
2023-10-20 14:00:00,1013.675025
2023-10-20 15:00:00,1111.7
2023-10-20 16:00:00,1125.550025
2023-10-20 17:00:00,1059.925035
2023-10-20 18:00:00,919.15
2023-10-20 19:00:00,717.025
2023-10-20 20:00:00,472.775
2023-10-20 21:00:00,210.87500625
2023-10-20 22:00:00,17.175
2023-10-20 23:00:00,0.0
2023-10-21 00:00:00,0.0
2023-10-21 01:00:00,0.0
2023-10-21 02:00:00,0.0
2023-10-21 03:00:00,0.0
2023-10-21 04:00:00,0.0
2023-10-21 05:00:00,0.0
2023-10-21 06:00:00,0.0
2023-10-21 07:00:00,0.0
2023-10-21 08:00:00,0.0
2023-10-21 09:00:00,0.0
2023-10-21 10:00:00,118.05000000000001
2023-10-21 11:00:00,373.925005
2023-10-21 12:00:00,618.55
2023-10-21 13:00:00,836.70002
2023-10-21 14:00:00,997.5250100000001
2023-10-21 15:00:00,1092.750025
2023-10-21 16:00:00,1106.775
2023-10-21 17:00:00,1041.10005
2023-10-21 18:00:00,895.47501
2023-10-21 19:00:00,585.9
2023-10-21 20:00:00,338.55
2023-10-21 21:00:00,29.07500125
2023-10-21 22:00:00,0.0
2023-10-21 23:00:00,0.0
2023-10-22 00:00:00,0.0
2023-10-22 01:00:00,0.0
2023-10-22 02:00:00,0.0
2023-10-22 03:00:00,0.0
2023-10-22 04:00:00,0.0
2023-10-22 05:00:00,0.0
2023-10-22 06:00:00,0.0
2023-10-22 07:00:00,0.0
2023-10-22 08:00:00,0.0
2023-10-22 09:00:00,0.0
2023-10-22 10:00:00,113.9750025
2023-10-22 11:00:00,366.100005
2023-10-22 12:00:00,622.3
2023-10-22 13:00:00,839.225
2023-10-22 14:00:00,999.050035
2023-10-22 15:00:00,1090.850025
2023-10-22 16:00:00,1102.9
2023-10-22 17:00:00,1036.75
2023-10-22 18:00:00,897.0250100000001
2023-10-22 19:00:00,661.425
2023-10-22 20:00:00,278.10000125
2023-10-22 21:00:00,0.0
2023-10-22 22:00:00,0.0
2023-10-22 23:00:00,0.0
2023-10-23 00:00:00,0.0
2023-10-23 01:00:00,0.0
2023-10-23 02:00:00,0.0
2023-10-23 03:00:00,0.0
2023-10-23 04:00:00,0.0
2023-10-23 05:00:00,0.0
2023-10-23 06:00:00,0.0
2023-10-23 07:00:00,0.0
2023-10-23 08:00:00,0.0
2023-10-23 09:00:00,0.22500001
2023-10-23 10:00:00,120.95000250000001
2023-10-23 11:00:00,376.0
2023-10-23 12:00:00,627.5
2023-10-23 13:00:00,844.4000000000001
2023-10-23 14:00:00,1004.5500099999999
2023-10-23 15:00:00,1099.7
2023-10-23 16:00:00,1110.675025
2023-10-23 17:00:00,988.600025
2023-10-23 18:00:00,621.00001
2023-10-23 19:00:00,332.475005
2023-10-23 20:00:00,108.22500550000001
2023-10-23 21:00:00,0.0
2023-10-23 22:00:00,0.0
2023-10-23 23:00:00,0.0
2023-10-24 00:00:00,0.0
2023-10-24 01:00:00,0.0
2023-10-24 02:00:00,0.0
2023-10-24 03:00:00,0.0
2023-10-24 04:00:00,0.0
2023-10-24 05:00:00,0.0
2023-10-24 06:00:00,0.0
2023-10-24 07:00:00,0.0
2023-10-24 08:00:00,0.0
2023-10-24 09:00:00,0.475
2023-10-24 10:00:00,118.07499999999999
2023-10-24 11:00:00,371.95
2023-10-24 12:00:00,637.80002
2023-10-24 13:00:00,855.17501
2023-10-24 14:00:00,1017.35
2023-10-24 15:00:00,1117.650025
2023-10-24 16:00:00,1133.40005
2023-10-24 17:00:00,1068.2
2023-10-24 18:00:00,930.75002
2023-10-24 19:00:00,730.25001
2023-10-24 20:00:00,487.67501000000004
2023-10-24 21:00:00,223.6250025
2023-10-24 22:00:00,20.60000025
2023-10-24 23:00:00,0.0
2023-10-25 00:00:00,0.0
2023-10-25 01:00:00,0.0
2023-10-25 02:00:00,0.0
2023-10-25 03:00:00,0.0
2023-10-25 04:00:00,0.0
2023-10-25 05:00:00,0.0
2023-10-25 06:00:00,0.0
2023-10-25 07:00:00,0.0
2023-10-25 08:00:00,0.0
2023-10-25 09:00:00,0.0
2023-10-25 10:00:00,116.675
2023-10-25 11:00:00,364.775
2023-10-25 12:00:00,616.87503
2023-10-25 13:00:00,864.5250100000001
2023-10-25 14:00:00,1035.475
2023-10-25 15:00:00,1136.825025
2023-10-25 16:00:00,1150.625025
2023-10-25 17:00:00,1079.525025
2023-10-25 18:00:00,938.27501
2023-10-25 19:00:00,739.97501
2023-10-25 20:00:00,496.52501
2023-10-25 21:00:00,187.54999999999998
2023-10-25 22:00:00,0.925
2023-10-25 23:00:00,0.0
2023-10-26 00:00:00,0.0
2023-10-26 01:00:00,0.0
2023-10-26 02:00:00,0.0
2023-10-26 03:00:00,0.0
2023-10-26 04:00:00,0.0
2023-10-26 05:00:00,0.0
2023-10-26 06:00:00,0.0
2023-10-26 07:00:00,0.0
2023-10-26 08:00:00,0.0
2023-10-26 09:00:00,0.0
2023-10-26 10:00:00,152.2750025
2023-10-26 11:00:00,428.650005
2023-10-26 12:00:00,695.475
2023-10-26 13:00:00,921.2249999999999
2023-10-26 14:00:00,1085.75
2023-10-26 15:00:00,1174.475025
2023-10-26 16:00:00,1179.1
2023-10-26 17:00:00,1105.125025
2023-10-26 18:00:00,965.075
2023-10-26 19:00:00,765.775
2023-10-26 20:00:00,516.125
2023-10-26 21:00:00,214.1750025
2023-10-26 22:00:00,9.25
2023-10-26 23:00:00,0.0
2023-10-27 00:00:00,0.0
2023-10-27 01:00:00,0.0
2023-10-27 02:00:00,0.0
2023-10-27 03:00:00,0.0
2023-10-27 04:00:00,0.0
2023-10-27 05:00:00,0.0
2023-10-27 06:00:00,0.0
2023-10-27 07:00:00,0.0
2023-10-27 08:00:00,0.0
2023-10-27 09:00:00,0.0
2023-10-27 10:00:00,155.9750005
2023-10-27 11:00:00,420.55
2023-10-27 12:00:00,701.27502
2023-10-27 13:00:00,928.2750100000001
2023-10-27 14:00:00,1090.875
2023-10-27 15:00:00,1180.825
2023-10-27 16:00:00,1193.35005
2023-10-27 17:00:00,1130.875025
2023-10-27 18:00:00,989.65001
2023-10-27 19:00:00,779.72501
2023-10-27 20:00:00,507.7
2023-10-27 21:00:00,54.275
2023-10-27 22:00:00,0.0
2023-10-27 23:00:00,0.0
2023-10-28 00:00:00,0.0
2023-10-28 01:00:00,0.0
2023-10-28 02:00:00,0.0
2023-10-28 03:00:00,0.0
2023-10-28 04:00:00,0.0
2023-10-28 05:00:00,0.0
2023-10-28 06:00:00,0.0
2023-10-28 07:00:00,0.0
2023-10-28 08:00:00,0.0
2023-10-28 09:00:00,0.5
2023-10-28 10:00:00,159.550005
2023-10-28 11:00:00,437.125
2023-10-28 12:00:00,698.72501
2023-10-28 13:00:00,923.1500100000001
2023-10-28 14:00:00,1086.925
2023-10-28 15:00:00,1181.3
2023-10-28 16:00:00,1192.75
2023-10-28 17:00:00,1119.850025
2023-10-28 18:00:00,971.8000099999999
2023-10-28 19:00:00,765.9
2023-10-28 20:00:00,515.875
2023-10-28 21:00:00,244.500005
2023-10-28 22:00:00,25.475
2023-10-28 23:00:00,0.0
2023-10-29 00:00:00,0.0
2023-10-29 01:00:00,0.0
2023-10-29 02:00:00,0.0
2023-10-29 03:00:00,0.0
2023-10-29 04:00:00,0.0
2023-10-29 05:00:00,0.0
2023-10-29 06:00:00,0.0
2023-10-29 07:00:00,0.0
2023-10-29 08:00:00,0.0
2023-10-29 09:00:00,0.4
2023-10-29 10:00:00,161.275
2023-10-29 11:00:00,438.15
2023-10-29 12:00:00,706.60001
2023-10-29 13:00:00,931.225
2023-10-29 14:00:00,1096.925025
2023-10-29 15:00:00,1190.75005
2023-10-29 16:00:00,1204.875
2023-10-29 17:00:00,1133.675075
2023-10-29 18:00:00,985.675035
2023-10-29 19:00:00,777.75001
2023-10-29 20:00:00,526.350005
2023-10-29 21:00:00,223.12500500000002
2023-10-29 22:00:00,0.0
2023-10-29 23:00:00,0.0
2023-10-30 00:00:00,0.0
2023-10-30 01:00:00,0.0
2023-10-30 02:00:00,0.0
2023-10-30 03:00:00,0.0
2023-10-30 04:00:00,0.0
2023-10-30 05:00:00,0.0
2023-10-30 06:00:00,0.0
2023-10-30 07:00:00,0.0
2023-10-30 08:00:00,0.0
2023-10-30 09:00:00,1.475
2023-10-30 10:00:00,164.90000500000002
2023-10-30 11:00:00,441.75
2023-10-30 12:00:00,707.275
2023-10-30 13:00:00,932.45
2023-10-30 14:00:00,1098.45005
2023-10-30 15:00:00,1192.1
2023-10-30 16:00:00,1203.850025
2023-10-30 17:00:00,1133.80005
2023-10-30 18:00:00,990.6500100000001
2023-10-30 19:00:00,783.65
2023-10-30 20:00:00,469.0250025
2023-10-30 21:00:00,24.725001250000002
2023-10-30 22:00:00,0.0
2023-10-30 23:00:00,0.0
2023-10-31 00:00:00,0.0
2023-10-31 01:00:00,0.0
2023-10-31 02:00:00,0.0
2023-10-31 03:00:00,0.0
2023-10-31 04:00:00,0.0
2023-10-31 05:00:00,0.0
2023-10-31 06:00:00,0.0
2023-10-31 07:00:00,0.0
2023-10-31 08:00:00,0.0
2023-10-31 09:00:00,0.425
2023-10-31 10:00:00,157.625
2023-10-31 11:00:00,419.775005
2023-10-31 12:00:00,678.3500200000001
2023-10-31 13:00:00,897.925
2023-10-31 14:00:00,1061.725025
2023-10-31 15:00:00,1159.225075
2023-10-31 16:00:00,1171.60005
2023-10-31 17:00:00,1100.575025
2023-10-31 18:00:00,961.62503
2023-10-31 19:00:00,763.025
2023-10-31 20:00:00,516.625
2023-10-31 21:00:00,228.35
2023-10-31 22:00:00,2.0
2023-10-31 23:00:00,0.0
2023-11-01 00:00:00,0.0
2023-11-01 01:00:00,0.0
2023-11-01 02:00:00,0.0
2023-11-01 03:00:00,0.0
2023-11-01 04:00:00,0.0
2023-11-01 05:00:00,0.0
2023-11-01 06:00:00,0.0
2023-11-01 07:00:00,0.0
2023-11-01 08:00:00,0.0
2023-11-01 09:00:00,2.65
2023-11-01 10:00:00,156.32500375
2023-11-01 11:00:00,393.75
2023-11-01 12:00:00,678.87501
2023-11-01 13:00:00,906.0500099999999
2023-11-01 14:00:00,1069.2
2023-11-01 15:00:00,1158.77505
2023-11-01 16:00:00,1170.5500000000002
2023-11-01 17:00:00,1117.65
2023-11-01 18:00:00,991.60001
2023-11-01 19:00:00,789.17501
2023-11-01 20:00:00,531.4
2023-11-01 21:00:00,255.925005
2023-11-01 22:00:00,5.25
2023-11-01 23:00:00,0.0
2023-11-02 00:00:00,0.0
2023-11-02 01:00:00,0.0
2023-11-02 02:00:00,0.0
2023-11-02 03:00:00,0.0
2023-11-02 04:00:00,0.0
2023-11-02 05:00:00,0.0
2023-11-02 06:00:00,0.0
2023-11-02 07:00:00,0.0
2023-11-02 08:00:00,0.0
2023-11-02 09:00:00,4.525
2023-11-02 10:00:00,171.25
2023-11-02 11:00:00,449.32501
2023-11-02 12:00:00,717.2750100000001
2023-11-02 13:00:00,943.15001
2023-11-02 14:00:00,1107.725
2023-11-02 15:00:00,1199.950025
2023-11-02 16:00:00,1212.275
2023-11-02 17:00:00,1143.175025
2023-11-02 18:00:00,997.1500450000001
2023-11-02 19:00:00,789.45
2023-11-02 20:00:00,538.5
2023-11-02 21:00:00,150.57500375
2023-11-02 22:00:00,31.425
2023-11-02 23:00:00,0.0
2023-11-03 00:00:00,0.0
2023-11-03 01:00:00,0.0
2023-11-03 02:00:00,0.0
2023-11-03 03:00:00,0.0
2023-11-03 04:00:00,0.0
2023-11-03 05:00:00,0.0
2023-11-03 06:00:00,0.0
2023-11-03 07:00:00,0.0
2023-11-03 08:00:00,0.0
2023-11-03 09:00:00,5.1
2023-11-03 10:00:00,177.625005
2023-11-03 11:00:00,459.6
2023-11-03 12:00:00,729.32501
2023-11-03 13:00:00,956.2750100000001
2023-11-03 14:00:00,1122.275025
2023-11-03 15:00:00,1214.375
2023-11-03 16:00:00,1225.0249999999999
2023-11-03 17:00:00,1151.95
2023-11-03 18:00:00,1003.35001
2023-11-03 19:00:00,795.05002
2023-11-03 20:00:00,541.475005
2023-11-03 21:00:00,254.37501
2023-11-03 22:00:00,10.625
2023-11-03 23:00:00,0.0
2023-11-04 00:00:00,0.0
2023-11-04 01:00:00,0.0
2023-11-04 02:00:00,0.0
2023-11-04 03:00:00,0.0
2023-11-04 04:00:00,0.0
2023-11-04 05:00:00,0.0
2023-11-04 06:00:00,0.0
2023-11-04 07:00:00,0.0
2023-11-04 08:00:00,0.0
2023-11-04 09:00:00,5.1
2023-11-04 10:00:00,166.57500375
2023-11-04 11:00:00,421.375005
2023-11-04 12:00:00,687.9
2023-11-04 13:00:00,906.8499999999999
2023-11-04 14:00:00,1070.225
2023-11-04 15:00:00,1164.900025
2023-11-04 16:00:00,1173.975
2023-11-04 17:00:00,1098.025
2023-11-04 18:00:00,953.20001
2023-11-04 19:00:00,755.2
2023-11-04 20:00:00,510.95000500000003
2023-11-04 21:00:00,235.0
2023-11-04 22:00:00,19.1000005
2023-11-04 23:00:00,0.0
2023-11-05 00:00:00,0.0
2023-11-05 01:00:00,0.0
2023-11-05 02:00:00,0.0
2023-11-05 03:00:00,0.0
2023-11-05 04:00:00,0.0
2023-11-05 05:00:00,0.0
2023-11-05 06:00:00,0.0
2023-11-05 07:00:00,0.0
2023-11-05 08:00:00,0.0
2023-11-05 09:00:00,5.275
2023-11-05 10:00:00,166.375
2023-11-05 11:00:00,431.75
2023-11-05 12:00:00,689.32502
2023-11-05 13:00:00,908.2750100000001
2023-11-05 14:00:00,1068.82505
2023-11-05 15:00:00,1158.600025
2023-11-05 16:00:00,1170.675
2023-11-05 17:00:00,1102.600025
2023-11-05 18:00:00,958.72501
2023-11-05 19:00:00,672.10002
2023-11-05 20:00:00,475.725
2023-11-05 21:00:00,237.575005
2023-11-05 22:00:00,27.925
2023-11-05 23:00:00,0.0
2023-11-06 00:00:00,0.0
2023-11-06 01:00:00,0.0
2023-11-06 02:00:00,0.0
2023-11-06 03:00:00,0.0
2023-11-06 04:00:00,0.0
2023-11-06 05:00:00,0.0
2023-11-06 06:00:00,0.0
2023-11-06 07:00:00,0.0
2023-11-06 08:00:00,0.0
2023-11-06 09:00:00,4.525
2023-11-06 10:00:00,149.825
2023-11-06 11:00:00,406.20001
2023-11-06 12:00:00,664.375
2023-11-06 13:00:00,878.50001
2023-11-06 14:00:00,1036.85
2023-11-06 15:00:00,1126.45
2023-11-06 16:00:00,1139.0
2023-11-06 17:00:00,1032.62501
2023-11-06 18:00:00,765.8500200000001
2023-11-06 19:00:00,531.9749999999999
2023-11-06 20:00:00,490.475005
2023-11-06 21:00:00,214.475
2023-11-06 22:00:00,8.2750005
2023-11-06 23:00:00,0.0
2023-11-07 00:00:00,0.0
2023-11-07 01:00:00,0.0
2023-11-07 02:00:00,0.0
2023-11-07 03:00:00,0.0
2023-11-07 04:00:00,0.0
2023-11-07 05:00:00,0.0
2023-11-07 06:00:00,0.0
2023-11-07 07:00:00,0.0
2023-11-07 08:00:00,0.0
2023-11-07 09:00:00,5.5
2023-11-07 10:00:00,160.675
2023-11-07 11:00:00,418.45001
2023-11-07 12:00:00,669.32501
2023-11-07 13:00:00,882.62502
2023-11-07 14:00:00,1040.6999999999998
2023-11-07 15:00:00,1131.675
2023-11-07 16:00:00,1061.2750099999998
2023-11-07 17:00:00,748.975
2023-11-07 18:00:00,869.12502
2023-11-07 19:00:00,720.0
2023-11-07 20:00:00,172.5250025
2023-11-07 21:00:00,80.20000250000001
2023-11-07 22:00:00,8.5
2023-11-07 23:00:00,0.0
2023-11-08 00:00:00,0.0
2023-11-08 01:00:00,0.0
2023-11-08 02:00:00,0.0
2023-11-08 03:00:00,0.0
2023-11-08 04:00:00,0.0
2023-11-08 05:00:00,0.0
2023-11-08 06:00:00,0.0
2023-11-08 07:00:00,0.0
2023-11-08 08:00:00,0.0
2023-11-08 09:00:00,5.625
2023-11-08 10:00:00,159.975
2023-11-08 11:00:00,416.35
2023-11-08 12:00:00,650.22501
2023-11-08 13:00:00,862.825
2023-11-08 14:00:00,1018.375
2023-11-08 15:00:00,1044.65
2023-11-08 16:00:00,931.05
2023-11-08 17:00:00,707.60001
2023-11-08 18:00:00,757.20002
2023-11-08 19:00:00,681.05001
2023-11-08 20:00:00,336.825005
2023-11-08 21:00:00,18.35
2023-11-08 22:00:00,8.425
2023-11-08 23:00:00,0.0
2023-11-09 00:00:00,0.0
2023-11-09 01:00:00,0.0
2023-11-09 02:00:00,0.0
2023-11-09 03:00:00,0.0
2023-11-09 04:00:00,0.0
2023-11-09 05:00:00,0.0
2023-11-09 06:00:00,0.0
2023-11-09 07:00:00,0.0
2023-11-09 08:00:00,0.0
2023-11-09 09:00:00,1.475
2023-11-09 10:00:00,128.0
2023-11-09 11:00:00,368.675005
2023-11-09 12:00:00,642.925
2023-11-09 13:00:00,855.025
2023-11-09 14:00:00,1011.5250249999999
2023-11-09 15:00:00,1101.57505
2023-11-09 16:00:00,1114.300025
2023-11-09 17:00:00,900.3499999999999
2023-11-09 18:00:00,322.825
2023-11-09 19:00:00,397.0
2023-11-09 20:00:00,352.175005
2023-11-09 21:00:00,119.400000025
2023-11-09 22:00:00,0.0
2023-11-09 23:00:00,0.0
2023-11-10 00:00:00,0.0
2023-11-10 01:00:00,0.0
2023-11-10 02:00:00,0.0
2023-11-10 03:00:00,0.0
2023-11-10 04:00:00,0.0
2023-11-10 05:00:00,0.0
2023-11-10 06:00:00,0.0
2023-11-10 07:00:00,0.0
2023-11-10 08:00:00,0.0
2023-11-10 09:00:00,6.175
2023-11-10 10:00:00,162.2
2023-11-10 11:00:00,417.27500499999996
2023-11-10 12:00:00,648.75001
2023-11-10 13:00:00,860.07501
2023-11-10 14:00:00,1013.325045
2023-11-10 15:00:00,995.52501
2023-11-10 16:00:00,734.875025
2023-11-10 17:00:00,713.45
2023-11-10 18:00:00,803.1
2023-11-10 19:00:00,595.82501
2023-11-10 20:00:00,193.6750025
2023-11-10 21:00:00,43.875
2023-11-10 22:00:00,0.0
2023-11-10 23:00:00,0.0
2023-11-11 00:00:00,0.0
2023-11-11 01:00:00,0.0
2023-11-11 02:00:00,0.0
2023-11-11 03:00:00,0.0
2023-11-11 04:00:00,0.0
2023-11-11 05:00:00,0.0
2023-11-11 06:00:00,0.0
2023-11-11 07:00:00,0.0
2023-11-11 08:00:00,0.0
2023-11-11 09:00:00,5.975
2023-11-11 10:00:00,181.02500625000002
2023-11-11 11:00:00,448.45000500000003
2023-11-11 12:00:00,703.07501
2023-11-11 13:00:00,920.6
2023-11-11 14:00:00,1077.95
2023-11-11 15:00:00,1164.7
2023-11-11 16:00:00,1174.65
2023-11-11 17:00:00,1081.025
2023-11-11 18:00:00,957.90002
2023-11-11 19:00:00,768.625
2023-11-11 20:00:00,528.600005
2023-11-11 21:00:00,266.7250075
2023-11-11 22:00:00,39.525001275
2023-11-11 23:00:00,0.0
2023-11-12 00:00:00,0.0
2023-11-12 01:00:00,0.0
2023-11-12 02:00:00,0.0
2023-11-12 03:00:00,0.0
2023-11-12 04:00:00,0.0
2023-11-12 05:00:00,0.0
2023-11-12 06:00:00,0.0
2023-11-12 07:00:00,0.0
2023-11-12 08:00:00,0.0
2023-11-12 09:00:00,7.70000025
2023-11-12 10:00:00,180.575
2023-11-12 11:00:00,448.72501
2023-11-12 12:00:00,705.25002
2023-11-12 13:00:00,882.72501
2023-11-12 14:00:00,1079.475
2023-11-12 15:00:00,1171.9
2023-11-12 16:00:00,1097.45001
2023-11-12 17:00:00,827.975
2023-11-12 18:00:00,537.8000099999999
2023-11-12 19:00:00,426.350005
2023-11-12 20:00:00,248.850005
2023-11-12 21:00:00,241.60000000000002
2023-11-12 22:00:00,39.000000075
2023-11-12 23:00:00,0.0
2023-11-13 00:00:00,0.0
2023-11-13 01:00:00,0.0
2023-11-13 02:00:00,0.0
2023-11-13 03:00:00,0.0
2023-11-13 04:00:00,0.0
2023-11-13 05:00:00,0.0
2023-11-13 06:00:00,0.0
2023-11-13 07:00:00,0.0
2023-11-13 08:00:00,0.0
2023-11-13 09:00:00,6.225
2023-11-13 10:00:00,160.45
2023-11-13 11:00:00,419.17499999999995
2023-11-13 12:00:00,666.65001
2023-11-13 13:00:00,883.175
2023-11-13 14:00:00,1042.925025
2023-11-13 15:00:00,1156.475025
2023-11-13 16:00:00,1097.725075
2023-11-13 17:00:00,876.075025
2023-11-13 18:00:00,961.85
2023-11-13 19:00:00,787.75002
2023-11-13 20:00:00,541.200005
2023-11-13 21:00:00,278.45
2023-11-13 22:00:00,43.975
2023-11-13 23:00:00,0.0
2023-11-14 00:00:00,0.0
2023-11-14 01:00:00,0.0
2023-11-14 02:00:00,0.0
2023-11-14 03:00:00,0.0
2023-11-14 04:00:00,0.0
2023-11-14 05:00:00,0.0
2023-11-14 06:00:00,0.0
2023-11-14 07:00:00,0.0
2023-11-14 08:00:00,0.0
2023-11-14 09:00:00,8.475
2023-11-14 10:00:00,187.67500124999998
2023-11-14 11:00:00,459.375
2023-11-14 12:00:00,716.35001
2023-11-14 13:00:00,937.75
2023-11-14 14:00:00,1099.97505
2023-11-14 15:00:00,1191.92505
2023-11-14 16:00:00,1205.000025
2023-11-14 17:00:00,1142.1
2023-11-14 18:00:00,1008.950025
2023-11-14 19:00:00,804.92501
2023-11-14 20:00:00,556.25001
2023-11-14 21:00:00,259.300005
2023-11-14 22:00:00,12.225
2023-11-14 23:00:00,0.0
2023-11-15 00:00:00,0.0
2023-11-15 01:00:00,0.0
2023-11-15 02:00:00,0.0
2023-11-15 03:00:00,0.0
2023-11-15 04:00:00,0.0
2023-11-15 05:00:00,0.0
2023-11-15 06:00:00,0.0
2023-11-15 07:00:00,0.0
2023-11-15 08:00:00,0.0
2023-11-15 09:00:00,9.125
2023-11-15 10:00:00,193.97500375
2023-11-15 11:00:00,450.02500000000003
2023-11-15 12:00:00,729.6
2023-11-15 13:00:00,952.92502
2023-11-15 14:00:00,1109.95
2023-11-15 15:00:00,1196.20005
2023-11-15 16:00:00,1208.67505
2023-11-15 17:00:00,1142.27505
2023-11-15 18:00:00,1001.9499999999999
2023-11-15 19:00:00,800.825
2023-11-15 20:00:00,492.97501
2023-11-15 21:00:00,162.1
2023-11-15 22:00:00,17.1
2023-11-15 23:00:00,0.0
2023-11-16 00:00:00,0.0
2023-11-16 01:00:00,0.0
2023-11-16 02:00:00,0.0
2023-11-16 03:00:00,0.0
2023-11-16 04:00:00,0.0
2023-11-16 05:00:00,0.0
2023-11-16 06:00:00,0.0
2023-11-16 07:00:00,0.0
2023-11-16 08:00:00,0.0
2023-11-16 09:00:00,9.075
2023-11-16 10:00:00,189.65
2023-11-16 11:00:00,431.475005
2023-11-16 12:00:00,621.07501
2023-11-16 13:00:00,809.3000099999999
2023-11-16 14:00:00,1083.900075
2023-11-16 15:00:00,1181.375025
2023-11-16 16:00:00,1196.85005
2023-11-16 17:00:00,1045.175
2023-11-16 18:00:00,838.925
2023-11-16 19:00:00,601.10001
2023-11-16 20:00:00,408.725005
2023-11-16 21:00:00,81.17500000000001
2023-11-16 22:00:00,5.925
2023-11-16 23:00:00,0.0
2023-11-17 00:00:00,0.0
2023-11-17 01:00:00,0.0
2023-11-17 02:00:00,0.0
2023-11-17 03:00:00,0.0
2023-11-17 04:00:00,0.0
2023-11-17 05:00:00,0.0
2023-11-17 06:00:00,0.0
2023-11-17 07:00:00,0.0
2023-11-17 08:00:00,0.0
2023-11-17 09:00:00,8.975
2023-11-17 10:00:00,186.475
2023-11-17 11:00:00,452.825
2023-11-17 12:00:00,708.825
2023-11-17 13:00:00,925.9
2023-11-17 14:00:00,1087.375
2023-11-17 15:00:00,1183.950025
2023-11-17 16:00:00,1116.025025
2023-11-17 17:00:00,932.00002
2023-11-17 18:00:00,710.575
2023-11-17 19:00:00,506.550005
2023-11-17 20:00:00,265.950005
2023-11-17 21:00:00,16.5
2023-11-17 22:00:00,0.0
2023-11-17 23:00:00,0.0
2023-11-18 00:00:00,0.0
2023-11-18 01:00:00,0.0
2023-11-18 02:00:00,0.0
2023-11-18 03:00:00,0.0
2023-11-18 04:00:00,0.0
2023-11-18 05:00:00,0.0
2023-11-18 06:00:00,0.0
2023-11-18 07:00:00,0.0
2023-11-18 08:00:00,0.0
2023-11-18 09:00:00,9.6500005
2023-11-18 10:00:00,194.9500025
2023-11-18 11:00:00,467.550005
2023-11-18 12:00:00,727.97501
2023-11-18 13:00:00,948.1999999999999
2023-11-18 14:00:00,1107.500025
2023-11-18 15:00:00,1202.95
2023-11-18 16:00:00,1213.05
2023-11-18 17:00:00,1145.7
2023-11-18 18:00:00,1004.4749999999999
2023-11-18 19:00:00,803.875
2023-11-18 20:00:00,558.85001
2023-11-18 21:00:00,291.075
2023-11-18 22:00:00,51.07500025
2023-11-18 23:00:00,0.0
2023-11-19 00:00:00,0.0
2023-11-19 01:00:00,0.0
2023-11-19 02:00:00,0.0
2023-11-19 03:00:00,0.0
2023-11-19 04:00:00,0.0
2023-11-19 05:00:00,0.0
2023-11-19 06:00:00,0.0
2023-11-19 07:00:00,0.0
2023-11-19 08:00:00,0.0
2023-11-19 09:00:00,6.1
2023-11-19 10:00:00,139.6500025
2023-11-19 11:00:00,365.100015
2023-11-19 12:00:00,565.725005
2023-11-19 13:00:00,878.75
2023-11-19 14:00:00,1040.55001
2023-11-19 15:00:00,1145.575
2023-11-19 16:00:00,1157.97505
2023-11-19 17:00:00,1095.0
2023-11-19 18:00:00,964.65001
2023-11-19 19:00:00,774.00001
2023-11-19 20:00:00,526.12501
2023-11-19 21:00:00,152.62500125
2023-11-19 22:00:00,42.949999999999996
2023-11-19 23:00:00,0.0
2023-11-20 00:00:00,0.0
2023-11-20 01:00:00,0.0
2023-11-20 02:00:00,0.0
2023-11-20 03:00:00,0.0
2023-11-20 04:00:00,0.0
2023-11-20 05:00:00,0.0
2023-11-20 06:00:00,0.0
2023-11-20 07:00:00,0.0
2023-11-20 08:00:00,0.0
2023-11-20 09:00:00,7.4
2023-11-20 10:00:00,147.02500375
2023-11-20 11:00:00,334.15
2023-11-20 12:00:00,614.0250100000001
2023-11-20 13:00:00,883.9000000000001
2023-11-20 14:00:00,1051.100025
2023-11-20 15:00:00,1143.25005
2023-11-20 16:00:00,1156.52505
2023-11-20 17:00:00,1092.600025
2023-11-20 18:00:00,959.25
2023-11-20 19:00:00,765.2
2023-11-20 20:00:00,525.35
2023-11-20 21:00:00,272.5500025
2023-11-20 22:00:00,13.6
2023-11-20 23:00:00,0.0
2023-11-21 00:00:00,0.0
2023-11-21 01:00:00,0.0
2023-11-21 02:00:00,0.0
2023-11-21 03:00:00,0.0
2023-11-21 04:00:00,0.0
2023-11-21 05:00:00,0.0
2023-11-21 06:00:00,0.0
2023-11-21 07:00:00,0.0
2023-11-21 08:00:00,0.0
2023-11-21 09:00:00,7.225
2023-11-21 10:00:00,163.9500025
2023-11-21 11:00:00,422.875
2023-11-21 12:00:00,676.2249999999999
2023-11-21 13:00:00,894.625
2023-11-21 14:00:00,1054.325035
2023-11-21 15:00:00,1028.4000350000001
2023-11-21 16:00:00,1152.6
2023-11-21 17:00:00,719.0250100000001
2023-11-21 18:00:00,545.5
2023-11-21 19:00:00,406.250005
2023-11-21 20:00:00,212.95000375
2023-11-21 21:00:00,15.85
2023-11-21 22:00:00,0.0
2023-11-21 23:00:00,0.0
2023-11-22 00:00:00,0.0
2023-11-22 01:00:00,0.0
2023-11-22 02:00:00,0.0
2023-11-22 03:00:00,0.0
2023-11-22 04:00:00,0.0
2023-11-22 05:00:00,0.0
2023-11-22 06:00:00,0.0
2023-11-22 07:00:00,0.0
2023-11-22 08:00:00,0.0
2023-11-22 09:00:00,5.025
2023-11-22 10:00:00,123.1750025
2023-11-22 11:00:00,359.45001
2023-11-22 12:00:00,601.175
2023-11-22 13:00:00,812.75001
2023-11-22 14:00:00,950.475
2023-11-22 15:00:00,918.4000000000001
2023-11-22 16:00:00,784.5
2023-11-22 17:00:00,645.975
2023-11-22 18:00:00,629.425
2023-11-22 19:00:00,385.625005
2023-11-22 20:00:00,169.2750025
2023-11-22 21:00:00,15.05
2023-11-22 22:00:00,0.0
2023-11-22 23:00:00,0.0
2023-11-23 00:00:00,0.0
2023-11-23 01:00:00,0.0
2023-11-23 02:00:00,0.0
2023-11-23 03:00:00,0.0
2023-11-23 04:00:00,0.0
2023-11-23 05:00:00,0.0
2023-11-23 06:00:00,0.0
2023-11-23 07:00:00,0.0
2023-11-23 08:00:00,0.0
2023-11-23 09:00:00,5.95000025
2023-11-23 10:00:00,113.0
2023-11-23 11:00:00,258.075
2023-11-23 12:00:00,406.775
2023-11-23 13:00:00,693.1
2023-11-23 14:00:00,730.2
2023-11-23 15:00:00,680.50001
2023-11-23 16:00:00,672.55
2023-11-23 17:00:00,844.775
2023-11-23 18:00:00,931.025
2023-11-23 19:00:00,730.7249999999999
2023-11-23 20:00:00,394.5500025
2023-11-23 21:00:00,18.7
2023-11-23 22:00:00,0.55
2023-11-23 23:00:00,0.0
2023-11-24 00:00:00,0.0
2023-11-24 01:00:00,0.0
2023-11-24 02:00:00,0.0
2023-11-24 03:00:00,0.0
2023-11-24 04:00:00,0.0
2023-11-24 05:00:00,0.0
2023-11-24 06:00:00,0.0
2023-11-24 07:00:00,0.0
2023-11-24 08:00:00,0.0
2023-11-24 09:00:00,8.1
2023-11-24 10:00:00,161.825
2023-11-24 11:00:00,378.2
2023-11-24 12:00:00,618.2750100000001
2023-11-24 13:00:00,771.675
2023-11-24 14:00:00,810.20001
2023-11-24 15:00:00,806.0
2023-11-24 16:00:00,872.125
2023-11-24 17:00:00,849.25
2023-11-24 18:00:00,788.32501
2023-11-24 19:00:00,571.37501
2023-11-24 20:00:00,315.8000025
2023-11-24 21:00:00,74.27500024999999
2023-11-24 22:00:00,0.0
2023-11-24 23:00:00,0.0
2023-11-25 00:00:00,0.0
2023-11-25 01:00:00,0.0
2023-11-25 02:00:00,0.0
2023-11-25 03:00:00,0.0
2023-11-25 04:00:00,0.0
2023-11-25 05:00:00,0.0
2023-11-25 06:00:00,0.0
2023-11-25 07:00:00,0.0
2023-11-25 08:00:00,0.0
2023-11-25 09:00:00,9.3
2023-11-25 10:00:00,180.75000375
2023-11-25 11:00:00,436.025
2023-11-25 12:00:00,683.9749999999999
2023-11-25 13:00:00,895.15001
2023-11-25 14:00:00,1052.500025
2023-11-25 15:00:00,1130.575025
2023-11-25 16:00:00,1160.275
2023-11-25 17:00:00,1101.02505
2023-11-25 18:00:00,971.5250100000001
2023-11-25 19:00:00,723.825005
2023-11-25 20:00:00,251.60000250000002
2023-11-25 21:00:00,102.325
2023-11-25 22:00:00,0.0
2023-11-25 23:00:00,0.0
2023-11-26 00:00:00,0.0
2023-11-26 01:00:00,0.0
2023-11-26 02:00:00,0.0
2023-11-26 03:00:00,0.0
2023-11-26 04:00:00,0.0
2023-11-26 05:00:00,0.0
2023-11-26 06:00:00,0.0
2023-11-26 07:00:00,0.0
2023-11-26 08:00:00,0.0
2023-11-26 09:00:00,3.95
2023-11-26 10:00:00,181.39999999999998
2023-11-26 11:00:00,423.850005
2023-11-26 12:00:00,672.35
2023-11-26 13:00:00,859.57502
2023-11-26 14:00:00,1030.275025
2023-11-26 15:00:00,948.875
2023-11-26 16:00:00,401.75001
2023-11-26 17:00:00,647.82501
2023-11-26 18:00:00,349.850005
2023-11-26 19:00:00,370.85001
2023-11-26 20:00:00,247.52500750000002
2023-11-26 21:00:00,223.8
2023-11-26 22:00:00,0.0
2023-11-26 23:00:00,0.0
2023-11-27 00:00:00,0.0
2023-11-27 01:00:00,0.0
2023-11-27 02:00:00,0.0
2023-11-27 03:00:00,0.0
2023-11-27 04:00:00,0.0
2023-11-27 05:00:00,0.0
2023-11-27 06:00:00,0.0
2023-11-27 07:00:00,0.0
2023-11-27 08:00:00,0.0
2023-11-27 09:00:00,9.425000500000001
2023-11-27 10:00:00,173.325005
2023-11-27 11:00:00,420.425
2023-11-27 12:00:00,693.7750100000001
2023-11-27 13:00:00,910.675
2023-11-27 14:00:00,1073.00006
2023-11-27 15:00:00,1170.425025
2023-11-27 16:00:00,1190.0
2023-11-27 17:00:00,1131.025025
2023-11-27 18:00:00,1000.57501
2023-11-27 19:00:00,807.25001
2023-11-27 20:00:00,568.725
2023-11-27 21:00:00,305.47499999999997
2023-11-27 22:00:00,64.37500025
2023-11-27 23:00:00,0.0
2023-11-28 00:00:00,0.0
2023-11-28 01:00:00,0.0
2023-11-28 02:00:00,0.0
2023-11-28 03:00:00,0.0
2023-11-28 04:00:00,0.0
2023-11-28 05:00:00,0.0
2023-11-28 06:00:00,0.0
2023-11-28 07:00:00,0.0
2023-11-28 08:00:00,0.0
2023-11-28 09:00:00,9.675
2023-11-28 10:00:00,184.30000375
2023-11-28 11:00:00,442.25
2023-11-28 12:00:00,692.90002
2023-11-28 13:00:00,906.725
2023-11-28 14:00:00,1066.45
2023-11-28 15:00:00,1158.400025
2023-11-28 16:00:00,1175.175
2023-11-28 17:00:00,1116.200025
2023-11-28 18:00:00,964.500025
2023-11-28 19:00:00,752.15003
2023-11-28 20:00:00,527.3
2023-11-28 21:00:00,120.125
2023-11-28 22:00:00,0.0
2023-11-28 23:00:00,0.0
2023-11-29 00:00:00,0.0
2023-11-29 01:00:00,0.0
2023-11-29 02:00:00,0.0
2023-11-29 03:00:00,0.0
2023-11-29 04:00:00,0.0
2023-11-29 05:00:00,0.0
2023-11-29 06:00:00,0.0
2023-11-29 07:00:00,0.0
2023-11-29 08:00:00,0.0
2023-11-29 09:00:00,9.725
2023-11-29 10:00:00,185.57500249999998
2023-11-29 11:00:00,445.55
2023-11-29 12:00:00,690.90001
2023-11-29 13:00:00,906.8000099999999
2023-11-29 14:00:00,1067.92505
2023-11-29 15:00:00,1164.325025
2023-11-29 16:00:00,1183.825
2023-11-29 17:00:00,1101.90001
2023-11-29 18:00:00,941.10001
2023-11-29 19:00:00,800.20002
2023-11-29 20:00:00,561.600005
2023-11-29 21:00:00,113.25
2023-11-29 22:00:00,0.0
2023-11-29 23:00:00,0.0
2023-11-30 00:00:00,0.0
2023-11-30 01:00:00,0.0
2023-11-30 02:00:00,0.0
2023-11-30 03:00:00,0.0
2023-11-30 04:00:00,0.0
2023-11-30 05:00:00,0.0
2023-11-30 06:00:00,0.0
2023-11-30 07:00:00,0.0
2023-11-30 08:00:00,0.0
2023-11-30 09:00:00,9.325
2023-11-30 10:00:00,48.2
2023-11-30 11:00:00,273.9250025
2023-11-30 12:00:00,659.250015
2023-11-30 13:00:00,704.325025
2023-11-30 14:00:00,881.025
2023-11-30 15:00:00,1151.725
2023-11-30 16:00:00,1168.1
2023-11-30 17:00:00,1086.625025
2023-11-30 18:00:00,956.275
2023-11-30 19:00:00,765.825
2023-11-30 20:00:00,387.67501000000004
2023-11-30 21:00:00,113.42500375
2023-11-30 22:00:00,9.775
2023-11-30 23:00:00,0.0
2023-12-01 00:00:00,0.0
2023-12-01 01:00:00,0.0
2023-12-01 02:00:00,0.0
2023-12-01 03:00:00,0.0
2023-12-01 04:00:00,0.0
2023-12-01 05:00:00,0.0
2023-12-01 06:00:00,0.0
2023-12-01 07:00:00,0.0
2023-12-01 08:00:00,0.0
2023-12-01 09:00:00,9.1
2023-12-01 10:00:00,178.15
2023-12-01 11:00:00,432.825
2023-12-01 12:00:00,672.975
2023-12-01 13:00:00,885.9250099999999
2023-12-01 14:00:00,1046.00006
2023-12-01 15:00:00,1143.150025
2023-12-01 16:00:00,1162.57505
2023-12-01 17:00:00,906.65001
2023-12-01 18:00:00,894.3499999999999
2023-12-01 19:00:00,568.45001
2023-12-01 20:00:00,314.65
2023-12-01 21:00:00,73.55
2023-12-01 22:00:00,2.325
2023-12-01 23:00:00,0.0
2023-12-02 00:00:00,0.0
2023-12-02 01:00:00,0.0
2023-12-02 02:00:00,0.0
2023-12-02 03:00:00,0.0
2023-12-02 04:00:00,0.0
2023-12-02 05:00:00,0.0
2023-12-02 06:00:00,0.0
2023-12-02 07:00:00,0.0
2023-12-02 08:00:00,0.0
2023-12-02 09:00:00,4.85
2023-12-02 10:00:00,169.95000125
2023-12-02 11:00:00,423.250005
2023-12-02 12:00:00,675.725
2023-12-02 13:00:00,888.60001
2023-12-02 14:00:00,1048.125
2023-12-02 15:00:00,810.95002
2023-12-02 16:00:00,631.4
2023-12-02 17:00:00,598.325
2023-12-02 18:00:00,807.375
2023-12-02 19:00:00,534.975
2023-12-02 20:00:00,410.82500500000003
2023-12-02 21:00:00,40.25
2023-12-02 22:00:00,0.0
2023-12-02 23:00:00,0.0
2023-12-03 00:00:00,0.0
2023-12-03 01:00:00,0.0
2023-12-03 02:00:00,0.0
2023-12-03 03:00:00,0.0
2023-12-03 04:00:00,0.0
2023-12-03 05:00:00,0.0
2023-12-03 06:00:00,0.0
2023-12-03 07:00:00,0.0
2023-12-03 08:00:00,0.0
2023-12-03 09:00:00,7.225
2023-12-03 10:00:00,178.9750025
2023-12-03 11:00:00,434.1
2023-12-03 12:00:00,673.4000100000001
2023-12-03 13:00:00,863.7
2023-12-03 14:00:00,1047.600025
2023-12-03 15:00:00,1114.175
2023-12-03 16:00:00,704.32502
2023-12-03 17:00:00,1062.775
2023-12-03 18:00:00,900.3000099999999
2023-12-03 19:00:00,768.52503
2023-12-03 20:00:00,512.7
2023-12-03 21:00:00,29.05000125
2023-12-03 22:00:00,0.0
2023-12-03 23:00:00,0.0
2023-12-04 00:00:00,0.0
2023-12-04 01:00:00,0.0
2023-12-04 02:00:00,0.0
2023-12-04 03:00:00,0.0
2023-12-04 04:00:00,0.0
2023-12-04 05:00:00,0.0
2023-12-04 06:00:00,0.0
2023-12-04 07:00:00,0.0
2023-12-04 08:00:00,0.0
2023-12-04 09:00:00,8.8
2023-12-04 10:00:00,160.2
2023-12-04 11:00:00,382.425005
2023-12-04 12:00:00,516.675005
2023-12-04 13:00:00,744.0
2023-12-04 14:00:00,1050.250025
2023-12-04 15:00:00,1144.3
2023-12-04 16:00:00,1163.4
2023-12-04 17:00:00,1107.600025
2023-12-04 18:00:00,933.125
2023-12-04 19:00:00,551.775
2023-12-04 20:00:00,389.250005
2023-12-04 21:00:00,180.80000375
2023-12-04 22:00:00,4.025
2023-12-04 23:00:00,0.0
2023-12-05 00:00:00,0.0
2023-12-05 01:00:00,0.0
2023-12-05 02:00:00,0.0
2023-12-05 03:00:00,0.0
2023-12-05 04:00:00,0.0
2023-12-05 05:00:00,0.0
2023-12-05 06:00:00,0.0
2023-12-05 07:00:00,0.0
2023-12-05 08:00:00,0.0
2023-12-05 09:00:00,9.05
2023-12-05 10:00:00,180.25
2023-12-05 11:00:00,438.425
2023-12-05 12:00:00,682.55
2023-12-05 13:00:00,899.2750000000001
2023-12-05 14:00:00,1062.875
2023-12-05 15:00:00,1161.600025
2023-12-05 16:00:00,1180.55
2023-12-05 17:00:00,1124.275025
2023-12-05 18:00:00,999.15
2023-12-05 19:00:00,813.32501
2023-12-05 20:00:00,580.55
2023-12-05 21:00:00,272.675
2023-12-05 22:00:00,15.6
2023-12-05 23:00:00,0.0
2023-12-06 00:00:00,0.0
2023-12-06 01:00:00,0.0
2023-12-06 02:00:00,0.0
2023-12-06 03:00:00,0.0
2023-12-06 04:00:00,0.0
2023-12-06 05:00:00,0.0
2023-12-06 06:00:00,0.0
2023-12-06 07:00:00,0.0
2023-12-06 08:00:00,0.0
2023-12-06 09:00:00,9.4000005
2023-12-06 10:00:00,188.1
2023-12-06 11:00:00,456.500015
2023-12-06 12:00:00,721.40001
2023-12-06 13:00:00,944.7750100000001
2023-12-06 14:00:00,1111.800025
2023-12-06 15:00:00,1208.87505
2023-12-06 16:00:00,1228.2250250000002
2023-12-06 17:00:00,1171.125025
2023-12-06 18:00:00,1041.275
2023-12-06 19:00:00,846.575
2023-12-06 20:00:00,603.425
2023-12-06 21:00:00,335.175
2023-12-06 22:00:00,84.500001825
2023-12-06 23:00:00,0.0
2023-12-07 00:00:00,0.0
2023-12-07 01:00:00,0.0
2023-12-07 02:00:00,0.0
2023-12-07 03:00:00,0.0
2023-12-07 04:00:00,0.0
2023-12-07 05:00:00,0.0
2023-12-07 06:00:00,0.0
2023-12-07 07:00:00,0.0
2023-12-07 08:00:00,0.0
2023-12-07 09:00:00,9.175
2023-12-07 10:00:00,171.72500374999998
2023-12-07 11:00:00,365.675
2023-12-07 12:00:00,640.50001
2023-12-07 13:00:00,805.45001
2023-12-07 14:00:00,1059.6000000000001
2023-12-07 15:00:00,1155.575
2023-12-07 16:00:00,1176.35
2023-12-07 17:00:00,1120.975025
2023-12-07 18:00:00,852.025
2023-12-07 19:00:00,300.225
2023-12-07 20:00:00,133.20000375
2023-12-07 21:00:00,10.65
2023-12-07 22:00:00,11.5250005
2023-12-07 23:00:00,0.0
2023-12-08 00:00:00,0.0
2023-12-08 01:00:00,0.0
2023-12-08 02:00:00,0.0
2023-12-08 03:00:00,0.0
2023-12-08 04:00:00,0.0
2023-12-08 05:00:00,0.0
2023-12-08 06:00:00,0.0
2023-12-08 07:00:00,0.0
2023-12-08 08:00:00,0.0
2023-12-08 09:00:00,9.1500005
2023-12-08 10:00:00,177.575
2023-12-08 11:00:00,339.22501
2023-12-08 12:00:00,687.1750099999999
2023-12-08 13:00:00,902.15
2023-12-08 14:00:00,1054.700025
2023-12-08 15:00:00,1160.475025
2023-12-08 16:00:00,1180.775025
2023-12-08 17:00:00,1125.9
2023-12-08 18:00:00,879.0250100000001
2023-12-08 19:00:00,673.20003
2023-12-08 20:00:00,362.350005
2023-12-08 21:00:00,166.550005
2023-12-08 22:00:00,12.975
2023-12-08 23:00:00,0.0
2023-12-09 00:00:00,0.0
2023-12-09 01:00:00,0.0
2023-12-09 02:00:00,0.0
2023-12-09 03:00:00,0.0
2023-12-09 04:00:00,0.0
2023-12-09 05:00:00,0.0
2023-12-09 06:00:00,0.0
2023-12-09 07:00:00,0.0
2023-12-09 08:00:00,0.0
2023-12-09 09:00:00,8.6
2023-12-09 10:00:00,178.02499999999998
2023-12-09 11:00:00,434.625
2023-12-09 12:00:00,682.52503
2023-12-09 13:00:00,897.25
2023-12-09 14:00:00,1059.600025
2023-12-09 15:00:00,1157.325
2023-12-09 16:00:00,1181.375
2023-12-09 17:00:00,1127.425025
2023-12-09 18:00:00,999.35001
2023-12-09 19:00:00,615.85
2023-12-09 20:00:00,140.075
2023-12-09 21:00:00,0.0
2023-12-09 22:00:00,0.0
2023-12-09 23:00:00,0.0
2023-12-10 00:00:00,0.0
2023-12-10 01:00:00,0.0
2023-12-10 02:00:00,0.0
2023-12-10 03:00:00,0.0
2023-12-10 04:00:00,0.0
2023-12-10 05:00:00,0.0
2023-12-10 06:00:00,0.0
2023-12-10 07:00:00,0.0
2023-12-10 08:00:00,0.0
2023-12-10 09:00:00,8.4000005
2023-12-10 10:00:00,176.6250075
2023-12-10 11:00:00,431.100005
2023-12-10 12:00:00,682.25
2023-12-10 13:00:00,865.12501
2023-12-10 14:00:00,907.725
2023-12-10 15:00:00,1073.57501
2023-12-10 16:00:00,1170.325025
2023-12-10 17:00:00,1120.975025
2023-12-10 18:00:00,899.00002
2023-12-10 19:00:00,572.37501
2023-12-10 20:00:00,268.7
2023-12-10 21:00:00,23.049999999999997
2023-12-10 22:00:00,0.0
2023-12-10 23:00:00,0.0
2023-12-11 00:00:00,0.0
2023-12-11 01:00:00,0.0
2023-12-11 02:00:00,0.0
2023-12-11 03:00:00,0.0
2023-12-11 04:00:00,0.0
2023-12-11 05:00:00,0.0
2023-12-11 06:00:00,0.0
2023-12-11 07:00:00,0.0
2023-12-11 08:00:00,0.0
2023-12-11 09:00:00,8.425
2023-12-11 10:00:00,177.725005
2023-12-11 11:00:00,432.65
2023-12-11 12:00:00,676.47501
2023-12-11 13:00:00,891.725
2023-12-11 14:00:00,1055.425
2023-12-11 15:00:00,1154.65
2023-12-11 16:00:00,1180.375
2023-12-11 17:00:00,1131.2
2023-12-11 18:00:00,1007.22502
2023-12-11 19:00:00,797.50001
2023-12-11 20:00:00,470.90001500000005
2023-12-11 21:00:00,198.92499999999998
2023-12-11 22:00:00,28.52500025
2023-12-11 23:00:00,0.0
2023-12-12 00:00:00,0.0
2023-12-12 01:00:00,0.0
2023-12-12 02:00:00,0.0
2023-12-12 03:00:00,0.0
2023-12-12 04:00:00,0.0
2023-12-12 05:00:00,0.0
2023-12-12 06:00:00,0.0
2023-12-12 07:00:00,0.0
2023-12-12 08:00:00,0.0
2023-12-12 09:00:00,7.925
2023-12-12 10:00:00,174.30000875000002
2023-12-12 11:00:00,430.100005
2023-12-12 12:00:00,674.85001
2023-12-12 13:00:00,891.575
2023-12-12 14:00:00,1055.800025
2023-12-12 15:00:00,1155.375
2023-12-12 16:00:00,1179.950025
2023-12-12 17:00:00,1127.875
2023-12-12 18:00:00,1003.27501
2023-12-12 19:00:00,816.75001
2023-12-12 20:00:00,587.65001
2023-12-12 21:00:00,336.525015
2023-12-12 22:00:00,89.85000125
2023-12-12 23:00:00,0.0
2023-12-13 00:00:00,0.0
2023-12-13 01:00:00,0.0
2023-12-13 02:00:00,0.0
2023-12-13 03:00:00,0.0
2023-12-13 04:00:00,0.0
2023-12-13 05:00:00,0.0
2023-12-13 06:00:00,0.0
2023-12-13 07:00:00,0.0
2023-12-13 08:00:00,0.0
2023-12-13 09:00:00,7.625
2023-12-13 10:00:00,171.40000375
2023-12-13 11:00:00,424.95
2023-12-13 12:00:00,670.47501
2023-12-13 13:00:00,887.25
2023-12-13 14:00:00,1049.22501
2023-12-13 15:00:00,1145.45
2023-12-13 16:00:00,1118.87501
2023-12-13 17:00:00,582.675
2023-12-13 18:00:00,693.65002
2023-12-13 19:00:00,477.25
2023-12-13 20:00:00,298.57500500000003
2023-12-13 21:00:00,72.6750025
2023-12-13 22:00:00,0.0
2023-12-13 23:00:00,0.0
2023-12-14 00:00:00,0.0
2023-12-14 01:00:00,0.0
2023-12-14 02:00:00,0.0
2023-12-14 03:00:00,0.0
2023-12-14 04:00:00,0.0
2023-12-14 05:00:00,0.0
2023-12-14 06:00:00,0.0
2023-12-14 07:00:00,0.0
2023-12-14 08:00:00,0.0
2023-12-14 09:00:00,7.475
2023-12-14 10:00:00,160.70000000000002
2023-12-14 11:00:00,421.37501
2023-12-14 12:00:00,661.925
2023-12-14 13:00:00,875.05002
2023-12-14 14:00:00,1036.600025
2023-12-14 15:00:00,1134.500025
2023-12-14 16:00:00,1094.625035
2023-12-14 17:00:00,817.05
2023-12-14 18:00:00,578.425
2023-12-14 19:00:00,326.1500075
2023-12-14 20:00:00,159.90000125
2023-12-14 21:00:00,18.8
2023-12-14 22:00:00,0.0
2023-12-14 23:00:00,0.0
2023-12-15 00:00:00,0.0
2023-12-15 01:00:00,0.0
2023-12-15 02:00:00,0.0
2023-12-15 03:00:00,0.0
2023-12-15 04:00:00,0.0
2023-12-15 05:00:00,0.0
2023-12-15 06:00:00,0.0
2023-12-15 07:00:00,0.0
2023-12-15 08:00:00,0.0
2023-12-15 09:00:00,6.0
2023-12-15 10:00:00,165.60000250000002
2023-12-15 11:00:00,420.92499999999995
2023-12-15 12:00:00,671.07501
2023-12-15 13:00:00,888.975
2023-12-15 14:00:00,1054.87501
2023-12-15 15:00:00,1157.6
2023-12-15 16:00:00,1184.050025
2023-12-15 17:00:00,1111.225025
2023-12-15 18:00:00,855.15
2023-12-15 19:00:00,696.07501
2023-12-15 20:00:00,602.45
2023-12-15 21:00:00,340.95000500000003
2023-12-15 22:00:00,48.6500025
2023-12-15 23:00:00,0.0
2023-12-16 00:00:00,0.0
2023-12-16 01:00:00,0.0
2023-12-16 02:00:00,0.0
2023-12-16 03:00:00,0.0
2023-12-16 04:00:00,0.0
2023-12-16 05:00:00,0.0
2023-12-16 06:00:00,0.0
2023-12-16 07:00:00,0.0
2023-12-16 08:00:00,0.0
2023-12-16 09:00:00,2.45
2023-12-16 10:00:00,152.37500375000002
2023-12-16 11:00:00,409.37501
2023-12-16 12:00:00,659.25
2023-12-16 13:00:00,680.125
2023-12-16 14:00:00,1034.35001
2023-12-16 15:00:00,1135.125
2023-12-16 16:00:00,927.97501
2023-12-16 17:00:00,596.05001
2023-12-16 18:00:00,853.12501
2023-12-16 19:00:00,764.925
2023-12-16 20:00:00,526.52501
2023-12-16 21:00:00,222.900005
2023-12-16 22:00:00,41.275
2023-12-16 23:00:00,0.0
2023-12-17 00:00:00,0.0
2023-12-17 01:00:00,0.0
2023-12-17 02:00:00,0.0
2023-12-17 03:00:00,0.0
2023-12-17 04:00:00,0.0
2023-12-17 05:00:00,0.0
2023-12-17 06:00:00,0.0
2023-12-17 07:00:00,0.0
2023-12-17 08:00:00,0.0
2023-12-17 09:00:00,6.625
2023-12-17 10:00:00,168.25
2023-12-17 11:00:00,426.67502
2023-12-17 12:00:00,689.20001
2023-12-17 13:00:00,912.82501
2023-12-17 14:00:00,1081.775
2023-12-17 15:00:00,1183.9
2023-12-17 16:00:00,1210.45
2023-12-17 17:00:00,1161.225025
2023-12-17 18:00:00,1040.22501
2023-12-17 19:00:00,854.32501
2023-12-17 20:00:00,619.5
2023-12-17 21:00:00,359.150005
2023-12-17 22:00:00,101.3
2023-12-17 23:00:00,0.0
2023-12-18 00:00:00,0.0
2023-12-18 01:00:00,0.0
2023-12-18 02:00:00,0.0
2023-12-18 03:00:00,0.0
2023-12-18 04:00:00,0.0
2023-12-18 05:00:00,0.0
2023-12-18 06:00:00,0.0
2023-12-18 07:00:00,0.0
2023-12-18 08:00:00,0.0
2023-12-18 09:00:00,6.225
2023-12-18 10:00:00,163.97500625
2023-12-18 11:00:00,417.875005
2023-12-18 12:00:00,664.25001
2023-12-18 13:00:00,881.275
2023-12-18 14:00:00,1045.975035
2023-12-18 15:00:00,1045.175
2023-12-18 16:00:00,1161.1
2023-12-18 17:00:00,850.2000350000001
2023-12-18 18:00:00,526.7750100000001
2023-12-18 19:00:00,490.45002
2023-12-18 20:00:00,175.025
2023-12-18 21:00:00,19.625
2023-12-18 22:00:00,0.0
2023-12-18 23:00:00,0.0
2023-12-19 00:00:00,0.0
2023-12-19 01:00:00,0.0
2023-12-19 02:00:00,0.0
2023-12-19 03:00:00,0.0
2023-12-19 04:00:00,0.0
2023-12-19 05:00:00,0.0
2023-12-19 06:00:00,0.0
2023-12-19 07:00:00,0.0
2023-12-19 08:00:00,0.0
2023-12-19 09:00:00,5.1
2023-12-19 10:00:00,158.625
2023-12-19 11:00:00,395.35
2023-12-19 12:00:00,512.425
2023-12-19 13:00:00,761.57501
2023-12-19 14:00:00,971.65
2023-12-19 15:00:00,1022.5
2023-12-19 16:00:00,917.325025
2023-12-19 17:00:00,587.375005
2023-12-19 18:00:00,497.550005
2023-12-19 19:00:00,367.60001
2023-12-19 20:00:00,438.59999999999997
2023-12-19 21:00:00,311.100005
2023-12-19 22:00:00,64.65000025
2023-12-19 23:00:00,0.0
2023-12-20 00:00:00,0.0
2023-12-20 01:00:00,0.0
2023-12-20 02:00:00,0.0
2023-12-20 03:00:00,0.0
2023-12-20 04:00:00,0.0
2023-12-20 05:00:00,0.0
2023-12-20 06:00:00,0.0
2023-12-20 07:00:00,0.0
2023-12-20 08:00:00,0.0
2023-12-20 09:00:00,5.725
2023-12-20 10:00:00,163.025
2023-12-20 11:00:00,417.65000499999996
2023-12-20 12:00:00,670.1500100000001
2023-12-20 13:00:00,890.22504
2023-12-20 14:00:00,1058.82501
2023-12-20 15:00:00,1164.27505
2023-12-20 16:00:00,1193.8500250000002
2023-12-20 17:00:00,1143.72505
2023-12-20 18:00:00,1019.925025
2023-12-20 19:00:00,838.95
2023-12-20 20:00:00,528.7750000000001
2023-12-20 21:00:00,302.975
2023-12-20 22:00:00,111.9
2023-12-20 23:00:00,0.0
2023-12-21 00:00:00,0.0
2023-12-21 01:00:00,0.0
2023-12-21 02:00:00,0.0
2023-12-21 03:00:00,0.0
2023-12-21 04:00:00,0.0
2023-12-21 05:00:00,0.0
2023-12-21 06:00:00,0.0
2023-12-21 07:00:00,0.0
2023-12-21 08:00:00,0.0
2023-12-21 09:00:00,5.3
2023-12-21 10:00:00,159.17500125
2023-12-21 11:00:00,361.800005
2023-12-21 12:00:00,559.875
2023-12-21 13:00:00,764.55
2023-12-21 14:00:00,1048.475
2023-12-21 15:00:00,1151.45
2023-12-21 16:00:00,1180.525
2023-12-21 17:00:00,1134.925025
2023-12-21 18:00:00,1010.125035
2023-12-21 19:00:00,836.8
2023-12-21 20:00:00,612.32501
2023-12-21 21:00:00,340.275
2023-12-21 22:00:00,108.37500125
2023-12-21 23:00:00,0.0
2023-12-22 00:00:00,0.0
2023-12-22 01:00:00,0.0
2023-12-22 02:00:00,0.0
2023-12-22 03:00:00,0.0
2023-12-22 04:00:00,0.0
2023-12-22 05:00:00,0.0
2023-12-22 06:00:00,0.0
2023-12-22 07:00:00,0.0
2023-12-22 08:00:00,0.0
2023-12-22 09:00:00,4.95000025
2023-12-22 10:00:00,150.6500025
2023-12-22 11:00:00,381.400005
2023-12-22 12:00:00,657.92502
2023-12-22 13:00:00,894.12503
2023-12-22 14:00:00,1065.32501
2023-12-22 15:00:00,1173.525
2023-12-22 16:00:00,1206.075025
2023-12-22 17:00:00,1161.425075
2023-12-22 18:00:00,1044.0
2023-12-22 19:00:00,861.175
2023-12-22 20:00:00,630.275
2023-12-22 21:00:00,372.850005
2023-12-22 22:00:00,118.9250005
2023-12-22 23:00:00,0.0
2023-12-23 00:00:00,0.0
2023-12-23 01:00:00,0.0
2023-12-23 02:00:00,0.0
2023-12-23 03:00:00,0.0
2023-12-23 04:00:00,0.0
2023-12-23 05:00:00,0.0
2023-12-23 06:00:00,0.0
2023-12-23 07:00:00,0.0
2023-12-23 08:00:00,0.0
2023-12-23 09:00:00,4.775
2023-12-23 10:00:00,153.37500125
2023-12-23 11:00:00,413.275005
2023-12-23 12:00:00,663.85001
2023-12-23 13:00:00,882.9750200000001
2023-12-23 14:00:00,1052.100035
2023-12-23 15:00:00,1159.800025
2023-12-23 16:00:00,1193.2
2023-12-23 17:00:00,1146.175025
2023-12-23 18:00:00,1030.05
2023-12-23 19:00:00,624.875005
2023-12-23 20:00:00,210.9
2023-12-23 21:00:00,52.725
2023-12-23 22:00:00,1.6
2023-12-23 23:00:00,0.0
2023-12-24 00:00:00,0.0
2023-12-24 01:00:00,0.0
2023-12-24 02:00:00,0.0
2023-12-24 03:00:00,0.0
2023-12-24 04:00:00,0.0
2023-12-24 05:00:00,0.0
2023-12-24 06:00:00,0.0
2023-12-24 07:00:00,0.0
2023-12-24 08:00:00,0.0
2023-12-24 09:00:00,4.25
2023-12-24 10:00:00,152.60000250000002
2023-12-24 11:00:00,368.57500500000003
2023-12-24 12:00:00,653.8
2023-12-24 13:00:00,874.52503
2023-12-24 14:00:00,1045.550025
2023-12-24 15:00:00,1152.3
2023-12-24 16:00:00,1183.825025
2023-12-24 17:00:00,1140.275025
2023-12-24 18:00:00,1022.675035
2023-12-24 19:00:00,840.3000099999999
2023-12-24 20:00:00,238.050005
2023-12-24 21:00:00,100.62500375
2023-12-24 22:00:00,1.300000075
2023-12-24 23:00:00,0.0
2023-12-25 00:00:00,0.0
2023-12-25 01:00:00,0.0
2023-12-25 02:00:00,0.0
2023-12-25 03:00:00,0.0
2023-12-25 04:00:00,0.0
2023-12-25 05:00:00,0.0
2023-12-25 06:00:00,0.0
2023-12-25 07:00:00,0.0
2023-12-25 08:00:00,0.0
2023-12-25 09:00:00,2.175
2023-12-25 10:00:00,142.4
2023-12-25 11:00:00,402.92499999999995
2023-12-25 12:00:00,656.9
2023-12-25 13:00:00,876.025
2023-12-25 14:00:00,1045.3
2023-12-25 15:00:00,1151.525025
2023-12-25 16:00:00,774.60001
2023-12-25 17:00:00,930.25002
2023-12-25 18:00:00,1023.7
2023-12-25 19:00:00,807.6
2023-12-25 20:00:00,386.825005
2023-12-25 21:00:00,53.925
2023-12-25 22:00:00,0.0
2023-12-25 23:00:00,0.0
2023-12-26 00:00:00,0.0
2023-12-26 01:00:00,0.0
2023-12-26 02:00:00,0.0
2023-12-26 03:00:00,0.0
2023-12-26 04:00:00,0.0
2023-12-26 05:00:00,0.0
2023-12-26 06:00:00,0.0
2023-12-26 07:00:00,0.0
2023-12-26 08:00:00,0.0
2023-12-26 09:00:00,0.0
2023-12-26 10:00:00,139.8
2023-12-26 11:00:00,397.375
2023-12-26 12:00:00,642.0500099999999
2023-12-26 13:00:00,805.1500100000001
2023-12-26 14:00:00,1026.750045
2023-12-26 15:00:00,1082.375025
2023-12-26 16:00:00,1133.400025
2023-12-26 17:00:00,1111.65
2023-12-26 18:00:00,1015.625025
2023-12-26 19:00:00,842.35
2023-12-26 20:00:00,621.375
2023-12-26 21:00:00,363.12501000000003
2023-12-26 22:00:00,36.1
2023-12-26 23:00:00,0.0
2023-12-27 00:00:00,0.0
2023-12-27 01:00:00,0.0
2023-12-27 02:00:00,0.0
2023-12-27 03:00:00,0.0
2023-12-27 04:00:00,0.0
2023-12-27 05:00:00,0.0
2023-12-27 06:00:00,0.0
2023-12-27 07:00:00,0.0
2023-12-27 08:00:00,0.0
2023-12-27 09:00:00,3.35000025
2023-12-27 10:00:00,149.35
2023-12-27 11:00:00,401.525
2023-12-27 12:00:00,651.6
2023-12-27 13:00:00,870.925
2023-12-27 14:00:00,1041.000025
2023-12-27 15:00:00,1149.175
2023-12-27 16:00:00,1183.400025
2023-12-27 17:00:00,1140.15
2023-12-27 18:00:00,1025.625
2023-12-27 19:00:00,850.225
2023-12-27 20:00:00,627.225
2023-12-27 21:00:00,375.600005
2023-12-27 22:00:00,125.57500125
2023-12-27 23:00:00,0.0
2023-12-28 00:00:00,0.0
2023-12-28 01:00:00,0.0
2023-12-28 02:00:00,0.0
2023-12-28 03:00:00,0.0
2023-12-28 04:00:00,0.0
2023-12-28 05:00:00,0.0
2023-12-28 06:00:00,0.0
2023-12-28 07:00:00,0.0
2023-12-28 08:00:00,0.0
2023-12-28 09:00:00,2.9
2023-12-28 10:00:00,145.9
2023-12-28 11:00:00,398.30001000000004
2023-12-28 12:00:00,644.625
2023-12-28 13:00:00,867.0
2023-12-28 14:00:00,1038.525
2023-12-28 15:00:00,1144.475
2023-12-28 16:00:00,1176.475
2023-12-28 17:00:00,1134.25
2023-12-28 18:00:00,1021.900025
2023-12-28 19:00:00,846.7
2023-12-28 20:00:00,580.825
2023-12-28 21:00:00,170.15001
2023-12-28 22:00:00,0.0
2023-12-28 23:00:00,0.125
2023-12-29 00:00:00,0.0
2023-12-29 01:00:00,0.0
2023-12-29 02:00:00,0.0
2023-12-29 03:00:00,0.0
2023-12-29 04:00:00,0.0
2023-12-29 05:00:00,0.0
2023-12-29 06:00:00,0.0
2023-12-29 07:00:00,0.0
2023-12-29 08:00:00,0.0
2023-12-29 09:00:00,2.075
2023-12-29 10:00:00,133.775
2023-12-29 11:00:00,368.7
2023-12-29 12:00:00,624.20001
2023-12-29 13:00:00,859.37501
2023-12-29 14:00:00,1027.200025
2023-12-29 15:00:00,1000.125
2023-12-29 16:00:00,613.8249999999999
2023-12-29 17:00:00,271.025005
2023-12-29 18:00:00,293.000005
2023-12-29 19:00:00,281.65000499999996
2023-12-29 20:00:00,187.32500375
2023-12-29 21:00:00,29.7250005
2023-12-29 22:00:00,0.0
2023-12-29 23:00:00,0.0
2023-12-30 00:00:00,0.0
2023-12-30 01:00:00,0.0
2023-12-30 02:00:00,0.0
2023-12-30 03:00:00,0.0
2023-12-30 04:00:00,0.0
2023-12-30 05:00:00,0.0
2023-12-30 06:00:00,0.0
2023-12-30 07:00:00,0.0
2023-12-30 08:00:00,0.0
2023-12-30 09:00:00,0.0
2023-12-30 10:00:00,101.72500125
2023-12-30 11:00:00,248.0500075
2023-12-30 12:00:00,427.9
2023-12-30 13:00:00,588.80002
2023-12-30 14:00:00,701.55003
2023-12-30 15:00:00,807.20002
2023-12-30 16:00:00,707.85
2023-12-30 17:00:00,1113.6
2023-12-30 18:00:00,815.17501
2023-12-30 19:00:00,789.2750100000001
2023-12-30 20:00:00,621.2750100000001
2023-12-30 21:00:00,231.450005
2023-12-30 22:00:00,61.675000000000004
2023-12-30 23:00:00,0.0
2023-12-31 00:00:00,0.0
2023-12-31 01:00:00,0.0
2023-12-31 02:00:00,0.0
2023-12-31 03:00:00,0.0
2023-12-31 04:00:00,0.0
2023-12-31 05:00:00,0.0
2023-12-31 06:00:00,0.0
2023-12-31 07:00:00,0.0
2023-12-31 08:00:00,0.0
2023-12-31 09:00:00,1.65
2023-12-31 10:00:00,133.4250005
2023-12-31 11:00:00,385.20000500000003
2023-12-31 12:00:00,638.92502
2023-12-31 13:00:00,860.9000100000001
2023-12-31 14:00:00,1033.350035
2023-12-31 15:00:00,1140.45
2023-12-31 16:00:00,1176.425
2023-12-31 17:00:00,1138.975
2023-12-31 18:00:00,1029.35
2023-12-31 19:00:00,854.67502
2023-12-31 20:00:00,629.4
2023-12-31 21:00:00,377.92501000000004
2023-12-31 22:00:00,127.625
2023-12-31 23:00:00,0.0
