date,GHI
2013-01-01 00:00:00,0.0
2013-01-01 01:00:00,0.0
2013-01-01 02:00:00,0.0
2013-01-01 03:00:00,0.0
2013-01-01 04:00:00,0.0
2013-01-01 05:00:00,0.0
2013-01-01 06:00:00,0.0
2013-01-01 07:00:00,0.0
2013-01-01 08:00:00,0.0
2013-01-01 09:00:00,0.0
2013-01-01 10:00:00,67.97500124999999
2013-01-01 11:00:00,182.60000250000002
2013-01-01 12:00:00,307.0750025
2013-01-01 13:00:00,416.975005
2013-01-01 14:00:00,485.20000500000003
2013-01-01 15:00:00,615.95001
2013-01-01 16:00:00,850.70001
2013-01-01 17:00:00,673.52502
2013-01-01 18:00:00,483.72502000000003
2013-01-01 19:00:00,370.100005
2013-01-01 20:00:00,234.025
2013-01-01 21:00:00,133.5750025
2013-01-01 22:00:00,103.42500000000001
2013-01-01 23:00:00,6.6
2013-01-02 00:00:00,0.0
2013-01-02 01:00:00,0.0
2013-01-02 02:00:00,0.0
2013-01-02 03:00:00,0.0
2013-01-02 04:00:00,0.0
2013-01-02 05:00:00,0.0
2013-01-02 06:00:00,0.0
2013-01-02 07:00:00,0.0
2013-01-02 08:00:00,0.0
2013-01-02 09:00:00,1.875
2013-01-02 10:00:00,105.55000125000001
2013-01-02 11:00:00,269.125005
2013-01-02 12:00:00,373.82500500000003
2013-01-02 13:00:00,526.850005
2013-01-02 14:00:00,673.72501
2013-01-02 15:00:00,768.60002
2013-01-02 16:00:00,819.2
2013-01-02 17:00:00,795.85001
2013-01-02 18:00:00,631.75001
2013-01-02 19:00:00,419.975005
2013-01-02 20:00:00,217.475
2013-01-02 21:00:00,47.8750005
2013-01-02 22:00:00,27.200000250000002
2013-01-02 23:00:00,3.125
2013-01-03 00:00:00,0.0
2013-01-03 01:00:00,0.0
2013-01-03 02:00:00,0.0
2013-01-03 03:00:00,0.0
2013-01-03 04:00:00,0.0
2013-01-03 05:00:00,0.0
2013-01-03 06:00:00,0.0
2013-01-03 07:00:00,0.0
2013-01-03 08:00:00,0.0
2013-01-03 09:00:00,0.15
2013-01-03 10:00:00,92.92500175
2013-01-03 11:00:00,267.92499999999995
2013-01-03 12:00:00,444.3333333333333
2013-01-03 13:00:00,652.62501
2013-01-03 14:00:00,1006.900035
2013-01-03 15:00:00,1121.750025
2013-01-03 16:00:00,1158.5
2013-01-03 17:00:00,1121.375025
2013-01-03 18:00:00,1013.35
2013-01-03 19:00:00,838.25
2013-01-03 20:00:00,563.35
2013-01-03 21:00:00,302.425
2013-01-03 22:00:00,122.4750025
2013-01-03 23:00:00,6.025
2013-01-04 00:00:00,0.0
2013-01-04 01:00:00,0.0
2013-01-04 02:00:00,0.0
2013-01-04 03:00:00,0.0
2013-01-04 04:00:00,0.0
2013-01-04 05:00:00,0.0
2013-01-04 06:00:00,0.0
2013-01-04 07:00:00,0.0
2013-01-04 08:00:00,0.0
2013-01-04 09:00:00,3.85000025
2013-01-04 10:00:00,145.575
2013-01-04 11:00:00,392.525
2013-01-04 12:00:00,583.37502
2013-01-04 13:00:00,677.3
2013-01-04 14:00:00,760.9750200000001
2013-01-04 15:00:00,741.6000200000001
2013-01-04 16:00:00,674.775
2013-01-04 17:00:00,784.3
2013-01-04 18:00:00,572.60001
2013-01-04 19:00:00,465.02500499999996
2013-01-04 20:00:00,320.9500025
2013-01-04 21:00:00,82.625
2013-01-04 22:00:00,0.0
2013-01-04 23:00:00,0.0
2013-01-05 00:00:00,0.0
2013-01-05 01:00:00,0.0
2013-01-05 02:00:00,0.0
2013-01-05 03:00:00,0.0
2013-01-05 04:00:00,0.0
2013-01-05 05:00:00,0.0
2013-01-05 06:00:00,0.0
2013-01-05 07:00:00,0.0
2013-01-05 08:00:00,0.0
2013-01-05 09:00:00,3.22500025
2013-01-05 10:00:00,138.37500375000002
2013-01-05 11:00:00,341.975
2013-01-05 12:00:00,440.800005
2013-01-05 13:00:00,538.67501
2013-01-05 14:00:00,625.8249999999999
2013-01-05 15:00:00,712.025
2013-01-05 16:00:00,883.20001
2013-01-05 17:00:00,929.45
2013-01-05 18:00:00,940.85001
2013-01-05 19:00:00,515.175
2013-01-05 20:00:00,313.20000500000003
2013-01-05 21:00:00,209.8750025
2013-01-05 22:00:00,71.4000025
2013-01-05 23:00:00,0.0
2013-01-06 00:00:00,0.0
2013-01-06 01:00:00,0.0
2013-01-06 02:00:00,0.0
2013-01-06 03:00:00,0.0
2013-01-06 04:00:00,0.0
2013-01-06 05:00:00,0.0
2013-01-06 06:00:00,0.0
2013-01-06 07:00:00,0.0
2013-01-06 08:00:00,0.0
2013-01-06 09:00:00,0.0
2013-01-06 10:00:00,114.67499999999998
2013-01-06 11:00:00,310.025
2013-01-06 12:00:00,439.02500499999996
2013-01-06 13:00:00,650.97501
2013-01-06 14:00:00,690.3
2013-01-06 15:00:00,455.075
2013-01-06 16:00:00,504.025015
2013-01-06 17:00:00,365.550005
2013-01-06 18:00:00,433.725005
2013-01-06 19:00:00,380.85
2013-01-06 20:00:00,261.6750075
2013-01-06 21:00:00,235.925
2013-01-06 22:00:00,121.67500000000001
2013-01-06 23:00:00,6.725
2013-01-07 00:00:00,0.0
2013-01-07 01:00:00,0.0
2013-01-07 02:00:00,0.0
2013-01-07 03:00:00,0.0
2013-01-07 04:00:00,0.0
2013-01-07 05:00:00,0.0
2013-01-07 06:00:00,0.0
2013-01-07 07:00:00,0.0
2013-01-07 08:00:00,0.0
2013-01-07 09:00:00,0.0
2013-01-07 10:00:00,127.52499999999999
2013-01-07 11:00:00,367.775
2013-01-07 12:00:00,621.1500100000001
2013-01-07 13:00:00,839.625
2013-01-07 14:00:00,1008.950025
2013-01-07 15:00:00,1114.05
2013-01-07 16:00:00,1150.125
2013-01-07 17:00:00,1114.15
2013-01-07 18:00:00,1006.3250350000001
2013-01-07 19:00:00,842.0
2013-01-07 20:00:00,630.57502
2013-01-07 21:00:00,390.02500499999996
2013-01-07 22:00:00,136.150005
2013-01-07 23:00:00,0.0
2013-01-08 00:00:00,0.0
2013-01-08 01:00:00,0.0
2013-01-08 02:00:00,0.0
2013-01-08 03:00:00,0.0
2013-01-08 04:00:00,0.0
2013-01-08 05:00:00,0.0
2013-01-08 06:00:00,0.0
2013-01-08 07:00:00,0.0
2013-01-08 08:00:00,0.0
2013-01-08 09:00:00,1.7
2013-01-08 10:00:00,121.45000250000001
2013-01-08 11:00:00,359.475005
2013-01-08 12:00:00,603.8000099999999
2013-01-08 13:00:00,796.20002
2013-01-08 14:00:00,985.775
2013-01-08 15:00:00,1095.90005
2013-01-08 16:00:00,1132.27505
2013-01-08 17:00:00,637.9250400000001
2013-01-08 18:00:00,534.77502
2013-01-08 19:00:00,583.52501
2013-01-08 20:00:00,453.72501
2013-01-08 21:00:00,161.625
2013-01-08 22:00:00,0.0
2013-01-08 23:00:00,0.0
2013-01-09 00:00:00,0.0
2013-01-09 01:00:00,0.0
2013-01-09 02:00:00,0.0
2013-01-09 03:00:00,0.0
2013-01-09 04:00:00,0.0
2013-01-09 05:00:00,0.0
2013-01-09 06:00:00,0.0
2013-01-09 07:00:00,0.0
2013-01-09 08:00:00,0.0
2013-01-09 09:00:00,0.0
2013-01-09 10:00:00,87.77500125
2013-01-09 11:00:00,203.77499999999998
2013-01-09 12:00:00,297.1500075
2013-01-09 13:00:00,552.9000100000001
2013-01-09 14:00:00,787.75
2013-01-09 15:00:00,1022.0
2013-01-09 16:00:00,1109.725025
2013-01-09 17:00:00,1085.625025
2013-01-09 18:00:00,988.5250100000001
2013-01-09 19:00:00,767.3
2013-01-09 20:00:00,518.9
2013-01-09 21:00:00,325.425
2013-01-09 22:00:00,56.1
2013-01-09 23:00:00,1.825
2013-01-10 00:00:00,0.0
2013-01-10 01:00:00,0.0
2013-01-10 02:00:00,0.0
2013-01-10 03:00:00,0.0
2013-01-10 04:00:00,0.0
2013-01-10 05:00:00,0.0
2013-01-10 06:00:00,0.0
2013-01-10 07:00:00,0.0
2013-01-10 08:00:00,0.0
2013-01-10 09:00:00,0.0
2013-01-10 10:00:00,80.94999999999999
2013-01-10 11:00:00,277.8
2013-01-10 12:00:00,415.475
2013-01-10 13:00:00,465.0
2013-01-10 14:00:00,750.55
2013-01-10 15:00:00,927.8
2013-01-10 16:00:00,833.075
2013-01-10 17:00:00,825.025
2013-01-10 18:00:00,376.67502
2013-01-10 19:00:00,360.925005
2013-01-10 20:00:00,551.25001
2013-01-10 21:00:00,216.0
2013-01-10 22:00:00,86.975
2013-01-10 23:00:00,0.0
2013-01-11 00:00:00,0.0
2013-01-11 01:00:00,0.0
2013-01-11 02:00:00,0.0
2013-01-11 03:00:00,0.0
2013-01-11 04:00:00,0.0
2013-01-11 05:00:00,0.0
2013-01-11 06:00:00,0.0
2013-01-11 07:00:00,0.0
2013-01-11 08:00:00,0.0
2013-01-11 09:00:00,0.85
2013-01-11 10:00:00,106.725
2013-01-11 11:00:00,320.3
2013-01-11 12:00:00,559.975
2013-01-11 13:00:00,805.25002
2013-01-11 14:00:00,981.800025
2013-01-11 15:00:00,1092.425025
2013-01-11 16:00:00,1134.700025
2013-01-11 17:00:00,789.12501
2013-01-11 18:00:00,442.875005
2013-01-11 19:00:00,378.475
2013-01-11 20:00:00,289.72501
2013-01-11 21:00:00,61.20000125
2013-01-11 22:00:00,0.0
2013-01-11 23:00:00,0.0
2013-01-12 00:00:00,0.0
2013-01-12 01:00:00,0.0
2013-01-12 02:00:00,0.0
2013-01-12 03:00:00,0.0
2013-01-12 04:00:00,0.0
2013-01-12 05:00:00,0.0
2013-01-12 06:00:00,0.0
2013-01-12 07:00:00,0.0
2013-01-12 08:00:00,0.0
2013-01-12 09:00:00,0.5
2013-01-12 10:00:00,113.7250005
2013-01-12 11:00:00,347.3750075
2013-01-12 12:00:00,594.1500149999999
2013-01-12 13:00:00,802.025
2013-01-12 14:00:00,888.95
2013-01-12 15:00:00,824.5
2013-01-12 16:00:00,754.1
2013-01-12 17:00:00,525.50001
2013-01-12 18:00:00,622.975
2013-01-12 19:00:00,526.05001
2013-01-12 20:00:00,358.02500499999996
2013-01-12 21:00:00,89.450002525
2013-01-12 22:00:00,143.5
2013-01-12 23:00:00,0.0
2013-01-13 00:00:00,0.0
2013-01-13 01:00:00,0.0
2013-01-13 02:00:00,0.0
2013-01-13 03:00:00,0.0
2013-01-13 04:00:00,0.0
2013-01-13 05:00:00,0.0
2013-01-13 06:00:00,0.0
2013-01-13 07:00:00,0.0
2013-01-13 08:00:00,0.0
2013-01-13 09:00:00,0.0
2013-01-13 10:00:00,65.7750015
2013-01-13 11:00:00,211.025
2013-01-13 12:00:00,318.42501000000004
2013-01-13 13:00:00,208.9750075
2013-01-13 14:00:00,479.45001
2013-01-13 15:00:00,604.02501
2013-01-13 16:00:00,677.225
2013-01-13 17:00:00,652.60002
2013-01-13 18:00:00,854.35
2013-01-13 19:00:00,667.5
2013-01-13 20:00:00,519.55001
2013-01-13 21:00:00,149.80000375
2013-01-13 22:00:00,45.3250005
2013-01-13 23:00:00,3.275
2013-01-14 00:00:00,0.0
2013-01-14 01:00:00,0.0
2013-01-14 02:00:00,0.0
2013-01-14 03:00:00,0.0
2013-01-14 04:00:00,0.0
2013-01-14 05:00:00,0.0
2013-01-14 06:00:00,0.0
2013-01-14 07:00:00,0.0
2013-01-14 08:00:00,0.0
2013-01-14 09:00:00,0.0
2013-01-14 10:00:00,94.77500125
2013-01-14 11:00:00,323.4000025
2013-01-14 12:00:00,507.875015
2013-01-14 13:00:00,649.37501
2013-01-14 14:00:00,780.2249999999999
2013-01-14 15:00:00,873.525
2013-01-14 16:00:00,788.625
2013-01-14 17:00:00,892.0500099999999
2013-01-14 18:00:00,765.15001
2013-01-14 19:00:00,671.25
2013-01-14 20:00:00,284.575
2013-01-14 21:00:00,159.1500005
2013-01-14 22:00:00,29.325
2013-01-14 23:00:00,2.0
2013-01-15 00:00:00,0.0
2013-01-15 01:00:00,0.0
2013-01-15 02:00:00,0.0
2013-01-15 03:00:00,0.0
2013-01-15 04:00:00,0.0
2013-01-15 05:00:00,0.0
2013-01-15 06:00:00,0.0
2013-01-15 07:00:00,0.0
2013-01-15 08:00:00,0.0
2013-01-15 09:00:00,0.0
2013-01-15 10:00:00,74.225
2013-01-15 11:00:00,212.5000025
2013-01-15 12:00:00,408.95
2013-01-15 13:00:00,632.97501
2013-01-15 14:00:00,673.47501
2013-01-15 15:00:00,912.67503
2013-01-15 16:00:00,1029.100025
2013-01-15 17:00:00,959.80002
2013-01-15 18:00:00,665.85
2013-01-15 19:00:00,410.90000499999996
2013-01-15 20:00:00,259.525
2013-01-15 21:00:00,93.475
2013-01-15 22:00:00,86.475
2013-01-15 23:00:00,0.0
2013-01-16 00:00:00,0.0
2013-01-16 01:00:00,0.0
2013-01-16 02:00:00,0.0
2013-01-16 03:00:00,0.0
2013-01-16 04:00:00,0.0
2013-01-16 05:00:00,0.0
2013-01-16 06:00:00,0.0
2013-01-16 07:00:00,0.0
2013-01-16 08:00:00,0.0
2013-01-16 09:00:00,0.0
2013-01-16 10:00:00,41.525001325000005
2013-01-16 11:00:00,187.40000375
2013-01-16 12:00:00,365.675005
2013-01-16 13:00:00,406.3
2013-01-16 14:00:00,568.07501
2013-01-16 15:00:00,834.92502
2013-01-16 16:00:00,871.75
2013-01-16 17:00:00,946.37501
2013-01-16 18:00:00,607.00001
2013-01-16 19:00:00,376.4
2013-01-16 20:00:00,224.275
2013-01-16 21:00:00,154.40000500000002
2013-01-16 22:00:00,15.0250005
2013-01-16 23:00:00,0.0
2013-01-17 00:00:00,0.0
2013-01-17 01:00:00,0.0
2013-01-17 02:00:00,0.0
2013-01-17 03:00:00,0.0
2013-01-17 04:00:00,0.0
2013-01-17 05:00:00,0.0
2013-01-17 06:00:00,0.0
2013-01-17 07:00:00,0.0
2013-01-17 08:00:00,0.0
2013-01-17 09:00:00,0.0
2013-01-17 10:00:00,73.30000025
2013-01-17 11:00:00,254.8750075
2013-01-17 12:00:00,240.80000333333336
2013-01-17 13:00:00,369.50001
2013-01-17 14:00:00,546.225015
2013-01-17 15:00:00,503.125
2013-01-17 16:00:00,600.32502
2013-01-17 17:00:00,616.95
2013-01-17 18:00:00,485.45002
2013-01-17 19:00:00,428.625015
2013-01-17 20:00:00,252.925
2013-01-17 21:00:00,76.7750015
2013-01-17 22:00:00,0.0
2013-01-17 23:00:00,0.0
2013-01-18 00:00:00,0.0
2013-01-18 01:00:00,0.0
2013-01-18 02:00:00,0.0
2013-01-18 03:00:00,0.0
2013-01-18 04:00:00,0.0
2013-01-18 05:00:00,0.0
2013-01-18 06:00:00,0.0
2013-01-18 07:00:00,0.0
2013-01-18 08:00:00,0.0
2013-01-18 09:00:00,0.0
2013-01-18 10:00:00,59.175
2013-01-18 11:00:00,214.22500250000002
2013-01-18 12:00:00,383.32500500000003
2013-01-18 13:00:00,501.25
2013-01-18 14:00:00,575.55003
2013-01-18 15:00:00,675.97502
2013-01-18 16:00:00,652.9
2013-01-18 17:00:00,585.875
2013-01-18 18:00:00,476.475005
2013-01-18 19:00:00,500.9
2013-01-18 20:00:00,271.400005
2013-01-18 21:00:00,85.94999999999999
2013-01-18 22:00:00,0.0
2013-01-18 23:00:00,0.0
2013-01-19 00:00:00,0.0
2013-01-19 01:00:00,0.0
2013-01-19 02:00:00,0.0
2013-01-19 03:00:00,0.0
2013-01-19 04:00:00,0.0
2013-01-19 05:00:00,0.0
2013-01-19 06:00:00,0.0
2013-01-19 07:00:00,0.0
2013-01-19 08:00:00,0.0
2013-01-19 09:00:00,0.0
2013-01-19 10:00:00,71.42500050000001
2013-01-19 11:00:00,232.02500500000002
2013-01-19 12:00:00,372.675005
2013-01-19 13:00:00,489.425005
2013-01-19 14:00:00,671.00002
2013-01-19 15:00:00,781.9
2013-01-19 16:00:00,766.725
2013-01-19 17:00:00,731.1
2013-01-19 18:00:00,586.725
2013-01-19 19:00:00,415.70000500000003
2013-01-19 20:00:00,254.22500000000002
2013-01-19 21:00:00,115.12500250000001
2013-01-19 22:00:00,0.0
2013-01-19 23:00:00,0.0
2013-01-20 00:00:00,0.0
2013-01-20 01:00:00,0.0
2013-01-20 02:00:00,0.0
2013-01-20 03:00:00,0.0
2013-01-20 04:00:00,0.0
2013-01-20 05:00:00,0.0
2013-01-20 06:00:00,0.0
2013-01-20 07:00:00,0.0
2013-01-20 08:00:00,0.0
2013-01-20 09:00:00,0.0
2013-01-20 10:00:00,74.9
2013-01-20 11:00:00,267.2
2013-01-20 12:00:00,424.25
2013-01-20 13:00:00,532.45001
2013-01-20 14:00:00,648.05001
2013-01-20 15:00:00,769.10001
2013-01-20 16:00:00,692.025
2013-01-20 17:00:00,564.575
2013-01-20 18:00:00,459.075
2013-01-20 19:00:00,392.725
2013-01-20 20:00:00,290.600005
2013-01-20 21:00:00,110.82500250000001
2013-01-20 22:00:00,16.55000125
2013-01-20 23:00:00,0.0
2013-01-21 00:00:00,
2013-01-21 01:00:00,
2013-01-21 02:00:00,
2013-01-21 03:00:00,
2013-01-21 04:00:00,
2013-01-21 05:00:00,
2013-01-21 06:00:00,
2013-01-21 07:00:00,
2013-01-21 08:00:00,
2013-01-21 09:00:00,
2013-01-21 10:00:00,
2013-01-21 11:00:00,
2013-01-21 12:00:00,
2013-01-21 13:00:00,
2013-01-21 14:00:00,
2013-01-21 15:00:00,
2013-01-21 16:00:00,
2013-01-21 17:00:00,
2013-01-21 18:00:00,
2013-01-21 19:00:00,
2013-01-21 20:00:00,
2013-01-21 21:00:00,
2013-01-21 22:00:00,
2013-01-21 23:00:00,
2013-01-22 00:00:00,0.0
2013-01-22 01:00:00,0.0
2013-01-22 02:00:00,0.0
2013-01-22 03:00:00,0.0
2013-01-22 04:00:00,0.0
2013-01-22 05:00:00,0.0
2013-01-22 06:00:00,0.0
2013-01-22 07:00:00,0.0
2013-01-22 08:00:00,0.0
2013-01-22 09:00:00,0.0
2013-01-22 10:00:00,78.6500025
2013-01-22 11:00:00,266.0500025
2013-01-22 12:00:00,428.8
2013-01-22 13:00:00,554.125
2013-01-22 14:00:00,668.22501
2013-01-22 15:00:00,809.75
2013-01-22 16:00:00,832.425
2013-01-22 17:00:00,669.975
2013-01-22 18:00:00,534.150005
2013-01-22 19:00:00,385.9
2013-01-22 20:00:00,260.800005
2013-01-22 21:00:00,137.075
2013-01-22 22:00:00,0.0
2013-01-22 23:00:00,0.0
2013-01-23 00:00:00,0.0
2013-01-23 01:00:00,0.0
2013-01-23 02:00:00,0.0
2013-01-23 03:00:00,0.0
2013-01-23 04:00:00,0.0
2013-01-23 05:00:00,0.0
2013-01-23 06:00:00,0.0
2013-01-23 07:00:00,0.0
2013-01-23 08:00:00,0.0
2013-01-23 09:00:00,0.0
2013-01-23 10:00:00,98.50000233333333
2013-01-23 11:00:00,305.65
2013-01-23 12:00:00,510.300005
2013-01-23 13:00:00,684.375
2013-01-23 14:00:00,761.85001
2013-01-23 15:00:00,762.57501
2013-01-23 16:00:00,720.7750100000001
2013-01-23 17:00:00,609.8000099999999
2013-01-23 18:00:00,434.300005
2013-01-23 19:00:00,369.6
2013-01-23 20:00:00,280.95000500000003
2013-01-23 21:00:00,42.5
2013-01-23 22:00:00,0.0
2013-01-23 23:00:00,0.0
2013-01-24 00:00:00,0.0
2013-01-24 01:00:00,0.0
2013-01-24 02:00:00,0.0
2013-01-24 03:00:00,0.0
2013-01-24 04:00:00,0.0
2013-01-24 05:00:00,0.0
2013-01-24 06:00:00,0.0
2013-01-24 07:00:00,0.0
2013-01-24 08:00:00,0.0
2013-01-24 09:00:00,0.0
2013-01-24 10:00:00,68.475003
2013-01-24 11:00:00,286.350005
2013-01-24 12:00:00,557.575
2013-01-24 13:00:00,784.22501
2013-01-24 14:00:00,965.00002
2013-01-24 15:00:00,1084.325
2013-01-24 16:00:00,1129.75
2013-01-24 17:00:00,1102.22505
2013-01-24 18:00:00,1004.22501
2013-01-24 19:00:00,844.70002
2013-01-24 20:00:00,632.8
2013-01-24 21:00:00,388.650005
2013-01-24 22:00:00,115.475
2013-01-24 23:00:00,0.0
2013-01-25 00:00:00,0.0
2013-01-25 01:00:00,0.0
2013-01-25 02:00:00,0.0
2013-01-25 03:00:00,0.0
2013-01-25 04:00:00,0.0
2013-01-25 05:00:00,0.0
2013-01-25 06:00:00,0.0
2013-01-25 07:00:00,0.0
2013-01-25 08:00:00,0.0
2013-01-25 09:00:00,0.0
2013-01-25 10:00:00,81.70000125
2013-01-25 11:00:00,276.975005
2013-01-25 12:00:00,432.500005
2013-01-25 13:00:00,487.4
2013-01-25 14:00:00,512.82501
2013-01-25 15:00:00,707.175
2013-01-25 16:00:00,954.55001
2013-01-25 17:00:00,625.77502
2013-01-25 18:00:00,500.250015
2013-01-25 19:00:00,374.975
2013-01-25 20:00:00,313.25000750000004
2013-01-25 21:00:00,187.82500249999998
2013-01-25 22:00:00,79.40000125
2013-01-25 23:00:00,4.275
2013-01-26 00:00:00,0.0
2013-01-26 01:00:00,0.0
2013-01-26 02:00:00,0.0
2013-01-26 03:00:00,0.0
2013-01-26 04:00:00,0.0
2013-01-26 05:00:00,0.0
2013-01-26 06:00:00,0.0
2013-01-26 07:00:00,0.0
2013-01-26 08:00:00,0.0
2013-01-26 09:00:00,0.0
2013-01-26 10:00:00,80.45
2013-01-26 11:00:00,313.8250025
2013-01-26 12:00:00,558.4000100000001
2013-01-26 13:00:00,766.075
2013-01-26 14:00:00,909.3000099999999
2013-01-26 15:00:00,1073.800025
2013-01-26 16:00:00,1120.475
2013-01-26 17:00:00,1024.45001
2013-01-26 18:00:00,831.4250099999999
2013-01-26 19:00:00,522.275
2013-01-26 20:00:00,361.80001000000004
2013-01-26 21:00:00,174.87500125
2013-01-26 22:00:00,0.0
2013-01-26 23:00:00,4.775
2013-01-27 00:00:00,0.0
2013-01-27 01:00:00,0.0
2013-01-27 02:00:00,0.0
2013-01-27 03:00:00,0.0
2013-01-27 04:00:00,0.0
2013-01-27 05:00:00,0.0
2013-01-27 06:00:00,0.0
2013-01-27 07:00:00,0.0
2013-01-27 08:00:00,0.0
2013-01-27 09:00:00,0.0
2013-01-27 10:00:00,79.975
2013-01-27 11:00:00,298.525
2013-01-27 12:00:00,443.825
2013-01-27 13:00:00,583.625
2013-01-27 14:00:00,856.975
2013-01-27 15:00:00,932.8
2013-01-27 16:00:00,977.175
2013-01-27 17:00:00,964.10002
2013-01-27 18:00:00,806.8
2013-01-27 19:00:00,675.12501
2013-01-27 20:00:00,328.775005
2013-01-27 21:00:00,145.1750005
2013-01-27 22:00:00,16.75
2013-01-27 23:00:00,2.97500025
2013-01-28 00:00:00,0.0
2013-01-28 01:00:00,0.0
2013-01-28 02:00:00,0.0
2013-01-28 03:00:00,0.0
2013-01-28 04:00:00,0.0
2013-01-28 05:00:00,0.0
2013-01-28 06:00:00,0.0
2013-01-28 07:00:00,0.0
2013-01-28 08:00:00,0.0
2013-01-28 09:00:00,0.0
2013-01-28 10:00:00,79.33333333333333
2013-01-28 11:00:00,296.70000500000003
2013-01-28 12:00:00,515.825
2013-01-28 13:00:00,693.475
2013-01-28 14:00:00,927.72501
2013-01-28 15:00:00,1075.975
2013-01-28 16:00:00,1130.65
2013-01-28 17:00:00,1080.725025
2013-01-28 18:00:00,820.775
2013-01-28 19:00:00,664.42501
2013-01-28 20:00:00,434.825
2013-01-28 21:00:00,249.45000750000003
2013-01-28 22:00:00,17.025
2013-01-28 23:00:00,0.0
2013-01-29 00:00:00,0.0
2013-01-29 01:00:00,0.0
2013-01-29 02:00:00,0.0
2013-01-29 03:00:00,0.0
2013-01-29 04:00:00,0.0
2013-01-29 05:00:00,0.0
2013-01-29 06:00:00,0.0
2013-01-29 07:00:00,0.0
2013-01-29 08:00:00,0.0
2013-01-29 09:00:00,0.0
2013-01-29 10:00:00,70.85000175
2013-01-29 11:00:00,264.25
2013-01-29 12:00:00,467.525
2013-01-29 13:00:00,676.75001
2013-01-29 14:00:00,846.70001
2013-01-29 15:00:00,920.6500100000001
2013-01-29 16:00:00,816.65002
2013-01-29 17:00:00,712.6750099999999
2013-01-29 18:00:00,512.17502
2013-01-29 19:00:00,444.875005
2013-01-29 20:00:00,300.7000025
2013-01-29 21:00:00,120.39999999999999
2013-01-29 22:00:00,10.025
2013-01-29 23:00:00,2.175
2013-01-30 00:00:00,0.0
2013-01-30 01:00:00,0.0
2013-01-30 02:00:00,0.0
2013-01-30 03:00:00,0.0
2013-01-30 04:00:00,0.0
2013-01-30 05:00:00,0.0
2013-01-30 06:00:00,0.0
2013-01-30 07:00:00,0.0
2013-01-30 08:00:00,0.0
2013-01-30 09:00:00,0.0
2013-01-30 10:00:00,41.4
2013-01-30 11:00:00,254.16666999999998
2013-01-30 12:00:00,487.8
2013-01-30 13:00:00,642.4333333333333
2013-01-30 14:00:00,818.9
2013-01-30 15:00:00,874.3666666666667
2013-01-30 16:00:00,965.3666933333334
2013-01-30 17:00:00,686.0666733333334
2013-01-30 18:00:00,355.5666733333333
2013-01-30 19:00:00,450.8333333333333
2013-01-30 20:00:00,306.6333333333334
2013-01-30 21:00:00,247.00000666666665
2013-01-30 22:00:00,1.5999999999999999
2013-01-30 23:00:00,0.0
2013-01-31 00:00:00,0.0
2013-01-31 01:00:00,0.0
2013-01-31 02:00:00,0.0
2013-01-31 03:00:00,0.0
2013-01-31 04:00:00,0.0
2013-01-31 05:00:00,0.0
2013-01-31 06:00:00,0.0
2013-01-31 07:00:00,0.0
2013-01-31 08:00:00,0.0
2013-01-31 09:00:00,0.0
2013-01-31 10:00:00,61.975000525
2013-01-31 11:00:00,285.750005
2013-01-31 12:00:00,520.275005
2013-01-31 13:00:00,745.77503
2013-01-31 14:00:00,925.825
2013-01-31 15:00:00,1048.27501
2013-01-31 16:00:00,1096.40005
2013-01-31 17:00:00,1054.15
2013-01-31 18:00:00,952.95002
2013-01-31 19:00:00,786.425
2013-01-31 20:00:00,529.725
2013-01-31 21:00:00,299.4250025
2013-01-31 22:00:00,63.4500015
2013-01-31 23:00:00,2.925
2013-02-01 00:00:00,0.0
2013-02-01 01:00:00,0.0
2013-02-01 02:00:00,0.0
2013-02-01 03:00:00,0.0
2013-02-01 04:00:00,0.0
2013-02-01 05:00:00,0.0
2013-02-01 06:00:00,0.0
2013-02-01 07:00:00,0.0
2013-02-01 08:00:00,0.0
2013-02-01 09:00:00,0.0
2013-02-01 10:00:00,61.55000125
2013-02-01 11:00:00,286.55
2013-02-01 12:00:00,552.92502
2013-02-01 13:00:00,779.12501
2013-02-01 14:00:00,960.55001
2013-02-01 15:00:00,1079.1
2013-02-01 16:00:00,1128.75
2013-02-01 17:00:00,1102.525025
2013-02-01 18:00:00,996.12502
2013-02-01 19:00:00,746.2
2013-02-01 20:00:00,376.87501
2013-02-01 21:00:00,231.95
2013-02-01 22:00:00,119.425005
2013-02-01 23:00:00,3.05
2013-02-02 00:00:00,0.0
2013-02-02 01:00:00,0.0
2013-02-02 02:00:00,0.0
2013-02-02 03:00:00,0.0
2013-02-02 04:00:00,0.0
2013-02-02 05:00:00,0.0
2013-02-02 06:00:00,0.0
2013-02-02 07:00:00,0.0
2013-02-02 08:00:00,0.0
2013-02-02 09:00:00,0.0
2013-02-02 10:00:00,59.725
2013-02-02 11:00:00,284.725
2013-02-02 12:00:00,543.55
2013-02-02 13:00:00,768.9000100000001
2013-02-02 14:00:00,946.95
2013-02-02 15:00:00,1055.65
2013-02-02 16:00:00,1103.150075
2013-02-02 17:00:00,1077.7
2013-02-02 18:00:00,968.25002
2013-02-02 19:00:00,806.4000100000001
2013-02-02 20:00:00,594.25
2013-02-02 21:00:00,220.27500750000002
2013-02-02 22:00:00,66.80000175
2013-02-02 23:00:00,2.325
2013-02-03 00:00:00,0.0
2013-02-03 01:00:00,0.0
2013-02-03 02:00:00,0.0
2013-02-03 03:00:00,0.0
2013-02-03 04:00:00,0.0
2013-02-03 05:00:00,0.0
2013-02-03 06:00:00,0.0
2013-02-03 07:00:00,0.0
2013-02-03 08:00:00,0.0
2013-02-03 09:00:00,0.0
2013-02-03 10:00:00,30.525
2013-02-03 11:00:00,159.0250025
2013-02-03 12:00:00,306.75001
2013-02-03 13:00:00,431.77501
2013-02-03 14:00:00,634.025
2013-02-03 15:00:00,824.22502
2013-02-03 16:00:00,954.65
2013-02-03 17:00:00,872.35001
2013-02-03 18:00:00,670.40002
2013-02-03 19:00:00,614.20001
2013-02-03 20:00:00,397.925005
2013-02-03 21:00:00,240.8000055
2013-02-03 22:00:00,0.0
2013-02-03 23:00:00,3.15
2013-02-04 00:00:00,0.0
2013-02-04 01:00:00,0.0
2013-02-04 02:00:00,0.0
2013-02-04 03:00:00,0.0
2013-02-04 04:00:00,0.0
2013-02-04 05:00:00,0.0
2013-02-04 06:00:00,0.0
2013-02-04 07:00:00,0.0
2013-02-04 08:00:00,0.0
2013-02-04 09:00:00,0.0
2013-02-04 10:00:00,54.199999999999996
2013-02-04 11:00:00,175.1250025
2013-02-04 12:00:00,295.77500499999996
2013-02-04 13:00:00,416.025
2013-02-04 14:00:00,574.95002
2013-02-04 15:00:00,803.95
2013-02-04 16:00:00,843.45
2013-02-04 17:00:00,921.10001
2013-02-04 18:00:00,764.025
2013-02-04 19:00:00,407.025
2013-02-04 20:00:00,267.15
2013-02-04 21:00:00,90.67500000000001
2013-02-04 22:00:00,7.82500025
2013-02-04 23:00:00,0.0
2013-02-05 00:00:00,0.0
2013-02-05 01:00:00,0.0
2013-02-05 02:00:00,0.0
2013-02-05 03:00:00,0.0
2013-02-05 04:00:00,0.0
2013-02-05 05:00:00,0.0
2013-02-05 06:00:00,0.0
2013-02-05 07:00:00,0.0
2013-02-05 08:00:00,0.0
2013-02-05 09:00:00,0.0
2013-02-05 10:00:00,48.92500125
2013-02-05 11:00:00,213.17499999999998
2013-02-05 12:00:00,342.10001
2013-02-05 13:00:00,520.225015
2013-02-05 14:00:00,764.05003
2013-02-05 15:00:00,1019.92502
2013-02-05 16:00:00,1094.10005
2013-02-05 17:00:00,952.6500000000001
2013-02-05 18:00:00,675.25
2013-02-05 19:00:00,494.07500000000005
2013-02-05 20:00:00,333.025005
2013-02-05 21:00:00,133.30000024999998
2013-02-05 22:00:00,75.25
2013-02-05 23:00:00,0.0
2013-02-06 00:00:00,0.0
2013-02-06 01:00:00,0.0
2013-02-06 02:00:00,0.0
2013-02-06 03:00:00,0.0
2013-02-06 04:00:00,0.0
2013-02-06 05:00:00,0.0
2013-02-06 06:00:00,0.0
2013-02-06 07:00:00,0.0
2013-02-06 08:00:00,0.0
2013-02-06 09:00:00,0.0
2013-02-06 10:00:00,49.60000025
2013-02-06 11:00:00,262.150005
2013-02-06 12:00:00,504.55001
2013-02-06 13:00:00,558.3
2013-02-06 14:00:00,809.00001
2013-02-06 15:00:00,911.575
2013-02-06 16:00:00,919.27502
2013-02-06 17:00:00,806.07502
2013-02-06 18:00:00,694.5999999999999
2013-02-06 19:00:00,512.325
2013-02-06 20:00:00,258.95000500000003
2013-02-06 21:00:00,187.425
2013-02-06 22:00:00,19.7750005
2013-02-06 23:00:00,0.0
2013-02-07 00:00:00,0.0
2013-02-07 01:00:00,0.0
2013-02-07 02:00:00,0.0
2013-02-07 03:00:00,0.0
2013-02-07 04:00:00,0.0
2013-02-07 05:00:00,0.0
2013-02-07 06:00:00,0.0
2013-02-07 07:00:00,0.0
2013-02-07 08:00:00,0.0
2013-02-07 09:00:00,0.0
2013-02-07 10:00:00,33.2250005
2013-02-07 11:00:00,181.3750025
2013-02-07 12:00:00,330.20000000000005
2013-02-07 13:00:00,627.37502
2013-02-07 14:00:00,777.1
2013-02-07 15:00:00,836.2
2013-02-07 16:00:00,803.425
2013-02-07 17:00:00,716.275
2013-02-07 18:00:00,891.3500200000001
2013-02-07 19:00:00,667.50002
2013-02-07 20:00:00,511.40001
2013-02-07 21:00:00,339.1750025
2013-02-07 22:00:00,94.1500005
2013-02-07 23:00:00,1.575
2013-02-08 00:00:00,0.0
2013-02-08 01:00:00,0.0
2013-02-08 02:00:00,0.0
2013-02-08 03:00:00,0.0
2013-02-08 04:00:00,0.0
2013-02-08 05:00:00,0.0
2013-02-08 06:00:00,0.0
2013-02-08 07:00:00,0.0
2013-02-08 08:00:00,0.0
2013-02-08 09:00:00,0.0
2013-02-08 10:00:00,53.675
2013-02-08 11:00:00,276.6500075
2013-02-08 12:00:00,526.5
2013-02-08 13:00:00,753.45
2013-02-08 14:00:00,935.025
2013-02-08 15:00:00,1055.675
2013-02-08 16:00:00,1080.075025
2013-02-08 17:00:00,978.05
2013-02-08 18:00:00,890.50001
2013-02-08 19:00:00,776.47501
2013-02-08 20:00:00,589.67501
2013-02-08 21:00:00,368.29999999999995
2013-02-08 22:00:00,125.25000125
2013-02-08 23:00:00,0.575
2013-02-09 00:00:00,0.0
2013-02-09 01:00:00,0.0
2013-02-09 02:00:00,0.0
2013-02-09 03:00:00,0.0
2013-02-09 04:00:00,0.0
2013-02-09 05:00:00,0.0
2013-02-09 06:00:00,0.0
2013-02-09 07:00:00,0.0
2013-02-09 08:00:00,0.0
2013-02-09 09:00:00,0.0
2013-02-09 10:00:00,49.2
2013-02-09 11:00:00,269.3250025
2013-02-09 12:00:00,503.55001000000004
2013-02-09 13:00:00,697.10001
2013-02-09 14:00:00,771.375
2013-02-09 15:00:00,902.0500099999999
2013-02-09 16:00:00,752.875
2013-02-09 17:00:00,710.1500100000001
2013-02-09 18:00:00,365.375005
2013-02-09 19:00:00,349.6500025
2013-02-09 20:00:00,172.100005
2013-02-09 21:00:00,38.925000000000004
2013-02-09 22:00:00,12.75
2013-02-09 23:00:00,0.0
2013-02-10 00:00:00,0.0
2013-02-10 01:00:00,0.0
2013-02-10 02:00:00,0.0
2013-02-10 03:00:00,0.0
2013-02-10 04:00:00,0.0
2013-02-10 05:00:00,0.0
2013-02-10 06:00:00,0.0
2013-02-10 07:00:00,0.0
2013-02-10 08:00:00,0.0
2013-02-10 09:00:00,0.0
2013-02-10 10:00:00,44.45000125
2013-02-10 11:00:00,256.1750075
2013-02-10 12:00:00,504.95
2013-02-10 13:00:00,733.9750200000001
2013-02-10 14:00:00,918.10001
2013-02-10 15:00:00,1029.05
2013-02-10 16:00:00,1078.175
2013-02-10 17:00:00,1052.175
2013-02-10 18:00:00,651.6500100000001
2013-02-10 19:00:00,319.575
2013-02-10 20:00:00,391.82500000000005
2013-02-10 21:00:00,277.07501
2013-02-10 22:00:00,53.5
2013-02-10 23:00:00,0.675
2013-02-11 00:00:00,0.0
2013-02-11 01:00:00,0.0
2013-02-11 02:00:00,0.0
2013-02-11 03:00:00,0.0
2013-02-11 04:00:00,0.0
2013-02-11 05:00:00,0.0
2013-02-11 06:00:00,0.0
2013-02-11 07:00:00,0.0
2013-02-11 08:00:00,0.0
2013-02-11 09:00:00,0.0
2013-02-11 10:00:00,24.97500025
2013-02-11 11:00:00,166.675
2013-02-11 12:00:00,410.50001
2013-02-11 13:00:00,727.3
2013-02-11 14:00:00,885.3
2013-02-11 15:00:00,1023.20001
2013-02-11 16:00:00,1086.70005
2013-02-11 17:00:00,1060.65
2013-02-11 18:00:00,972.1000200000001
2013-02-11 19:00:00,811.0250000000001
2013-02-11 20:00:00,606.67502
2013-02-11 21:00:00,341.775005
2013-02-11 22:00:00,81.27500125
2013-02-11 23:00:00,0.0
2013-02-12 00:00:00,0.0
2013-02-12 01:00:00,0.0
2013-02-12 02:00:00,0.0
2013-02-12 03:00:00,0.0
2013-02-12 04:00:00,0.0
2013-02-12 05:00:00,0.0
2013-02-12 06:00:00,0.0
2013-02-12 07:00:00,0.0
2013-02-12 08:00:00,0.0
2013-02-12 09:00:00,0.0
2013-02-12 10:00:00,51.525000250000005
2013-02-12 11:00:00,277.5250025
2013-02-12 12:00:00,525.20001
2013-02-12 13:00:00,753.65
2013-02-12 14:00:00,936.075
2013-02-12 15:00:00,1055.67505
2013-02-12 16:00:00,1105.10005
2013-02-12 17:00:00,1079.575
2013-02-12 18:00:00,978.97501
2013-02-12 19:00:00,817.80002
2013-02-12 20:00:00,605.675
2013-02-12 21:00:00,358.95000500000003
2013-02-12 22:00:00,92.35000000000001
2013-02-12 23:00:00,0.450000025
2013-02-13 00:00:00,0.0
2013-02-13 01:00:00,0.0
2013-02-13 02:00:00,0.0
2013-02-13 03:00:00,0.0
2013-02-13 04:00:00,0.0
2013-02-13 05:00:00,0.0
2013-02-13 06:00:00,0.0
2013-02-13 07:00:00,0.0
2013-02-13 08:00:00,0.0
2013-02-13 09:00:00,0.0
2013-02-13 10:00:00,48.175
2013-02-13 11:00:00,270.850005
2013-02-13 12:00:00,529.675015
2013-02-13 13:00:00,758.32501
2013-02-13 14:00:00,941.45001
2013-02-13 15:00:00,1063.750025
2013-02-13 16:00:00,1113.72505
2013-02-13 17:00:00,1078.675075
2013-02-13 18:00:00,963.95001
2013-02-13 19:00:00,815.4000100000001
2013-02-13 20:00:00,618.10002
2013-02-13 21:00:00,153.4750025
2013-02-13 22:00:00,1.675000075
2013-02-13 23:00:00,0.0
2013-02-14 00:00:00,0.0
2013-02-14 01:00:00,0.0
2013-02-14 02:00:00,0.0
2013-02-14 03:00:00,0.0
2013-02-14 04:00:00,0.0
2013-02-14 05:00:00,0.0
2013-02-14 06:00:00,0.0
2013-02-14 07:00:00,0.0
2013-02-14 08:00:00,0.0
2013-02-14 09:00:00,0.0
2013-02-14 10:00:00,43.600000249999994
2013-02-14 11:00:00,220.0000075
2013-02-14 12:00:00,384.05
2013-02-14 13:00:00,675.90001
2013-02-14 14:00:00,910.475
2013-02-14 15:00:00,1030.575025
2013-02-14 16:00:00,1080.675025
2013-02-14 17:00:00,1056.600025
2013-02-14 18:00:00,962.57501
2013-02-14 19:00:00,802.7
2013-02-14 20:00:00,591.425
2013-02-14 21:00:00,346.9500075
2013-02-14 22:00:00,107.6
2013-02-14 23:00:00,0.0
2013-02-15 00:00:00,0.0
2013-02-15 01:00:00,0.0
2013-02-15 02:00:00,0.0
2013-02-15 03:00:00,0.0
2013-02-15 04:00:00,0.0
2013-02-15 05:00:00,0.0
2013-02-15 06:00:00,0.0
2013-02-15 07:00:00,0.0
2013-02-15 08:00:00,0.0
2013-02-15 09:00:00,0.0
2013-02-15 10:00:00,40.375001499999996
2013-02-15 11:00:00,250.2500025
2013-02-15 12:00:00,450.6
2013-02-15 13:00:00,683.87501
2013-02-15 14:00:00,877.8
2013-02-15 15:00:00,1014.5250000000001
2013-02-15 16:00:00,1066.275
2013-02-15 17:00:00,1042.22505
2013-02-15 18:00:00,947.55001
2013-02-15 19:00:00,786.22502
2013-02-15 20:00:00,573.82501
2013-02-15 21:00:00,334.675
2013-02-15 22:00:00,71.9000025
2013-02-15 23:00:00,0.0
2013-02-16 00:00:00,0.0
2013-02-16 01:00:00,0.0
2013-02-16 02:00:00,0.0
2013-02-16 03:00:00,0.0
2013-02-16 04:00:00,0.0
2013-02-16 05:00:00,0.0
2013-02-16 06:00:00,0.0
2013-02-16 07:00:00,0.0
2013-02-16 08:00:00,0.0
2013-02-16 09:00:00,0.0
2013-02-16 10:00:00,42.2500005
2013-02-16 11:00:00,260.1750025
2013-02-16 12:00:00,512.150005
2013-02-16 13:00:00,742.85001
2013-02-16 14:00:00,928.5999999999999
2013-02-16 15:00:00,1053.525025
2013-02-16 16:00:00,1103.47505
2013-02-16 17:00:00,1076.450025
2013-02-16 18:00:00,975.225
2013-02-16 19:00:00,812.30002
2013-02-16 20:00:00,598.75
2013-02-16 21:00:00,329.3
2013-02-16 22:00:00,49.574999999999996
2013-02-16 23:00:00,0.0
2013-02-17 00:00:00,0.0
2013-02-17 01:00:00,0.0
2013-02-17 02:00:00,0.0
2013-02-17 03:00:00,0.0
2013-02-17 04:00:00,0.0
2013-02-17 05:00:00,0.0
2013-02-17 06:00:00,0.0
2013-02-17 07:00:00,0.0
2013-02-17 08:00:00,0.0
2013-02-17 09:00:00,0.0
2013-02-17 10:00:00,41.30000025
2013-02-17 11:00:00,258.8000025
2013-02-17 12:00:00,508.825
2013-02-17 13:00:00,739.3
2013-02-17 14:00:00,924.07502
2013-02-17 15:00:00,1047.550035
2013-02-17 16:00:00,1097.975
2013-02-17 17:00:00,1073.0749999999998
2013-02-17 18:00:00,973.77502
2013-02-17 19:00:00,809.7
2013-02-17 20:00:00,583.325005
2013-02-17 21:00:00,141.45
2013-02-17 22:00:00,0.0
2013-02-17 23:00:00,0.0
2013-02-18 00:00:00,0.0
2013-02-18 01:00:00,0.0
2013-02-18 02:00:00,0.0
2013-02-18 03:00:00,0.0
2013-02-18 04:00:00,0.0
2013-02-18 05:00:00,0.0
2013-02-18 06:00:00,0.0
2013-02-18 07:00:00,0.0
2013-02-18 08:00:00,0.0
2013-02-18 09:00:00,0.0
2013-02-18 10:00:00,26.900001250000003
2013-02-18 11:00:00,169.9250025
2013-02-18 12:00:00,296.375
2013-02-18 13:00:00,375.775
2013-02-18 14:00:00,434.875005
2013-02-18 15:00:00,488.84999999999997
2013-02-18 16:00:00,489.4
2013-02-18 17:00:00,427.35001
2013-02-18 18:00:00,425.0
2013-02-18 19:00:00,348.625005
2013-02-18 20:00:00,218.25
2013-02-18 21:00:00,43.700000075
2013-02-18 22:00:00,0.0
2013-02-18 23:00:00,0.0
2013-02-19 00:00:00,
2013-02-19 01:00:00,0.0
2013-02-19 02:00:00,0.0
2013-02-19 03:00:00,0.0
2013-02-19 04:00:00,0.0
2013-02-19 05:00:00,
2013-02-19 06:00:00,0.0
2013-02-19 07:00:00,0.0
2013-02-19 08:00:00,0.0
2013-02-19 09:00:00,0.0
2013-02-19 10:00:00,40.7
2013-02-19 11:00:00,207.82500750000003
2013-02-19 12:00:00,366.525
2013-02-19 13:00:00,509.925
2013-02-19 14:00:00,642.325
2013-02-19 15:00:00,786.25002
2013-02-19 16:00:00,850.675
2013-02-19 17:00:00,772.275
2013-02-19 18:00:00,639.65
2013-02-19 19:00:00,419.0
2013-02-19 20:00:00,209.525
2013-02-19 21:00:00,21.4
2013-02-19 22:00:00,4.975
2013-02-19 23:00:00,0.0
2013-02-20 00:00:00,0.0
2013-02-20 01:00:00,0.0
2013-02-20 02:00:00,0.0
2013-02-20 03:00:00,0.0
2013-02-20 04:00:00,0.0
2013-02-20 05:00:00,0.0
2013-02-20 06:00:00,0.0
2013-02-20 07:00:00,0.0
2013-02-20 08:00:00,0.0
2013-02-20 09:00:00,0.0
2013-02-20 10:00:00,31.15
2013-02-20 11:00:00,213.6
2013-02-20 12:00:00,391.95000500000003
2013-02-20 13:00:00,588.875
2013-02-20 14:00:00,714.425
2013-02-20 15:00:00,880.85
2013-02-20 16:00:00,921.30001
2013-02-20 17:00:00,789.25002
2013-02-20 18:00:00,743.40002
2013-02-20 19:00:00,615.325
2013-02-20 20:00:00,560.02502
2013-02-20 21:00:00,327.12500750000004
2013-02-20 22:00:00,90.7250025
2013-02-20 23:00:00,0.0
2013-02-21 00:00:00,0.0
2013-02-21 01:00:00,0.0
2013-02-21 02:00:00,0.0
2013-02-21 03:00:00,0.0
2013-02-21 04:00:00,0.0
2013-02-21 05:00:00,0.0
2013-02-21 06:00:00,0.0
2013-02-21 07:00:00,0.0
2013-02-21 08:00:00,0.0
2013-02-21 09:00:00,0.0
2013-02-21 10:00:00,36.525
2013-02-21 11:00:00,252.800005
2013-02-21 12:00:00,494.4
2013-02-21 13:00:00,714.85001
2013-02-21 14:00:00,886.05
2013-02-21 15:00:00,1034.750035
2013-02-21 16:00:00,1083.675025
2013-02-21 17:00:00,1015.05
2013-02-21 18:00:00,956.375
2013-02-21 19:00:00,780.3
2013-02-21 20:00:00,397.275
2013-02-21 21:00:00,94.82499999999999
2013-02-21 22:00:00,6.050000000000001
2013-02-21 23:00:00,0.0
2013-02-22 00:00:00,0.0
2013-02-22 01:00:00,0.0
2013-02-22 02:00:00,0.0
2013-02-22 03:00:00,0.0
2013-02-22 04:00:00,0.0
2013-02-22 05:00:00,0.0
2013-02-22 06:00:00,0.0
2013-02-22 07:00:00,0.0
2013-02-22 08:00:00,0.0
2013-02-22 09:00:00,0.0
2013-02-22 10:00:00,30.025001275
2013-02-22 11:00:00,182.92500125
2013-02-22 12:00:00,358.07501
2013-02-22 13:00:00,517.60001
2013-02-22 14:00:00,617.0
2013-02-22 15:00:00,763.12501
2013-02-22 16:00:00,851.45001
2013-02-22 17:00:00,878.05001
2013-02-22 18:00:00,731.77503
2013-02-22 19:00:00,486.625
2013-02-22 20:00:00,306.300005
2013-02-22 21:00:00,94.3000025
2013-02-22 22:00:00,17.5
2013-02-22 23:00:00,0.0
2013-02-23 00:00:00,0.0
2013-02-23 01:00:00,0.0
2013-02-23 02:00:00,0.0
2013-02-23 03:00:00,0.0
2013-02-23 04:00:00,0.0
2013-02-23 05:00:00,0.0
2013-02-23 06:00:00,0.0
2013-02-23 07:00:00,0.0
2013-02-23 08:00:00,0.0
2013-02-23 09:00:00,0.0
2013-02-23 10:00:00,21.650001250000003
2013-02-23 11:00:00,210.29999999999998
2013-02-23 12:00:00,426.1
2013-02-23 13:00:00,616.55
2013-02-23 14:00:00,787.70001
2013-02-23 15:00:00,912.82501
2013-02-23 16:00:00,949.20001
2013-02-23 17:00:00,924.17502
2013-02-23 18:00:00,911.40001
2013-02-23 19:00:00,707.92502
2013-02-23 20:00:00,363.675
2013-02-23 21:00:00,68.525003
2013-02-23 22:00:00,16.049999999999997
2013-02-23 23:00:00,0.0
2013-02-24 00:00:00,0.0
2013-02-24 01:00:00,0.0
2013-02-24 02:00:00,0.0
2013-02-24 03:00:00,0.0
2013-02-24 04:00:00,0.0
2013-02-24 05:00:00,0.0
2013-02-24 06:00:00,0.0
2013-02-24 07:00:00,0.0
2013-02-24 08:00:00,0.0
2013-02-24 09:00:00,0.0
2013-02-24 10:00:00,27.225
2013-02-24 11:00:00,223.475
2013-02-24 12:00:00,467.42501000000004
2013-02-24 13:00:00,623.97501
2013-02-24 14:00:00,879.7
2013-02-24 15:00:00,952.82501
2013-02-24 16:00:00,879.05001
2013-02-24 17:00:00,934.375
2013-02-24 18:00:00,785.17501
2013-02-24 19:00:00,335.875
2013-02-24 20:00:00,130.5000025
2013-02-24 21:00:00,0.0
2013-02-24 22:00:00,0.0
2013-02-24 23:00:00,0.0
2013-02-25 00:00:00,0.0
2013-02-25 01:00:00,0.0
2013-02-25 02:00:00,0.0
2013-02-25 03:00:00,0.0
2013-02-25 04:00:00,0.0
2013-02-25 05:00:00,0.0
2013-02-25 06:00:00,0.0
2013-02-25 07:00:00,0.0
2013-02-25 08:00:00,0.0
2013-02-25 09:00:00,0.0
2013-02-25 10:00:00,23.275
2013-02-25 11:00:00,125.575
2013-02-25 12:00:00,291.5500075
2013-02-25 13:00:00,533.65
2013-02-25 14:00:00,631.2
2013-02-25 15:00:00,872.47501
2013-02-25 16:00:00,873.2
2013-02-25 17:00:00,587.6500100000001
2013-02-25 18:00:00,523.4
2013-02-25 19:00:00,455.20001
2013-02-25 20:00:00,497.225015
2013-02-25 21:00:00,91.60000000000001
2013-02-25 22:00:00,63.7
2013-02-25 23:00:00,0.0
2013-02-26 00:00:00,0.0
2013-02-26 01:00:00,0.0
2013-02-26 02:00:00,0.0
2013-02-26 03:00:00,0.0
2013-02-26 04:00:00,0.0
2013-02-26 05:00:00,0.0
2013-02-26 06:00:00,0.0
2013-02-26 07:00:00,0.0
2013-02-26 08:00:00,0.0
2013-02-26 09:00:00,0.0
2013-02-26 10:00:00,32.224999999999994
2013-02-26 11:00:00,188.25000375000002
2013-02-26 12:00:00,333.100005
2013-02-26 13:00:00,466.725
2013-02-26 14:00:00,548.775
2013-02-26 15:00:00,675.85001
2013-02-26 16:00:00,653.85
2013-02-26 17:00:00,633.35
2013-02-26 18:00:00,526.2250200000001
2013-02-26 19:00:00,364.625
2013-02-26 20:00:00,137.4
2013-02-26 21:00:00,38.6000005
2013-02-26 22:00:00,33.574999999999996
2013-02-26 23:00:00,0.0
2013-02-27 00:00:00,0.0
2013-02-27 01:00:00,0.0
2013-02-27 02:00:00,0.0
2013-02-27 03:00:00,0.0
2013-02-27 04:00:00,0.0
2013-02-27 05:00:00,0.0
2013-02-27 06:00:00,0.0
2013-02-27 07:00:00,0.0
2013-02-27 08:00:00,0.0
2013-02-27 09:00:00,0.0
2013-02-27 10:00:00,25.625
2013-02-27 11:00:00,205.8500025
2013-02-27 12:00:00,421.57500500000003
2013-02-27 13:00:00,614.625
2013-02-27 14:00:00,869.05
2013-02-27 15:00:00,1018.6000349999999
2013-02-27 16:00:00,1067.70005
2013-02-27 17:00:00,1041.275
2013-02-27 18:00:00,942.8499999999999
2013-02-27 19:00:00,780.275
2013-02-27 20:00:00,526.07501
2013-02-27 21:00:00,325.000005
2013-02-27 22:00:00,84.0500025
2013-02-27 23:00:00,0.0
2013-02-28 00:00:00,0.0
2013-02-28 01:00:00,0.0
2013-02-28 02:00:00,0.0
2013-02-28 03:00:00,0.0
2013-02-28 04:00:00,0.0
2013-02-28 05:00:00,0.0
2013-02-28 06:00:00,0.0
2013-02-28 07:00:00,0.0
2013-02-28 08:00:00,0.0
2013-02-28 09:00:00,0.0
2013-02-28 10:00:00,31.85
2013-02-28 11:00:00,250.600005
2013-02-28 12:00:00,507.150015
2013-02-28 13:00:00,742.42501
2013-02-28 14:00:00,930.225
2013-02-28 15:00:00,1052.2000600000001
2013-02-28 16:00:00,1099.650025
2013-02-28 17:00:00,1069.175
2013-02-28 18:00:00,962.47501
2013-02-28 19:00:00,792.2750100000001
2013-02-28 20:00:00,572.10001
2013-02-28 21:00:00,319.975
2013-02-28 22:00:00,79.25000425
2013-02-28 23:00:00,0.0
2013-03-01 00:00:00,0.0
2013-03-01 01:00:00,0.0
2013-03-01 02:00:00,0.0
2013-03-01 03:00:00,0.0
2013-03-01 04:00:00,0.0
2013-03-01 05:00:00,0.0
2013-03-01 06:00:00,0.0
2013-03-01 07:00:00,0.0
2013-03-01 08:00:00,0.0
2013-03-01 09:00:00,0.0
2013-03-01 10:00:00,28.775
2013-03-01 11:00:00,237.8750075
2013-03-01 12:00:00,497.975
2013-03-01 13:00:00,730.625
2013-03-01 14:00:00,916.20001
2013-03-01 15:00:00,1036.375
2013-03-01 16:00:00,1083.5
2013-03-01 17:00:00,983.6500450000001
2013-03-01 18:00:00,932.125
2013-03-01 19:00:00,779.72501
2013-03-01 20:00:00,562.825005
2013-03-01 21:00:00,315.125
2013-03-01 22:00:00,75.975
2013-03-01 23:00:00,0.0
2013-03-02 00:00:00,0.0
2013-03-02 01:00:00,0.0
2013-03-02 02:00:00,0.0
2013-03-02 03:00:00,0.0
2013-03-02 04:00:00,0.0
2013-03-02 05:00:00,0.0
2013-03-02 06:00:00,0.0
2013-03-02 07:00:00,0.0
2013-03-02 08:00:00,0.0
2013-03-02 09:00:00,0.0
2013-03-02 10:00:00,29.07500125
2013-03-02 11:00:00,211.675
2013-03-02 12:00:00,277.875
2013-03-02 13:00:00,528.750005
2013-03-02 14:00:00,860.35
2013-03-02 15:00:00,988.20001
2013-03-02 16:00:00,1037.725
2013-03-02 17:00:00,1005.8
2013-03-02 18:00:00,912.9
2013-03-02 19:00:00,715.85002
2013-03-02 20:00:00,288.7250025
2013-03-02 21:00:00,28.525000000000002
2013-03-02 22:00:00,8.525000024999999
2013-03-02 23:00:00,0.0
2013-03-03 00:00:00,0.0
2013-03-03 01:00:00,0.0
2013-03-03 02:00:00,0.0
2013-03-03 03:00:00,0.0
2013-03-03 04:00:00,0.0
2013-03-03 05:00:00,0.0
2013-03-03 06:00:00,0.0
2013-03-03 07:00:00,0.0
2013-03-03 08:00:00,0.0
2013-03-03 09:00:00,0.0
2013-03-03 10:00:00,23.900000249999998
2013-03-03 11:00:00,142.82500375
2013-03-03 12:00:00,279.675
2013-03-03 13:00:00,419.77501
2013-03-03 14:00:00,608.3
2013-03-03 15:00:00,769.75001
2013-03-03 16:00:00,744.4250099999999
2013-03-03 17:00:00,615.5750049999999
2013-03-03 18:00:00,420.90001
2013-03-03 19:00:00,429.075
2013-03-03 20:00:00,187.975
2013-03-03 21:00:00,24.00000025
2013-03-03 22:00:00,2.25
2013-03-03 23:00:00,0.0
2013-03-04 00:00:00,0.0
2013-03-04 01:00:00,0.0
2013-03-04 02:00:00,0.0
2013-03-04 03:00:00,0.0
2013-03-04 04:00:00,0.0
2013-03-04 05:00:00,0.0
2013-03-04 06:00:00,0.0
2013-03-04 07:00:00,0.0
2013-03-04 08:00:00,0.0
2013-03-04 09:00:00,0.0
2013-03-04 10:00:00,16.5750005
2013-03-04 11:00:00,152.65000375
2013-03-04 12:00:00,322.2000066666667
2013-03-04 13:00:00,480.475005
2013-03-04 14:00:00,551.12502
2013-03-04 15:00:00,671.97501
2013-03-04 16:00:00,537.5
2013-03-04 17:00:00,429.975005
2013-03-04 18:00:00,497.9
2013-03-04 19:00:00,383.125
2013-03-04 20:00:00,193.575
2013-03-04 21:00:00,25.675000250000004
2013-03-04 22:00:00,0.0
2013-03-04 23:00:00,0.0
2013-03-05 00:00:00,0.0
2013-03-05 01:00:00,0.0
2013-03-05 02:00:00,0.0
2013-03-05 03:00:00,0.0
2013-03-05 04:00:00,0.0
2013-03-05 05:00:00,0.0
2013-03-05 06:00:00,0.0
2013-03-05 07:00:00,0.0
2013-03-05 08:00:00,0.0
2013-03-05 09:00:00,0.0
2013-03-05 10:00:00,22.60000025
2013-03-05 11:00:00,200.825
2013-03-05 12:00:00,457.10002000000003
2013-03-05 13:00:00,694.625
2013-03-05 14:00:00,878.8499999999999
2013-03-05 15:00:00,999.575025
2013-03-05 16:00:00,1047.175025
2013-03-05 17:00:00,1018.450035
2013-03-05 18:00:00,911.675
2013-03-05 19:00:00,745.0500099999999
2013-03-05 20:00:00,527.97501
2013-03-05 21:00:00,280.7500025
2013-03-05 22:00:00,56.75
2013-03-05 23:00:00,0.0
2013-03-06 00:00:00,0.0
2013-03-06 01:00:00,0.0
2013-03-06 02:00:00,0.0
2013-03-06 03:00:00,0.0
2013-03-06 04:00:00,0.0
2013-03-06 05:00:00,0.0
2013-03-06 06:00:00,0.0
2013-03-06 07:00:00,0.0
2013-03-06 08:00:00,0.0
2013-03-06 09:00:00,
2013-03-06 10:00:00,30.666666666666668
2013-03-06 11:00:00,215.7000025
2013-03-06 12:00:00,481.13333333333327
2013-03-06 13:00:00,711.85001
2013-03-06 14:00:00,895.9000100000001
2013-03-06 15:00:00,1015.57502
2013-03-06 16:00:00,1063.65005
2013-03-06 17:00:00,1033.900025
2013-03-06 18:00:00,928.1500100000001
2013-03-06 19:00:00,761.00001
2013-03-06 20:00:00,542.075
2013-03-06 21:00:00,270.15001
2013-03-06 22:00:00,21.55
2013-03-06 23:00:00,0.0
2013-03-07 00:00:00,0.0
2013-03-07 01:00:00,0.0
2013-03-07 02:00:00,0.0
2013-03-07 03:00:00,0.0
2013-03-07 04:00:00,0.0
2013-03-07 05:00:00,0.0
2013-03-07 06:00:00,0.0
2013-03-07 07:00:00,0.0
2013-03-07 08:00:00,0.0
2013-03-07 09:00:00,0.0
2013-03-07 10:00:00,20.275001500000002
2013-03-07 11:00:00,220.42500625
2013-03-07 12:00:00,424.85
2013-03-07 13:00:00,652.5500099999999
2013-03-07 14:00:00,832.7249999999999
2013-03-07 15:00:00,905.42501
2013-03-07 16:00:00,957.87502
2013-03-07 17:00:00,814.97501
2013-03-07 18:00:00,685.95001
2013-03-07 19:00:00,519.4
2013-03-07 20:00:00,313.77500499999996
2013-03-07 21:00:00,92.0000005
2013-03-07 22:00:00,5.75
2013-03-07 23:00:00,0.0
2013-03-08 00:00:00,0.0
2013-03-08 01:00:00,0.0
2013-03-08 02:00:00,0.0
2013-03-08 03:00:00,0.0
2013-03-08 04:00:00,0.0
2013-03-08 05:00:00,0.0
2013-03-08 06:00:00,0.0
2013-03-08 07:00:00,0.0
2013-03-08 08:00:00,0.0
2013-03-08 09:00:00,0.0
2013-03-08 10:00:00,12.674999999999999
2013-03-08 11:00:00,195.9
2013-03-08 12:00:00,421.9
2013-03-08 13:00:00,600.45001
2013-03-08 14:00:00,761.1
2013-03-08 15:00:00,845.32501
2013-03-08 16:00:00,863.925
2013-03-08 17:00:00,988.45002
2013-03-08 18:00:00,833.95
2013-03-08 19:00:00,647.12501
2013-03-08 20:00:00,458.77500499999996
2013-03-08 21:00:00,197.97500374999998
2013-03-08 22:00:00,14.925
2013-03-08 23:00:00,0.0
2013-03-09 00:00:00,0.0
2013-03-09 01:00:00,0.0
2013-03-09 02:00:00,0.0
2013-03-09 03:00:00,0.0
2013-03-09 04:00:00,0.0
2013-03-09 05:00:00,0.0
2013-03-09 06:00:00,0.0
2013-03-09 07:00:00,0.0
2013-03-09 08:00:00,0.0
2013-03-09 09:00:00,0.0
2013-03-09 10:00:00,20.57500125
2013-03-09 11:00:00,212.40000125
2013-03-09 12:00:00,429.1
2013-03-09 13:00:00,654.20001
2013-03-09 14:00:00,838.42502
2013-03-09 15:00:00,959.05001
2013-03-09 16:00:00,1005.67502
2013-03-09 17:00:00,976.02502
2013-03-09 18:00:00,820.35
2013-03-09 19:00:00,524.475
2013-03-09 20:00:00,388.475005
2013-03-09 21:00:00,198.025005
2013-03-09 22:00:00,25.70000125
2013-03-09 23:00:00,0.0
2013-03-10 00:00:00,0.0
2013-03-10 01:00:00,0.0
2013-03-10 02:00:00,0.0
2013-03-10 03:00:00,0.0
2013-03-10 04:00:00,0.0
2013-03-10 05:00:00,0.0
2013-03-10 06:00:00,0.0
2013-03-10 07:00:00,0.0
2013-03-10 08:00:00,0.0
2013-03-10 09:00:00,0.0
2013-03-10 10:00:00,16.6
2013-03-10 11:00:00,195.1500025
2013-03-10 12:00:00,446.02501500000005
2013-03-10 13:00:00,672.9250099999999
2013-03-10 14:00:00,852.7750100000001
2013-03-10 15:00:00,961.35
2013-03-10 16:00:00,735.57501
2013-03-10 17:00:00,788.2750000000001
2013-03-10 18:00:00,867.87501
2013-03-10 19:00:00,713.65001
2013-03-10 20:00:00,457.850005
2013-03-10 21:00:00,102.35
2013-03-10 22:00:00,13.95
2013-03-10 23:00:00,0.0
2013-03-11 00:00:00,0.0
2013-03-11 01:00:00,0.0
2013-03-11 02:00:00,0.0
2013-03-11 03:00:00,0.0
2013-03-11 04:00:00,0.0
2013-03-11 05:00:00,0.0
2013-03-11 06:00:00,0.0
2013-03-11 07:00:00,0.0
2013-03-11 08:00:00,0.0
2013-03-11 09:00:00,0.0
2013-03-11 10:00:00,19.775
2013-03-11 11:00:00,206.82500249999998
2013-03-11 12:00:00,459.800005
2013-03-11 13:00:00,689.2
2013-03-11 14:00:00,872.80001
2013-03-11 15:00:00,989.47501
2013-03-11 16:00:00,1033.125
2013-03-11 17:00:00,1001.025
2013-03-11 18:00:00,889.175
2013-03-11 19:00:00,720.57501
2013-03-11 20:00:00,501.65
2013-03-11 21:00:00,248.625
2013-03-11 22:00:00,25.025
2013-03-11 23:00:00,0.0
2013-03-12 00:00:00,0.0
2013-03-12 01:00:00,0.0
2013-03-12 02:00:00,0.0
2013-03-12 03:00:00,0.0
2013-03-12 04:00:00,0.0
2013-03-12 05:00:00,0.0
2013-03-12 06:00:00,0.0
2013-03-12 07:00:00,0.0
2013-03-12 08:00:00,0.0
2013-03-12 09:00:00,0.0
2013-03-12 10:00:00,18.75
2013-03-12 11:00:00,196.30000875000002
2013-03-12 12:00:00,376.65
2013-03-12 13:00:00,562.8000099999999
2013-03-12 14:00:00,639.60001
2013-03-12 15:00:00,846.00001
2013-03-12 16:00:00,968.2666800000001
2013-03-12 17:00:00,950.8666933333334
2013-03-12 18:00:00,654.55
2013-03-12 19:00:00,351.625
2013-03-12 20:00:00,177.9
2013-03-12 21:00:00,50.3500005
2013-03-12 22:00:00,1.75
2013-03-12 23:00:00,0.0
2013-03-13 00:00:00,0.0
2013-03-13 01:00:00,0.0
2013-03-13 02:00:00,0.0
2013-03-13 03:00:00,0.0
2013-03-13 04:00:00,0.0
2013-03-13 05:00:00,0.0
2013-03-13 06:00:00,0.0
2013-03-13 07:00:00,0.0
2013-03-13 08:00:00,0.0
2013-03-13 09:00:00,0.0
2013-03-13 10:00:00,17.099999999999998
2013-03-13 11:00:00,179.8000025
2013-03-13 12:00:00,396.975005
2013-03-13 13:00:00,566.575
2013-03-13 14:00:00,780.825
2013-03-13 15:00:00,967.2
2013-03-13 16:00:00,1011.175
2013-03-13 17:00:00,939.8
2013-03-13 18:00:00,546.975
2013-03-13 19:00:00,449.325005
2013-03-13 20:00:00,308.25
2013-03-13 21:00:00,95.32500375000001
2013-03-13 22:00:00,13.225
2013-03-13 23:00:00,0.0
2013-03-14 00:00:00,0.0
2013-03-14 01:00:00,0.0
2013-03-14 02:00:00,0.0
2013-03-14 03:00:00,0.0
2013-03-14 04:00:00,0.0
2013-03-14 05:00:00,0.0
2013-03-14 06:00:00,0.0
2013-03-14 07:00:00,0.0
2013-03-14 08:00:00,0.0
2013-03-14 09:00:00,0.0
2013-03-14 10:00:00,11.0
2013-03-14 11:00:00,131.15000625
2013-03-14 12:00:00,295.20000500000003
2013-03-14 13:00:00,439.550005
2013-03-14 14:00:00,585.30001
2013-03-14 15:00:00,702.00002
2013-03-14 16:00:00,712.275
2013-03-14 17:00:00,555.72502
2013-03-14 18:00:00,528.95
2013-03-14 19:00:00,391.175005
2013-03-14 20:00:00,194.85000250000002
2013-03-14 21:00:00,19.825
2013-03-14 22:00:00,1.275
2013-03-14 23:00:00,0.0
2013-03-15 00:00:00,0.0
2013-03-15 01:00:00,0.0
2013-03-15 02:00:00,0.0
2013-03-15 03:00:00,0.0
2013-03-15 04:00:00,0.0
2013-03-15 05:00:00,0.0
2013-03-15 06:00:00,0.0
2013-03-15 07:00:00,0.0
2013-03-15 08:00:00,0.0
2013-03-15 09:00:00,0.0
2013-03-15 10:00:00,11.97500025
2013-03-15 11:00:00,124.15000500000001
2013-03-15 12:00:00,297.025
2013-03-15 13:00:00,430.04999999999995
2013-03-15 14:00:00,507.250005
2013-03-15 15:00:00,685.25002
2013-03-15 16:00:00,719.075
2013-03-15 17:00:00,701.45002
2013-03-15 18:00:00,612.75002
2013-03-15 19:00:00,432.70002
2013-03-15 20:00:00,204.3250025
2013-03-15 21:00:00,37.0750005
2013-03-15 22:00:00,0.0
2013-03-15 23:00:00,0.0
2013-03-16 00:00:00,0.0
2013-03-16 01:00:00,0.0
2013-03-16 02:00:00,0.0
2013-03-16 03:00:00,0.0
2013-03-16 04:00:00,0.0
2013-03-16 05:00:00,0.0
2013-03-16 06:00:00,0.0
2013-03-16 07:00:00,0.0
2013-03-16 08:00:00,0.0
2013-03-16 09:00:00,0.0
2013-03-16 10:00:00,16.72500025
2013-03-16 11:00:00,181.450005
2013-03-16 12:00:00,315.32500500000003
2013-03-16 13:00:00,488.95000000000005
2013-03-16 14:00:00,607.25
2013-03-16 15:00:00,742.05001
2013-03-16 16:00:00,857.87501
2013-03-16 17:00:00,872.32501
2013-03-16 18:00:00,749.22504
2013-03-16 19:00:00,449.0
2013-03-16 20:00:00,207.1500025
2013-03-16 21:00:00,24.525
2013-03-16 22:00:00,9.5
2013-03-16 23:00:00,0.0
2013-03-17 00:00:00,0.0
2013-03-17 01:00:00,0.0
2013-03-17 02:00:00,0.0
2013-03-17 03:00:00,0.0
2013-03-17 04:00:00,0.0
2013-03-17 05:00:00,0.0
2013-03-17 06:00:00,0.0
2013-03-17 07:00:00,0.0
2013-03-17 08:00:00,0.0
2013-03-17 09:00:00,0.0
2013-03-17 10:00:00,12.100000075
2013-03-17 11:00:00,131.5000025
2013-03-17 12:00:00,291.15
2013-03-17 13:00:00,422.450005
2013-03-17 14:00:00,465.850005
2013-03-17 15:00:00,502.225005
2013-03-17 16:00:00,529.77503
2013-03-17 17:00:00,476.80001
2013-03-17 18:00:00,384.475005
2013-03-17 19:00:00,240.925
2013-03-17 20:00:00,46.55
2013-03-17 21:00:00,37.0000015
2013-03-17 22:00:00,33.175000025
2013-03-17 23:00:00,0.0
2013-03-18 00:00:00,0.0
2013-03-18 01:00:00,0.0
2013-03-18 02:00:00,0.0
2013-03-18 03:00:00,0.0
2013-03-18 04:00:00,0.0
2013-03-18 05:00:00,0.0
2013-03-18 06:00:00,0.0
2013-03-18 07:00:00,0.0
2013-03-18 08:00:00,0.0
2013-03-18 09:00:00,0.0
2013-03-18 10:00:00,12.025000075
2013-03-18 11:00:00,150.475
2013-03-18 12:00:00,313.275
2013-03-18 13:00:00,504.70001
2013-03-18 14:00:00,648.3
2013-03-18 15:00:00,762.1500100000001
2013-03-18 16:00:00,821.67503
2013-03-18 17:00:00,716.82502
2013-03-18 18:00:00,515.6
2013-03-18 19:00:00,321.000005
2013-03-18 20:00:00,153.325
2013-03-18 21:00:00,43.40000025
2013-03-18 22:00:00,10.85
2013-03-18 23:00:00,0.0
2013-03-19 00:00:00,0.0
2013-03-19 01:00:00,0.0
2013-03-19 02:00:00,0.0
2013-03-19 03:00:00,0.0
2013-03-19 04:00:00,0.0
2013-03-19 05:00:00,0.0
2013-03-19 06:00:00,0.0
2013-03-19 07:00:00,0.0
2013-03-19 08:00:00,0.0
2013-03-19 09:00:00,0.0
2013-03-19 10:00:00,12.150000075
2013-03-19 11:00:00,180.00000125
2013-03-19 12:00:00,420.8
2013-03-19 13:00:00,659.475
2013-03-19 14:00:00,848.87501
2013-03-19 15:00:00,959.325
2013-03-19 16:00:00,1001.9
2013-03-19 17:00:00,766.45001
2013-03-19 18:00:00,744.77502
2013-03-19 19:00:00,684.925
2013-03-19 20:00:00,465.750005
2013-03-19 21:00:00,223.9250025
2013-03-19 22:00:00,26.375
2013-03-19 23:00:00,0.0
2013-03-20 00:00:00,0.0
2013-03-20 01:00:00,0.0
2013-03-20 02:00:00,0.0
2013-03-20 03:00:00,0.0
2013-03-20 04:00:00,0.0
2013-03-20 05:00:00,0.0
2013-03-20 06:00:00,0.0
2013-03-20 07:00:00,0.0
2013-03-20 08:00:00,0.0
2013-03-20 09:00:00,0.0
2013-03-20 10:00:00,13.1
2013-03-20 11:00:00,188.90000375
2013-03-20 12:00:00,444.525005
2013-03-20 13:00:00,670.725
2013-03-20 14:00:00,849.95001
2013-03-20 15:00:00,963.825
2013-03-20 16:00:00,1006.525
2013-03-20 17:00:00,969.6500100000001
2013-03-20 18:00:00,828.27502
2013-03-20 19:00:00,671.4
2013-03-20 20:00:00,414.750005
2013-03-20 21:00:00,92.80000050000001
2013-03-20 22:00:00,0.0
2013-03-20 23:00:00,0.0
2013-03-21 00:00:00,0.0
2013-03-21 01:00:00,0.0
2013-03-21 02:00:00,0.0
2013-03-21 03:00:00,0.0
2013-03-21 04:00:00,0.0
2013-03-21 05:00:00,0.0
2013-03-21 06:00:00,0.0
2013-03-21 07:00:00,0.0
2013-03-21 08:00:00,0.0
2013-03-21 09:00:00,0.0
2013-03-21 10:00:00,12.825000575
2013-03-21 11:00:00,194.07500249999998
2013-03-21 12:00:00,437.82501
2013-03-21 13:00:00,663.6750099999999
2013-03-21 14:00:00,842.4000100000001
2013-03-21 15:00:00,959.4000100000001
2013-03-21 16:00:00,1000.9
2013-03-21 17:00:00,966.85
2013-03-21 18:00:00,858.55001
2013-03-21 19:00:00,688.3500200000001
2013-03-21 20:00:00,469.15000499999996
2013-03-21 21:00:00,156.275
2013-03-21 22:00:00,20.799999999999997
2013-03-21 23:00:00,0.0
2013-03-22 00:00:00,0.0
2013-03-22 01:00:00,0.0
2013-03-22 02:00:00,0.0
2013-03-22 03:00:00,0.0
2013-03-22 04:00:00,0.0
2013-03-22 05:00:00,0.0
2013-03-22 06:00:00,0.0
2013-03-22 07:00:00,0.0
2013-03-22 08:00:00,0.0
2013-03-22 09:00:00,0.0
2013-03-22 10:00:00,12.649999999999999
2013-03-22 11:00:00,153.5750025
2013-03-22 12:00:00,298.82500500000003
2013-03-22 13:00:00,469.07501
2013-03-22 14:00:00,663.50002
2013-03-22 15:00:00,758.95001
2013-03-22 16:00:00,842.5250100000001
2013-03-22 17:00:00,835.5
2013-03-22 18:00:00,689.925
2013-03-22 19:00:00,446.65
2013-03-22 20:00:00,235.2500025
2013-03-22 21:00:00,101.8
2013-03-22 22:00:00,0.0
2013-03-22 23:00:00,0.0
2013-03-23 00:00:00,0.0
2013-03-23 01:00:00,0.0
2013-03-23 02:00:00,0.0
2013-03-23 03:00:00,0.0
2013-03-23 04:00:00,0.0
2013-03-23 05:00:00,0.0
2013-03-23 06:00:00,0.0
2013-03-23 07:00:00,0.0
2013-03-23 08:00:00,0.0
2013-03-23 09:00:00,0.0
2013-03-23 10:00:00,10.975000025
2013-03-23 11:00:00,89.8
2013-03-23 12:00:00,276.45001
2013-03-23 13:00:00,596.2249999999999
2013-03-23 14:00:00,549.575005
2013-03-23 15:00:00,803.25001
2013-03-23 16:00:00,787.975
2013-03-23 17:00:00,690.775
2013-03-23 18:00:00,808.325
2013-03-23 19:00:00,651.92501
2013-03-23 20:00:00,432.75
2013-03-23 21:00:00,183.07501125000002
2013-03-23 22:00:00,11.1
2013-03-23 23:00:00,0.0
2013-03-24 00:00:00,0.0
2013-03-24 01:00:00,0.0
2013-03-24 02:00:00,0.0
2013-03-24 03:00:00,0.0
2013-03-24 04:00:00,0.0
2013-03-24 05:00:00,0.0
2013-03-24 06:00:00,0.0
2013-03-24 07:00:00,0.0
2013-03-24 08:00:00,0.0
2013-03-24 09:00:00,0.0
2013-03-24 10:00:00,10.100000525
2013-03-24 11:00:00,109.9750025
2013-03-24 12:00:00,290.20000500000003
2013-03-24 13:00:00,513.525
2013-03-24 14:00:00,680.82501
2013-03-24 15:00:00,895.12501
2013-03-24 16:00:00,963.62501
2013-03-24 17:00:00,911.77501
2013-03-24 18:00:00,717.075
2013-03-24 19:00:00,546.67501
2013-03-24 20:00:00,320.17501
2013-03-24 21:00:00,54.62500300000001
2013-03-24 22:00:00,2.55
2013-03-24 23:00:00,0.0
2013-03-25 00:00:00,0.0
2013-03-25 01:00:00,0.0
2013-03-25 02:00:00,0.0
2013-03-25 03:00:00,0.0
2013-03-25 04:00:00,0.0
2013-03-25 05:00:00,0.0
2013-03-25 06:00:00,0.0
2013-03-25 07:00:00,0.0
2013-03-25 08:00:00,0.0
2013-03-25 09:00:00,0.0
2013-03-25 10:00:00,9.9
2013-03-25 11:00:00,180.600005
2013-03-25 12:00:00,393.250005
2013-03-25 13:00:00,619.1500000000001
2013-03-25 14:00:00,798.27502
2013-03-25 15:00:00,909.725
2013-03-25 16:00:00,950.05
2013-03-25 17:00:00,915.17501
2013-03-25 18:00:00,596.550005
2013-03-25 19:00:00,327.475005
2013-03-25 20:00:00,184.575
2013-03-25 21:00:00,129.62500625
2013-03-25 22:00:00,13.625
2013-03-25 23:00:00,0.0
2013-03-26 00:00:00,0.0
2013-03-26 01:00:00,0.0
2013-03-26 02:00:00,0.0
2013-03-26 03:00:00,0.0
2013-03-26 04:00:00,0.0
2013-03-26 05:00:00,0.0
2013-03-26 06:00:00,0.0
2013-03-26 07:00:00,0.0
2013-03-26 08:00:00,0.0
2013-03-26 09:00:00,0.0
2013-03-26 10:00:00,8.4000005
2013-03-26 11:00:00,117.275003
2013-03-26 12:00:00,271.925005
2013-03-26 13:00:00,366.55001
2013-03-26 14:00:00,517.75
2013-03-26 15:00:00,670.37502
2013-03-26 16:00:00,726.22501
2013-03-26 17:00:00,783.475
2013-03-26 18:00:00,644.6750099999999
2013-03-26 19:00:00,606.85001
2013-03-26 20:00:00,291.6750025
2013-03-26 21:00:00,136.025005
2013-03-26 22:00:00,0.0
2013-03-26 23:00:00,0.0
2013-03-27 00:00:00,0.0
2013-03-27 01:00:00,0.0
2013-03-27 02:00:00,0.0
2013-03-27 03:00:00,0.0
2013-03-27 04:00:00,0.0
2013-03-27 05:00:00,0.0
2013-03-27 06:00:00,0.0
2013-03-27 07:00:00,0.0
2013-03-27 08:00:00,0.0
2013-03-27 09:00:00,0.0
2013-03-27 10:00:00,6.925
2013-03-27 11:00:00,113.07499999999999
2013-03-27 12:00:00,290.300005
2013-03-27 13:00:00,520.07502
2013-03-27 14:00:00,618.00001
2013-03-27 15:00:00,764.42502
2013-03-27 16:00:00,813.075
2013-03-27 17:00:00,673.3000099999999
2013-03-27 18:00:00,556.200005
2013-03-27 19:00:00,366.5500075
2013-03-27 20:00:00,166.15000125
2013-03-27 21:00:00,29.92500025
2013-03-27 22:00:00,0.0
2013-03-27 23:00:00,0.0
2013-03-28 00:00:00,0.0
2013-03-28 01:00:00,0.0
2013-03-28 02:00:00,0.0
2013-03-28 03:00:00,0.0
2013-03-28 04:00:00,0.0
2013-03-28 05:00:00,0.0
2013-03-28 06:00:00,0.0
2013-03-28 07:00:00,0.0
2013-03-28 08:00:00,0.0
2013-03-28 09:00:00,0.0
2013-03-28 10:00:00,7.45000025
2013-03-28 11:00:00,159.575
2013-03-28 12:00:00,366.20000500000003
2013-03-28 13:00:00,540.475005
2013-03-28 14:00:00,680.75001
2013-03-28 15:00:00,771.8
2013-03-28 16:00:00,723.025
2013-03-28 17:00:00,625.90001
2013-03-28 18:00:00,477.75
2013-03-28 19:00:00,391.000015
2013-03-28 20:00:00,187.80000125
2013-03-28 21:00:00,31.550001
2013-03-28 22:00:00,3.20000025
2013-03-28 23:00:00,0.0
2013-03-29 00:00:00,0.0
2013-03-29 01:00:00,0.0
2013-03-29 02:00:00,0.0
2013-03-29 03:00:00,0.0
2013-03-29 04:00:00,0.0
2013-03-29 05:00:00,0.0
2013-03-29 06:00:00,0.0
2013-03-29 07:00:00,0.0
2013-03-29 08:00:00,0.0
2013-03-29 09:00:00,0.0
2013-03-29 10:00:00,7.8
2013-03-29 11:00:00,144.8000025
2013-03-29 12:00:00,382.30001
2013-03-29 13:00:00,584.12501
2013-03-29 14:00:00,788.22501
2013-03-29 15:00:00,863.37502
2013-03-29 16:00:00,880.425
2013-03-29 17:00:00,876.575
2013-03-29 18:00:00,788.9000100000001
2013-03-29 19:00:00,620.07501
2013-03-29 20:00:00,400.85
2013-03-29 21:00:00,142.7000025
2013-03-29 22:00:00,9.175
2013-03-29 23:00:00,0.0
2013-03-30 00:00:00,0.0
2013-03-30 01:00:00,0.0
2013-03-30 02:00:00,0.0
2013-03-30 03:00:00,0.0
2013-03-30 04:00:00,0.0
2013-03-30 05:00:00,0.0
2013-03-30 06:00:00,0.0
2013-03-30 07:00:00,0.0
2013-03-30 08:00:00,0.0
2013-03-30 09:00:00,0.0
2013-03-30 10:00:00,7.95000025
2013-03-30 11:00:00,172.450005
2013-03-30 12:00:00,404.625005
2013-03-30 13:00:00,628.775
2013-03-30 14:00:00,805.37502
2013-03-30 15:00:00,914.05003
2013-03-30 16:00:00,954.3
2013-03-30 17:00:00,918.375
2013-03-30 18:00:00,798.05
2013-03-30 19:00:00,622.5500099999999
2013-03-30 20:00:00,400.250005
2013-03-30 21:00:00,124.50000250000001
2013-03-30 22:00:00,7.800000025
2013-03-30 23:00:00,0.0
2013-03-31 00:00:00,0.0
2013-03-31 01:00:00,0.0
2013-03-31 02:00:00,0.0
2013-03-31 03:00:00,0.0
2013-03-31 04:00:00,0.0
2013-03-31 05:00:00,0.0
2013-03-31 06:00:00,0.0
2013-03-31 07:00:00,0.0
2013-03-31 08:00:00,0.0
2013-03-31 09:00:00,0.0
2013-03-31 10:00:00,7.1
2013-03-31 11:00:00,165.70000124999999
2013-03-31 12:00:00,413.975
2013-03-31 13:00:00,637.225
2013-03-31 14:00:00,813.025
2013-03-31 15:00:00,924.42501
2013-03-31 16:00:00,963.175
2013-03-31 17:00:00,923.85
2013-03-31 18:00:00,808.4
2013-03-31 19:00:00,611.70002
2013-03-31 20:00:00,335.1000025
2013-03-31 21:00:00,101.3000005
2013-03-31 22:00:00,8.8
2013-03-31 23:00:00,0.0
2013-04-01 00:00:00,0.0
2013-04-01 01:00:00,0.0
2013-04-01 02:00:00,0.0
2013-04-01 03:00:00,0.0
2013-04-01 04:00:00,0.0
2013-04-01 05:00:00,0.0
2013-04-01 06:00:00,0.0
2013-04-01 07:00:00,0.0
2013-04-01 08:00:00,0.0
2013-04-01 09:00:00,0.0
2013-04-01 10:00:00,7.1
2013-04-01 11:00:00,147.39999999999998
2013-04-01 12:00:00,325.42499999999995
2013-04-01 13:00:00,499.475005
2013-04-01 14:00:00,650.575
2013-04-01 15:00:00,790.67503
2013-04-01 16:00:00,899.225
2013-04-01 17:00:00,832.075
2013-04-01 18:00:00,721.6
2013-04-01 19:00:00,473.75
2013-04-01 20:00:00,202.52500500000002
2013-04-01 21:00:00,44.55000075
2013-04-01 22:00:00,5.57500025
2013-04-01 23:00:00,0.0
2013-04-02 00:00:00,0.0
2013-04-02 01:00:00,0.0
2013-04-02 02:00:00,0.0
2013-04-02 03:00:00,0.0
2013-04-02 04:00:00,0.0
2013-04-02 05:00:00,0.0
2013-04-02 06:00:00,0.0
2013-04-02 07:00:00,0.0
2013-04-02 08:00:00,0.0
2013-04-02 09:00:00,0.0
2013-04-02 10:00:00,5.625
2013-04-02 11:00:00,114.3
2013-04-02 12:00:00,361.575
2013-04-02 13:00:00,568.275
2013-04-02 14:00:00,724.60001
2013-04-02 15:00:00,804.575
2013-04-02 16:00:00,847.57501
2013-04-02 17:00:00,745.375
2013-04-02 18:00:00,481.80001
2013-04-02 19:00:00,289.52501
2013-04-02 20:00:00,131.2
2013-04-02 21:00:00,16.6
2013-04-02 22:00:00,0.0
2013-04-02 23:00:00,0.0
2013-04-03 00:00:00,0.0
2013-04-03 01:00:00,0.0
2013-04-03 02:00:00,0.0
2013-04-03 03:00:00,0.0
2013-04-03 04:00:00,0.0
2013-04-03 05:00:00,0.0
2013-04-03 06:00:00,0.0
2013-04-03 07:00:00,0.0
2013-04-03 08:00:00,0.0
2013-04-03 09:00:00,0.0
2013-04-03 10:00:00,6.95000025
2013-04-03 11:00:00,130.22500125
2013-04-03 12:00:00,256.675005
2013-04-03 13:00:00,436.475005
2013-04-03 14:00:00,532.075005
2013-04-03 15:00:00,621.55
2013-04-03 16:00:00,647.65
2013-04-03 17:00:00,511.175005
2013-04-03 18:00:00,440.42501000000004
2013-04-03 19:00:00,272.625
2013-04-03 20:00:00,114.725
2013-04-03 21:00:00,24.6750005
2013-04-03 22:00:00,3.75
2013-04-03 23:00:00,0.0
2013-04-04 00:00:00,0.0
2013-04-04 01:00:00,0.0
2013-04-04 02:00:00,0.0
2013-04-04 03:00:00,0.0
2013-04-04 04:00:00,0.0
2013-04-04 05:00:00,0.0
2013-04-04 06:00:00,0.0
2013-04-04 07:00:00,0.0
2013-04-04 08:00:00,0.0
2013-04-04 09:00:00,0.0
2013-04-04 10:00:00,5.125
2013-04-04 11:00:00,147.52500125
2013-04-04 12:00:00,400.77500499999996
2013-04-04 13:00:00,622.17501
2013-04-04 14:00:00,796.47502
2013-04-04 15:00:00,907.05002
2013-04-04 16:00:00,943.325
2013-04-04 17:00:00,904.20001
2013-04-04 18:00:00,792.20001
2013-04-04 19:00:00,619.17501
2013-04-04 20:00:00,398.92501
2013-04-04 21:00:00,157.45
2013-04-04 22:00:00,6.25
2013-04-04 23:00:00,0.0
2013-04-05 00:00:00,0.0
2013-04-05 01:00:00,0.0
2013-04-05 02:00:00,0.0
2013-04-05 03:00:00,0.0
2013-04-05 04:00:00,0.0
2013-04-05 05:00:00,0.0
2013-04-05 06:00:00,0.0
2013-04-05 07:00:00,0.0
2013-04-05 08:00:00,0.0
2013-04-05 09:00:00,0.0
2013-04-05 10:00:00,5.675
2013-04-05 11:00:00,148.70000249999998
2013-04-05 12:00:00,406.425
2013-04-05 13:00:00,629.125
2013-04-05 14:00:00,803.87501
2013-04-05 15:00:00,913.0749999999999
2013-04-05 16:00:00,953.975
2013-04-05 17:00:00,913.4
2013-04-05 18:00:00,790.00001
2013-04-05 19:00:00,612.875
2013-04-05 20:00:00,390.9
2013-04-05 21:00:00,148.875
2013-04-05 22:00:00,5.25
2013-04-05 23:00:00,0.0
2013-04-06 00:00:00,0.0
2013-04-06 01:00:00,0.0
2013-04-06 02:00:00,0.0
2013-04-06 03:00:00,0.0
2013-04-06 04:00:00,0.0
2013-04-06 05:00:00,0.0
2013-04-06 06:00:00,0.0
2013-04-06 07:00:00,0.0
2013-04-06 08:00:00,0.0
2013-04-06 09:00:00,0.0
2013-04-06 10:00:00,5.85
2013-04-06 11:00:00,156.175
2013-04-06 12:00:00,415.225
2013-04-06 13:00:00,636.57502
2013-04-06 14:00:00,808.70002
2013-04-06 15:00:00,916.225
2013-04-06 16:00:00,951.2750100000001
2013-04-06 17:00:00,909.9250099999999
2013-04-06 18:00:00,793.62501
2013-04-06 19:00:00,619.25
2013-04-06 20:00:00,398.7
2013-04-06 21:00:00,153.3
2013-04-06 22:00:00,5.175
2013-04-06 23:00:00,0.0
2013-04-07 00:00:00,0.0
2013-04-07 01:00:00,0.0
2013-04-07 02:00:00,0.0
2013-04-07 03:00:00,0.0
2013-04-07 04:00:00,0.0
2013-04-07 05:00:00,0.0
2013-04-07 06:00:00,0.0
2013-04-07 07:00:00,0.0
2013-04-07 08:00:00,0.0
2013-04-07 09:00:00,0.0
2013-04-07 10:00:00,5.675
2013-04-07 11:00:00,163.175
2013-04-07 12:00:00,386.25
2013-04-07 13:00:00,573.15
2013-04-07 14:00:00,723.475
2013-04-07 15:00:00,877.3000266666668
2013-04-07 16:00:00,891.275
2013-04-07 17:00:00,853.35001
2013-04-07 18:00:00,711.975
2013-04-07 19:00:00,418.625005
2013-04-07 20:00:00,215.29999999999998
2013-04-07 21:00:00,57.05000125
2013-04-07 22:00:00,3.45
2013-04-07 23:00:00,0.0
2013-04-08 00:00:00,0.0
2013-04-08 01:00:00,0.0
2013-04-08 02:00:00,0.0
2013-04-08 03:00:00,0.0
2013-04-08 04:00:00,0.0
2013-04-08 05:00:00,0.0
2013-04-08 06:00:00,0.0
2013-04-08 07:00:00,0.0
2013-04-08 08:00:00,0.0
2013-04-08 09:00:00,0.0
2013-04-08 10:00:00,4.875
2013-04-08 11:00:00,77.12500125
2013-04-08 12:00:00,198.0000025
2013-04-08 13:00:00,369.20001
2013-04-08 14:00:00,475.875
2013-04-08 15:00:00,518.675
2013-04-08 16:00:00,571.3
2013-04-08 17:00:00,574.47502
2013-04-08 18:00:00,446.475005
2013-04-08 19:00:00,303.825
2013-04-08 20:00:00,230.9
2013-04-08 21:00:00,56.199999999999996
2013-04-08 22:00:00,2.075
2013-04-08 23:00:00,0.0
2013-04-09 00:00:00,0.0
2013-04-09 01:00:00,0.0
2013-04-09 02:00:00,0.0
2013-04-09 03:00:00,0.0
2013-04-09 04:00:00,0.0
2013-04-09 05:00:00,0.0
2013-04-09 06:00:00,0.0
2013-04-09 07:00:00,0.0
2013-04-09 08:00:00,0.0
2013-04-09 09:00:00,0.0
2013-04-09 10:00:00,4.05
2013-04-09 11:00:00,101.5250025
2013-04-09 12:00:00,307.375
2013-04-09 13:00:00,466.75001
2013-04-09 14:00:00,602.47502
2013-04-09 15:00:00,706.35001
2013-04-09 16:00:00,804.57503
2013-04-09 17:00:00,850.2
2013-04-09 18:00:00,759.25
2013-04-09 19:00:00,502.750005
2013-04-09 20:00:00,204.7500025
2013-04-09 21:00:00,67.35
2013-04-09 22:00:00,2.97500025
2013-04-09 23:00:00,0.0
2013-04-10 00:00:00,0.0
2013-04-10 01:00:00,0.0
2013-04-10 02:00:00,0.0
2013-04-10 03:00:00,0.0
2013-04-10 04:00:00,0.0
2013-04-10 05:00:00,0.0
2013-04-10 06:00:00,0.0
2013-04-10 07:00:00,0.0
2013-04-10 08:00:00,0.0
2013-04-10 09:00:00,0.0
2013-04-10 10:00:00,4.375
2013-04-10 11:00:00,150.22500125
2013-04-10 12:00:00,371.32500500000003
2013-04-10 13:00:00,590.67502
2013-04-10 14:00:00,763.62501
2013-04-10 15:00:00,870.825
2013-04-10 16:00:00,905.10001
2013-04-10 17:00:00,862.075
2013-04-10 18:00:00,729.8
2013-04-10 19:00:00,554.275
2013-04-10 20:00:00,336.175
2013-04-10 21:00:00,102.525
2013-04-10 22:00:00,1.725
2013-04-10 23:00:00,0.0
2013-04-11 00:00:00,0.0
2013-04-11 01:00:00,0.0
2013-04-11 02:00:00,0.0
2013-04-11 03:00:00,0.0
2013-04-11 04:00:00,0.0
2013-04-11 05:00:00,0.0
2013-04-11 06:00:00,0.0
2013-04-11 07:00:00,0.0
2013-04-11 08:00:00,0.0
2013-04-11 09:00:00,0.0
2013-04-11 10:00:00,3.525
2013-04-11 11:00:00,137.75
2013-04-11 12:00:00,393.80001
2013-04-11 13:00:00,611.72501
2013-04-11 14:00:00,783.6500100000001
2013-04-11 15:00:00,891.92502
2013-04-11 16:00:00,926.775
2013-04-11 17:00:00,886.70001
2013-04-11 18:00:00,743.30001
2013-04-11 19:00:00,584.95002
2013-04-11 20:00:00,366.65
2013-04-11 21:00:00,124.77500275
2013-04-11 22:00:00,0.0
2013-04-11 23:00:00,0.0
2013-04-12 00:00:00,0.0
2013-04-12 01:00:00,0.0
2013-04-12 02:00:00,0.0
2013-04-12 03:00:00,0.0
2013-04-12 04:00:00,0.0
2013-04-12 05:00:00,0.0
2013-04-12 06:00:00,0.0
2013-04-12 07:00:00,0.0
2013-04-12 08:00:00,0.0
2013-04-12 09:00:00,0.0
2013-04-12 10:00:00,4.0
2013-04-12 11:00:00,111.3250025
2013-04-12 12:00:00,283.875005
2013-04-12 13:00:00,443.225005
2013-04-12 14:00:00,539.82503
2013-04-12 15:00:00,565.92502
2013-04-12 16:00:00,610.225
2013-04-12 17:00:00,532.20001
2013-04-12 18:00:00,387.550005
2013-04-12 19:00:00,325.425005
2013-04-12 20:00:00,198.60000000000002
2013-04-12 21:00:00,38.87500025
2013-04-12 22:00:00,0.0
2013-04-12 23:00:00,0.0
2013-04-13 00:00:00,0.0
2013-04-13 01:00:00,0.0
2013-04-13 02:00:00,0.0
2013-04-13 03:00:00,0.0
2013-04-13 04:00:00,0.0
2013-04-13 05:00:00,0.0
2013-04-13 06:00:00,0.0
2013-04-13 07:00:00,0.0
2013-04-13 08:00:00,0.0
2013-04-13 09:00:00,0.0
2013-04-13 10:00:00,3.025
2013-04-13 11:00:00,119.87500125
2013-04-13 12:00:00,287.975005
2013-04-13 13:00:00,446.125
2013-04-13 14:00:00,584.0250100000001
2013-04-13 15:00:00,694.72501
2013-04-13 16:00:00,743.0250100000001
2013-04-13 17:00:00,735.8
2013-04-13 18:00:00,694.95
2013-04-13 19:00:00,543.575
2013-04-13 20:00:00,326.4000025
2013-04-13 21:00:00,98.5
2013-04-13 22:00:00,0.75
2013-04-13 23:00:00,0.0
2013-04-14 00:00:00,0.0
2013-04-14 01:00:00,0.0
2013-04-14 02:00:00,0.0
2013-04-14 03:00:00,0.0
2013-04-14 04:00:00,0.0
2013-04-14 05:00:00,0.0
2013-04-14 06:00:00,0.0
2013-04-14 07:00:00,0.0
2013-04-14 08:00:00,0.0
2013-04-14 09:00:00,0.0
2013-04-14 10:00:00,2.60000025
2013-04-14 11:00:00,125.3250005
2013-04-14 12:00:00,355.1
2013-04-14 13:00:00,578.025
2013-04-14 14:00:00,748.02503
2013-04-14 15:00:00,852.95
2013-04-14 16:00:00,886.65002
2013-04-14 17:00:00,846.35
2013-04-14 18:00:00,733.55
2013-04-14 19:00:00,561.75
2013-04-14 20:00:00,346.350005
2013-04-14 21:00:00,114.52500125
2013-04-14 22:00:00,0.625
2013-04-14 23:00:00,0.0
2013-04-15 00:00:00,0.0
2013-04-15 01:00:00,0.0
2013-04-15 02:00:00,0.0
2013-04-15 03:00:00,0.0
2013-04-15 04:00:00,0.0
2013-04-15 05:00:00,0.0
2013-04-15 06:00:00,0.0
2013-04-15 07:00:00,0.0
2013-04-15 08:00:00,0.0
2013-04-15 09:00:00,0.0
2013-04-15 10:00:00,2.875
2013-04-15 11:00:00,137.875
2013-04-15 12:00:00,361.45
2013-04-15 13:00:00,573.525
2013-04-15 14:00:00,739.7
2013-04-15 15:00:00,847.30001
2013-04-15 16:00:00,881.75
2013-04-15 17:00:00,842.30002
2013-04-15 18:00:00,730.60001
2013-04-15 19:00:00,558.900015
2013-04-15 20:00:00,342.925005
2013-04-15 21:00:00,108.87500125
2013-04-15 22:00:00,0.22500001
2013-04-15 23:00:00,0.0
2013-04-16 00:00:00,0.0
2013-04-16 01:00:00,0.0
2013-04-16 02:00:00,0.0
2013-04-16 03:00:00,0.0
2013-04-16 04:00:00,0.0
2013-04-16 05:00:00,0.0
2013-04-16 06:00:00,0.0
2013-04-16 07:00:00,0.0
2013-04-16 08:00:00,0.0
2013-04-16 09:00:00,0.0
2013-04-16 10:00:00,2.35000025
2013-04-16 11:00:00,130.15
2013-04-16 12:00:00,374.775015
2013-04-16 13:00:00,587.8500200000001
2013-04-16 14:00:00,753.47501
2013-04-16 15:00:00,858.325
2013-04-16 16:00:00,891.05
2013-04-16 17:00:00,850.27502
2013-04-16 18:00:00,740.70003
2013-04-16 19:00:00,569.325
2013-04-16 20:00:00,353.725005
2013-04-16 21:00:00,121.775
2013-04-16 22:00:00,0.0
2013-04-16 23:00:00,0.0
2013-04-17 00:00:00,0.0
2013-04-17 01:00:00,0.0
2013-04-17 02:00:00,0.0
2013-04-17 03:00:00,0.0
2013-04-17 04:00:00,0.0
2013-04-17 05:00:00,0.0
2013-04-17 06:00:00,0.0
2013-04-17 07:00:00,0.0
2013-04-17 08:00:00,0.0
2013-04-17 09:00:00,0.0
2013-04-17 10:00:00,2.47500025
2013-04-17 11:00:00,138.5250025
2013-04-17 12:00:00,364.57500000000005
2013-04-17 13:00:00,576.67501
2013-04-17 14:00:00,742.02502
2013-04-17 15:00:00,848.175
2013-04-17 16:00:00,880.25
2013-04-17 17:00:00,838.45
2013-04-17 18:00:00,727.825
2013-04-17 19:00:00,556.62501
2013-04-17 20:00:00,342.2
2013-04-17 21:00:00,113.30000175
2013-04-17 22:00:00,0.0
2013-04-17 23:00:00,0.0
2013-04-18 00:00:00,0.0
2013-04-18 01:00:00,0.0
2013-04-18 02:00:00,0.0
2013-04-18 03:00:00,0.0
2013-04-18 04:00:00,0.0
2013-04-18 05:00:00,0.0
2013-04-18 06:00:00,0.0
2013-04-18 07:00:00,0.0
2013-04-18 08:00:00,0.0
2013-04-18 09:00:00,0.0
2013-04-18 10:00:00,2.10000025
2013-04-18 11:00:00,134.6
2013-04-18 12:00:00,369.35
2013-04-18 13:00:00,580.450005
2013-04-18 14:00:00,744.87501
2013-04-18 15:00:00,848.3
2013-04-18 16:00:00,880.675
2013-04-18 17:00:00,839.62501
2013-04-18 18:00:00,728.95
2013-04-18 19:00:00,557.87502
2013-04-18 20:00:00,343.65
2013-04-18 21:00:00,113.87500299999999
2013-04-18 22:00:00,0.0
2013-04-18 23:00:00,0.0
2013-04-19 00:00:00,0.0
2013-04-19 01:00:00,0.0
2013-04-19 02:00:00,0.0
2013-04-19 03:00:00,0.0
2013-04-19 04:00:00,0.0
2013-04-19 05:00:00,0.0
2013-04-19 06:00:00,0.0
2013-04-19 07:00:00,0.0
2013-04-19 08:00:00,0.0
2013-04-19 09:00:00,0.0
2013-04-19 10:00:00,1.85
2013-04-19 11:00:00,132.85000300000002
2013-04-19 12:00:00,368.025
2013-04-19 13:00:00,577.7
2013-04-19 14:00:00,741.00001
2013-04-19 15:00:00,843.1
2013-04-19 16:00:00,875.45002
2013-04-19 17:00:00,834.8000099999999
2013-04-19 18:00:00,724.60001
2013-04-19 19:00:00,554.325
2013-04-19 20:00:00,340.625
2013-04-19 21:00:00,108.625005
2013-04-19 22:00:00,0.0
2013-04-19 23:00:00,0.0
2013-04-20 00:00:00,0.0
2013-04-20 01:00:00,0.0
2013-04-20 02:00:00,0.0
2013-04-20 03:00:00,0.0
2013-04-20 04:00:00,0.0
2013-04-20 05:00:00,0.0
2013-04-20 06:00:00,0.0
2013-04-20 07:00:00,0.0
2013-04-20 08:00:00,0.0
2013-04-20 09:00:00,0.0
2013-04-20 10:00:00,1.275
2013-04-20 11:00:00,116.65
2013-04-20 12:00:00,355.25
2013-04-20 13:00:00,564.55
2013-04-20 14:00:00,727.7249999999999
2013-04-20 15:00:00,829.075
2013-04-20 16:00:00,860.6
2013-04-20 17:00:00,819.52503
2013-04-20 18:00:00,707.45
2013-04-20 19:00:00,536.9250049999999
2013-04-20 20:00:00,324.1750025
2013-04-20 21:00:00,98.225
2013-04-20 22:00:00,0.0
2013-04-20 23:00:00,0.0
2013-04-21 00:00:00,
2013-04-21 01:00:00,0.0
2013-04-21 02:00:00,0.0
2013-04-21 03:00:00,0.0
2013-04-21 04:00:00,0.0
2013-04-21 05:00:00,0.0
2013-04-21 06:00:00,0.0
2013-04-21 07:00:00,0.0
2013-04-21 08:00:00,0.0
2013-04-21 09:00:00,0.0
2013-04-21 10:00:00,1.2
2013-04-21 11:00:00,123.5000005
2013-04-21 12:00:00,354.95000500000003
2013-04-21 13:00:00,564.475015
2013-04-21 14:00:00,727.20001
2013-04-21 15:00:00,829.3500200000001
2013-04-21 16:00:00,860.225
2013-04-21 17:00:00,818.325
2013-04-21 18:00:00,707.00001
2013-04-21 19:00:00,536.9250049999999
2013-04-21 20:00:00,323.975
2013-04-21 21:00:00,98.52500125
2013-04-21 22:00:00,0.0
2013-04-21 23:00:00,0.0
2013-04-22 00:00:00,
2013-04-22 01:00:00,0.0
2013-04-22 02:00:00,0.0
2013-04-22 03:00:00,0.0
2013-04-22 04:00:00,0.0
2013-04-22 05:00:00,0.0
2013-04-22 06:00:00,0.0
2013-04-22 07:00:00,0.0
2013-04-22 08:00:00,0.0
2013-04-22 09:00:00,0.0
2013-04-22 10:00:00,1.050000075
2013-04-22 11:00:00,126.4
2013-04-22 12:00:00,333.400005
2013-04-22 13:00:00,542.85
2013-04-22 14:00:00,706.975
2013-04-22 15:00:00,815.075
2013-04-22 16:00:00,847.15
2013-04-22 17:00:00,805.9250099999999
2013-04-22 18:00:00,696.12501
2013-04-22 19:00:00,524.92501
2013-04-22 20:00:00,310.57501
2013-04-22 21:00:00,88.94999999999999
2013-04-22 22:00:00,0.0
2013-04-22 23:00:00,0.0
2013-04-23 00:00:00,
2013-04-23 01:00:00,0.0
2013-04-23 02:00:00,0.0
2013-04-23 03:00:00,0.0
2013-04-23 04:00:00,0.0
2013-04-23 05:00:00,0.0
2013-04-23 06:00:00,0.0
2013-04-23 07:00:00,0.0
2013-04-23 08:00:00,0.0
2013-04-23 09:00:00,0.0
2013-04-23 10:00:00,0.8
2013-04-23 11:00:00,125.45000375000001
2013-04-23 12:00:00,369.26667333333336
2013-04-23 13:00:00,570.45001
2013-04-23 14:00:00,733.675
2013-04-23 15:00:00,835.325
2013-04-23 16:00:00,865.55
2013-04-23 17:00:00,822.85
2013-04-23 18:00:00,711.67501
2013-04-23 19:00:00,541.20001
2013-04-23 20:00:00,327.100005
2013-04-23 21:00:00,98.77500125
2013-04-23 22:00:00,0.0
2013-04-23 23:00:00,0.0
2013-04-24 00:00:00,
2013-04-24 01:00:00,0.0
2013-04-24 02:00:00,0.0
2013-04-24 03:00:00,0.0
2013-04-24 04:00:00,0.0
2013-04-24 05:00:00,0.0
2013-04-24 06:00:00,0.0
2013-04-24 07:00:00,0.0
2013-04-24 08:00:00,0.0
2013-04-24 09:00:00,0.0
2013-04-24 10:00:00,0.0
2013-04-24 11:00:00,126.275
2013-04-24 12:00:00,354.05
2013-04-24 13:00:00,563.625
2013-04-24 14:00:00,726.925
2013-04-24 15:00:00,824.325
2013-04-24 16:00:00,858.52502
2013-04-24 17:00:00,816.32501
2013-04-24 18:00:00,701.725
2013-04-24 19:00:00,530.275
2013-04-24 20:00:00,315.6750025
2013-04-24 21:00:00,87.05000150000001
2013-04-24 22:00:00,0.0
2013-04-24 23:00:00,0.0
2013-04-25 00:00:00,
2013-04-25 01:00:00,0.0
2013-04-25 02:00:00,0.0
2013-04-25 03:00:00,0.0
2013-04-25 04:00:00,0.0
2013-04-25 05:00:00,0.0
2013-04-25 06:00:00,0.0
2013-04-25 07:00:00,0.0
2013-04-25 08:00:00,0.0
2013-04-25 09:00:00,0.0
2013-04-25 10:00:00,0.0
2013-04-25 11:00:00,98.1500015
2013-04-25 12:00:00,318.0500025
2013-04-25 13:00:00,547.350005
2013-04-25 14:00:00,712.57501
2013-04-25 15:00:00,812.675
2013-04-25 16:00:00,842.50002
2013-04-25 17:00:00,801.0
2013-04-25 18:00:00,692.67501
2013-04-25 19:00:00,523.3750150000001
2013-04-25 20:00:00,311.325
2013-04-25 21:00:00,89.82500025
2013-04-25 22:00:00,0.0
2013-04-25 23:00:00,0.0
2013-04-26 00:00:00,
2013-04-26 01:00:00,0.0
2013-04-26 02:00:00,0.0
2013-04-26 03:00:00,0.0
2013-04-26 04:00:00,0.0
2013-04-26 05:00:00,0.0
2013-04-26 06:00:00,0.0
2013-04-26 07:00:00,0.0
2013-04-26 08:00:00,0.0
2013-04-26 09:00:00,0.0
2013-04-26 10:00:00,0.0
2013-04-26 11:00:00,103.9250025
2013-04-26 12:00:00,291.8750025
2013-04-26 13:00:00,505.575
2013-04-26 14:00:00,633.8500200000001
2013-04-26 15:00:00,724.55001
2013-04-26 16:00:00,677.2
2013-04-26 17:00:00,551.42501
2013-04-26 18:00:00,525.700005
2013-04-26 19:00:00,502.85
2013-04-26 20:00:00,257.425
2013-04-26 21:00:00,56.925
2013-04-26 22:00:00,0.0
2013-04-26 23:00:00,0.0
2013-04-27 00:00:00,
2013-04-27 01:00:00,0.0
2013-04-27 02:00:00,0.0
2013-04-27 03:00:00,0.0
2013-04-27 04:00:00,0.0
2013-04-27 05:00:00,0.0
2013-04-27 06:00:00,0.0
2013-04-27 07:00:00,0.0
2013-04-27 08:00:00,0.0
2013-04-27 09:00:00,0.0
2013-04-27 10:00:00,0.0
2013-04-27 11:00:00,115.4
2013-04-27 12:00:00,338.7000025
2013-04-27 13:00:00,549.975
2013-04-27 14:00:00,711.32501
2013-04-27 15:00:00,808.3499999999999
2013-04-27 16:00:00,838.175
2013-04-27 17:00:00,794.8500200000001
2013-04-27 18:00:00,678.25001
2013-04-27 19:00:00,505.7
2013-04-27 20:00:00,292.525
2013-04-27 21:00:00,72.70000125
2013-04-27 22:00:00,0.0
2013-04-27 23:00:00,0.0
2013-04-28 00:00:00,
2013-04-28 01:00:00,0.0
2013-04-28 02:00:00,0.0
2013-04-28 03:00:00,0.0
2013-04-28 04:00:00,0.0
2013-04-28 05:00:00,0.0
2013-04-28 06:00:00,0.0
2013-04-28 07:00:00,0.0
2013-04-28 08:00:00,0.0
2013-04-28 09:00:00,0.0
2013-04-28 10:00:00,0.0
2013-04-28 11:00:00,114.025
2013-04-28 12:00:00,317.025005
2013-04-28 13:00:00,479.42501000000004
2013-04-28 14:00:00,658.9000100000001
2013-04-28 15:00:00,791.375
2013-04-28 16:00:00,821.85
2013-04-28 17:00:00,780.375
2013-04-28 18:00:00,664.32501
2013-04-28 19:00:00,495.92499999999995
2013-04-28 20:00:00,266.3
2013-04-28 21:00:00,63.075001325
2013-04-28 22:00:00,0.0
2013-04-28 23:00:00,0.0
2013-04-29 00:00:00,
2013-04-29 01:00:00,0.0
2013-04-29 02:00:00,0.0
2013-04-29 03:00:00,0.0
2013-04-29 04:00:00,0.0
2013-04-29 05:00:00,0.0
2013-04-29 06:00:00,0.0
2013-04-29 07:00:00,0.0
2013-04-29 08:00:00,0.0
2013-04-29 09:00:00,0.0
2013-04-29 10:00:00,0.0
2013-04-29 11:00:00,82.375
2013-04-29 12:00:00,244.5
2013-04-29 13:00:00,445.950015
2013-04-29 14:00:00,603.525
2013-04-29 15:00:00,669.85001
2013-04-29 16:00:00,729.20001
2013-04-29 17:00:00,717.42501
2013-04-29 18:00:00,624.15001
2013-04-29 19:00:00,419.225005
2013-04-29 20:00:00,153.20000125
2013-04-29 21:00:00,11.42500025
2013-04-29 22:00:00,0.0
2013-04-29 23:00:00,0.0
2013-04-30 00:00:00,
2013-04-30 01:00:00,0.0
2013-04-30 02:00:00,0.0
2013-04-30 03:00:00,0.0
2013-04-30 04:00:00,0.0
2013-04-30 05:00:00,0.0
2013-04-30 06:00:00,0.0
2013-04-30 07:00:00,0.0
2013-04-30 08:00:00,0.0
2013-04-30 09:00:00,0.0
2013-04-30 10:00:00,0.0
2013-04-30 11:00:00,49.6750005
2013-04-30 12:00:00,173.3750025
2013-04-30 13:00:00,318.4
2013-04-30 14:00:00,435.400005
2013-04-30 15:00:00,492.05001
2013-04-30 16:00:00,555.15003
2013-04-30 17:00:00,559.2249999999999
2013-04-30 18:00:00,492.500015
2013-04-30 19:00:00,343.025
2013-04-30 20:00:00,177.125
2013-04-30 21:00:00,22.825
2013-04-30 22:00:00,0.0
2013-04-30 23:00:00,0.0
2013-05-01 00:00:00,0.0
2013-05-01 01:00:00,0.0
2013-05-01 02:00:00,0.0
2013-05-01 03:00:00,0.0
2013-05-01 04:00:00,0.0
2013-05-01 05:00:00,0.0
2013-05-01 06:00:00,0.0
2013-05-01 07:00:00,0.0
2013-05-01 08:00:00,0.0
2013-05-01 09:00:00,0.0
2013-05-01 10:00:00,0.0
2013-05-01 11:00:00,72.70000049999999
2013-05-01 12:00:00,253.175005
2013-05-01 13:00:00,482.725005
2013-05-01 14:00:00,649.775
2013-05-01 15:00:00,716.25001
2013-05-01 16:00:00,728.92501
2013-05-01 17:00:00,711.325
2013-05-01 18:00:00,650.25
2013-05-01 19:00:00,457.950005
2013-05-01 20:00:00,222.0250025
2013-05-01 21:00:00,37.800000499999996
2013-05-01 22:00:00,0.0
2013-05-01 23:00:00,0.0
2013-05-02 00:00:00,0.0
2013-05-02 01:00:00,0.0
2013-05-02 02:00:00,0.0
2013-05-02 03:00:00,0.0
2013-05-02 04:00:00,0.0
2013-05-02 05:00:00,0.0
2013-05-02 06:00:00,0.0
2013-05-02 07:00:00,0.0
2013-05-02 08:00:00,0.0
2013-05-02 09:00:00,0.0
2013-05-02 10:00:00,0.0
2013-05-02 11:00:00,91.17500275
2013-05-02 12:00:00,323.875005
2013-05-02 13:00:00,525.7
2013-05-02 14:00:00,669.4000100000001
2013-05-02 15:00:00,522.4000100000001
2013-05-02 16:00:00,607.12501
2013-05-02 17:00:00,719.70001
2013-05-02 18:00:00,614.925
2013-05-02 19:00:00,400.67499999999995
2013-05-02 20:00:00,174.575
2013-05-02 21:00:00,26.349999999999998
2013-05-02 22:00:00,0.0
2013-05-02 23:00:00,0.0
2013-05-03 00:00:00,0.0
2013-05-03 01:00:00,0.0
2013-05-03 02:00:00,0.0
2013-05-03 03:00:00,0.0
2013-05-03 04:00:00,0.0
2013-05-03 05:00:00,0.0
2013-05-03 06:00:00,0.0
2013-05-03 07:00:00,0.0
2013-05-03 08:00:00,0.0
2013-05-03 09:00:00,0.0
2013-05-03 10:00:00,0.0
2013-05-03 11:00:00,104.7250015
2013-05-03 12:00:00,306.175005
2013-05-03 13:00:00,512.8250049999999
2013-05-03 14:00:00,673.85
2013-05-03 15:00:00,766.12503
2013-05-03 16:00:00,791.075
2013-05-03 17:00:00,742.82501
2013-05-03 18:00:00,617.1500100000001
2013-05-03 19:00:00,446.80001
2013-05-03 20:00:00,198.7500075
2013-05-03 21:00:00,28.599999999999998
2013-05-03 22:00:00,0.0
2013-05-03 23:00:00,0.0
2013-05-04 00:00:00,0.0
2013-05-04 01:00:00,0.0
2013-05-04 02:00:00,0.0
2013-05-04 03:00:00,0.0
2013-05-04 04:00:00,0.0
2013-05-04 05:00:00,0.0
2013-05-04 06:00:00,0.0
2013-05-04 07:00:00,0.0
2013-05-04 08:00:00,0.0
2013-05-04 09:00:00,0.0
2013-05-04 10:00:00,0.0
2013-05-04 11:00:00,70.1500015
2013-05-04 12:00:00,188.35
2013-05-04 13:00:00,362.925
2013-05-04 14:00:00,526.42501
2013-05-04 15:00:00,516.75
2013-05-04 16:00:00,559.5
2013-05-04 17:00:00,585.17501
2013-05-04 18:00:00,499.950015
2013-05-04 19:00:00,300.125005
2013-05-04 20:00:00,130.82500125
2013-05-04 21:00:00,21.3
2013-05-04 22:00:00,0.0
2013-05-04 23:00:00,0.0
2013-05-05 00:00:00,0.0
2013-05-05 01:00:00,0.0
2013-05-05 02:00:00,0.0
2013-05-05 03:00:00,0.0
2013-05-05 04:00:00,0.0
2013-05-05 05:00:00,0.0
2013-05-05 06:00:00,0.0
2013-05-05 07:00:00,0.0
2013-05-05 08:00:00,0.0
2013-05-05 09:00:00,0.0
2013-05-05 10:00:00,0.0
2013-05-05 11:00:00,97.42500125000001
2013-05-05 12:00:00,289.225
2013-05-05 13:00:00,488.375
2013-05-05 14:00:00,644.1
2013-05-05 15:00:00,741.2
2013-05-05 16:00:00,763.8000099999999
2013-05-05 17:00:00,678.32501
2013-05-05 18:00:00,536.525005
2013-05-05 19:00:00,286.15001
2013-05-05 20:00:00,133.92500375
2013-05-05 21:00:00,22.2500005
2013-05-05 22:00:00,0.0
2013-05-05 23:00:00,0.0
2013-05-06 00:00:00,0.0
2013-05-06 01:00:00,0.0
2013-05-06 02:00:00,0.0
2013-05-06 03:00:00,0.0
2013-05-06 04:00:00,0.0
2013-05-06 05:00:00,0.0
2013-05-06 06:00:00,0.0
2013-05-06 07:00:00,0.0
2013-05-06 08:00:00,0.0
2013-05-06 09:00:00,0.0
2013-05-06 10:00:00,0.0
2013-05-06 11:00:00,88.4
2013-05-06 12:00:00,314.375005
2013-05-06 13:00:00,517.82501
2013-05-06 14:00:00,676.9
2013-05-06 15:00:00,772.77502
2013-05-06 16:00:00,801.625
2013-05-06 17:00:00,756.675
2013-05-06 18:00:00,642.67501
2013-05-06 19:00:00,472.0
2013-05-06 20:00:00,263.500005
2013-05-06 21:00:00,58.000001250000004
2013-05-06 22:00:00,0.0
2013-05-06 23:00:00,0.0
2013-05-07 00:00:00,0.0
2013-05-07 01:00:00,0.0
2013-05-07 02:00:00,0.0
2013-05-07 03:00:00,0.0
2013-05-07 04:00:00,0.0
2013-05-07 05:00:00,0.0
2013-05-07 06:00:00,0.0
2013-05-07 07:00:00,0.0
2013-05-07 08:00:00,0.0
2013-05-07 09:00:00,0.0
2013-05-07 10:00:00,0.0
2013-05-07 11:00:00,71.95000125
2013-05-07 12:00:00,214.35
2013-05-07 13:00:00,390.5
2013-05-07 14:00:00,506.425
2013-05-07 15:00:00,610.00001
2013-05-07 16:00:00,708.82501
2013-05-07 17:00:00,718.0
2013-05-07 18:00:00,553.65001
2013-05-07 19:00:00,387.55001000000004
2013-05-07 20:00:00,223.8500025
2013-05-07 21:00:00,51.95000125
2013-05-07 22:00:00,0.0
2013-05-07 23:00:00,0.0
2013-05-08 00:00:00,0.0
2013-05-08 01:00:00,0.0
2013-05-08 02:00:00,0.0
2013-05-08 03:00:00,0.0
2013-05-08 04:00:00,0.0
2013-05-08 05:00:00,0.0
2013-05-08 06:00:00,0.0
2013-05-08 07:00:00,0.0
2013-05-08 08:00:00,0.0
2013-05-08 09:00:00,0.0
2013-05-08 10:00:00,0.0
2013-05-08 11:00:00,84.55000175
2013-05-08 12:00:00,304.775
2013-05-08 13:00:00,506.72501
2013-05-08 14:00:00,664.725
2013-05-08 15:00:00,761.60001
2013-05-08 16:00:00,791.5
2013-05-08 17:00:00,749.75003
2013-05-08 18:00:00,637.50001
2013-05-08 19:00:00,467.725
2013-05-08 20:00:00,257.775
2013-05-08 21:00:00,52.27500125
2013-05-08 22:00:00,0.0
2013-05-08 23:00:00,0.0
2013-05-09 00:00:00,0.0
2013-05-09 01:00:00,0.0
2013-05-09 02:00:00,0.0
2013-05-09 03:00:00,0.0
2013-05-09 04:00:00,0.0
2013-05-09 05:00:00,0.0
2013-05-09 06:00:00,0.0
2013-05-09 07:00:00,0.0
2013-05-09 08:00:00,0.0
2013-05-09 09:00:00,0.0
2013-05-09 10:00:00,0.0
2013-05-09 11:00:00,85.64999999999999
2013-05-09 12:00:00,304.375
2013-05-09 13:00:00,428.525005
2013-05-09 14:00:00,610.25
2013-05-09 15:00:00,750.22502
2013-05-09 16:00:00,793.9250099999999
2013-05-09 17:00:00,753.27503
2013-05-09 18:00:00,638.5500099999999
2013-05-09 19:00:00,467.70000500000003
2013-05-09 20:00:00,258.9250075
2013-05-09 21:00:00,52.85000125
2013-05-09 22:00:00,0.0
2013-05-09 23:00:00,0.0
2013-05-10 00:00:00,0.0
2013-05-10 01:00:00,0.0
2013-05-10 02:00:00,0.0
2013-05-10 03:00:00,0.0
2013-05-10 04:00:00,0.0
2013-05-10 05:00:00,0.0
2013-05-10 06:00:00,0.0
2013-05-10 07:00:00,0.0
2013-05-10 08:00:00,0.0
2013-05-10 09:00:00,0.0
2013-05-10 10:00:00,0.0
2013-05-10 11:00:00,91.57500025
2013-05-10 12:00:00,306.3
2013-05-10 13:00:00,510.825015
2013-05-10 14:00:00,670.15001
2013-05-10 15:00:00,761.15002
2013-05-10 16:00:00,729.85001
2013-05-10 17:00:00,745.12501
2013-05-10 18:00:00,624.56668
2013-05-10 19:00:00,460.2
2013-05-10 20:00:00,251.57500249999998
2013-05-10 21:00:00,48.6000005
2013-05-10 22:00:00,0.0
2013-05-10 23:00:00,0.0
2013-05-11 00:00:00,0.0
2013-05-11 01:00:00,0.0
2013-05-11 02:00:00,0.0
2013-05-11 03:00:00,0.0
2013-05-11 04:00:00,0.0
2013-05-11 05:00:00,0.0
2013-05-11 06:00:00,0.0
2013-05-11 07:00:00,0.0
2013-05-11 08:00:00,0.0
2013-05-11 09:00:00,0.0
2013-05-11 10:00:00,0.0
2013-05-11 11:00:00,84.50000025
2013-05-11 12:00:00,276.900005
2013-05-11 13:00:00,451.2
2013-05-11 14:00:00,540.6
2013-05-11 15:00:00,536.37502
2013-05-11 16:00:00,534.67501
2013-05-11 17:00:00,532.675
2013-05-11 18:00:00,442.025005
2013-05-11 19:00:00,331.47501
2013-05-11 20:00:00,160.875
2013-05-11 21:00:00,21.10000025
2013-05-11 22:00:00,0.0
2013-05-11 23:00:00,0.0
2013-05-12 00:00:00,0.0
2013-05-12 01:00:00,0.0
2013-05-12 02:00:00,0.0
2013-05-12 03:00:00,0.0
2013-05-12 04:00:00,0.0
2013-05-12 05:00:00,0.0
2013-05-12 06:00:00,0.0
2013-05-12 07:00:00,0.0
2013-05-12 08:00:00,0.0
2013-05-12 09:00:00,0.0
2013-05-12 10:00:00,0.0
2013-05-12 11:00:00,84.30000125
2013-05-12 12:00:00,278.67499999999995
2013-05-12 13:00:00,477.675005
2013-05-12 14:00:00,633.45001
2013-05-12 15:00:00,728.07501
2013-05-12 16:00:00,756.1000200000001
2013-05-12 17:00:00,713.62501
2013-05-12 18:00:00,592.02502
2013-05-12 19:00:00,424.675
2013-05-12 20:00:00,221.575005
2013-05-12 21:00:00,35.175
2013-05-12 22:00:00,0.0
2013-05-12 23:00:00,0.0
2013-05-13 00:00:00,0.0
2013-05-13 01:00:00,0.0
2013-05-13 02:00:00,0.0
2013-05-13 03:00:00,0.0
2013-05-13 04:00:00,0.0
2013-05-13 05:00:00,0.0
2013-05-13 06:00:00,0.0
2013-05-13 07:00:00,0.0
2013-05-13 08:00:00,0.0
2013-05-13 09:00:00,0.0
2013-05-13 10:00:00,0.0
2013-05-13 11:00:00,66.82499999999999
2013-05-13 12:00:00,284.3750025
2013-05-13 13:00:00,444.3
2013-05-13 14:00:00,582.82501
2013-05-13 15:00:00,690.70001
2013-05-13 16:00:00,737.37502
2013-05-13 17:00:00,706.2
2013-05-13 18:00:00,604.95
2013-05-13 19:00:00,440.075005
2013-05-13 20:00:00,221.025
2013-05-13 21:00:00,23.5
2013-05-13 22:00:00,0.0
2013-05-13 23:00:00,0.0
2013-05-14 00:00:00,0.0
2013-05-14 01:00:00,0.0
2013-05-14 02:00:00,0.0
2013-05-14 03:00:00,0.0
2013-05-14 04:00:00,0.0
2013-05-14 05:00:00,0.0
2013-05-14 06:00:00,0.0
2013-05-14 07:00:00,0.0
2013-05-14 08:00:00,0.0
2013-05-14 09:00:00,0.0
2013-05-14 10:00:00,0.0
2013-05-14 11:00:00,79.925
2013-05-14 12:00:00,292.025005
2013-05-14 13:00:00,492.75
2013-05-14 14:00:00,649.8
2013-05-14 15:00:00,745.87501
2013-05-14 16:00:00,771.70001
2013-05-14 17:00:00,726.2
2013-05-14 18:00:00,610.32502
2013-05-14 19:00:00,443.65001500000005
2013-05-14 20:00:00,239.52499999999998
2013-05-14 21:00:00,43.10000075
2013-05-14 22:00:00,0.0
2013-05-14 23:00:00,0.0
2013-05-15 00:00:00,0.0
2013-05-15 01:00:00,0.0
2013-05-15 02:00:00,0.0
2013-05-15 03:00:00,0.0
2013-05-15 04:00:00,0.0
2013-05-15 05:00:00,0.0
2013-05-15 06:00:00,0.0
2013-05-15 07:00:00,0.0
2013-05-15 08:00:00,0.0
2013-05-15 09:00:00,0.0
2013-05-15 10:00:00,0.0
2013-05-15 11:00:00,75.97500050000001
2013-05-15 12:00:00,227.7500025
2013-05-15 13:00:00,369.05
2013-05-15 14:00:00,516.775
2013-05-15 15:00:00,570.125025
2013-05-15 16:00:00,668.72501
2013-05-15 17:00:00,629.75
2013-05-15 18:00:00,516.325005
2013-05-15 19:00:00,346.45000500000003
2013-05-15 20:00:00,147.75000375000002
2013-05-15 21:00:00,23.0500005
2013-05-15 22:00:00,0.0
2013-05-15 23:00:00,0.0
2013-05-16 00:00:00,0.0
2013-05-16 01:00:00,0.0
2013-05-16 02:00:00,0.0
2013-05-16 03:00:00,0.0
2013-05-16 04:00:00,0.0
2013-05-16 05:00:00,0.0
2013-05-16 06:00:00,0.0
2013-05-16 07:00:00,0.0
2013-05-16 08:00:00,0.0
2013-05-16 09:00:00,0.0
2013-05-16 10:00:00,0.0
2013-05-16 11:00:00,49.5000005
2013-05-16 12:00:00,200.10000250000002
2013-05-16 13:00:00,374.125
2013-05-16 14:00:00,562.85001
2013-05-16 15:00:00,626.8249999999999
2013-05-16 16:00:00,610.85001
2013-05-16 17:00:00,621.12501
2013-05-16 18:00:00,441.375
2013-05-16 19:00:00,302.300005
2013-05-16 20:00:00,135.5
2013-05-16 21:00:00,11.900000025
2013-05-16 22:00:00,0.0
2013-05-16 23:00:00,0.0
2013-05-17 00:00:00,0.0
2013-05-17 01:00:00,0.0
2013-05-17 02:00:00,0.0
2013-05-17 03:00:00,0.0
2013-05-17 04:00:00,0.0
2013-05-17 05:00:00,0.0
2013-05-17 06:00:00,0.0
2013-05-17 07:00:00,0.0
2013-05-17 08:00:00,0.0
2013-05-17 09:00:00,0.0
2013-05-17 10:00:00,0.0
2013-05-17 11:00:00,63.15
2013-05-17 12:00:00,221.1250025
2013-05-17 13:00:00,339.0666733333333
2013-05-17 14:00:00,404.625005
2013-05-17 15:00:00,369.050005
2013-05-17 16:00:00,375.15
2013-05-17 17:00:00,277.325
2013-05-17 18:00:00,203.45000249999998
2013-05-17 19:00:00,166.0500025
2013-05-17 20:00:00,73.72500125
2013-05-17 21:00:00,7.250000099999999
2013-05-17 22:00:00,0.0
2013-05-17 23:00:00,0.0
2013-05-18 00:00:00,0.0
2013-05-18 01:00:00,0.0
2013-05-18 02:00:00,0.0
2013-05-18 03:00:00,0.0
2013-05-18 04:00:00,0.0
2013-05-18 05:00:00,0.0
2013-05-18 06:00:00,0.0
2013-05-18 07:00:00,0.0
2013-05-18 08:00:00,0.0
2013-05-18 09:00:00,0.0
2013-05-18 10:00:00,0.0
2013-05-18 11:00:00,59.625
2013-05-18 12:00:00,278.725005
2013-05-18 13:00:00,476.000015
2013-05-18 14:00:00,630.40002
2013-05-18 15:00:00,727.45001
2013-05-18 16:00:00,756.8
2013-05-18 17:00:00,715.50001
2013-05-18 18:00:00,605.95002
2013-05-18 19:00:00,441.70000500000003
2013-05-18 20:00:00,238.275
2013-05-18 21:00:00,42.1
2013-05-18 22:00:00,0.0
2013-05-18 23:00:00,0.0
2013-05-19 00:00:00,0.0
2013-05-19 01:00:00,0.0
2013-05-19 02:00:00,0.0
2013-05-19 03:00:00,0.0
2013-05-19 04:00:00,0.0
2013-05-19 05:00:00,0.0
2013-05-19 06:00:00,0.0
2013-05-19 07:00:00,0.0
2013-05-19 08:00:00,0.0
2013-05-19 09:00:00,0.0
2013-05-19 10:00:00,0.0
2013-05-19 11:00:00,48.86666666666667
2013-05-19 12:00:00,257.3333333333333
2013-05-19 13:00:00,458.6333333333334
2013-05-19 14:00:00,618.2333333333332
2013-05-19 15:00:00,717.2333466666668
2013-05-19 16:00:00,751.9666666666667
2013-05-19 17:00:00,715.9333333333334
2013-05-19 18:00:00,605.2666666666667
2013-05-19 19:00:00,448.03333999999995
2013-05-19 20:00:00,250.26666666666665
2013-05-19 21:00:00,48.40000033333333
2013-05-19 22:00:00,0.0
2013-05-19 23:00:00,0.0
2013-05-20 00:00:00,0.0
2013-05-20 01:00:00,0.0
2013-05-20 02:00:00,0.0
2013-05-20 03:00:00,0.0
2013-05-20 04:00:00,0.0
2013-05-20 05:00:00,0.0
2013-05-20 06:00:00,0.0
2013-05-20 07:00:00,0.0
2013-05-20 08:00:00,0.0
2013-05-20 09:00:00,0.0
2013-05-20 10:00:00,0.0
2013-05-20 11:00:00,59.76666666666666
2013-05-20 12:00:00,258.5666733333333
2013-05-20 13:00:00,456.20001333333335
2013-05-20 14:00:00,612.9333333333334
2013-05-20 15:00:00,709.5666666666666
2013-05-20 16:00:00,739.9000133333334
2013-05-20 17:00:00,699.1
2013-05-20 18:00:00,587.1333466666666
2013-05-20 19:00:00,425.10000666666673
2013-05-20 20:00:00,226.1
2013-05-20 21:00:00,44.00000166666666
2013-05-20 22:00:00,0.0
2013-05-20 23:00:00,0.0
2013-05-21 00:00:00,0.0
2013-05-21 01:00:00,0.0
2013-05-21 02:00:00,0.0
2013-05-21 03:00:00,0.0
2013-05-21 04:00:00,0.0
2013-05-21 05:00:00,0.0
2013-05-21 06:00:00,0.0
2013-05-21 07:00:00,0.0
2013-05-21 08:00:00,0.0
2013-05-21 09:00:00,0.0
2013-05-21 10:00:00,0.0
2013-05-21 11:00:00,58.425
2013-05-21 12:00:00,227.25000500000002
2013-05-21 13:00:00,390.375
2013-05-21 14:00:00,554.875
2013-05-21 15:00:00,645.12502
2013-05-21 16:00:00,622.7
2013-05-21 17:00:00,501.275005
2013-05-21 18:00:00,434.65001500000005
2013-05-21 19:00:00,234.8
2013-05-21 20:00:00,81.42500125000001
2013-05-21 21:00:00,3.05
2013-05-21 22:00:00,0.0
2013-05-21 23:00:00,0.0
2013-05-22 00:00:00,0.0
2013-05-22 01:00:00,0.0
2013-05-22 02:00:00,0.0
2013-05-22 03:00:00,0.0
2013-05-22 04:00:00,0.0
2013-05-22 05:00:00,0.0
2013-05-22 06:00:00,0.0
2013-05-22 07:00:00,0.0
2013-05-22 08:00:00,0.0
2013-05-22 09:00:00,0.0
2013-05-22 10:00:00,0.0
2013-05-22 11:00:00,56.05
2013-05-22 12:00:00,234.3250025
2013-05-22 13:00:00,401.025
2013-05-22 14:00:00,460.67499999999995
2013-05-22 15:00:00,506.825
2013-05-22 16:00:00,500.75
2013-05-22 17:00:00,364.25
2013-05-22 18:00:00,313.00001
2013-05-22 19:00:00,289.22501
2013-05-22 20:00:00,165.525
2013-05-22 21:00:00,24.25
2013-05-22 22:00:00,0.0
2013-05-22 23:00:00,0.0
2013-05-23 00:00:00,0.0
2013-05-23 01:00:00,0.0
2013-05-23 02:00:00,0.0
2013-05-23 03:00:00,0.0
2013-05-23 04:00:00,0.0
2013-05-23 05:00:00,0.0
2013-05-23 06:00:00,0.0
2013-05-23 07:00:00,0.0
2013-05-23 08:00:00,0.0
2013-05-23 09:00:00,0.0
2013-05-23 10:00:00,0.0
2013-05-23 11:00:00,56.725001250000005
2013-05-23 12:00:00,258.175
2013-05-23 13:00:00,458.3333533333334
2013-05-23 14:00:00,602.875
2013-05-23 15:00:00,697.525
2013-05-23 16:00:00,725.8
2013-05-23 17:00:00,685.05001
2013-05-23 18:00:00,572.00001
2013-05-23 19:00:00,409.975005
2013-05-23 20:00:00,211.85001
2013-05-23 21:00:00,31.95000125
2013-05-23 22:00:00,0.0
2013-05-23 23:00:00,0.0
2013-05-24 00:00:00,0.0
2013-05-24 01:00:00,0.0
2013-05-24 02:00:00,0.0
2013-05-24 03:00:00,0.0
2013-05-24 04:00:00,0.0
2013-05-24 05:00:00,0.0
2013-05-24 06:00:00,0.0
2013-05-24 07:00:00,0.0
2013-05-24 08:00:00,0.0
2013-05-24 09:00:00,0.0
2013-05-24 10:00:00,0.0
2013-05-24 11:00:00,57.375
2013-05-24 12:00:00,254.125
2013-05-24 13:00:00,447.52500499999996
2013-05-24 14:00:00,599.05001
2013-05-24 15:00:00,689.6500100000001
2013-05-24 16:00:00,718.225
2013-05-24 17:00:00,678.47501
2013-05-24 18:00:00,407.42501500000003
2013-05-24 19:00:00,281.75001
2013-05-24 20:00:00,208.625005
2013-05-24 21:00:00,31.07500125
2013-05-24 22:00:00,0.0
2013-05-24 23:00:00,0.0
2013-05-25 00:00:00,0.0
2013-05-25 01:00:00,0.0
2013-05-25 02:00:00,0.0
2013-05-25 03:00:00,0.0
2013-05-25 04:00:00,0.0
2013-05-25 05:00:00,0.0
2013-05-25 06:00:00,0.0
2013-05-25 07:00:00,0.0
2013-05-25 08:00:00,0.0
2013-05-25 09:00:00,0.0
2013-05-25 10:00:00,0.0
2013-05-25 11:00:00,52.050000000000004
2013-05-25 12:00:00,257.3500075
2013-05-25 13:00:00,450.45000500000003
2013-05-25 14:00:00,602.2
2013-05-25 15:00:00,698.90001
2013-05-25 16:00:00,726.07501
2013-05-25 17:00:00,684.625
2013-05-25 18:00:00,571.0749999999999
2013-05-25 19:00:00,410.325
2013-05-25 20:00:00,212.90000500000002
2013-05-25 21:00:00,32.40000125
2013-05-25 22:00:00,0.0
2013-05-25 23:00:00,0.0
2013-05-26 00:00:00,0.0
2013-05-26 01:00:00,0.0
2013-05-26 02:00:00,0.0
2013-05-26 03:00:00,0.0
2013-05-26 04:00:00,0.0
2013-05-26 05:00:00,0.0
2013-05-26 06:00:00,0.0
2013-05-26 07:00:00,0.0
2013-05-26 08:00:00,0.0
2013-05-26 09:00:00,0.0
2013-05-26 10:00:00,0.0
2013-05-26 11:00:00,61.925
2013-05-26 12:00:00,271.875
2013-05-26 13:00:00,470.82500500000003
2013-05-26 14:00:00,625.675
2013-05-26 15:00:00,713.5500099999999
2013-05-26 16:00:00,738.45
2013-05-26 17:00:00,695.92501
2013-05-26 18:00:00,579.5
2013-05-26 19:00:00,416.325
2013-05-26 20:00:00,214.725
2013-05-26 21:00:00,31.05
2013-05-26 22:00:00,0.0
2013-05-26 23:00:00,0.0
2013-05-27 00:00:00,0.0
2013-05-27 01:00:00,0.0
2013-05-27 02:00:00,0.0
2013-05-27 03:00:00,0.0
2013-05-27 04:00:00,0.0
2013-05-27 05:00:00,0.0
2013-05-27 06:00:00,0.0
2013-05-27 07:00:00,0.0
2013-05-27 08:00:00,0.0
2013-05-27 09:00:00,0.0
2013-05-27 10:00:00,0.0
2013-05-27 11:00:00,60.275003
2013-05-27 12:00:00,268.750005
2013-05-27 13:00:00,467.80000500000006
2013-05-27 14:00:00,623.0
2013-05-27 15:00:00,715.35001
2013-05-27 16:00:00,740.9000100000001
2013-05-27 17:00:00,699.075
2013-05-27 18:00:00,590.0500099999999
2013-05-27 19:00:00,427.600005
2013-05-27 20:00:00,223.92499999999998
2013-05-27 21:00:00,35.52500125
2013-05-27 22:00:00,0.0
2013-05-27 23:00:00,0.0
2013-05-28 00:00:00,0.0
2013-05-28 01:00:00,0.0
2013-05-28 02:00:00,0.0
2013-05-28 03:00:00,0.0
2013-05-28 04:00:00,0.0
2013-05-28 05:00:00,0.0
2013-05-28 06:00:00,0.0
2013-05-28 07:00:00,0.0
2013-05-28 08:00:00,0.0
2013-05-28 09:00:00,0.0
2013-05-28 10:00:00,0.0
2013-05-28 11:00:00,61.625001250000004
2013-05-28 12:00:00,264.9
2013-05-28 13:00:00,463.400005
2013-05-28 14:00:00,617.6750099999999
2013-05-28 15:00:00,709.47501
2013-05-28 16:00:00,735.82501
2013-05-28 17:00:00,695.0500099999999
2013-05-28 18:00:00,585.75002
2013-05-28 19:00:00,422.70000500000003
2013-05-28 20:00:00,220.750005
2013-05-28 21:00:00,14.666666666666666
2013-05-28 22:00:00,0.0
2013-05-28 23:00:00,0.0
2013-05-29 00:00:00,0.0
2013-05-29 01:00:00,0.0
2013-05-29 02:00:00,0.0
2013-05-29 03:00:00,0.0
2013-05-29 04:00:00,0.0
2013-05-29 05:00:00,0.0
2013-05-29 06:00:00,0.0
2013-05-29 07:00:00,0.0
2013-05-29 08:00:00,0.0
2013-05-29 09:00:00,0.0
2013-05-29 10:00:00,0.0
2013-05-29 11:00:00,60.275
2013-05-29 12:00:00,265.72500249999996
2013-05-29 13:00:00,463.125015
2013-05-29 14:00:00,615.625
2013-05-29 15:00:00,705.275
2013-05-29 16:00:00,730.85
2013-05-29 17:00:00,686.95001
2013-05-29 18:00:00,572.825
2013-05-29 19:00:00,410.4
2013-05-29 20:00:00,212.1
2013-05-29 21:00:00,30.2
2013-05-29 22:00:00,0.0
2013-05-29 23:00:00,0.0
2013-05-30 00:00:00,0.0
2013-05-30 01:00:00,0.0
2013-05-30 02:00:00,0.0
2013-05-30 03:00:00,0.0
2013-05-30 04:00:00,0.0
2013-05-30 05:00:00,0.0
2013-05-30 06:00:00,0.0
2013-05-30 07:00:00,0.0
2013-05-30 08:00:00,0.0
2013-05-30 09:00:00,0.0
2013-05-30 10:00:00,0.0
2013-05-30 11:00:00,51.82500025
2013-05-30 12:00:00,227.27499999999998
2013-05-30 13:00:00,418.075005
2013-05-30 14:00:00,569.4000100000001
2013-05-30 15:00:00,664.92501
2013-05-30 16:00:00,694.42502
2013-05-30 17:00:00,656.07503
2013-05-30 18:00:00,545.57501
2013-05-30 19:00:00,386.65
2013-05-30 20:00:00,192.9750025
2013-05-30 21:00:00,25.175
2013-05-30 22:00:00,0.0
2013-05-30 23:00:00,0.0
2013-05-31 00:00:00,0.0
2013-05-31 01:00:00,0.0
2013-05-31 02:00:00,0.0
2013-05-31 03:00:00,0.0
2013-05-31 04:00:00,0.0
2013-05-31 05:00:00,0.0
2013-05-31 06:00:00,0.0
2013-05-31 07:00:00,0.0
2013-05-31 08:00:00,0.0
2013-05-31 09:00:00,0.0
2013-05-31 10:00:00,0.0
2013-05-31 11:00:00,41.400000000000006
2013-05-31 12:00:00,184.47500250000002
2013-05-31 13:00:00,354.425
2013-05-31 14:00:00,550.77501
2013-05-31 15:00:00,648.37503
2013-05-31 16:00:00,633.45
2013-05-31 17:00:00,541.8750150000001
2013-05-31 18:00:00,418.075
2013-05-31 19:00:00,299.525
2013-05-31 20:00:00,114.1250005
2013-05-31 21:00:00,8.45000025
2013-05-31 22:00:00,0.0
2013-05-31 23:00:00,0.0
2013-06-01 00:00:00,0.0
2013-06-01 01:00:00,0.0
2013-06-01 02:00:00,0.0
2013-06-01 03:00:00,0.0
2013-06-01 04:00:00,0.0
2013-06-01 05:00:00,0.0
2013-06-01 06:00:00,0.0
2013-06-01 07:00:00,0.0
2013-06-01 08:00:00,0.0
2013-06-01 09:00:00,0.0
2013-06-01 10:00:00,0.0
2013-06-01 11:00:00,49.67500125
2013-06-01 12:00:00,259.525
2013-06-01 13:00:00,478.1333333333334
2013-06-01 14:00:00,608.92502
2013-06-01 15:00:00,705.1333600000002
2013-06-01 16:00:00,730.825
2013-06-01 17:00:00,688.20002
2013-06-01 18:00:00,578.125
2013-06-01 19:00:00,417.075
2013-06-01 20:00:00,218.4750025
2013-06-01 21:00:00,32.47500125
2013-06-01 22:00:00,0.0
2013-06-01 23:00:00,0.0
2013-06-02 00:00:00,0.0
2013-06-02 01:00:00,0.0
2013-06-02 02:00:00,0.0
2013-06-02 03:00:00,0.0
2013-06-02 04:00:00,0.0
2013-06-02 05:00:00,0.0
2013-06-02 06:00:00,0.0
2013-06-02 07:00:00,0.0
2013-06-02 08:00:00,0.0
2013-06-02 09:00:00,0.0
2013-06-02 10:00:00,0.0
2013-06-02 11:00:00,51.275
2013-06-02 12:00:00,232.90000500000002
2013-06-02 13:00:00,424.32500500000003
2013-06-02 14:00:00,575.87502
2013-06-02 15:00:00,671.45
2013-06-02 16:00:00,700.1500100000001
2013-06-02 17:00:00,660.1
2013-06-02 18:00:00,550.475
2013-06-02 19:00:00,391.85001
2013-06-02 20:00:00,198.0000025
2013-06-02 21:00:00,27.1750005
2013-06-02 22:00:00,0.0
2013-06-02 23:00:00,0.0
2013-06-03 00:00:00,0.0
2013-06-03 01:00:00,0.0
2013-06-03 02:00:00,0.0
2013-06-03 03:00:00,0.0
2013-06-03 04:00:00,0.0
2013-06-03 05:00:00,0.0
2013-06-03 06:00:00,0.0
2013-06-03 07:00:00,0.0
2013-06-03 08:00:00,0.0
2013-06-03 09:00:00,0.0
2013-06-03 10:00:00,0.0
2013-06-03 11:00:00,47.125
2013-06-03 12:00:00,236.90000500000002
2013-06-03 13:00:00,426.350005
2013-06-03 14:00:00,575.525
2013-06-03 15:00:00,666.75002
2013-06-03 16:00:00,694.80002
2013-06-03 17:00:00,656.15001
2013-06-03 18:00:00,554.150015
2013-06-03 19:00:00,398.25
2013-06-03 20:00:00,205.075
2013-06-03 21:00:00,28.6750005
2013-06-03 22:00:00,0.0
2013-06-03 23:00:00,0.0
2013-06-04 00:00:00,0.0
2013-06-04 01:00:00,0.0
2013-06-04 02:00:00,0.0
2013-06-04 03:00:00,0.0
2013-06-04 04:00:00,0.0
2013-06-04 05:00:00,0.0
2013-06-04 06:00:00,0.0
2013-06-04 07:00:00,0.0
2013-06-04 08:00:00,0.0
2013-06-04 09:00:00,0.0
2013-06-04 10:00:00,0.0
2013-06-04 11:00:00,49.825
2013-06-04 12:00:00,229.20000249999998
2013-06-04 13:00:00,418.85001
2013-06-04 14:00:00,569.20001
2013-06-04 15:00:00,661.3
2013-06-04 16:00:00,690.4000100000001
2013-06-04 17:00:00,651.6500000000001
2013-06-04 18:00:00,544.300005
2013-06-04 19:00:00,386.975
2013-06-04 20:00:00,194.60000374999998
2013-06-04 21:00:00,25.025
2013-06-04 22:00:00,0.0
2013-06-04 23:00:00,0.0
2013-06-05 00:00:00,0.0
2013-06-05 01:00:00,0.0
2013-06-05 02:00:00,0.0
2013-06-05 03:00:00,0.0
2013-06-05 04:00:00,0.0
2013-06-05 05:00:00,0.0
2013-06-05 06:00:00,0.0
2013-06-05 07:00:00,0.0
2013-06-05 08:00:00,0.0
2013-06-05 09:00:00,0.0
2013-06-05 10:00:00,0.0
2013-06-05 11:00:00,40.55
2013-06-05 12:00:00,233.07500249999998
2013-06-05 13:00:00,425.5
2013-06-05 14:00:00,578.225
2013-06-05 15:00:00,675.225
2013-06-05 16:00:00,706.175
2013-06-05 17:00:00,668.77501
2013-06-05 18:00:00,566.1500100000001
2013-06-05 19:00:00,406.025005
2013-06-05 20:00:00,208.5250025
2013-06-05 21:00:00,30.724999999999998
2013-06-05 22:00:00,0.0
2013-06-05 23:00:00,0.0
2013-06-06 00:00:00,0.0
2013-06-06 01:00:00,0.0
2013-06-06 02:00:00,0.0
2013-06-06 03:00:00,0.0
2013-06-06 04:00:00,0.0
2013-06-06 05:00:00,0.0
2013-06-06 06:00:00,0.0
2013-06-06 07:00:00,0.0
2013-06-06 08:00:00,0.0
2013-06-06 09:00:00,0.0
2013-06-06 10:00:00,0.0
2013-06-06 11:00:00,46.3750005
2013-06-06 12:00:00,220.20000249999998
2013-06-06 13:00:00,408.20000500000003
2013-06-06 14:00:00,557.7
2013-06-06 15:00:00,650.00001
2013-06-06 16:00:00,679.75001
2013-06-06 17:00:00,644.4333466666667
2013-06-06 18:00:00,538.700025
2013-06-06 19:00:00,382.82501
2013-06-06 20:00:00,192.10000250000002
2013-06-06 21:00:00,25.599999999999998
2013-06-06 22:00:00,0.0
2013-06-06 23:00:00,0.0
2013-06-07 00:00:00,0.0
2013-06-07 01:00:00,0.0
2013-06-07 02:00:00,0.0
2013-06-07 03:00:00,0.0
2013-06-07 04:00:00,0.0
2013-06-07 05:00:00,0.0
2013-06-07 06:00:00,0.0
2013-06-07 07:00:00,0.0
2013-06-07 08:00:00,0.0
2013-06-07 09:00:00,0.0
2013-06-07 10:00:00,0.0
2013-06-07 11:00:00,42.05000025
2013-06-07 12:00:00,235.725
2013-06-07 13:00:00,429.500005
2013-06-07 14:00:00,583.17501
2013-06-07 15:00:00,679.25
2013-06-07 16:00:00,709.92501
2013-06-07 17:00:00,670.60001
2013-06-07 18:00:00,563.275
2013-06-07 19:00:00,402.4
2013-06-07 20:00:00,206.10000250000002
2013-06-07 21:00:00,23.100001250000002
2013-06-07 22:00:00,0.0
2013-06-07 23:00:00,0.0
2013-06-08 00:00:00,0.0
2013-06-08 01:00:00,0.0
2013-06-08 02:00:00,0.0
2013-06-08 03:00:00,0.0
2013-06-08 04:00:00,0.0
2013-06-08 05:00:00,0.0
2013-06-08 06:00:00,0.0
2013-06-08 07:00:00,0.0
2013-06-08 08:00:00,0.0
2013-06-08 09:00:00,0.0
2013-06-08 10:00:00,0.0
2013-06-08 11:00:00,40.55
2013-06-08 12:00:00,163.3
2013-06-08 13:00:00,249.7000025
2013-06-08 14:00:00,330.825
2013-06-08 15:00:00,603.8
2013-06-08 16:00:00,638.325
2013-06-08 17:00:00,646.55
2013-06-08 18:00:00,536.62501
2013-06-08 19:00:00,330.6250025
2013-06-08 20:00:00,202.3250075
2013-06-08 21:00:00,26.52500025
2013-06-08 22:00:00,0.0
2013-06-08 23:00:00,0.0
2013-06-09 00:00:00,0.0
2013-06-09 01:00:00,0.0
2013-06-09 02:00:00,0.0
2013-06-09 03:00:00,0.0
2013-06-09 04:00:00,0.0
2013-06-09 05:00:00,0.0
2013-06-09 06:00:00,0.0
2013-06-09 07:00:00,0.0
2013-06-09 08:00:00,0.0
2013-06-09 09:00:00,0.0
2013-06-09 10:00:00,0.0
2013-06-09 11:00:00,45.4
2013-06-09 12:00:00,237.3750075
2013-06-09 13:00:00,427.175005
2013-06-09 14:00:00,576.95001
2013-06-09 15:00:00,670.125
2013-06-09 16:00:00,698.37501
2013-06-09 17:00:00,659.425
2013-06-09 18:00:00,553.57501
2013-06-09 19:00:00,398.80001
2013-06-09 20:00:00,207.925
2013-06-09 21:00:00,29.675000500000003
2013-06-09 22:00:00,0.0
2013-06-09 23:00:00,0.0
2013-06-10 00:00:00,0.0
2013-06-10 01:00:00,0.0
2013-06-10 02:00:00,0.0
2013-06-10 03:00:00,0.0
2013-06-10 04:00:00,0.0
2013-06-10 05:00:00,0.0
2013-06-10 06:00:00,0.0
2013-06-10 07:00:00,0.0
2013-06-10 08:00:00,0.0
2013-06-10 09:00:00,0.0
2013-06-10 10:00:00,0.0
2013-06-10 11:00:00,29.65
2013-06-10 12:00:00,148.65
2013-06-10 13:00:00,261.65
2013-06-10 14:00:00,406.425005
2013-06-10 15:00:00,459.025
2013-06-10 16:00:00,536.2750100000001
2013-06-10 17:00:00,588.57501
2013-06-10 18:00:00,475.47501
2013-06-10 19:00:00,310.475
2013-06-10 20:00:00,124.55
2013-06-10 21:00:00,16.375
2013-06-10 22:00:00,0.0
2013-06-10 23:00:00,0.0
2013-06-11 00:00:00,0.0
2013-06-11 01:00:00,0.0
2013-06-11 02:00:00,0.0
2013-06-11 03:00:00,0.0
2013-06-11 04:00:00,0.0
2013-06-11 05:00:00,0.0
2013-06-11 06:00:00,0.0
2013-06-11 07:00:00,0.0
2013-06-11 08:00:00,0.0
2013-06-11 09:00:00,
2013-06-11 10:00:00,0.0
2013-06-11 11:00:00,37.650000250000005
2013-06-11 12:00:00,198.32500249999998
2013-06-11 13:00:00,342.675005
2013-06-11 14:00:00,510.67501
2013-06-11 15:00:00,570.4000100000001
2013-06-11 16:00:00,603.7
2013-06-11 17:00:00,488.75001
2013-06-11 18:00:00,488.40000000000003
2013-06-11 19:00:00,317.95
2013-06-11 20:00:00,148.675
2013-06-11 21:00:00,15.825
2013-06-11 22:00:00,0.0
2013-06-11 23:00:00,0.0
2013-06-12 00:00:00,0.0
2013-06-12 01:00:00,0.0
2013-06-12 02:00:00,0.0
2013-06-12 03:00:00,0.0
2013-06-12 04:00:00,0.0
2013-06-12 05:00:00,0.0
2013-06-12 06:00:00,0.0
2013-06-12 07:00:00,0.0
2013-06-12 08:00:00,0.0
2013-06-12 09:00:00,0.0
2013-06-12 10:00:00,0.0
2013-06-12 11:00:00,30.7
2013-06-12 12:00:00,203.07500249999998
2013-06-12 13:00:00,388.200005
2013-06-12 14:00:00,486.07500000000005
2013-06-12 15:00:00,596.0250149999999
2013-06-12 16:00:00,582.75
2013-06-12 17:00:00,636.4
2013-06-12 18:00:00,534.575
2013-06-12 19:00:00,380.95
2013-06-12 20:00:00,192.375
2013-06-12 21:00:00,25.975
2013-06-12 22:00:00,0.0
2013-06-12 23:00:00,0.0
2013-06-13 00:00:00,0.0
2013-06-13 01:00:00,0.0
2013-06-13 02:00:00,0.0
2013-06-13 03:00:00,0.0
2013-06-13 04:00:00,0.0
2013-06-13 05:00:00,0.0
2013-06-13 06:00:00,0.0
2013-06-13 07:00:00,0.0
2013-06-13 08:00:00,0.0
2013-06-13 09:00:00,
2013-06-13 10:00:00,0.0
2013-06-13 11:00:00,36.7000005
2013-06-13 12:00:00,211.0750075
2013-06-13 13:00:00,396.80001000000004
2013-06-13 14:00:00,544.875
2013-06-13 15:00:00,509.225
2013-06-13 16:00:00,435.79999999999995
2013-06-13 17:00:00,395.375005
2013-06-13 18:00:00,243.925005
2013-06-13 19:00:00,246.0750075
2013-06-13 20:00:00,159.8
2013-06-13 21:00:00,24.549999999999997
2013-06-13 22:00:00,0.0
2013-06-13 23:00:00,0.0
2013-06-14 00:00:00,0.0
2013-06-14 01:00:00,0.0
2013-06-14 02:00:00,0.0
2013-06-14 03:00:00,0.0
2013-06-14 04:00:00,0.0
2013-06-14 05:00:00,0.0
2013-06-14 06:00:00,0.0
2013-06-14 07:00:00,0.0
2013-06-14 08:00:00,0.0
2013-06-14 09:00:00,0.0
2013-06-14 10:00:00,0.0
2013-06-14 11:00:00,36.075
2013-06-14 12:00:00,204.95
2013-06-14 13:00:00,390.0
2013-06-14 14:00:00,538.5500099999999
2013-06-14 15:00:00,594.4250099999999
2013-06-14 16:00:00,627.87501
2013-06-14 17:00:00,583.15
2013-06-14 18:00:00,397.52501
2013-06-14 19:00:00,323.15
2013-06-14 20:00:00,150.67500125
2013-06-14 21:00:00,23.77500025
2013-06-14 22:00:00,0.0
2013-06-14 23:00:00,0.0
2013-06-15 00:00:00,0.0
2013-06-15 01:00:00,0.0
2013-06-15 02:00:00,0.0
2013-06-15 03:00:00,0.0
2013-06-15 04:00:00,0.0
2013-06-15 05:00:00,0.0
2013-06-15 06:00:00,0.0
2013-06-15 07:00:00,0.0
2013-06-15 08:00:00,0.0
2013-06-15 09:00:00,0.0
2013-06-15 10:00:00,0.0
2013-06-15 11:00:00,38.075000075
2013-06-15 12:00:00,214.250005
2013-06-15 13:00:00,347.35
2013-06-15 14:00:00,556.37501
2013-06-15 15:00:00,651.0250100000001
2013-06-15 16:00:00,683.0250000000001
2013-06-15 17:00:00,649.225
2013-06-15 18:00:00,551.5250100000001
2013-06-15 19:00:00,398.925
2013-06-15 20:00:00,208.175005
2013-06-15 21:00:00,31.80000125
2013-06-15 22:00:00,0.0
2013-06-15 23:00:00,0.0
2013-06-16 00:00:00,0.0
2013-06-16 01:00:00,0.0
2013-06-16 02:00:00,0.0
2013-06-16 03:00:00,0.0
2013-06-16 04:00:00,0.0
2013-06-16 05:00:00,0.0
2013-06-16 06:00:00,0.0
2013-06-16 07:00:00,0.0
2013-06-16 08:00:00,0.0
2013-06-16 09:00:00,0.0
2013-06-16 10:00:00,0.0
2013-06-16 11:00:00,41.67500125
2013-06-16 12:00:00,221.825
2013-06-16 13:00:00,416.25001
2013-06-16 14:00:00,569.6500100000001
2013-06-16 15:00:00,657.00002
2013-06-16 16:00:00,686.25001
2013-06-16 17:00:00,647.17501
2013-06-16 18:00:00,534.775005
2013-06-16 19:00:00,377.90000499999996
2013-06-16 20:00:00,187.97500250000002
2013-06-16 21:00:00,23.325000000000003
2013-06-16 22:00:00,0.0
2013-06-16 23:00:00,0.0
2013-06-17 00:00:00,0.0
2013-06-17 01:00:00,0.0
2013-06-17 02:00:00,0.0
2013-06-17 03:00:00,0.0
2013-06-17 04:00:00,0.0
2013-06-17 05:00:00,0.0
2013-06-17 06:00:00,0.0
2013-06-17 07:00:00,0.0
2013-06-17 08:00:00,0.0
2013-06-17 09:00:00,0.0
2013-06-17 10:00:00,0.0
2013-06-17 11:00:00,29.875001750000003
2013-06-17 12:00:00,164.775
2013-06-17 13:00:00,316.525005
2013-06-17 14:00:00,429.17499999999995
2013-06-17 15:00:00,511.05001
2013-06-17 16:00:00,557.1500100000001
2013-06-17 17:00:00,577.575
2013-06-17 18:00:00,492.625
2013-06-17 19:00:00,325.4
2013-06-17 20:00:00,126.05
2013-06-17 21:00:00,24.200001500000003
2013-06-17 22:00:00,0.0
2013-06-17 23:00:00,0.0
2013-06-18 00:00:00,0.0
2013-06-18 01:00:00,0.0
2013-06-18 02:00:00,0.0
2013-06-18 03:00:00,0.0
2013-06-18 04:00:00,0.0
2013-06-18 05:00:00,0.0
2013-06-18 06:00:00,0.0
2013-06-18 07:00:00,0.0
2013-06-18 08:00:00,0.0
2013-06-18 09:00:00,0.0
2013-06-18 10:00:00,0.0
2013-06-18 11:00:00,35.87500025
2013-06-18 12:00:00,229.2750025
2013-06-18 13:00:00,425.525005
2013-06-18 14:00:00,581.775
2013-06-18 15:00:00,681.27502
2013-06-18 16:00:00,712.45002
2013-06-18 17:00:00,675.125
2013-06-18 18:00:00,571.225
2013-06-18 19:00:00,413.675
2013-06-18 20:00:00,217.3
2013-06-18 21:00:00,25.75
2013-06-18 22:00:00,0.0
2013-06-18 23:00:00,0.0
2013-06-19 00:00:00,0.0
2013-06-19 01:00:00,0.0
2013-06-19 02:00:00,0.0
2013-06-19 03:00:00,0.0
2013-06-19 04:00:00,0.0
2013-06-19 05:00:00,0.0
2013-06-19 06:00:00,0.0
2013-06-19 07:00:00,0.0
2013-06-19 08:00:00,0.0
2013-06-19 09:00:00,0.0
2013-06-19 10:00:00,0.0
2013-06-19 11:00:00,31.25
2013-06-19 12:00:00,119.72500124999999
2013-06-19 13:00:00,193.22500250000002
2013-06-19 14:00:00,293.675
2013-06-19 15:00:00,322.875005
2013-06-19 16:00:00,273.2750075
2013-06-19 17:00:00,214.475
2013-06-19 18:00:00,221.075
2013-06-19 19:00:00,187.575
2013-06-19 20:00:00,119.25
2013-06-19 21:00:00,19.125000500000002
2013-06-19 22:00:00,0.0
2013-06-19 23:00:00,0.0
2013-06-20 00:00:00,0.0
2013-06-20 01:00:00,0.0
2013-06-20 02:00:00,0.0
2013-06-20 03:00:00,0.0
2013-06-20 04:00:00,0.0
2013-06-20 05:00:00,0.0
2013-06-20 06:00:00,0.0
2013-06-20 07:00:00,0.0
2013-06-20 08:00:00,0.0
2013-06-20 09:00:00,0.0
2013-06-20 10:00:00,0.0
2013-06-20 11:00:00,36.17500025
2013-06-20 12:00:00,159.70000125
2013-06-20 13:00:00,330.32500500000003
2013-06-20 14:00:00,429.375
2013-06-20 15:00:00,430.75
2013-06-20 16:00:00,502.7
2013-06-20 17:00:00,473.70000000000005
2013-06-20 18:00:00,323.35
2013-06-20 19:00:00,217.8750025
2013-06-20 20:00:00,144.1
2013-06-20 21:00:00,16.6
2013-06-20 22:00:00,0.0
2013-06-20 23:00:00,0.0
2013-06-21 00:00:00,0.0
2013-06-21 01:00:00,0.0
2013-06-21 02:00:00,0.0
2013-06-21 03:00:00,0.0
2013-06-21 04:00:00,0.0
2013-06-21 05:00:00,0.0
2013-06-21 06:00:00,0.0
2013-06-21 07:00:00,0.0
2013-06-21 08:00:00,0.0
2013-06-21 09:00:00,0.0
2013-06-21 10:00:00,0.0
2013-06-21 11:00:00,33.300000575
2013-06-21 12:00:00,227.77499999999998
2013-06-21 13:00:00,422.45000500000003
2013-06-21 14:00:00,577.00001
2013-06-21 15:00:00,675.05001
2013-06-21 16:00:00,708.45001
2013-06-21 17:00:00,674.1000200000001
2013-06-21 18:00:00,572.8249999999999
2013-06-21 19:00:00,417.125005
2013-06-21 20:00:00,221.77499999999998
2013-06-21 21:00:00,35.175000075
2013-06-21 22:00:00,0.0
2013-06-21 23:00:00,0.0
2013-06-22 00:00:00,0.0
2013-06-22 01:00:00,0.0
2013-06-22 02:00:00,0.0
2013-06-22 03:00:00,0.0
2013-06-22 04:00:00,0.0
2013-06-22 05:00:00,0.0
2013-06-22 06:00:00,0.0
2013-06-22 07:00:00,0.0
2013-06-22 08:00:00,0.0
2013-06-22 09:00:00,0.0
2013-06-22 10:00:00,0.0
2013-06-22 11:00:00,39.275
2013-06-22 12:00:00,229.325
2013-06-22 13:00:00,427.200015
2013-06-22 14:00:00,583.8
2013-06-22 15:00:00,679.42502
2013-06-22 16:00:00,712.47501
2013-06-22 17:00:00,675.7750100000001
2013-06-22 18:00:00,568.25001
2013-06-22 19:00:00,409.40001
2013-06-22 20:00:00,212.5500025
2013-06-22 21:00:00,30.475000500000004
2013-06-22 22:00:00,0.0
2013-06-22 23:00:00,0.0
2013-06-23 00:00:00,0.0
2013-06-23 01:00:00,0.0
2013-06-23 02:00:00,0.0
2013-06-23 03:00:00,0.0
2013-06-23 04:00:00,0.0
2013-06-23 05:00:00,0.0
2013-06-23 06:00:00,0.0
2013-06-23 07:00:00,0.0
2013-06-23 08:00:00,0.0
2013-06-23 09:00:00,0.0
2013-06-23 10:00:00,0.0
2013-06-23 11:00:00,34.07500125
2013-06-23 12:00:00,205.35000250000002
2013-06-23 13:00:00,405.525
2013-06-23 14:00:00,559.575
2013-06-23 15:00:00,658.275
2013-06-23 16:00:00,653.4750200000001
2013-06-23 17:00:00,415.97501
2013-06-23 18:00:00,308.550005
2013-06-23 19:00:00,232.6750025
2013-06-23 20:00:00,149.35000250000002
2013-06-23 21:00:00,31.475
2013-06-23 22:00:00,0.0
2013-06-23 23:00:00,0.0
2013-06-24 00:00:00,0.0
2013-06-24 01:00:00,0.0
2013-06-24 02:00:00,0.0
2013-06-24 03:00:00,0.0
2013-06-24 04:00:00,0.0
2013-06-24 05:00:00,0.0
2013-06-24 06:00:00,0.0
2013-06-24 07:00:00,0.0
2013-06-24 08:00:00,0.0
2013-06-24 09:00:00,0.0
2013-06-24 10:00:00,0.0
2013-06-24 11:00:00,34.0500005
2013-06-24 12:00:00,203.52499999999998
2013-06-24 13:00:00,405.125
2013-06-24 14:00:00,559.650005
2013-06-24 15:00:00,657.20002
2013-06-24 16:00:00,689.05
2013-06-24 17:00:00,654.07503
2013-06-24 18:00:00,551.3
2013-06-24 19:00:00,397.17501000000004
2013-06-24 20:00:00,205.7750025
2013-06-24 21:00:00,31.775001250000003
2013-06-24 22:00:00,0.0
2013-06-24 23:00:00,0.0
2013-06-25 00:00:00,0.0
2013-06-25 01:00:00,0.0
2013-06-25 02:00:00,0.0
2013-06-25 03:00:00,0.0
2013-06-25 04:00:00,0.0
2013-06-25 05:00:00,0.0
2013-06-25 06:00:00,0.0
2013-06-25 07:00:00,0.0
2013-06-25 08:00:00,0.0
2013-06-25 09:00:00,0.0
2013-06-25 10:00:00,0.0
2013-06-25 11:00:00,34.1000005
2013-06-25 12:00:00,214.52500500000002
2013-06-25 13:00:00,408.95000500000003
2013-06-25 14:00:00,564.225
2013-06-25 15:00:00,654.82501
2013-06-25 16:00:00,686.70001
2013-06-25 17:00:00,651.375
2013-06-25 18:00:00,548.400005
2013-06-25 19:00:00,393.20000500000003
2013-06-25 20:00:00,201.85
2013-06-25 21:00:00,30.55
2013-06-25 22:00:00,0.0
2013-06-25 23:00:00,0.0
2013-06-26 00:00:00,0.0
2013-06-26 01:00:00,0.0
2013-06-26 02:00:00,0.0
2013-06-26 03:00:00,0.0
2013-06-26 04:00:00,0.0
2013-06-26 05:00:00,0.0
2013-06-26 06:00:00,0.0
2013-06-26 07:00:00,0.0
2013-06-26 08:00:00,0.0
2013-06-26 09:00:00,0.0
2013-06-26 10:00:00,0.0
2013-06-26 11:00:00,33.650000500000004
2013-06-26 12:00:00,218.700005
2013-06-26 13:00:00,412.125
2013-06-26 14:00:00,566.75
2013-06-26 15:00:00,663.40002
2013-06-26 16:00:00,698.75001
2013-06-26 17:00:00,666.05
2013-06-26 18:00:00,481.67501
2013-06-26 19:00:00,290.6
2013-06-26 20:00:00,165.10000250000002
2013-06-26 21:00:00,21.2000005
2013-06-26 22:00:00,0.0
2013-06-26 23:00:00,0.0
2013-06-27 00:00:00,0.0
2013-06-27 01:00:00,0.0
2013-06-27 02:00:00,0.0
2013-06-27 03:00:00,0.0
2013-06-27 04:00:00,0.0
2013-06-27 05:00:00,0.0
2013-06-27 06:00:00,0.0
2013-06-27 07:00:00,0.0
2013-06-27 08:00:00,0.0
2013-06-27 09:00:00,0.0
2013-06-27 10:00:00,0.0
2013-06-27 11:00:00,34.700000075000005
2013-06-27 12:00:00,222.125
2013-06-27 13:00:00,415.075
2013-06-27 14:00:00,568.1
2013-06-27 15:00:00,663.12501
2013-06-27 16:00:00,697.35002
2013-06-27 17:00:00,664.85001
2013-06-27 18:00:00,563.6750099999999
2013-06-27 19:00:00,410.825
2013-06-27 20:00:00,218.800005
2013-06-27 21:00:00,35.025
2013-06-27 22:00:00,0.0
2013-06-27 23:00:00,0.0
2013-06-28 00:00:00,0.0
2013-06-28 01:00:00,0.0
2013-06-28 02:00:00,0.0
2013-06-28 03:00:00,0.0
2013-06-28 04:00:00,0.0
2013-06-28 05:00:00,0.0
2013-06-28 06:00:00,0.0
2013-06-28 07:00:00,0.0
2013-06-28 08:00:00,0.0
2013-06-28 09:00:00,0.0
2013-06-28 10:00:00,0.0
2013-06-28 11:00:00,32.3500005
2013-06-28 12:00:00,213.975
2013-06-28 13:00:00,419.8
2013-06-28 14:00:00,578.75
2013-06-28 15:00:00,678.00001
2013-06-28 16:00:00,712.22502
2013-06-28 17:00:00,678.77502
2013-06-28 18:00:00,580.0
2013-06-28 19:00:00,425.92499999999995
2013-06-28 20:00:00,231.4250025
2013-06-28 21:00:00,40.87500125
2013-06-28 22:00:00,0.0
2013-06-28 23:00:00,0.0
2013-06-29 00:00:00,0.0
2013-06-29 01:00:00,0.0
2013-06-29 02:00:00,0.0
2013-06-29 03:00:00,0.0
2013-06-29 04:00:00,0.0
2013-06-29 05:00:00,0.0
2013-06-29 06:00:00,0.0
2013-06-29 07:00:00,0.0
2013-06-29 08:00:00,0.0
2013-06-29 09:00:00,0.0
2013-06-29 10:00:00,0.0
2013-06-29 11:00:00,36.250000075
2013-06-29 12:00:00,224.125
2013-06-29 13:00:00,417.8
2013-06-29 14:00:00,572.00002
2013-06-29 15:00:00,666.70001
2013-06-29 16:00:00,700.9000100000001
2013-06-29 17:00:00,667.675
2013-06-29 18:00:00,560.5250100000001
2013-06-29 19:00:00,407.250005
2013-06-29 20:00:00,215.325
2013-06-29 21:00:00,34.725001250000005
2013-06-29 22:00:00,0.0
2013-06-29 23:00:00,0.0
2013-06-30 00:00:00,0.0
2013-06-30 01:00:00,0.0
2013-06-30 02:00:00,0.0
2013-06-30 03:00:00,0.0
2013-06-30 04:00:00,0.0
2013-06-30 05:00:00,0.0
2013-06-30 06:00:00,0.0
2013-06-30 07:00:00,0.0
2013-06-30 08:00:00,0.0
2013-06-30 09:00:00,0.0
2013-06-30 10:00:00,0.0
2013-06-30 11:00:00,34.275
2013-06-30 12:00:00,224.3
2013-06-30 13:00:00,418.95
2013-06-30 14:00:00,573.6750099999999
2013-06-30 15:00:00,670.4000100000001
2013-06-30 16:00:00,705.32501
2013-06-30 17:00:00,672.37501
2013-06-30 18:00:00,568.925
2013-06-30 19:00:00,414.3
2013-06-30 20:00:00,221.150005
2013-06-30 21:00:00,36.575
2013-06-30 22:00:00,0.0
2013-06-30 23:00:00,0.0
2013-07-01 00:00:00,0.0
2013-07-01 01:00:00,0.0
2013-07-01 02:00:00,0.0
2013-07-01 03:00:00,0.0
2013-07-01 04:00:00,0.0
2013-07-01 05:00:00,0.0
2013-07-01 06:00:00,0.0
2013-07-01 07:00:00,0.0
2013-07-01 08:00:00,0.0
2013-07-01 09:00:00,0.0
2013-07-01 10:00:00,0.0
2013-07-01 11:00:00,34.225
2013-07-01 12:00:00,215.3
2013-07-01 13:00:00,409.65
2013-07-01 14:00:00,565.47501
2013-07-01 15:00:00,663.07501
2013-07-01 16:00:00,699.425
2013-07-01 17:00:00,668.07501
2013-07-01 18:00:00,569.25
2013-07-01 19:00:00,415.125
2013-07-01 20:00:00,221.225
2013-07-01 21:00:00,37.525
2013-07-01 22:00:00,0.0
2013-07-01 23:00:00,0.0
2013-07-02 00:00:00,0.0
2013-07-02 01:00:00,0.0
2013-07-02 02:00:00,0.0
2013-07-02 03:00:00,0.0
2013-07-02 04:00:00,0.0
2013-07-02 05:00:00,0.0
2013-07-02 06:00:00,0.0
2013-07-02 07:00:00,0.0
2013-07-02 08:00:00,0.0
2013-07-02 09:00:00,0.0
2013-07-02 10:00:00,0.0
2013-07-02 11:00:00,34.925000000000004
2013-07-02 12:00:00,227.0000075
2013-07-02 13:00:00,427.250005
2013-07-02 14:00:00,587.67501
2013-07-02 15:00:00,690.2250200000001
2013-07-02 16:00:00,726.7250200000001
2013-07-02 17:00:00,693.35
2013-07-02 18:00:00,592.60002
2013-07-02 19:00:00,434.875005
2013-07-02 20:00:00,236.425
2013-07-02 21:00:00,42.275000000000006
2013-07-02 22:00:00,0.0
2013-07-02 23:00:00,0.0
2013-07-03 00:00:00,0.0
2013-07-03 01:00:00,0.0
2013-07-03 02:00:00,0.0
2013-07-03 03:00:00,0.0
2013-07-03 04:00:00,0.0
2013-07-03 05:00:00,0.0
2013-07-03 06:00:00,0.0
2013-07-03 07:00:00,0.0
2013-07-03 08:00:00,0.0
2013-07-03 09:00:00,0.0
2013-07-03 10:00:00,0.0
2013-07-03 11:00:00,34.975
2013-07-03 12:00:00,233.05
2013-07-03 13:00:00,434.375005
2013-07-03 14:00:00,594.37501
2013-07-03 15:00:00,696.30002
2013-07-03 16:00:00,732.5
2013-07-03 17:00:00,699.125
2013-07-03 18:00:00,597.17501
2013-07-03 19:00:00,438.675
2013-07-03 20:00:00,239.325005
2013-07-03 21:00:00,42.600001750000004
2013-07-03 22:00:00,0.0
2013-07-03 23:00:00,0.0
2013-07-04 00:00:00,0.0
2013-07-04 01:00:00,0.0
2013-07-04 02:00:00,0.0
2013-07-04 03:00:00,0.0
2013-07-04 04:00:00,0.0
2013-07-04 05:00:00,0.0
2013-07-04 06:00:00,0.0
2013-07-04 07:00:00,0.0
2013-07-04 08:00:00,0.0
2013-07-04 09:00:00,0.0
2013-07-04 10:00:00,0.0
2013-07-04 11:00:00,33.5
2013-07-04 12:00:00,228.250005
2013-07-04 13:00:00,429.05
2013-07-04 14:00:00,588.87501
2013-07-04 15:00:00,691.80001
2013-07-04 16:00:00,727.925
2013-07-04 17:00:00,694.07501
2013-07-04 18:00:00,590.87501
2013-07-04 19:00:00,433.025
2013-07-04 20:00:00,234.975005
2013-07-04 21:00:00,41.85000025
2013-07-04 22:00:00,0.0
2013-07-04 23:00:00,0.0
2013-07-05 00:00:00,0.0
2013-07-05 01:00:00,0.0
2013-07-05 02:00:00,0.0
2013-07-05 03:00:00,0.0
2013-07-05 04:00:00,0.0
2013-07-05 05:00:00,0.0
2013-07-05 06:00:00,0.0
2013-07-05 07:00:00,0.0
2013-07-05 08:00:00,0.0
2013-07-05 09:00:00,0.0
2013-07-05 10:00:00,0.0
2013-07-05 11:00:00,33.6000005
2013-07-05 12:00:00,213.625
2013-07-05 13:00:00,408.17501000000004
2013-07-05 14:00:00,565.62501
2013-07-05 15:00:00,614.675
2013-07-05 16:00:00,647.7
2013-07-05 17:00:00,660.8500200000001
2013-07-05 18:00:00,577.35
2013-07-05 19:00:00,425.550005
2013-07-05 20:00:00,231.5500075
2013-07-05 21:00:00,57.79999999999999
2013-07-05 22:00:00,0.0
2013-07-05 23:00:00,0.0
2013-07-06 00:00:00,0.0
2013-07-06 01:00:00,0.0
2013-07-06 02:00:00,0.0
2013-07-06 03:00:00,0.0
2013-07-06 04:00:00,0.0
2013-07-06 05:00:00,0.0
2013-07-06 06:00:00,0.0
2013-07-06 07:00:00,0.0
2013-07-06 08:00:00,0.0
2013-07-06 09:00:00,0.0
2013-07-06 10:00:00,0.0
2013-07-06 11:00:00,30.725
2013-07-06 12:00:00,166.0500025
2013-07-06 13:00:00,294.45000500000003
2013-07-06 14:00:00,398.45
2013-07-06 15:00:00,444.7
2013-07-06 16:00:00,444.075
2013-07-06 17:00:00,446.975005
2013-07-06 18:00:00,407.04999999999995
2013-07-06 19:00:00,279.7500075
2013-07-06 20:00:00,116.5000025
2013-07-06 21:00:00,13.1
2013-07-06 22:00:00,0.0
2013-07-06 23:00:00,0.0
2013-07-07 00:00:00,0.0
2013-07-07 01:00:00,0.0
2013-07-07 02:00:00,0.0
2013-07-07 03:00:00,0.0
2013-07-07 04:00:00,0.0
2013-07-07 05:00:00,0.0
2013-07-07 06:00:00,0.0
2013-07-07 07:00:00,0.0
2013-07-07 08:00:00,0.0
2013-07-07 09:00:00,0.0
2013-07-07 10:00:00,0.0
2013-07-07 11:00:00,25.025000249999998
2013-07-07 12:00:00,173.7750025
2013-07-07 13:00:00,304.65
2013-07-07 14:00:00,393.475005
2013-07-07 15:00:00,477.9
2013-07-07 16:00:00,488.95
2013-07-07 17:00:00,482.075
2013-07-07 18:00:00,449.45001
2013-07-07 19:00:00,357.050005
2013-07-07 20:00:00,181.47500250000002
2013-07-07 21:00:00,36.6250015
2013-07-07 22:00:00,0.0
2013-07-07 23:00:00,0.0
2013-07-08 00:00:00,0.0
2013-07-08 01:00:00,0.0
2013-07-08 02:00:00,0.0
2013-07-08 03:00:00,0.0
2013-07-08 04:00:00,0.0
2013-07-08 05:00:00,0.0
2013-07-08 06:00:00,0.0
2013-07-08 07:00:00,0.0
2013-07-08 08:00:00,0.0
2013-07-08 09:00:00,0.0
2013-07-08 10:00:00,0.0
2013-07-08 11:00:00,31.225000075
2013-07-08 12:00:00,204.8
2013-07-08 13:00:00,344.875005
2013-07-08 14:00:00,512.050005
2013-07-08 15:00:00,654.8500200000001
2013-07-08 16:00:00,692.4000100000001
2013-07-08 17:00:00,663.07501
2013-07-08 18:00:00,567.20001
2013-07-08 19:00:00,417.350005
2013-07-08 20:00:00,228.500005
2013-07-08 21:00:00,43.55000175
2013-07-08 22:00:00,0.0
2013-07-08 23:00:00,0.0
2013-07-09 00:00:00,0.0
2013-07-09 01:00:00,0.0
2013-07-09 02:00:00,0.0
2013-07-09 03:00:00,0.0
2013-07-09 04:00:00,0.0
2013-07-09 05:00:00,0.0
2013-07-09 06:00:00,0.0
2013-07-09 07:00:00,0.0
2013-07-09 08:00:00,0.0
2013-07-09 09:00:00,0.0
2013-07-09 10:00:00,0.0
2013-07-09 11:00:00,35.67500125
2013-07-09 12:00:00,217.125
2013-07-09 13:00:00,411.425005
2013-07-09 14:00:00,568.425
2013-07-09 15:00:00,510.600005
2013-07-09 16:00:00,392.800005
2013-07-09 17:00:00,242.9500025
2013-07-09 18:00:00,239.2250025
2013-07-09 19:00:00,218.125
2013-07-09 20:00:00,130.20000125
2013-07-09 21:00:00,17.200000250000002
2013-07-09 22:00:00,0.0
2013-07-09 23:00:00,0.0
2013-07-10 00:00:00,0.0
2013-07-10 01:00:00,0.0
2013-07-10 02:00:00,0.0
2013-07-10 03:00:00,0.0
2013-07-10 04:00:00,0.0
2013-07-10 05:00:00,0.0
2013-07-10 06:00:00,0.0
2013-07-10 07:00:00,0.0
2013-07-10 08:00:00,0.0
2013-07-10 09:00:00,0.0
2013-07-10 10:00:00,0.0
2013-07-10 11:00:00,24.575
2013-07-10 12:00:00,190.40000375
2013-07-10 13:00:00,395.350005
2013-07-10 14:00:00,558.9000100000001
2013-07-10 15:00:00,633.55001
2013-07-10 16:00:00,702.8
2013-07-10 17:00:00,687.3
2013-07-10 18:00:00,585.325
2013-07-10 19:00:00,430.100005
2013-07-10 20:00:00,235.975
2013-07-10 21:00:00,39.3250005
2013-07-10 22:00:00,0.0
2013-07-10 23:00:00,0.0
2013-07-11 00:00:00,0.0
2013-07-11 01:00:00,0.0
2013-07-11 02:00:00,0.0
2013-07-11 03:00:00,0.0
2013-07-11 04:00:00,0.0
2013-07-11 05:00:00,0.0
2013-07-11 06:00:00,0.0
2013-07-11 07:00:00,0.0
2013-07-11 08:00:00,0.0
2013-07-11 09:00:00,0.0
2013-07-11 10:00:00,0.0
2013-07-11 11:00:00,36.800001325
2013-07-11 12:00:00,226.8250025
2013-07-11 13:00:00,426.225
2013-07-11 14:00:00,586.35
2013-07-11 15:00:00,688.60001
2013-07-11 16:00:00,725.9250099999999
2013-07-11 17:00:00,613.2333466666666
2013-07-11 18:00:00,502.975
2013-07-11 19:00:00,402.52500499999996
2013-07-11 20:00:00,235.5500025
2013-07-11 21:00:00,31.875
2013-07-11 22:00:00,0.0
2013-07-11 23:00:00,0.0
2013-07-12 00:00:00,0.0
2013-07-12 01:00:00,0.0
2013-07-12 02:00:00,0.0
2013-07-12 03:00:00,0.0
2013-07-12 04:00:00,0.0
2013-07-12 05:00:00,0.0
2013-07-12 06:00:00,0.0
2013-07-12 07:00:00,0.0
2013-07-12 08:00:00,0.0
2013-07-12 09:00:00,0.0
2013-07-12 10:00:00,0.0
2013-07-12 11:00:00,28.475
2013-07-12 12:00:00,220.2250075
2013-07-12 13:00:00,415.225
2013-07-12 14:00:00,567.85001
2013-07-12 15:00:00,668.65
2013-07-12 16:00:00,705.8000099999999
2013-07-12 17:00:00,676.12501
2013-07-12 18:00:00,578.5
2013-07-12 19:00:00,428.0
2013-07-12 20:00:00,237.95000249999998
2013-07-12 21:00:00,44.35
2013-07-12 22:00:00,0.0
2013-07-12 23:00:00,0.0
2013-07-13 00:00:00,0.0
2013-07-13 01:00:00,0.0
2013-07-13 02:00:00,0.0
2013-07-13 03:00:00,0.0
2013-07-13 04:00:00,0.0
2013-07-13 05:00:00,0.0
2013-07-13 06:00:00,0.0
2013-07-13 07:00:00,0.0
2013-07-13 08:00:00,0.0
2013-07-13 09:00:00,0.0
2013-07-13 10:00:00,0.0
2013-07-13 11:00:00,36.600000075
2013-07-13 12:00:00,215.45000249999998
2013-07-13 13:00:00,410.84999999999997
2013-07-13 14:00:00,568.32503
2013-07-13 15:00:00,669.3499999999999
2013-07-13 16:00:00,708.2
2013-07-13 17:00:00,678.675
2013-07-13 18:00:00,581.6750099999999
2013-07-13 19:00:00,428.725005
2013-07-13 20:00:00,235.6750075
2013-07-13 21:00:00,47.8
2013-07-13 22:00:00,0.0
2013-07-13 23:00:00,0.0
2013-07-14 00:00:00,0.0
2013-07-14 01:00:00,0.0
2013-07-14 02:00:00,0.0
2013-07-14 03:00:00,0.0
2013-07-14 04:00:00,0.0
2013-07-14 05:00:00,0.0
2013-07-14 06:00:00,0.0
2013-07-14 07:00:00,0.0
2013-07-14 08:00:00,0.0
2013-07-14 09:00:00,0.0
2013-07-14 10:00:00,0.0
2013-07-14 11:00:00,36.875
2013-07-14 12:00:00,217.35
2013-07-14 13:00:00,415.725
2013-07-14 14:00:00,574.70001
2013-07-14 15:00:00,674.7
2013-07-14 16:00:00,711.625
2013-07-14 17:00:00,679.75001
2013-07-14 18:00:00,580.55
2013-07-14 19:00:00,425.725
2013-07-14 20:00:00,232.3000025
2013-07-14 21:00:00,46.2
2013-07-14 22:00:00,0.0
2013-07-14 23:00:00,0.0
2013-07-15 00:00:00,0.0
2013-07-15 01:00:00,0.0
2013-07-15 02:00:00,0.0
2013-07-15 03:00:00,0.0
2013-07-15 04:00:00,0.0
2013-07-15 05:00:00,0.0
2013-07-15 06:00:00,0.0
2013-07-15 07:00:00,0.0
2013-07-15 08:00:00,0.0
2013-07-15 09:00:00,0.0
2013-07-15 10:00:00,0.0
2013-07-15 11:00:00,17.833333333333332
2013-07-15 12:00:00,217.9500025
2013-07-15 13:00:00,411.400005
2013-07-15 14:00:00,567.47501
2013-07-15 15:00:00,668.2750100000001
2013-07-15 16:00:00,706.07501
2013-07-15 17:00:00,676.42501
2013-07-15 18:00:00,579.85
2013-07-15 19:00:00,429.25001
2013-07-15 20:00:00,238.875
2013-07-15 21:00:00,47.70000025
2013-07-15 22:00:00,0.0
2013-07-15 23:00:00,0.0
2013-07-16 00:00:00,0.0
2013-07-16 01:00:00,0.0
2013-07-16 02:00:00,0.0
2013-07-16 03:00:00,0.0
2013-07-16 04:00:00,0.0
2013-07-16 05:00:00,0.0
2013-07-16 06:00:00,0.0
2013-07-16 07:00:00,0.0
2013-07-16 08:00:00,0.0
2013-07-16 09:00:00,0.0
2013-07-16 10:00:00,0.0
2013-07-16 11:00:00,32.5250005
2013-07-16 12:00:00,219.0
2013-07-16 13:00:00,413.825
2013-07-16 14:00:00,570.72501
2013-07-16 15:00:00,671.8499999999999
2013-07-16 16:00:00,709.50001
2013-07-16 17:00:00,680.0
2013-07-16 18:00:00,584.675
2013-07-16 19:00:00,433.75
2013-07-16 20:00:00,241.675
2013-07-16 21:00:00,49.32500125
2013-07-16 22:00:00,0.0
2013-07-16 23:00:00,0.0
2013-07-17 00:00:00,0.0
2013-07-17 01:00:00,0.0
2013-07-17 02:00:00,0.0
2013-07-17 03:00:00,0.0
2013-07-17 04:00:00,0.0
2013-07-17 05:00:00,0.0
2013-07-17 06:00:00,0.0
2013-07-17 07:00:00,0.0
2013-07-17 08:00:00,0.0
2013-07-17 09:00:00,0.0
2013-07-17 10:00:00,0.0
2013-07-17 11:00:00,36.82500125
2013-07-17 12:00:00,232.3000025
2013-07-17 13:00:00,430.750005
2013-07-17 14:00:00,591.1
2013-07-17 15:00:00,696.05002
2013-07-17 16:00:00,737.575
2013-07-17 17:00:00,707.95002
2013-07-17 18:00:00,603.575
2013-07-17 19:00:00,447.325015
2013-07-17 20:00:00,251.1
2013-07-17 21:00:00,53.675
2013-07-17 22:00:00,0.0
2013-07-17 23:00:00,0.0
2013-07-18 00:00:00,0.0
2013-07-18 01:00:00,0.0
2013-07-18 02:00:00,0.0
2013-07-18 03:00:00,0.0
2013-07-18 04:00:00,0.0
2013-07-18 05:00:00,0.0
2013-07-18 06:00:00,0.0
2013-07-18 07:00:00,0.0
2013-07-18 08:00:00,0.0
2013-07-18 09:00:00,0.0
2013-07-18 10:00:00,0.0
2013-07-18 11:00:00,41.425
2013-07-18 12:00:00,235.8
2013-07-18 13:00:00,435.375
2013-07-18 14:00:00,593.45001
2013-07-18 15:00:00,694.37501
2013-07-18 16:00:00,731.7750100000001
2013-07-18 17:00:00,643.975
2013-07-18 18:00:00,562.50001
2013-07-18 19:00:00,441.325005
2013-07-18 20:00:00,245.050005
2013-07-18 21:00:00,32.85000025
2013-07-18 22:00:00,0.0
2013-07-18 23:00:00,0.0
2013-07-19 00:00:00,0.0
2013-07-19 01:00:00,0.0
2013-07-19 02:00:00,0.0
2013-07-19 03:00:00,0.0
2013-07-19 04:00:00,0.0
2013-07-19 05:00:00,0.0
2013-07-19 06:00:00,0.0
2013-07-19 07:00:00,0.0
2013-07-19 08:00:00,0.0
2013-07-19 09:00:00,0.0
2013-07-19 10:00:00,0.0
2013-07-19 11:00:00,38.025000000000006
2013-07-19 12:00:00,202.32500249999998
2013-07-19 13:00:00,411.725005
2013-07-19 14:00:00,577.4
2013-07-19 15:00:00,678.17501
2013-07-19 16:00:00,715.32501
2013-07-19 17:00:00,684.075
2013-07-19 18:00:00,579.85
2013-07-19 19:00:00,427.97501
2013-07-19 20:00:00,236.6250075
2013-07-19 21:00:00,49.125
2013-07-19 22:00:00,0.0
2013-07-19 23:00:00,0.0
2013-07-20 00:00:00,0.0
2013-07-20 01:00:00,0.0
2013-07-20 02:00:00,0.0
2013-07-20 03:00:00,0.0
2013-07-20 04:00:00,0.0
2013-07-20 05:00:00,0.0
2013-07-20 06:00:00,0.0
2013-07-20 07:00:00,0.0
2013-07-20 08:00:00,0.0
2013-07-20 09:00:00,0.0
2013-07-20 10:00:00,0.0
2013-07-20 11:00:00,34.87500025
2013-07-20 12:00:00,200.57500249999998
2013-07-20 13:00:00,378.75
2013-07-20 14:00:00,529.900015
2013-07-20 15:00:00,666.875
2013-07-20 16:00:00,665.2250200000001
2013-07-20 17:00:00,626.375
2013-07-20 18:00:00,539.025
2013-07-20 19:00:00,391.57500500000003
2013-07-20 20:00:00,218.02500250000003
2013-07-20 21:00:00,33.3
2013-07-20 22:00:00,0.0
2013-07-20 23:00:00,0.0
2013-07-21 00:00:00,0.0
2013-07-21 01:00:00,0.0
2013-07-21 02:00:00,0.0
2013-07-21 03:00:00,0.0
2013-07-21 04:00:00,0.0
2013-07-21 05:00:00,0.0
2013-07-21 06:00:00,0.0
2013-07-21 07:00:00,0.0
2013-07-21 08:00:00,0.0
2013-07-21 09:00:00,0.0
2013-07-21 10:00:00,0.0
2013-07-21 11:00:00,31.200001500000003
2013-07-21 12:00:00,144.3750025
2013-07-21 13:00:00,245.29999999999998
2013-07-21 14:00:00,332.82501
2013-07-21 15:00:00,388.725005
2013-07-21 16:00:00,368.100005
2013-07-21 17:00:00,310.625005
2013-07-21 18:00:00,253.1
2013-07-21 19:00:00,184.9000025
2013-07-21 20:00:00,89.87500125
2013-07-21 21:00:00,11.275
2013-07-21 22:00:00,0.0
2013-07-21 23:00:00,0.0
2013-07-22 00:00:00,0.0
2013-07-22 01:00:00,0.0
2013-07-22 02:00:00,0.0
2013-07-22 03:00:00,0.0
2013-07-22 04:00:00,0.0
2013-07-22 05:00:00,0.0
2013-07-22 06:00:00,0.0
2013-07-22 07:00:00,0.0
2013-07-22 08:00:00,0.0
2013-07-22 09:00:00,0.0
2013-07-22 10:00:00,0.0
2013-07-22 11:00:00,28.725
2013-07-22 12:00:00,126.57500250000001
2013-07-22 13:00:00,253.20000249999998
2013-07-22 14:00:00,375.52500499999996
2013-07-22 15:00:00,444.70000000000005
2013-07-22 16:00:00,558.87502
2013-07-22 17:00:00,653.05
2013-07-22 18:00:00,574.07501
2013-07-22 19:00:00,418.82500500000003
2013-07-22 20:00:00,224.950005
2013-07-22 21:00:00,50.199999999999996
2013-07-22 22:00:00,0.0
2013-07-22 23:00:00,0.0
2013-07-23 00:00:00,0.0
2013-07-23 01:00:00,0.0
2013-07-23 02:00:00,0.0
2013-07-23 03:00:00,0.0
2013-07-23 04:00:00,0.0
2013-07-23 05:00:00,0.0
2013-07-23 06:00:00,0.0
2013-07-23 07:00:00,0.0
2013-07-23 08:00:00,0.0
2013-07-23 09:00:00,0.0
2013-07-23 10:00:00,0.0
2013-07-23 11:00:00,39.75
2013-07-23 12:00:00,247.3000075
2013-07-23 13:00:00,450.675005
2013-07-23 14:00:00,613.025
2013-07-23 15:00:00,715.30001
2013-07-23 16:00:00,754.125
2013-07-23 17:00:00,723.17501
2013-07-23 18:00:00,622.57502
2013-07-23 19:00:00,465.775
2013-07-23 20:00:00,267.425005
2013-07-23 21:00:00,63.275
2013-07-23 22:00:00,0.0
2013-07-23 23:00:00,0.0
2013-07-24 00:00:00,0.0
2013-07-24 01:00:00,0.0
2013-07-24 02:00:00,0.0
2013-07-24 03:00:00,0.0
2013-07-24 04:00:00,0.0
2013-07-24 05:00:00,0.0
2013-07-24 06:00:00,0.0
2013-07-24 07:00:00,0.0
2013-07-24 08:00:00,0.0
2013-07-24 09:00:00,0.0
2013-07-24 10:00:00,0.0
2013-07-24 11:00:00,47.175
2013-07-24 12:00:00,235.5750075
2013-07-24 13:00:00,440.07500000000005
2013-07-24 14:00:00,604.7
2013-07-24 15:00:00,709.32501
2013-07-24 16:00:00,749.2
2013-07-24 17:00:00,718.625
2013-07-24 18:00:00,620.47501
2013-07-24 19:00:00,462.725
2013-07-24 20:00:00,262.275
2013-07-24 21:00:00,59.625
2013-07-24 22:00:00,0.0
2013-07-24 23:00:00,0.0
2013-07-25 00:00:00,0.0
2013-07-25 01:00:00,0.0
2013-07-25 02:00:00,0.0
2013-07-25 03:00:00,0.0
2013-07-25 04:00:00,0.0
2013-07-25 05:00:00,0.0
2013-07-25 06:00:00,0.0
2013-07-25 07:00:00,0.0
2013-07-25 08:00:00,0.0
2013-07-25 09:00:00,0.0
2013-07-25 10:00:00,0.0
2013-07-25 11:00:00,38.8750005
2013-07-25 12:00:00,233.27499999999998
2013-07-25 13:00:00,437.32501
2013-07-25 14:00:00,602.10002
2013-07-25 15:00:00,708.92501
2013-07-25 16:00:00,749.875
2013-07-25 17:00:00,719.075
2013-07-25 18:00:00,620.45001
2013-07-25 19:00:00,393.000005
2013-07-25 20:00:00,187.8750025
2013-07-25 21:00:00,40.1
2013-07-25 22:00:00,0.0
2013-07-25 23:00:00,0.0
2013-07-26 00:00:00,0.0
2013-07-26 01:00:00,0.0
2013-07-26 02:00:00,0.0
2013-07-26 03:00:00,0.0
2013-07-26 04:00:00,0.0
2013-07-26 05:00:00,0.0
2013-07-26 06:00:00,0.0
2013-07-26 07:00:00,0.0
2013-07-26 08:00:00,0.0
2013-07-26 09:00:00,0.0
2013-07-26 10:00:00,0.0
2013-07-26 11:00:00,44.275
2013-07-26 12:00:00,242.075005
2013-07-26 13:00:00,442.475
2013-07-26 14:00:00,603.2750100000001
2013-07-26 15:00:00,707.85001
2013-07-26 16:00:00,687.00001
2013-07-26 17:00:00,467.95
2013-07-26 18:00:00,567.07501
2013-07-26 19:00:00,464.22501
2013-07-26 20:00:00,269.45000000000005
2013-07-26 21:00:00,54.36666666666667
2013-07-26 22:00:00,0.0
2013-07-26 23:00:00,0.0
2013-07-27 00:00:00,0.0
2013-07-27 01:00:00,0.0
2013-07-27 02:00:00,0.0
2013-07-27 03:00:00,0.0
2013-07-27 04:00:00,0.0
2013-07-27 05:00:00,0.0
2013-07-27 06:00:00,0.0
2013-07-27 07:00:00,0.0
2013-07-27 08:00:00,0.0
2013-07-27 09:00:00,0.0
2013-07-27 10:00:00,0.0
2013-07-27 11:00:00,47.4750005
2013-07-27 12:00:00,239.825
2013-07-27 13:00:00,439.95000500000003
2013-07-27 14:00:00,595.32502
2013-07-27 15:00:00,694.20001
2013-07-27 16:00:00,701.3
2013-07-27 17:00:00,668.60002
2013-07-27 18:00:00,589.25
2013-07-27 19:00:00,435.325
2013-07-27 20:00:00,232.300005
2013-07-27 21:00:00,26.475
2013-07-27 22:00:00,0.0
2013-07-27 23:00:00,0.0
2013-07-28 00:00:00,0.0
2013-07-28 01:00:00,0.0
2013-07-28 02:00:00,0.0
2013-07-28 03:00:00,0.0
2013-07-28 04:00:00,0.0
2013-07-28 05:00:00,0.0
2013-07-28 06:00:00,0.0
2013-07-28 07:00:00,0.0
2013-07-28 08:00:00,0.0
2013-07-28 09:00:00,0.0
2013-07-28 10:00:00,0.0
2013-07-28 11:00:00,48.275
2013-07-28 12:00:00,250.85
2013-07-28 13:00:00,453.675005
2013-07-28 14:00:00,615.82503
2013-07-28 15:00:00,718.4749999999999
2013-07-28 16:00:00,757.475
2013-07-28 17:00:00,726.15003
2013-07-28 18:00:00,623.35
2013-07-28 19:00:00,466.65001500000005
2013-07-28 20:00:00,269.2000025
2013-07-28 21:00:00,54.60000125
2013-07-28 22:00:00,0.0
2013-07-28 23:00:00,0.0
2013-07-29 00:00:00,0.0
2013-07-29 01:00:00,0.0
2013-07-29 02:00:00,0.0
2013-07-29 03:00:00,0.0
2013-07-29 04:00:00,0.0
2013-07-29 05:00:00,0.0
2013-07-29 06:00:00,0.0
2013-07-29 07:00:00,0.0
2013-07-29 08:00:00,0.0
2013-07-29 09:00:00,0.0
2013-07-29 10:00:00,0.0
2013-07-29 11:00:00,50.3
2013-07-29 12:00:00,254.04999999999998
2013-07-29 13:00:00,432.9333466666667
2013-07-29 14:00:00,616.90001
2013-07-29 15:00:00,721.75
2013-07-29 16:00:00,760.7249999999999
2013-07-29 17:00:00,730.875
2013-07-29 18:00:00,634.9
2013-07-29 19:00:00,480.02500499999996
2013-07-29 20:00:00,282.7250025
2013-07-29 21:00:00,71.75
2013-07-29 22:00:00,0.0
2013-07-29 23:00:00,0.0
2013-07-30 00:00:00,0.0
2013-07-30 01:00:00,0.0
2013-07-30 02:00:00,0.0
2013-07-30 03:00:00,0.0
2013-07-30 04:00:00,0.0
2013-07-30 05:00:00,0.0
2013-07-30 06:00:00,0.0
2013-07-30 07:00:00,0.0
2013-07-30 08:00:00,0.0
2013-07-30 09:00:00,0.0
2013-07-30 10:00:00,0.0
2013-07-30 11:00:00,52.625
2013-07-30 12:00:00,258.7750025
2013-07-30 13:00:00,460.27502000000004
2013-07-30 14:00:00,622.6500100000001
2013-07-30 15:00:00,726.3
2013-07-30 16:00:00,767.20001
2013-07-30 17:00:00,737.6
2013-07-30 18:00:00,639.15001
2013-07-30 19:00:00,483.55001000000004
2013-07-30 20:00:00,285.6000075
2013-07-30 21:00:00,75.5250005
2013-07-30 22:00:00,0.0
2013-07-30 23:00:00,0.0
2013-07-31 00:00:00,0.0
2013-07-31 01:00:00,0.0
2013-07-31 02:00:00,0.0
2013-07-31 03:00:00,0.0
2013-07-31 04:00:00,0.0
2013-07-31 05:00:00,0.0
2013-07-31 06:00:00,0.0
2013-07-31 07:00:00,0.0
2013-07-31 08:00:00,0.0
2013-07-31 09:00:00,0.0
2013-07-31 10:00:00,0.0
2013-07-31 11:00:00,52.8
2013-07-31 12:00:00,232.1750025
2013-07-31 13:00:00,408.4
2013-07-31 14:00:00,539.7750100000001
2013-07-31 15:00:00,614.95
2013-07-31 16:00:00,647.65003
2013-07-31 17:00:00,694.15001
2013-07-31 18:00:00,566.25001
2013-07-31 19:00:00,459.000005
2013-07-31 20:00:00,261.2
2013-07-31 21:00:00,49.025
2013-07-31 22:00:00,0.0
2013-07-31 23:00:00,0.0
2013-08-01 00:00:00,0.0
2013-08-01 01:00:00,0.0
2013-08-01 02:00:00,0.0
2013-08-01 03:00:00,0.0
2013-08-01 04:00:00,0.0
2013-08-01 05:00:00,0.0
2013-08-01 06:00:00,0.0
2013-08-01 07:00:00,0.0
2013-08-01 08:00:00,0.0
2013-08-01 09:00:00,0.0
2013-08-01 10:00:00,0.0
2013-08-01 11:00:00,49.100001250000005
2013-08-01 12:00:00,245.425
2013-08-01 13:00:00,447.325005
2013-08-01 14:00:00,609.525
2013-08-01 15:00:00,711.85
2013-08-01 16:00:00,750.05
2013-08-01 17:00:00,718.625
2013-08-01 18:00:00,576.925
2013-08-01 19:00:00,430.77501
2013-08-01 20:00:00,257.000005
2013-08-01 21:00:00,60.050001325000004
2013-08-01 22:00:00,0.0
2013-08-01 23:00:00,0.0
2013-08-02 00:00:00,0.0
2013-08-02 01:00:00,0.0
2013-08-02 02:00:00,0.0
2013-08-02 03:00:00,0.0
2013-08-02 04:00:00,0.0
2013-08-02 05:00:00,0.0
2013-08-02 06:00:00,0.0
2013-08-02 07:00:00,0.0
2013-08-02 08:00:00,0.0
2013-08-02 09:00:00,0.0
2013-08-02 10:00:00,0.0
2013-08-02 11:00:00,50.725001250000005
2013-08-02 12:00:00,216.2000075
2013-08-02 13:00:00,381.05001000000004
2013-08-02 14:00:00,535.7
2013-08-02 15:00:00,714.62501
2013-08-02 16:00:00,772.62501
2013-08-02 17:00:00,741.625
2013-08-02 18:00:00,633.7750000000001
2013-08-02 19:00:00,474.2
2013-08-02 20:00:00,273.075
2013-08-02 21:00:00,66.5250005
2013-08-02 22:00:00,0.0
2013-08-02 23:00:00,0.0
2013-08-03 00:00:00,0.0
2013-08-03 01:00:00,0.0
2013-08-03 02:00:00,0.0
2013-08-03 03:00:00,0.0
2013-08-03 04:00:00,0.0
2013-08-03 05:00:00,0.0
2013-08-03 06:00:00,0.0
2013-08-03 07:00:00,0.0
2013-08-03 08:00:00,0.0
2013-08-03 09:00:00,0.0
2013-08-03 10:00:00,0.0
2013-08-03 11:00:00,57.5
2013-08-03 12:00:00,274.975005
2013-08-03 13:00:00,484.100005
2013-08-03 14:00:00,650.375
2013-08-03 15:00:00,754.675
2013-08-03 16:00:00,798.07501
2013-08-03 17:00:00,774.50001
2013-08-03 18:00:00,676.4750200000001
2013-08-03 19:00:00,447.875005
2013-08-03 20:00:00,259.000005
2013-08-03 21:00:00,85.90000025
2013-08-03 22:00:00,0.0
2013-08-03 23:00:00,0.0
2013-08-04 00:00:00,0.0
2013-08-04 01:00:00,0.0
2013-08-04 02:00:00,0.0
2013-08-04 03:00:00,0.0
2013-08-04 04:00:00,0.0
2013-08-04 05:00:00,0.0
2013-08-04 06:00:00,0.0
2013-08-04 07:00:00,0.0
2013-08-04 08:00:00,0.0
2013-08-04 09:00:00,0.0
2013-08-04 10:00:00,0.0
2013-08-04 11:00:00,63.0000005
2013-08-04 12:00:00,278.95000500000003
2013-08-04 13:00:00,485.75
2013-08-04 14:00:00,649.97501
2013-08-04 15:00:00,753.72501
2013-08-04 16:00:00,792.7750100000001
2013-08-04 17:00:00,759.9750200000001
2013-08-04 18:00:00,655.475
2013-08-04 19:00:00,496.20001
2013-08-04 20:00:00,294.95
2013-08-04 21:00:00,79.32500075
2013-08-04 22:00:00,0.0
2013-08-04 23:00:00,0.0
2013-08-05 00:00:00,0.0
2013-08-05 01:00:00,0.0
2013-08-05 02:00:00,0.0
2013-08-05 03:00:00,0.0
2013-08-05 04:00:00,0.0
2013-08-05 05:00:00,0.0
2013-08-05 06:00:00,0.0
2013-08-05 07:00:00,0.0
2013-08-05 08:00:00,0.0
2013-08-05 09:00:00,0.0
2013-08-05 10:00:00,0.0
2013-08-05 11:00:00,64.62500175
2013-08-05 12:00:00,283.0250075
2013-08-05 13:00:00,490.45
2013-08-05 14:00:00,656.77502
2013-08-05 15:00:00,764.65001
2013-08-05 16:00:00,805.62501
2013-08-05 17:00:00,773.9
2013-08-05 18:00:00,668.55001
2013-08-05 19:00:00,507.17499999999995
2013-08-05 20:00:00,303.20000749999997
2013-08-05 21:00:00,82.85000275
2013-08-05 22:00:00,0.0
2013-08-05 23:00:00,0.0
2013-08-06 00:00:00,0.0
2013-08-06 01:00:00,0.0
2013-08-06 02:00:00,0.0
2013-08-06 03:00:00,0.0
2013-08-06 04:00:00,0.0
2013-08-06 05:00:00,0.0
2013-08-06 06:00:00,0.0
2013-08-06 07:00:00,0.0
2013-08-06 08:00:00,0.0
2013-08-06 09:00:00,0.0
2013-08-06 10:00:00,0.0
2013-08-06 11:00:00,57.525000000000006
2013-08-06 12:00:00,265.85000249999996
2013-08-06 13:00:00,470.350005
2013-08-06 14:00:00,639.1333466666666
2013-08-06 15:00:00,740.35001
2013-08-06 16:00:00,782.925
2013-08-06 17:00:00,752.75001
2013-08-06 18:00:00,649.60001
2013-08-06 19:00:00,489.45001
2013-08-06 20:00:00,287.275005
2013-08-06 21:00:00,74.2750015
2013-08-06 22:00:00,0.0
2013-08-06 23:00:00,0.0
2013-08-07 00:00:00,0.0
2013-08-07 01:00:00,0.0
2013-08-07 02:00:00,0.0
2013-08-07 03:00:00,0.0
2013-08-07 04:00:00,0.0
2013-08-07 05:00:00,0.0
2013-08-07 06:00:00,0.0
2013-08-07 07:00:00,0.0
2013-08-07 08:00:00,0.0
2013-08-07 09:00:00,0.0
2013-08-07 10:00:00,0.0
2013-08-07 11:00:00,71.925000025
2013-08-07 12:00:00,298.92501500000003
2013-08-07 13:00:00,513.125005
2013-08-07 14:00:00,682.675
2013-08-07 15:00:00,787.475
2013-08-07 16:00:00,823.9000100000001
2013-08-07 17:00:00,789.42501
2013-08-07 18:00:00,683.37501
2013-08-07 19:00:00,521.25
2013-08-07 20:00:00,313.075
2013-08-07 21:00:00,89.65000025
2013-08-07 22:00:00,0.0
2013-08-07 23:00:00,0.0
2013-08-08 00:00:00,0.0
2013-08-08 01:00:00,0.0
2013-08-08 02:00:00,0.0
2013-08-08 03:00:00,0.0
2013-08-08 04:00:00,0.0
2013-08-08 05:00:00,0.0
2013-08-08 06:00:00,0.0
2013-08-08 07:00:00,0.0
2013-08-08 08:00:00,0.0
2013-08-08 09:00:00,0.0
2013-08-08 10:00:00,0.0
2013-08-08 11:00:00,67.475
2013-08-08 12:00:00,283.675005
2013-08-08 13:00:00,493.30001000000004
2013-08-08 14:00:00,658.675
2013-08-08 15:00:00,761.05
2013-08-08 16:00:00,797.70002
2013-08-08 17:00:00,764.275
2013-08-08 18:00:00,658.10001
2013-08-08 19:00:00,497.575
2013-08-08 20:00:00,293.675005
2013-08-08 21:00:00,80.20000125
2013-08-08 22:00:00,0.0
2013-08-08 23:00:00,0.0
2013-08-09 00:00:00,0.0
2013-08-09 01:00:00,0.0
2013-08-09 02:00:00,0.0
2013-08-09 03:00:00,0.0
2013-08-09 04:00:00,0.0
2013-08-09 05:00:00,0.0
2013-08-09 06:00:00,0.0
2013-08-09 07:00:00,0.0
2013-08-09 08:00:00,0.0
2013-08-09 09:00:00,0.0
2013-08-09 10:00:00,0.0
2013-08-09 11:00:00,44.900000000000006
2013-08-09 12:00:00,149.72500000000002
2013-08-09 13:00:00,224.8000025
2013-08-09 14:00:00,262.5000025
2013-08-09 15:00:00,246.1
2013-08-09 16:00:00,337.575
2013-08-09 17:00:00,280.175005
2013-08-09 18:00:00,316.20001
2013-08-09 19:00:00,293.600005
2013-08-09 20:00:00,241.2750025
2013-08-09 21:00:00,67.35
2013-08-09 22:00:00,0.0
2013-08-09 23:00:00,0.0
2013-08-10 00:00:00,0.0
2013-08-10 01:00:00,0.0
2013-08-10 02:00:00,0.0
2013-08-10 03:00:00,0.0
2013-08-10 04:00:00,0.0
2013-08-10 05:00:00,0.0
2013-08-10 06:00:00,0.0
2013-08-10 07:00:00,0.0
2013-08-10 08:00:00,0.0
2013-08-10 09:00:00,0.0
2013-08-10 10:00:00,0.0
2013-08-10 11:00:00,73.07500007499999
2013-08-10 12:00:00,297.45000500000003
2013-08-10 13:00:00,508.00001
2013-08-10 14:00:00,674.7750100000001
2013-08-10 15:00:00,781.05
2013-08-10 16:00:00,820.95001
2013-08-10 17:00:00,789.075
2013-08-10 18:00:00,685.92501
2013-08-10 19:00:00,523.35001
2013-08-10 20:00:00,315.75
2013-08-10 21:00:00,92.72500000000001
2013-08-10 22:00:00,0.0
2013-08-10 23:00:00,0.0
2013-08-11 00:00:00,0.0
2013-08-11 01:00:00,0.0
2013-08-11 02:00:00,0.0
2013-08-11 03:00:00,0.0
2013-08-11 04:00:00,0.0
2013-08-11 05:00:00,0.0
2013-08-11 06:00:00,0.0
2013-08-11 07:00:00,0.0
2013-08-11 08:00:00,0.0
2013-08-11 09:00:00,0.0
2013-08-11 10:00:00,0.0
2013-08-11 11:00:00,75.725
2013-08-11 12:00:00,307.7750125
2013-08-11 13:00:00,520.725
2013-08-11 14:00:00,689.95001
2013-08-11 15:00:00,799.10001
2013-08-11 16:00:00,840.075
2013-08-11 17:00:00,807.45
2013-08-11 18:00:00,701.1500100000001
2013-08-11 19:00:00,534.5
2013-08-11 20:00:00,323.5000125
2013-08-11 21:00:00,77.975
2013-08-11 22:00:00,0.0
2013-08-11 23:00:00,0.0
2013-08-12 00:00:00,0.0
2013-08-12 01:00:00,0.0
2013-08-12 02:00:00,0.0
2013-08-12 03:00:00,0.0
2013-08-12 04:00:00,0.0
2013-08-12 05:00:00,0.0
2013-08-12 06:00:00,0.0
2013-08-12 07:00:00,0.0
2013-08-12 08:00:00,0.0
2013-08-12 09:00:00,0.0
2013-08-12 10:00:00,0.0
2013-08-12 11:00:00,81.3250005
2013-08-12 12:00:00,304.125005
2013-08-12 13:00:00,516.525005
2013-08-12 14:00:00,684.82501
2013-08-12 15:00:00,790.62501
2013-08-12 16:00:00,828.45001
2013-08-12 17:00:00,792.05002
2013-08-12 18:00:00,675.62501
2013-08-12 19:00:00,511.35
2013-08-12 20:00:00,304.175
2013-08-12 21:00:00,86.725
2013-08-12 22:00:00,0.0
2013-08-12 23:00:00,0.0
2013-08-13 00:00:00,0.0
2013-08-13 01:00:00,0.0
2013-08-13 02:00:00,0.0
2013-08-13 03:00:00,0.0
2013-08-13 04:00:00,0.0
2013-08-13 05:00:00,0.0
2013-08-13 06:00:00,0.0
2013-08-13 07:00:00,0.0
2013-08-13 08:00:00,0.0
2013-08-13 09:00:00,0.0
2013-08-13 10:00:00,0.0
2013-08-13 11:00:00,77.875
2013-08-13 12:00:00,252.55
2013-08-13 13:00:00,394.375
2013-08-13 14:00:00,374.95000000000005
2013-08-13 15:00:00,389.65001
2013-08-13 16:00:00,396.275
2013-08-13 17:00:00,552.35
2013-08-13 18:00:00,638.37502
2013-08-13 19:00:00,476.500015
2013-08-13 20:00:00,273.925
2013-08-13 21:00:00,76.675
2013-08-13 22:00:00,0.0
2013-08-13 23:00:00,0.0
2013-08-14 00:00:00,0.0
2013-08-14 01:00:00,0.0
2013-08-14 02:00:00,0.0
2013-08-14 03:00:00,0.0
2013-08-14 04:00:00,0.0
2013-08-14 05:00:00,0.0
2013-08-14 06:00:00,0.0
2013-08-14 07:00:00,0.0
2013-08-14 08:00:00,0.0
2013-08-14 09:00:00,0.0
2013-08-14 10:00:00,0.0
2013-08-14 11:00:00,73.70000375000001
2013-08-14 12:00:00,275.7
2013-08-14 13:00:00,484.500005
2013-08-14 14:00:00,651.5
2013-08-14 15:00:00,755.4
2013-08-14 16:00:00,793.97501
2013-08-14 17:00:00,760.4
2013-08-14 18:00:00,657.5500099999999
2013-08-14 19:00:00,494.4
2013-08-14 20:00:00,288.400005
2013-08-14 21:00:00,80.750003
2013-08-14 22:00:00,0.0
2013-08-14 23:00:00,0.0
2013-08-15 00:00:00,0.0
2013-08-15 01:00:00,0.0
2013-08-15 02:00:00,0.0
2013-08-15 03:00:00,0.0
2013-08-15 04:00:00,0.0
2013-08-15 05:00:00,0.0
2013-08-15 06:00:00,0.0
2013-08-15 07:00:00,0.0
2013-08-15 08:00:00,0.0
2013-08-15 09:00:00,0.0
2013-08-15 10:00:00,0.0
2013-08-15 11:00:00,71.325
2013-08-15 12:00:00,313.775
2013-08-15 13:00:00,526.4000100000001
2013-08-15 14:00:00,694.82502
2013-08-15 15:00:00,803.925
2013-08-15 16:00:00,843.525
2013-08-15 17:00:00,810.70001
2013-08-15 18:00:00,706.02503
2013-08-15 19:00:00,539.9000100000001
2013-08-15 20:00:00,328.2
2013-08-15 21:00:00,99.875
2013-08-15 22:00:00,0.0
2013-08-15 23:00:00,0.0
2013-08-16 00:00:00,0.0
2013-08-16 01:00:00,0.0
2013-08-16 02:00:00,0.0
2013-08-16 03:00:00,0.0
2013-08-16 04:00:00,0.0
2013-08-16 05:00:00,0.0
2013-08-16 06:00:00,0.0
2013-08-16 07:00:00,0.0
2013-08-16 08:00:00,0.0
2013-08-16 09:00:00,0.0
2013-08-16 10:00:00,0.0
2013-08-16 11:00:00,61.0
2013-08-16 12:00:00,298.35
2013-08-16 13:00:00,509.825
2013-08-16 14:00:00,676.7750100000001
2013-08-16 15:00:00,769.37501
2013-08-16 16:00:00,807.42501
2013-08-16 17:00:00,774.05003
2013-08-16 18:00:00,633.6
2013-08-16 19:00:00,470.625
2013-08-16 20:00:00,266.95
2013-08-16 21:00:00,58.675002500000005
2013-08-16 22:00:00,0.0
2013-08-16 23:00:00,0.0
2013-08-17 00:00:00,0.0
2013-08-17 01:00:00,0.0
2013-08-17 02:00:00,0.0
2013-08-17 03:00:00,0.0
2013-08-17 04:00:00,0.0
2013-08-17 05:00:00,0.0
2013-08-17 06:00:00,0.0
2013-08-17 07:00:00,0.0
2013-08-17 08:00:00,0.0
2013-08-17 09:00:00,0.0
2013-08-17 10:00:00,0.0
2013-08-17 11:00:00,61.925
2013-08-17 12:00:00,294.3250025
2013-08-17 13:00:00,505.37501
2013-08-17 14:00:00,673.5250100000001
2013-08-17 15:00:00,788.3
2013-08-17 16:00:00,826.725
2013-08-17 17:00:00,792.67502
2013-08-17 18:00:00,694.57501
2013-08-17 19:00:00,529.500005
2013-08-17 20:00:00,319.125
2013-08-17 21:00:00,98.85
2013-08-17 22:00:00,0.0
2013-08-17 23:00:00,0.0
2013-08-18 00:00:00,0.0
2013-08-18 01:00:00,0.0
2013-08-18 02:00:00,0.0
2013-08-18 03:00:00,0.0
2013-08-18 04:00:00,0.0
2013-08-18 05:00:00,0.0
2013-08-18 06:00:00,0.0
2013-08-18 07:00:00,0.0
2013-08-18 08:00:00,
2013-08-18 09:00:00,
2013-08-18 10:00:00,
2013-08-18 11:00:00,120.10000000000001
2013-08-18 12:00:00,319.175
2013-08-18 13:00:00,532.6
2013-08-18 14:00:00,701.4250099999999
2013-08-18 15:00:00,807.4
2013-08-18 16:00:00,846.55001
2013-08-18 17:00:00,813.07501
2013-08-18 18:00:00,702.05
2013-08-18 19:00:00,535.0250149999999
2013-08-18 20:00:00,321.875
2013-08-18 21:00:00,91.9750025
2013-08-18 22:00:00,0.0
2013-08-18 23:00:00,0.0
2013-08-19 00:00:00,0.0
2013-08-19 01:00:00,0.0
2013-08-19 02:00:00,0.0
2013-08-19 03:00:00,0.0
2013-08-19 04:00:00,0.0
2013-08-19 05:00:00,0.0
2013-08-19 06:00:00,0.0
2013-08-19 07:00:00,0.0
2013-08-19 08:00:00,0.0
2013-08-19 09:00:00,0.0
2013-08-19 10:00:00,0.0
2013-08-19 11:00:00,95.2
2013-08-19 12:00:00,327.3500025
2013-08-19 13:00:00,542.2750100000001
2013-08-19 14:00:00,711.87501
2013-08-19 15:00:00,817.47501
2013-08-19 16:00:00,856.3000099999999
2013-08-19 17:00:00,820.40001
2013-08-19 18:00:00,707.15
2013-08-19 19:00:00,537.32501
2013-08-19 20:00:00,324.0
2013-08-19 21:00:00,97.075
2013-08-19 22:00:00,0.0
2013-08-19 23:00:00,0.0
2013-08-20 00:00:00,0.0
2013-08-20 01:00:00,0.0
2013-08-20 02:00:00,0.0
2013-08-20 03:00:00,0.0
2013-08-20 04:00:00,0.0
2013-08-20 05:00:00,0.0
2013-08-20 06:00:00,0.0
2013-08-20 07:00:00,0.0
2013-08-20 08:00:00,0.0
2013-08-20 09:00:00,0.0
2013-08-20 10:00:00,0.0
2013-08-20 11:00:00,95.0500025
2013-08-20 12:00:00,321.8
2013-08-20 13:00:00,532.57501
2013-08-20 14:00:00,699.62501
2013-08-20 15:00:00,809.6000200000001
2013-08-20 16:00:00,847.45002
2013-08-20 17:00:00,811.87502
2013-08-20 18:00:00,700.62501
2013-08-20 19:00:00,533.925
2013-08-20 20:00:00,324.77501
2013-08-20 21:00:00,99.42500125000001
2013-08-20 22:00:00,0.0
2013-08-20 23:00:00,0.0
2013-08-21 00:00:00,0.0
2013-08-21 01:00:00,0.0
2013-08-21 02:00:00,0.0
2013-08-21 03:00:00,0.0
2013-08-21 04:00:00,0.0
2013-08-21 05:00:00,0.0
2013-08-21 06:00:00,0.0
2013-08-21 07:00:00,0.0
2013-08-21 08:00:00,0.0
2013-08-21 09:00:00,0.0
2013-08-21 10:00:00,0.0
2013-08-21 11:00:00,100.82500025
2013-08-21 12:00:00,324.9000075
2013-08-21 13:00:00,538.35
2013-08-21 14:00:00,708.42502
2013-08-21 15:00:00,811.775
2013-08-21 16:00:00,848.85001
2013-08-21 17:00:00,810.02503
2013-08-21 18:00:00,683.45
2013-08-21 19:00:00,514.52502
2013-08-21 20:00:00,304.775
2013-08-21 21:00:00,87.325
2013-08-21 22:00:00,0.0
2013-08-21 23:00:00,0.0
2013-08-22 00:00:00,0.0
2013-08-22 01:00:00,0.0
2013-08-22 02:00:00,0.0
2013-08-22 03:00:00,0.0
2013-08-22 04:00:00,0.0
2013-08-22 05:00:00,0.0
2013-08-22 06:00:00,0.0
2013-08-22 07:00:00,0.0
2013-08-22 08:00:00,0.0
2013-08-22 09:00:00,0.0
2013-08-22 10:00:00,0.0
2013-08-22 11:00:00,104.30000125000001
2013-08-22 12:00:00,325.025005
2013-08-22 13:00:00,537.125
2013-08-22 14:00:00,705.20002
2013-08-22 15:00:00,803.4
2013-08-22 16:00:00,839.47502
2013-08-22 17:00:00,800.65
2013-08-22 18:00:00,675.575
2013-08-22 19:00:00,475.60001
2013-08-22 20:00:00,208.325005
2013-08-22 21:00:00,41.90000175
2013-08-22 22:00:00,0.0
2013-08-22 23:00:00,0.0
2013-08-23 00:00:00,0.0
2013-08-23 01:00:00,0.0
2013-08-23 02:00:00,0.0
2013-08-23 03:00:00,0.0
2013-08-23 04:00:00,0.0
2013-08-23 05:00:00,0.0
2013-08-23 06:00:00,0.0
2013-08-23 07:00:00,0.0
2013-08-23 08:00:00,0.0
2013-08-23 09:00:00,0.0
2013-08-23 10:00:00,0.0
2013-08-23 11:00:00,74.85000125
2013-08-23 12:00:00,213.37501250000003
2013-08-23 13:00:00,361.6
2013-08-23 14:00:00,562.20002
2013-08-23 15:00:00,782.25001
2013-08-23 16:00:00,818.85
2013-08-23 17:00:00,767.6999999999999
2013-08-23 18:00:00,517.62501
2013-08-23 19:00:00,352.775005
2013-08-23 20:00:00,168.4000025
2013-08-23 21:00:00,38.0750015
2013-08-23 22:00:00,0.075
2013-08-23 23:00:00,0.0
2013-08-24 00:00:00,0.0
2013-08-24 01:00:00,0.0
2013-08-24 02:00:00,0.0
2013-08-24 03:00:00,0.0
2013-08-24 04:00:00,0.0
2013-08-24 05:00:00,0.0
2013-08-24 06:00:00,0.0
2013-08-24 07:00:00,0.0
2013-08-24 08:00:00,0.0
2013-08-24 09:00:00,0.0
2013-08-24 10:00:00,0.15
2013-08-24 11:00:00,105.15
2013-08-24 12:00:00,318.35000249999996
2013-08-24 13:00:00,528.325
2013-08-24 14:00:00,694.475
2013-08-24 15:00:00,808.025
2013-08-24 16:00:00,844.07502
2013-08-24 17:00:00,530.0500099999999
2013-08-24 18:00:00,346.8
2013-08-24 19:00:00,294.5500075
2013-08-24 20:00:00,171.925
2013-08-24 21:00:00,57.27500125
2013-08-24 22:00:00,0.2
2013-08-24 23:00:00,0.0
2013-08-25 00:00:00,0.0
2013-08-25 01:00:00,0.0
2013-08-25 02:00:00,0.0
2013-08-25 03:00:00,0.0
2013-08-25 04:00:00,0.0
2013-08-25 05:00:00,0.0
2013-08-25 06:00:00,0.0
2013-08-25 07:00:00,0.0
2013-08-25 08:00:00,0.0
2013-08-25 09:00:00,0.0
2013-08-25 10:00:00,0.475
2013-08-25 11:00:00,106.97500125
2013-08-25 12:00:00,331.925005
2013-08-25 13:00:00,451.875
2013-08-25 14:00:00,443.850005
2013-08-25 15:00:00,398.80001000000004
2013-08-25 16:00:00,357.825
2013-08-25 17:00:00,373.725005
2013-08-25 18:00:00,267.875005
2013-08-25 19:00:00,254.05
2013-08-25 20:00:00,141.1000025
2013-08-25 21:00:00,50.699999999999996
2013-08-25 22:00:00,0.275
2013-08-25 23:00:00,0.0
2013-08-26 00:00:00,0.0
2013-08-26 01:00:00,0.0
2013-08-26 02:00:00,0.0
2013-08-26 03:00:00,0.0
2013-08-26 04:00:00,0.0
2013-08-26 05:00:00,0.0
2013-08-26 06:00:00,0.0
2013-08-26 07:00:00,0.0
2013-08-26 08:00:00,0.0
2013-08-26 09:00:00,0.0
2013-08-26 10:00:00,0.825
2013-08-26 11:00:00,110.80000174999999
2013-08-26 12:00:00,353.725005
2013-08-26 13:00:00,568.275
2013-08-26 14:00:00,736.8249999999999
2013-08-26 15:00:00,841.5250100000001
2013-08-26 16:00:00,877.85002
2013-08-26 17:00:00,839.9000100000001
2013-08-26 18:00:00,723.45003
2013-08-26 19:00:00,553.47501
2013-08-26 20:00:00,338.725
2013-08-26 21:00:00,109.5750005
2013-08-26 22:00:00,0.525000025
2013-08-26 23:00:00,0.0
2013-08-27 00:00:00,0.0
2013-08-27 01:00:00,0.0
2013-08-27 02:00:00,0.0
2013-08-27 03:00:00,0.0
2013-08-27 04:00:00,0.0
2013-08-27 05:00:00,0.0
2013-08-27 06:00:00,0.0
2013-08-27 07:00:00,0.0
2013-08-27 08:00:00,0.0
2013-08-27 09:00:00,0.0
2013-08-27 10:00:00,1.525
2013-08-27 11:00:00,126.4500005
2013-08-27 12:00:00,366.600005
2013-08-27 13:00:00,583.850005
2013-08-27 14:00:00,753.175
2013-08-27 15:00:00,859.97501
2013-08-27 16:00:00,896.5
2013-08-27 17:00:00,858.70001
2013-08-27 18:00:00,745.9000100000001
2013-08-27 19:00:00,574.475015
2013-08-27 20:00:00,357.27501
2013-08-27 21:00:00,120.8
2013-08-27 22:00:00,0.8
2013-08-27 23:00:00,0.0
2013-08-28 00:00:00,0.0
2013-08-28 01:00:00,0.0
2013-08-28 02:00:00,0.0
2013-08-28 03:00:00,0.0
2013-08-28 04:00:00,0.0
2013-08-28 05:00:00,0.0
2013-08-28 06:00:00,0.0
2013-08-28 07:00:00,0.0
2013-08-28 08:00:00,0.0
2013-08-28 09:00:00,0.0
2013-08-28 10:00:00,1.975
2013-08-28 11:00:00,130.1500025
2013-08-28 12:00:00,352.40001
2013-08-28 13:00:00,569.15
2013-08-28 14:00:00,739.42501
2013-08-28 15:00:00,849.35002
2013-08-28 16:00:00,885.7249999999999
2013-08-28 17:00:00,846.975
2013-08-28 18:00:00,736.3499999999999
2013-08-28 19:00:00,563.7750100000001
2013-08-28 20:00:00,300.59999999999997
2013-08-28 21:00:00,91.85000375
2013-08-28 22:00:00,0.0
2013-08-28 23:00:00,0.0
2013-08-29 00:00:00,0.0
2013-08-29 01:00:00,0.0
2013-08-29 02:00:00,0.0
2013-08-29 03:00:00,0.0
2013-08-29 04:00:00,0.0
2013-08-29 05:00:00,0.0
2013-08-29 06:00:00,0.0
2013-08-29 07:00:00,0.0
2013-08-29 08:00:00,0.0
2013-08-29 09:00:00,0.0
2013-08-29 10:00:00,1.475
2013-08-29 11:00:00,125.45
2013-08-29 12:00:00,340.125005
2013-08-29 13:00:00,563.375
2013-08-29 14:00:00,667.45001
2013-08-29 15:00:00,839.65
2013-08-29 16:00:00,789.475
2013-08-29 17:00:00,600.57502
2013-08-29 18:00:00,518.5
2013-08-29 19:00:00,523.05001
2013-08-29 20:00:00,315.15
2013-08-29 21:00:00,79.95
2013-08-29 22:00:00,0.0
2013-08-29 23:00:00,0.0
2013-08-30 00:00:00,0.0
2013-08-30 01:00:00,0.0
2013-08-30 02:00:00,0.0
2013-08-30 03:00:00,0.0
2013-08-30 04:00:00,0.0
2013-08-30 05:00:00,0.0
2013-08-30 06:00:00,0.0
2013-08-30 07:00:00,0.0
2013-08-30 08:00:00,0.0
2013-08-30 09:00:00,0.0
2013-08-30 10:00:00,0.0
2013-08-30 11:00:00,115.1
2013-08-30 12:00:00,368.85
2013-08-30 13:00:00,584.60001
2013-08-30 14:00:00,753.0250100000001
2013-08-30 15:00:00,849.05
2013-08-30 16:00:00,793.2750100000001
2013-08-30 17:00:00,782.0
2013-08-30 18:00:00,702.37501
2013-08-30 19:00:00,523.15
2013-08-30 20:00:00,290.975005
2013-08-30 21:00:00,78.22500125
2013-08-30 22:00:00,0.85
2013-08-30 23:00:00,0.0
2013-08-31 00:00:00,0.0
2013-08-31 01:00:00,0.0
2013-08-31 02:00:00,0.0
2013-08-31 03:00:00,0.0
2013-08-31 04:00:00,0.0
2013-08-31 05:00:00,0.0
2013-08-31 06:00:00,0.0
2013-08-31 07:00:00,0.0
2013-08-31 08:00:00,0.0
2013-08-31 09:00:00,0.0
2013-08-31 10:00:00,0.575
2013-08-31 11:00:00,136.7500025
2013-08-31 12:00:00,354.525
2013-08-31 13:00:00,603.000005
2013-08-31 14:00:00,783.62501
2013-08-31 15:00:00,891.45
2013-08-31 16:00:00,920.55
2013-08-31 17:00:00,853.12501
2013-08-31 18:00:00,758.75
2013-08-31 19:00:00,556.700005
2013-08-31 20:00:00,354.80001
2013-08-31 21:00:00,114.0250025
2013-08-31 22:00:00,0.0
2013-08-31 23:00:00,0.0
2013-09-01 00:00:00,0.0
2013-09-01 01:00:00,0.0
2013-09-01 02:00:00,0.0
2013-09-01 03:00:00,0.0
2013-09-01 04:00:00,0.0
2013-09-01 05:00:00,0.0
2013-09-01 06:00:00,0.0
2013-09-01 07:00:00,0.0
2013-09-01 08:00:00,0.0
2013-09-01 09:00:00,0.0
2013-09-01 10:00:00,3.625
2013-09-01 11:00:00,134.425
2013-09-01 12:00:00,357.100005
2013-09-01 13:00:00,576.37501
2013-09-01 14:00:00,750.1750099999999
2013-09-01 15:00:00,861.70001
2013-09-01 16:00:00,899.3000099999999
2013-09-01 17:00:00,858.7
2013-09-01 18:00:00,731.67502
2013-09-01 19:00:00,552.125
2013-09-01 20:00:00,329.725
2013-09-01 21:00:00,85.925
2013-09-01 22:00:00,0.2
2013-09-01 23:00:00,0.0
2013-09-02 00:00:00,0.0
2013-09-02 01:00:00,0.0
2013-09-02 02:00:00,0.0
2013-09-02 03:00:00,0.0
2013-09-02 04:00:00,0.0
2013-09-02 05:00:00,0.0
2013-09-02 06:00:00,0.0
2013-09-02 07:00:00,0.0
2013-09-02 08:00:00,0.0
2013-09-02 09:00:00,0.0
2013-09-02 10:00:00,4.15
2013-09-02 11:00:00,138.5500005
2013-09-02 12:00:00,387.05001000000004
2013-09-02 13:00:00,607.8
2013-09-02 14:00:00,780.57501
2013-09-02 15:00:00,888.80002
2013-09-02 16:00:00,922.775
2013-09-02 17:00:00,879.00001
2013-09-02 18:00:00,756.3
2013-09-02 19:00:00,577.60001
2013-09-02 20:00:00,355.52500499999996
2013-09-02 21:00:00,114.2250025
2013-09-02 22:00:00,1.550000075
2013-09-02 23:00:00,0.0
2013-09-03 00:00:00,0.0
2013-09-03 01:00:00,0.0
2013-09-03 02:00:00,0.0
2013-09-03 03:00:00,0.0
2013-09-03 04:00:00,0.0
2013-09-03 05:00:00,0.0
2013-09-03 06:00:00,0.0
2013-09-03 07:00:00,0.0
2013-09-03 08:00:00,0.0
2013-09-03 09:00:00,0.0
2013-09-03 10:00:00,3.85000025
2013-09-03 11:00:00,81.3250025
2013-09-03 12:00:00,222.825005
2013-09-03 13:00:00,357.75001
2013-09-03 14:00:00,572.85001
2013-09-03 15:00:00,735.10001
2013-09-03 16:00:00,722.1000200000001
2013-09-03 17:00:00,748.05002
2013-09-03 18:00:00,664.9000100000001
2013-09-03 19:00:00,428.95
2013-09-03 20:00:00,243.525
2013-09-03 21:00:00,42.550000000000004
2013-09-03 22:00:00,1.15
2013-09-03 23:00:00,0.0
2013-09-04 00:00:00,0.0
2013-09-04 01:00:00,0.0
2013-09-04 02:00:00,0.0
2013-09-04 03:00:00,0.0
2013-09-04 04:00:00,0.0
2013-09-04 05:00:00,0.0
2013-09-04 06:00:00,0.0
2013-09-04 07:00:00,0.0
2013-09-04 08:00:00,0.0
2013-09-04 09:00:00,0.0
2013-09-04 10:00:00,4.20000025
2013-09-04 11:00:00,115.55
2013-09-04 12:00:00,376.4
2013-09-04 13:00:00,593.8
2013-09-04 14:00:00,769.05002
2013-09-04 15:00:00,882.15002
2013-09-04 16:00:00,916.125
2013-09-04 17:00:00,873.775
2013-09-04 18:00:00,756.87501
2013-09-04 19:00:00,581.2249999999999
2013-09-04 20:00:00,329.5250025
2013-09-04 21:00:00,93.675002525
2013-09-04 22:00:00,0.0
2013-09-04 23:00:00,0.0
2013-09-05 00:00:00,0.0
2013-09-05 01:00:00,0.0
2013-09-05 02:00:00,0.0
2013-09-05 03:00:00,0.0
2013-09-05 04:00:00,0.0
2013-09-05 05:00:00,0.0
2013-09-05 06:00:00,0.0
2013-09-05 07:00:00,0.0
2013-09-05 08:00:00,0.0
2013-09-05 09:00:00,0.0
2013-09-05 10:00:00,8.0
2013-09-05 11:00:00,175.425005
2013-09-05 12:00:00,387.550005
2013-09-05 13:00:00,566.300015
2013-09-05 14:00:00,783.1000399999999
2013-09-05 15:00:00,914.325
2013-09-05 16:00:00,930.75
2013-09-05 17:00:00,810.4
2013-09-05 18:00:00,576.17501
2013-09-05 19:00:00,358.7
2013-09-05 20:00:00,268.475005
2013-09-05 21:00:00,68.15000125
2013-09-05 22:00:00,0.0
2013-09-05 23:00:00,0.0
2013-09-06 00:00:00,0.0
2013-09-06 01:00:00,0.0
2013-09-06 02:00:00,0.0
2013-09-06 03:00:00,0.0
2013-09-06 04:00:00,0.0
2013-09-06 05:00:00,0.0
2013-09-06 06:00:00,0.0
2013-09-06 07:00:00,0.0
2013-09-06 08:00:00,0.0
2013-09-06 09:00:00,0.0
2013-09-06 10:00:00,6.875
2013-09-06 11:00:00,157.20000375
2013-09-06 12:00:00,416.62501
2013-09-06 13:00:00,632.42501
2013-09-06 14:00:00,800.425
2013-09-06 15:00:00,903.975
2013-09-06 16:00:00,935.025
2013-09-06 17:00:00,886.9000100000001
2013-09-06 18:00:00,772.575
2013-09-06 19:00:00,597.5500099999999
2013-09-06 20:00:00,259.45000500000003
2013-09-06 21:00:00,130.54999999999998
2013-09-06 22:00:00,2.97500025
2013-09-06 23:00:00,0.0
2013-09-07 00:00:00,0.0
2013-09-07 01:00:00,0.0
2013-09-07 02:00:00,0.0
2013-09-07 03:00:00,0.0
2013-09-07 04:00:00,0.0
2013-09-07 05:00:00,0.0
2013-09-07 06:00:00,0.0
2013-09-07 07:00:00,0.0
2013-09-07 08:00:00,0.0
2013-09-07 09:00:00,0.0
2013-09-07 10:00:00,11.933333333333332
2013-09-07 11:00:00,184.46667333333335
2013-09-07 12:00:00,413.0
2013-09-07 13:00:00,571.9666666666667
2013-09-07 14:00:00,707.7666800000001
2013-09-07 15:00:00,846.7333466666668
2013-09-07 16:00:00,823.96668
2013-09-07 17:00:00,686.56668
2013-09-07 18:00:00,416.50000666666665
2013-09-07 19:00:00,370.73333333333335
2013-09-07 20:00:00,320.00000666666665
2013-09-07 21:00:00,115.76667066666668
2013-09-07 22:00:00,1.6
2013-09-07 23:00:00,0.0
2013-09-08 00:00:00,0.0
2013-09-08 01:00:00,0.0
2013-09-08 02:00:00,0.0
2013-09-08 03:00:00,0.0
2013-09-08 04:00:00,0.0
2013-09-08 05:00:00,0.0
2013-09-08 06:00:00,0.0
2013-09-08 07:00:00,0.0
2013-09-08 08:00:00,0.0
2013-09-08 09:00:00,0.0
2013-09-08 10:00:00,8.575000500000002
2013-09-08 11:00:00,164.275
2013-09-08 12:00:00,406.025005
2013-09-08 13:00:00,617.5
2013-09-08 14:00:00,781.07502
2013-09-08 15:00:00,886.00001
2013-09-08 16:00:00,917.40002
2013-09-08 17:00:00,875.75
2013-09-08 18:00:00,762.37502
2013-09-08 19:00:00,589.2
2013-09-08 20:00:00,372.65
2013-09-08 21:00:00,136.150005
2013-09-08 22:00:00,3.15
2013-09-08 23:00:00,0.0
2013-09-09 00:00:00,0.0
2013-09-09 01:00:00,0.0
2013-09-09 02:00:00,0.0
2013-09-09 03:00:00,0.0
2013-09-09 04:00:00,0.0
2013-09-09 05:00:00,0.0
2013-09-09 06:00:00,0.0
2013-09-09 07:00:00,0.0
2013-09-09 08:00:00,0.0
2013-09-09 09:00:00,0.0
2013-09-09 10:00:00,11.775
2013-09-09 11:00:00,185.45000625
2013-09-09 12:00:00,404.750005
2013-09-09 13:00:00,621.0
2013-09-09 14:00:00,789.50001
2013-09-09 15:00:00,902.42501
2013-09-09 16:00:00,934.62501
2013-09-09 17:00:00,891.55
2013-09-09 18:00:00,779.12502
2013-09-09 19:00:00,602.325
2013-09-09 20:00:00,380.225005
2013-09-09 21:00:00,132.100005
2013-09-09 22:00:00,3.025
2013-09-09 23:00:00,0.0
2013-09-10 00:00:00,0.0
2013-09-10 01:00:00,0.0
2013-09-10 02:00:00,0.0
2013-09-10 03:00:00,0.0
2013-09-10 04:00:00,0.0
2013-09-10 05:00:00,0.0
2013-09-10 06:00:00,0.0
2013-09-10 07:00:00,0.0
2013-09-10 08:00:00,0.0
2013-09-10 09:00:00,0.0
2013-09-10 10:00:00,11.674999999999999
2013-09-10 11:00:00,181.27500125
2013-09-10 12:00:00,412.975005
2013-09-10 13:00:00,632.92501
2013-09-10 14:00:00,803.95
2013-09-10 15:00:00,912.775
2013-09-10 16:00:00,944.9000100000001
2013-09-10 17:00:00,899.57501
2013-09-10 18:00:00,770.95
2013-09-10 19:00:00,590.2750149999999
2013-09-10 20:00:00,365.20001
2013-09-10 21:00:00,116.02500125
2013-09-10 22:00:00,2.575
2013-09-10 23:00:00,0.0
2013-09-11 00:00:00,0.0
2013-09-11 01:00:00,0.0
2013-09-11 02:00:00,0.0
2013-09-11 03:00:00,0.0
2013-09-11 04:00:00,0.0
2013-09-11 05:00:00,0.0
2013-09-11 06:00:00,0.0
2013-09-11 07:00:00,0.0
2013-09-11 08:00:00,0.0
2013-09-11 09:00:00,0.0
2013-09-11 10:00:00,9.95
2013-09-11 11:00:00,162.3
2013-09-11 12:00:00,409.750015
2013-09-11 13:00:00,628.92502
2013-09-11 14:00:00,797.95
2013-09-11 15:00:00,891.47502
2013-09-11 16:00:00,919.275
2013-09-11 17:00:00,870.62502
2013-09-11 18:00:00,721.225
2013-09-11 19:00:00,541.35
2013-09-11 20:00:00,287.8250025
2013-09-11 21:00:00,63.125001
2013-09-11 22:00:00,2.025
2013-09-11 23:00:00,0.0
2013-09-12 00:00:00,0.0
2013-09-12 01:00:00,0.0
2013-09-12 02:00:00,0.0
2013-09-12 03:00:00,0.0
2013-09-12 04:00:00,0.0
2013-09-12 05:00:00,0.0
2013-09-12 06:00:00,0.0
2013-09-12 07:00:00,0.0
2013-09-12 08:00:00,0.0
2013-09-12 09:00:00,0.0
2013-09-12 10:00:00,9.35
2013-09-12 11:00:00,149.1
2013-09-12 12:00:00,406.075005
2013-09-12 13:00:00,625.1000200000001
2013-09-12 14:00:00,795.5
2013-09-12 15:00:00,906.65
2013-09-12 16:00:00,934.7
2013-09-12 17:00:00,882.95
2013-09-12 18:00:00,741.425
2013-09-12 19:00:00,559.57501
2013-09-12 20:00:00,295.425005
2013-09-12 21:00:00,51.050000499999996
2013-09-12 22:00:00,2.325
2013-09-12 23:00:00,0.0
2013-09-13 00:00:00,0.0
2013-09-13 01:00:00,0.0
2013-09-13 02:00:00,0.0
2013-09-13 03:00:00,0.0
2013-09-13 04:00:00,0.0
2013-09-13 05:00:00,0.0
2013-09-13 06:00:00,0.0
2013-09-13 07:00:00,0.0
2013-09-13 08:00:00,0.0
2013-09-13 09:00:00,0.0
2013-09-13 10:00:00,10.1000005
2013-09-13 11:00:00,117.82500375000001
2013-09-13 12:00:00,233.90000250000003
2013-09-13 13:00:00,359.65
2013-09-13 14:00:00,451.800005
2013-09-13 15:00:00,474.575005
2013-09-13 16:00:00,443.47501
2013-09-13 17:00:00,419.150005
2013-09-13 18:00:00,326.475
2013-09-13 19:00:00,223.89999999999998
2013-09-13 20:00:00,87.125003
2013-09-13 21:00:00,9.37500025
2013-09-13 22:00:00,2.175
2013-09-13 23:00:00,0.0
2013-09-14 00:00:00,0.0
2013-09-14 01:00:00,0.0
2013-09-14 02:00:00,0.0
2013-09-14 03:00:00,0.0
2013-09-14 04:00:00,0.0
2013-09-14 05:00:00,0.0
2013-09-14 06:00:00,0.0
2013-09-14 07:00:00,0.0
2013-09-14 08:00:00,0.0
2013-09-14 09:00:00,0.0
2013-09-14 10:00:00,15.575000500000002
2013-09-14 11:00:00,146.05
2013-09-14 12:00:00,355.15001
2013-09-14 13:00:00,548.05
2013-09-14 14:00:00,794.55
2013-09-14 15:00:00,897.6500100000001
2013-09-14 16:00:00,926.4750200000001
2013-09-14 17:00:00,880.00002
2013-09-14 18:00:00,754.25003
2013-09-14 19:00:00,562.000005
2013-09-14 20:00:00,299.875
2013-09-14 21:00:00,55.75
2013-09-14 22:00:00,3.35000025
2013-09-14 23:00:00,0.0
2013-09-15 00:00:00,0.0
2013-09-15 01:00:00,0.0
2013-09-15 02:00:00,0.0
2013-09-15 03:00:00,0.0
2013-09-15 04:00:00,0.0
2013-09-15 05:00:00,0.0
2013-09-15 06:00:00,0.0
2013-09-15 07:00:00,0.0
2013-09-15 08:00:00,0.0
2013-09-15 09:00:00,0.0
2013-09-15 10:00:00,19.6
2013-09-15 11:00:00,175.3000025
2013-09-15 12:00:00,388.02500499999996
2013-09-15 13:00:00,639.3000099999999
2013-09-15 14:00:00,808.275
2013-09-15 15:00:00,912.0999999999999
2013-09-15 16:00:00,939.5
2013-09-15 17:00:00,892.1
2013-09-15 18:00:00,521.25
2013-09-15 19:00:00,372.1
2013-09-15 20:00:00,287.750005
2013-09-15 21:00:00,60.3750015
2013-09-15 22:00:00,0.0
2013-09-15 23:00:00,0.0
2013-09-16 00:00:00,0.0
2013-09-16 01:00:00,0.0
2013-09-16 02:00:00,0.0
2013-09-16 03:00:00,0.0
2013-09-16 04:00:00,0.0
2013-09-16 05:00:00,0.0
2013-09-16 06:00:00,0.0
2013-09-16 07:00:00,0.0
2013-09-16 08:00:00,0.0
2013-09-16 09:00:00,0.0
2013-09-16 10:00:00,20.05
2013-09-16 11:00:00,155.9250025
2013-09-16 12:00:00,346.7
2013-09-16 13:00:00,509.45000500000003
2013-09-16 14:00:00,681.425
2013-09-16 15:00:00,705.45001
2013-09-16 16:00:00,710.35
2013-09-16 17:00:00,691.25002
2013-09-16 18:00:00,540.95001
2013-09-16 19:00:00,360.45
2013-09-16 20:00:00,135.82500125
2013-09-16 21:00:00,14.450000500000002
2013-09-16 22:00:00,0.0
2013-09-16 23:00:00,0.0
2013-09-17 00:00:00,0.0
2013-09-17 01:00:00,0.0
2013-09-17 02:00:00,0.0
2013-09-17 03:00:00,0.0
2013-09-17 04:00:00,0.0
2013-09-17 05:00:00,0.0
2013-09-17 06:00:00,0.0
2013-09-17 07:00:00,0.0
2013-09-17 08:00:00,0.0
2013-09-17 09:00:00,0.0
2013-09-17 10:00:00,21.475
2013-09-17 11:00:00,167.8
2013-09-17 12:00:00,337.05001
2013-09-17 13:00:00,499.02500499999996
2013-09-17 14:00:00,678.3000099999999
2013-09-17 15:00:00,776.75
2013-09-17 16:00:00,784.20002
2013-09-17 17:00:00,606.62502
2013-09-17 18:00:00,394.07500500000003
2013-09-17 19:00:00,191.3000025
2013-09-17 20:00:00,122.12500250000001
2013-09-17 21:00:00,11.100000025
2013-09-17 22:00:00,0.0
2013-09-17 23:00:00,0.0
2013-09-18 00:00:00,0.0
2013-09-18 01:00:00,0.0
2013-09-18 02:00:00,0.0
2013-09-18 03:00:00,0.0
2013-09-18 04:00:00,0.0
2013-09-18 05:00:00,0.0
2013-09-18 06:00:00,0.0
2013-09-18 07:00:00,0.0
2013-09-18 08:00:00,0.0
2013-09-18 09:00:00,0.0
2013-09-18 10:00:00,23.05000125
2013-09-18 11:00:00,190.90000500000002
2013-09-18 12:00:00,410.15
2013-09-18 13:00:00,663.925
2013-09-18 14:00:00,837.1
2013-09-18 15:00:00,931.62501
2013-09-18 16:00:00,955.42502
2013-09-18 17:00:00,903.80001
2013-09-18 18:00:00,772.12501
2013-09-18 19:00:00,589.1500100000001
2013-09-18 20:00:00,363.47499999999997
2013-09-18 21:00:00,127.67500125000001
2013-09-18 22:00:00,4.0
2013-09-18 23:00:00,0.0
2013-09-19 00:00:00,0.0
2013-09-19 01:00:00,0.0
2013-09-19 02:00:00,0.0
2013-09-19 03:00:00,0.0
2013-09-19 04:00:00,0.0
2013-09-19 05:00:00,0.0
2013-09-19 06:00:00,0.0
2013-09-19 07:00:00,0.0
2013-09-19 08:00:00,0.0
2013-09-19 09:00:00,0.0
2013-09-19 10:00:00,26.0
2013-09-19 11:00:00,217.4
2013-09-19 12:00:00,488.175005
2013-09-19 13:00:00,707.4749999999999
2013-09-19 14:00:00,874.67503
2013-09-19 15:00:00,971.57501
2013-09-19 16:00:00,994.67501
2013-09-19 17:00:00,944.6
2013-09-19 18:00:00,819.82501
2013-09-19 19:00:00,637.85001
2013-09-19 20:00:00,410.500005
2013-09-19 21:00:00,149.0
2013-09-19 22:00:00,0.0
2013-09-19 23:00:00,0.0
2013-09-20 00:00:00,0.0
2013-09-20 01:00:00,0.0
2013-09-20 02:00:00,0.0
2013-09-20 03:00:00,0.0
2013-09-20 04:00:00,0.0
2013-09-20 05:00:00,0.0
2013-09-20 06:00:00,0.0
2013-09-20 07:00:00,0.0
2013-09-20 08:00:00,0.0
2013-09-20 09:00:00,0.0
2013-09-20 10:00:00,31.225001250000002
2013-09-20 11:00:00,228.0
2013-09-20 12:00:00,500.75001
2013-09-20 13:00:00,720.45002
2013-09-20 14:00:00,886.8
2013-09-20 15:00:00,982.70002
2013-09-20 16:00:00,1009.475
2013-09-20 17:00:00,959.325
2013-09-20 18:00:00,824.80001
2013-09-20 19:00:00,638.6
2013-09-20 20:00:00,406.625
2013-09-20 21:00:00,141.67500625
2013-09-20 22:00:00,0.0
2013-09-20 23:00:00,0.0
2013-09-21 00:00:00,0.0
2013-09-21 01:00:00,0.0
2013-09-21 02:00:00,0.0
2013-09-21 03:00:00,0.0
2013-09-21 04:00:00,0.0
2013-09-21 05:00:00,0.0
2013-09-21 06:00:00,0.0
2013-09-21 07:00:00,0.0
2013-09-21 08:00:00,0.0
2013-09-21 09:00:00,0.0
2013-09-21 10:00:00,30.849999999999998
2013-09-21 11:00:00,239.40000250000003
2013-09-21 12:00:00,499.85
2013-09-21 13:00:00,717.975
2013-09-21 14:00:00,883.57501
2013-09-21 15:00:00,981.32501
2013-09-21 16:00:00,1007.85001
2013-09-21 17:00:00,929.5500099999999
2013-09-21 18:00:00,733.00001
2013-09-21 19:00:00,438.95000500000003
2013-09-21 20:00:00,247.925
2013-09-21 21:00:00,74.17500125
2013-09-21 22:00:00,0.0
2013-09-21 23:00:00,0.0
2013-09-22 00:00:00,0.0
2013-09-22 01:00:00,0.0
2013-09-22 02:00:00,0.0
2013-09-22 03:00:00,0.0
2013-09-22 04:00:00,0.0
2013-09-22 05:00:00,0.0
2013-09-22 06:00:00,0.0
2013-09-22 07:00:00,0.0
2013-09-22 08:00:00,0.0
2013-09-22 09:00:00,0.0
2013-09-22 10:00:00,34.250000025000006
2013-09-22 11:00:00,210.9000025
2013-09-22 12:00:00,449.04999999999995
2013-09-22 13:00:00,689.475
2013-09-22 14:00:00,855.72504
2013-09-22 15:00:00,942.4
2013-09-22 16:00:00,964.575
2013-09-22 17:00:00,913.0250100000001
2013-09-22 18:00:00,782.3000099999999
2013-09-22 19:00:00,593.125
2013-09-22 20:00:00,297.600005
2013-09-22 21:00:00,77.850000075
2013-09-22 22:00:00,0.0
2013-09-22 23:00:00,0.0
2013-09-23 00:00:00,0.0
2013-09-23 01:00:00,0.0
2013-09-23 02:00:00,0.0
2013-09-23 03:00:00,0.0
2013-09-23 04:00:00,0.0
2013-09-23 05:00:00,0.0
2013-09-23 06:00:00,0.0
2013-09-23 07:00:00,0.0
2013-09-23 08:00:00,0.0
2013-09-23 09:00:00,0.0
2013-09-23 10:00:00,23.974999999999998
2013-09-23 11:00:00,152.10000374999998
2013-09-23 12:00:00,298.16667333333334
2013-09-23 13:00:00,423.125
2013-09-23 14:00:00,513.850005
2013-09-23 15:00:00,523.225005
2013-09-23 16:00:00,528.90002
2013-09-23 17:00:00,464.32500500000003
2013-09-23 18:00:00,471.32500500000003
2013-09-23 19:00:00,400.900005
2013-09-23 20:00:00,158.9500025
2013-09-23 21:00:00,9.300000525000002
2013-09-23 22:00:00,0.0
2013-09-23 23:00:00,0.0
2013-09-24 00:00:00,0.0
2013-09-24 01:00:00,0.0
2013-09-24 02:00:00,0.0
2013-09-24 03:00:00,0.0
2013-09-24 04:00:00,0.0
2013-09-24 05:00:00,0.0
2013-09-24 06:00:00,0.0
2013-09-24 07:00:00,0.0
2013-09-24 08:00:00,0.0
2013-09-24 09:00:00,0.0
2013-09-24 10:00:00,39.474999999999994
2013-09-24 11:00:00,254.325005
2013-09-24 12:00:00,508.60002000000003
2013-09-24 13:00:00,727.15
2013-09-24 14:00:00,893.60002
2013-09-24 15:00:00,987.85001
2013-09-24 16:00:00,1011.82501
2013-09-24 17:00:00,958.1500100000001
2013-09-24 18:00:00,821.3500200000001
2013-09-24 19:00:00,635.07501
2013-09-24 20:00:00,404.225
2013-09-24 21:00:00,157.47500125
2013-09-24 22:00:00,6.57500025
2013-09-24 23:00:00,0.0
2013-09-25 00:00:00,0.0
2013-09-25 01:00:00,0.0
2013-09-25 02:00:00,0.0
2013-09-25 03:00:00,0.0
2013-09-25 04:00:00,0.0
2013-09-25 05:00:00,0.0
2013-09-25 06:00:00,0.0
2013-09-25 07:00:00,0.0
2013-09-25 08:00:00,0.0
2013-09-25 09:00:00,0.0
2013-09-25 10:00:00,42.82500175
2013-09-25 11:00:00,262.6
2013-09-25 12:00:00,525.5
2013-09-25 13:00:00,744.7
2013-09-25 14:00:00,910.475
2013-09-25 15:00:00,1007.1
2013-09-25 16:00:00,1028.275
2013-09-25 17:00:00,971.50001
2013-09-25 18:00:00,846.1666666666666
2013-09-25 19:00:00,653.17501
2013-09-25 20:00:00,423.475005
2013-09-25 21:00:00,169.95
2013-09-25 22:00:00,7.875
2013-09-25 23:00:00,0.0
2013-09-26 00:00:00,0.0
2013-09-26 01:00:00,0.0
2013-09-26 02:00:00,0.0
2013-09-26 03:00:00,0.0
2013-09-26 04:00:00,0.0
2013-09-26 05:00:00,0.0
2013-09-26 06:00:00,0.0
2013-09-26 07:00:00,0.0
2013-09-26 08:00:00,0.0
2013-09-26 09:00:00,0.0
2013-09-26 10:00:00,46.30000025
2013-09-26 11:00:00,269.675
2013-09-26 12:00:00,521.80001
2013-09-26 13:00:00,739.625
2013-09-26 14:00:00,897.6000133333333
2013-09-26 15:00:00,993.82501
2013-09-26 16:00:00,1014.525
2013-09-26 17:00:00,961.85
2013-09-26 18:00:00,829.25001
2013-09-26 19:00:00,642.6500100000001
2013-09-26 20:00:00,412.725
2013-09-26 21:00:00,138.82500025
2013-09-26 22:00:00,0.0
2013-09-26 23:00:00,0.0
2013-09-27 00:00:00,0.0
2013-09-27 01:00:00,0.0
2013-09-27 02:00:00,0.0
2013-09-27 03:00:00,0.0
2013-09-27 04:00:00,0.0
2013-09-27 05:00:00,0.0
2013-09-27 06:00:00,0.0
2013-09-27 07:00:00,0.0
2013-09-27 08:00:00,0.0
2013-09-27 09:00:00,0.0
2013-09-27 10:00:00,42.9
2013-09-27 11:00:00,257.0
2013-09-27 12:00:00,503.85
2013-09-27 13:00:00,716.9749999999999
2013-09-27 14:00:00,878.62502
2013-09-27 15:00:00,975.02502
2013-09-27 16:00:00,880.37502
2013-09-27 17:00:00,543.850015
2013-09-27 18:00:00,364.375
2013-09-27 19:00:00,403.575
2013-09-27 20:00:00,366.900005
2013-09-27 21:00:00,165.7000075
2013-09-27 22:00:00,8.1
2013-09-27 23:00:00,0.0
2013-09-28 00:00:00,0.0
2013-09-28 01:00:00,0.0
2013-09-28 02:00:00,0.0
2013-09-28 03:00:00,0.0
2013-09-28 04:00:00,0.0
2013-09-28 05:00:00,0.0
2013-09-28 06:00:00,0.0
2013-09-28 07:00:00,0.0
2013-09-28 08:00:00,0.0
2013-09-28 09:00:00,0.0
2013-09-28 10:00:00,49.575
2013-09-28 11:00:00,277.75
2013-09-28 12:00:00,523.10001
2013-09-28 13:00:00,741.52502
2013-09-28 14:00:00,906.10001
2013-09-28 15:00:00,991.4
2013-09-28 16:00:00,1008.3499999999999
2013-09-28 17:00:00,949.875
2013-09-28 18:00:00,806.9666666666667
2013-09-28 19:00:00,628.57503
2013-09-28 20:00:00,398.675005
2013-09-28 21:00:00,129.275
2013-09-28 22:00:00,7.05
2013-09-28 23:00:00,0.0
2013-09-29 00:00:00,0.0
2013-09-29 01:00:00,0.0
2013-09-29 02:00:00,0.0
2013-09-29 03:00:00,0.0
2013-09-29 04:00:00,0.0
2013-09-29 05:00:00,0.0
2013-09-29 06:00:00,0.0
2013-09-29 07:00:00,0.0
2013-09-29 08:00:00,0.0
2013-09-29 09:00:00,0.0
2013-09-29 10:00:00,36.325
2013-09-29 11:00:00,189.775005
2013-09-29 12:00:00,442.32501
2013-09-29 13:00:00,719.22501
2013-09-29 14:00:00,897.0
2013-09-29 15:00:00,980.15002
2013-09-29 16:00:00,997.35
2013-09-29 17:00:00,941.20001
2013-09-29 18:00:00,805.72501
2013-09-29 19:00:00,620.72501
2013-09-29 20:00:00,391.95000500000003
2013-09-29 21:00:00,141.22500125
2013-09-29 22:00:00,6.400000250000001
2013-09-29 23:00:00,0.0
2013-09-30 00:00:00,0.0
2013-09-30 01:00:00,0.0
2013-09-30 02:00:00,0.0
2013-09-30 03:00:00,0.0
2013-09-30 04:00:00,0.0
2013-09-30 05:00:00,0.0
2013-09-30 06:00:00,0.0
2013-09-30 07:00:00,0.0
2013-09-30 08:00:00,0.0
2013-09-30 09:00:00,0.0
2013-09-30 10:00:00,48.55
2013-09-30 11:00:00,267.95
2013-09-30 12:00:00,546.425
2013-09-30 13:00:00,762.7750100000001
2013-09-30 14:00:00,926.875
2013-09-30 15:00:00,1022.07501
2013-09-30 16:00:00,1041.9499999999998
2013-09-30 17:00:00,987.80001
2013-09-30 18:00:00,860.92501
2013-09-30 19:00:00,674.22501
2013-09-30 20:00:00,442.875015
2013-09-30 21:00:00,187.325
2013-09-30 22:00:00,10.575000500000002
2013-09-30 23:00:00,0.0
2013-10-01 00:00:00,0.0
2013-10-01 01:00:00,0.0
2013-10-01 02:00:00,0.0
2013-10-01 03:00:00,0.0
2013-10-01 04:00:00,0.0
2013-10-01 05:00:00,0.0
2013-10-01 06:00:00,0.0
2013-10-01 07:00:00,0.0
2013-10-01 08:00:00,0.0
2013-10-01 09:00:00,0.0
2013-10-01 10:00:00,60.6250015
2013-10-01 11:00:00,296.85
2013-10-01 12:00:00,545.95002
2013-10-01 13:00:00,764.2750100000001
2013-10-01 14:00:00,927.85001
2013-10-01 15:00:00,1014.800025
2013-10-01 16:00:00,1034.700025
2013-10-01 17:00:00,978.70002
2013-10-01 18:00:00,841.25001
2013-10-01 19:00:00,654.05
2013-10-01 20:00:00,420.575
2013-10-01 21:00:00,168.77499999999998
2013-10-01 22:00:00,8.7
2013-10-01 23:00:00,0.0
2013-10-02 00:00:00,0.0
2013-10-02 01:00:00,0.0
2013-10-02 02:00:00,0.0
2013-10-02 03:00:00,0.0
2013-10-02 04:00:00,0.0
2013-10-02 05:00:00,0.0
2013-10-02 06:00:00,0.0
2013-10-02 07:00:00,0.0
2013-10-02 08:00:00,0.0
2013-10-02 09:00:00,0.0
2013-10-02 10:00:00,61.075001500000006
2013-10-02 11:00:00,296.8
2013-10-02 12:00:00,550.450015
2013-10-02 13:00:00,769.50001
2013-10-02 14:00:00,934.0500099999999
2013-10-02 15:00:00,1027.075035
2013-10-02 16:00:00,1044.125
2013-10-02 17:00:00,985.50002
2013-10-02 18:00:00,850.1500100000001
2013-10-02 19:00:00,660.75
2013-10-02 20:00:00,423.825
2013-10-02 21:00:00,153.1000025
2013-10-02 22:00:00,9.924999999999999
2013-10-02 23:00:00,0.0
2013-10-03 00:00:00,0.0
2013-10-03 01:00:00,0.0
2013-10-03 02:00:00,0.0
2013-10-03 03:00:00,0.0
2013-10-03 04:00:00,0.0
2013-10-03 05:00:00,0.0
2013-10-03 06:00:00,0.0
2013-10-03 07:00:00,0.0
2013-10-03 08:00:00,0.0
2013-10-03 09:00:00,0.0
2013-10-03 10:00:00,64.875
2013-10-03 11:00:00,306.125005
2013-10-03 12:00:00,547.75001
2013-10-03 13:00:00,770.325
2013-10-03 14:00:00,936.125
2013-10-03 15:00:00,1034.925025
2013-10-03 16:00:00,1056.525
2013-10-03 17:00:00,998.30001
2013-10-03 18:00:00,857.57501
2013-10-03 19:00:00,660.7750100000001
2013-10-03 20:00:00,407.15001500000005
2013-10-03 21:00:00,128.6750025
2013-10-03 22:00:00,0.650000025
2013-10-03 23:00:00,0.0
2013-10-04 00:00:00,0.0
2013-10-04 01:00:00,0.0
2013-10-04 02:00:00,0.0
2013-10-04 03:00:00,0.0
2013-10-04 04:00:00,0.0
2013-10-04 05:00:00,0.0
2013-10-04 06:00:00,0.0
2013-10-04 07:00:00,0.0
2013-10-04 08:00:00,0.0
2013-10-04 09:00:00,0.0
2013-10-04 10:00:00,59.349999999999994
2013-10-04 11:00:00,267.775005
2013-10-04 12:00:00,424.82500000000005
2013-10-04 13:00:00,534.225005
2013-10-04 14:00:00,712.45
2013-10-04 15:00:00,918.5250100000001
2013-10-04 16:00:00,977.075
2013-10-04 17:00:00,960.225
2013-10-04 18:00:00,810.30002
2013-10-04 19:00:00,460.275
2013-10-04 20:00:00,202.225
2013-10-04 21:00:00,70.65000125
2013-10-04 22:00:00,0.6
2013-10-04 23:00:00,0.0
2013-10-05 00:00:00,0.0
2013-10-05 01:00:00,0.0
2013-10-05 02:00:00,0.0
2013-10-05 03:00:00,0.0
2013-10-05 04:00:00,0.0
2013-10-05 05:00:00,0.0
2013-10-05 06:00:00,0.0
2013-10-05 07:00:00,0.0
2013-10-05 08:00:00,0.0
2013-10-05 09:00:00,0.0
2013-10-05 10:00:00,56.875
2013-10-05 11:00:00,278.8
2013-10-05 12:00:00,555.75
2013-10-05 13:00:00,771.40002
2013-10-05 14:00:00,934.375
2013-10-05 15:00:00,1029.525025
2013-10-05 16:00:00,1047.250025
2013-10-05 17:00:00,988.07502
2013-10-05 18:00:00,853.8000099999999
2013-10-05 19:00:00,664.175
2013-10-05 20:00:00,431.075
2013-10-05 21:00:00,175.800005
2013-10-05 22:00:00,10.899999999999999
2013-10-05 23:00:00,0.0
2013-10-06 00:00:00,0.0
2013-10-06 01:00:00,0.0
2013-10-06 02:00:00,0.0
2013-10-06 03:00:00,0.0
2013-10-06 04:00:00,0.0
2013-10-06 05:00:00,0.0
2013-10-06 06:00:00,0.0
2013-10-06 07:00:00,0.0
2013-10-06 08:00:00,0.0
2013-10-06 09:00:00,0.0
2013-10-06 10:00:00,64.0000005
2013-10-06 11:00:00,248.825005
2013-10-06 12:00:00,483.15001
2013-10-06 13:00:00,751.42501
2013-10-06 14:00:00,920.9749999999999
2013-10-06 15:00:00,1007.550025
2013-10-06 16:00:00,1026.025
2013-10-06 17:00:00,916.5500099999999
2013-10-06 18:00:00,600.00001
2013-10-06 19:00:00,374.45
2013-10-06 20:00:00,176.45000125
2013-10-06 21:00:00,55.5750005
2013-10-06 22:00:00,0.0
2013-10-06 23:00:00,0.0
2013-10-07 00:00:00,0.0
2013-10-07 01:00:00,0.0
2013-10-07 02:00:00,0.0
2013-10-07 03:00:00,0.0
2013-10-07 04:00:00,0.0
2013-10-07 05:00:00,0.0
2013-10-07 06:00:00,0.0
2013-10-07 07:00:00,0.0
2013-10-07 08:00:00,0.0
2013-10-07 09:00:00,0.0
2013-10-07 10:00:00,58.875001250000004
2013-10-07 11:00:00,278.2500025
2013-10-07 12:00:00,503.875005
2013-10-07 13:00:00,719.6500100000001
2013-10-07 14:00:00,883.25001
2013-10-07 15:00:00,971.9
2013-10-07 16:00:00,992.05
2013-10-07 17:00:00,934.1
2013-10-07 18:00:00,767.12501
2013-10-07 19:00:00,576.875025
2013-10-07 20:00:00,324.975
2013-10-07 21:00:00,81.8500025
2013-10-07 22:00:00,6.75000025
2013-10-07 23:00:00,0.0
2013-10-08 00:00:00,0.0
2013-10-08 01:00:00,0.0
2013-10-08 02:00:00,0.0
2013-10-08 03:00:00,0.0
2013-10-08 04:00:00,0.0
2013-10-08 05:00:00,0.0
2013-10-08 06:00:00,0.0
2013-10-08 07:00:00,0.0
2013-10-08 08:00:00,0.0
2013-10-08 09:00:00,0.0
2013-10-08 10:00:00,49.77500125
2013-10-08 11:00:00,246.6
2013-10-08 12:00:00,522.35001
2013-10-08 13:00:00,737.32501
2013-10-08 14:00:00,899.1
2013-10-08 15:00:00,1008.42502
2013-10-08 16:00:00,1028.625025
2013-10-08 17:00:00,971.30001
2013-10-08 18:00:00,828.8
2013-10-08 19:00:00,636.85
2013-10-08 20:00:00,393.525
2013-10-08 21:00:00,114.32500300000001
2013-10-08 22:00:00,8.025
2013-10-08 23:00:00,0.0
2013-10-09 00:00:00,0.0
2013-10-09 01:00:00,0.0
2013-10-09 02:00:00,0.0
2013-10-09 03:00:00,0.0
2013-10-09 04:00:00,0.0
2013-10-09 05:00:00,0.0
2013-10-09 06:00:00,0.0
2013-10-09 07:00:00,0.0
2013-10-09 08:00:00,0.0
2013-10-09 09:00:00,0.0
2013-10-09 10:00:00,62.90000125
2013-10-09 11:00:00,284.125
2013-10-09 12:00:00,559.375
2013-10-09 13:00:00,777.92502
2013-10-09 14:00:00,942.35001
2013-10-09 15:00:00,1040.7
2013-10-09 16:00:00,1059.425
2013-10-09 17:00:00,919.12503
2013-10-09 18:00:00,664.7
2013-10-09 19:00:00,481.900005
2013-10-09 20:00:00,216.625
2013-10-09 21:00:00,7.20000025
2013-10-09 22:00:00,0.0
2013-10-09 23:00:00,0.0
2013-10-10 00:00:00,0.0
2013-10-10 01:00:00,0.0
2013-10-10 02:00:00,0.0
2013-10-10 03:00:00,0.0
2013-10-10 04:00:00,0.0
2013-10-10 05:00:00,0.0
2013-10-10 06:00:00,0.0
2013-10-10 07:00:00,0.0
2013-10-10 08:00:00,0.0
2013-10-10 09:00:00,0.0
2013-10-10 10:00:00,65.30000000000001
2013-10-10 11:00:00,284.825
2013-10-10 12:00:00,500.625
2013-10-10 13:00:00,712.20001
2013-10-10 14:00:00,872.00002
2013-10-10 15:00:00,952.4750200000001
2013-10-10 16:00:00,968.70002
2013-10-10 17:00:00,898.85
2013-10-10 18:00:00,647.05
2013-10-10 19:00:00,379.85001
2013-10-10 20:00:00,150.00000375
2013-10-10 21:00:00,33.725
2013-10-10 22:00:00,0.0
2013-10-10 23:00:00,0.0
2013-10-11 00:00:00,0.0
2013-10-11 01:00:00,0.0
2013-10-11 02:00:00,0.0
2013-10-11 03:00:00,0.0
2013-10-11 04:00:00,0.0
2013-10-11 05:00:00,0.0
2013-10-11 06:00:00,0.0
2013-10-11 07:00:00,0.0
2013-10-11 08:00:00,0.0
2013-10-11 09:00:00,0.0
2013-10-11 10:00:00,70.4000025
2013-10-11 11:00:00,253.7750025
2013-10-11 12:00:00,472.75
2013-10-11 13:00:00,640.075
2013-10-11 14:00:00,680.15001
2013-10-11 15:00:00,699.45
2013-10-11 16:00:00,819.6000200000001
2013-10-11 17:00:00,773.45001
2013-10-11 18:00:00,593.025
2013-10-11 19:00:00,432.675005
2013-10-11 20:00:00,287.8500025
2013-10-11 21:00:00,86.05000125
2013-10-11 22:00:00,8.35
2013-10-11 23:00:00,0.0
2013-10-12 00:00:00,0.0
2013-10-12 01:00:00,0.0
2013-10-12 02:00:00,0.0
2013-10-12 03:00:00,0.0
2013-10-12 04:00:00,0.0
2013-10-12 05:00:00,0.0
2013-10-12 06:00:00,0.0
2013-10-12 07:00:00,0.0
2013-10-12 08:00:00,0.0
2013-10-12 09:00:00,0.0
2013-10-12 10:00:00,80.20000025
2013-10-12 11:00:00,241.63333333333335
2013-10-12 12:00:00,431.525
2013-10-12 13:00:00,681.72502
2013-10-12 14:00:00,881.80001
2013-10-12 15:00:00,978.3
2013-10-12 16:00:00,987.67501
2013-10-12 17:00:00,924.0
2013-10-12 18:00:00,685.775
2013-10-12 19:00:00,420.09999999999997
2013-10-12 20:00:00,222.3
2013-10-12 21:00:00,48.300000075
2013-10-12 22:00:00,0.0
2013-10-12 23:00:00,0.0
2013-10-13 00:00:00,0.0
2013-10-13 01:00:00,0.0
2013-10-13 02:00:00,0.0
2013-10-13 03:00:00,0.0
2013-10-13 04:00:00,0.0
2013-10-13 05:00:00,0.0
2013-10-13 06:00:00,0.0
2013-10-13 07:00:00,0.0
2013-10-13 08:00:00,0.0
2013-10-13 09:00:00,0.0
2013-10-13 10:00:00,77.02500025
2013-10-13 11:00:00,219.89999999999998
2013-10-13 12:00:00,523.47501
2013-10-13 13:00:00,727.5
2013-10-13 14:00:00,921.22501
2013-10-13 15:00:00,1013.9500350000001
2013-10-13 16:00:00,994.8500349999999
2013-10-13 17:00:00,966.75
2013-10-13 18:00:00,786.32501
2013-10-13 19:00:00,388.350005
2013-10-13 20:00:00,230.6750025
2013-10-13 21:00:00,19.924999999999997
2013-10-13 22:00:00,0.0
2013-10-13 23:00:00,0.0
2013-10-14 00:00:00,0.0
2013-10-14 01:00:00,0.0
2013-10-14 02:00:00,0.0
2013-10-14 03:00:00,0.0
2013-10-14 04:00:00,0.0
2013-10-14 05:00:00,0.0
2013-10-14 06:00:00,0.0
2013-10-14 07:00:00,0.0
2013-10-14 08:00:00,0.0
2013-10-14 09:00:00,0.0
2013-10-14 10:00:00,66.72500124999999
2013-10-14 11:00:00,166.85
2013-10-14 12:00:00,350.82500500000003
2013-10-14 13:00:00,557.7
2013-10-14 14:00:00,656.47501
2013-10-14 15:00:00,666.20001
2013-10-14 16:00:00,537.0500099999999
2013-10-14 17:00:00,527.75001
2013-10-14 18:00:00,449.100005
2013-10-14 19:00:00,403.12501
2013-10-14 20:00:00,232.2
2013-10-14 21:00:00,27.35000025
2013-10-14 22:00:00,6.0
2013-10-14 23:00:00,0.0
2013-10-15 00:00:00,0.0
2013-10-15 01:00:00,0.0
2013-10-15 02:00:00,0.0
2013-10-15 03:00:00,0.0
2013-10-15 04:00:00,0.0
2013-10-15 05:00:00,0.0
2013-10-15 06:00:00,0.0
2013-10-15 07:00:00,0.0
2013-10-15 08:00:00,0.0
2013-10-15 09:00:00,0.0
2013-10-15 10:00:00,102.87500125
2013-10-15 11:00:00,343.850005
2013-10-15 12:00:00,574.37501
2013-10-15 13:00:00,783.375
2013-10-15 14:00:00,879.0500099999999
2013-10-15 15:00:00,530.0
2013-10-15 16:00:00,208.050005
2013-10-15 17:00:00,847.40002
2013-10-15 18:00:00,555.225
2013-10-15 19:00:00,393.850005
2013-10-15 20:00:00,135.47500125
2013-10-15 21:00:00,34.775000075
2013-10-15 22:00:00,0.0
2013-10-15 23:00:00,0.0
2013-10-16 00:00:00,0.0
2013-10-16 01:00:00,0.0
2013-10-16 02:00:00,0.0
2013-10-16 03:00:00,0.0
2013-10-16 04:00:00,0.0
2013-10-16 05:00:00,0.0
2013-10-16 06:00:00,0.0
2013-10-16 07:00:00,0.0
2013-10-16 08:00:00,0.0
2013-10-16 09:00:00,0.0
2013-10-16 10:00:00,108.77500125
2013-10-16 11:00:00,355.65001
2013-10-16 12:00:00,608.22501
2013-10-16 13:00:00,820.0
2013-10-16 14:00:00,977.82501
2013-10-16 15:00:00,1068.5667
2013-10-16 16:00:00,1083.0749999999998
2013-10-16 17:00:00,838.8
2013-10-16 18:00:00,506.70001
2013-10-16 19:00:00,410.500005
2013-10-16 20:00:00,245.9500025
2013-10-16 21:00:00,91.45
2013-10-16 22:00:00,3.425
2013-10-16 23:00:00,0.0
2013-10-17 00:00:00,0.0
2013-10-17 01:00:00,0.0
2013-10-17 02:00:00,0.0
2013-10-17 03:00:00,0.0
2013-10-17 04:00:00,0.0
2013-10-17 05:00:00,0.0
2013-10-17 06:00:00,0.0
2013-10-17 07:00:00,0.0
2013-10-17 08:00:00,0.0
2013-10-17 09:00:00,0.0
2013-10-17 10:00:00,79.3500025
2013-10-17 11:00:00,260.5250025
2013-10-17 12:00:00,472.05
2013-10-17 13:00:00,727.33336
2013-10-17 14:00:00,907.125
2013-10-17 15:00:00,921.725
2013-10-17 16:00:00,1038.000025
2013-10-17 17:00:00,998.50002
2013-10-17 18:00:00,846.2
2013-10-17 19:00:00,652.07503
2013-10-17 20:00:00,416.45
2013-10-17 21:00:00,166.10000374999998
2013-10-17 22:00:00,8.22500025
2013-10-17 23:00:00,0.0
2013-10-18 00:00:00,0.0
2013-10-18 01:00:00,0.0
2013-10-18 02:00:00,0.0
2013-10-18 03:00:00,0.0
2013-10-18 04:00:00,0.0
2013-10-18 05:00:00,0.0
2013-10-18 06:00:00,0.0
2013-10-18 07:00:00,0.0
2013-10-18 08:00:00,0.0
2013-10-18 09:00:00,0.0
2013-10-18 10:00:00,111.95000125
2013-10-18 11:00:00,358.425005
2013-10-18 12:00:00,613.825
2013-10-18 13:00:00,825.00001
2013-10-18 14:00:00,982.2000350000001
2013-10-18 15:00:00,1070.875
2013-10-18 16:00:00,1068.375
2013-10-18 17:00:00,938.55001
2013-10-18 18:00:00,725.25001
2013-10-18 19:00:00,443.0
2013-10-18 20:00:00,163.725
2013-10-18 21:00:00,138.2500005
2013-10-18 22:00:00,10.17500025
2013-10-18 23:00:00,0.0
2013-10-19 00:00:00,0.0
2013-10-19 01:00:00,0.0
2013-10-19 02:00:00,0.0
2013-10-19 03:00:00,0.0
2013-10-19 04:00:00,0.0
2013-10-19 05:00:00,0.0
2013-10-19 06:00:00,0.0
2013-10-19 07:00:00,0.0
2013-10-19 08:00:00,0.0
2013-10-19 09:00:00,0.0
2013-10-19 10:00:00,118.10000425
2013-10-19 11:00:00,366.92501000000004
2013-10-19 12:00:00,626.0
2013-10-19 13:00:00,836.375
2013-10-19 14:00:00,997.1000333333333
2013-10-19 15:00:00,1079.925
2013-10-19 16:00:00,1094.225025
2013-10-19 17:00:00,1032.0
2013-10-19 18:00:00,891.175
2013-10-19 19:00:00,700.125
2013-10-19 20:00:00,466.925
2013-10-19 21:00:00,179.39999999999998
2013-10-19 22:00:00,11.5250005
2013-10-19 23:00:00,0.0
2013-10-20 00:00:00,0.0
2013-10-20 01:00:00,0.0
2013-10-20 02:00:00,0.0
2013-10-20 03:00:00,0.0
2013-10-20 04:00:00,0.0
2013-10-20 05:00:00,0.0
2013-10-20 06:00:00,0.0
2013-10-20 07:00:00,0.0
2013-10-20 08:00:00,0.0
2013-10-20 09:00:00,0.075
2013-10-20 10:00:00,126.30000000000001
2013-10-20 11:00:00,382.475
2013-10-20 12:00:00,640.5
2013-10-20 13:00:00,855.82503
2013-10-20 14:00:00,1017.075
2013-10-20 15:00:00,1103.55
2013-10-20 16:00:00,1116.55005
2013-10-20 17:00:00,1053.60006
2013-10-20 18:00:00,912.9000100000001
2013-10-20 19:00:00,716.75
2013-10-20 20:00:00,476.300005
2013-10-20 21:00:00,219.70000124999999
2013-10-20 22:00:00,14.9000005
2013-10-20 23:00:00,0.0
2013-10-21 00:00:00,0.0
2013-10-21 01:00:00,0.0
2013-10-21 02:00:00,0.0
2013-10-21 03:00:00,0.0
2013-10-21 04:00:00,0.0
2013-10-21 05:00:00,0.0
2013-10-21 06:00:00,0.0
2013-10-21 07:00:00,0.0
2013-10-21 08:00:00,0.0
2013-10-21 09:00:00,0.450000025
2013-10-21 10:00:00,111.25
2013-10-21 11:00:00,329.95
2013-10-21 12:00:00,579.9333466666667
2013-10-21 13:00:00,821.35
2013-10-21 14:00:00,977.30003
2013-10-21 15:00:00,1063.65
2013-10-21 16:00:00,1080.425
2013-10-21 17:00:00,1020.7
2013-10-21 18:00:00,880.45003
2013-10-21 19:00:00,690.4
2013-10-21 20:00:00,457.32500500000003
2013-10-21 21:00:00,163.20000249999998
2013-10-21 22:00:00,1.975
2013-10-21 23:00:00,0.0
2013-10-22 00:00:00,0.0
2013-10-22 01:00:00,0.0
2013-10-22 02:00:00,0.0
2013-10-22 03:00:00,0.0
2013-10-22 04:00:00,0.0
2013-10-22 05:00:00,0.0
2013-10-22 06:00:00,0.0
2013-10-22 07:00:00,0.0
2013-10-22 08:00:00,0.0
2013-10-22 09:00:00,0.725
2013-10-22 10:00:00,120.5250025
2013-10-22 11:00:00,370.000005
2013-10-22 12:00:00,634.05002
2013-10-22 13:00:00,847.425
2013-10-22 14:00:00,1005.850025
2013-10-22 15:00:00,1089.325025
2013-10-22 16:00:00,1070.30005
2013-10-22 17:00:00,1033.17501
2013-10-22 18:00:00,888.95001
2013-10-22 19:00:00,672.0
2013-10-22 20:00:00,442.025
2013-10-22 21:00:00,199.5
2013-10-22 22:00:00,11.47500025
2013-10-22 23:00:00,0.0
2013-10-23 00:00:00,0.0
2013-10-23 01:00:00,0.0
2013-10-23 02:00:00,0.0
2013-10-23 03:00:00,0.0
2013-10-23 04:00:00,0.0
2013-10-23 05:00:00,0.0
2013-10-23 06:00:00,0.0
2013-10-23 07:00:00,0.0
2013-10-23 08:00:00,0.0
2013-10-23 09:00:00,1.25
2013-10-23 10:00:00,133.1
2013-10-23 11:00:00,389.20000500000003
2013-10-23 12:00:00,650.325
2013-10-23 13:00:00,865.95002
2013-10-23 14:00:00,1025.275
2013-10-23 15:00:00,1113.025
2013-10-23 16:00:00,1121.575
2013-10-23 17:00:00,1052.92501
2013-10-23 18:00:00,913.07501
2013-10-23 19:00:00,717.075
2013-10-23 20:00:00,482.85
2013-10-23 21:00:00,218.6500025
2013-10-23 22:00:00,26.075
2013-10-23 23:00:00,0.0
2013-10-24 00:00:00,0.0
2013-10-24 01:00:00,0.0
2013-10-24 02:00:00,0.0
2013-10-24 03:00:00,0.0
2013-10-24 04:00:00,0.0
2013-10-24 05:00:00,0.0
2013-10-24 06:00:00,0.0
2013-10-24 07:00:00,0.0
2013-10-24 08:00:00,0.0
2013-10-24 09:00:00,1.675000075
2013-10-24 10:00:00,81.375
2013-10-24 11:00:00,194.450005
2013-10-24 12:00:00,334.825
2013-10-24 13:00:00,356.525
2013-10-24 14:00:00,402.85
2013-10-24 15:00:00,368.32500500000003
2013-10-24 16:00:00,358.57500500000003
2013-10-24 17:00:00,451.10001
2013-10-24 18:00:00,401.2
2013-10-24 19:00:00,272.72499999999997
2013-10-24 20:00:00,104.1
2013-10-24 21:00:00,9.975
2013-10-24 22:00:00,0.0
2013-10-24 23:00:00,0.0
2013-10-25 00:00:00,0.0
2013-10-25 01:00:00,0.0
2013-10-25 02:00:00,0.0
2013-10-25 03:00:00,0.0
2013-10-25 04:00:00,0.0
2013-10-25 05:00:00,0.0
2013-10-25 06:00:00,0.0
2013-10-25 07:00:00,0.0
2013-10-25 08:00:00,0.0
2013-10-25 09:00:00,0.0
2013-10-25 10:00:00,120.150003
2013-10-25 11:00:00,299.225005
2013-10-25 12:00:00,595.02501
2013-10-25 13:00:00,836.025
2013-10-25 14:00:00,991.7
2013-10-25 15:00:00,1076.825
2013-10-25 16:00:00,1089.275
2013-10-25 17:00:00,1026.15005
2013-10-25 18:00:00,851.625
2013-10-25 19:00:00,601.17502
2013-10-25 20:00:00,383.0
2013-10-25 21:00:00,178.025
2013-10-25 22:00:00,26.650000249999998
2013-10-25 23:00:00,0.0
2013-10-26 00:00:00,0.0
2013-10-26 01:00:00,0.0
2013-10-26 02:00:00,0.0
2013-10-26 03:00:00,0.0
2013-10-26 04:00:00,0.0
2013-10-26 05:00:00,0.0
2013-10-26 06:00:00,0.0
2013-10-26 07:00:00,0.0
2013-10-26 08:00:00,0.0
2013-10-26 09:00:00,2.75
2013-10-26 10:00:00,145.87500125
2013-10-26 11:00:00,400.05
2013-10-26 12:00:00,645.72501
2013-10-26 13:00:00,855.95001
2013-10-26 14:00:00,1009.675
2013-10-26 15:00:00,1087.975
2013-10-26 16:00:00,1097.70005
2013-10-26 17:00:00,1033.050035
2013-10-26 18:00:00,889.6500100000001
2013-10-26 19:00:00,698.425
2013-10-26 20:00:00,435.34999999999997
2013-10-26 21:00:00,85.65000125
2013-10-26 22:00:00,0.0
2013-10-26 23:00:00,0.0
2013-10-27 00:00:00,0.0
2013-10-27 01:00:00,0.0
2013-10-27 02:00:00,0.0
2013-10-27 03:00:00,0.0
2013-10-27 04:00:00,0.0
2013-10-27 05:00:00,0.0
2013-10-27 06:00:00,0.0
2013-10-27 07:00:00,0.0
2013-10-27 08:00:00,0.0
2013-10-27 09:00:00,3.175
2013-10-27 10:00:00,116.85000175
2013-10-27 11:00:00,372.175
2013-10-27 12:00:00,642.3000099999999
2013-10-27 13:00:00,849.1
2013-10-27 14:00:00,1002.12501
2013-10-27 15:00:00,1084.425025
2013-10-27 16:00:00,1063.67501
2013-10-27 17:00:00,996.32501
2013-10-27 18:00:00,710.72502
2013-10-27 19:00:00,555.37502
2013-10-27 20:00:00,329.525005
2013-10-27 21:00:00,142.40000375
2013-10-27 22:00:00,13.52500025
2013-10-27 23:00:00,0.0
2013-10-28 00:00:00,0.0
2013-10-28 01:00:00,0.0
2013-10-28 02:00:00,0.0
2013-10-28 03:00:00,0.0
2013-10-28 04:00:00,0.0
2013-10-28 05:00:00,0.0
2013-10-28 06:00:00,0.0
2013-10-28 07:00:00,0.0
2013-10-28 08:00:00,0.0
2013-10-28 09:00:00,3.72500025
2013-10-28 10:00:00,123.57500250000001
2013-10-28 11:00:00,358.425005
2013-10-28 12:00:00,646.9499999999999
2013-10-28 13:00:00,841.6
2013-10-28 14:00:00,965.1666666666666
2013-10-28 15:00:00,1092.825025
2013-10-28 16:00:00,1104.4499999999998
2013-10-28 17:00:00,1040.3
2013-10-28 18:00:00,898.57502
2013-10-28 19:00:00,648.125
2013-10-28 20:00:00,330.17499999999995
2013-10-28 21:00:00,133.52500175
2013-10-28 22:00:00,2.10000025
2013-10-28 23:00:00,0.0
2013-10-29 00:00:00,0.0
2013-10-29 01:00:00,0.0
2013-10-29 02:00:00,0.0
2013-10-29 03:00:00,0.0
2013-10-29 04:00:00,0.0
2013-10-29 05:00:00,0.0
2013-10-29 06:00:00,0.0
2013-10-29 07:00:00,0.0
2013-10-29 08:00:00,0.0
2013-10-29 09:00:00,4.20000025
2013-10-29 10:00:00,154.1
2013-10-29 11:00:00,404.325
2013-10-29 12:00:00,646.97501
2013-10-29 13:00:00,855.3500200000001
2013-10-29 14:00:00,1009.075025
2013-10-29 15:00:00,1087.875025
2013-10-29 16:00:00,1098.125
2013-10-29 17:00:00,1037.05
2013-10-29 18:00:00,903.3333333333334
2013-10-29 19:00:00,663.4000100000001
2013-10-29 20:00:00,283.625
2013-10-29 21:00:00,82.57500125
2013-10-29 22:00:00,12.425
2013-10-29 23:00:00,0.0
2013-10-30 00:00:00,0.0
2013-10-30 01:00:00,0.0
2013-10-30 02:00:00,0.0
2013-10-30 03:00:00,0.0
2013-10-30 04:00:00,0.0
2013-10-30 05:00:00,0.0
2013-10-30 06:00:00,0.0
2013-10-30 07:00:00,0.0
2013-10-30 08:00:00,0.0
2013-10-30 09:00:00,4.25
2013-10-30 10:00:00,122.87500250000001
2013-10-30 11:00:00,306.95
2013-10-30 12:00:00,510.02500499999996
2013-10-30 13:00:00,740.525
2013-10-30 14:00:00,960.7750100000001
2013-10-30 15:00:00,1075.15
2013-10-30 16:00:00,1098.925
2013-10-30 17:00:00,1040.95
2013-10-30 18:00:00,909.35001
2013-10-30 19:00:00,720.72501
2013-10-30 20:00:00,483.575
2013-10-30 21:00:00,162.9500025
2013-10-30 22:00:00,19.65
2013-10-30 23:00:00,0.0
2013-10-31 00:00:00,0.0
2013-10-31 01:00:00,0.0
2013-10-31 02:00:00,0.0
2013-10-31 03:00:00,0.0
2013-10-31 04:00:00,0.0
2013-10-31 05:00:00,0.0
2013-10-31 06:00:00,0.0
2013-10-31 07:00:00,0.0
2013-10-31 08:00:00,0.0
2013-10-31 09:00:00,4.85
2013-10-31 10:00:00,137.3250025
2013-10-31 11:00:00,382.65000499999996
2013-10-31 12:00:00,624.37502
2013-10-31 13:00:00,854.425
2013-10-31 14:00:00,1014.9250099999999
2013-10-31 15:00:00,1104.4666666666665
2013-10-31 16:00:00,1111.25
2013-10-31 17:00:00,1046.650025
2013-10-31 18:00:00,910.8000000000001
2013-10-31 19:00:00,715.17501
2013-10-31 20:00:00,459.475005
2013-10-31 21:00:00,62.125
2013-10-31 22:00:00,0.0
2013-10-31 23:00:00,0.0
2013-11-01 00:00:00,0.0
2013-11-01 01:00:00,0.0
2013-11-01 02:00:00,0.0
2013-11-01 03:00:00,0.0
2013-11-01 04:00:00,0.0
2013-11-01 05:00:00,0.0
2013-11-01 06:00:00,0.0
2013-11-01 07:00:00,0.0
2013-11-01 08:00:00,0.0
2013-11-01 09:00:00,4.6
2013-11-01 10:00:00,145.5
2013-11-01 11:00:00,393.425
2013-11-01 12:00:00,569.525
2013-11-01 13:00:00,814.4
2013-11-01 14:00:00,939.5
2013-11-01 15:00:00,1017.1500000000001
2013-11-01 16:00:00,978.5999999999999
2013-11-01 17:00:00,620.875
2013-11-01 18:00:00,543.875015
2013-11-01 19:00:00,503.7
2013-11-01 20:00:00,170.1250075
2013-11-01 21:00:00,0.0
2013-11-01 22:00:00,0.0
2013-11-01 23:00:00,0.0
2013-11-02 00:00:00,0.0
2013-11-02 01:00:00,0.0
2013-11-02 02:00:00,0.0
2013-11-02 03:00:00,0.0
2013-11-02 04:00:00,0.0
2013-11-02 05:00:00,0.0
2013-11-02 06:00:00,0.0
2013-11-02 07:00:00,0.0
2013-11-02 08:00:00,0.0
2013-11-02 09:00:00,5.65
2013-11-02 10:00:00,141.125
2013-11-02 11:00:00,300.20000500000003
2013-11-02 12:00:00,426.45001
2013-11-02 13:00:00,572.37502
2013-11-02 14:00:00,795.525
2013-11-02 15:00:00,871.00001
2013-11-02 16:00:00,954.30001
2013-11-02 17:00:00,996.82501
2013-11-02 18:00:00,758.6
2013-11-02 19:00:00,623.47502
2013-11-02 20:00:00,364.600005
2013-11-02 21:00:00,162.52500125
2013-11-02 22:00:00,20.1
2013-11-02 23:00:00,0.0
2013-11-03 00:00:00,0.0
2013-11-03 01:00:00,0.0
2013-11-03 02:00:00,0.0
2013-11-03 03:00:00,0.0
2013-11-03 04:00:00,0.0
2013-11-03 05:00:00,0.0
2013-11-03 06:00:00,0.0
2013-11-03 07:00:00,0.0
2013-11-03 08:00:00,0.0
2013-11-03 09:00:00,5.85
2013-11-03 10:00:00,155.95000125
2013-11-03 11:00:00,404.4
2013-11-03 12:00:00,663.5500099999999
2013-11-03 13:00:00,870.3
2013-11-03 14:00:00,1023.825025
2013-11-03 15:00:00,1109.45
2013-11-03 16:00:00,1121.775025
2013-11-03 17:00:00,1059.400025
2013-11-03 18:00:00,927.7
2013-11-03 19:00:00,739.45
2013-11-03 20:00:00,509.475
2013-11-03 21:00:00,215.4750075
2013-11-03 22:00:00,25.225001075
2013-11-03 23:00:00,0.0
2013-11-04 00:00:00,0.0
2013-11-04 01:00:00,0.0
2013-11-04 02:00:00,0.0
2013-11-04 03:00:00,0.0
2013-11-04 04:00:00,0.0
2013-11-04 05:00:00,0.0
2013-11-04 06:00:00,0.0
2013-11-04 07:00:00,0.0
2013-11-04 08:00:00,0.0
2013-11-04 09:00:00,6.82500025
2013-11-04 10:00:00,165.875
2013-11-04 11:00:00,417.600005
2013-11-04 12:00:00,661.62502
2013-11-04 13:00:00,868.80003
2013-11-04 14:00:00,1021.6000100000001
2013-11-04 15:00:00,1105.87505
2013-11-04 16:00:00,1116.825
2013-11-04 17:00:00,1053.525025
2013-11-04 18:00:00,916.225
2013-11-04 19:00:00,727.35002
2013-11-04 20:00:00,496.67501000000004
2013-11-04 21:00:00,243.6250025
2013-11-04 22:00:00,36.525
2013-11-04 23:00:00,0.0
2013-11-05 00:00:00,0.0
2013-11-05 01:00:00,0.0
2013-11-05 02:00:00,0.0
2013-11-05 03:00:00,0.0
2013-11-05 04:00:00,0.0
2013-11-05 05:00:00,0.0
2013-11-05 06:00:00,0.0
2013-11-05 07:00:00,0.0
2013-11-05 08:00:00,0.0
2013-11-05 09:00:00,6.375
2013-11-05 10:00:00,157.92500375
2013-11-05 11:00:00,407.45
2013-11-05 12:00:00,657.32501
2013-11-05 13:00:00,864.27503
2013-11-05 14:00:00,1017.22501
2013-11-05 15:00:00,1105.525025
2013-11-05 16:00:00,1117.325
2013-11-05 17:00:00,1054.32501
2013-11-05 18:00:00,924.05001
2013-11-05 19:00:00,735.325
2013-11-05 20:00:00,505.200015
2013-11-05 21:00:00,236.100005
2013-11-05 22:00:00,42.07500025
2013-11-05 23:00:00,0.0
2013-11-06 00:00:00,0.0
2013-11-06 01:00:00,0.0
2013-11-06 02:00:00,0.0
2013-11-06 03:00:00,0.0
2013-11-06 04:00:00,0.0
2013-11-06 05:00:00,0.0
2013-11-06 06:00:00,0.0
2013-11-06 07:00:00,0.0
2013-11-06 08:00:00,
2013-11-06 09:00:00,
2013-11-06 10:00:00,154.82500124999999
2013-11-06 11:00:00,402.02500499999996
2013-11-06 12:00:00,651.25
2013-11-06 13:00:00,857.85001
2013-11-06 14:00:00,1010.500025
2013-11-06 15:00:00,1093.050025
2013-11-06 16:00:00,1105.525
2013-11-06 17:00:00,1044.6499999999999
2013-11-06 18:00:00,901.975
2013-11-06 19:00:00,712.2249999999999
2013-11-06 20:00:00,480.7
2013-11-06 21:00:00,227.35
2013-11-06 22:00:00,33.45
2013-11-06 23:00:00,0.0
2013-11-07 00:00:00,0.0
2013-11-07 01:00:00,0.0
2013-11-07 02:00:00,0.0
2013-11-07 03:00:00,0.0
2013-11-07 04:00:00,0.0
2013-11-07 05:00:00,0.0
2013-11-07 06:00:00,0.0
2013-11-07 07:00:00,0.0
2013-11-07 08:00:00,0.0
2013-11-07 09:00:00,7.925
2013-11-07 10:00:00,169.5500025
2013-11-07 11:00:00,419.825
2013-11-07 12:00:00,665.375
2013-11-07 13:00:00,871.60001
2013-11-07 14:00:00,1023.125035
2013-11-07 15:00:00,1103.8
2013-11-07 16:00:00,1115.85
2013-11-07 17:00:00,1053.65
2013-11-07 18:00:00,917.175
2013-11-07 19:00:00,728.70001
2013-11-07 20:00:00,355.375005
2013-11-07 21:00:00,78.67500125
2013-11-07 22:00:00,2.05
2013-11-07 23:00:00,0.0
2013-11-08 00:00:00,0.0
2013-11-08 01:00:00,0.0
2013-11-08 02:00:00,0.0
2013-11-08 03:00:00,0.0
2013-11-08 04:00:00,0.0
2013-11-08 05:00:00,0.0
2013-11-08 06:00:00,0.0
2013-11-08 07:00:00,0.0
2013-11-08 08:00:00,0.0
2013-11-08 09:00:00,8.4000005
2013-11-08 10:00:00,173.27500250000003
2013-11-08 11:00:00,425.250005
2013-11-08 12:00:00,663.3000099999999
2013-11-08 13:00:00,871.55
2013-11-08 14:00:00,1025.125
2013-11-08 15:00:00,1101.75
2013-11-08 16:00:00,1111.425025
2013-11-08 17:00:00,1048.7
2013-11-08 18:00:00,906.5250100000001
2013-11-08 19:00:00,717.9750200000001
2013-11-08 20:00:00,487.000005
2013-11-08 21:00:00,230.800005
2013-11-08 22:00:00,28.1500005
2013-11-08 23:00:00,0.0
2013-11-09 00:00:00,0.0
2013-11-09 01:00:00,0.0
2013-11-09 02:00:00,0.0
2013-11-09 03:00:00,0.0
2013-11-09 04:00:00,0.0
2013-11-09 05:00:00,0.0
2013-11-09 06:00:00,0.0
2013-11-09 07:00:00,0.0
2013-11-09 08:00:00,0.0
2013-11-09 09:00:00,8.9000005
2013-11-09 10:00:00,176.85
2013-11-09 11:00:00,430.725
2013-11-09 12:00:00,675.4000100000001
2013-11-09 13:00:00,885.025
2013-11-09 14:00:00,1039.05005
2013-11-09 15:00:00,1118.025025
2013-11-09 16:00:00,1123.75
2013-11-09 17:00:00,1055.2750350000001
2013-11-09 18:00:00,912.12502
2013-11-09 19:00:00,725.6500100000001
2013-11-09 20:00:00,498.225005
2013-11-09 21:00:00,218.40000750000002
2013-11-09 22:00:00,0.0
2013-11-09 23:00:00,0.0
2013-11-10 00:00:00,0.0
2013-11-10 01:00:00,0.0
2013-11-10 02:00:00,0.0
2013-11-10 03:00:00,0.0
2013-11-10 04:00:00,0.0
2013-11-10 05:00:00,0.0
2013-11-10 06:00:00,0.0
2013-11-10 07:00:00,0.0
2013-11-10 08:00:00,0.0
2013-11-10 09:00:00,8.924999999999999
2013-11-10 10:00:00,174.8
2013-11-10 11:00:00,427.575005
2013-11-10 12:00:00,658.775
2013-11-10 13:00:00,863.90003
2013-11-10 14:00:00,1012.3
2013-11-10 15:00:00,1029.500035
2013-11-10 16:00:00,851.375
2013-11-10 17:00:00,713.85
2013-11-10 18:00:00,601.25001
2013-11-10 19:00:00,496.850005
2013-11-10 20:00:00,315.29999999999995
2013-11-10 21:00:00,116.3250005
2013-11-10 22:00:00,0.0
2013-11-10 23:00:00,0.0
2013-11-11 00:00:00,0.0
2013-11-11 01:00:00,0.0
2013-11-11 02:00:00,0.0
2013-11-11 03:00:00,0.0
2013-11-11 04:00:00,0.0
2013-11-11 05:00:00,0.0
2013-11-11 06:00:00,0.0
2013-11-11 07:00:00,0.0
2013-11-11 08:00:00,0.0
2013-11-11 09:00:00,9.600000000000001
2013-11-11 10:00:00,176.8250025
2013-11-11 11:00:00,429.475015
2013-11-11 12:00:00,656.2249999999999
2013-11-11 13:00:00,864.85
2013-11-11 14:00:00,1016.42501
2013-11-11 15:00:00,1084.875025
2013-11-11 16:00:00,1096.575
2013-11-11 17:00:00,1035.97505
2013-11-11 18:00:00,909.525
2013-11-11 19:00:00,721.0
2013-11-11 20:00:00,489.475005
2013-11-11 21:00:00,243.05
2013-11-11 22:00:00,40.35
2013-11-11 23:00:00,0.0
2013-11-12 00:00:00,0.0
2013-11-12 01:00:00,0.0
2013-11-12 02:00:00,0.0
2013-11-12 03:00:00,0.0
2013-11-12 04:00:00,0.0
2013-11-12 05:00:00,0.0
2013-11-12 06:00:00,0.0
2013-11-12 07:00:00,0.0
2013-11-12 08:00:00,0.0
2013-11-12 09:00:00,8.15
2013-11-12 10:00:00,158.80000375
2013-11-12 11:00:00,404.62501
2013-11-12 12:00:00,673.7249999999999
2013-11-12 13:00:00,879.85002
2013-11-12 14:00:00,1032.8
2013-11-12 15:00:00,1122.550025
2013-11-12 16:00:00,1137.250025
2013-11-12 17:00:00,1077.275
2013-11-12 18:00:00,948.575
2013-11-12 19:00:00,762.05
2013-11-12 20:00:00,532.250005
2013-11-12 21:00:00,278.8
2013-11-12 22:00:00,53.67500125
2013-11-12 23:00:00,0.0
2013-11-13 00:00:00,0.0
2013-11-13 01:00:00,0.0
2013-11-13 02:00:00,0.0
2013-11-13 03:00:00,0.0
2013-11-13 04:00:00,0.0
2013-11-13 05:00:00,0.0
2013-11-13 06:00:00,0.0
2013-11-13 07:00:00,0.0
2013-11-13 08:00:00,0.0
2013-11-13 09:00:00,10.674999999999999
2013-11-13 10:00:00,180.45000375
2013-11-13 11:00:00,433.10001
2013-11-13 12:00:00,685.75001
2013-11-13 13:00:00,892.75002
2013-11-13 14:00:00,1045.67501
2013-11-13 15:00:00,1132.675
2013-11-13 16:00:00,1145.525025
2013-11-13 17:00:00,1082.475025
2013-11-13 18:00:00,943.80001
2013-11-13 19:00:00,754.7750100000001
2013-11-13 20:00:00,526.350005
2013-11-13 21:00:00,249.65000750000002
2013-11-13 22:00:00,47.849999999999994
2013-11-13 23:00:00,0.0
2013-11-14 00:00:00,0.0
2013-11-14 01:00:00,0.0
2013-11-14 02:00:00,0.0
2013-11-14 03:00:00,0.0
2013-11-14 04:00:00,0.0
2013-11-14 05:00:00,0.0
2013-11-14 06:00:00,0.0
2013-11-14 07:00:00,0.0
2013-11-14 08:00:00,0.0
2013-11-14 09:00:00,11.450000025000001
2013-11-14 10:00:00,185.27500125
2013-11-14 11:00:00,440.750005
2013-11-14 12:00:00,691.65002
2013-11-14 13:00:00,902.22501
2013-11-14 14:00:00,1058.85
2013-11-14 15:00:00,1141.25005
2013-11-14 16:00:00,1151.25005
2013-11-14 17:00:00,1087.35
2013-11-14 18:00:00,948.9749999999999
2013-11-14 19:00:00,758.30001
2013-11-14 20:00:00,511.95001
2013-11-14 21:00:00,192.92499999999998
2013-11-14 22:00:00,29.525000000000002
2013-11-14 23:00:00,0.0
2013-11-15 00:00:00,0.0
2013-11-15 01:00:00,0.0
2013-11-15 02:00:00,0.0
2013-11-15 03:00:00,0.0
2013-11-15 04:00:00,0.0
2013-11-15 05:00:00,0.0
2013-11-15 06:00:00,0.0
2013-11-15 07:00:00,0.0
2013-11-15 08:00:00,0.0
2013-11-15 09:00:00,8.4000005
2013-11-15 10:00:00,185.75000625
2013-11-15 11:00:00,441.275015
2013-11-15 12:00:00,683.45002
2013-11-15 13:00:00,887.0999999999999
2013-11-15 14:00:00,1033.650025
2013-11-15 15:00:00,1100.675
2013-11-15 16:00:00,1111.875
2013-11-15 17:00:00,1050.35
2013-11-15 18:00:00,903.775
2013-11-15 19:00:00,716.75002
2013-11-15 20:00:00,454.825015
2013-11-15 21:00:00,152.375
2013-11-15 22:00:00,20.125
2013-11-15 23:00:00,0.0
2013-11-16 00:00:00,0.0
2013-11-16 01:00:00,0.0
2013-11-16 02:00:00,0.0
2013-11-16 03:00:00,0.0
2013-11-16 04:00:00,0.0
2013-11-16 05:00:00,0.0
2013-11-16 06:00:00,0.0
2013-11-16 07:00:00,0.0
2013-11-16 08:00:00,0.0
2013-11-16 09:00:00,10.225
2013-11-16 10:00:00,117.07500175
2013-11-16 11:00:00,275.8000025
2013-11-16 12:00:00,459.025015
2013-11-16 13:00:00,787.32501
2013-11-16 14:00:00,1011.975025
2013-11-16 15:00:00,1097.100025
2013-11-16 16:00:00,1060.275025
2013-11-16 17:00:00,922.575
2013-11-16 18:00:00,911.12501
2013-11-16 19:00:00,727.12501
2013-11-16 20:00:00,499.65000499999996
2013-11-16 21:00:00,228.40000375
2013-11-16 22:00:00,18.400000249999998
2013-11-16 23:00:00,0.0
2013-11-17 00:00:00,0.0
2013-11-17 01:00:00,0.0
2013-11-17 02:00:00,0.0
2013-11-17 03:00:00,0.0
2013-11-17 04:00:00,0.0
2013-11-17 05:00:00,0.0
2013-11-17 06:00:00,0.0
2013-11-17 07:00:00,0.0
2013-11-17 08:00:00,0.0
2013-11-17 09:00:00,10.25
2013-11-17 10:00:00,167.10000250000002
2013-11-17 11:00:00,413.725005
2013-11-17 12:00:00,684.1999999999999
2013-11-17 13:00:00,889.75002
2013-11-17 14:00:00,1042.000025
2013-11-17 15:00:00,1128.150025
2013-11-17 16:00:00,1143.075
2013-11-17 17:00:00,1084.0
2013-11-17 18:00:00,947.12502
2013-11-17 19:00:00,761.92501
2013-11-17 20:00:00,532.700015
2013-11-17 21:00:00,276.625
2013-11-17 22:00:00,55.725
2013-11-17 23:00:00,0.0
2013-11-18 00:00:00,0.0
2013-11-18 01:00:00,0.0
2013-11-18 02:00:00,0.0
2013-11-18 03:00:00,0.0
2013-11-18 04:00:00,0.0
2013-11-18 05:00:00,0.0
2013-11-18 06:00:00,0.0
2013-11-18 07:00:00,0.0
2013-11-18 08:00:00,0.0
2013-11-18 09:00:00,12.675000500000001
2013-11-18 10:00:00,185.30000125
2013-11-18 11:00:00,437.0
2013-11-18 12:00:00,685.80003
2013-11-18 13:00:00,893.35001
2013-11-18 14:00:00,1047.375025
2013-11-18 15:00:00,1125.725025
2013-11-18 16:00:00,1137.1
2013-11-18 17:00:00,1073.800025
2013-11-18 18:00:00,923.8499999999999
2013-11-18 19:00:00,592.900025
2013-11-18 20:00:00,246.6250025
2013-11-18 21:00:00,59.974999999999994
2013-11-18 22:00:00,0.0
2013-11-18 23:00:00,0.0
2013-11-19 00:00:00,0.0
2013-11-19 01:00:00,0.0
2013-11-19 02:00:00,0.0
2013-11-19 03:00:00,0.0
2013-11-19 04:00:00,0.0
2013-11-19 05:00:00,0.0
2013-11-19 06:00:00,0.0
2013-11-19 07:00:00,0.0
2013-11-19 08:00:00,0.0
2013-11-19 09:00:00,1.375
2013-11-19 10:00:00,107.375
2013-11-19 11:00:00,361.275005
2013-11-19 12:00:00,583.0
2013-11-19 13:00:00,736.15
2013-11-19 14:00:00,788.80002
2013-11-19 15:00:00,710.30002
2013-11-19 16:00:00,717.5
2013-11-19 17:00:00,702.5
2013-11-19 18:00:00,582.4
2013-11-19 19:00:00,408.35001
2013-11-19 20:00:00,210.525005
2013-11-19 21:00:00,72.50000125
2013-11-19 22:00:00,6.574999999999999
2013-11-19 23:00:00,0.0
2013-11-20 00:00:00,0.0
2013-11-20 01:00:00,0.0
2013-11-20 02:00:00,0.0
2013-11-20 03:00:00,0.0
2013-11-20 04:00:00,0.0
2013-11-20 05:00:00,0.0
2013-11-20 06:00:00,0.0
2013-11-20 07:00:00,0.0
2013-11-20 08:00:00,0.0
2013-11-20 09:00:00,13.350000075
2013-11-20 10:00:00,185.22500000000002
2013-11-20 11:00:00,433.500005
2013-11-20 12:00:00,647.62501
2013-11-20 13:00:00,854.6750099999999
2013-11-20 14:00:00,1009.6000349999999
2013-11-20 15:00:00,1073.175
2013-11-20 16:00:00,1087.05
2013-11-20 17:00:00,1002.775
2013-11-20 18:00:00,847.22501
2013-11-20 19:00:00,643.275
2013-11-20 20:00:00,336.125
2013-11-20 21:00:00,84.975
2013-11-20 22:00:00,27.875
2013-11-20 23:00:00,0.0
2013-11-21 00:00:00,0.0
2013-11-21 01:00:00,0.0
2013-11-21 02:00:00,0.0
2013-11-21 03:00:00,0.0
2013-11-21 04:00:00,0.0
2013-11-21 05:00:00,0.0
2013-11-21 06:00:00,0.0
2013-11-21 07:00:00,0.0
2013-11-21 08:00:00,0.0
2013-11-21 09:00:00,13.225
2013-11-21 10:00:00,183.875
2013-11-21 11:00:00,433.47499999999997
2013-11-21 12:00:00,690.9250099999999
2013-11-21 13:00:00,897.65
2013-11-21 14:00:00,1051.1000000000001
2013-11-21 15:00:00,1138.300025
2013-11-21 16:00:00,1153.2667
2013-11-21 17:00:00,1094.57505
2013-11-21 18:00:00,968.20001
2013-11-21 19:00:00,782.975
2013-11-21 20:00:00,555.67501
2013-11-21 21:00:00,302.6500075
2013-11-21 22:00:00,49.550002750000004
2013-11-21 23:00:00,0.0
2013-11-22 00:00:00,0.0
2013-11-22 01:00:00,0.0
2013-11-22 02:00:00,0.0
2013-11-22 03:00:00,0.0
2013-11-22 04:00:00,0.0
2013-11-22 05:00:00,0.0
2013-11-22 06:00:00,0.0
2013-11-22 07:00:00,0.0
2013-11-22 08:00:00,0.0
2013-11-22 09:00:00,13.5
2013-11-22 10:00:00,184.450005
2013-11-22 11:00:00,433.07500500000003
2013-11-22 12:00:00,672.00003
2013-11-22 13:00:00,878.02502
2013-11-22 14:00:00,1030.875
2013-11-22 15:00:00,1111.175
2013-11-22 16:00:00,1104.300025
2013-11-22 17:00:00,910.22501
2013-11-22 18:00:00,883.55001
2013-11-22 19:00:00,541.825
2013-11-22 20:00:00,319.75001
2013-11-22 21:00:00,69.3000005
2013-11-22 22:00:00,0.0
2013-11-22 23:00:00,0.0
2013-11-23 00:00:00,0.0
2013-11-23 01:00:00,0.0
2013-11-23 02:00:00,0.0
2013-11-23 03:00:00,0.0
2013-11-23 04:00:00,0.0
2013-11-23 05:00:00,0.0
2013-11-23 06:00:00,0.0
2013-11-23 07:00:00,0.0
2013-11-23 08:00:00,0.0
2013-11-23 09:00:00,12.325
2013-11-23 10:00:00,175.02500500000002
2013-11-23 11:00:00,421.07500500000003
2013-11-23 12:00:00,666.525
2013-11-23 13:00:00,872.10001
2013-11-23 14:00:00,1024.55
2013-11-23 15:00:00,1108.775
2013-11-23 16:00:00,1124.4
2013-11-23 17:00:00,1032.050025
2013-11-23 18:00:00,713.775
2013-11-23 19:00:00,470.125
2013-11-23 20:00:00,231.29999999999998
2013-11-23 21:00:00,94.450005
2013-11-23 22:00:00,15.750000025
2013-11-23 23:00:00,0.0
2013-11-24 00:00:00,0.0
2013-11-24 01:00:00,0.0
2013-11-24 02:00:00,0.0
2013-11-24 03:00:00,0.0
2013-11-24 04:00:00,0.0
2013-11-24 05:00:00,0.0
2013-11-24 06:00:00,0.0
2013-11-24 07:00:00,0.0
2013-11-24 08:00:00,0.0
2013-11-24 09:00:00,13.325000500000002
2013-11-24 10:00:00,182.0
2013-11-24 11:00:00,430.725
2013-11-24 12:00:00,663.8
2013-11-24 13:00:00,870.8
2013-11-24 14:00:00,1024.80005
2013-11-24 15:00:00,1110.475
2013-11-24 16:00:00,1124.425025
2013-11-24 17:00:00,1065.625025
2013-11-24 18:00:00,936.45001
2013-11-24 19:00:00,735.65001
2013-11-24 20:00:00,493.2
2013-11-24 21:00:00,155.1500005
2013-11-24 22:00:00,4.633333666666666
2013-11-24 23:00:00,0.0
2013-11-25 00:00:00,0.0
2013-11-25 01:00:00,0.0
2013-11-25 02:00:00,0.0
2013-11-25 03:00:00,0.0
2013-11-25 04:00:00,0.0
2013-11-25 05:00:00,0.0
2013-11-25 06:00:00,0.0
2013-11-25 07:00:00,0.0
2013-11-25 08:00:00,0.0
2013-11-25 09:00:00,14.9
2013-11-25 10:00:00,190.72500000000002
2013-11-25 11:00:00,439.850005
2013-11-25 12:00:00,682.30002
2013-11-25 13:00:00,887.175
2013-11-25 14:00:00,1037.800025
2013-11-25 15:00:00,1114.650025
2013-11-25 16:00:00,1092.900025
2013-11-25 17:00:00,1067.25
2013-11-25 18:00:00,831.75002
2013-11-25 19:00:00,342.87501
2013-11-25 20:00:00,169.3750005
2013-11-25 21:00:00,0.0
2013-11-25 22:00:00,0.0
2013-11-25 23:00:00,0.0
2013-11-26 00:00:00,0.0
2013-11-26 01:00:00,0.0
2013-11-26 02:00:00,0.0
2013-11-26 03:00:00,0.0
2013-11-26 04:00:00,0.0
2013-11-26 05:00:00,0.0
2013-11-26 06:00:00,0.0
2013-11-26 07:00:00,0.0
2013-11-26 08:00:00,0.0
2013-11-26 09:00:00,13.05000025
2013-11-26 10:00:00,82.7250025
2013-11-26 11:00:00,244.7500025
2013-11-26 12:00:00,435.350005
2013-11-26 13:00:00,617.47501
2013-11-26 14:00:00,841.3
2013-11-26 15:00:00,788.825
2013-11-26 16:00:00,821.8499999999999
2013-11-26 17:00:00,754.2750100000001
2013-11-26 18:00:00,536.9250049999999
2013-11-26 19:00:00,368.35001
2013-11-26 20:00:00,216.5333333333333
2013-11-26 21:00:00,48.25
2013-11-26 22:00:00,2.10000025
2013-11-26 23:00:00,0.0
2013-11-27 00:00:00,0.0
2013-11-27 01:00:00,0.0
2013-11-27 02:00:00,0.0
2013-11-27 03:00:00,0.0
2013-11-27 04:00:00,0.0
2013-11-27 05:00:00,0.0
2013-11-27 06:00:00,0.0
2013-11-27 07:00:00,0.0
2013-11-27 08:00:00,0.0
2013-11-27 09:00:00,15.200000000000001
2013-11-27 10:00:00,173.35
2013-11-27 11:00:00,377.70001
2013-11-27 12:00:00,590.6250150000001
2013-11-27 13:00:00,790.57502
2013-11-27 14:00:00,936.1
2013-11-27 15:00:00,1080.15005
2013-11-27 16:00:00,1102.425025
2013-11-27 17:00:00,944.750025
2013-11-27 18:00:00,612.50002
2013-11-27 19:00:00,399.700005
2013-11-27 20:00:00,163.825
2013-11-27 21:00:00,101.0
2013-11-27 22:00:00,3.55
2013-11-27 23:00:00,0.0
2013-11-28 00:00:00,0.0
2013-11-28 01:00:00,0.0
2013-11-28 02:00:00,0.0
2013-11-28 03:00:00,0.0
2013-11-28 04:00:00,0.0
2013-11-28 05:00:00,0.0
2013-11-28 06:00:00,0.0
2013-11-28 07:00:00,0.0
2013-11-28 08:00:00,0.0
2013-11-28 09:00:00,14.875000750000002
2013-11-28 10:00:00,149.700005
2013-11-28 11:00:00,309.5
2013-11-28 12:00:00,490.0
2013-11-28 13:00:00,633.07501
2013-11-28 14:00:00,850.4250099999999
2013-11-28 15:00:00,945.675
2013-11-28 16:00:00,1033.475
2013-11-28 17:00:00,906.1333466666666
2013-11-28 18:00:00,653.825
2013-11-28 19:00:00,433.625005
2013-11-28 20:00:00,237.525005
2013-11-28 21:00:00,84.8500005
2013-11-28 22:00:00,20.675
2013-11-28 23:00:00,0.0
2013-11-29 00:00:00,0.0
2013-11-29 01:00:00,0.0
2013-11-29 02:00:00,0.0
2013-11-29 03:00:00,0.0
2013-11-29 04:00:00,0.0
2013-11-29 05:00:00,0.0
2013-11-29 06:00:00,0.0
2013-11-29 07:00:00,0.0
2013-11-29 08:00:00,0.0
2013-11-29 09:00:00,16.25
2013-11-29 10:00:00,178.52500500000002
2013-11-29 11:00:00,390.2
2013-11-29 12:00:00,557.25001
2013-11-29 13:00:00,740.52502
2013-11-29 14:00:00,878.7249999999999
2013-11-29 15:00:00,932.30001
2013-11-29 16:00:00,965.47501
2013-11-29 17:00:00,694.30002
2013-11-29 18:00:00,480.225
2013-11-29 19:00:00,311.95
2013-11-29 20:00:00,185.075
2013-11-29 21:00:00,36.900000075
2013-11-29 22:00:00,2.525
2013-11-29 23:00:00,0.0
2013-11-30 00:00:00,0.0
2013-11-30 01:00:00,0.0
2013-11-30 02:00:00,0.0
2013-11-30 03:00:00,0.0
2013-11-30 04:00:00,0.0
2013-11-30 05:00:00,0.0
2013-11-30 06:00:00,0.0
2013-11-30 07:00:00,0.0
2013-11-30 08:00:00,0.0
2013-11-30 09:00:00,15.325000249999999
2013-11-30 10:00:00,190.05
2013-11-30 11:00:00,435.20000500000003
2013-11-30 12:00:00,638.0999999999999
2013-11-30 13:00:00,842.35
2013-11-30 14:00:00,987.775
2013-11-30 15:00:00,941.45001
2013-11-30 16:00:00,925.95001
2013-11-30 17:00:00,767.22501
2013-11-30 18:00:00,620.70002
2013-11-30 19:00:00,446.95
2013-11-30 20:00:00,233.800005
2013-11-30 21:00:00,71.075
2013-11-30 22:00:00,5.0750005
2013-11-30 23:00:00,0.0
2013-12-01 00:00:00,0.0
2013-12-01 01:00:00,0.0
2013-12-01 02:00:00,0.0
2013-12-01 03:00:00,0.0
2013-12-01 04:00:00,0.0
2013-12-01 05:00:00,0.0
2013-12-01 06:00:00,0.0
2013-12-01 07:00:00,0.0
2013-12-01 08:00:00,0.0
2013-12-01 09:00:00,9.0250005
2013-12-01 10:00:00,179.275
2013-12-01 11:00:00,421.175005
2013-12-01 12:00:00,681.67501
2013-12-01 13:00:00,886.375
2013-12-01 14:00:00,1040.125025
2013-12-01 15:00:00,1130.075025
2013-12-01 16:00:00,1148.825
2013-12-01 17:00:00,1093.90005
2013-12-01 18:00:00,969.075025
2013-12-01 19:00:00,775.20001
2013-12-01 20:00:00,463.375005
2013-12-01 21:00:00,228.9250025
2013-12-01 22:00:00,35.275000250000005
2013-12-01 23:00:00,0.0
2013-12-02 00:00:00,0.0
2013-12-02 01:00:00,0.0
2013-12-02 02:00:00,0.0
2013-12-02 03:00:00,0.0
2013-12-02 04:00:00,0.0
2013-12-02 05:00:00,0.0
2013-12-02 06:00:00,0.0
2013-12-02 07:00:00,0.0
2013-12-02 08:00:00,0.0
2013-12-02 09:00:00,13.5
2013-12-02 10:00:00,157.4500025
2013-12-02 11:00:00,375.400005
2013-12-02 12:00:00,641.67501
2013-12-02 13:00:00,847.95001
2013-12-02 14:00:00,1003.4250000000001
2013-12-02 15:00:00,1098.7
2013-12-02 16:00:00,1116.350025
2013-12-02 17:00:00,1061.300025
2013-12-02 18:00:00,884.47501
2013-12-02 19:00:00,336.550005
2013-12-02 20:00:00,150.07500000000002
2013-12-02 21:00:00,97.05
2013-12-02 22:00:00,11.9750005
2013-12-02 23:00:00,0.0
2013-12-03 00:00:00,0.0
2013-12-03 01:00:00,0.0
2013-12-03 02:00:00,0.0
2013-12-03 03:00:00,0.0
2013-12-03 04:00:00,0.0
2013-12-03 05:00:00,0.0
2013-12-03 06:00:00,0.0
2013-12-03 07:00:00,0.0
2013-12-03 08:00:00,0.0
2013-12-03 09:00:00,13.1
2013-12-03 10:00:00,176.7
2013-12-03 11:00:00,418.42501000000004
2013-12-03 12:00:00,596.47501
2013-12-03 13:00:00,773.4250099999999
2013-12-03 14:00:00,1028.72502
2013-12-03 15:00:00,1121.225
2013-12-03 16:00:00,1137.25
2013-12-03 17:00:00,979.075
2013-12-03 18:00:00,758.6000200000001
2013-12-03 19:00:00,439.375
2013-12-03 20:00:00,281.625
2013-12-03 21:00:00,222.9500025
2013-12-03 22:00:00,37.7250005
2013-12-03 23:00:00,0.0
2013-12-04 00:00:00,0.0
2013-12-04 01:00:00,0.0
2013-12-04 02:00:00,0.0
2013-12-04 03:00:00,0.0
2013-12-04 04:00:00,0.0
2013-12-04 05:00:00,0.0
2013-12-04 06:00:00,0.0
2013-12-04 07:00:00,0.0
2013-12-04 08:00:00,0.0
2013-12-04 09:00:00,15.274999999999999
2013-12-04 10:00:00,219.36666666666667
2013-12-04 11:00:00,435.97501
2013-12-04 12:00:00,680.9000100000001
2013-12-04 13:00:00,884.5999999999999
2013-12-04 14:00:00,1037.050025
2013-12-04 15:00:00,1126.500025
2013-12-04 16:00:00,1144.675025
2013-12-04 17:00:00,1091.175075
2013-12-04 18:00:00,864.85002
2013-12-04 19:00:00,721.95
2013-12-04 20:00:00,576.350005
2013-12-04 21:00:00,332.32501
2013-12-04 22:00:00,99.875
2013-12-04 23:00:00,0.0
2013-12-05 00:00:00,0.0
2013-12-05 01:00:00,0.0
2013-12-05 02:00:00,0.0
2013-12-05 03:00:00,0.0
2013-12-05 04:00:00,0.0
2013-12-05 05:00:00,0.0
2013-12-05 06:00:00,0.0
2013-12-05 07:00:00,0.0
2013-12-05 08:00:00,0.0
2013-12-05 09:00:00,11.725
2013-12-05 10:00:00,165.70000125
2013-12-05 11:00:00,405.825
2013-12-05 12:00:00,662.35
2013-12-05 13:00:00,865.15
2013-12-05 14:00:00,1017.4749999999999
2013-12-05 15:00:00,1109.95
2013-12-05 16:00:00,1131.075
2013-12-05 17:00:00,818.22501
2013-12-05 18:00:00,334.05001000000004
2013-12-05 19:00:00,319.85001
2013-12-05 20:00:00,177.70000124999999
2013-12-05 21:00:00,104.925
2013-12-05 22:00:00,20.47500075
2013-12-05 23:00:00,0.0
2013-12-06 00:00:00,0.0
2013-12-06 01:00:00,0.0
2013-12-06 02:00:00,0.0
2013-12-06 03:00:00,0.0
2013-12-06 04:00:00,0.0
2013-12-06 05:00:00,0.0
2013-12-06 06:00:00,0.0
2013-12-06 07:00:00,0.0
2013-12-06 08:00:00,0.0
2013-12-06 09:00:00,10.95
2013-12-06 10:00:00,171.125
2013-12-06 11:00:00,426.65002000000004
2013-12-06 12:00:00,658.07503
2013-12-06 13:00:00,862.47501
2013-12-06 14:00:00,1017.12501
2013-12-06 15:00:00,1098.075025
2013-12-06 16:00:00,983.725
2013-12-06 17:00:00,939.700025
2013-12-06 18:00:00,853.00001
2013-12-06 19:00:00,774.32502
2013-12-06 20:00:00,564.6500149999999
2013-12-06 21:00:00,319.15
2013-12-06 22:00:00,43.625
2013-12-06 23:00:00,0.0
2013-12-07 00:00:00,0.0
2013-12-07 01:00:00,0.0
2013-12-07 02:00:00,0.0
2013-12-07 03:00:00,0.0
2013-12-07 04:00:00,0.0
2013-12-07 05:00:00,0.0
2013-12-07 06:00:00,0.0
2013-12-07 07:00:00,0.0
2013-12-07 08:00:00,0.0
2013-12-07 09:00:00,14.125
2013-12-07 10:00:00,135.90000125
2013-12-07 11:00:00,300.4
2013-12-07 12:00:00,587.100025
2013-12-07 13:00:00,824.9
2013-12-07 14:00:00,959.575
2013-12-07 15:00:00,1101.775025
2013-12-07 16:00:00,1121.925025
2013-12-07 17:00:00,1070.42505
2013-12-07 18:00:00,821.675
2013-12-07 19:00:00,552.275
2013-12-07 20:00:00,472.125005
2013-12-07 21:00:00,220.725
2013-12-07 22:00:00,22.225
2013-12-07 23:00:00,0.0
2013-12-08 00:00:00,0.0
2013-12-08 01:00:00,0.0
2013-12-08 02:00:00,0.0
2013-12-08 03:00:00,0.0
2013-12-08 04:00:00,0.0
2013-12-08 05:00:00,0.0
2013-12-08 06:00:00,0.0
2013-12-08 07:00:00,0.0
2013-12-08 08:00:00,0.0
2013-12-08 09:00:00,8.00000025
2013-12-08 10:00:00,145.62500125
2013-12-08 11:00:00,423.875015
2013-12-08 12:00:00,665.175
2013-12-08 13:00:00,870.225
2013-12-08 14:00:00,1026.5
2013-12-08 15:00:00,1123.850025
2013-12-08 16:00:00,1103.4750250000002
2013-12-08 17:00:00,990.4749999999999
2013-12-08 18:00:00,871.225
2013-12-08 19:00:00,806.9000100000001
2013-12-08 20:00:00,591.175
2013-12-08 21:00:00,288.79999999999995
2013-12-08 22:00:00,0.0
2013-12-08 23:00:00,0.0
2013-12-09 00:00:00,0.0
2013-12-09 01:00:00,0.0
2013-12-09 02:00:00,0.0
2013-12-09 03:00:00,0.0
2013-12-09 04:00:00,0.0
2013-12-09 05:00:00,0.0
2013-12-09 06:00:00,0.0
2013-12-09 07:00:00,0.0
2013-12-09 08:00:00,0.0
2013-12-09 09:00:00,15.3
2013-12-09 10:00:00,191.75000125
2013-12-09 11:00:00,433.97502000000003
2013-12-09 12:00:00,588.4000100000001
2013-12-09 13:00:00,594.0250100000001
2013-12-09 14:00:00,776.3500200000001
2013-12-09 15:00:00,844.45002
2013-12-09 16:00:00,1015.67501
2013-12-09 17:00:00,1000.12501
2013-12-09 18:00:00,803.075
2013-12-09 19:00:00,427.575
2013-12-09 20:00:00,376.77501
2013-12-09 21:00:00,177.60000250000002
2013-12-09 22:00:00,52.65000025
2013-12-09 23:00:00,0.0
2013-12-10 00:00:00,0.0
2013-12-10 01:00:00,0.0
2013-12-10 02:00:00,0.0
2013-12-10 03:00:00,0.0
2013-12-10 04:00:00,0.0
2013-12-10 05:00:00,0.0
2013-12-10 06:00:00,0.0
2013-12-10 07:00:00,0.0
2013-12-10 08:00:00,0.0
2013-12-10 09:00:00,2.575
2013-12-10 10:00:00,117.6750005
2013-12-10 11:00:00,252.75000500000002
2013-12-10 12:00:00,358.125005
2013-12-10 13:00:00,481.625
2013-12-10 14:00:00,640.52502
2013-12-10 15:00:00,905.6000200000001
2013-12-10 16:00:00,969.82501
2013-12-10 17:00:00,726.67501
2013-12-10 18:00:00,582.3000099999999
2013-12-10 19:00:00,449.45000000000005
2013-12-10 20:00:00,171.0750025
2013-12-10 21:00:00,8.6
2013-12-10 22:00:00,7.7
2013-12-10 23:00:00,0.1
2013-12-11 00:00:00,0.0
2013-12-11 01:00:00,0.0
2013-12-11 02:00:00,0.0
2013-12-11 03:00:00,0.0
2013-12-11 04:00:00,0.0
2013-12-11 05:00:00,0.0
2013-12-11 06:00:00,0.0
2013-12-11 07:00:00,0.0
2013-12-11 08:00:00,0.0
2013-12-11 09:00:00,13.425
2013-12-11 10:00:00,151.7750025
2013-12-11 11:00:00,299.2
2013-12-11 12:00:00,411.000005
2013-12-11 13:00:00,554.6500100000001
2013-12-11 14:00:00,820.85001
2013-12-11 15:00:00,859.37501
2013-12-11 16:00:00,755.0
2013-12-11 17:00:00,757.95001
2013-12-11 18:00:00,577.55
2013-12-11 19:00:00,373.47501
2013-12-11 20:00:00,308.97501
2013-12-11 21:00:00,226.55000124999998
2013-12-11 22:00:00,28.1
2013-12-11 23:00:00,0.0
2013-12-12 00:00:00,0.0
2013-12-12 01:00:00,0.0
2013-12-12 02:00:00,0.0
2013-12-12 03:00:00,0.0
2013-12-12 04:00:00,0.0
2013-12-12 05:00:00,0.0
2013-12-12 06:00:00,0.0
2013-12-12 07:00:00,0.0
2013-12-12 08:00:00,0.0
2013-12-12 09:00:00,10.700000000000001
2013-12-12 10:00:00,124.55
2013-12-12 11:00:00,231.975
2013-12-12 12:00:00,384.425005
2013-12-12 13:00:00,495.775
2013-12-12 14:00:00,675.3000099999999
2013-12-12 15:00:00,935.00001
2013-12-12 16:00:00,819.7
2013-12-12 17:00:00,508.225
2013-12-12 18:00:00,384.5
2013-12-12 19:00:00,296.350005
2013-12-12 20:00:00,183.5
2013-12-12 21:00:00,95.2500005
2013-12-12 22:00:00,7.325
2013-12-12 23:00:00,0.0
2013-12-13 00:00:00,0.0
2013-12-13 01:00:00,0.0
2013-12-13 02:00:00,0.0
2013-12-13 03:00:00,0.0
2013-12-13 04:00:00,0.0
2013-12-13 05:00:00,0.0
2013-12-13 06:00:00,0.0
2013-12-13 07:00:00,0.0
2013-12-13 08:00:00,0.0
2013-12-13 09:00:00,14.149999999999999
2013-12-13 10:00:00,189.8000025
2013-12-13 11:00:00,399.82500500000003
2013-12-13 12:00:00,632.82501
2013-12-13 13:00:00,842.075
2013-12-13 14:00:00,1000.65
2013-12-13 15:00:00,1093.250025
2013-12-13 16:00:00,1117.55
2013-12-13 17:00:00,1068.925
2013-12-13 18:00:00,690.57502
2013-12-13 19:00:00,641.375
2013-12-13 20:00:00,437.7
2013-12-13 21:00:00,273.275
2013-12-13 22:00:00,62.699999999999996
2013-12-13 23:00:00,0.6
2013-12-14 00:00:00,0.0
2013-12-14 01:00:00,0.0
2013-12-14 02:00:00,0.0
2013-12-14 03:00:00,0.0
2013-12-14 04:00:00,0.0
2013-12-14 05:00:00,0.0
2013-12-14 06:00:00,0.0
2013-12-14 07:00:00,0.0
2013-12-14 08:00:00,0.0
2013-12-14 09:00:00,12.5
2013-12-14 10:00:00,180.42500625
2013-12-14 11:00:00,423.925
2013-12-14 12:00:00,670.15
2013-12-14 13:00:00,876.9000100000001
2013-12-14 14:00:00,1034.1999999999998
2013-12-14 15:00:00,1128.750025
2013-12-14 16:00:00,1145.225
2013-12-14 17:00:00,1044.000035
2013-12-14 18:00:00,894.4000100000001
2013-12-14 19:00:00,757.80001
2013-12-14 20:00:00,544.5250100000001
2013-12-14 21:00:00,255.475
2013-12-14 22:00:00,64.20000075
2013-12-14 23:00:00,1.25
2013-12-15 00:00:00,0.0
2013-12-15 01:00:00,0.0
2013-12-15 02:00:00,0.0
2013-12-15 03:00:00,0.0
2013-12-15 04:00:00,0.0
2013-12-15 05:00:00,0.0
2013-12-15 06:00:00,0.0
2013-12-15 07:00:00,0.0
2013-12-15 08:00:00,0.0
2013-12-15 09:00:00,4.3
2013-12-15 10:00:00,116.35000050000001
2013-12-15 11:00:00,195.1250025
2013-12-15 12:00:00,347.400005
2013-12-15 13:00:00,510.225
2013-12-15 14:00:00,696.3000099999999
2013-12-15 15:00:00,465.825
2013-12-15 16:00:00,578.1
2013-12-15 17:00:00,969.475025
2013-12-15 18:00:00,962.725
2013-12-15 19:00:00,793.2249999999999
2013-12-15 20:00:00,546.925005
2013-12-15 21:00:00,189.62500375
2013-12-15 22:00:00,30.6500005
2013-12-15 23:00:00,1.175000075
2013-12-16 00:00:00,0.0
2013-12-16 01:00:00,0.0
2013-12-16 02:00:00,0.0
2013-12-16 03:00:00,0.0
2013-12-16 04:00:00,0.0
2013-12-16 05:00:00,0.0
2013-12-16 06:00:00,0.0
2013-12-16 07:00:00,0.0
2013-12-16 08:00:00,0.0
2013-12-16 09:00:00,9.825
2013-12-16 10:00:00,146.75
2013-12-16 11:00:00,290.275005
2013-12-16 12:00:00,466.42501500000003
2013-12-16 13:00:00,560.92501
2013-12-16 14:00:00,751.675
2013-12-16 15:00:00,792.32501
2013-12-16 16:00:00,937.7249999999999
2013-12-16 17:00:00,912.425
2013-12-16 18:00:00,817.87502
2013-12-16 19:00:00,641.17501
2013-12-16 20:00:00,519.97501
2013-12-16 21:00:00,126.825005
2013-12-16 22:00:00,8.650000250000002
2013-12-16 23:00:00,0.0
2013-12-17 00:00:00,0.0
2013-12-17 01:00:00,0.0
2013-12-17 02:00:00,0.0
2013-12-17 03:00:00,0.0
2013-12-17 04:00:00,0.0
2013-12-17 05:00:00,0.0
2013-12-17 06:00:00,0.0
2013-12-17 07:00:00,0.0
2013-12-17 08:00:00,0.0
2013-12-17 09:00:00,7.7
2013-12-17 10:00:00,168.10000250000002
2013-12-17 11:00:00,411.85
2013-12-17 12:00:00,655.3499999999999
2013-12-17 13:00:00,860.1500100000001
2013-12-17 14:00:00,1016.050045
2013-12-17 15:00:00,1112.625
2013-12-17 16:00:00,1139.05005
2013-12-17 17:00:00,1089.225025
2013-12-17 18:00:00,944.150025
2013-12-17 19:00:00,661.725
2013-12-17 20:00:00,447.54999999999995
2013-12-17 21:00:00,230.50000125
2013-12-17 22:00:00,126.975
2013-12-17 23:00:00,0.650000025
2013-12-18 00:00:00,0.0
2013-12-18 01:00:00,0.0
2013-12-18 02:00:00,0.0
2013-12-18 03:00:00,0.0
2013-12-18 04:00:00,0.0
2013-12-18 05:00:00,0.0
2013-12-18 06:00:00,0.0
2013-12-18 07:00:00,0.0
2013-12-18 08:00:00,0.0
2013-12-18 09:00:00,10.075
2013-12-18 10:00:00,151.37500125
2013-12-18 11:00:00,290.6250025
2013-12-18 12:00:00,306.2000025
2013-12-18 13:00:00,777.7750100000001
2013-12-18 14:00:00,995.075
2013-12-18 15:00:00,1096.225
2013-12-18 16:00:00,1124.52505
2013-12-18 17:00:00,1033.525
2013-12-18 18:00:00,867.45001
2013-12-18 19:00:00,349.250005
2013-12-18 20:00:00,238.225
2013-12-18 21:00:00,204.500005
2013-12-18 22:00:00,49.525
2013-12-18 23:00:00,2.025
2013-12-19 00:00:00,0.0
2013-12-19 01:00:00,0.0
2013-12-19 02:00:00,0.0
2013-12-19 03:00:00,0.0
2013-12-19 04:00:00,0.0
2013-12-19 05:00:00,0.0
2013-12-19 06:00:00,0.0
2013-12-19 07:00:00,0.0
2013-12-19 08:00:00,0.0
2013-12-19 09:00:00,9.25
2013-12-19 10:00:00,146.1750025
2013-12-19 11:00:00,342.825
2013-12-19 12:00:00,631.5250100000001
2013-12-19 13:00:00,859.175
2013-12-19 14:00:00,946.00001
2013-12-19 15:00:00,774.425
2013-12-19 16:00:00,906.72502
2013-12-19 17:00:00,533.5000150000001
2013-12-19 18:00:00,477.67501500000003
2013-12-19 19:00:00,480.325015
2013-12-19 20:00:00,599.075
2013-12-19 21:00:00,330.875005
2013-12-19 22:00:00,113.0
2013-12-19 23:00:00,2.45
2013-12-20 00:00:00,0.0
2013-12-20 01:00:00,0.0
2013-12-20 02:00:00,0.0
2013-12-20 03:00:00,0.0
2013-12-20 04:00:00,0.0
2013-12-20 05:00:00,0.0
2013-12-20 06:00:00,0.0
2013-12-20 07:00:00,0.0
2013-12-20 08:00:00,0.0
2013-12-20 09:00:00,9.9
2013-12-20 10:00:00,109.55
2013-12-20 11:00:00,341.60001
2013-12-20 12:00:00,507.22501
2013-12-20 13:00:00,787.35
2013-12-20 14:00:00,971.0500099999999
2013-12-20 15:00:00,980.100025
2013-12-20 16:00:00,904.12501
2013-12-20 17:00:00,986.4500350000001
2013-12-20 18:00:00,956.27502
2013-12-20 19:00:00,766.375
2013-12-20 20:00:00,427.500005
2013-12-20 21:00:00,350.075005
2013-12-20 22:00:00,125.875
2013-12-20 23:00:00,2.575
2013-12-21 00:00:00,0.0
2013-12-21 01:00:00,0.0
2013-12-21 02:00:00,0.0
2013-12-21 03:00:00,0.0
2013-12-21 04:00:00,0.0
2013-12-21 05:00:00,0.0
2013-12-21 06:00:00,0.0
2013-12-21 07:00:00,0.0
2013-12-21 08:00:00,0.0
2013-12-21 09:00:00,7.3500000000000005
2013-12-21 10:00:00,150.275
2013-12-21 11:00:00,387.725005
2013-12-21 12:00:00,642.4000100000001
2013-12-21 13:00:00,850.675
2013-12-21 14:00:00,938.150025
2013-12-21 15:00:00,970.5
2013-12-21 16:00:00,852.95
2013-12-21 17:00:00,769.05
2013-12-21 18:00:00,941.075
2013-12-21 19:00:00,583.775005
2013-12-21 20:00:00,327.275005
2013-12-21 21:00:00,114.1500025
2013-12-21 22:00:00,63.675001275
2013-12-21 23:00:00,0.0
2013-12-22 00:00:00,0.0
2013-12-22 01:00:00,0.0
2013-12-22 02:00:00,0.0
2013-12-22 03:00:00,0.0
2013-12-22 04:00:00,0.0
2013-12-22 05:00:00,0.0
2013-12-22 06:00:00,0.0
2013-12-22 07:00:00,0.0
2013-12-22 08:00:00,0.0
2013-12-22 09:00:00,8.9750005
2013-12-22 10:00:00,169.62500625
2013-12-22 11:00:00,410.20000500000003
2013-12-22 12:00:00,638.35
2013-12-22 13:00:00,826.70001
2013-12-22 14:00:00,730.52501
2013-12-22 15:00:00,996.72501
2013-12-22 16:00:00,954.875
2013-12-22 17:00:00,994.650025
2013-12-22 18:00:00,789.22501
2013-12-22 19:00:00,701.825
2013-12-22 20:00:00,234.95
2013-12-22 21:00:00,81.925
2013-12-22 22:00:00,3.175
2013-12-22 23:00:00,1.475
2013-12-23 00:00:00,0.0
2013-12-23 01:00:00,0.0
2013-12-23 02:00:00,0.0
2013-12-23 03:00:00,0.0
2013-12-23 04:00:00,0.0
2013-12-23 05:00:00,0.0
2013-12-23 06:00:00,0.0
2013-12-23 07:00:00,0.0
2013-12-23 08:00:00,0.0
2013-12-23 09:00:00,7.625
2013-12-23 10:00:00,159.025
2013-12-23 11:00:00,399.2
2013-12-23 12:00:00,637.4
2013-12-23 13:00:00,733.55001
2013-12-23 14:00:00,683.9000000000001
2013-12-23 15:00:00,720.50001
2013-12-23 16:00:00,902.150035
2013-12-23 17:00:00,1049.17505
2013-12-23 18:00:00,943.9
2013-12-23 19:00:00,824.67501
2013-12-23 20:00:00,434.05
2013-12-23 21:00:00,372.02501
2013-12-23 22:00:00,134.5500025
2013-12-23 23:00:00,2.60000025
2013-12-24 00:00:00,0.0
2013-12-24 01:00:00,0.0
2013-12-24 02:00:00,0.0
2013-12-24 03:00:00,0.0
2013-12-24 04:00:00,0.0
2013-12-24 05:00:00,0.0
2013-12-24 06:00:00,0.0
2013-12-24 07:00:00,0.0
2013-12-24 08:00:00,0.0
2013-12-24 09:00:00,7.9
2013-12-24 10:00:00,163.37500500000002
2013-12-24 11:00:00,404.925
2013-12-24 12:00:00,646.97501
2013-12-24 13:00:00,856.12503
2013-12-24 14:00:00,1017.5999999999999
2013-12-24 15:00:00,1117.625025
2013-12-24 16:00:00,1148.32505
2013-12-24 17:00:00,1107.675025
2013-12-24 18:00:00,998.875025
2013-12-24 19:00:00,832.05001
2013-12-24 20:00:00,619.45
2013-12-24 21:00:00,351.25
2013-12-24 22:00:00,131.7
2013-12-24 23:00:00,3.925
2013-12-25 00:00:00,0.0
2013-12-25 01:00:00,0.0
2013-12-25 02:00:00,0.0
2013-12-25 03:00:00,0.0
2013-12-25 04:00:00,0.0
2013-12-25 05:00:00,0.0
2013-12-25 06:00:00,0.0
2013-12-25 07:00:00,0.0
2013-12-25 08:00:00,0.0
2013-12-25 09:00:00,7.6
2013-12-25 10:00:00,161.6750025
2013-12-25 11:00:00,402.02500499999996
2013-12-25 12:00:00,627.12501
2013-12-25 13:00:00,837.55
2013-12-25 14:00:00,1000.27501
2013-12-25 15:00:00,1106.550075
2013-12-25 16:00:00,1139.0
2013-12-25 17:00:00,1100.90005
2013-12-25 18:00:00,991.32502
2013-12-25 19:00:00,775.15
2013-12-25 20:00:00,556.97501
2013-12-25 21:00:00,321.7750075
2013-12-25 22:00:00,119.25
2013-12-25 23:00:00,4.32500025
2013-12-26 00:00:00,0.0
2013-12-26 01:00:00,0.0
2013-12-26 02:00:00,0.0
2013-12-26 03:00:00,0.0
2013-12-26 04:00:00,0.0
2013-12-26 05:00:00,0.0
2013-12-26 06:00:00,0.0
2013-12-26 07:00:00,0.0
2013-12-26 08:00:00,0.0
2013-12-26 09:00:00,7.75
2013-12-26 10:00:00,166.5250025
2013-12-26 11:00:00,409.275
2013-12-26 12:00:00,635.05003
2013-12-26 13:00:00,844.625
2013-12-26 14:00:00,1007.2
2013-12-26 15:00:00,1098.20005
2013-12-26 16:00:00,1143.550025
2013-12-26 17:00:00,1105.525
2013-12-26 18:00:00,997.1750099999999
2013-12-26 19:00:00,831.22502
2013-12-26 20:00:00,618.17502
2013-12-26 21:00:00,376.725
2013-12-26 22:00:00,82.52499999999999
2013-12-26 23:00:00,0.775000025
2013-12-27 00:00:00,0.0
2013-12-27 01:00:00,0.0
2013-12-27 02:00:00,0.0
2013-12-27 03:00:00,0.0
2013-12-27 04:00:00,0.0
2013-12-27 05:00:00,0.0
2013-12-27 06:00:00,0.0
2013-12-27 07:00:00,0.0
2013-12-27 08:00:00,0.0
2013-12-27 09:00:00,5.15
2013-12-27 10:00:00,153.60000125
2013-12-27 11:00:00,376.80001000000004
2013-12-27 12:00:00,572.42501
2013-12-27 13:00:00,745.80001
2013-12-27 14:00:00,894.52502
2013-12-27 15:00:00,1036.650025
2013-12-27 16:00:00,1113.325025
2013-12-27 17:00:00,1089.1
2013-12-27 18:00:00,980.625025
2013-12-27 19:00:00,814.45
2013-12-27 20:00:00,602.27502
2013-12-27 21:00:00,358.325
2013-12-27 22:00:00,90.8250025
2013-12-27 23:00:00,0.0
2013-12-28 00:00:00,0.0
2013-12-28 01:00:00,0.0
2013-12-28 02:00:00,0.0
2013-12-28 03:00:00,0.0
2013-12-28 04:00:00,0.0
2013-12-28 05:00:00,0.0
2013-12-28 06:00:00,0.0
2013-12-28 07:00:00,0.0
2013-12-28 08:00:00,0.0
2013-12-28 09:00:00,5.4
2013-12-28 10:00:00,142.625
2013-12-28 11:00:00,379.57500500000003
2013-12-28 12:00:00,625.925
2013-12-28 13:00:00,836.32503
2013-12-28 14:00:00,938.27502
2013-12-28 15:00:00,868.0250100000001
2013-12-28 16:00:00,936.575025
2013-12-28 17:00:00,927.325
2013-12-28 18:00:00,937.07501
2013-12-28 19:00:00,697.9750200000001
2013-12-28 20:00:00,546.950005
2013-12-28 21:00:00,193.65
2013-12-28 22:00:00,48.8500005
2013-12-28 23:00:00,0.0
2013-12-29 00:00:00,0.0
2013-12-29 01:00:00,0.0
2013-12-29 02:00:00,0.0
2013-12-29 03:00:00,0.0
2013-12-29 04:00:00,0.0
2013-12-29 05:00:00,0.0
2013-12-29 06:00:00,0.0
2013-12-29 07:00:00,0.0
2013-12-29 08:00:00,0.0
2013-12-29 09:00:00,5.275
2013-12-29 10:00:00,143.75
2013-12-29 11:00:00,380.350015
2013-12-29 12:00:00,579.675005
2013-12-29 13:00:00,780.85
2013-12-29 14:00:00,495.725
2013-12-29 15:00:00,408.275005
2013-12-29 16:00:00,910.925025
2013-12-29 17:00:00,1027.3
2013-12-29 18:00:00,875.70002
2013-12-29 19:00:00,791.25
2013-12-29 20:00:00,582.62501
2013-12-29 21:00:00,340.125005
2013-12-29 22:00:00,56.825000075000005
2013-12-29 23:00:00,3.5
2013-12-30 00:00:00,0.0
2013-12-30 01:00:00,0.0
2013-12-30 02:00:00,0.0
2013-12-30 03:00:00,0.0
2013-12-30 04:00:00,0.0
2013-12-30 05:00:00,0.0
2013-12-30 06:00:00,0.0
2013-12-30 07:00:00,0.0
2013-12-30 08:00:00,0.0
2013-12-30 09:00:00,4.225
2013-12-30 10:00:00,130.64999999999998
2013-12-30 11:00:00,364.9
2013-12-30 12:00:00,612.40003
2013-12-30 13:00:00,824.47502
2013-12-30 14:00:00,988.775025
2013-12-30 15:00:00,1090.750025
2013-12-30 16:00:00,1095.675
2013-12-30 17:00:00,877.425
2013-12-30 18:00:00,341.15000499999996
2013-12-30 19:00:00,266.00000666666665
2013-12-30 20:00:00,245.8750075
2013-12-30 21:00:00,160.32500125
2013-12-30 22:00:00,26.4750005
2013-12-30 23:00:00,0.0
2013-12-31 00:00:00,0.0
2013-12-31 01:00:00,0.0
2013-12-31 02:00:00,0.0
2013-12-31 03:00:00,0.0
2013-12-31 04:00:00,0.0
2013-12-31 05:00:00,0.0
2013-12-31 06:00:00,0.0
2013-12-31 07:00:00,0.0
2013-12-31 08:00:00,0.0
2013-12-31 09:00:00,4.175
2013-12-31 10:00:00,133.225
2013-12-31 11:00:00,368.875
2013-12-31 12:00:00,625.75
2013-12-31 13:00:00,835.2750100000001
2013-12-31 14:00:00,999.4000100000001
2013-12-31 15:00:00,1102.275025
2013-12-31 16:00:00,1136.750025
2013-12-31 17:00:00,879.625
2013-12-31 18:00:00,353.20001
2013-12-31 19:00:00,240.075
2013-12-31 20:00:00,133.375
2013-12-31 21:00:00,10.95
2013-12-31 22:00:00,0.0
2013-12-31 23:00:00,0.0
2014-01-01 00:00:00,0.0
2014-01-01 01:00:00,0.0
2014-01-01 02:00:00,0.0
2014-01-01 03:00:00,0.0
2014-01-01 04:00:00,0.0
2014-01-01 05:00:00,0.0
2014-01-01 06:00:00,0.0
2014-01-01 07:00:00,0.0
2014-01-01 08:00:00,0.0
2014-01-01 09:00:00,1.75
2014-01-01 10:00:00,127.1500025
2014-01-01 11:00:00,361.450015
2014-01-01 12:00:00,610.52502
2014-01-01 13:00:00,826.12502
2014-01-01 14:00:00,995.4749999999999
2014-01-01 15:00:00,1100.550025
2014-01-01 16:00:00,1135.500025
2014-01-01 17:00:00,1099.625025
2014-01-01 18:00:00,720.325015
2014-01-01 19:00:00,701.67502
2014-01-01 20:00:00,471.975005
2014-01-01 21:00:00,340.60001
2014-01-01 22:00:00,95.95000125
2014-01-01 23:00:00,0.0
2014-01-02 00:00:00,0.0
2014-01-02 01:00:00,0.0
2014-01-02 02:00:00,0.0
2014-01-02 03:00:00,0.0
2014-01-02 04:00:00,0.0
2014-01-02 05:00:00,0.0
2014-01-02 06:00:00,0.0
2014-01-02 07:00:00,0.0
2014-01-02 08:00:00,0.0
2014-01-02 09:00:00,3.325
2014-01-02 10:00:00,125.40000125
2014-01-02 11:00:00,359.225
2014-01-02 12:00:00,605.45
2014-01-02 13:00:00,819.2
2014-01-02 14:00:00,985.22501
2014-01-02 15:00:00,1089.30005
2014-01-02 16:00:00,1125.1250249999998
2014-01-02 17:00:00,1091.0
2014-01-02 18:00:00,979.3250250000001
2014-01-02 19:00:00,815.3000099999999
2014-01-02 20:00:00,576.35
2014-01-02 21:00:00,270.5
2014-01-02 22:00:00,0.0
2014-01-02 23:00:00,2.05
2014-01-03 00:00:00,0.0
2014-01-03 01:00:00,0.0
2014-01-03 02:00:00,0.0
2014-01-03 03:00:00,0.0
2014-01-03 04:00:00,0.0
2014-01-03 05:00:00,0.0
2014-01-03 06:00:00,0.0
2014-01-03 07:00:00,0.0
2014-01-03 08:00:00,0.0
2014-01-03 09:00:00,0.0
2014-01-03 10:00:00,95.20000125
2014-01-03 11:00:00,207.5250025
2014-01-03 12:00:00,351.550005
2014-01-03 13:00:00,431.725005
2014-01-03 14:00:00,510.975005
2014-01-03 15:00:00,661.2250200000001
2014-01-03 16:00:00,597.97501
2014-01-03 17:00:00,443.72501
2014-01-03 18:00:00,378.97501
2014-01-03 19:00:00,426.025
2014-01-03 20:00:00,182.050005
2014-01-03 21:00:00,12.8750005
2014-01-03 22:00:00,0.0
2014-01-03 23:00:00,0.0
2014-01-04 00:00:00,0.0
2014-01-04 01:00:00,0.0
2014-01-04 02:00:00,0.0
2014-01-04 03:00:00,0.0
2014-01-04 04:00:00,0.0
2014-01-04 05:00:00,0.0
2014-01-04 06:00:00,0.0
2014-01-04 07:00:00,0.0
2014-01-04 08:00:00,0.0
2014-01-04 09:00:00,3.45
2014-01-04 10:00:00,132.175
2014-01-04 11:00:00,375.250005
2014-01-04 12:00:00,630.52501
2014-01-04 13:00:00,843.85001
2014-01-04 14:00:00,1010.7
2014-01-04 15:00:00,1117.32505
2014-01-04 16:00:00,1154.975
2014-01-04 17:00:00,1120.300025
2014-01-04 18:00:00,1016.450025
2014-01-04 19:00:00,853.47502
2014-01-04 20:00:00,643.70002
2014-01-04 21:00:00,404.950005
2014-01-04 22:00:00,163.72500125
2014-01-04 23:00:00,7.1
2014-01-05 00:00:00,0.0
2014-01-05 01:00:00,0.0
2014-01-05 02:00:00,0.0
2014-01-05 03:00:00,0.0
2014-01-05 04:00:00,0.0
2014-01-05 05:00:00,0.0
2014-01-05 06:00:00,0.0
2014-01-05 07:00:00,0.0
2014-01-05 08:00:00,0.0
2014-01-05 09:00:00,3.375
2014-01-05 10:00:00,143.75
2014-01-05 11:00:00,386.52500499999996
2014-01-05 12:00:00,629.85
2014-01-05 13:00:00,845.8499999999999
2014-01-05 14:00:00,1015.975
2014-01-05 15:00:00,1126.325025
2014-01-05 16:00:00,1166.250075
2014-01-05 17:00:00,1132.150025
2014-01-05 18:00:00,1026.87501
2014-01-05 19:00:00,861.55002
2014-01-05 20:00:00,648.97502
2014-01-05 21:00:00,404.100005
2014-01-05 22:00:00,161.07500125
2014-01-05 23:00:00,6.9
2014-01-06 00:00:00,0.0
2014-01-06 01:00:00,0.0
2014-01-06 02:00:00,0.0
2014-01-06 03:00:00,0.0
2014-01-06 04:00:00,0.0
2014-01-06 05:00:00,0.0
2014-01-06 06:00:00,0.0
2014-01-06 07:00:00,0.0
2014-01-06 08:00:00,0.0
2014-01-06 09:00:00,0.0
2014-01-06 10:00:00,136.525
2014-01-06 11:00:00,376.7
2014-01-06 12:00:00,623.30001
2014-01-06 13:00:00,837.675
2014-01-06 14:00:00,1005.5
2014-01-06 15:00:00,1113.325
2014-01-06 16:00:00,1151.500025
2014-01-06 17:00:00,1117.825
2014-01-06 18:00:00,1015.4749999999999
2014-01-06 19:00:00,852.9
2014-01-06 20:00:00,643.875
2014-01-06 21:00:00,231.45
2014-01-06 22:00:00,66.925
2014-01-06 23:00:00,7.25
2014-01-07 00:00:00,0.0
2014-01-07 01:00:00,0.0
2014-01-07 02:00:00,0.0
2014-01-07 03:00:00,0.0
2014-01-07 04:00:00,0.0
2014-01-07 05:00:00,0.0
2014-01-07 06:00:00,0.0
2014-01-07 07:00:00,0.0
2014-01-07 08:00:00,0.0
2014-01-07 09:00:00,2.47500025
2014-01-07 10:00:00,136.125
2014-01-07 11:00:00,375.125005
2014-01-07 12:00:00,601.825
2014-01-07 13:00:00,823.2000133333335
2014-01-07 14:00:00,983.4
2014-01-07 15:00:00,1089.925
2014-01-07 16:00:00,1128.125025
2014-01-07 17:00:00,1095.8000000000002
2014-01-07 18:00:00,994.575025
2014-01-07 19:00:00,834.07502
2014-01-07 20:00:00,545.3
2014-01-07 21:00:00,131.5000025
2014-01-07 22:00:00,112.725
2014-01-07 23:00:00,5.625
2014-01-08 00:00:00,0.0
2014-01-08 01:00:00,0.0
2014-01-08 02:00:00,0.0
2014-01-08 03:00:00,0.0
2014-01-08 04:00:00,0.0
2014-01-08 05:00:00,0.0
2014-01-08 06:00:00,0.0
2014-01-08 07:00:00,0.0
2014-01-08 08:00:00,0.0
2014-01-08 09:00:00,1.825
2014-01-08 10:00:00,125.5500025
2014-01-08 11:00:00,357.475005
2014-01-08 12:00:00,512.125
2014-01-08 13:00:00,746.80001
2014-01-08 14:00:00,627.65002
2014-01-08 15:00:00,753.32501
2014-01-08 16:00:00,717.675
2014-01-08 17:00:00,758.60001
2014-01-08 18:00:00,745.925
2014-01-08 19:00:00,536.85001
2014-01-08 20:00:00,420.7750075
2014-01-08 21:00:00,66.75000025
2014-01-08 22:00:00,1.375
2014-01-08 23:00:00,0.0
2014-01-09 00:00:00,0.0
2014-01-09 01:00:00,0.0
2014-01-09 02:00:00,0.0
2014-01-09 03:00:00,0.0
2014-01-09 04:00:00,0.0
2014-01-09 05:00:00,0.0
2014-01-09 06:00:00,0.0
2014-01-09 07:00:00,0.0
2014-01-09 08:00:00,0.0
2014-01-09 09:00:00,1.550000075
2014-01-09 10:00:00,128.1750025
2014-01-09 11:00:00,372.4
2014-01-09 12:00:00,625.77502
2014-01-09 13:00:00,845.825
2014-01-09 14:00:00,1023.6334
2014-01-09 15:00:00,1128.875
2014-01-09 16:00:00,1167.975
2014-01-09 17:00:00,1133.275025
2014-01-09 18:00:00,936.825
2014-01-09 19:00:00,690.25001
2014-01-09 20:00:00,609.8
2014-01-09 21:00:00,295.975
2014-01-09 22:00:00,0.0
2014-01-09 23:00:00,0.0
2014-01-10 00:00:00,0.0
2014-01-10 01:00:00,0.0
2014-01-10 02:00:00,0.0
2014-01-10 03:00:00,0.0
2014-01-10 04:00:00,0.0
2014-01-10 05:00:00,0.0
2014-01-10 06:00:00,0.0
2014-01-10 07:00:00,0.0
2014-01-10 08:00:00,0.0
2014-01-10 09:00:00,1.175000075
2014-01-10 10:00:00,122.05000000000001
2014-01-10 11:00:00,360.675005
2014-01-10 12:00:00,594.95
2014-01-10 13:00:00,810.025
2014-01-10 14:00:00,977.700025
2014-01-10 15:00:00,1085.4
2014-01-10 16:00:00,1072.25005
2014-01-10 17:00:00,1096.150025
2014-01-10 18:00:00,791.85001
2014-01-10 19:00:00,495.500005
2014-01-10 20:00:00,271.9
2014-01-10 21:00:00,34.1
2014-01-10 22:00:00,0.0
2014-01-10 23:00:00,0.0
2014-01-11 00:00:00,0.0
2014-01-11 01:00:00,0.0
2014-01-11 02:00:00,0.0
2014-01-11 03:00:00,0.0
2014-01-11 04:00:00,0.0
2014-01-11 05:00:00,0.0
2014-01-11 06:00:00,0.0
2014-01-11 07:00:00,0.0
2014-01-11 08:00:00,0.0
2014-01-11 09:00:00,0.0
2014-01-11 10:00:00,84.9
2014-01-11 11:00:00,192.850005
2014-01-11 12:00:00,217.3250025
2014-01-11 13:00:00,331.15
2014-01-11 14:00:00,351.275
2014-01-11 15:00:00,453.97501
2014-01-11 16:00:00,526.375
2014-01-11 17:00:00,591.75001
2014-01-11 18:00:00,344.250005
2014-01-11 19:00:00,300.5500125
2014-01-11 20:00:00,260.45
2014-01-11 21:00:00,93.17500125000001
2014-01-11 22:00:00,1.15
2014-01-11 23:00:00,1.9
2014-01-12 00:00:00,0.0
2014-01-12 01:00:00,0.0
2014-01-12 02:00:00,0.0
2014-01-12 03:00:00,0.0
2014-01-12 04:00:00,0.0
2014-01-12 05:00:00,0.0
2014-01-12 06:00:00,0.0
2014-01-12 07:00:00,0.0
2014-01-12 08:00:00,0.0
2014-01-12 09:00:00,0.0
2014-01-12 10:00:00,75.82499999999999
2014-01-12 11:00:00,211.60000250000002
2014-01-12 12:00:00,354.025005
2014-01-12 13:00:00,520.175
2014-01-12 14:00:00,743.15
2014-01-12 15:00:00,664.62501
2014-01-12 16:00:00,592.925
2014-01-12 17:00:00,535.95
2014-01-12 18:00:00,424.000015
2014-01-12 19:00:00,353.77500499999996
2014-01-12 20:00:00,177.12500125
2014-01-12 21:00:00,22.42500025
2014-01-12 22:00:00,0.0
2014-01-12 23:00:00,0.0
2014-01-13 00:00:00,0.0
2014-01-13 01:00:00,0.0
2014-01-13 02:00:00,0.0
2014-01-13 03:00:00,0.0
2014-01-13 04:00:00,0.0
2014-01-13 05:00:00,0.0
2014-01-13 06:00:00,0.0
2014-01-13 07:00:00,0.0
2014-01-13 08:00:00,0.0
2014-01-13 09:00:00,0.15
2014-01-13 10:00:00,100.12500025
2014-01-13 11:00:00,325.8
2014-01-13 12:00:00,583.1
2014-01-13 13:00:00,801.9
2014-01-13 14:00:00,974.0
2014-01-13 15:00:00,1087.200025
2014-01-13 16:00:00,1128.40005
2014-01-13 17:00:00,1096.65005
2014-01-13 18:00:00,998.3499999999999
2014-01-13 19:00:00,821.7249999999999
2014-01-13 20:00:00,591.275
2014-01-13 21:00:00,366.77501
2014-01-13 22:00:00,64.7
2014-01-13 23:00:00,5.70000025
2014-01-14 00:00:00,0.0
2014-01-14 01:00:00,0.0
2014-01-14 02:00:00,0.0
2014-01-14 03:00:00,0.0
2014-01-14 04:00:00,0.0
2014-01-14 05:00:00,0.0
2014-01-14 06:00:00,0.0
2014-01-14 07:00:00,0.0
2014-01-14 08:00:00,0.0
2014-01-14 09:00:00,0.0
2014-01-14 10:00:00,
2014-01-14 11:00:00,
2014-01-14 12:00:00,
2014-01-14 13:00:00,
2014-01-14 14:00:00,
2014-01-14 15:00:00,
2014-01-14 16:00:00,
2014-01-14 17:00:00,
2014-01-14 18:00:00,
2014-01-14 19:00:00,
2014-01-14 20:00:00,
2014-01-14 21:00:00,
2014-01-14 22:00:00,
2014-01-14 23:00:00,
2014-01-15 00:00:00,
2014-01-15 01:00:00,
2014-01-15 02:00:00,
2014-01-15 03:00:00,
2014-01-15 04:00:00,
2014-01-15 05:00:00,
2014-01-15 06:00:00,
2014-01-15 07:00:00,
2014-01-15 08:00:00,
2014-01-15 09:00:00,
2014-01-15 10:00:00,
2014-01-15 11:00:00,
2014-01-15 12:00:00,
2014-01-15 13:00:00,
2014-01-15 14:00:00,
2014-01-15 15:00:00,
2014-01-15 16:00:00,
2014-01-15 17:00:00,
2014-01-15 18:00:00,
2014-01-15 19:00:00,
2014-01-15 20:00:00,
2014-01-15 21:00:00,
2014-01-15 22:00:00,
2014-01-15 23:00:00,
2014-01-16 00:00:00,
2014-01-16 01:00:00,
2014-01-16 02:00:00,
2014-01-16 03:00:00,
2014-01-16 04:00:00,
2014-01-16 05:00:00,
2014-01-16 06:00:00,
2014-01-16 07:00:00,
2014-01-16 08:00:00,
2014-01-16 09:00:00,
2014-01-16 10:00:00,
2014-01-16 11:00:00,
2014-01-16 12:00:00,
2014-01-16 13:00:00,
2014-01-16 14:00:00,
2014-01-16 15:00:00,
2014-01-16 16:00:00,
2014-01-16 17:00:00,
2014-01-16 18:00:00,
2014-01-16 19:00:00,
2014-01-16 20:00:00,
2014-01-16 21:00:00,
2014-01-16 22:00:00,
2014-01-16 23:00:00,
2014-01-17 00:00:00,
2014-01-17 01:00:00,
2014-01-17 02:00:00,
2014-01-17 03:00:00,
2014-01-17 04:00:00,
2014-01-17 05:00:00,
2014-01-17 06:00:00,
2014-01-17 07:00:00,
2014-01-17 08:00:00,
2014-01-17 09:00:00,
2014-01-17 10:00:00,
2014-01-17 11:00:00,
2014-01-17 12:00:00,
2014-01-17 13:00:00,
2014-01-17 14:00:00,
2014-01-17 15:00:00,
2014-01-17 16:00:00,
2014-01-17 17:00:00,
2014-01-17 18:00:00,
2014-01-17 19:00:00,
2014-01-17 20:00:00,
2014-01-17 21:00:00,
2014-01-17 22:00:00,
2014-01-17 23:00:00,
2014-01-18 00:00:00,
2014-01-18 01:00:00,
2014-01-18 02:00:00,
2014-01-18 03:00:00,
2014-01-18 04:00:00,
2014-01-18 05:00:00,
2014-01-18 06:00:00,
2014-01-18 07:00:00,
2014-01-18 08:00:00,
2014-01-18 09:00:00,
2014-01-18 10:00:00,
2014-01-18 11:00:00,
2014-01-18 12:00:00,
2014-01-18 13:00:00,
2014-01-18 14:00:00,
2014-01-18 15:00:00,
2014-01-18 16:00:00,
2014-01-18 17:00:00,
2014-01-18 18:00:00,
2014-01-18 19:00:00,
2014-01-18 20:00:00,
2014-01-18 21:00:00,
2014-01-18 22:00:00,
2014-01-18 23:00:00,
2014-01-19 00:00:00,
2014-01-19 01:00:00,
2014-01-19 02:00:00,
2014-01-19 03:00:00,
2014-01-19 04:00:00,
2014-01-19 05:00:00,
2014-01-19 06:00:00,
2014-01-19 07:00:00,
2014-01-19 08:00:00,
2014-01-19 09:00:00,
2014-01-19 10:00:00,
2014-01-19 11:00:00,
2014-01-19 12:00:00,
2014-01-19 13:00:00,
2014-01-19 14:00:00,
2014-01-19 15:00:00,
2014-01-19 16:00:00,
2014-01-19 17:00:00,
2014-01-19 18:00:00,
2014-01-19 19:00:00,
2014-01-19 20:00:00,
2014-01-19 21:00:00,
2014-01-19 22:00:00,
2014-01-19 23:00:00,
2014-01-20 00:00:00,
2014-01-20 01:00:00,
2014-01-20 02:00:00,
2014-01-20 03:00:00,
2014-01-20 04:00:00,
2014-01-20 05:00:00,
2014-01-20 06:00:00,
2014-01-20 07:00:00,
2014-01-20 08:00:00,
2014-01-20 09:00:00,
2014-01-20 10:00:00,
2014-01-20 11:00:00,
2014-01-20 12:00:00,
2014-01-20 13:00:00,
2014-01-20 14:00:00,
2014-01-20 15:00:00,
2014-01-20 16:00:00,
2014-01-20 17:00:00,
2014-01-20 18:00:00,
2014-01-20 19:00:00,
2014-01-20 20:00:00,
2014-01-20 21:00:00,
2014-01-20 22:00:00,
2014-01-20 23:00:00,
2014-01-21 00:00:00,
2014-01-21 01:00:00,
2014-01-21 02:00:00,
2014-01-21 03:00:00,
2014-01-21 04:00:00,
2014-01-21 05:00:00,
2014-01-21 06:00:00,
2014-01-21 07:00:00,
2014-01-21 08:00:00,
2014-01-21 09:00:00,0.0
2014-01-21 10:00:00,82.92500175
2014-01-21 11:00:00,310.075005
2014-01-21 12:00:00,533.8249999999999
2014-01-21 13:00:00,754.50003
2014-01-21 14:00:00,930.10001
2014-01-21 15:00:00,1048.075
2014-01-21 16:00:00,1093.97505
2014-01-21 17:00:00,1068.050025
2014-01-21 18:00:00,968.025
2014-01-21 19:00:00,723.65002
2014-01-21 20:00:00,288.7000025
2014-01-21 21:00:00,17.45
2014-01-21 22:00:00,0.0
2014-01-21 23:00:00,0.0
2014-01-22 00:00:00,0.0
2014-01-22 01:00:00,0.0
2014-01-22 02:00:00,0.0
2014-01-22 03:00:00,0.0
2014-01-22 04:00:00,0.0
2014-01-22 05:00:00,0.0
2014-01-22 06:00:00,0.0
2014-01-22 07:00:00,0.0
2014-01-22 08:00:00,0.0
2014-01-22 09:00:00,0.0
2014-01-22 10:00:00,63.2500005
2014-01-22 11:00:00,291.100005
2014-01-22 12:00:00,523.42501
2014-01-22 13:00:00,776.65
2014-01-22 14:00:00,959.525
2014-01-22 15:00:00,1078.775025
2014-01-22 16:00:00,1124.67505
2014-01-22 17:00:00,1097.95005
2014-01-22 18:00:00,1003.20001
2014-01-22 19:00:00,845.9
2014-01-22 20:00:00,507.05001
2014-01-22 21:00:00,81.07500125
2014-01-22 22:00:00,0.0
2014-01-22 23:00:00,0.0
2014-01-23 00:00:00,0.0
2014-01-23 01:00:00,0.0
2014-01-23 02:00:00,0.0
2014-01-23 03:00:00,0.0
2014-01-23 04:00:00,0.0
2014-01-23 05:00:00,0.0
2014-01-23 06:00:00,0.0
2014-01-23 07:00:00,0.0
2014-01-23 08:00:00,0.0
2014-01-23 09:00:00,0.0
2014-01-23 10:00:00,60.125
2014-01-23 11:00:00,253.70000249999998
2014-01-23 12:00:00,473.900005
2014-01-23 13:00:00,756.07501
2014-01-23 14:00:00,942.6
2014-01-23 15:00:00,1063.125025
2014-01-23 16:00:00,1110.325
2014-01-23 17:00:00,1083.3500250000002
2014-01-23 18:00:00,986.75
2014-01-23 19:00:00,829.65
2014-01-23 20:00:00,619.375
2014-01-23 21:00:00,376.07500500000003
2014-01-23 22:00:00,114.19999999999999
2014-01-23 23:00:00,0.0
2014-01-24 00:00:00,0.0
2014-01-24 01:00:00,0.0
2014-01-24 02:00:00,0.0
2014-01-24 03:00:00,0.0
2014-01-24 04:00:00,0.0
2014-01-24 05:00:00,0.0
2014-01-24 06:00:00,0.0
2014-01-24 07:00:00,0.0
2014-01-24 08:00:00,0.0
2014-01-24 09:00:00,0.0
2014-01-24 10:00:00,79.9000005
2014-01-24 11:00:00,187.05
2014-01-24 12:00:00,324.0500075
2014-01-24 13:00:00,412.275005
2014-01-24 14:00:00,380.97501
2014-01-24 15:00:00,215.0250025
2014-01-24 16:00:00,292.55
2014-01-24 17:00:00,342.600005
2014-01-24 18:00:00,322.525005
2014-01-24 19:00:00,300.475005
2014-01-24 20:00:00,232.825
2014-01-24 21:00:00,72.9
2014-01-24 22:00:00,0.0
2014-01-24 23:00:00,0.0
2014-01-25 00:00:00,0.0
2014-01-25 01:00:00,0.0
2014-01-25 02:00:00,0.0
2014-01-25 03:00:00,0.0
2014-01-25 04:00:00,0.0
2014-01-25 05:00:00,0.0
2014-01-25 06:00:00,0.0
2014-01-25 07:00:00,0.0
2014-01-25 08:00:00,0.0
2014-01-25 09:00:00,0.0
2014-01-25 10:00:00,56.55000125
2014-01-25 11:00:00,194.1750025
2014-01-25 12:00:00,282.7750025
2014-01-25 13:00:00,368.800005
2014-01-25 14:00:00,517.9
2014-01-25 15:00:00,640.92501
2014-01-25 16:00:00,756.025
2014-01-25 17:00:00,697.95001
2014-01-25 18:00:00,563.55001
2014-01-25 19:00:00,452.90001
2014-01-25 20:00:00,244.65000500000002
2014-01-25 21:00:00,63.70000375000001
2014-01-25 22:00:00,18.95
2014-01-25 23:00:00,0.0
2014-01-26 00:00:00,
2014-01-26 01:00:00,0.0
2014-01-26 02:00:00,0.0
2014-01-26 03:00:00,0.0
2014-01-26 04:00:00,0.0
2014-01-26 05:00:00,0.0
2014-01-26 06:00:00,0.0
2014-01-26 07:00:00,0.0
2014-01-26 08:00:00,0.0
2014-01-26 09:00:00,0.0
2014-01-26 10:00:00,66.02500007500001
2014-01-26 11:00:00,272.45000749999997
2014-01-26 12:00:00,463.40001
2014-01-26 13:00:00,591.4
2014-01-26 14:00:00,841.65
2014-01-26 15:00:00,1038.725
2014-01-26 16:00:00,1074.225
2014-01-26 17:00:00,937.075
2014-01-26 18:00:00,686.10001
2014-01-26 19:00:00,440.87501
2014-01-26 20:00:00,262.875005
2014-01-26 21:00:00,122.225
2014-01-26 22:00:00,22.625
2014-01-26 23:00:00,0.0
2014-01-27 00:00:00,0.0
2014-01-27 01:00:00,0.0
2014-01-27 02:00:00,0.0
2014-01-27 03:00:00,0.0
2014-01-27 04:00:00,0.0
2014-01-27 05:00:00,0.0
2014-01-27 06:00:00,0.0
2014-01-27 07:00:00,0.0
2014-01-27 08:00:00,0.0
2014-01-27 09:00:00,0.0
2014-01-27 10:00:00,62.925
2014-01-27 11:00:00,215.35000000000002
2014-01-27 12:00:00,398.675005
2014-01-27 13:00:00,560.60001
2014-01-27 14:00:00,759.125
2014-01-27 15:00:00,883.7
2014-01-27 16:00:00,1059.7749999999999
2014-01-27 17:00:00,1067.500025
2014-01-27 18:00:00,973.1
2014-01-27 19:00:00,810.325
2014-01-27 20:00:00,542.15
2014-01-27 21:00:00,217.450005
2014-01-27 22:00:00,35.100000075
2014-01-27 23:00:00,3.35000025
2014-01-28 00:00:00,0.0
2014-01-28 01:00:00,0.0
2014-01-28 02:00:00,0.0
2014-01-28 03:00:00,0.0
2014-01-28 04:00:00,0.0
2014-01-28 05:00:00,0.0
2014-01-28 06:00:00,0.0
2014-01-28 07:00:00,0.0
2014-01-28 08:00:00,0.0
2014-01-28 09:00:00,0.0
2014-01-28 10:00:00,66.70000007499999
2014-01-28 11:00:00,261.8750075
2014-01-28 12:00:00,358.375
2014-01-28 13:00:00,509.025
2014-01-28 14:00:00,639.82501
2014-01-28 15:00:00,806.5250100000001
2014-01-28 16:00:00,993.875
2014-01-28 17:00:00,925.05001
2014-01-28 18:00:00,689.075005
2014-01-28 19:00:00,266.02501
2014-01-28 20:00:00,140.8
2014-01-28 21:00:00,33.27500125
2014-01-28 22:00:00,3.65
2014-01-28 23:00:00,0.0
2014-01-29 00:00:00,0.0
2014-01-29 01:00:00,0.0
2014-01-29 02:00:00,0.0
2014-01-29 03:00:00,0.0
2014-01-29 04:00:00,0.0
2014-01-29 05:00:00,0.0
2014-01-29 06:00:00,0.0
2014-01-29 07:00:00,0.0
2014-01-29 08:00:00,0.0
2014-01-29 09:00:00,0.0
2014-01-29 10:00:00,39.07500025
2014-01-29 11:00:00,172.85000250000002
2014-01-29 12:00:00,288.9000025
2014-01-29 13:00:00,353.65000499999996
2014-01-29 14:00:00,555.025
2014-01-29 15:00:00,740.8
2014-01-29 16:00:00,915.55
2014-01-29 17:00:00,959.80002
2014-01-29 18:00:00,775.80002
2014-01-29 19:00:00,645.975
2014-01-29 20:00:00,459.7
2014-01-29 21:00:00,234.0
2014-01-29 22:00:00,103.15
2014-01-29 23:00:00,5.125
2014-01-30 00:00:00,0.0
2014-01-30 01:00:00,0.0
2014-01-30 02:00:00,0.0
2014-01-30 03:00:00,0.0
2014-01-30 04:00:00,0.0
2014-01-30 05:00:00,0.0
2014-01-30 06:00:00,0.0
2014-01-30 07:00:00,0.0
2014-01-30 08:00:00,0.0
2014-01-30 09:00:00,0.0
2014-01-30 10:00:00,74.72500175
2014-01-30 11:00:00,309.125005
2014-01-30 12:00:00,510.79999999999995
2014-01-30 13:00:00,734.5500099999999
2014-01-30 14:00:00,913.35001
2014-01-30 15:00:00,1006.42502
2014-01-30 16:00:00,1076.025025
2014-01-30 17:00:00,1044.875
2014-01-30 18:00:00,956.6750099999999
2014-01-30 19:00:00,798.025
2014-01-30 20:00:00,588.70001
2014-01-30 21:00:00,359.22501
2014-01-30 22:00:00,33.125
2014-01-30 23:00:00,0.775000025
2014-01-31 00:00:00,0.0
2014-01-31 01:00:00,0.0
2014-01-31 02:00:00,0.0
2014-01-31 03:00:00,0.0
2014-01-31 04:00:00,0.0
2014-01-31 05:00:00,0.0
2014-01-31 06:00:00,0.0
2014-01-31 07:00:00,0.0
2014-01-31 08:00:00,0.0
2014-01-31 09:00:00,0.0
2014-01-31 10:00:00,69.07499999999999
2014-01-31 11:00:00,300.7
2014-01-31 12:00:00,559.6750099999999
2014-01-31 13:00:00,785.625
2014-01-31 14:00:00,966.32502
2014-01-31 15:00:00,1087.075025
2014-01-31 16:00:00,1136.675
2014-01-31 17:00:00,1105.950025
2014-01-31 18:00:00,1013.425025
2014-01-31 19:00:00,836.0
2014-01-31 20:00:00,570.225005
2014-01-31 21:00:00,127.45
2014-01-31 22:00:00,31.525
2014-01-31 23:00:00,1.5
2014-02-01 00:00:00,0.0
2014-02-01 01:00:00,0.0
2014-02-01 02:00:00,0.0
2014-02-01 03:00:00,0.0
2014-02-01 04:00:00,0.0
2014-02-01 05:00:00,0.0
2014-02-01 06:00:00,0.0
2014-02-01 07:00:00,0.0
2014-02-01 08:00:00,0.0
2014-02-01 09:00:00,0.0
2014-02-01 10:00:00,71.725003
2014-02-01 11:00:00,307.2500125
2014-02-01 12:00:00,555.3500200000001
2014-02-01 13:00:00,781.70001
2014-02-01 14:00:00,963.05001
2014-02-01 15:00:00,1082.95
2014-02-01 16:00:00,1132.675
2014-02-01 17:00:00,1107.2
2014-02-01 18:00:00,1008.4
2014-02-01 19:00:00,848.1
2014-02-01 20:00:00,637.1000200000001
2014-02-01 21:00:00,367.8
2014-02-01 22:00:00,72.433334
2014-02-01 23:00:00,3.0666666666666664
2014-02-02 00:00:00,0.0
2014-02-02 01:00:00,0.0
2014-02-02 02:00:00,0.0
2014-02-02 03:00:00,0.0
2014-02-02 04:00:00,0.0
2014-02-02 05:00:00,0.0
2014-02-02 06:00:00,0.0
2014-02-02 07:00:00,0.0
2014-02-02 08:00:00,0.0
2014-02-02 09:00:00,0.0
2014-02-02 10:00:00,65.425
2014-02-02 11:00:00,295.075005
2014-02-02 12:00:00,535.400005
2014-02-02 13:00:00,760.80001
2014-02-02 14:00:00,940.9250099999999
2014-02-02 15:00:00,1060.700025
2014-02-02 16:00:00,1110.075025
2014-02-02 17:00:00,1084.95
2014-02-02 18:00:00,988.1500100000001
2014-02-02 19:00:00,785.17501
2014-02-02 20:00:00,206.3250025
2014-02-02 21:00:00,22.55000125
2014-02-02 22:00:00,0.0
2014-02-02 23:00:00,0.0
2014-02-03 00:00:00,0.0
2014-02-03 01:00:00,0.0
2014-02-03 02:00:00,0.0
2014-02-03 03:00:00,0.0
2014-02-03 04:00:00,0.0
2014-02-03 05:00:00,0.0
2014-02-03 06:00:00,0.0
2014-02-03 07:00:00,0.0
2014-02-03 08:00:00,0.0
2014-02-03 09:00:00,0.0
2014-02-03 10:00:00,57.0
2014-02-03 11:00:00,277.325
2014-02-03 12:00:00,510.12502500000005
2014-02-03 13:00:00,735.90002
2014-02-03 14:00:00,916.22501
2014-02-03 15:00:00,1030.400025
2014-02-03 16:00:00,1059.3
2014-02-03 17:00:00,945.025
2014-02-03 18:00:00,346.8
2014-02-03 19:00:00,247.6250025
2014-02-03 20:00:00,224.85
2014-02-03 21:00:00,43.7
2014-02-03 22:00:00,0.0
2014-02-03 23:00:00,0.0
2014-02-04 00:00:00,0.0
2014-02-04 01:00:00,0.0
2014-02-04 02:00:00,0.0
2014-02-04 03:00:00,0.0
2014-02-04 04:00:00,0.0
2014-02-04 05:00:00,0.0
2014-02-04 06:00:00,0.0
2014-02-04 07:00:00,0.0
2014-02-04 08:00:00,0.0
2014-02-04 09:00:00,0.0
2014-02-04 10:00:00,53.224999999999994
2014-02-04 11:00:00,269.25
2014-02-04 12:00:00,525.1000200000001
2014-02-04 13:00:00,751.17502
2014-02-04 14:00:00,932.2250200000001
2014-02-04 15:00:00,1055.700025
2014-02-04 16:00:00,1105.37505
2014-02-04 17:00:00,1080.6
2014-02-04 18:00:00,953.7
2014-02-04 19:00:00,601.45
2014-02-04 20:00:00,239.2500025
2014-02-04 21:00:00,52.3
2014-02-04 22:00:00,0.0
2014-02-04 23:00:00,0.0
2014-02-05 00:00:00,0.0
2014-02-05 01:00:00,0.0
2014-02-05 02:00:00,0.0
2014-02-05 03:00:00,0.0
2014-02-05 04:00:00,0.0
2014-02-05 05:00:00,0.0
2014-02-05 06:00:00,0.0
2014-02-05 07:00:00,0.0
2014-02-05 08:00:00,0.0
2014-02-05 09:00:00,0.0
2014-02-05 10:00:00,58.9
2014-02-05 11:00:00,283.50001
2014-02-05 12:00:00,526.0250149999999
2014-02-05 13:00:00,750.725
2014-02-05 14:00:00,923.15001
2014-02-05 15:00:00,1018.72501
2014-02-05 16:00:00,1101.05005
2014-02-05 17:00:00,1076.825025
2014-02-05 18:00:00,978.3000000000001
2014-02-05 19:00:00,769.65
2014-02-05 20:00:00,540.85
2014-02-05 21:00:00,203.850005
2014-02-05 22:00:00,0.0
2014-02-05 23:00:00,0.0
2014-02-06 00:00:00,0.0
2014-02-06 01:00:00,0.0
2014-02-06 02:00:00,0.0
2014-02-06 03:00:00,0.0
2014-02-06 04:00:00,0.0
2014-02-06 05:00:00,0.0
2014-02-06 06:00:00,0.0
2014-02-06 07:00:00,0.0
2014-02-06 08:00:00,0.0
2014-02-06 09:00:00,0.0
2014-02-06 10:00:00,61.25
2014-02-06 11:00:00,290.1000125
2014-02-06 12:00:00,421.225015
2014-02-06 13:00:00,582.025
2014-02-06 14:00:00,665.75
2014-02-06 15:00:00,567.1750125
2014-02-06 16:00:00,195.0000025
2014-02-06 17:00:00,214.125
2014-02-06 18:00:00,250.70000249999998
2014-02-06 19:00:00,314.850005
2014-02-06 20:00:00,314.05
2014-02-06 21:00:00,286.825
2014-02-06 22:00:00,20.775000000000002
2014-02-06 23:00:00,0.0
2014-02-07 00:00:00,0.0
2014-02-07 01:00:00,0.0
2014-02-07 02:00:00,0.0
2014-02-07 03:00:00,0.0
2014-02-07 04:00:00,0.0
2014-02-07 05:00:00,0.0
2014-02-07 06:00:00,0.0
2014-02-07 07:00:00,0.0
2014-02-07 08:00:00,0.0
2014-02-07 09:00:00,0.0
2014-02-07 10:00:00,55.150000000000006
2014-02-07 11:00:00,279.5250025
2014-02-07 12:00:00,470.20000500000003
2014-02-07 13:00:00,695.52502
2014-02-07 14:00:00,918.175
2014-02-07 15:00:00,1058.25005
2014-02-07 16:00:00,1103.35
2014-02-07 17:00:00,1008.275
2014-02-07 18:00:00,991.3000000000001
2014-02-07 19:00:00,833.22501
2014-02-07 20:00:00,624.2
2014-02-07 21:00:00,383.675005
2014-02-07 22:00:00,73.8500025
2014-02-07 23:00:00,0.0
2014-02-08 00:00:00,0.0
2014-02-08 01:00:00,0.0
2014-02-08 02:00:00,0.0
2014-02-08 03:00:00,0.0
2014-02-08 04:00:00,0.0
2014-02-08 05:00:00,0.0
2014-02-08 06:00:00,0.0
2014-02-08 07:00:00,0.0
2014-02-08 08:00:00,0.0
2014-02-08 09:00:00,0.0
2014-02-08 10:00:00,59.474999999999994
2014-02-08 11:00:00,287.82500500000003
2014-02-08 12:00:00,473.975
2014-02-08 13:00:00,687.97501
2014-02-08 14:00:00,907.17501
2014-02-08 15:00:00,1028.600035
2014-02-08 16:00:00,1078.525025
2014-02-08 17:00:00,1054.87505
2014-02-08 18:00:00,953.60001
2014-02-08 19:00:00,794.87501
2014-02-08 20:00:00,534.975
2014-02-08 21:00:00,331.375
2014-02-08 22:00:00,66.975
2014-02-08 23:00:00,0.2
2014-02-09 00:00:00,0.0
2014-02-09 01:00:00,0.0
2014-02-09 02:00:00,0.0
2014-02-09 03:00:00,0.0
2014-02-09 04:00:00,0.0
2014-02-09 05:00:00,0.0
2014-02-09 06:00:00,0.0
2014-02-09 07:00:00,0.0
2014-02-09 08:00:00,0.0
2014-02-09 09:00:00,0.0
2014-02-09 10:00:00,47.3
2014-02-09 11:00:00,259.3750075
2014-02-09 12:00:00,482.60002
2014-02-09 13:00:00,503.02502000000004
2014-02-09 14:00:00,560.225015
2014-02-09 15:00:00,480.550005
2014-02-09 16:00:00,416.750005
2014-02-09 17:00:00,243.5500025
2014-02-09 18:00:00,190.4
2014-02-09 19:00:00,233.3
2014-02-09 20:00:00,171.2250025
2014-02-09 21:00:00,57.1250005
2014-02-09 22:00:00,0.0
2014-02-09 23:00:00,0.0
2014-02-10 00:00:00,0.0
2014-02-10 01:00:00,0.0
2014-02-10 02:00:00,0.0
2014-02-10 03:00:00,0.0
2014-02-10 04:00:00,0.0
2014-02-10 05:00:00,0.0
2014-02-10 06:00:00,0.0
2014-02-10 07:00:00,0.0
2014-02-10 08:00:00,0.0
2014-02-10 09:00:00,0.0
2014-02-10 10:00:00,54.55000025
2014-02-10 11:00:00,246.775005
2014-02-10 12:00:00,451.625005
2014-02-10 13:00:00,680.3
2014-02-10 14:00:00,697.65
2014-02-10 15:00:00,814.75001
2014-02-10 16:00:00,1044.025
2014-02-10 17:00:00,972.5250000000001
2014-02-10 18:00:00,572.85001
2014-02-10 19:00:00,372.275
2014-02-10 20:00:00,326.5250075
2014-02-10 21:00:00,99.92500375
2014-02-10 22:00:00,45.275000000000006
2014-02-10 23:00:00,0.0
2014-02-11 00:00:00,0.0
2014-02-11 01:00:00,0.0
2014-02-11 02:00:00,0.0
2014-02-11 03:00:00,0.0
2014-02-11 04:00:00,0.0
2014-02-11 05:00:00,0.0
2014-02-11 06:00:00,
2014-02-11 07:00:00,0.0
2014-02-11 08:00:00,0.0
2014-02-11 09:00:00,0.0
2014-02-11 10:00:00,49.075
2014-02-11 11:00:00,268.35001
2014-02-11 12:00:00,517.0
2014-02-11 13:00:00,742.575
2014-02-11 14:00:00,924.1999999999999
2014-02-11 15:00:00,1045.475
2014-02-11 16:00:00,1096.100025
2014-02-11 17:00:00,1072.725
2014-02-11 18:00:00,942.72501
2014-02-11 19:00:00,797.50001
2014-02-11 20:00:00,403.22500249999996
2014-02-11 21:00:00,75.64999999999999
2014-02-11 22:00:00,0.0
2014-02-11 23:00:00,0.0
2014-02-12 00:00:00,0.0
2014-02-12 01:00:00,0.0
2014-02-12 02:00:00,0.0
2014-02-12 03:00:00,0.0
2014-02-12 04:00:00,0.0
2014-02-12 05:00:00,0.0
2014-02-12 06:00:00,0.0
2014-02-12 07:00:00,0.0
2014-02-12 08:00:00,0.0
2014-02-12 09:00:00,0.0
2014-02-12 10:00:00,50.65
2014-02-12 11:00:00,273.975
2014-02-12 12:00:00,490.500005
2014-02-12 13:00:00,705.32502
2014-02-12 14:00:00,803.05001
2014-02-12 15:00:00,806.3
2014-02-12 16:00:00,1070.625025
2014-02-12 17:00:00,934.5
2014-02-12 18:00:00,796.82501
2014-02-12 19:00:00,590.8
2014-02-12 20:00:00,526.825
2014-02-12 21:00:00,276.850005
2014-02-12 22:00:00,64.2750015
2014-02-12 23:00:00,0.0
2014-02-13 00:00:00,0.0
2014-02-13 01:00:00,0.0
2014-02-13 02:00:00,0.0
2014-02-13 03:00:00,0.0
2014-02-13 04:00:00,0.0
2014-02-13 05:00:00,0.0
2014-02-13 06:00:00,0.0
2014-02-13 07:00:00,0.0
2014-02-13 08:00:00,0.0
2014-02-13 09:00:00,0.0
2014-02-13 10:00:00,43.325
2014-02-13 11:00:00,222.200005
2014-02-13 12:00:00,394.00001
2014-02-13 13:00:00,453.375005
2014-02-13 14:00:00,654.6
2014-02-13 15:00:00,592.275
2014-02-13 16:00:00,876.00002
2014-02-13 17:00:00,874.575
2014-02-13 18:00:00,766.325
2014-02-13 19:00:00,759.20001
2014-02-13 20:00:00,566.45
2014-02-13 21:00:00,176.00000500000002
2014-02-13 22:00:00,47.47500025
2014-02-13 23:00:00,0.15
2014-02-14 00:00:00,0.0
2014-02-14 01:00:00,0.0
2014-02-14 02:00:00,0.0
2014-02-14 03:00:00,0.0
2014-02-14 04:00:00,0.0
2014-02-14 05:00:00,0.0
2014-02-14 06:00:00,0.0
2014-02-14 07:00:00,0.0
2014-02-14 08:00:00,0.0
2014-02-14 09:00:00,0.0
2014-02-14 10:00:00,36.45000125
2014-02-14 11:00:00,193.5500025
2014-02-14 12:00:00,388.575
2014-02-14 13:00:00,597.375
2014-02-14 14:00:00,710.05
2014-02-14 15:00:00,746.175
2014-02-14 16:00:00,754.45001
2014-02-14 17:00:00,703.62501
2014-02-14 18:00:00,651.0250100000001
2014-02-14 19:00:00,425.47501
2014-02-14 20:00:00,212.2750025
2014-02-14 21:00:00,203.15000500000002
2014-02-14 22:00:00,67.875
2014-02-14 23:00:00,0.0
2014-02-15 00:00:00,0.0
2014-02-15 01:00:00,0.0
2014-02-15 02:00:00,0.0
2014-02-15 03:00:00,0.0
2014-02-15 04:00:00,0.0
2014-02-15 05:00:00,0.0
2014-02-15 06:00:00,0.0
2014-02-15 07:00:00,0.0
2014-02-15 08:00:00,0.0
2014-02-15 09:00:00,0.0
2014-02-15 10:00:00,38.02500125
2014-02-15 11:00:00,201.075005
2014-02-15 12:00:00,326.725
2014-02-15 13:00:00,477.35001
2014-02-15 14:00:00,733.7
2014-02-15 15:00:00,839.30001
2014-02-15 16:00:00,804.70001
2014-02-15 17:00:00,791.8500200000001
2014-02-15 18:00:00,804.85001
2014-02-15 19:00:00,585.75
2014-02-15 20:00:00,279.475
2014-02-15 21:00:00,50.2500005
2014-02-15 22:00:00,0.0
2014-02-15 23:00:00,0.0
2014-02-16 00:00:00,0.0
2014-02-16 01:00:00,0.0
2014-02-16 02:00:00,0.0
2014-02-16 03:00:00,0.0
2014-02-16 04:00:00,0.0
2014-02-16 05:00:00,0.0
2014-02-16 06:00:00,0.0
2014-02-16 07:00:00,0.0
2014-02-16 08:00:00,0.0
2014-02-16 09:00:00,0.0
2014-02-16 10:00:00,40.675000499999996
2014-02-16 11:00:00,218.775
2014-02-16 12:00:00,411.40000499999996
2014-02-16 13:00:00,544.350015
2014-02-16 14:00:00,667.9
2014-02-16 15:00:00,802.60001
2014-02-16 16:00:00,949.75002
2014-02-16 17:00:00,961.7
2014-02-16 18:00:00,761.27502
2014-02-16 19:00:00,449.575
2014-02-16 20:00:00,138.875
2014-02-16 21:00:00,0.0
2014-02-16 22:00:00,8.6500005
2014-02-16 23:00:00,0.0
2014-02-17 00:00:00,0.0
2014-02-17 01:00:00,0.0
2014-02-17 02:00:00,0.0
2014-02-17 03:00:00,0.0
2014-02-17 04:00:00,0.0
2014-02-17 05:00:00,0.0
2014-02-17 06:00:00,0.0
2014-02-17 07:00:00,0.0
2014-02-17 08:00:00,0.0
2014-02-17 09:00:00,0.0
2014-02-17 10:00:00,35.900000500000004
2014-02-17 11:00:00,197.15
2014-02-17 12:00:00,355.62501
2014-02-17 13:00:00,493.400005
2014-02-17 14:00:00,614.000015
2014-02-17 15:00:00,733.1
2014-02-17 16:00:00,719.67501
2014-02-17 17:00:00,837.95
2014-02-17 18:00:00,600.65
2014-02-17 19:00:00,452.025005
2014-02-17 20:00:00,300.55
2014-02-17 21:00:00,162.9000025
2014-02-17 22:00:00,6.1
2014-02-17 23:00:00,0.0
2014-02-18 00:00:00,0.0
2014-02-18 01:00:00,0.0
2014-02-18 02:00:00,0.0
2014-02-18 03:00:00,0.0
2014-02-18 04:00:00,0.0
2014-02-18 05:00:00,0.0
2014-02-18 06:00:00,0.0
2014-02-18 07:00:00,0.0
2014-02-18 08:00:00,0.0
2014-02-18 09:00:00,0.0
2014-02-18 10:00:00,31.675000075
2014-02-18 11:00:00,152.1500025
2014-02-18 12:00:00,263.275
2014-02-18 13:00:00,470.025015
2014-02-18 14:00:00,653.7750100000001
2014-02-18 15:00:00,824.02502
2014-02-18 16:00:00,922.475
2014-02-18 17:00:00,1005.375
2014-02-18 18:00:00,925.925
2014-02-18 19:00:00,659.85
2014-02-18 20:00:00,255.97501
2014-02-18 21:00:00,86.4500005
2014-02-18 22:00:00,29.625
2014-02-18 23:00:00,0.0
2014-02-19 00:00:00,0.0
2014-02-19 01:00:00,0.0
2014-02-19 02:00:00,0.0
2014-02-19 03:00:00,0.0
2014-02-19 04:00:00,0.0
2014-02-19 05:00:00,0.0
2014-02-19 06:00:00,0.0
2014-02-19 07:00:00,0.0
2014-02-19 08:00:00,0.0
2014-02-19 09:00:00,0.0
2014-02-19 10:00:00,41.050001325
2014-02-19 11:00:00,261.325
2014-02-19 12:00:00,459.87501
2014-02-19 13:00:00,680.925
2014-02-19 14:00:00,891.27502
2014-02-19 15:00:00,1008.45001
2014-02-19 16:00:00,1063.12505
2014-02-19 17:00:00,937.55001
2014-02-19 18:00:00,895.875
2014-02-19 19:00:00,764.40001
2014-02-19 20:00:00,558.8
2014-02-19 21:00:00,320.050005
2014-02-19 22:00:00,87.575
2014-02-19 23:00:00,0.0
2014-02-20 00:00:00,0.0
2014-02-20 01:00:00,0.0
2014-02-20 02:00:00,0.0
2014-02-20 03:00:00,0.0
2014-02-20 04:00:00,0.0
2014-02-20 05:00:00,0.0
2014-02-20 06:00:00,0.0
2014-02-20 07:00:00,0.0
2014-02-20 08:00:00,0.0
2014-02-20 09:00:00,0.0
2014-02-20 10:00:00,37.4500005
2014-02-20 11:00:00,253.675005
2014-02-20 12:00:00,473.225005
2014-02-20 13:00:00,702.9250099999999
2014-02-20 14:00:00,865.9000100000001
2014-02-20 15:00:00,980.8
2014-02-20 16:00:00,919.325
2014-02-20 17:00:00,868.125
2014-02-20 18:00:00,787.425
2014-02-20 19:00:00,679.30001
2014-02-20 20:00:00,495.90001500000005
2014-02-20 21:00:00,201.7750025
2014-02-20 22:00:00,24.32500025
2014-02-20 23:00:00,0.0
2014-02-21 00:00:00,0.0
2014-02-21 01:00:00,0.0
2014-02-21 02:00:00,0.0
2014-02-21 03:00:00,0.0
2014-02-21 04:00:00,0.0
2014-02-21 05:00:00,0.0
2014-02-21 06:00:00,0.0
2014-02-21 07:00:00,0.0
2014-02-21 08:00:00,0.0
2014-02-21 09:00:00,0.0
2014-02-21 10:00:00,29.549999999999997
2014-02-21 11:00:00,181.975005
2014-02-21 12:00:00,347.50001
2014-02-21 13:00:00,519.87501
2014-02-21 14:00:00,677.87501
2014-02-21 15:00:00,924.30001
2014-02-21 16:00:00,1030.375
2014-02-21 17:00:00,1060.675
2014-02-21 18:00:00,961.875
2014-02-21 19:00:00,796.25001
2014-02-21 20:00:00,520.800005
2014-02-21 21:00:00,292.875
2014-02-21 22:00:00,96.550004
2014-02-21 23:00:00,0.0
2014-02-22 00:00:00,0.0
2014-02-22 01:00:00,0.0
2014-02-22 02:00:00,0.0
2014-02-22 03:00:00,0.0
2014-02-22 04:00:00,0.0
2014-02-22 05:00:00,0.0
2014-02-22 06:00:00,0.0
2014-02-22 07:00:00,0.0
2014-02-22 08:00:00,0.0
2014-02-22 09:00:00,0.0
2014-02-22 10:00:00,36.925
2014-02-22 11:00:00,201.85000000000002
2014-02-22 12:00:00,296.45
2014-02-22 13:00:00,436.67500500000006
2014-02-22 14:00:00,653.12501
2014-02-22 15:00:00,800.4000100000001
2014-02-22 16:00:00,890.55
2014-02-22 17:00:00,814.80001
2014-02-22 18:00:00,829.9250099999999
2014-02-22 19:00:00,627.075
2014-02-22 20:00:00,473.825005
2014-02-22 21:00:00,234.85
2014-02-22 22:00:00,41.566668666666665
2014-02-22 23:00:00,0.0
2014-02-23 00:00:00,0.0
2014-02-23 01:00:00,0.0
2014-02-23 02:00:00,0.0
2014-02-23 03:00:00,0.0
2014-02-23 04:00:00,0.0
2014-02-23 05:00:00,0.0
2014-02-23 06:00:00,0.0
2014-02-23 07:00:00,0.0
2014-02-23 08:00:00,0.0
2014-02-23 09:00:00,0.0
2014-02-23 10:00:00,32.599999999999994
2014-02-23 11:00:00,185.22500125
2014-02-23 12:00:00,362.425
2014-02-23 13:00:00,498.625005
2014-02-23 14:00:00,627.3
2014-02-23 15:00:00,814.25001
2014-02-23 16:00:00,910.1
2014-02-23 17:00:00,919.75
2014-02-23 18:00:00,720.175
2014-02-23 19:00:00,461.075
2014-02-23 20:00:00,236.500005
2014-02-23 21:00:00,62.3250005
2014-02-23 22:00:00,2.825
2014-02-23 23:00:00,0.0
2014-02-24 00:00:00,0.0
2014-02-24 01:00:00,0.0
2014-02-24 02:00:00,0.0
2014-02-24 03:00:00,0.0
2014-02-24 04:00:00,0.0
2014-02-24 05:00:00,0.0
2014-02-24 06:00:00,0.0
2014-02-24 07:00:00,0.0
2014-02-24 08:00:00,0.0
2014-02-24 09:00:00,0.0
2014-02-24 10:00:00,32.5
2014-02-24 11:00:00,199.45000249999998
2014-02-24 12:00:00,349.475
2014-02-24 13:00:00,522.00001
2014-02-24 14:00:00,709.925
2014-02-24 15:00:00,917.02501
2014-02-24 16:00:00,995.20003
2014-02-24 17:00:00,834.1500100000001
2014-02-24 18:00:00,532.900005
2014-02-24 19:00:00,379.675
2014-02-24 20:00:00,230.65
2014-02-24 21:00:00,54.12500175
2014-02-24 22:00:00,2.05
2014-02-24 23:00:00,0.0
2014-02-25 00:00:00,0.0
2014-02-25 01:00:00,0.0
2014-02-25 02:00:00,0.0
2014-02-25 03:00:00,0.0
2014-02-25 04:00:00,0.0
2014-02-25 05:00:00,0.0
2014-02-25 06:00:00,0.0
2014-02-25 07:00:00,0.0
2014-02-25 08:00:00,0.0
2014-02-25 09:00:00,0.0
2014-02-25 10:00:00,30.4750005
2014-02-25 11:00:00,143.200005
2014-02-25 12:00:00,306.650005
2014-02-25 13:00:00,458.47501
2014-02-25 14:00:00,590.70001
2014-02-25 15:00:00,686.3000099999999
2014-02-25 16:00:00,773.32501
2014-02-25 17:00:00,754.725
2014-02-25 18:00:00,569.475
2014-02-25 19:00:00,463.325
2014-02-25 20:00:00,309.15000499999996
2014-02-25 21:00:00,116.75000125
2014-02-25 22:00:00,12.899999999999999
2014-02-25 23:00:00,0.0
2014-02-26 00:00:00,0.0
2014-02-26 01:00:00,0.0
2014-02-26 02:00:00,0.0
2014-02-26 03:00:00,0.0
2014-02-26 04:00:00,0.0
2014-02-26 05:00:00,0.0
2014-02-26 06:00:00,0.0
2014-02-26 07:00:00,0.0
2014-02-26 08:00:00,0.0
2014-02-26 09:00:00,0.0
2014-02-26 10:00:00,29.025000000000002
2014-02-26 11:00:00,206.975005
2014-02-26 12:00:00,347.3
2014-02-26 13:00:00,525.37502
2014-02-26 14:00:00,714.4000100000001
2014-02-26 15:00:00,893.675
2014-02-26 16:00:00,980.17502
2014-02-26 17:00:00,863.3500200000001
2014-02-26 18:00:00,776.875
2014-02-26 19:00:00,632.10001
2014-02-26 20:00:00,410.45001
2014-02-26 21:00:00,192.925
2014-02-26 22:00:00,43.125
2014-02-26 23:00:00,0.0
2014-02-27 00:00:00,0.0
2014-02-27 01:00:00,0.0
2014-02-27 02:00:00,0.0
2014-02-27 03:00:00,0.0
2014-02-27 04:00:00,0.0
2014-02-27 05:00:00,0.0
2014-02-27 06:00:00,0.0
2014-02-27 07:00:00,0.0
2014-02-27 08:00:00,0.0
2014-02-27 09:00:00,0.0
2014-02-27 10:00:00,18.975
2014-02-27 11:00:00,172.2500025
2014-02-27 12:00:00,457.050005
2014-02-27 13:00:00,711.20001
2014-02-27 14:00:00,895.72501
2014-02-27 15:00:00,1014.57505
2014-02-27 16:00:00,1062.9
2014-02-27 17:00:00,1034.47501
2014-02-27 18:00:00,929.1500100000001
2014-02-27 19:00:00,763.45001
2014-02-27 20:00:00,546.72501
2014-02-27 21:00:00,295.52500499999996
2014-02-27 22:00:00,68.1250005
2014-02-27 23:00:00,0.0
2014-02-28 00:00:00,0.0
2014-02-28 01:00:00,0.0
2014-02-28 02:00:00,0.0
2014-02-28 03:00:00,0.0
2014-02-28 04:00:00,0.0
2014-02-28 05:00:00,0.0
2014-02-28 06:00:00,0.0
2014-02-28 07:00:00,0.0
2014-02-28 08:00:00,0.0
2014-02-28 09:00:00,0.0
2014-02-28 10:00:00,25.1
2014-02-28 11:00:00,207.575
2014-02-28 12:00:00,453.075
2014-02-28 13:00:00,700.20001
2014-02-28 14:00:00,885.8500200000001
2014-02-28 15:00:00,1009.625
2014-02-28 16:00:00,1058.175025
2014-02-28 17:00:00,1028.975
2014-02-28 18:00:00,912.125
2014-02-28 19:00:00,745.0250100000001
2014-02-28 20:00:00,527.675
2014-02-28 21:00:00,276.675
2014-02-28 22:00:00,49.725
2014-02-28 23:00:00,0.0
2014-03-01 00:00:00,0.0
2014-03-01 01:00:00,0.0
2014-03-01 02:00:00,0.0
2014-03-01 03:00:00,0.0
2014-03-01 04:00:00,0.0
2014-03-01 05:00:00,0.0
2014-03-01 06:00:00,0.0
2014-03-01 07:00:00,0.0
2014-03-01 08:00:00,0.0
2014-03-01 09:00:00,0.0
2014-03-01 10:00:00,27.375
2014-03-01 11:00:00,194.72500125
2014-03-01 12:00:00,359.20000500000003
2014-03-01 13:00:00,590.125025
2014-03-01 14:00:00,721.875
2014-03-01 15:00:00,830.82502
2014-03-01 16:00:00,828.97501
2014-03-01 17:00:00,607.700015
2014-03-01 18:00:00,460.50001
2014-03-01 19:00:00,373.875
2014-03-01 20:00:00,221.525
2014-03-01 21:00:00,95.05000050000001
2014-03-01 22:00:00,29.9750005
2014-03-01 23:00:00,0.0
2014-03-02 00:00:00,0.0
2014-03-02 01:00:00,0.0
2014-03-02 02:00:00,0.0
2014-03-02 03:00:00,0.0
2014-03-02 04:00:00,0.0
2014-03-02 05:00:00,0.0
2014-03-02 06:00:00,0.0
2014-03-02 07:00:00,0.0
2014-03-02 08:00:00,0.0
2014-03-02 09:00:00,0.0
2014-03-02 10:00:00,27.85
2014-03-02 11:00:00,234.27499999999998
2014-03-02 12:00:00,477.45001
2014-03-02 13:00:00,555.45
2014-03-02 14:00:00,755.975
2014-03-02 15:00:00,943.95001
2014-03-02 16:00:00,1016.825
2014-03-02 17:00:00,809.97501
2014-03-02 18:00:00,433.70000500000003
2014-03-02 19:00:00,293.175
2014-03-02 20:00:00,240.5
2014-03-02 21:00:00,131.32500375
2014-03-02 22:00:00,12.4000005
2014-03-02 23:00:00,0.0
2014-03-03 00:00:00,0.0
2014-03-03 01:00:00,0.0
2014-03-03 02:00:00,0.0
2014-03-03 03:00:00,0.0
2014-03-03 04:00:00,0.0
2014-03-03 05:00:00,0.0
2014-03-03 06:00:00,0.0
2014-03-03 07:00:00,0.0
2014-03-03 08:00:00,0.0
2014-03-03 09:00:00,0.0
2014-03-03 10:00:00,26.475
2014-03-03 11:00:00,220.9500025
2014-03-03 12:00:00,522.15
2014-03-03 13:00:00,691.95001
2014-03-03 14:00:00,838.32502
2014-03-03 15:00:00,868.45001
2014-03-03 16:00:00,908.02501
2014-03-03 17:00:00,873.2750100000001
2014-03-03 18:00:00,653.025
2014-03-03 19:00:00,435.7
2014-03-03 20:00:00,315.6
2014-03-03 21:00:00,217.350005
2014-03-03 22:00:00,40.8
2014-03-03 23:00:00,0.0
2014-03-04 00:00:00,0.0
2014-03-04 01:00:00,0.0
2014-03-04 02:00:00,0.0
2014-03-04 03:00:00,0.0
2014-03-04 04:00:00,0.0
2014-03-04 05:00:00,0.0
2014-03-04 06:00:00,0.0
2014-03-04 07:00:00,0.0
2014-03-04 08:00:00,0.0
2014-03-04 09:00:00,0.0
2014-03-04 10:00:00,23.299999999999997
2014-03-04 11:00:00,203.12500500000002
2014-03-04 12:00:00,474.35002000000003
2014-03-04 13:00:00,687.4000100000001
2014-03-04 14:00:00,902.1
2014-03-04 15:00:00,1025.175
2014-03-04 16:00:00,1072.350075
2014-03-04 17:00:00,1042.875025
2014-03-04 18:00:00,932.15
2014-03-04 19:00:00,757.575
2014-03-04 20:00:00,545.5999999999999
2014-03-04 21:00:00,291.9
2014-03-04 22:00:00,55.2
2014-03-04 23:00:00,0.0
2014-03-05 00:00:00,0.0
2014-03-05 01:00:00,0.0
2014-03-05 02:00:00,0.0
2014-03-05 03:00:00,0.0
2014-03-05 04:00:00,0.0
2014-03-05 05:00:00,0.0
2014-03-05 06:00:00,0.0
2014-03-05 07:00:00,0.0
2014-03-05 08:00:00,0.0
2014-03-05 09:00:00,0.0
2014-03-05 10:00:00,25.366666666666664
2014-03-05 11:00:00,219.00001
2014-03-05 12:00:00,474.6666666666667
2014-03-05 13:00:00,706.9333333333334
2014-03-05 14:00:00,893.7666666666668
2014-03-05 15:00:00,1018.6666666666666
2014-03-05 16:00:00,1071.3333333333333
2014-03-05 17:00:00,1046.5333666666668
2014-03-05 18:00:00,945.2666666666668
2014-03-05 19:00:00,779.2333333333332
2014-03-05 20:00:00,561.8000000000001
2014-03-05 21:00:00,305.0666733333333
2014-03-05 22:00:00,72.43333666666668
2014-03-05 23:00:00,0.0
2014-03-06 00:00:00,0.0
2014-03-06 01:00:00,0.0
2014-03-06 02:00:00,0.0
2014-03-06 03:00:00,0.0
2014-03-06 04:00:00,0.0
2014-03-06 05:00:00,0.0
2014-03-06 06:00:00,0.0
2014-03-06 07:00:00,0.0
2014-03-06 08:00:00,0.0
2014-03-06 09:00:00,0.0
2014-03-06 10:00:00,23.65
2014-03-06 11:00:00,224.575
2014-03-06 12:00:00,472.650015
2014-03-06 13:00:00,704.22501
2014-03-06 14:00:00,888.325
2014-03-06 15:00:00,1009.275
2014-03-06 16:00:00,1056.675025
2014-03-06 17:00:00,1025.950025
2014-03-06 18:00:00,918.82501
2014-03-06 19:00:00,736.82501
2014-03-06 20:00:00,405.42501000000004
2014-03-06 21:00:00,199.0000075
2014-03-06 22:00:00,30.47500025
2014-03-06 23:00:00,0.0
2014-03-07 00:00:00,0.0
2014-03-07 01:00:00,0.0
2014-03-07 02:00:00,0.0
2014-03-07 03:00:00,0.0
2014-03-07 04:00:00,0.0
2014-03-07 05:00:00,0.0
2014-03-07 06:00:00,0.0
2014-03-07 07:00:00,0.0
2014-03-07 08:00:00,0.0
2014-03-07 09:00:00,0.0
2014-03-07 10:00:00,20.65
2014-03-07 11:00:00,180.00000125
2014-03-07 12:00:00,340.250005
2014-03-07 13:00:00,547.500005
2014-03-07 14:00:00,719.65
2014-03-07 15:00:00,843.475
2014-03-07 16:00:00,896.57501
2014-03-07 17:00:00,824.35002
2014-03-07 18:00:00,634.85001
2014-03-07 19:00:00,587.95001
2014-03-07 20:00:00,464.30001000000004
2014-03-07 21:00:00,149.10000250000002
2014-03-07 22:00:00,18.125
2014-03-07 23:00:00,0.0
2014-03-08 00:00:00,0.0
2014-03-08 01:00:00,0.0
2014-03-08 02:00:00,0.0
2014-03-08 03:00:00,0.0
2014-03-08 04:00:00,0.0
2014-03-08 05:00:00,0.0
2014-03-08 06:00:00,0.0
2014-03-08 07:00:00,0.0
2014-03-08 08:00:00,0.0
2014-03-08 09:00:00,0.0
2014-03-08 10:00:00,17.27500025
2014-03-08 11:00:00,170.55000125
2014-03-08 12:00:00,352.85
2014-03-08 13:00:00,474.52502000000004
2014-03-08 14:00:00,613.95
2014-03-08 15:00:00,800.75001
2014-03-08 16:00:00,862.75001
2014-03-08 17:00:00,770.45003
2014-03-08 18:00:00,558.225
2014-03-08 19:00:00,387.725005
2014-03-08 20:00:00,194.60000250000002
2014-03-08 21:00:00,41.5
2014-03-08 22:00:00,4.95000025
2014-03-08 23:00:00,0.0
2014-03-09 00:00:00,0.0
2014-03-09 01:00:00,0.0
2014-03-09 02:00:00,0.0
2014-03-09 03:00:00,0.0
2014-03-09 04:00:00,0.0
2014-03-09 05:00:00,0.0
2014-03-09 06:00:00,0.0
2014-03-09 07:00:00,0.0
2014-03-09 08:00:00,0.0
2014-03-09 09:00:00,0.0
2014-03-09 10:00:00,20.4
2014-03-09 11:00:00,212.25
2014-03-09 12:00:00,463.525005
2014-03-09 13:00:00,692.20001
2014-03-09 14:00:00,874.95001
2014-03-09 15:00:00,991.32501
2014-03-09 16:00:00,1035.525025
2014-03-09 17:00:00,1004.950045
2014-03-09 18:00:00,843.52502
2014-03-09 19:00:00,466.34999999999997
2014-03-09 20:00:00,326.875005
2014-03-09 21:00:00,207.97500250000002
2014-03-09 22:00:00,27.175
2014-03-09 23:00:00,0.0
2014-03-10 00:00:00,0.0
2014-03-10 01:00:00,0.0
2014-03-10 02:00:00,0.0
2014-03-10 03:00:00,0.0
2014-03-10 04:00:00,0.0
2014-03-10 05:00:00,0.0
2014-03-10 06:00:00,0.0
2014-03-10 07:00:00,0.0
2014-03-10 08:00:00,0.0
2014-03-10 09:00:00,0.0
2014-03-10 10:00:00,21.275000000000002
2014-03-10 11:00:00,161.07500625
2014-03-10 12:00:00,328.475
2014-03-10 13:00:00,641.375
2014-03-10 14:00:00,866.77502
2014-03-10 15:00:00,981.5250100000001
2014-03-10 16:00:00,1030.975025
2014-03-10 17:00:00,1002.775025
2014-03-10 18:00:00,887.875
2014-03-10 19:00:00,719.0
2014-03-10 20:00:00,416.575
2014-03-10 21:00:00,76.72500025000001
2014-03-10 22:00:00,4.22500025
2014-03-10 23:00:00,0.0
2014-03-11 00:00:00,0.0
2014-03-11 01:00:00,0.0
2014-03-11 02:00:00,0.0
2014-03-11 03:00:00,0.0
2014-03-11 04:00:00,0.0
2014-03-11 05:00:00,0.0
2014-03-11 06:00:00,0.0
2014-03-11 07:00:00,0.0
2014-03-11 08:00:00,0.0
2014-03-11 09:00:00,0.0
2014-03-11 10:00:00,16.974999999999998
2014-03-11 11:00:00,199.90000125
2014-03-11 12:00:00,461.775
2014-03-11 13:00:00,691.55
2014-03-11 14:00:00,874.07501
2014-03-11 15:00:00,996.125
2014-03-11 16:00:00,1042.200025
2014-03-11 17:00:00,1012.10001
2014-03-11 18:00:00,889.5
2014-03-11 19:00:00,720.75
2014-03-11 20:00:00,398.875
2014-03-11 21:00:00,234.1500025
2014-03-11 22:00:00,38.87500125
2014-03-11 23:00:00,0.0
2014-03-12 00:00:00,0.0
2014-03-12 01:00:00,0.0
2014-03-12 02:00:00,0.0
2014-03-12 03:00:00,0.0
2014-03-12 04:00:00,0.0
2014-03-12 05:00:00,0.0
2014-03-12 06:00:00,0.0
2014-03-12 07:00:00,0.0
2014-03-12 08:00:00,0.0
2014-03-12 09:00:00,0.0
2014-03-12 10:00:00,19.849999999999998
2014-03-12 11:00:00,188.6
2014-03-12 12:00:00,384.125
2014-03-12 13:00:00,631.40003
2014-03-12 14:00:00,762.425
2014-03-12 15:00:00,952.7750000000001
2014-03-12 16:00:00,998.70002
2014-03-12 17:00:00,898.425
2014-03-12 18:00:00,684.32501
2014-03-12 19:00:00,442.95000500000003
2014-03-12 20:00:00,225.5
2014-03-12 21:00:00,63.925000000000004
2014-03-12 22:00:00,1.725
2014-03-12 23:00:00,0.0
2014-03-13 00:00:00,0.0
2014-03-13 01:00:00,0.0
2014-03-13 02:00:00,0.0
2014-03-13 03:00:00,0.0
2014-03-13 04:00:00,0.0
2014-03-13 05:00:00,0.0
2014-03-13 06:00:00,0.0
2014-03-13 07:00:00,0.0
2014-03-13 08:00:00,0.0
2014-03-13 09:00:00,0.0
2014-03-13 10:00:00,14.575000000000001
2014-03-13 11:00:00,173.250005
2014-03-13 12:00:00,364.85001
2014-03-13 13:00:00,556.875
2014-03-13 14:00:00,752.37501
2014-03-13 15:00:00,878.75
2014-03-13 16:00:00,961.62502
2014-03-13 17:00:00,951.72501
2014-03-13 18:00:00,752.85001
2014-03-13 19:00:00,512.55001
2014-03-13 20:00:00,293.25
2014-03-13 21:00:00,67.050000075
2014-03-13 22:00:00,1.825
2014-03-13 23:00:00,0.0
2014-03-14 00:00:00,0.0
2014-03-14 01:00:00,0.0
2014-03-14 02:00:00,0.0
2014-03-14 03:00:00,0.0
2014-03-14 04:00:00,0.0
2014-03-14 05:00:00,0.0
2014-03-14 06:00:00,0.0
2014-03-14 07:00:00,0.0
2014-03-14 08:00:00,0.0
2014-03-14 09:00:00,0.0
2014-03-14 10:00:00,17.75
2014-03-14 11:00:00,209.95
2014-03-14 12:00:00,454.975
2014-03-14 13:00:00,687.7
2014-03-14 14:00:00,871.05001
2014-03-14 15:00:00,979.12502
2014-03-14 16:00:00,1019.37501
2014-03-14 17:00:00,985.825
2014-03-14 18:00:00,830.6
2014-03-14 19:00:00,562.45001
2014-03-14 20:00:00,350.45001
2014-03-14 21:00:00,111.425
2014-03-14 22:00:00,6.5250000749999995
2014-03-14 23:00:00,0.0
2014-03-15 00:00:00,0.0
2014-03-15 01:00:00,0.0
2014-03-15 02:00:00,0.0
2014-03-15 03:00:00,0.0
2014-03-15 04:00:00,0.0
2014-03-15 05:00:00,0.0
2014-03-15 06:00:00,0.0
2014-03-15 07:00:00,0.0
2014-03-15 08:00:00,0.0
2014-03-15 09:00:00,0.0
2014-03-15 10:00:00,15.825000000000001
2014-03-15 11:00:00,151.225
2014-03-15 12:00:00,322.8500125
2014-03-15 13:00:00,463.250005
2014-03-15 14:00:00,608.5
2014-03-15 15:00:00,721.10001
2014-03-15 16:00:00,868.77501
2014-03-15 17:00:00,635.45
2014-03-15 18:00:00,520.35
2014-03-15 19:00:00,411.225
2014-03-15 20:00:00,199.825
2014-03-15 21:00:00,38.7000005
2014-03-15 22:00:00,1.3666666666666665
2014-03-15 23:00:00,0.0
2014-03-16 00:00:00,0.0
2014-03-16 01:00:00,0.0
2014-03-16 02:00:00,0.0
2014-03-16 03:00:00,0.0
2014-03-16 04:00:00,0.0
2014-03-16 05:00:00,0.0
2014-03-16 06:00:00,0.0
2014-03-16 07:00:00,0.0
2014-03-16 08:00:00,0.0
2014-03-16 09:00:00,0.0
2014-03-16 10:00:00,15.375
2014-03-16 11:00:00,200.6750025
2014-03-16 12:00:00,461.125
2014-03-16 13:00:00,692.67502
2014-03-16 14:00:00,875.77502
2014-03-16 15:00:00,989.6500100000001
2014-03-16 16:00:00,1033.85
2014-03-16 17:00:00,1000.12501
2014-03-16 18:00:00,887.975
2014-03-16 19:00:00,714.75
2014-03-16 20:00:00,492.95
2014-03-16 21:00:00,241.300005
2014-03-16 22:00:00,33.1
2014-03-16 23:00:00,0.0
2014-03-17 00:00:00,0.0
2014-03-17 01:00:00,0.0
2014-03-17 02:00:00,0.0
2014-03-17 03:00:00,0.0
2014-03-17 04:00:00,0.0
2014-03-17 05:00:00,0.0
2014-03-17 06:00:00,0.0
2014-03-17 07:00:00,0.0
2014-03-17 08:00:00,0.0
2014-03-17 09:00:00,0.0
2014-03-17 10:00:00,12.825
2014-03-17 11:00:00,186.05
2014-03-17 12:00:00,426.425
2014-03-17 13:00:00,655.62501
2014-03-17 14:00:00,836.0
2014-03-17 15:00:00,958.8
2014-03-17 16:00:00,1001.5
2014-03-17 17:00:00,967.8
2014-03-17 18:00:00,868.25001
2014-03-17 19:00:00,673.425
2014-03-17 20:00:00,337.6
2014-03-17 21:00:00,111.500005
2014-03-17 22:00:00,14.625
2014-03-17 23:00:00,0.0
2014-03-18 00:00:00,0.0
2014-03-18 01:00:00,0.0
2014-03-18 02:00:00,0.0
2014-03-18 03:00:00,0.0
2014-03-18 04:00:00,0.0
2014-03-18 05:00:00,0.0
2014-03-18 06:00:00,0.0
2014-03-18 07:00:00,0.0
2014-03-18 08:00:00,0.0
2014-03-18 09:00:00,0.0
2014-03-18 10:00:00,10.975000525
2014-03-18 11:00:00,146.075
2014-03-18 12:00:00,278.90001
2014-03-18 13:00:00,434.3
2014-03-18 14:00:00,610.5250000000001
2014-03-18 15:00:00,706.40002
2014-03-18 16:00:00,762.6500100000001
2014-03-18 17:00:00,715.175
2014-03-18 18:00:00,508.07501
2014-03-18 19:00:00,315.9
2014-03-18 20:00:00,132.5000025
2014-03-18 21:00:00,107.02499999999999
2014-03-18 22:00:00,32.075
2014-03-18 23:00:00,0.0
2014-03-19 00:00:00,0.0
2014-03-19 01:00:00,0.0
2014-03-19 02:00:00,0.0
2014-03-19 03:00:00,0.0
2014-03-19 04:00:00,0.0
2014-03-19 05:00:00,0.0
2014-03-19 06:00:00,0.0
2014-03-19 07:00:00,0.0
2014-03-19 08:00:00,0.0
2014-03-19 09:00:00,0.0
2014-03-19 10:00:00,14.0
2014-03-19 11:00:00,178.00000125
2014-03-19 12:00:00,371.500005
2014-03-19 13:00:00,551.275005
2014-03-19 14:00:00,761.3000099999999
2014-03-19 15:00:00,920.375
2014-03-19 16:00:00,986.00003
2014-03-19 17:00:00,951.22501
2014-03-19 18:00:00,770.50001
2014-03-19 19:00:00,588.82502
2014-03-19 20:00:00,374.67499999999995
2014-03-19 21:00:00,167.05
2014-03-19 22:00:00,11.5
2014-03-19 23:00:00,0.0
2014-03-20 00:00:00,0.0
2014-03-20 01:00:00,0.0
2014-03-20 02:00:00,0.0
2014-03-20 03:00:00,0.0
2014-03-20 04:00:00,0.0
2014-03-20 05:00:00,0.0
2014-03-20 06:00:00,0.0
2014-03-20 07:00:00,0.0
2014-03-20 08:00:00,0.0
2014-03-20 09:00:00,0.0
2014-03-20 10:00:00,12.300000075
2014-03-20 11:00:00,186.8750025
2014-03-20 12:00:00,453.825
2014-03-20 13:00:00,680.75
2014-03-20 14:00:00,860.32501
2014-03-20 15:00:00,976.57501
2014-03-20 16:00:00,1018.7750100000001
2014-03-20 17:00:00,984.275
2014-03-20 18:00:00,877.50001
2014-03-20 19:00:00,706.77502
2014-03-20 20:00:00,487.72501
2014-03-20 21:00:00,241.62500500000002
2014-03-20 22:00:00,30.599999999999998
2014-03-20 23:00:00,0.0
2014-03-21 00:00:00,0.0
2014-03-21 01:00:00,0.0
2014-03-21 02:00:00,0.0
2014-03-21 03:00:00,0.0
2014-03-21 04:00:00,0.0
2014-03-21 05:00:00,0.0
2014-03-21 06:00:00,0.0
2014-03-21 07:00:00,0.0
2014-03-21 08:00:00,0.0
2014-03-21 09:00:00,0.0
2014-03-21 10:00:00,13.15
2014-03-21 11:00:00,193.450005
2014-03-21 12:00:00,443.2
2014-03-21 13:00:00,669.75001
2014-03-21 14:00:00,849.42502
2014-03-21 15:00:00,964.725
2014-03-21 16:00:00,1008.55002
2014-03-21 17:00:00,975.3500200000001
2014-03-21 18:00:00,864.70001
2014-03-21 19:00:00,690.975
2014-03-21 20:00:00,457.09999999999997
2014-03-21 21:00:00,141.90000125
2014-03-21 22:00:00,13.325
2014-03-21 23:00:00,0.0
2014-03-22 00:00:00,0.0
2014-03-22 01:00:00,0.0
2014-03-22 02:00:00,0.0
2014-03-22 03:00:00,0.0
2014-03-22 04:00:00,0.0
2014-03-22 05:00:00,0.0
2014-03-22 06:00:00,0.0
2014-03-22 07:00:00,0.0
2014-03-22 08:00:00,0.0
2014-03-22 09:00:00,0.0
2014-03-22 10:00:00,9.0
2014-03-22 11:00:00,137.8250025
2014-03-22 12:00:00,264.65
2014-03-22 13:00:00,384.375005
2014-03-22 14:00:00,551.375
2014-03-22 15:00:00,779.9
2014-03-22 16:00:00,952.15
2014-03-22 17:00:00,925.65
2014-03-22 18:00:00,733.0250100000001
2014-03-22 19:00:00,511.250005
2014-03-22 20:00:00,387.17499999999995
2014-03-22 21:00:00,119.6
2014-03-22 22:00:00,18.299999999999997
2014-03-22 23:00:00,0.0
2014-03-23 00:00:00,0.0
2014-03-23 01:00:00,0.0
2014-03-23 02:00:00,0.0
2014-03-23 03:00:00,0.0
2014-03-23 04:00:00,0.0
2014-03-23 05:00:00,0.0
2014-03-23 06:00:00,0.0
2014-03-23 07:00:00,0.0
2014-03-23 08:00:00,0.0
2014-03-23 09:00:00,0.0
2014-03-23 10:00:00,8.575000500000002
2014-03-23 11:00:00,162.475
2014-03-23 12:00:00,428.575
2014-03-23 13:00:00,652.62501
2014-03-23 14:00:00,829.825
2014-03-23 15:00:00,947.625
2014-03-23 16:00:00,988.575
2014-03-23 17:00:00,953.15
2014-03-23 18:00:00,845.8
2014-03-23 19:00:00,676.10001
2014-03-23 20:00:00,438.000015
2014-03-23 21:00:00,79.175
2014-03-23 22:00:00,0.0
2014-03-23 23:00:00,0.0
2014-03-24 00:00:00,0.0
2014-03-24 01:00:00,0.0
2014-03-24 02:00:00,0.0
2014-03-24 03:00:00,0.0
2014-03-24 04:00:00,0.0
2014-03-24 05:00:00,0.0
2014-03-24 06:00:00,0.0
2014-03-24 07:00:00,0.0
2014-03-24 08:00:00,0.0
2014-03-24 09:00:00,0.0
2014-03-24 10:00:00,10.575
2014-03-24 11:00:00,183.5250025
2014-03-24 12:00:00,417.7
2014-03-24 13:00:00,643.25
2014-03-24 14:00:00,821.575
2014-03-24 15:00:00,927.82501
2014-03-24 16:00:00,968.32501
2014-03-24 17:00:00,931.70001
2014-03-24 18:00:00,805.10001
2014-03-24 19:00:00,633.6
2014-03-24 20:00:00,333.8
2014-03-24 21:00:00,43.9750005
2014-03-24 22:00:00,9.6750005
2014-03-24 23:00:00,0.0
2014-03-25 00:00:00,0.0
2014-03-25 01:00:00,0.0
2014-03-25 02:00:00,0.0
2014-03-25 03:00:00,0.0
2014-03-25 04:00:00,0.0
2014-03-25 05:00:00,0.0
2014-03-25 06:00:00,0.0
2014-03-25 07:00:00,0.0
2014-03-25 08:00:00,0.0
2014-03-25 09:00:00,0.0
2014-03-25 10:00:00,8.575
2014-03-25 11:00:00,91.32500250000001
2014-03-25 12:00:00,272.04999999999995
2014-03-25 13:00:00,478.87501000000003
2014-03-25 14:00:00,657.8
2014-03-25 15:00:00,667.77502
2014-03-25 16:00:00,482.55
2014-03-25 17:00:00,486.800005
2014-03-25 18:00:00,479.475005
2014-03-25 19:00:00,435.300005
2014-03-25 20:00:00,174.57500249999998
2014-03-25 21:00:00,68.0750005
2014-03-25 22:00:00,5.95
2014-03-25 23:00:00,0.0
2014-03-26 00:00:00,
2014-03-26 01:00:00,
2014-03-26 02:00:00,
2014-03-26 03:00:00,0.0
2014-03-26 04:00:00,0.0
2014-03-26 05:00:00,0.0
2014-03-26 06:00:00,0.0
2014-03-26 07:00:00,0.0
2014-03-26 08:00:00,0.0
2014-03-26 09:00:00,0.0
2014-03-26 10:00:00,8.975
2014-03-26 11:00:00,93.35000124999999
2014-03-26 12:00:00,262.54999999999995
2014-03-26 13:00:00,383.600005
2014-03-26 14:00:00,530.5333466666667
2014-03-26 15:00:00,592.72501
2014-03-26 16:00:00,550.6500000000001
2014-03-26 17:00:00,430.95001
2014-03-26 18:00:00,344.05
2014-03-26 19:00:00,215.82500249999998
2014-03-26 20:00:00,92.90000125
2014-03-26 21:00:00,19.07500025
2014-03-26 22:00:00,1.800000075
2014-03-26 23:00:00,0.0
2014-03-27 00:00:00,0.0
2014-03-27 01:00:00,0.0
2014-03-27 02:00:00,0.0
2014-03-27 03:00:00,0.0
2014-03-27 04:00:00,0.0
2014-03-27 05:00:00,0.0
2014-03-27 06:00:00,0.0
2014-03-27 07:00:00,0.0
2014-03-27 08:00:00,0.0
2014-03-27 09:00:00,0.0
2014-03-27 10:00:00,8.175
2014-03-27 11:00:00,110.60000125
2014-03-27 12:00:00,324.90000000000003
2014-03-27 13:00:00,499.77500499999996
2014-03-27 14:00:00,715.42502
2014-03-27 15:00:00,822.40001
2014-03-27 16:00:00,918.22501
2014-03-27 17:00:00,922.12502
2014-03-27 18:00:00,772.8
2014-03-27 19:00:00,528.950015
2014-03-27 20:00:00,315.925
2014-03-27 21:00:00,120.00000125
2014-03-27 22:00:00,14.05
2014-03-27 23:00:00,0.0
2014-03-28 00:00:00,0.0
2014-03-28 01:00:00,0.0
2014-03-28 02:00:00,0.0
2014-03-28 03:00:00,0.0
2014-03-28 04:00:00,0.0
2014-03-28 05:00:00,0.0
2014-03-28 06:00:00,0.0
2014-03-28 07:00:00,0.0
2014-03-28 08:00:00,0.0
2014-03-28 09:00:00,0.0
2014-03-28 10:00:00,8.75
2014-03-28 11:00:00,148.55
2014-03-28 12:00:00,324.92499999999995
2014-03-28 13:00:00,590.125
2014-03-28 14:00:00,765.35
2014-03-28 15:00:00,869.45001
2014-03-28 16:00:00,917.4750200000001
2014-03-28 17:00:00,800.35001
2014-03-28 18:00:00,727.47501
2014-03-28 19:00:00,514.975005
2014-03-28 20:00:00,267.55
2014-03-28 21:00:00,74.72500000000001
2014-03-28 22:00:00,1.7
2014-03-28 23:00:00,0.0
2014-03-29 00:00:00,0.0
2014-03-29 01:00:00,0.0
2014-03-29 02:00:00,0.0
2014-03-29 03:00:00,0.0
2014-03-29 04:00:00,0.0
2014-03-29 05:00:00,0.0
2014-03-29 06:00:00,0.0
2014-03-29 07:00:00,0.0
2014-03-29 08:00:00,0.0
2014-03-29 09:00:00,0.0
2014-03-29 10:00:00,0.0
2014-03-29 11:00:00,88.3750005
2014-03-29 12:00:00,218.7250025
2014-03-29 13:00:00,302.83334666666667
2014-03-29 14:00:00,457.90000499999996
2014-03-29 15:00:00,736.9750200000001
2014-03-29 16:00:00,927.45002
2014-03-29 17:00:00,885.75002
2014-03-29 18:00:00,767.6750099999999
2014-03-29 19:00:00,493.100005
2014-03-29 20:00:00,178.550005
2014-03-29 21:00:00,42.27500125
2014-03-29 22:00:00,0.0
2014-03-29 23:00:00,0.0
2014-03-30 00:00:00,0.0
2014-03-30 01:00:00,0.0
2014-03-30 02:00:00,0.0
2014-03-30 03:00:00,0.0
2014-03-30 04:00:00,0.0
2014-03-30 05:00:00,0.0
2014-03-30 06:00:00,0.0
2014-03-30 07:00:00,0.0
2014-03-30 08:00:00,0.0
2014-03-30 09:00:00,0.0
2014-03-30 10:00:00,7.875
2014-03-30 11:00:00,166.67499999999998
2014-03-30 12:00:00,430.325
2014-03-30 13:00:00,658.675
2014-03-30 14:00:00,837.225
2014-03-30 15:00:00,945.2750100000001
2014-03-30 16:00:00,982.1500100000001
2014-03-30 17:00:00,942.50002
2014-03-30 18:00:00,822.07501
2014-03-30 19:00:00,645.35
2014-03-30 20:00:00,421.025
2014-03-30 21:00:00,171.1250025
2014-03-30 22:00:00,8.175
2014-03-30 23:00:00,0.0
2014-03-31 00:00:00,0.0
2014-03-31 01:00:00,0.0
2014-03-31 02:00:00,0.0
2014-03-31 03:00:00,0.0
2014-03-31 04:00:00,0.0
2014-03-31 05:00:00,0.0
2014-03-31 06:00:00,0.0
2014-03-31 07:00:00,0.0
2014-03-31 08:00:00,0.0
2014-03-31 09:00:00,0.0
2014-03-31 10:00:00,7.175
2014-03-31 11:00:00,141.6
2014-03-31 12:00:00,348.0
2014-03-31 13:00:00,559.225
2014-03-31 14:00:00,763.9000100000001
2014-03-31 15:00:00,898.45
2014-03-31 16:00:00,939.42502
2014-03-31 17:00:00,902.40001
2014-03-31 18:00:00,780.375
2014-03-31 19:00:00,604.50001
2014-03-31 20:00:00,323.475
2014-03-31 21:00:00,73.07500125
2014-03-31 22:00:00,6.85000001
2014-03-31 23:00:00,0.0
2014-04-01 00:00:00,0.0
2014-04-01 01:00:00,0.0
2014-04-01 02:00:00,0.0
2014-04-01 03:00:00,0.0
2014-04-01 04:00:00,0.0
2014-04-01 05:00:00,0.0
2014-04-01 06:00:00,0.0
2014-04-01 07:00:00,0.0
2014-04-01 08:00:00,0.0
2014-04-01 09:00:00,0.0
2014-04-01 10:00:00,6.3
2014-04-01 11:00:00,133.325
2014-04-01 12:00:00,312.525015
2014-04-01 13:00:00,527.0250100000001
2014-04-01 14:00:00,606.925
2014-04-01 15:00:00,768.90003
2014-04-01 16:00:00,735.2250200000001
2014-04-01 17:00:00,697.95002
2014-04-01 18:00:00,642.30002
2014-04-01 19:00:00,589.15002
2014-04-01 20:00:00,291.675005
2014-04-01 21:00:00,85.8250005
2014-04-01 22:00:00,7.475
2014-04-01 23:00:00,0.0
2014-04-02 00:00:00,0.0
2014-04-02 01:00:00,0.0
2014-04-02 02:00:00,0.0
2014-04-02 03:00:00,0.0
2014-04-02 04:00:00,0.0
2014-04-02 05:00:00,0.0
2014-04-02 06:00:00,0.0
2014-04-02 07:00:00,0.0
2014-04-02 08:00:00,0.0
2014-04-02 09:00:00,0.0
2014-04-02 10:00:00,14.1
2014-04-02 11:00:00,128.0500075
2014-04-02 12:00:00,217.3
2014-04-02 13:00:00,333.10001
2014-04-02 14:00:00,460.0
2014-04-02 15:00:00,621.0999999999999
2014-04-02 16:00:00,552.7
2014-04-02 17:00:00,448.0
2014-04-02 18:00:00,401.50001
2014-04-02 19:00:00,267.4
2014-04-02 20:00:00,120.35000000000001
2014-04-02 21:00:00,28.95000105
2014-04-02 22:00:00,9.1500005
2014-04-02 23:00:00,0.0
2014-04-03 00:00:00,0.0
2014-04-03 01:00:00,0.0
2014-04-03 02:00:00,0.0
2014-04-03 03:00:00,0.0
2014-04-03 04:00:00,0.0
2014-04-03 05:00:00,0.0
2014-04-03 06:00:00,0.0
2014-04-03 07:00:00,0.0
2014-04-03 08:00:00,0.0
2014-04-03 09:00:00,0.0
2014-04-03 10:00:00,0.0
2014-04-03 11:00:00,68.1
2014-04-03 12:00:00,297.1
2014-04-03 13:00:00,483.4
2014-04-03 14:00:00,605.2
2014-04-03 15:00:00,774.60004
2014-04-03 16:00:00,834.5
2014-04-03 17:00:00,821.5
2014-04-03 18:00:00,845.4
2014-04-03 19:00:00,694.3
2014-04-03 20:00:00,353.9
2014-04-03 21:00:00,107.700005
2014-04-03 22:00:00,30.4
2014-04-03 23:00:00,0.0
2014-04-04 00:00:00,0.0
2014-04-04 01:00:00,0.0
2014-04-04 02:00:00,0.0
2014-04-04 03:00:00,0.0
2014-04-04 04:00:00,0.0
2014-04-04 05:00:00,0.0
2014-04-04 06:00:00,0.0
2014-04-04 07:00:00,0.0
2014-04-04 08:00:00,0.0
2014-04-04 09:00:00,0.0
2014-04-04 10:00:00,0.0
2014-04-04 11:00:00,191.1
2014-04-04 12:00:00,417.2
2014-04-04 13:00:00,608.9
2014-04-04 14:00:00,748.9
2014-04-04 15:00:00,902.60004
2014-04-04 16:00:00,930.8
2014-04-04 17:00:00,884.5
2014-04-04 18:00:00,680.4
2014-04-04 19:00:00,364.5
2014-04-04 20:00:00,157.1
2014-04-04 21:00:00,49.0
2014-04-04 22:00:00,0.0
2014-04-04 23:00:00,0.0
2014-04-05 00:00:00,0.0
2014-04-05 01:00:00,0.0
2014-04-05 02:00:00,0.0
2014-04-05 03:00:00,0.0
2014-04-05 04:00:00,0.0
2014-04-05 05:00:00,0.0
2014-04-05 06:00:00,0.0
2014-04-05 07:00:00,0.0
2014-04-05 08:00:00,0.0
2014-04-05 09:00:00,0.0
2014-04-05 10:00:00,0.0
2014-04-05 11:00:00,106.8
2014-04-05 12:00:00,242.40001
2014-04-05 13:00:00,408.7
2014-04-05 14:00:00,563.4
2014-04-05 15:00:00,732.9
2014-04-05 16:00:00,676.7
2014-04-05 17:00:00,648.10004
2014-04-05 18:00:00,643.4
2014-04-05 19:00:00,442.9
2014-04-05 20:00:00,66.5
2014-04-05 21:00:00,69.200005
2014-04-05 22:00:00,0.0
2014-04-05 23:00:00,0.0
2014-04-06 00:00:00,0.0
2014-04-06 01:00:00,0.0
2014-04-06 02:00:00,0.0
2014-04-06 03:00:00,0.0
2014-04-06 04:00:00,0.0
2014-04-06 05:00:00,0.0
2014-04-06 06:00:00,0.0
2014-04-06 07:00:00,0.0
2014-04-06 08:00:00,0.0
2014-04-06 09:00:00,0.0
2014-04-06 10:00:00,0.0
2014-04-06 11:00:00,121.200005
2014-04-06 12:00:00,301.7
2014-04-06 13:00:00,431.30002
2014-04-06 14:00:00,677.7
2014-04-06 15:00:00,835.8
2014-04-06 16:00:00,841.10004
2014-04-06 17:00:00,841.0
2014-04-06 18:00:00,645.2
2014-04-06 19:00:00,358.9
2014-04-06 20:00:00,83.700005
2014-04-06 21:00:00,14.3
2014-04-06 22:00:00,0.0
2014-04-06 23:00:00,0.0
2014-04-07 00:00:00,0.0
2014-04-07 01:00:00,0.0
2014-04-07 02:00:00,0.0
2014-04-07 03:00:00,0.0
2014-04-07 04:00:00,0.0
2014-04-07 05:00:00,0.0
2014-04-07 06:00:00,0.0
2014-04-07 07:00:00,0.0
2014-04-07 08:00:00,0.0
2014-04-07 09:00:00,0.0
2014-04-07 10:00:00,0.0
2014-04-07 11:00:00,103.933335
2014-04-07 12:00:00,347.1666666666667
2014-04-07 13:00:00,574.5333333333333
2014-04-07 14:00:00,731.46668
2014-04-07 15:00:00,829.6000133333333
2014-04-07 16:00:00,854.9333466666667
2014-04-07 17:00:00,797.6000133333333
2014-04-07 18:00:00,789.2333466666665
2014-04-07 19:00:00,615.86668
2014-04-07 20:00:00,408.00000666666665
2014-04-07 21:00:00,166.60000333333335
2014-04-07 22:00:00,1.8
2014-04-07 23:00:00,0.0
2014-04-08 00:00:00,0.0
2014-04-08 01:00:00,0.0
2014-04-08 02:00:00,0.0
2014-04-08 03:00:00,0.0
2014-04-08 04:00:00,0.0
2014-04-08 05:00:00,0.0
2014-04-08 06:00:00,0.0
2014-04-08 07:00:00,0.0
2014-04-08 08:00:00,0.0
2014-04-08 09:00:00,0.0
2014-04-08 10:00:00,0.0
2014-04-08 11:00:00,139.45000249999998
2014-04-08 12:00:00,388.29999999999995
2014-04-08 13:00:00,609.5999999999999
2014-04-08 14:00:00,783.55002
2014-04-08 15:00:00,892.25002
2014-04-08 16:00:00,929.05
2014-04-08 17:00:00,889.2
2014-04-08 18:00:00,771.35
2014-04-08 19:00:00,595.55
2014-04-08 20:00:00,374.0
2014-04-08 21:00:00,129.75
2014-04-08 22:00:00,0.0
2014-04-08 23:00:00,0.0
2014-04-09 00:00:00,0.0
2014-04-09 01:00:00,0.0
2014-04-09 02:00:00,0.0
2014-04-09 03:00:00,0.0
2014-04-09 04:00:00,0.0
2014-04-09 05:00:00,0.0
2014-04-09 06:00:00,0.0
2014-04-09 07:00:00,0.0
2014-04-09 08:00:00,0.0
2014-04-09 09:00:00,0.0
2014-04-09 10:00:00,2.60000025
2014-04-09 11:00:00,115.2250005
2014-04-09 12:00:00,285.3
2014-04-09 13:00:00,427.52500499999996
2014-04-09 14:00:00,621.75
2014-04-09 15:00:00,783.025
2014-04-09 16:00:00,827.62501
2014-04-09 17:00:00,823.25001
2014-04-09 18:00:00,670.425
2014-04-09 19:00:00,351.15
2014-04-09 20:00:00,160.2000025
2014-04-09 21:00:00,38.7
2014-04-09 22:00:00,0.0
2014-04-09 23:00:00,0.0
2014-04-10 00:00:00,0.0
2014-04-10 01:00:00,0.0
2014-04-10 02:00:00,0.0
2014-04-10 03:00:00,0.0
2014-04-10 04:00:00,0.0
2014-04-10 05:00:00,0.0
2014-04-10 06:00:00,0.0
2014-04-10 07:00:00,0.0
2014-04-10 08:00:00,0.0
2014-04-10 09:00:00,0.0
2014-04-10 10:00:00,0.0
2014-04-10 11:00:00,81.10000000000001
2014-04-10 12:00:00,262.3333333333333
2014-04-10 13:00:00,438.8
2014-04-10 14:00:00,590.0
2014-04-10 15:00:00,506.09999999999997
2014-04-10 16:00:00,307.6000066666667
2014-04-10 17:00:00,249.60000666666667
2014-04-10 18:00:00,269.93333333333334
2014-04-10 19:00:00,218.46666666666667
2014-04-10 20:00:00,157.73333666666667
2014-04-10 21:00:00,13.166666666666666
2014-04-10 22:00:00,0.0
2014-04-10 23:00:00,0.0
2014-04-11 00:00:00,0.0
2014-04-11 01:00:00,0.0
2014-04-11 02:00:00,0.0
2014-04-11 03:00:00,0.0
2014-04-11 04:00:00,0.0
2014-04-11 05:00:00,0.0
2014-04-11 06:00:00,0.0
2014-04-11 07:00:00,0.0
2014-04-11 08:00:00,0.0
2014-04-11 09:00:00,0.0
2014-04-11 10:00:00,0.0
2014-04-11 11:00:00,111.1
2014-04-11 12:00:00,268.1
2014-04-11 13:00:00,573.8
2014-04-11 14:00:00,747.3
2014-04-11 15:00:00,830.3
2014-04-11 16:00:00,509.9
2014-04-11 17:00:00,568.4
2014-04-11 18:00:00,634.0
2014-04-11 19:00:00,395.9
2014-04-11 20:00:00,286.1
2014-04-11 21:00:00,70.3
2014-04-11 22:00:00,0.0
2014-04-11 23:00:00,0.0
2014-04-12 00:00:00,0.0
2014-04-12 01:00:00,0.0
2014-04-12 02:00:00,0.0
2014-04-12 03:00:00,0.0
2014-04-12 04:00:00,0.0
2014-04-12 05:00:00,0.0
2014-04-12 06:00:00,0.0
2014-04-12 07:00:00,0.0
2014-04-12 08:00:00,0.0
2014-04-12 09:00:00,0.0
2014-04-12 10:00:00,2.97500025
2014-04-12 11:00:00,127.4
2014-04-12 12:00:00,387.17501
2014-04-12 13:00:00,599.725
2014-04-12 14:00:00,766.0999999999999
2014-04-12 15:00:00,872.37503
2014-04-12 16:00:00,908.275
2014-04-12 17:00:00,869.6750099999999
2014-04-12 18:00:00,760.15001
2014-04-12 19:00:00,588.725
2014-04-12 20:00:00,336.77500499999996
2014-04-12 21:00:00,92.7750005
2014-04-12 22:00:00,1.800000075
2014-04-12 23:00:00,0.0
2014-04-13 00:00:00,0.0
2014-04-13 01:00:00,0.0
2014-04-13 02:00:00,0.0
2014-04-13 03:00:00,0.0
2014-04-13 04:00:00,0.0
2014-04-13 05:00:00,0.0
2014-04-13 06:00:00,0.0
2014-04-13 07:00:00,0.0
2014-04-13 08:00:00,0.0
2014-04-13 09:00:00,0.0
2014-04-13 10:00:00,3.775
2014-04-13 11:00:00,101.6500005
2014-04-13 12:00:00,300.775
2014-04-13 13:00:00,478.4
2014-04-13 14:00:00,671.1
2014-04-13 15:00:00,840.1500100000001
2014-04-13 16:00:00,878.425
2014-04-13 17:00:00,839.0999999999999
2014-04-13 18:00:00,721.95001
2014-04-13 19:00:00,549.52501
2014-04-13 20:00:00,303.3
2014-04-13 21:00:00,99.675003
2014-04-13 22:00:00,0.8
2014-04-13 23:00:00,0.0
2014-04-14 00:00:00,0.0
2014-04-14 01:00:00,0.0
2014-04-14 02:00:00,0.0
2014-04-14 03:00:00,0.0
2014-04-14 04:00:00,0.0
2014-04-14 05:00:00,0.0
2014-04-14 06:00:00,0.0
2014-04-14 07:00:00,0.0
2014-04-14 08:00:00,0.0
2014-04-14 09:00:00,0.0
2014-04-14 10:00:00,2.425
2014-04-14 11:00:00,109.6000025
2014-04-14 12:00:00,296.150005
2014-04-14 13:00:00,442.7
2014-04-14 14:00:00,601.175
2014-04-14 15:00:00,822.15
2014-04-14 16:00:00,889.7750100000001
2014-04-14 17:00:00,849.325
2014-04-14 18:00:00,737.25
2014-04-14 19:00:00,564.92501
2014-04-14 20:00:00,348.625005
2014-04-14 21:00:00,119.72500125
2014-04-14 22:00:00,0.675
2014-04-14 23:00:00,0.0
2014-04-15 00:00:00,0.0
2014-04-15 01:00:00,0.0
2014-04-15 02:00:00,0.0
2014-04-15 03:00:00,0.0
2014-04-15 04:00:00,0.0
2014-04-15 05:00:00,0.0
2014-04-15 06:00:00,0.0
2014-04-15 07:00:00,0.0
2014-04-15 08:00:00,0.0
2014-04-15 09:00:00,0.0
2014-04-15 10:00:00,0.475
2014-04-15 11:00:00,139.77500375
2014-04-15 12:00:00,382.77500499999996
2014-04-15 13:00:00,595.95001
2014-04-15 14:00:00,762.12501
2014-04-15 15:00:00,865.60001
2014-04-15 16:00:00,899.50001
2014-04-15 17:00:00,859.55
2014-04-15 18:00:00,747.47502
2014-04-15 19:00:00,575.35001
2014-04-15 20:00:00,358.45001
2014-04-15 21:00:00,124.65
2014-04-15 22:00:00,0.325000025
2014-04-15 23:00:00,0.0
2014-04-16 00:00:00,0.0
2014-04-16 01:00:00,0.0
2014-04-16 02:00:00,0.0
2014-04-16 03:00:00,0.0
2014-04-16 04:00:00,0.0
2014-04-16 05:00:00,0.0
2014-04-16 06:00:00,0.0
2014-04-16 07:00:00,0.0
2014-04-16 08:00:00,0.0
2014-04-16 09:00:00,0.0
2014-04-16 10:00:00,2.625
2014-04-16 11:00:00,138.125
2014-04-16 12:00:00,375.425005
2014-04-16 13:00:00,590.47501
2014-04-16 14:00:00,758.7750100000001
2014-04-16 15:00:00,860.6500100000001
2014-04-16 16:00:00,894.65
2014-04-16 17:00:00,851.8
2014-04-16 18:00:00,728.55001
2014-04-16 19:00:00,554.62501
2014-04-16 20:00:00,336.075005
2014-04-16 21:00:00,101.5250025
2014-04-16 22:00:00,0.0
2014-04-16 23:00:00,0.0
2014-04-17 00:00:00,0.0
2014-04-17 01:00:00,0.0
2014-04-17 02:00:00,0.0
2014-04-17 03:00:00,0.0
2014-04-17 04:00:00,0.0
2014-04-17 05:00:00,0.0
2014-04-17 06:00:00,0.0
2014-04-17 07:00:00,0.0
2014-04-17 08:00:00,0.0
2014-04-17 09:00:00,0.0
2014-04-17 10:00:00,2.2
2014-04-17 11:00:00,131.22500125
2014-04-17 12:00:00,363.400005
2014-04-17 13:00:00,574.75
2014-04-17 14:00:00,738.87502
2014-04-17 15:00:00,839.25
2014-04-17 16:00:00,873.15002
2014-04-17 17:00:00,834.075
2014-04-17 18:00:00,720.9
2014-04-17 19:00:00,529.350005
2014-04-17 20:00:00,280.975005
2014-04-17 21:00:00,45.07500025
2014-04-17 22:00:00,0.0
2014-04-17 23:00:00,0.0
2014-04-18 00:00:00,0.0
2014-04-18 01:00:00,0.0
2014-04-18 02:00:00,0.0
2014-04-18 03:00:00,0.0
2014-04-18 04:00:00,0.0
2014-04-18 05:00:00,0.0
2014-04-18 06:00:00,0.0
2014-04-18 07:00:00,0.0
2014-04-18 08:00:00,0.0
2014-04-18 09:00:00,0.0
2014-04-18 10:00:00,2.175
2014-04-18 11:00:00,100.175
2014-04-18 12:00:00,281.475
2014-04-18 13:00:00,436.225005
2014-04-18 14:00:00,621.075
2014-04-18 15:00:00,716.87501
2014-04-18 16:00:00,784.2750100000001
2014-04-18 17:00:00,808.55
2014-04-18 18:00:00,688.75
2014-04-18 19:00:00,518.975
2014-04-18 20:00:00,307.70001
2014-04-18 21:00:00,85.35000050000001
2014-04-18 22:00:00,0.0
2014-04-18 23:00:00,0.0
2014-04-19 00:00:00,0.0
2014-04-19 01:00:00,0.0
2014-04-19 02:00:00,0.0
2014-04-19 03:00:00,0.0
2014-04-19 04:00:00,0.0
2014-04-19 05:00:00,0.0
2014-04-19 06:00:00,0.0
2014-04-19 07:00:00,0.0
2014-04-19 08:00:00,0.0
2014-04-19 09:00:00,0.0
2014-04-19 10:00:00,1.7
2014-04-19 11:00:00,80.67500025000001
2014-04-19 12:00:00,233.325
2014-04-19 13:00:00,383.79999999999995
2014-04-19 14:00:00,583.67502
2014-04-19 15:00:00,786.05001
2014-04-19 16:00:00,873.375
2014-04-19 17:00:00,833.60001
2014-04-19 18:00:00,722.775
2014-04-19 19:00:00,550.075
2014-04-19 20:00:00,276.350005
2014-04-19 21:00:00,94.225
2014-04-19 22:00:00,0.0
2014-04-19 23:00:00,0.0
2014-04-20 00:00:00,0.0
2014-04-20 01:00:00,0.0
2014-04-20 02:00:00,0.0
2014-04-20 03:00:00,0.0
2014-04-20 04:00:00,0.0
2014-04-20 05:00:00,0.0
2014-04-20 06:00:00,0.0
2014-04-20 07:00:00,0.0
2014-04-20 08:00:00,0.0
2014-04-20 09:00:00,0.0
2014-04-20 10:00:00,1.550000075
2014-04-20 11:00:00,89.375
2014-04-20 12:00:00,209.97500000000002
2014-04-20 13:00:00,343.125
2014-04-20 14:00:00,495.200005
2014-04-20 15:00:00,539.35001
2014-04-20 16:00:00,624.9000100000001
2014-04-20 17:00:00,684.9750200000001
2014-04-20 18:00:00,588.625
2014-04-20 19:00:00,463.75
2014-04-20 20:00:00,248.5750075
2014-04-20 21:00:00,68.12500125
2014-04-20 22:00:00,0.0
2014-04-20 23:00:00,0.0
2014-04-21 00:00:00,0.0
2014-04-21 01:00:00,0.0
2014-04-21 02:00:00,0.0
2014-04-21 03:00:00,0.0
2014-04-21 04:00:00,0.0
2014-04-21 05:00:00,0.0
2014-04-21 06:00:00,0.0
2014-04-21 07:00:00,0.0
2014-04-21 08:00:00,0.0
2014-04-21 09:00:00,0.0
2014-04-21 10:00:00,1.0
2014-04-21 11:00:00,109.32500425
2014-04-21 12:00:00,341.925005
2014-04-21 13:00:00,518.125
2014-04-21 14:00:00,705.35
2014-04-21 15:00:00,804.6500100000001
2014-04-21 16:00:00,683.40002
2014-04-21 17:00:00,604.4000100000001
2014-04-21 18:00:00,460.175
2014-04-21 19:00:00,315.82500500000003
2014-04-21 20:00:00,208.550005
2014-04-21 21:00:00,63.40000125
2014-04-21 22:00:00,0.0
2014-04-21 23:00:00,0.0
2014-04-22 00:00:00,0.0
2014-04-22 01:00:00,0.0
2014-04-22 02:00:00,0.0
2014-04-22 03:00:00,0.0
2014-04-22 04:00:00,0.0
2014-04-22 05:00:00,0.0
2014-04-22 06:00:00,0.0
2014-04-22 07:00:00,0.0
2014-04-22 08:00:00,0.0
2014-04-22 09:00:00,0.0
2014-04-22 10:00:00,1.125
2014-04-22 11:00:00,114.67500050000001
2014-04-22 12:00:00,226.025
2014-04-22 13:00:00,302.875
2014-04-22 14:00:00,441.0
2014-04-22 15:00:00,467.475
2014-04-22 16:00:00,531.650015
2014-04-22 17:00:00,542.075005
2014-04-22 18:00:00,477.325
2014-04-22 19:00:00,360.375005
2014-04-22 20:00:00,183.55
2014-04-22 21:00:00,56.250001250000004
2014-04-22 22:00:00,0.0
2014-04-22 23:00:00,0.0
2014-04-23 00:00:00,0.0
2014-04-23 01:00:00,0.0
2014-04-23 02:00:00,0.0
2014-04-23 03:00:00,0.0
2014-04-23 04:00:00,0.0
2014-04-23 05:00:00,0.0
2014-04-23 06:00:00,0.0
2014-04-23 07:00:00,0.0
2014-04-23 08:00:00,0.0
2014-04-23 09:00:00,0.0
2014-04-23 10:00:00,0.650000025
2014-04-23 11:00:00,107.4250025
2014-04-23 12:00:00,303.350005
2014-04-23 13:00:00,461.425005
2014-04-23 14:00:00,623.3249999999999
2014-04-23 15:00:00,756.9000100000001
2014-04-23 16:00:00,816.5
2014-04-23 17:00:00,783.85001
2014-04-23 18:00:00,677.75001
2014-04-23 19:00:00,507.75
2014-04-23 20:00:00,296.575
2014-04-23 21:00:00,77.42500375
2014-04-23 22:00:00,0.0
2014-04-23 23:00:00,0.0
2014-04-24 00:00:00,0.0
2014-04-24 01:00:00,0.0
2014-04-24 02:00:00,0.0
2014-04-24 03:00:00,0.0
2014-04-24 04:00:00,0.0
2014-04-24 05:00:00,0.0
2014-04-24 06:00:00,0.0
2014-04-24 07:00:00,0.0
2014-04-24 08:00:00,0.0
2014-04-24 09:00:00,0.0
2014-04-24 10:00:00,0.475
2014-04-24 11:00:00,106.1750025
2014-04-24 12:00:00,333.975005
2014-04-24 13:00:00,499.325
2014-04-24 14:00:00,675.825
2014-04-24 15:00:00,811.75
2014-04-24 16:00:00,842.1500100000001
2014-04-24 17:00:00,800.87501
2014-04-24 18:00:00,688.225
2014-04-24 19:00:00,518.45001
2014-04-24 20:00:00,306.550005
2014-04-24 21:00:00,67.17500125
2014-04-24 22:00:00,0.0
2014-04-24 23:00:00,0.0
2014-04-25 00:00:00,0.0
2014-04-25 01:00:00,0.0
2014-04-25 02:00:00,0.0
2014-04-25 03:00:00,0.0
2014-04-25 04:00:00,0.0
2014-04-25 05:00:00,0.0
2014-04-25 06:00:00,0.0
2014-04-25 07:00:00,0.0
2014-04-25 08:00:00,0.0
2014-04-25 09:00:00,0.0
2014-04-25 10:00:00,0.35
2014-04-25 11:00:00,110.275
2014-04-25 12:00:00,299.750005
2014-04-25 13:00:00,472.20000500000003
2014-04-25 14:00:00,552.1000200000001
2014-04-25 15:00:00,578.55001
2014-04-25 16:00:00,607.5
2014-04-25 17:00:00,622.55
2014-04-25 18:00:00,362.475
2014-04-25 19:00:00,210.4
2014-04-25 20:00:00,103.7250025
2014-04-25 21:00:00,21.825
2014-04-25 22:00:00,0.0
2014-04-25 23:00:00,0.0
2014-04-26 00:00:00,0.0
2014-04-26 01:00:00,0.0
2014-04-26 02:00:00,0.0
2014-04-26 03:00:00,0.0
2014-04-26 04:00:00,0.0
2014-04-26 05:00:00,0.0
2014-04-26 06:00:00,0.0
2014-04-26 07:00:00,0.0
2014-04-26 08:00:00,0.0
2014-04-26 09:00:00,0.0
2014-04-26 10:00:00,0.15
2014-04-26 11:00:00,99.22500000000001
2014-04-26 12:00:00,262.4000025
2014-04-26 13:00:00,387.325
2014-04-26 14:00:00,503.35
2014-04-26 15:00:00,668.37501
2014-04-26 16:00:00,825.875
2014-04-26 17:00:00,788.32501
2014-04-26 18:00:00,667.35
2014-04-26 19:00:00,495.650025
2014-04-26 20:00:00,283.0500025
2014-04-26 21:00:00,60.25
2014-04-26 22:00:00,0.0
2014-04-26 23:00:00,0.0
2014-04-27 00:00:00,0.0
2014-04-27 01:00:00,0.0
2014-04-27 02:00:00,0.0
2014-04-27 03:00:00,0.0
2014-04-27 04:00:00,0.0
2014-04-27 05:00:00,0.0
2014-04-27 06:00:00,0.0
2014-04-27 07:00:00,0.0
2014-04-27 08:00:00,0.0
2014-04-27 09:00:00,0.0
2014-04-27 10:00:00,0.0
2014-04-27 11:00:00,113.17500375
2014-04-27 12:00:00,330.725
2014-04-27 13:00:00,539.55
2014-04-27 14:00:00,701.52503
2014-04-27 15:00:00,801.10001
2014-04-27 16:00:00,829.95001
2014-04-27 17:00:00,784.87501
2014-04-27 18:00:00,662.37502
2014-04-27 19:00:00,490.375
2014-04-27 20:00:00,278.6500075
2014-04-27 21:00:00,61.949999999999996
2014-04-27 22:00:00,0.0
2014-04-27 23:00:00,0.0
2014-04-28 00:00:00,0.0
2014-04-28 01:00:00,0.0
2014-04-28 02:00:00,0.0
2014-04-28 03:00:00,0.0
2014-04-28 04:00:00,0.0
2014-04-28 05:00:00,0.0
2014-04-28 06:00:00,0.0
2014-04-28 07:00:00,0.0
2014-04-28 08:00:00,0.0
2014-04-28 09:00:00,0.0
2014-04-28 10:00:00,0.0
2014-04-28 11:00:00,89.60000124999999
2014-04-28 12:00:00,250.025005
2014-04-28 13:00:00,401.850005
2014-04-28 14:00:00,591.20001
2014-04-28 15:00:00,670.75001
2014-04-28 16:00:00,628.275
2014-04-28 17:00:00,556.4749999999999
2014-04-28 18:00:00,396.8
2014-04-28 19:00:00,262.25000750000004
2014-04-28 20:00:00,136.725
2014-04-28 21:00:00,29.474999999999998
2014-04-28 22:00:00,0.0
2014-04-28 23:00:00,0.0
2014-04-29 00:00:00,0.0
2014-04-29 01:00:00,0.0
2014-04-29 02:00:00,0.0
2014-04-29 03:00:00,0.0
2014-04-29 04:00:00,0.0
2014-04-29 05:00:00,0.0
2014-04-29 06:00:00,0.0
2014-04-29 07:00:00,0.0
2014-04-29 08:00:00,0.0
2014-04-29 09:00:00,0.0
2014-04-29 10:00:00,0.0
2014-04-29 11:00:00,80.82500375000001
2014-04-29 12:00:00,261.4500025
2014-04-29 13:00:00,449.37501
2014-04-29 14:00:00,548.025
2014-04-29 15:00:00,441.525
2014-04-29 16:00:00,400.2
2014-04-29 17:00:00,406.675
2014-04-29 18:00:00,319.475005
2014-04-29 19:00:00,226.15000250000003
2014-04-29 20:00:00,118.2750025
2014-04-29 21:00:00,22.9250005
2014-04-29 22:00:00,0.0
2014-04-29 23:00:00,0.0
2014-04-30 00:00:00,0.0
2014-04-30 01:00:00,0.0
2014-04-30 02:00:00,0.0
2014-04-30 03:00:00,0.0
2014-04-30 04:00:00,0.0
2014-04-30 05:00:00,0.0
2014-04-30 06:00:00,0.0
2014-04-30 07:00:00,0.0
2014-04-30 08:00:00,0.0
2014-04-30 09:00:00,0.0
2014-04-30 10:00:00,0.0
2014-04-30 11:00:00,100.225
2014-04-30 12:00:00,303.07500500000003
2014-04-30 13:00:00,510.90001
2014-04-30 14:00:00,674.25001
2014-04-30 15:00:00,782.10001
2014-04-30 16:00:00,747.875
2014-04-30 17:00:00,770.52502
2014-04-30 18:00:00,670.32501
2014-04-30 19:00:00,495.5
2014-04-30 20:00:00,279.4500075
2014-04-30 21:00:00,63.000003750000005
2014-04-30 22:00:00,0.0
2014-04-30 23:00:00,0.0
2014-05-01 00:00:00,0.0
2014-05-01 01:00:00,0.0
2014-05-01 02:00:00,0.0
2014-05-01 03:00:00,0.0
2014-05-01 04:00:00,0.0
2014-05-01 05:00:00,0.0
2014-05-01 06:00:00,0.0
2014-05-01 07:00:00,0.0
2014-05-01 08:00:00,0.0
2014-05-01 09:00:00,0.0
2014-05-01 10:00:00,0.0
2014-05-01 11:00:00,107.45000275000001
2014-05-01 12:00:00,338.95000500000003
2014-05-01 13:00:00,546.575
2014-05-01 14:00:00,708.725
2014-05-01 15:00:00,808.55001
2014-05-01 16:00:00,837.1500100000001
2014-05-01 17:00:00,790.02502
2014-05-01 18:00:00,671.25002
2014-05-01 19:00:00,499.425025
2014-05-01 20:00:00,288.6
2014-05-01 21:00:00,68.25
2014-05-01 22:00:00,0.0
2014-05-01 23:00:00,0.0
2014-05-02 00:00:00,0.0
2014-05-02 01:00:00,0.0
2014-05-02 02:00:00,0.0
2014-05-02 03:00:00,0.0
2014-05-02 04:00:00,0.0
2014-05-02 05:00:00,0.0
2014-05-02 06:00:00,0.0
2014-05-02 07:00:00,0.0
2014-05-02 08:00:00,0.0
2014-05-02 09:00:00,0.0
2014-05-02 10:00:00,0.0
2014-05-02 11:00:00,104.77500025
2014-05-02 12:00:00,317.2
2014-05-02 13:00:00,522.55
2014-05-02 14:00:00,683.8
2014-05-02 15:00:00,783.1750099999999
2014-05-02 16:00:00,814.725
2014-05-02 17:00:00,772.4750200000001
2014-05-02 18:00:00,654.35001
2014-05-02 19:00:00,482.075
2014-05-02 20:00:00,270.0500075
2014-05-02 21:00:00,57.1
2014-05-02 22:00:00,0.0
2014-05-02 23:00:00,0.0
2014-05-03 00:00:00,0.0
2014-05-03 01:00:00,0.0
2014-05-03 02:00:00,0.0
2014-05-03 03:00:00,0.0
2014-05-03 04:00:00,0.0
2014-05-03 05:00:00,0.0
2014-05-03 06:00:00,0.0
2014-05-03 07:00:00,0.0
2014-05-03 08:00:00,0.0
2014-05-03 09:00:00,0.0
2014-05-03 10:00:00,0.0
2014-05-03 11:00:00,76.10000550000001
2014-05-03 12:00:00,225.650005
2014-05-03 13:00:00,397.35
2014-05-03 14:00:00,603.5999999999999
2014-05-03 15:00:00,703.1
2014-05-03 16:00:00,804.30002
2014-05-03 17:00:00,760.60004
2014-05-03 18:00:00,632.1
2014-05-03 19:00:00,473.85
2014-05-03 20:00:00,217.55
2014-05-03 21:00:00,25.75
2014-05-03 22:00:00,0.0
2014-05-03 23:00:00,0.0
2014-05-04 00:00:00,0.0
2014-05-04 01:00:00,0.0
2014-05-04 02:00:00,0.0
2014-05-04 03:00:00,0.0
2014-05-04 04:00:00,0.0
2014-05-04 05:00:00,0.0
2014-05-04 06:00:00,0.0
2014-05-04 07:00:00,0.0
2014-05-04 08:00:00,0.0
2014-05-04 09:00:00,0.0
2014-05-04 10:00:00,0.0
2014-05-04 11:00:00,92.3000025
2014-05-04 12:00:00,307.625005
2014-05-04 13:00:00,508.92501000000004
2014-05-04 14:00:00,665.82501
2014-05-04 15:00:00,760.72501
2014-05-04 16:00:00,788.70001
2014-05-04 17:00:00,745.125
2014-05-04 18:00:00,623.575
2014-05-04 19:00:00,427.975
2014-05-04 20:00:00,189.0750025
2014-05-04 21:00:00,36.55
2014-05-04 22:00:00,0.0
2014-05-04 23:00:00,0.0
2014-05-05 00:00:00,0.0
2014-05-05 01:00:00,0.0
2014-05-05 02:00:00,0.0
2014-05-05 03:00:00,0.0
2014-05-05 04:00:00,0.0
2014-05-05 05:00:00,0.0
2014-05-05 06:00:00,0.0
2014-05-05 07:00:00,0.0
2014-05-05 08:00:00,0.0
2014-05-05 09:00:00,0.0
2014-05-05 10:00:00,0.0
2014-05-05 11:00:00,91.80000275
2014-05-05 12:00:00,312.100005
2014-05-05 13:00:00,512.525005
2014-05-05 14:00:00,669.70001
2014-05-05 15:00:00,770.17501
2014-05-05 16:00:00,800.3249999999999
2014-05-05 17:00:00,757.7750100000001
2014-05-05 18:00:00,644.70001
2014-05-05 19:00:00,476.3
2014-05-05 20:00:00,268.6500025
2014-05-05 21:00:00,38.4
2014-05-05 22:00:00,0.0
2014-05-05 23:00:00,0.0
2014-05-06 00:00:00,0.0
2014-05-06 01:00:00,0.0
2014-05-06 02:00:00,0.0
2014-05-06 03:00:00,0.0
2014-05-06 04:00:00,0.0
2014-05-06 05:00:00,0.0
2014-05-06 06:00:00,0.0
2014-05-06 07:00:00,0.0
2014-05-06 08:00:00,0.0
2014-05-06 09:00:00,0.0
2014-05-06 10:00:00,0.0
2014-05-06 11:00:00,93.15
2014-05-06 12:00:00,295.6000125
2014-05-06 13:00:00,478.425
2014-05-06 14:00:00,582.65002
2014-05-06 15:00:00,738.225
2014-05-06 16:00:00,773.17501
2014-05-06 17:00:00,731.8
2014-05-06 18:00:00,615.45001
2014-05-06 19:00:00,449.4
2014-05-06 20:00:00,245.075005
2014-05-06 21:00:00,39.90000125
2014-05-06 22:00:00,0.0
2014-05-06 23:00:00,0.0
2014-05-07 00:00:00,0.0
2014-05-07 01:00:00,0.0
2014-05-07 02:00:00,0.0
2014-05-07 03:00:00,0.0
2014-05-07 04:00:00,0.0
2014-05-07 05:00:00,0.0
2014-05-07 06:00:00,0.0
2014-05-07 07:00:00,0.0
2014-05-07 08:00:00,0.0
2014-05-07 09:00:00,0.0
2014-05-07 10:00:00,0.0
2014-05-07 11:00:00,58.933335
2014-05-07 12:00:00,275.6000066666667
2014-05-07 13:00:00,478.43334000000004
2014-05-07 14:00:00,639.6666799999999
2014-05-07 15:00:00,743.4000133333333
2014-05-07 16:00:00,779.5666666666666
2014-05-07 17:00:00,745.9333333333334
2014-05-07 18:00:00,647.6
2014-05-07 19:00:00,488.73333333333335
2014-05-07 20:00:00,209.36667
2014-05-07 21:00:00,60.30000166666667
2014-05-07 22:00:00,0.0
2014-05-07 23:00:00,0.0
2014-05-08 00:00:00,0.0
2014-05-08 01:00:00,0.0
2014-05-08 02:00:00,0.0
2014-05-08 03:00:00,0.0
2014-05-08 04:00:00,0.0
2014-05-08 05:00:00,0.0
2014-05-08 06:00:00,0.0
2014-05-08 07:00:00,0.0
2014-05-08 08:00:00,0.0
2014-05-08 09:00:00,0.0
2014-05-08 10:00:00,0.0
2014-05-08 11:00:00,88.5250005
2014-05-08 12:00:00,274.600005
2014-05-08 13:00:00,469.375
2014-05-08 14:00:00,622.65
2014-05-08 15:00:00,725.6500100000001
2014-05-08 16:00:00,754.4
2014-05-08 17:00:00,713.975
2014-05-08 18:00:00,607.12503
2014-05-08 19:00:00,443.35
2014-05-08 20:00:00,240.9750025
2014-05-08 21:00:00,47.30000025
2014-05-08 22:00:00,0.0
2014-05-08 23:00:00,0.0
2014-05-09 00:00:00,0.0
2014-05-09 01:00:00,0.0
2014-05-09 02:00:00,0.0
2014-05-09 03:00:00,0.0
2014-05-09 04:00:00,0.0
2014-05-09 05:00:00,0.0
2014-05-09 06:00:00,0.0
2014-05-09 07:00:00,0.0
2014-05-09 08:00:00,0.0
2014-05-09 09:00:00,0.0
2014-05-09 10:00:00,0.0
2014-05-09 11:00:00,72.90000024999999
2014-05-09 12:00:00,222.8750025
2014-05-09 13:00:00,359.850015
2014-05-09 14:00:00,492.275
2014-05-09 15:00:00,544.07501
2014-05-09 16:00:00,554.25001
2014-05-09 17:00:00,476.475005
2014-05-09 18:00:00,400.400015
2014-05-09 19:00:00,305.675005
2014-05-09 20:00:00,122.675
2014-05-09 21:00:00,21.200000250000002
2014-05-09 22:00:00,0.0
2014-05-09 23:00:00,0.0
2014-05-10 00:00:00,0.0
2014-05-10 01:00:00,0.0
2014-05-10 02:00:00,0.0
2014-05-10 03:00:00,0.0
2014-05-10 04:00:00,0.0
2014-05-10 05:00:00,0.0
2014-05-10 06:00:00,0.0
2014-05-10 07:00:00,0.0
2014-05-10 08:00:00,0.0
2014-05-10 09:00:00,0.0
2014-05-10 10:00:00,0.0
2014-05-10 11:00:00,73.575
2014-05-10 12:00:00,207.425005
2014-05-10 13:00:00,305.100005
2014-05-10 14:00:00,368.150005
2014-05-10 15:00:00,415.55
2014-05-10 16:00:00,528.57502
2014-05-10 17:00:00,497.75
2014-05-10 18:00:00,389.7
2014-05-10 19:00:00,297.0
2014-05-10 20:00:00,147.79999999999998
2014-05-10 21:00:00,25.80000025
2014-05-10 22:00:00,0.0
2014-05-10 23:00:00,0.0
2014-05-11 00:00:00,0.0
2014-05-11 01:00:00,0.0
2014-05-11 02:00:00,0.0
2014-05-11 03:00:00,0.0
2014-05-11 04:00:00,0.0
2014-05-11 05:00:00,0.0
2014-05-11 06:00:00,0.0
2014-05-11 07:00:00,0.0
2014-05-11 08:00:00,0.0
2014-05-11 09:00:00,0.0
2014-05-11 10:00:00,0.0
2014-05-11 11:00:00,49.525000500000004
2014-05-11 12:00:00,145.825
2014-05-11 13:00:00,250.82500000000002
2014-05-11 14:00:00,393.8
2014-05-11 15:00:00,515.7
2014-05-11 16:00:00,588.1
2014-05-11 17:00:00,479.32501
2014-05-11 18:00:00,420.700005
2014-05-11 19:00:00,303.95
2014-05-11 20:00:00,124.725
2014-05-11 21:00:00,21.425
2014-05-11 22:00:00,0.0
2014-05-11 23:00:00,0.0
2014-05-12 00:00:00,0.0
2014-05-12 01:00:00,0.0
2014-05-12 02:00:00,0.0
2014-05-12 03:00:00,0.0
2014-05-12 04:00:00,0.0
2014-05-12 05:00:00,0.0
2014-05-12 06:00:00,0.0
2014-05-12 07:00:00,0.0
2014-05-12 08:00:00,0.0
2014-05-12 09:00:00,0.0
2014-05-12 10:00:00,0.0
2014-05-12 11:00:00,72.8
2014-05-12 12:00:00,273.575
2014-05-12 13:00:00,472.650005
2014-05-12 14:00:00,630.42501
2014-05-12 15:00:00,730.175
2014-05-12 16:00:00,756.1
2014-05-12 17:00:00,713.37501
2014-05-12 18:00:00,539.375
2014-05-12 19:00:00,242.7
2014-05-12 20:00:00,205.225005
2014-05-12 21:00:00,43.70000025
2014-05-12 22:00:00,0.0
2014-05-12 23:00:00,0.0
2014-05-13 00:00:00,0.0
2014-05-13 01:00:00,0.0
2014-05-13 02:00:00,0.0
2014-05-13 03:00:00,0.0
2014-05-13 04:00:00,0.0
2014-05-13 05:00:00,0.0
2014-05-13 06:00:00,0.0
2014-05-13 07:00:00,0.0
2014-05-13 08:00:00,0.0
2014-05-13 09:00:00,0.0
2014-05-13 10:00:00,0.0
2014-05-13 11:00:00,80.45000250000001
2014-05-13 12:00:00,289.300005
2014-05-13 13:00:00,495.825
2014-05-13 14:00:00,653.2750100000001
2014-05-13 15:00:00,749.25
2014-05-13 16:00:00,776.425
2014-05-13 17:00:00,731.45001
2014-05-13 18:00:00,617.95002
2014-05-13 19:00:00,452.225
2014-05-13 20:00:00,248.075
2014-05-13 21:00:00,47.25
2014-05-13 22:00:00,0.0
2014-05-13 23:00:00,0.0
2014-05-14 00:00:00,0.0
2014-05-14 01:00:00,0.0
2014-05-14 02:00:00,0.0
2014-05-14 03:00:00,0.0
2014-05-14 04:00:00,0.0
2014-05-14 05:00:00,0.0
2014-05-14 06:00:00,0.0
2014-05-14 07:00:00,0.0
2014-05-14 08:00:00,0.0
2014-05-14 09:00:00,0.0
2014-05-14 10:00:00,0.0
2014-05-14 11:00:00,80.275
2014-05-14 12:00:00,297.200005
2014-05-14 13:00:00,496.65
2014-05-14 14:00:00,653.3
2014-05-14 15:00:00,751.87501
2014-05-14 16:00:00,780.07501
2014-05-14 17:00:00,734.575
2014-05-14 18:00:00,621.35
2014-05-14 19:00:00,454.350015
2014-05-14 20:00:00,223.46666666666667
2014-05-14 21:00:00,48.625
2014-05-14 22:00:00,0.0
2014-05-14 23:00:00,0.0
2014-05-15 00:00:00,0.0
2014-05-15 01:00:00,0.0
2014-05-15 02:00:00,0.0
2014-05-15 03:00:00,0.0
2014-05-15 04:00:00,0.0
2014-05-15 05:00:00,0.0
2014-05-15 06:00:00,0.0
2014-05-15 07:00:00,0.0
2014-05-15 08:00:00,0.0
2014-05-15 09:00:00,0.0
2014-05-15 10:00:00,0.0
2014-05-15 11:00:00,81.10000275
2014-05-15 12:00:00,288.775
2014-05-15 13:00:00,487.625015
2014-05-15 14:00:00,643.825
2014-05-15 15:00:00,740.0
2014-05-15 16:00:00,769.87501
2014-05-15 17:00:00,727.12501
2014-05-15 18:00:00,611.40002
2014-05-15 19:00:00,442.625005
2014-05-15 20:00:00,237.0
2014-05-15 21:00:00,40.725
2014-05-15 22:00:00,0.0
2014-05-15 23:00:00,0.0
2014-05-16 00:00:00,0.0
2014-05-16 01:00:00,0.0
2014-05-16 02:00:00,0.0
2014-05-16 03:00:00,0.0
2014-05-16 04:00:00,0.0
2014-05-16 05:00:00,0.0
2014-05-16 06:00:00,0.0
2014-05-16 07:00:00,0.0
2014-05-16 08:00:00,0.0
2014-05-16 09:00:00,0.0
2014-05-16 10:00:00,0.0
2014-05-16 11:00:00,74.1
2014-05-16 12:00:00,287.7250075
2014-05-16 13:00:00,483.00001
2014-05-16 14:00:00,635.92501
2014-05-16 15:00:00,730.02502
2014-05-16 16:00:00,758.6500100000001
2014-05-16 17:00:00,716.32501
2014-05-16 18:00:00,603.0749999999999
2014-05-16 19:00:00,438.975005
2014-05-16 20:00:00,237.3250125
2014-05-16 21:00:00,41.025
2014-05-16 22:00:00,0.0
2014-05-16 23:00:00,0.0
2014-05-17 00:00:00,0.0
2014-05-17 01:00:00,0.0
2014-05-17 02:00:00,0.0
2014-05-17 03:00:00,0.0
2014-05-17 04:00:00,0.0
2014-05-17 05:00:00,0.0
2014-05-17 06:00:00,0.0
2014-05-17 07:00:00,0.0
2014-05-17 08:00:00,0.0
2014-05-17 09:00:00,0.0
2014-05-17 10:00:00,0.0
2014-05-17 11:00:00,70.3750005
2014-05-17 12:00:00,269.850005
2014-05-17 13:00:00,465.175
2014-05-17 14:00:00,617.9250099999999
2014-05-17 15:00:00,711.7750100000001
2014-05-17 16:00:00,740.2250200000001
2014-05-17 17:00:00,699.0250100000001
2014-05-17 18:00:00,591.2
2014-05-17 19:00:00,427.2
2014-05-17 20:00:00,225.3250075
2014-05-17 21:00:00,37.425
2014-05-17 22:00:00,0.0
2014-05-17 23:00:00,0.0
2014-05-18 00:00:00,0.0
2014-05-18 01:00:00,0.0
2014-05-18 02:00:00,0.0
2014-05-18 03:00:00,0.0
2014-05-18 04:00:00,0.0
2014-05-18 05:00:00,0.0
2014-05-18 06:00:00,0.0
2014-05-18 07:00:00,0.0
2014-05-18 08:00:00,0.0
2014-05-18 09:00:00,0.0
2014-05-18 10:00:00,0.0
2014-05-18 11:00:00,73.5000025
2014-05-18 12:00:00,276.5750125
2014-05-18 13:00:00,471.47501
2014-05-18 14:00:00,624.1
2014-05-18 15:00:00,717.025
2014-05-18 16:00:00,745.35001
2014-05-18 17:00:00,704.37501
2014-05-18 18:00:00,591.175
2014-05-18 19:00:00,426.35
2014-05-18 20:00:00,224.7000025
2014-05-18 21:00:00,35.625
2014-05-18 22:00:00,0.0
2014-05-18 23:00:00,0.0
2014-05-19 00:00:00,0.0
2014-05-19 01:00:00,0.0
2014-05-19 02:00:00,0.0
2014-05-19 03:00:00,0.0
2014-05-19 04:00:00,0.0
2014-05-19 05:00:00,0.0
2014-05-19 06:00:00,0.0
2014-05-19 07:00:00,0.0
2014-05-19 08:00:00,0.0
2014-05-19 09:00:00,0.0
2014-05-19 10:00:00,0.0
2014-05-19 11:00:00,44.5
2014-05-19 12:00:00,238.0
2014-05-19 13:00:00,436.3333333333333
2014-05-19 14:00:00,595.8666666666667
2014-05-19 15:00:00,700.7666800000001
2014-05-19 16:00:00,739.3666666666667
2014-05-19 17:00:00,707.6666799999999
2014-05-19 18:00:00,604.4
2014-05-19 19:00:00,445.7666666666667
2014-05-19 20:00:00,246.96666666666667
2014-05-19 21:00:00,45.90000066666667
2014-05-19 22:00:00,0.0
2014-05-19 23:00:00,0.0
2014-05-20 00:00:00,0.0
2014-05-20 01:00:00,0.0
2014-05-20 02:00:00,0.0
2014-05-20 03:00:00,0.0
2014-05-20 04:00:00,0.0
2014-05-20 05:00:00,0.0
2014-05-20 06:00:00,0.0
2014-05-20 07:00:00,0.0
2014-05-20 08:00:00,0.0
2014-05-20 09:00:00,0.0
2014-05-20 10:00:00,0.0
2014-05-20 11:00:00,88.76666733333333
2014-05-20 12:00:00,295.59999999999997
2014-05-20 13:00:00,484.9333466666667
2014-05-20 14:00:00,635.1
2014-05-20 15:00:00,720.0333333333333
2014-05-20 16:00:00,738.8666666666667
2014-05-20 17:00:00,686.56668
2014-05-20 18:00:00,563.2666666666668
2014-05-20 19:00:00,395.2
2014-05-20 20:00:00,192.96667000000002
2014-05-20 21:00:00,17.166666666666668
2014-05-20 22:00:00,0.0
2014-05-20 23:00:00,0.0
2014-05-21 00:00:00,0.0
2014-05-21 01:00:00,0.0
2014-05-21 02:00:00,0.0
2014-05-21 03:00:00,0.0
2014-05-21 04:00:00,0.0
2014-05-21 05:00:00,0.0
2014-05-21 06:00:00,0.0
2014-05-21 07:00:00,0.0
2014-05-21 08:00:00,0.0
2014-05-21 09:00:00,0.0
2014-05-21 10:00:00,0.0
2014-05-21 11:00:00,65.82500250000001
2014-05-21 12:00:00,240.45001000000002
2014-05-21 13:00:00,375.375005
2014-05-21 14:00:00,483.850005
2014-05-21 15:00:00,530.3
2014-05-21 16:00:00,556.20002
2014-05-21 17:00:00,456.77501
2014-05-21 18:00:00,412.225005
2014-05-21 19:00:00,382.90000499999996
2014-05-21 20:00:00,176.425005
2014-05-21 21:00:00,14.325000575
2014-05-21 22:00:00,0.0
2014-05-21 23:00:00,0.0
2014-05-22 00:00:00,0.0
2014-05-22 01:00:00,0.0
2014-05-22 02:00:00,0.0
2014-05-22 03:00:00,0.0
2014-05-22 04:00:00,0.0
2014-05-22 05:00:00,0.0
2014-05-22 06:00:00,0.0
2014-05-22 07:00:00,0.0
2014-05-22 08:00:00,0.0
2014-05-22 09:00:00,0.0
2014-05-22 10:00:00,0.0
2014-05-22 11:00:00,47.55
2014-05-22 12:00:00,182.7250025
2014-05-22 13:00:00,336.000005
2014-05-22 14:00:00,400.82500500000003
2014-05-22 15:00:00,418.07500000000005
2014-05-22 16:00:00,329.15
2014-05-22 17:00:00,205.8
2014-05-22 18:00:00,184.775
2014-05-22 19:00:00,140.525
2014-05-22 20:00:00,80.55000125000001
2014-05-22 21:00:00,20.025
2014-05-22 22:00:00,0.0
2014-05-22 23:00:00,0.0
2014-05-23 00:00:00,0.0
2014-05-23 01:00:00,0.0
2014-05-23 02:00:00,0.0
2014-05-23 03:00:00,0.0
2014-05-23 04:00:00,0.0
2014-05-23 05:00:00,0.0
2014-05-23 06:00:00,0.0
2014-05-23 07:00:00,0.0
2014-05-23 08:00:00,0.0
2014-05-23 09:00:00,0.0
2014-05-23 10:00:00,0.0
2014-05-23 11:00:00,47.00000003333334
2014-05-23 12:00:00,190.6
2014-05-23 13:00:00,298.125
2014-05-23 14:00:00,431.500005
2014-05-23 15:00:00,542.325
2014-05-23 16:00:00,603.02502
2014-05-23 17:00:00,524.425
2014-05-23 18:00:00,447.20000500000003
2014-05-23 19:00:00,390.825
2014-05-23 20:00:00,172.6500025
2014-05-23 21:00:00,13.95
2014-05-23 22:00:00,0.0
2014-05-23 23:00:00,0.0
2014-05-24 00:00:00,0.0
2014-05-24 01:00:00,0.0
2014-05-24 02:00:00,0.0
2014-05-24 03:00:00,0.0
2014-05-24 04:00:00,0.0
2014-05-24 05:00:00,0.0
2014-05-24 06:00:00,0.0
2014-05-24 07:00:00,0.0
2014-05-24 08:00:00,0.0
2014-05-24 09:00:00,0.0
2014-05-24 10:00:00,0.0
2014-05-24 11:00:00,32.475001250000005
2014-05-24 12:00:00,206.55
2014-05-24 13:00:00,395.675
2014-05-24 14:00:00,614.1999999999999
2014-05-24 15:00:00,546.125005
2014-05-24 16:00:00,298.900005
2014-05-24 17:00:00,208.52500500000002
2014-05-24 18:00:00,146.775
2014-05-24 19:00:00,195.79999999999998
2014-05-24 20:00:00,141.0
2014-05-24 21:00:00,29.5
2014-05-24 22:00:00,0.0
2014-05-24 23:00:00,0.0
2014-05-25 00:00:00,0.0
2014-05-25 01:00:00,0.0
2014-05-25 02:00:00,0.0
2014-05-25 03:00:00,0.0
2014-05-25 04:00:00,0.0
2014-05-25 05:00:00,0.0
2014-05-25 06:00:00,0.0
2014-05-25 07:00:00,0.0
2014-05-25 08:00:00,0.0
2014-05-25 09:00:00,0.0
2014-05-25 10:00:00,0.0
2014-05-25 11:00:00,57.625001499999996
2014-05-25 12:00:00,250.1750025
2014-05-25 13:00:00,445.425005
2014-05-25 14:00:00,599.65002
2014-05-25 15:00:00,697.75
2014-05-25 16:00:00,726.25002
2014-05-25 17:00:00,685.00002
2014-05-25 18:00:00,577.85
2014-05-25 19:00:00,415.025
2014-05-25 20:00:00,214.575
2014-05-25 21:00:00,32.85
2014-05-25 22:00:00,0.0
2014-05-25 23:00:00,0.0
2014-05-26 00:00:00,0.0
2014-05-26 01:00:00,0.0
2014-05-26 02:00:00,0.0
2014-05-26 03:00:00,0.0
2014-05-26 04:00:00,0.0
2014-05-26 05:00:00,0.0
2014-05-26 06:00:00,0.0
2014-05-26 07:00:00,0.0
2014-05-26 08:00:00,0.0
2014-05-26 09:00:00,0.0
2014-05-26 10:00:00,0.0
2014-05-26 11:00:00,57.7
2014-05-26 12:00:00,257.6000075
2014-05-26 13:00:00,453.0
2014-05-26 14:00:00,605.5250100000001
2014-05-26 15:00:00,697.425
2014-05-26 16:00:00,724.675
2014-05-26 17:00:00,682.87501
2014-05-26 18:00:00,573.1500100000001
2014-05-26 19:00:00,410.725
2014-05-26 20:00:00,211.7
2014-05-26 21:00:00,31.125
2014-05-26 22:00:00,0.0
2014-05-26 23:00:00,0.0
2014-05-27 00:00:00,0.0
2014-05-27 01:00:00,0.0
2014-05-27 02:00:00,0.0
2014-05-27 03:00:00,0.0
2014-05-27 04:00:00,0.0
2014-05-27 05:00:00,0.0
2014-05-27 06:00:00,0.0
2014-05-27 07:00:00,0.0
2014-05-27 08:00:00,0.0
2014-05-27 09:00:00,0.0
2014-05-27 10:00:00,0.0
2014-05-27 11:00:00,52.2
2014-05-27 12:00:00,206.7500025
2014-05-27 13:00:00,376.575
2014-05-27 14:00:00,494.82500000000005
2014-05-27 15:00:00,611.525
2014-05-27 16:00:00,527.325005
2014-05-27 17:00:00,475.600005
2014-05-27 18:00:00,375.025
2014-05-27 19:00:00,201.5000025
2014-05-27 20:00:00,100.44999999999999
2014-05-27 21:00:00,10.175
2014-05-27 22:00:00,0.0
2014-05-27 23:00:00,0.0
2014-05-28 00:00:00,0.0
2014-05-28 01:00:00,0.0
2014-05-28 02:00:00,0.0
2014-05-28 03:00:00,0.0
2014-05-28 04:00:00,0.0
2014-05-28 05:00:00,0.0
2014-05-28 06:00:00,0.0
2014-05-28 07:00:00,0.0
2014-05-28 08:00:00,0.0
2014-05-28 09:00:00,0.0
2014-05-28 10:00:00,0.0
2014-05-28 11:00:00,50.450002500000004
2014-05-28 12:00:00,262.425
2014-05-28 13:00:00,453.0666733333333
2014-05-28 14:00:00,616.30001
2014-05-28 15:00:00,712.17502
2014-05-28 16:00:00,739.95003
2014-05-28 17:00:00,697.525
2014-05-28 18:00:00,586.97501
2014-05-28 19:00:00,421.825
2014-05-28 20:00:00,219.975
2014-05-28 21:00:00,32.975
2014-05-28 22:00:00,0.0
2014-05-28 23:00:00,0.0
2014-05-29 00:00:00,0.0
2014-05-29 01:00:00,0.0
2014-05-29 02:00:00,0.0
2014-05-29 03:00:00,0.0
2014-05-29 04:00:00,0.0
2014-05-29 05:00:00,0.0
2014-05-29 06:00:00,0.0
2014-05-29 07:00:00,0.0
2014-05-29 08:00:00,0.0
2014-05-29 09:00:00,0.0
2014-05-29 10:00:00,0.0
2014-05-29 11:00:00,58.55000125
2014-05-29 12:00:00,263.175
2014-05-29 13:00:00,462.62501000000003
2014-05-29 14:00:00,618.0
2014-05-29 15:00:00,711.55001
2014-05-29 16:00:00,739.1999999999999
2014-05-29 17:00:00,697.3
2014-05-29 18:00:00,585.4
2014-05-29 19:00:00,420.525
2014-05-29 20:00:00,217.7
2014-05-29 21:00:00,31.475001250000002
2014-05-29 22:00:00,0.0
2014-05-29 23:00:00,0.0
2014-05-30 00:00:00,0.0
2014-05-30 01:00:00,0.0
2014-05-30 02:00:00,0.0
2014-05-30 03:00:00,0.0
2014-05-30 04:00:00,0.0
2014-05-30 05:00:00,0.0
2014-05-30 06:00:00,0.0
2014-05-30 07:00:00,0.0
2014-05-30 08:00:00,0.0
2014-05-30 09:00:00,0.0
2014-05-30 10:00:00,0.0
2014-05-30 11:00:00,52.07500025
2014-05-30 12:00:00,255.0500025
2014-05-30 13:00:00,449.325005
2014-05-30 14:00:00,601.10001
2014-05-30 15:00:00,693.7
2014-05-30 16:00:00,720.325
2014-05-30 17:00:00,679.32503
2014-05-30 18:00:00,527.05001
2014-05-30 19:00:00,330.825
2014-05-30 20:00:00,133.55
2014-05-30 21:00:00,27.400000000000002
2014-05-30 22:00:00,0.0
2014-05-30 23:00:00,0.0
2014-05-31 00:00:00,0.0
2014-05-31 01:00:00,0.0
2014-05-31 02:00:00,0.0
2014-05-31 03:00:00,0.0
2014-05-31 04:00:00,0.0
2014-05-31 05:00:00,0.0
2014-05-31 06:00:00,0.0
2014-05-31 07:00:00,0.0
2014-05-31 08:00:00,0.0
2014-05-31 09:00:00,0.0
2014-05-31 10:00:00,0.0
2014-05-31 11:00:00,55.200002500000004
2014-05-31 12:00:00,211.40000999999998
2014-05-31 13:00:00,
2014-05-31 14:00:00,630.0
2014-05-31 15:00:00,678.75001
2014-05-31 16:00:00,708.3333333333334
2014-05-31 17:00:00,656.4000133333334
2014-05-31 18:00:00,552.47501
2014-05-31 19:00:00,288.95
2014-05-31 20:00:00,116.2750005
2014-05-31 21:00:00,18.050000500000003
2014-05-31 22:00:00,0.0
2014-05-31 23:00:00,0.0
2014-06-01 00:00:00,0.0
2014-06-01 01:00:00,0.0
2014-06-01 02:00:00,0.0
2014-06-01 03:00:00,0.0
2014-06-01 04:00:00,0.0
2014-06-01 05:00:00,0.0
2014-06-01 06:00:00,0.0
2014-06-01 07:00:00,0.0
2014-06-01 08:00:00,0.0
2014-06-01 09:00:00,0.0
2014-06-01 10:00:00,0.0
2014-06-01 11:00:00,50.225001250000005
2014-06-01 12:00:00,239.675005
2014-06-01 13:00:00,418.52500499999996
2014-06-01 14:00:00,586.175
2014-06-01 15:00:00,682.6750099999999
2014-06-01 16:00:00,713.20001
2014-06-01 17:00:00,674.5500099999999
2014-06-01 18:00:00,566.12501
2014-06-01 19:00:00,404.425005
2014-06-01 20:00:00,206.3000025
2014-06-01 21:00:00,28.65
2014-06-01 22:00:00,0.0
2014-06-01 23:00:00,0.0
2014-06-02 00:00:00,0.0
2014-06-02 01:00:00,0.0
2014-06-02 02:00:00,0.0
2014-06-02 03:00:00,0.0
2014-06-02 04:00:00,0.0
2014-06-02 05:00:00,0.0
2014-06-02 06:00:00,0.0
2014-06-02 07:00:00,0.0
2014-06-02 08:00:00,0.0
2014-06-02 09:00:00,0.0
2014-06-02 10:00:00,0.0
2014-06-02 11:00:00,50.42500125
2014-06-02 12:00:00,220.9750075
2014-06-02 13:00:00,418.525
2014-06-02 14:00:00,589.35002
2014-06-02 15:00:00,683.70003
2014-06-02 16:00:00,714.87502
2014-06-02 17:00:00,676.175
2014-06-02 18:00:00,566.9
2014-06-02 19:00:00,405.45001
2014-06-02 20:00:00,207.625
2014-06-02 21:00:00,28.700001275
2014-06-02 22:00:00,0.0
2014-06-02 23:00:00,0.0
2014-06-03 00:00:00,0.0
2014-06-03 01:00:00,0.0
2014-06-03 02:00:00,0.0
2014-06-03 03:00:00,0.0
2014-06-03 04:00:00,0.0
2014-06-03 05:00:00,0.0
2014-06-03 06:00:00,0.0
2014-06-03 07:00:00,0.0
2014-06-03 08:00:00,0.0
2014-06-03 09:00:00,0.0
2014-06-03 10:00:00,0.0
2014-06-03 11:00:00,51.125
2014-06-03 12:00:00,247.725005
2014-06-03 13:00:00,446.15
2014-06-03 14:00:00,575.35
2014-06-03 15:00:00,587.675
2014-06-03 16:00:00,704.75001
2014-06-03 17:00:00,683.25
2014-06-03 18:00:00,574.925
2014-06-03 19:00:00,413.20001
2014-06-03 20:00:00,213.07500249999998
2014-06-03 21:00:00,31.25
2014-06-03 22:00:00,0.0
2014-06-03 23:00:00,0.0
2014-06-04 00:00:00,0.0
2014-06-04 01:00:00,0.0
2014-06-04 02:00:00,0.0
2014-06-04 03:00:00,0.0
2014-06-04 04:00:00,0.0
2014-06-04 05:00:00,0.0
2014-06-04 06:00:00,0.0
2014-06-04 07:00:00,0.0
2014-06-04 08:00:00,0.0
2014-06-04 09:00:00,0.0
2014-06-04 10:00:00,0.0
2014-06-04 11:00:00,50.35
2014-06-04 12:00:00,252.14999999999998
2014-06-04 13:00:00,449.1
2014-06-04 14:00:00,603.2249999999999
2014-06-04 15:00:00,697.22502
2014-06-04 16:00:00,724.9
2014-06-04 17:00:00,684.225
2014-06-04 18:00:00,578.72501
2014-06-04 19:00:00,418.725
2014-06-04 20:00:00,219.025
2014-06-04 21:00:00,33.4
2014-06-04 22:00:00,0.0
2014-06-04 23:00:00,0.0
2014-06-05 00:00:00,0.0
2014-06-05 01:00:00,0.0
2014-06-05 02:00:00,0.0
2014-06-05 03:00:00,0.0
2014-06-05 04:00:00,0.0
2014-06-05 05:00:00,0.0
2014-06-05 06:00:00,0.0
2014-06-05 07:00:00,0.0
2014-06-05 08:00:00,0.0
2014-06-05 09:00:00,0.0
2014-06-05 10:00:00,0.0
2014-06-05 11:00:00,50.0
2014-06-05 12:00:00,241.02499999999998
2014-06-05 13:00:00,437.325
2014-06-05 14:00:00,591.50001
2014-06-05 15:00:00,685.775
2014-06-05 16:00:00,715.0
2014-06-05 17:00:00,675.72502
2014-06-05 18:00:00,567.9000100000001
2014-06-05 19:00:00,407.3
2014-06-05 20:00:00,208.525005
2014-06-05 21:00:00,13.300000500000001
2014-06-05 22:00:00,0.0
2014-06-05 23:00:00,0.0
2014-06-06 00:00:00,0.0
2014-06-06 01:00:00,0.0
2014-06-06 02:00:00,0.0
2014-06-06 03:00:00,0.0
2014-06-06 04:00:00,0.0
2014-06-06 05:00:00,0.0
2014-06-06 06:00:00,0.0
2014-06-06 07:00:00,0.0
2014-06-06 08:00:00,0.0
2014-06-06 09:00:00,0.0
2014-06-06 10:00:00,0.0
2014-06-06 11:00:00,47.300000499999996
2014-06-06 12:00:00,238.65000750000002
2014-06-06 13:00:00,432.750005
2014-06-06 14:00:00,586.725
2014-06-06 15:00:00,680.6750099999999
2014-06-06 16:00:00,709.1500100000001
2014-06-06 17:00:00,670.4
2014-06-06 18:00:00,469.900005
2014-06-06 19:00:00,240.70000249999998
2014-06-06 20:00:00,141.65000375
2014-06-06 21:00:00,6.625
2014-06-06 22:00:00,0.0
2014-06-06 23:00:00,0.0
2014-06-07 00:00:00,0.0
2014-06-07 01:00:00,0.0
2014-06-07 02:00:00,0.0
2014-06-07 03:00:00,0.0
2014-06-07 04:00:00,0.0
2014-06-07 05:00:00,0.0
2014-06-07 06:00:00,0.0
2014-06-07 07:00:00,0.0
2014-06-07 08:00:00,0.0
2014-06-07 09:00:00,0.0
2014-06-07 10:00:00,0.0
2014-06-07 11:00:00,48.600001250000005
2014-06-07 12:00:00,244.475
2014-06-07 13:00:00,440.05
2014-06-07 14:00:00,593.20001
2014-06-07 15:00:00,684.40002
2014-06-07 16:00:00,712.7750100000001
2014-06-07 17:00:00,673.8
2014-06-07 18:00:00,567.3
2014-06-07 19:00:00,408.475005
2014-06-07 20:00:00,210.7250075
2014-06-07 21:00:00,30.525
2014-06-07 22:00:00,0.0
2014-06-07 23:00:00,0.0
2014-06-08 00:00:00,0.0
2014-06-08 01:00:00,0.0
2014-06-08 02:00:00,0.0
2014-06-08 03:00:00,0.0
2014-06-08 04:00:00,0.0
2014-06-08 05:00:00,0.0
2014-06-08 06:00:00,0.0
2014-06-08 07:00:00,0.0
2014-06-08 08:00:00,0.0
2014-06-08 09:00:00,0.0
2014-06-08 10:00:00,0.0
2014-06-08 11:00:00,46.725
2014-06-08 12:00:00,240.575005
2014-06-08 13:00:00,435.0
2014-06-08 14:00:00,588.75
2014-06-08 15:00:00,683.05
2014-06-08 16:00:00,711.62501
2014-06-08 17:00:00,672.10001
2014-06-08 18:00:00,564.275
2014-06-08 19:00:00,406.475005
2014-06-08 20:00:00,210.250005
2014-06-08 21:00:00,30.35
2014-06-08 22:00:00,0.0
2014-06-08 23:00:00,0.0
2014-06-09 00:00:00,0.0
2014-06-09 01:00:00,0.0
2014-06-09 02:00:00,0.0
2014-06-09 03:00:00,0.0
2014-06-09 04:00:00,0.0
2014-06-09 05:00:00,0.0
2014-06-09 06:00:00,0.0
2014-06-09 07:00:00,0.0
2014-06-09 08:00:00,0.0
2014-06-09 09:00:00,0.0
2014-06-09 10:00:00,0.0
2014-06-09 11:00:00,46.82500075
2014-06-09 12:00:00,236.25
2014-06-09 13:00:00,429.70001
2014-06-09 14:00:00,582.35
2014-06-09 15:00:00,676.225
2014-06-09 16:00:00,706.375
2014-06-09 17:00:00,668.02502
2014-06-09 18:00:00,561.62501
2014-06-09 19:00:00,402.750005
2014-06-09 20:00:00,206.925
2014-06-09 21:00:00,27.975
2014-06-09 22:00:00,0.0
2014-06-09 23:00:00,0.0
2014-06-10 00:00:00,0.0
2014-06-10 01:00:00,0.0
2014-06-10 02:00:00,0.0
2014-06-10 03:00:00,0.0
2014-06-10 04:00:00,0.0
2014-06-10 05:00:00,0.0
2014-06-10 06:00:00,0.0
2014-06-10 07:00:00,0.0
2014-06-10 08:00:00,0.0
2014-06-10 09:00:00,0.0
2014-06-10 10:00:00,0.0
2014-06-10 11:00:00,41.82500175
2014-06-10 12:00:00,233.9000025
2014-06-10 13:00:00,428.425005
2014-06-10 14:00:00,582.5250100000001
2014-06-10 15:00:00,678.575
2014-06-10 16:00:00,708.22501
2014-06-10 17:00:00,668.15
2014-06-10 18:00:00,522.62501
2014-06-10 19:00:00,324.3
2014-06-10 20:00:00,206.9250025
2014-06-10 21:00:00,29.250000025
2014-06-10 22:00:00,0.0
2014-06-10 23:00:00,0.0
2014-06-11 00:00:00,0.0
2014-06-11 01:00:00,0.0
2014-06-11 02:00:00,0.0
2014-06-11 03:00:00,0.0
2014-06-11 04:00:00,0.0
2014-06-11 05:00:00,0.0
2014-06-11 06:00:00,0.0
2014-06-11 07:00:00,0.0
2014-06-11 08:00:00,0.0
2014-06-11 09:00:00,0.0
2014-06-11 10:00:00,0.0
2014-06-11 11:00:00,43.425
2014-06-11 12:00:00,241.075
2014-06-11 13:00:00,438.42499999999995
2014-06-11 14:00:00,593.85001
2014-06-11 15:00:00,690.65
2014-06-11 16:00:00,718.95
2014-06-11 17:00:00,679.57501
2014-06-11 18:00:00,577.17502
2014-06-11 19:00:00,419.17501
2014-06-11 20:00:00,220.3500025
2014-06-11 21:00:00,33.699999999999996
2014-06-11 22:00:00,0.0
2014-06-11 23:00:00,0.0
2014-06-12 00:00:00,0.0
2014-06-12 01:00:00,0.0
2014-06-12 02:00:00,0.0
2014-06-12 03:00:00,0.0
2014-06-12 04:00:00,0.0
2014-06-12 05:00:00,0.0
2014-06-12 06:00:00,0.0
2014-06-12 07:00:00,0.0
2014-06-12 08:00:00,0.0
2014-06-12 09:00:00,0.0
2014-06-12 10:00:00,0.0
2014-06-12 11:00:00,44.25
2014-06-12 12:00:00,234.95
2014-06-12 13:00:00,430.475
2014-06-12 14:00:00,583.82501
2014-06-12 15:00:00,676.42501
2014-06-12 16:00:00,705.95002
2014-06-12 17:00:00,668.3
2014-06-12 18:00:00,569.35
2014-06-12 19:00:00,411.925005
2014-06-12 20:00:00,215.2750025
2014-06-12 21:00:00,31.775000525000003
2014-06-12 22:00:00,0.0
2014-06-12 23:00:00,0.0
2014-06-13 00:00:00,0.0
2014-06-13 01:00:00,0.0
2014-06-13 02:00:00,0.0
2014-06-13 03:00:00,0.0
2014-06-13 04:00:00,0.0
2014-06-13 05:00:00,0.0
2014-06-13 06:00:00,0.0
2014-06-13 07:00:00,0.0
2014-06-13 08:00:00,0.0
2014-06-13 09:00:00,0.0
2014-06-13 10:00:00,0.0
2014-06-13 11:00:00,36.275000000000006
2014-06-13 12:00:00,139.64999999999998
2014-06-13 13:00:00,255.52500500000002
2014-06-13 14:00:00,363.425
2014-06-13 15:00:00,398.300005
2014-06-13 16:00:00,412.750005
2014-06-13 17:00:00,370.100005
2014-06-13 18:00:00,298.32500500000003
2014-06-13 19:00:00,197.0
2014-06-13 20:00:00,82.67500125
2014-06-13 21:00:00,10.875
2014-06-13 22:00:00,0.0
2014-06-13 23:00:00,0.0
2014-06-14 00:00:00,0.0
2014-06-14 01:00:00,0.0
2014-06-14 02:00:00,0.0
2014-06-14 03:00:00,0.0
2014-06-14 04:00:00,0.0
2014-06-14 05:00:00,0.0
2014-06-14 06:00:00,0.0
2014-06-14 07:00:00,0.0
2014-06-14 08:00:00,0.0
2014-06-14 09:00:00,0.0
2014-06-14 10:00:00,0.0
2014-06-14 11:00:00,33.900000500000004
2014-06-14 12:00:00,211.500005
2014-06-14 13:00:00,398.875
2014-06-14 14:00:00,549.625
2014-06-14 15:00:00,642.85
2014-06-14 16:00:00,675.0
2014-06-14 17:00:00,640.05001
2014-06-14 18:00:00,536.275
2014-06-14 19:00:00,380.90000499999996
2014-06-14 20:00:00,190.20000125
2014-06-14 21:00:00,24.575000000000003
2014-06-14 22:00:00,0.0
2014-06-14 23:00:00,0.0
2014-06-15 00:00:00,0.0
2014-06-15 01:00:00,0.0
2014-06-15 02:00:00,0.0
2014-06-15 03:00:00,0.0
2014-06-15 04:00:00,0.0
2014-06-15 05:00:00,0.0
2014-06-15 06:00:00,0.0
2014-06-15 07:00:00,0.0
2014-06-15 08:00:00,0.0
2014-06-15 09:00:00,0.0
2014-06-15 10:00:00,0.0
2014-06-15 11:00:00,35.2
2014-06-15 12:00:00,219.7250075
2014-06-15 13:00:00,412.25
2014-06-15 14:00:00,565.82501
2014-06-15 15:00:00,663.475
2014-06-15 16:00:00,694.925
2014-06-15 17:00:00,654.3333466666667
2014-06-15 18:00:00,557.3750150000001
2014-06-15 19:00:00,400.47501
2014-06-15 20:00:00,205.10000125
2014-06-15 21:00:00,24.45000025
2014-06-15 22:00:00,0.0
2014-06-15 23:00:00,0.0
2014-06-16 00:00:00,0.0
2014-06-16 01:00:00,0.0
2014-06-16 02:00:00,0.0
2014-06-16 03:00:00,0.0
2014-06-16 04:00:00,0.0
2014-06-16 05:00:00,0.0
2014-06-16 06:00:00,0.0
2014-06-16 07:00:00,0.0
2014-06-16 08:00:00,0.0
2014-06-16 09:00:00,0.0
2014-06-16 10:00:00,0.0
2014-06-16 11:00:00,37.425
2014-06-16 12:00:00,219.875
2014-06-16 13:00:00,411.02501
2014-06-16 14:00:00,563.1750099999999
2014-06-16 15:00:00,658.47502
2014-06-16 16:00:00,689.45
2014-06-16 17:00:00,652.525
2014-06-16 18:00:00,548.4
2014-06-16 19:00:00,392.850005
2014-06-16 20:00:00,201.550005
2014-06-16 21:00:00,27.65
2014-06-16 22:00:00,0.0
2014-06-16 23:00:00,0.0
2014-06-17 00:00:00,0.0
2014-06-17 01:00:00,0.0
2014-06-17 02:00:00,0.0
2014-06-17 03:00:00,0.0
2014-06-17 04:00:00,0.0
2014-06-17 05:00:00,0.0
2014-06-17 06:00:00,0.0
2014-06-17 07:00:00,0.0
2014-06-17 08:00:00,0.0
2014-06-17 09:00:00,0.0
2014-06-17 10:00:00,0.0
2014-06-17 11:00:00,32.475
2014-06-17 12:00:00,184.175
2014-06-17 13:00:00,370.70000500000003
2014-06-17 14:00:00,549.950005
2014-06-17 15:00:00,645.6750099999999
2014-06-17 16:00:00,677.37501
2014-06-17 17:00:00,642.45
2014-06-17 18:00:00,540.925
2014-06-17 19:00:00,387.45000500000003
2014-06-17 20:00:00,197.4
2014-06-17 21:00:00,27.25
2014-06-17 22:00:00,0.0
2014-06-17 23:00:00,0.0
2014-06-18 00:00:00,0.0
2014-06-18 01:00:00,0.0
2014-06-18 02:00:00,0.0
2014-06-18 03:00:00,0.0
2014-06-18 04:00:00,0.0
2014-06-18 05:00:00,0.0
2014-06-18 06:00:00,0.0
2014-06-18 07:00:00,0.0
2014-06-18 08:00:00,0.0
2014-06-18 09:00:00,0.0
2014-06-18 10:00:00,0.0
2014-06-18 11:00:00,25.525
2014-06-18 12:00:00,119.35000000000001
2014-06-18 13:00:00,207.6750025
2014-06-18 14:00:00,254.4500125
2014-06-18 15:00:00,311.7
2014-06-18 16:00:00,338.45000500000003
2014-06-18 17:00:00,290.975005
2014-06-18 18:00:00,275.07501
2014-06-18 19:00:00,161.80000125
2014-06-18 20:00:00,75.0
2014-06-18 21:00:00,13.25
2014-06-18 22:00:00,0.0
2014-06-18 23:00:00,0.0
2014-06-19 00:00:00,0.0
2014-06-19 01:00:00,0.0
2014-06-19 02:00:00,0.0
2014-06-19 03:00:00,0.0
2014-06-19 04:00:00,0.0
2014-06-19 05:00:00,0.0
2014-06-19 06:00:00,0.0
2014-06-19 07:00:00,0.0
2014-06-19 08:00:00,0.0
2014-06-19 09:00:00,0.0
2014-06-19 10:00:00,0.0
2014-06-19 11:00:00,21.975
2014-06-19 12:00:00,129.92500125
2014-06-19 13:00:00,234.950005
2014-06-19 14:00:00,294.35
2014-06-19 15:00:00,306.825
2014-06-19 16:00:00,432.625
2014-06-19 17:00:00,491.02500499999996
2014-06-19 18:00:00,428.55
2014-06-19 19:00:00,326.47501
2014-06-19 20:00:00,141.02500125
2014-06-19 21:00:00,23.424999999999997
2014-06-19 22:00:00,0.0
2014-06-19 23:00:00,0.0
2014-06-20 00:00:00,0.0
2014-06-20 01:00:00,0.0
2014-06-20 02:00:00,0.0
2014-06-20 03:00:00,0.0
2014-06-20 04:00:00,0.0
2014-06-20 05:00:00,0.0
2014-06-20 06:00:00,0.0
2014-06-20 07:00:00,0.0
2014-06-20 08:00:00,0.0
2014-06-20 09:00:00,0.0
2014-06-20 10:00:00,0.0
2014-06-20 11:00:00,28.099999999999998
2014-06-20 12:00:00,200.0500025
2014-06-20 13:00:00,394.9
2014-06-20 14:00:00,561.075
2014-06-20 15:00:00,656.42501
2014-06-20 16:00:00,689.52502
2014-06-20 17:00:00,655.12501
2014-06-20 18:00:00,548.77501
2014-06-20 19:00:00,401.375005
2014-06-20 20:00:00,156.22500000000002
2014-06-20 21:00:00,9.32500025
2014-06-20 22:00:00,0.0
2014-06-20 23:00:00,0.0
2014-06-21 00:00:00,0.0
2014-06-21 01:00:00,0.0
2014-06-21 02:00:00,0.0
2014-06-21 03:00:00,0.0
2014-06-21 04:00:00,0.0
2014-06-21 05:00:00,0.0
2014-06-21 06:00:00,0.0
2014-06-21 07:00:00,0.0
2014-06-21 08:00:00,0.0
2014-06-21 09:00:00,0.0
2014-06-21 10:00:00,0.0
2014-06-21 11:00:00,36.6
2014-06-21 12:00:00,211.3
2014-06-21 13:00:00,397.750015
2014-06-21 14:00:00,545.12501
2014-06-21 15:00:00,620.27502
2014-06-21 16:00:00,608.6999999999999
2014-06-21 17:00:00,604.9000100000001
2014-06-21 18:00:00,510.275
2014-06-21 19:00:00,390.475005
2014-06-21 20:00:00,199.32500124999999
2014-06-21 21:00:00,29.750000500000002
2014-06-21 22:00:00,0.0
2014-06-21 23:00:00,0.0
2014-06-22 00:00:00,0.0
2014-06-22 01:00:00,0.0
2014-06-22 02:00:00,0.0
2014-06-22 03:00:00,0.0
2014-06-22 04:00:00,0.0
2014-06-22 05:00:00,0.0
2014-06-22 06:00:00,0.0
2014-06-22 07:00:00,0.0
2014-06-22 08:00:00,0.0
2014-06-22 09:00:00,0.0
2014-06-22 10:00:00,0.0
2014-06-22 11:00:00,36.724999999999994
2014-06-22 12:00:00,229.64999999999998
2014-06-22 13:00:00,423.500005
2014-06-22 14:00:00,576.45
2014-06-22 15:00:00,670.95001
2014-06-22 16:00:00,703.30002
2014-06-22 17:00:00,666.95001
2014-06-22 18:00:00,562.55001
2014-06-22 19:00:00,407.82500500000003
2014-06-22 20:00:00,215.14999999999998
2014-06-22 21:00:00,24.125
2014-06-22 22:00:00,0.0
2014-06-22 23:00:00,0.0
2014-06-23 00:00:00,0.0
2014-06-23 01:00:00,0.0
2014-06-23 02:00:00,0.0
2014-06-23 03:00:00,0.0
2014-06-23 04:00:00,0.0
2014-06-23 05:00:00,0.0
2014-06-23 06:00:00,0.0
2014-06-23 07:00:00,0.0
2014-06-23 08:00:00,0.0
2014-06-23 09:00:00,0.0
2014-06-23 10:00:00,0.0
2014-06-23 11:00:00,34.474999999999994
2014-06-23 12:00:00,233.86666666666665
2014-06-23 13:00:00,403.02500499999996
2014-06-23 14:00:00,550.85
2014-06-23 15:00:00,654.6
2014-06-23 16:00:00,595.250025
2014-06-23 17:00:00,420.3
2014-06-23 18:00:00,362.650005
2014-06-23 19:00:00,286.025
2014-06-23 20:00:00,138.275
2014-06-23 21:00:00,10.12500025
2014-06-23 22:00:00,0.0
2014-06-23 23:00:00,0.0
2014-06-24 00:00:00,0.0
2014-06-24 01:00:00,0.0
2014-06-24 02:00:00,0.0
2014-06-24 03:00:00,0.0
2014-06-24 04:00:00,0.0
2014-06-24 05:00:00,0.0
2014-06-24 06:00:00,0.0
2014-06-24 07:00:00,0.0
2014-06-24 08:00:00,0.0
2014-06-24 09:00:00,0.0
2014-06-24 10:00:00,0.0
2014-06-24 11:00:00,30.150000074999998
2014-06-24 12:00:00,172.5500025
2014-06-24 13:00:00,335.775015
2014-06-24 14:00:00,503.20000500000003
2014-06-24 15:00:00,646.5250100000001
2014-06-24 16:00:00,681.1500100000001
2014-06-24 17:00:00,645.80001
2014-06-24 18:00:00,546.225
2014-06-24 19:00:00,393.55001000000004
2014-06-24 20:00:00,204.0
2014-06-24 21:00:00,31.900000000000002
2014-06-24 22:00:00,0.0
2014-06-24 23:00:00,0.0
2014-06-25 00:00:00,0.0
2014-06-25 01:00:00,0.0
2014-06-25 02:00:00,0.0
2014-06-25 03:00:00,0.0
2014-06-25 04:00:00,0.0
2014-06-25 05:00:00,0.0
2014-06-25 06:00:00,0.0
2014-06-25 07:00:00,0.0
2014-06-25 08:00:00,0.0
2014-06-25 09:00:00,0.0
2014-06-25 10:00:00,0.0
2014-06-25 11:00:00,32.6250005
2014-06-25 12:00:00,161.67500125
2014-06-25 13:00:00,323.32501
2014-06-25 14:00:00,472.87501
2014-06-25 15:00:00,591.425
2014-06-25 16:00:00,551.475
2014-06-25 17:00:00,488.47501
2014-06-25 18:00:00,416.625005
2014-06-25 19:00:00,269.7750025
2014-06-25 20:00:00,150.62500125
2014-06-25 21:00:00,28.825001750000002
2014-06-25 22:00:00,0.0
2014-06-25 23:00:00,0.0
2014-06-26 00:00:00,0.0
2014-06-26 01:00:00,0.0
2014-06-26 02:00:00,0.0
2014-06-26 03:00:00,0.0
2014-06-26 04:00:00,0.0
2014-06-26 05:00:00,0.0
2014-06-26 06:00:00,0.0
2014-06-26 07:00:00,0.0
2014-06-26 08:00:00,0.0
2014-06-26 09:00:00,0.0
2014-06-26 10:00:00,0.0
2014-06-26 11:00:00,26.299999999999997
2014-06-26 12:00:00,138.30000124999998
2014-06-26 13:00:00,250.79999999999998
2014-06-26 14:00:00,325.82500500000003
2014-06-26 15:00:00,413.30001000000004
2014-06-26 16:00:00,439.075
2014-06-26 17:00:00,441.70000500000003
2014-06-26 18:00:00,374.425005
2014-06-26 19:00:00,264.9
2014-06-26 20:00:00,130.27500125
2014-06-26 21:00:00,16.675
2014-06-26 22:00:00,0.0
2014-06-26 23:00:00,0.0
2014-06-27 00:00:00,0.0
2014-06-27 01:00:00,0.0
2014-06-27 02:00:00,0.0
2014-06-27 03:00:00,0.0
2014-06-27 04:00:00,0.0
2014-06-27 05:00:00,0.0
2014-06-27 06:00:00,0.0
2014-06-27 07:00:00,0.0
2014-06-27 08:00:00,0.0
2014-06-27 09:00:00,0.0
2014-06-27 10:00:00,0.0
2014-06-27 11:00:00,68.45
2014-06-27 12:00:00,157.3250025
2014-06-27 13:00:00,296.20000500000003
2014-06-27 14:00:00,386.57500500000003
2014-06-27 15:00:00,427.875005
2014-06-27 16:00:00,350.42501000000004
2014-06-27 17:00:00,296.90000499999996
2014-06-27 18:00:00,292.54999999999995
2014-06-27 19:00:00,182.1250025
2014-06-27 20:00:00,84.87500125
2014-06-27 21:00:00,7.10000001
2014-06-27 22:00:00,0.0
2014-06-27 23:00:00,0.0
2014-06-28 00:00:00,0.0
2014-06-28 01:00:00,0.0
2014-06-28 02:00:00,0.0
2014-06-28 03:00:00,0.0
2014-06-28 04:00:00,0.0
2014-06-28 05:00:00,0.0
2014-06-28 06:00:00,0.0
2014-06-28 07:00:00,0.0
2014-06-28 08:00:00,0.0
2014-06-28 09:00:00,0.0
2014-06-28 10:00:00,0.0
2014-06-28 11:00:00,33.350000075
2014-06-28 12:00:00,204.5000025
2014-06-28 13:00:00,395.75
2014-06-28 14:00:00,549.35001
2014-06-28 15:00:00,641.8499999999999
2014-06-28 16:00:00,676.9000100000001
2014-06-28 17:00:00,645.15001
2014-06-28 18:00:00,540.35001
2014-06-28 19:00:00,388.150005
2014-06-28 20:00:00,198.75
2014-06-28 21:00:00,28.674999999999997
2014-06-28 22:00:00,0.0
2014-06-28 23:00:00,0.0
2014-06-29 00:00:00,0.0
2014-06-29 01:00:00,0.0
2014-06-29 02:00:00,0.0
2014-06-29 03:00:00,0.0
2014-06-29 04:00:00,0.0
2014-06-29 05:00:00,0.0
2014-06-29 06:00:00,0.0
2014-06-29 07:00:00,0.0
2014-06-29 08:00:00,0.0
2014-06-29 09:00:00,0.0
2014-06-29 10:00:00,0.0
2014-06-29 11:00:00,29.1
2014-06-29 12:00:00,219.02500500000002
2014-06-29 13:00:00,415.500005
2014-06-29 14:00:00,572.95001
2014-06-29 15:00:00,675.6750099999999
2014-06-29 16:00:00,712.25001
2014-06-29 17:00:00,680.0
2014-06-29 18:00:00,580.70001
2014-06-29 19:00:00,424.15
2014-06-29 20:00:00,227.0250025
2014-06-29 21:00:00,38.5
2014-06-29 22:00:00,0.0
2014-06-29 23:00:00,0.0
2014-06-30 00:00:00,0.0
2014-06-30 01:00:00,0.0
2014-06-30 02:00:00,0.0
2014-06-30 03:00:00,0.0
2014-06-30 04:00:00,0.0
2014-06-30 05:00:00,0.0
2014-06-30 06:00:00,0.0
2014-06-30 07:00:00,0.0
2014-06-30 08:00:00,0.0
2014-06-30 09:00:00,0.0
2014-06-30 10:00:00,0.0
2014-06-30 11:00:00,34.9
2014-06-30 12:00:00,215.92501000000001
2014-06-30 13:00:00,413.6
2014-06-30 14:00:00,572.17501
2014-06-30 15:00:00,669.55
2014-06-30 16:00:00,706.2666800000001
2014-06-30 17:00:00,671.50001
2014-06-30 18:00:00,565.27502
2014-06-30 19:00:00,407.750015
2014-06-30 20:00:00,205.6750025
2014-06-30 21:00:00,31.275000025
2014-06-30 22:00:00,0.0
2014-06-30 23:00:00,0.0
2014-07-01 00:00:00,0.0
2014-07-01 01:00:00,0.0
2014-07-01 02:00:00,0.0
2014-07-01 03:00:00,0.0
2014-07-01 04:00:00,0.0
2014-07-01 05:00:00,0.0
2014-07-01 06:00:00,0.0
2014-07-01 07:00:00,0.0
2014-07-01 08:00:00,0.0
2014-07-01 09:00:00,0.0
2014-07-01 10:00:00,0.0
2014-07-01 11:00:00,32.350000574999996
2014-07-01 12:00:00,227.8000025
2014-07-01 13:00:00,427.52501
2014-07-01 14:00:00,586.00001
2014-07-01 15:00:00,686.15001
2014-07-01 16:00:00,720.37502
2014-07-01 17:00:00,685.3
2014-07-01 18:00:00,583.47501
2014-07-01 19:00:00,426.625005
2014-07-01 20:00:00,230.35
2014-07-01 21:00:00,40.8
2014-07-01 22:00:00,0.0
2014-07-01 23:00:00,0.0
2014-07-02 00:00:00,0.0
2014-07-02 01:00:00,0.0
2014-07-02 02:00:00,0.0
2014-07-02 03:00:00,0.0
2014-07-02 04:00:00,0.0
2014-07-02 05:00:00,0.0
2014-07-02 06:00:00,0.0
2014-07-02 07:00:00,0.0
2014-07-02 08:00:00,0.0
2014-07-02 09:00:00,0.0
2014-07-02 10:00:00,0.0
2014-07-02 11:00:00,67.25
2014-07-02 12:00:00,225.2500025
2014-07-02 13:00:00,422.75
2014-07-02 14:00:00,579.72502
2014-07-02 15:00:00,677.125
2014-07-02 16:00:00,711.6500100000001
2014-07-02 17:00:00,677.725
2014-07-02 18:00:00,575.60002
2014-07-02 19:00:00,421.30001000000004
2014-07-02 20:00:00,226.70000249999998
2014-07-02 21:00:00,38.525
2014-07-02 22:00:00,0.0
2014-07-02 23:00:00,0.0
2014-07-03 00:00:00,0.0
2014-07-03 01:00:00,0.0
2014-07-03 02:00:00,0.0
2014-07-03 03:00:00,0.0
2014-07-03 04:00:00,0.0
2014-07-03 05:00:00,0.0
2014-07-03 06:00:00,0.0
2014-07-03 07:00:00,0.0
2014-07-03 08:00:00,0.0
2014-07-03 09:00:00,0.0
2014-07-03 10:00:00,0.0
2014-07-03 11:00:00,32.550000075
2014-07-03 12:00:00,212.5500025
2014-07-03 13:00:00,407.375005
2014-07-03 14:00:00,562.575
2014-07-03 15:00:00,661.9
2014-07-03 16:00:00,696.175
2014-07-03 17:00:00,662.75001
2014-07-03 18:00:00,563.125
2014-07-03 19:00:00,409.95001
2014-07-03 20:00:00,218.8750075
2014-07-03 21:00:00,37.65
2014-07-03 22:00:00,0.0
2014-07-03 23:00:00,0.0
2014-07-04 00:00:00,0.0
2014-07-04 01:00:00,0.0
2014-07-04 02:00:00,0.0
2014-07-04 03:00:00,0.0
2014-07-04 04:00:00,0.0
2014-07-04 05:00:00,0.0
2014-07-04 06:00:00,0.0
2014-07-04 07:00:00,0.0
2014-07-04 08:00:00,0.0
2014-07-04 09:00:00,0.0
2014-07-04 10:00:00,0.0
2014-07-04 11:00:00,34.0
2014-07-04 12:00:00,197.6
2014-07-04 13:00:00,386.05001000000004
2014-07-04 14:00:00,563.42501
2014-07-04 15:00:00,664.35
2014-07-04 16:00:00,697.82501
2014-07-04 17:00:00,664.37503
2014-07-04 18:00:00,565.025
2014-07-04 19:00:00,412.65
2014-07-04 20:00:00,222.07500249999998
2014-07-04 21:00:00,37.42500125
2014-07-04 22:00:00,0.0
2014-07-04 23:00:00,0.0
2014-07-05 00:00:00,0.0
2014-07-05 01:00:00,0.0
2014-07-05 02:00:00,0.0
2014-07-05 03:00:00,0.0
2014-07-05 04:00:00,0.0
2014-07-05 05:00:00,0.0
2014-07-05 06:00:00,0.0
2014-07-05 07:00:00,0.0
2014-07-05 08:00:00,0.0
2014-07-05 09:00:00,0.0
2014-07-05 10:00:00,0.0
2014-07-05 11:00:00,33.45
2014-07-05 12:00:00,204.64999999999998
2014-07-05 13:00:00,397.17501
2014-07-05 14:00:00,551.275015
2014-07-05 15:00:00,644.575
2014-07-05 16:00:00,607.1500100000001
2014-07-05 17:00:00,478.07500000000005
2014-07-05 18:00:00,428.57500500000003
2014-07-05 19:00:00,246.6250025
2014-07-05 20:00:00,115.95
2014-07-05 21:00:00,25.474999999999998
2014-07-05 22:00:00,0.0
2014-07-05 23:00:00,0.0
2014-07-06 00:00:00,0.0
2014-07-06 01:00:00,0.0
2014-07-06 02:00:00,0.0
2014-07-06 03:00:00,0.0
2014-07-06 04:00:00,0.0
2014-07-06 05:00:00,0.0
2014-07-06 06:00:00,0.0
2014-07-06 07:00:00,0.0
2014-07-06 08:00:00,0.0
2014-07-06 09:00:00,0.0
2014-07-06 10:00:00,0.0
2014-07-06 11:00:00,31.25
2014-07-06 12:00:00,166.0000025
2014-07-06 13:00:00,279.1000025
2014-07-06 14:00:00,375.375
2014-07-06 15:00:00,630.82501
2014-07-06 16:00:00,687.225
2014-07-06 17:00:00,655.25
2014-07-06 18:00:00,550.8499999999999
2014-07-06 19:00:00,399.45
2014-07-06 20:00:00,210.250005
2014-07-06 21:00:00,33.30000125
2014-07-06 22:00:00,0.0
2014-07-06 23:00:00,0.0
2014-07-07 00:00:00,0.0
2014-07-07 01:00:00,0.0
2014-07-07 02:00:00,0.0
2014-07-07 03:00:00,0.0
2014-07-07 04:00:00,0.0
2014-07-07 05:00:00,0.0
2014-07-07 06:00:00,0.0
2014-07-07 07:00:00,0.0
2014-07-07 08:00:00,0.0
2014-07-07 09:00:00,0.0
2014-07-07 10:00:00,0.0
2014-07-07 11:00:00,25.875
2014-07-07 12:00:00,186.52500125
2014-07-07 13:00:00,375.92501
2014-07-07 14:00:00,531.3
2014-07-07 15:00:00,629.525
2014-07-07 16:00:00,665.85
2014-07-07 17:00:00,490.45
2014-07-07 18:00:00,379.8
2014-07-07 19:00:00,295.70000500000003
2014-07-07 20:00:00,115.42500000000001
2014-07-07 21:00:00,18.325000000000003
2014-07-07 22:00:00,0.0
2014-07-07 23:00:00,0.0
2014-07-08 00:00:00,0.0
2014-07-08 01:00:00,0.0
2014-07-08 02:00:00,0.0
2014-07-08 03:00:00,0.0
2014-07-08 04:00:00,0.0
2014-07-08 05:00:00,0.0
2014-07-08 06:00:00,0.0
2014-07-08 07:00:00,0.0
2014-07-08 08:00:00,0.0
2014-07-08 09:00:00,0.0
2014-07-08 10:00:00,0.0
2014-07-08 11:00:00,26.599999999999998
2014-07-08 12:00:00,209.825
2014-07-08 13:00:00,382.32500500000003
2014-07-08 14:00:00,527.15
2014-07-08 15:00:00,550.5500049999999
2014-07-08 16:00:00,608.7750100000001
2014-07-08 17:00:00,457.75001
2014-07-08 18:00:00,290.55
2014-07-08 19:00:00,249.8500075
2014-07-08 20:00:00,123.7
2014-07-08 21:00:00,26.10000025
2014-07-08 22:00:00,0.0
2014-07-08 23:00:00,0.0
2014-07-09 00:00:00,0.0
2014-07-09 01:00:00,0.0
2014-07-09 02:00:00,0.0
2014-07-09 03:00:00,0.0
2014-07-09 04:00:00,0.0
2014-07-09 05:00:00,0.0
2014-07-09 06:00:00,0.0
2014-07-09 07:00:00,0.0
2014-07-09 08:00:00,0.0
2014-07-09 09:00:00,0.0
2014-07-09 10:00:00,0.0
2014-07-09 11:00:00,34.45
2014-07-09 12:00:00,220.575
2014-07-09 13:00:00,415.425005
2014-07-09 14:00:00,571.85001
2014-07-09 15:00:00,671.52501
2014-07-09 16:00:00,708.75
2014-07-09 17:00:00,678.475
2014-07-09 18:00:00,582.67501
2014-07-09 19:00:00,430.375005
2014-07-09 20:00:00,237.65001
2014-07-09 21:00:00,46.575
2014-07-09 22:00:00,0.0
2014-07-09 23:00:00,0.0
2014-07-10 00:00:00,0.0
2014-07-10 01:00:00,0.0
2014-07-10 02:00:00,0.0
2014-07-10 03:00:00,0.0
2014-07-10 04:00:00,0.0
2014-07-10 05:00:00,0.0
2014-07-10 06:00:00,0.0
2014-07-10 07:00:00,0.0
2014-07-10 08:00:00,0.0
2014-07-10 09:00:00,0.0
2014-07-10 10:00:00,0.0
2014-07-10 11:00:00,32.474999999999994
2014-07-10 12:00:00,204.4500025
2014-07-10 13:00:00,397.175
2014-07-10 14:00:00,553.37501
2014-07-10 15:00:00,650.37501
2014-07-10 16:00:00,688.92502
2014-07-10 17:00:00,621.0666666666667
2014-07-10 18:00:00,526.95
2014-07-10 19:00:00,309.1
2014-07-10 20:00:00,121.90000125
2014-07-10 21:00:00,16.675000075
2014-07-10 22:00:00,0.0
2014-07-10 23:00:00,0.0
2014-07-11 00:00:00,0.0
2014-07-11 01:00:00,0.0
2014-07-11 02:00:00,0.0
2014-07-11 03:00:00,0.0
2014-07-11 04:00:00,0.0
2014-07-11 05:00:00,0.0
2014-07-11 06:00:00,0.0
2014-07-11 07:00:00,0.0
2014-07-11 08:00:00,0.0
2014-07-11 09:00:00,0.0
2014-07-11 10:00:00,0.0
2014-07-11 11:00:00,34.4
2014-07-11 12:00:00,221.550005
2014-07-11 13:00:00,418.275015
2014-07-11 14:00:00,576.825
2014-07-11 15:00:00,676.6750099999999
2014-07-11 16:00:00,713.45001
2014-07-11 17:00:00,680.9250099999999
2014-07-11 18:00:00,577.37503
2014-07-11 19:00:00,423.85001
2014-07-11 20:00:00,231.375005
2014-07-11 21:00:00,36.15
2014-07-11 22:00:00,0.0
2014-07-11 23:00:00,0.0
2014-07-12 00:00:00,0.0
2014-07-12 01:00:00,0.0
2014-07-12 02:00:00,0.0
2014-07-12 03:00:00,0.0
2014-07-12 04:00:00,0.0
2014-07-12 05:00:00,0.0
2014-07-12 06:00:00,0.0
2014-07-12 07:00:00,0.0
2014-07-12 08:00:00,0.0
2014-07-12 09:00:00,0.0
2014-07-12 10:00:00,0.0
2014-07-12 11:00:00,36.525
2014-07-12 12:00:00,222.7000075
2014-07-12 13:00:00,421.7
2014-07-12 14:00:00,581.525
2014-07-12 15:00:00,683.50001
2014-07-12 16:00:00,719.87502
2014-07-12 17:00:00,686.55
2014-07-12 18:00:00,585.32501
2014-07-12 19:00:00,430.3
2014-07-12 20:00:00,234.9500075
2014-07-12 21:00:00,33.650000000000006
2014-07-12 22:00:00,0.0
2014-07-12 23:00:00,0.0
2014-07-13 00:00:00,0.0
2014-07-13 01:00:00,0.0
2014-07-13 02:00:00,0.0
2014-07-13 03:00:00,0.0
2014-07-13 04:00:00,0.0
2014-07-13 05:00:00,0.0
2014-07-13 06:00:00,0.0
2014-07-13 07:00:00,0.0
2014-07-13 08:00:00,0.0
2014-07-13 09:00:00,0.0
2014-07-13 10:00:00,0.0
2014-07-13 11:00:00,35.65
2014-07-13 12:00:00,218.375
2014-07-13 13:00:00,414.750005
2014-07-13 14:00:00,572.30002
2014-07-13 15:00:00,672.00001
2014-07-13 16:00:00,709.52503
2014-07-13 17:00:00,678.575
2014-07-13 18:00:00,577.70001
2014-07-13 19:00:00,424.72501
2014-07-13 20:00:00,232.7500025
2014-07-13 21:00:00,44.975
2014-07-13 22:00:00,0.0
2014-07-13 23:00:00,0.0
2014-07-14 00:00:00,0.0
2014-07-14 01:00:00,0.0
2014-07-14 02:00:00,0.0
2014-07-14 03:00:00,0.0
2014-07-14 04:00:00,0.0
2014-07-14 05:00:00,0.0
2014-07-14 06:00:00,0.0
2014-07-14 07:00:00,0.0
2014-07-14 08:00:00,0.0
2014-07-14 09:00:00,0.0
2014-07-14 10:00:00,0.0
2014-07-14 11:00:00,37.625
2014-07-14 12:00:00,226.6750025
2014-07-14 13:00:00,426.650005
2014-07-14 14:00:00,587.625
2014-07-14 15:00:00,689.425
2014-07-14 16:00:00,725.47501
2014-07-14 17:00:00,693.35
2014-07-14 18:00:00,594.62501
2014-07-14 19:00:00,441.250005
2014-07-14 20:00:00,245.375
2014-07-14 21:00:00,51.199999999999996
2014-07-14 22:00:00,0.0
2014-07-14 23:00:00,0.0
2014-07-15 00:00:00,0.0
2014-07-15 01:00:00,0.0
2014-07-15 02:00:00,0.0
2014-07-15 03:00:00,0.0
2014-07-15 04:00:00,0.0
2014-07-15 05:00:00,0.0
2014-07-15 06:00:00,0.0
2014-07-15 07:00:00,0.0
2014-07-15 08:00:00,0.0
2014-07-15 09:00:00,0.0
2014-07-15 10:00:00,0.0
2014-07-15 11:00:00,39.10000025
2014-07-15 12:00:00,236.175
2014-07-15 13:00:00,438.15
2014-07-15 14:00:00,567.050015
2014-07-15 15:00:00,701.75001
2014-07-15 16:00:00,737.57502
2014-07-15 17:00:00,703.9
2014-07-15 18:00:00,600.87501
2014-07-15 19:00:00,443.775005
2014-07-15 20:00:00,247.9
2014-07-15 21:00:00,50.8750015
2014-07-15 22:00:00,0.0
2014-07-15 23:00:00,0.0
2014-07-16 00:00:00,0.0
2014-07-16 01:00:00,0.0
2014-07-16 02:00:00,0.0
2014-07-16 03:00:00,0.0
2014-07-16 04:00:00,0.0
2014-07-16 05:00:00,0.0
2014-07-16 06:00:00,0.0
2014-07-16 07:00:00,0.0
2014-07-16 08:00:00,0.0
2014-07-16 09:00:00,0.0
2014-07-16 10:00:00,0.0
2014-07-16 11:00:00,37.5
2014-07-16 12:00:00,215.77500750000002
2014-07-16 13:00:00,393.95000500000003
2014-07-16 14:00:00,387.575
2014-07-16 15:00:00,391.65000499999996
2014-07-16 16:00:00,464.75001
2014-07-16 17:00:00,388.325
2014-07-16 18:00:00,393.45001
2014-07-16 19:00:00,374.975005
2014-07-16 20:00:00,206.4
2014-07-16 21:00:00,37.40000125
2014-07-16 22:00:00,0.0
2014-07-16 23:00:00,0.0
2014-07-17 00:00:00,0.0
2014-07-17 01:00:00,0.0
2014-07-17 02:00:00,0.0
2014-07-17 03:00:00,0.0
2014-07-17 04:00:00,0.0
2014-07-17 05:00:00,0.0
2014-07-17 06:00:00,0.0
2014-07-17 07:00:00,0.0
2014-07-17 08:00:00,0.0
2014-07-17 09:00:00,0.0
2014-07-17 10:00:00,0.0
2014-07-17 11:00:00,37.1
2014-07-17 12:00:00,227.3250025
2014-07-17 13:00:00,425.400005
2014-07-17 14:00:00,584.20002
2014-07-17 15:00:00,687.575
2014-07-17 16:00:00,723.9499999999999
2014-07-17 17:00:00,692.5500099999999
2014-07-17 18:00:00,594.22501
2014-07-17 19:00:00,441.55
2014-07-17 20:00:00,249.000005
2014-07-17 21:00:00,52.825
2014-07-17 22:00:00,0.0
2014-07-17 23:00:00,0.0
2014-07-18 00:00:00,0.0
2014-07-18 01:00:00,0.0
2014-07-18 02:00:00,0.0
2014-07-18 03:00:00,0.0
2014-07-18 04:00:00,0.0
2014-07-18 05:00:00,0.0
2014-07-18 06:00:00,0.0
2014-07-18 07:00:00,0.0
2014-07-18 08:00:00,0.0
2014-07-18 09:00:00,0.0
2014-07-18 10:00:00,0.0
2014-07-18 11:00:00,26.000000500000002
2014-07-18 12:00:00,127.82500375000001
2014-07-18 13:00:00,213.425005
2014-07-18 14:00:00,318.575
2014-07-18 15:00:00,475.02501
2014-07-18 16:00:00,556.95002
2014-07-18 17:00:00,583.12503
2014-07-18 18:00:00,572.67501
2014-07-18 19:00:00,420.500005
2014-07-18 20:00:00,182.5
2014-07-18 21:00:00,40.95
2014-07-18 22:00:00,0.0
2014-07-18 23:00:00,0.0
2014-07-19 00:00:00,0.0
2014-07-19 01:00:00,0.0
2014-07-19 02:00:00,0.0
2014-07-19 03:00:00,0.0
2014-07-19 04:00:00,0.0
2014-07-19 05:00:00,0.0
2014-07-19 06:00:00,0.0
2014-07-19 07:00:00,0.0
2014-07-19 08:00:00,0.0
2014-07-19 09:00:00,0.0
2014-07-19 10:00:00,0.0
2014-07-19 11:00:00,34.20000025
2014-07-19 12:00:00,221.1250075
2014-07-19 13:00:00,417.425005
2014-07-19 14:00:00,575.67501
2014-07-19 15:00:00,680.8000099999999
2014-07-19 16:00:00,719.1
2014-07-19 17:00:00,689.7250200000001
2014-07-19 18:00:00,596.35
2014-07-19 19:00:00,444.725
2014-07-19 20:00:00,251.64999999999998
2014-07-19 21:00:00,56.5250015
2014-07-19 22:00:00,0.0
2014-07-19 23:00:00,0.0
2014-07-20 00:00:00,0.0
2014-07-20 01:00:00,0.0
2014-07-20 02:00:00,0.0
2014-07-20 03:00:00,0.0
2014-07-20 04:00:00,0.0
2014-07-20 05:00:00,0.0
2014-07-20 06:00:00,0.0
2014-07-20 07:00:00,0.0
2014-07-20 08:00:00,0.0
2014-07-20 09:00:00,0.0
2014-07-20 10:00:00,0.0
2014-07-20 11:00:00,40.6
2014-07-20 12:00:00,236.55
2014-07-20 13:00:00,439.3
2014-07-20 14:00:00,602.625
2014-07-20 15:00:00,707.525
2014-07-20 16:00:00,746.97501
2014-07-20 17:00:00,715.95
2014-07-20 18:00:00,614.32501
2014-07-20 19:00:00,456.875
2014-07-20 20:00:00,258.525005
2014-07-20 21:00:00,56.4
2014-07-20 22:00:00,0.0
2014-07-20 23:00:00,0.0
2014-07-21 00:00:00,0.0
2014-07-21 01:00:00,0.0
2014-07-21 02:00:00,0.0
2014-07-21 03:00:00,0.0
2014-07-21 04:00:00,0.0
2014-07-21 05:00:00,0.0
2014-07-21 06:00:00,0.0
2014-07-21 07:00:00,0.0
2014-07-21 08:00:00,0.0
2014-07-21 09:00:00,0.0
2014-07-21 10:00:00,0.0
2014-07-21 11:00:00,44.5000005
2014-07-21 12:00:00,245.2750025
2014-07-21 13:00:00,451.55
2014-07-21 14:00:00,616.00003
2014-07-21 15:00:00,718.4750200000001
2014-07-21 16:00:00,755.2750100000001
2014-07-21 17:00:00,721.82501
2014-07-21 18:00:00,617.42501
2014-07-21 19:00:00,459.57502
2014-07-21 20:00:00,260.1750125
2014-07-21 21:00:00,57.224999999999994
2014-07-21 22:00:00,0.0
2014-07-21 23:00:00,0.0
2014-07-22 00:00:00,0.0
2014-07-22 01:00:00,0.0
2014-07-22 02:00:00,0.0
2014-07-22 03:00:00,0.0
2014-07-22 04:00:00,0.0
2014-07-22 05:00:00,0.0
2014-07-22 06:00:00,0.0
2014-07-22 07:00:00,0.0
2014-07-22 08:00:00,0.0
2014-07-22 09:00:00,0.0
2014-07-22 10:00:00,0.0
2014-07-22 11:00:00,42.45
2014-07-22 12:00:00,240.0000075
2014-07-22 13:00:00,443.32500500000003
2014-07-22 14:00:00,605.1
2014-07-22 15:00:00,707.10001
2014-07-22 16:00:00,743.9
2014-07-22 17:00:00,711.75001
2014-07-22 18:00:00,607.775
2014-07-22 19:00:00,452.600015
2014-07-22 20:00:00,256.5750025
2014-07-22 21:00:00,57.7250015
2014-07-22 22:00:00,0.0
2014-07-22 23:00:00,0.0
2014-07-23 00:00:00,0.0
2014-07-23 01:00:00,0.0
2014-07-23 02:00:00,0.0
2014-07-23 03:00:00,0.0
2014-07-23 04:00:00,0.0
2014-07-23 05:00:00,0.0
2014-07-23 06:00:00,0.0
2014-07-23 07:00:00,0.0
2014-07-23 08:00:00,0.0
2014-07-23 09:00:00,0.0
2014-07-23 10:00:00,0.0
2014-07-23 11:00:00,30.70000075
2014-07-23 12:00:00,110.37500375
2014-07-23 13:00:00,259.35
2014-07-23 14:00:00,518.950015
2014-07-23 15:00:00,556.75
2014-07-23 16:00:00,592.50001
2014-07-23 17:00:00,555.97501
2014-07-23 18:00:00,351.62501
2014-07-23 19:00:00,228.775
2014-07-23 20:00:00,122.9500025
2014-07-23 21:00:00,18.225000075
2014-07-23 22:00:00,0.0
2014-07-23 23:00:00,0.0
2014-07-24 00:00:00,0.0
2014-07-24 01:00:00,0.0
2014-07-24 02:00:00,0.0
2014-07-24 03:00:00,0.0
2014-07-24 04:00:00,0.0
2014-07-24 05:00:00,0.0
2014-07-24 06:00:00,0.0
2014-07-24 07:00:00,0.0
2014-07-24 08:00:00,0.0
2014-07-24 09:00:00,0.0
2014-07-24 10:00:00,0.0
2014-07-24 11:00:00,44.075
2014-07-24 12:00:00,247.4000025
2014-07-24 13:00:00,449.27500499999996
2014-07-24 14:00:00,610.7750100000001
2014-07-24 15:00:00,712.6750099999999
2014-07-24 16:00:00,751.625
2014-07-24 17:00:00,721.7
2014-07-24 18:00:00,622.925
2014-07-24 19:00:00,468.25
2014-07-24 20:00:00,270.85
2014-07-24 21:00:00,64.6
2014-07-24 22:00:00,0.0
2014-07-24 23:00:00,0.0
2014-07-25 00:00:00,0.0
2014-07-25 01:00:00,0.0
2014-07-25 02:00:00,0.0
2014-07-25 03:00:00,0.0
2014-07-25 04:00:00,0.0
2014-07-25 05:00:00,0.0
2014-07-25 06:00:00,0.0
2014-07-25 07:00:00,0.0
2014-07-25 08:00:00,0.0
2014-07-25 09:00:00,0.0
2014-07-25 10:00:00,0.0
2014-07-25 11:00:00,47.47500025
2014-07-25 12:00:00,249.05
2014-07-25 13:00:00,453.950005
2014-07-25 14:00:00,618.4
2014-07-25 15:00:00,719.70001
2014-07-25 16:00:00,759.92502
2014-07-25 17:00:00,729.475
2014-07-25 18:00:00,625.4000100000001
2014-07-25 19:00:00,467.325015
2014-07-25 20:00:00,266.60000249999996
2014-07-25 21:00:00,62.05
2014-07-25 22:00:00,0.0
2014-07-25 23:00:00,0.0
2014-07-26 00:00:00,0.0
2014-07-26 01:00:00,0.0
2014-07-26 02:00:00,0.0
2014-07-26 03:00:00,0.0
2014-07-26 04:00:00,0.0
2014-07-26 05:00:00,0.0
2014-07-26 06:00:00,0.0
2014-07-26 07:00:00,0.0
2014-07-26 08:00:00,0.0
2014-07-26 09:00:00,0.0
2014-07-26 10:00:00,0.0
2014-07-26 11:00:00,44.9
2014-07-26 12:00:00,250.3250075
2014-07-26 13:00:00,453.675005
2014-07-26 14:00:00,616.57501
2014-07-26 15:00:00,721.60001
2014-07-26 16:00:00,761.075
2014-07-26 17:00:00,730.35001
2014-07-26 18:00:00,630.75001
2014-07-26 19:00:00,474.27500499999996
2014-07-26 20:00:00,269.1750075
2014-07-26 21:00:00,57.950000075
2014-07-26 22:00:00,0.0
2014-07-26 23:00:00,0.0
2014-07-27 00:00:00,0.0
2014-07-27 01:00:00,0.0
2014-07-27 02:00:00,0.0
2014-07-27 03:00:00,0.0
2014-07-27 04:00:00,0.0
2014-07-27 05:00:00,0.0
2014-07-27 06:00:00,0.0
2014-07-27 07:00:00,0.0
2014-07-27 08:00:00,0.0
2014-07-27 09:00:00,0.0
2014-07-27 10:00:00,0.0
2014-07-27 11:00:00,37.975
2014-07-27 12:00:00,187.775005
2014-07-27 13:00:00,283.625
2014-07-27 14:00:00,378.42501
2014-07-27 15:00:00,360.65
2014-07-27 16:00:00,490.32500500000003
2014-07-27 17:00:00,678.525
2014-07-27 18:00:00,616.10001
2014-07-27 19:00:00,460.35
2014-07-27 20:00:00,262.55
2014-07-27 21:00:00,61.425000025
2014-07-27 22:00:00,0.0
2014-07-27 23:00:00,0.0
2014-07-28 00:00:00,0.0
2014-07-28 01:00:00,0.0
2014-07-28 02:00:00,0.0
2014-07-28 03:00:00,0.0
2014-07-28 04:00:00,0.0
2014-07-28 05:00:00,0.0
2014-07-28 06:00:00,0.0
2014-07-28 07:00:00,0.0
2014-07-28 08:00:00,0.0
2014-07-28 09:00:00,0.0
2014-07-28 10:00:00,0.0
2014-07-28 11:00:00,45.25
2014-07-28 12:00:00,252.9750075
2014-07-28 13:00:00,455.55
2014-07-28 14:00:00,618.125
2014-07-28 15:00:00,723.72501
2014-07-28 16:00:00,763.375
2014-07-28 17:00:00,733.25001
2014-07-28 18:00:00,634.00001
2014-07-28 19:00:00,478.04999999999995
2014-07-28 20:00:00,279.8500075
2014-07-28 21:00:00,74.05000000000001
2014-07-28 22:00:00,0.0
2014-07-28 23:00:00,0.0
2014-07-29 00:00:00,0.0
2014-07-29 01:00:00,0.0
2014-07-29 02:00:00,0.0
2014-07-29 03:00:00,0.0
2014-07-29 04:00:00,0.0
2014-07-29 05:00:00,0.0
2014-07-29 06:00:00,0.0
2014-07-29 07:00:00,0.0
2014-07-29 08:00:00,0.0
2014-07-29 09:00:00,0.0
2014-07-29 10:00:00,0.0
2014-07-29 11:00:00,50.30000125
2014-07-29 12:00:00,257.7250075
2014-07-29 13:00:00,462.975015
2014-07-29 14:00:00,627.62501
2014-07-29 15:00:00,734.55
2014-07-29 16:00:00,772.7250200000001
2014-07-29 17:00:00,662.45001
2014-07-29 18:00:00,589.0250100000001
2014-07-29 19:00:00,406.55002
2014-07-29 20:00:00,281.45
2014-07-29 21:00:00,64.02499999999999
2014-07-29 22:00:00,0.0
2014-07-29 23:00:00,0.0
2014-07-30 00:00:00,0.0
2014-07-30 01:00:00,0.0
2014-07-30 02:00:00,0.0
2014-07-30 03:00:00,0.0
2014-07-30 04:00:00,0.0
2014-07-30 05:00:00,0.0
2014-07-30 06:00:00,0.0
2014-07-30 07:00:00,0.0
2014-07-30 08:00:00,0.0
2014-07-30 09:00:00,0.0
2014-07-30 10:00:00,0.0
2014-07-30 11:00:00,51.8750015
2014-07-30 12:00:00,245.62501
2014-07-30 13:00:00,442.125005
2014-07-30 14:00:00,607.7750100000001
2014-07-30 15:00:00,714.125
2014-07-30 16:00:00,753.50003
2014-07-30 17:00:00,723.02501
2014-07-30 18:00:00,623.575
2014-07-30 19:00:00,450.35
2014-07-30 20:00:00,212.125
2014-07-30 21:00:00,29.225
2014-07-30 22:00:00,0.0
2014-07-30 23:00:00,0.0
2014-07-31 00:00:00,0.0
2014-07-31 01:00:00,0.0
2014-07-31 02:00:00,0.0
2014-07-31 03:00:00,0.0
2014-07-31 04:00:00,0.0
2014-07-31 05:00:00,0.0
2014-07-31 06:00:00,0.0
2014-07-31 07:00:00,0.0
2014-07-31 08:00:00,0.0
2014-07-31 09:00:00,0.0
2014-07-31 10:00:00,0.0
2014-07-31 11:00:00,43.6
2014-07-31 12:00:00,236.90000500000002
2014-07-31 13:00:00,421.875005
2014-07-31 14:00:00,480.32500500000003
2014-07-31 15:00:00,688.70001
2014-07-31 16:00:00,755.1
2014-07-31 17:00:00,740.9
2014-07-31 18:00:00,609.575
2014-07-31 19:00:00,460.9
2014-07-31 20:00:00,183.77499999999998
2014-07-31 21:00:00,36.55
2014-07-31 22:00:00,0.0
2014-07-31 23:00:00,0.0
2014-08-01 00:00:00,0.0
2014-08-01 01:00:00,0.0
2014-08-01 02:00:00,0.0
2014-08-01 03:00:00,0.0
2014-08-01 04:00:00,0.0
2014-08-01 05:00:00,0.0
2014-08-01 06:00:00,0.0
2014-08-01 07:00:00,0.0
2014-08-01 08:00:00,0.0
2014-08-01 09:00:00,0.0
2014-08-01 10:00:00,0.0
2014-08-01 11:00:00,57.95
2014-08-01 12:00:00,260.4
2014-08-01 13:00:00,472.8666666666666
2014-08-01 14:00:00,629.15
2014-08-01 15:00:00,733.45
2014-08-01 16:00:00,773.45
2014-08-01 17:00:00,743.425
2014-08-01 18:00:00,644.12503
2014-08-01 19:00:00,486.6
2014-08-01 20:00:00,285.425
2014-08-01 21:00:00,73.1250005
2014-08-01 22:00:00,0.0
2014-08-01 23:00:00,0.0
2014-08-02 00:00:00,0.0
2014-08-02 01:00:00,0.0
2014-08-02 02:00:00,0.0
2014-08-02 03:00:00,0.0
2014-08-02 04:00:00,0.0
2014-08-02 05:00:00,0.0
2014-08-02 06:00:00,0.0
2014-08-02 07:00:00,0.0
2014-08-02 08:00:00,0.0
2014-08-02 09:00:00,0.0
2014-08-02 10:00:00,0.0
2014-08-02 11:00:00,55.35
2014-08-02 12:00:00,272.500005
2014-08-02 13:00:00,482.100015
2014-08-02 14:00:00,648.6500100000001
2014-08-02 15:00:00,757.425
2014-08-02 16:00:00,797.7750100000001
2014-08-02 17:00:00,767.425
2014-08-02 18:00:00,667.7
2014-08-02 19:00:00,506.70001
2014-08-02 20:00:00,300.775005
2014-08-02 21:00:00,82.27500275
2014-08-02 22:00:00,0.0
2014-08-02 23:00:00,0.0
2014-08-03 00:00:00,0.0
2014-08-03 01:00:00,0.0
2014-08-03 02:00:00,0.0
2014-08-03 03:00:00,0.0
2014-08-03 04:00:00,0.0
2014-08-03 05:00:00,0.0
2014-08-03 06:00:00,0.0
2014-08-03 07:00:00,0.0
2014-08-03 08:00:00,0.0
2014-08-03 09:00:00,0.0
2014-08-03 10:00:00,0.0
2014-08-03 11:00:00,63.425002500000005
2014-08-03 12:00:00,277.675005
2014-08-03 13:00:00,488.35
2014-08-03 14:00:00,656.07502
2014-08-03 15:00:00,761.87501
2014-08-03 16:00:00,801.625
2014-08-03 17:00:00,769.575
2014-08-03 18:00:00,663.75001
2014-08-03 19:00:00,501.92499999999995
2014-08-03 20:00:00,296.225005
2014-08-03 21:00:00,78.2000025
2014-08-03 22:00:00,0.0
2014-08-03 23:00:00,0.0
2014-08-04 00:00:00,0.0
2014-08-04 01:00:00,0.0
2014-08-04 02:00:00,0.0
2014-08-04 03:00:00,0.0
2014-08-04 04:00:00,0.0
2014-08-04 05:00:00,0.0
2014-08-04 06:00:00,0.0
2014-08-04 07:00:00,0.0
2014-08-04 08:00:00,0.0
2014-08-04 09:00:00,0.0
2014-08-04 10:00:00,0.0
2014-08-04 11:00:00,49.50000025
2014-08-04 12:00:00,201.275005
2014-08-04 13:00:00,269.750005
2014-08-04 14:00:00,342.625005
2014-08-04 15:00:00,401.075
2014-08-04 16:00:00,411.65
2014-08-04 17:00:00,428.725005
2014-08-04 18:00:00,413.10001
2014-08-04 19:00:00,233.89999999999998
2014-08-04 20:00:00,75.5750005
2014-08-04 21:00:00,9.075000075
2014-08-04 22:00:00,0.0
2014-08-04 23:00:00,0.0
2014-08-05 00:00:00,0.0
2014-08-05 01:00:00,0.0
2014-08-05 02:00:00,0.0
2014-08-05 03:00:00,0.0
2014-08-05 04:00:00,0.0
2014-08-05 05:00:00,0.0
2014-08-05 06:00:00,0.0
2014-08-05 07:00:00,0.0
2014-08-05 08:00:00,0.0
2014-08-05 09:00:00,0.0
2014-08-05 10:00:00,0.0
2014-08-05 11:00:00,49.05
2014-08-05 12:00:00,249.22500250000002
2014-08-05 13:00:00,470.80001000000004
2014-08-05 14:00:00,639.85
2014-08-05 15:00:00,748.47501
2014-08-05 16:00:00,789.975
2014-08-05 17:00:00,760.2750100000001
2014-08-05 18:00:00,659.525
2014-08-05 19:00:00,499.92501000000004
2014-08-05 20:00:00,295.875
2014-08-05 21:00:00,78.64999999999999
2014-08-05 22:00:00,0.0
2014-08-05 23:00:00,0.0
2014-08-06 00:00:00,0.0
2014-08-06 01:00:00,0.0
2014-08-06 02:00:00,0.0
2014-08-06 03:00:00,0.0
2014-08-06 04:00:00,0.0
2014-08-06 05:00:00,0.0
2014-08-06 06:00:00,0.0
2014-08-06 07:00:00,0.0
2014-08-06 08:00:00,0.0
2014-08-06 09:00:00,0.0
2014-08-06 10:00:00,0.0
2014-08-06 11:00:00,67.525
2014-08-06 12:00:00,290.4750075
2014-08-06 13:00:00,504.40000499999996
2014-08-06 14:00:00,673.85
2014-08-06 15:00:00,778.37501
2014-08-06 16:00:00,816.82501
2014-08-06 17:00:00,781.5250100000001
2014-08-06 18:00:00,673.87501
2014-08-06 19:00:00,508.6
2014-08-06 20:00:00,301.050005
2014-08-06 21:00:00,83.7
2014-08-06 22:00:00,0.0
2014-08-06 23:00:00,0.0
2014-08-07 00:00:00,0.0
2014-08-07 01:00:00,0.0
2014-08-07 02:00:00,0.0
2014-08-07 03:00:00,0.0
2014-08-07 04:00:00,0.0
2014-08-07 05:00:00,0.0
2014-08-07 06:00:00,0.0
2014-08-07 07:00:00,0.0
2014-08-07 08:00:00,0.0
2014-08-07 09:00:00,0.0
2014-08-07 10:00:00,0.0
2014-08-07 11:00:00,40.150000250000005
2014-08-07 12:00:00,143.075
2014-08-07 13:00:00,230.4250025
2014-08-07 14:00:00,287.025005
2014-08-07 15:00:00,365.850005
2014-08-07 16:00:00,340.675
2014-08-07 17:00:00,304.700005
2014-08-07 18:00:00,258.475
2014-08-07 19:00:00,193.6500025
2014-08-07 20:00:00,139.675
2014-08-07 21:00:00,74.0
2014-08-07 22:00:00,0.0
2014-08-07 23:00:00,0.0
2014-08-08 00:00:00,0.0
2014-08-08 01:00:00,0.0
2014-08-08 02:00:00,0.0
2014-08-08 03:00:00,0.0
2014-08-08 04:00:00,0.0
2014-08-08 05:00:00,0.0
2014-08-08 06:00:00,0.0
2014-08-08 07:00:00,0.0
2014-08-08 08:00:00,0.0
2014-08-08 09:00:00,0.0
2014-08-08 10:00:00,0.0
2014-08-08 11:00:00,62.2
2014-08-08 12:00:00,254.72499999999997
2014-08-08 13:00:00,459.77500499999996
2014-08-08 14:00:00,628.5250100000001
2014-08-08 15:00:00,709.22502
2014-08-08 16:00:00,767.7
2014-08-08 17:00:00,728.50002
2014-08-08 18:00:00,571.425015
2014-08-08 19:00:00,388.850005
2014-08-08 20:00:00,211.7750025
2014-08-08 21:00:00,38.65
2014-08-08 22:00:00,0.0
2014-08-08 23:00:00,0.0
2014-08-09 00:00:00,0.0
2014-08-09 01:00:00,0.0
2014-08-09 02:00:00,0.0
2014-08-09 03:00:00,0.0
2014-08-09 04:00:00,0.0
2014-08-09 05:00:00,0.0
2014-08-09 06:00:00,0.0
2014-08-09 07:00:00,0.0
2014-08-09 08:00:00,0.0
2014-08-09 09:00:00,0.0
2014-08-09 10:00:00,0.0
2014-08-09 11:00:00,60.25
2014-08-09 12:00:00,282.500005
2014-08-09 13:00:00,487.67499999999995
2014-08-09 14:00:00,651.37501
2014-08-09 15:00:00,756.225
2014-08-09 16:00:00,793.825
2014-08-09 17:00:00,668.925
2014-08-09 18:00:00,414.700005
2014-08-09 19:00:00,251.325
2014-08-09 20:00:00,222.2500025
2014-08-09 21:00:00,89.7250025
2014-08-09 22:00:00,0.0
2014-08-09 23:00:00,0.0
2014-08-10 00:00:00,0.0
2014-08-10 01:00:00,0.0
2014-08-10 02:00:00,0.0
2014-08-10 03:00:00,0.0
2014-08-10 04:00:00,0.0
2014-08-10 05:00:00,0.0
2014-08-10 06:00:00,0.0
2014-08-10 07:00:00,0.0
2014-08-10 08:00:00,0.0
2014-08-10 09:00:00,0.0
2014-08-10 10:00:00,0.0
2014-08-10 11:00:00,77.3
2014-08-10 12:00:00,290.375005
2014-08-10 13:00:00,500.875
2014-08-10 14:00:00,662.4333466666667
2014-08-10 15:00:00,772.5
2014-08-10 16:00:00,813.175
2014-08-10 17:00:00,782.9333466666667
2014-08-10 18:00:00,670.325
2014-08-10 19:00:00,504.725
2014-08-10 20:00:00,296.725005
2014-08-10 21:00:00,79.0250025
2014-08-10 22:00:00,0.0
2014-08-10 23:00:00,0.0
2014-08-11 00:00:00,0.0
2014-08-11 01:00:00,0.0
2014-08-11 02:00:00,0.0
2014-08-11 03:00:00,0.0
2014-08-11 04:00:00,0.0
2014-08-11 05:00:00,0.0
2014-08-11 06:00:00,0.0
2014-08-11 07:00:00,0.0
2014-08-11 08:00:00,0.0
2014-08-11 09:00:00,0.0
2014-08-11 10:00:00,0.0
2014-08-11 11:00:00,71.400000075
2014-08-11 12:00:00,293.25001
2014-08-11 13:00:00,502.77500000000003
2014-08-11 14:00:00,670.85001
2014-08-11 15:00:00,776.10002
2014-08-11 16:00:00,814.675
2014-08-11 17:00:00,779.57502
2014-08-11 18:00:00,665.05001
2014-08-11 19:00:00,501.600005
2014-08-11 20:00:00,296.6250025
2014-08-11 21:00:00,81.32500300000001
2014-08-11 22:00:00,0.0
2014-08-11 23:00:00,0.0
2014-08-12 00:00:00,0.0
2014-08-12 01:00:00,0.0
2014-08-12 02:00:00,0.0
2014-08-12 03:00:00,0.0
2014-08-12 04:00:00,0.0
2014-08-12 05:00:00,0.0
2014-08-12 06:00:00,0.0
2014-08-12 07:00:00,0.0
2014-08-12 08:00:00,0.0
2014-08-12 09:00:00,0.0
2014-08-12 10:00:00,0.0
2014-08-12 11:00:00,75.55000125000001
2014-08-12 12:00:00,275.475005
2014-08-12 13:00:00,484.125
2014-08-12 14:00:00,651.85001
2014-08-12 15:00:00,750.1000200000001
2014-08-12 16:00:00,787.72501
2014-08-12 17:00:00,721.72501
2014-08-12 18:00:00,461.475005
2014-08-12 19:00:00,258.2
2014-08-12 20:00:00,106.1500025
2014-08-12 21:00:00,17.65
2014-08-12 22:00:00,0.0
2014-08-12 23:00:00,0.0
2014-08-13 00:00:00,0.0
2014-08-13 01:00:00,0.0
2014-08-13 02:00:00,0.0
2014-08-13 03:00:00,0.0
2014-08-13 04:00:00,0.0
2014-08-13 05:00:00,0.0
2014-08-13 06:00:00,0.0
2014-08-13 07:00:00,0.0
2014-08-13 08:00:00,0.0
2014-08-13 09:00:00,0.0
2014-08-13 10:00:00,0.0
2014-08-13 11:00:00,54.50000075
2014-08-13 12:00:00,171.925
2014-08-13 13:00:00,268.175
2014-08-13 14:00:00,324.550005
2014-08-13 15:00:00,341.95
2014-08-13 16:00:00,356.425
2014-08-13 17:00:00,395.35
2014-08-13 18:00:00,412.250005
2014-08-13 19:00:00,286.475005
2014-08-13 20:00:00,114.70000125000001
2014-08-13 21:00:00,17.425
2014-08-13 22:00:00,0.0
2014-08-13 23:00:00,0.0
2014-08-14 00:00:00,0.0
2014-08-14 01:00:00,0.0
2014-08-14 02:00:00,0.0
2014-08-14 03:00:00,0.0
2014-08-14 04:00:00,0.0
2014-08-14 05:00:00,0.0
2014-08-14 06:00:00,0.0
2014-08-14 07:00:00,0.0
2014-08-14 08:00:00,0.0
2014-08-14 09:00:00,0.0
2014-08-14 10:00:00,0.0
2014-08-14 11:00:00,72.1500005
2014-08-14 12:00:00,267.55
2014-08-14 13:00:00,465.5
2014-08-14 14:00:00,652.30002
2014-08-14 15:00:00,740.92501
2014-08-14 16:00:00,826.4750200000001
2014-08-14 17:00:00,799.00003
2014-08-14 18:00:00,692.625
2014-08-14 19:00:00,529.225015
2014-08-14 20:00:00,323.225
2014-08-14 21:00:00,52.8750015
2014-08-14 22:00:00,0.0
2014-08-14 23:00:00,0.0
2014-08-15 00:00:00,0.0
2014-08-15 01:00:00,0.0
2014-08-15 02:00:00,0.0
2014-08-15 03:00:00,0.0
2014-08-15 04:00:00,0.0
2014-08-15 05:00:00,0.0
2014-08-15 06:00:00,0.0
2014-08-15 07:00:00,0.0
2014-08-15 08:00:00,0.0
2014-08-15 09:00:00,0.0
2014-08-15 10:00:00,0.0
2014-08-15 11:00:00,81.7750005
2014-08-15 12:00:00,309.35
2014-08-15 13:00:00,521.25001
2014-08-15 14:00:00,672.5000266666667
2014-08-15 15:00:00,805.1666799999999
2014-08-15 16:00:00,830.825
2014-08-15 17:00:00,793.70001
2014-08-15 18:00:00,686.75001
2014-08-15 19:00:00,524.075015
2014-08-15 20:00:00,317.57501
2014-08-15 21:00:00,96.2000015
2014-08-15 22:00:00,0.0
2014-08-15 23:00:00,0.0
2014-08-16 00:00:00,0.0
2014-08-16 01:00:00,0.0
2014-08-16 02:00:00,0.0
2014-08-16 03:00:00,0.0
2014-08-16 04:00:00,0.0
2014-08-16 05:00:00,0.0
2014-08-16 06:00:00,0.0
2014-08-16 07:00:00,0.0
2014-08-16 08:00:00,0.0
2014-08-16 09:00:00,0.0
2014-08-16 10:00:00,0.0
2014-08-16 11:00:00,87.45000250000001
2014-08-16 12:00:00,317.125
2014-08-16 13:00:00,524.900005
2014-08-16 14:00:00,689.7750100000001
2014-08-16 15:00:00,803.8666666666667
2014-08-16 16:00:00,832.4000100000001
2014-08-16 17:00:00,798.82501
2014-08-16 18:00:00,527.4
2014-08-16 19:00:00,437.02501
2014-08-16 20:00:00,297.050005
2014-08-16 21:00:00,66.20000125
2014-08-16 22:00:00,0.0
2014-08-16 23:00:00,0.0
2014-08-17 00:00:00,0.0
2014-08-17 01:00:00,0.0
2014-08-17 02:00:00,0.0
2014-08-17 03:00:00,0.0
2014-08-17 04:00:00,0.0
2014-08-17 05:00:00,0.0
2014-08-17 06:00:00,0.0
2014-08-17 07:00:00,0.0
2014-08-17 08:00:00,0.0
2014-08-17 09:00:00,0.0
2014-08-17 10:00:00,0.0
2014-08-17 11:00:00,91.90000375
2014-08-17 12:00:00,304.675005
2014-08-17 13:00:00,514.3
2014-08-17 14:00:00,680.75
2014-08-17 15:00:00,791.67503
2014-08-17 16:00:00,830.0
2014-08-17 17:00:00,796.475
2014-08-17 18:00:00,696.60002
2014-08-17 19:00:00,533.85
2014-08-17 20:00:00,326.37501
2014-08-17 21:00:00,105.65000375
2014-08-17 22:00:00,0.0
2014-08-17 23:00:00,0.0
2014-08-18 00:00:00,0.0
2014-08-18 01:00:00,0.0
2014-08-18 02:00:00,0.0
2014-08-18 03:00:00,0.0
2014-08-18 04:00:00,0.0
2014-08-18 05:00:00,0.0
2014-08-18 06:00:00,0.0
2014-08-18 07:00:00,0.0
2014-08-18 08:00:00,0.0
2014-08-18 09:00:00,0.0
2014-08-18 10:00:00,0.0
2014-08-18 11:00:00,128.03333333333333
2014-08-18 12:00:00,329.975
2014-08-18 13:00:00,542.225
2014-08-18 14:00:00,710.20002
2014-08-18 15:00:00,818.475
2014-08-18 16:00:00,857.00001
2014-08-18 17:00:00,822.72502
2014-08-18 18:00:00,718.975
2014-08-18 19:00:00,553.80001
2014-08-18 20:00:00,343.000005
2014-08-18 21:00:00,114.675
2014-08-18 22:00:00,0.0
2014-08-18 23:00:00,0.0
2014-08-19 00:00:00,0.0
2014-08-19 01:00:00,0.0
2014-08-19 02:00:00,0.0
2014-08-19 03:00:00,0.0
2014-08-19 04:00:00,0.0
2014-08-19 05:00:00,0.0
2014-08-19 06:00:00,0.0
2014-08-19 07:00:00,0.0
2014-08-19 08:00:00,0.0
2014-08-19 09:00:00,0.0
2014-08-19 10:00:00,0.0
2014-08-19 11:00:00,107.8000025
2014-08-19 12:00:00,331.6000075
2014-08-19 13:00:00,547.25
2014-08-19 14:00:00,717.70001
2014-08-19 15:00:00,826.92501
2014-08-19 16:00:00,864.7750100000001
2014-08-19 17:00:00,828.52503
2014-08-19 18:00:00,721.97501
2014-08-19 19:00:00,553.825
2014-08-19 20:00:00,340.42501000000004
2014-08-19 21:00:00,112.07499999999999
2014-08-19 22:00:00,0.0
2014-08-19 23:00:00,0.0
2014-08-20 00:00:00,0.0
2014-08-20 01:00:00,0.0
2014-08-20 02:00:00,0.0
2014-08-20 03:00:00,0.0
2014-08-20 04:00:00,0.0
2014-08-20 05:00:00,0.0
2014-08-20 06:00:00,0.0
2014-08-20 07:00:00,0.0
2014-08-20 08:00:00,0.0
2014-08-20 09:00:00,0.0
2014-08-20 10:00:00,0.0
2014-08-20 11:00:00,105.7750025
2014-08-20 12:00:00,336.4
2014-08-20 13:00:00,548.000005
2014-08-20 14:00:00,715.05
2014-08-20 15:00:00,821.5500099999999
2014-08-20 16:00:00,858.67501
2014-08-20 17:00:00,823.45002
2014-08-20 18:00:00,717.00001
2014-08-20 19:00:00,551.500005
2014-08-20 20:00:00,341.025005
2014-08-20 21:00:00,111.8
2014-08-20 22:00:00,0.0
2014-08-20 23:00:00,0.0
2014-08-21 00:00:00,0.0
2014-08-21 01:00:00,0.0
2014-08-21 02:00:00,0.0
2014-08-21 03:00:00,0.0
2014-08-21 04:00:00,0.0
2014-08-21 05:00:00,0.0
2014-08-21 06:00:00,0.0
2014-08-21 07:00:00,0.0
2014-08-21 08:00:00,0.0
2014-08-21 09:00:00,0.0
2014-08-21 10:00:00,0.0
2014-08-21 11:00:00,106.55000025000001
2014-08-21 12:00:00,337.125005
2014-08-21 13:00:00,549.075
2014-08-21 14:00:00,716.4749999999999
2014-08-21 15:00:00,823.4
2014-08-21 16:00:00,861.1750099999999
2014-08-21 17:00:00,826.00001
2014-08-21 18:00:00,719.1500100000001
2014-08-21 19:00:00,551.575
2014-08-21 20:00:00,339.30001
2014-08-21 21:00:00,110.225
2014-08-21 22:00:00,0.0
2014-08-21 23:00:00,0.0
2014-08-22 00:00:00,0.0
2014-08-22 01:00:00,0.0
2014-08-22 02:00:00,0.0
2014-08-22 03:00:00,0.0
2014-08-22 04:00:00,0.0
2014-08-22 05:00:00,0.0
2014-08-22 06:00:00,0.0
2014-08-22 07:00:00,0.0
2014-08-22 08:00:00,0.0
2014-08-22 09:00:00,0.0
2014-08-22 10:00:00,0.0
2014-08-22 11:00:00,108.35
2014-08-22 12:00:00,325.350005
2014-08-22 13:00:00,538.30001
2014-08-22 14:00:00,708.35001
2014-08-22 15:00:00,815.925
2014-08-22 16:00:00,854.0749999999999
2014-08-22 17:00:00,816.50001
2014-08-22 18:00:00,703.4000100000001
2014-08-22 19:00:00,534.05
2014-08-22 20:00:00,322.07500500000003
2014-08-22 21:00:00,101.2
2014-08-22 22:00:00,0.0
2014-08-22 23:00:00,0.0
2014-08-23 00:00:00,0.0
2014-08-23 01:00:00,0.0
2014-08-23 02:00:00,0.0
2014-08-23 03:00:00,0.0
2014-08-23 04:00:00,0.0
2014-08-23 05:00:00,0.0
2014-08-23 06:00:00,0.0
2014-08-23 07:00:00,0.0
2014-08-23 08:00:00,0.0
2014-08-23 09:00:00,0.0
2014-08-23 10:00:00,0.0
2014-08-23 11:00:00,113.27500125
2014-08-23 12:00:00,357.825015
2014-08-23 13:00:00,575.1
2014-08-23 14:00:00,747.2250200000001
2014-08-23 15:00:00,854.97501
2014-08-23 16:00:00,888.22501
2014-08-23 17:00:00,849.22501
2014-08-23 18:00:00,739.75001
2014-08-23 19:00:00,572.15001
2014-08-23 20:00:00,358.65000499999996
2014-08-23 21:00:00,94.40000333333334
2014-08-23 22:00:00,0.125
2014-08-23 23:00:00,0.0
2014-08-24 00:00:00,0.0
2014-08-24 01:00:00,0.0
2014-08-24 02:00:00,0.0
2014-08-24 03:00:00,0.0
2014-08-24 04:00:00,0.0
2014-08-24 05:00:00,0.0
2014-08-24 06:00:00,0.0
2014-08-24 07:00:00,0.0
2014-08-24 08:00:00,0.0
2014-08-24 09:00:00,0.0
2014-08-24 10:00:00,0.2
2014-08-24 11:00:00,125.4500005
2014-08-24 12:00:00,367.500005
2014-08-24 13:00:00,587.350005
2014-08-24 14:00:00,757.95
2014-08-24 15:00:00,859.6
2014-08-24 16:00:00,894.8500200000001
2014-08-24 17:00:00,857.8000099999999
2014-08-24 18:00:00,740.85
2014-08-24 19:00:00,569.05001
2014-08-24 20:00:00,350.57501
2014-08-24 21:00:00,115.20000250000001
2014-08-24 22:00:00,0.275
2014-08-24 23:00:00,0.0
2014-08-25 00:00:00,0.0
2014-08-25 01:00:00,0.0
2014-08-25 02:00:00,0.0
2014-08-25 03:00:00,0.0
2014-08-25 04:00:00,0.0
2014-08-25 05:00:00,0.0
2014-08-25 06:00:00,0.0
2014-08-25 07:00:00,0.0
2014-08-25 08:00:00,0.0
2014-08-25 09:00:00,0.0
2014-08-25 10:00:00,0.55
2014-08-25 11:00:00,114.325005
2014-08-25 12:00:00,347.32500749999997
2014-08-25 13:00:00,566.72501
2014-08-25 14:00:00,736.075
2014-08-25 15:00:00,835.85
2014-08-25 16:00:00,868.7
2014-08-25 17:00:00,826.975
2014-08-25 18:00:00,704.3249999999999
2014-08-25 19:00:00,463.42499999999995
2014-08-25 20:00:00,113.675
2014-08-25 21:00:00,13.775
2014-08-25 22:00:00,0.35
2014-08-25 23:00:00,0.0
2014-08-26 00:00:00,0.0
2014-08-26 01:00:00,0.0
2014-08-26 02:00:00,0.0
2014-08-26 03:00:00,0.0
2014-08-26 04:00:00,0.0
2014-08-26 05:00:00,0.0
2014-08-26 06:00:00,0.0
2014-08-26 07:00:00,0.0
2014-08-26 08:00:00,0.0
2014-08-26 09:00:00,0.0
2014-08-26 10:00:00,0.925
2014-08-26 11:00:00,101.65
2014-08-26 12:00:00,258.125
2014-08-26 13:00:00,468.450015
2014-08-26 14:00:00,649.30003
2014-08-26 15:00:00,768.50001
2014-08-26 16:00:00,804.975
2014-08-26 17:00:00,766.5999999999999
2014-08-26 18:00:00,634.02502
2014-08-26 19:00:00,466.2
2014-08-26 20:00:00,263.25001000000003
2014-08-26 21:00:00,79.53333333333333
2014-08-26 22:00:00,0.3
2014-08-26 23:00:00,0.0
2014-08-27 00:00:00,0.0
2014-08-27 01:00:00,0.0
2014-08-27 02:00:00,0.0
2014-08-27 03:00:00,0.0
2014-08-27 04:00:00,0.0
2014-08-27 05:00:00,0.0
2014-08-27 06:00:00,0.0
2014-08-27 07:00:00,0.0
2014-08-27 08:00:00,0.0
2014-08-27 09:00:00,0.0
2014-08-27 10:00:00,1.0
2014-08-27 11:00:00,112.475
2014-08-27 12:00:00,365.50001
2014-08-27 13:00:00,580.17501
2014-08-27 14:00:00,748.275
2014-08-27 15:00:00,853.50001
2014-08-27 16:00:00,886.87501
2014-08-27 17:00:00,808.175
2014-08-27 18:00:00,684.8000099999999
2014-08-27 19:00:00,468.2
2014-08-27 20:00:00,347.025
2014-08-27 21:00:00,120.475003
2014-08-27 22:00:00,0.775000025
2014-08-27 23:00:00,0.0
2014-08-28 00:00:00,0.0
2014-08-28 01:00:00,0.0
2014-08-28 02:00:00,0.0
2014-08-28 03:00:00,0.0
2014-08-28 04:00:00,0.0
2014-08-28 05:00:00,0.0
2014-08-28 06:00:00,0.0
2014-08-28 07:00:00,0.0
2014-08-28 08:00:00,0.0
2014-08-28 09:00:00,0.0
2014-08-28 10:00:00,2.15
2014-08-28 11:00:00,137.1250025
2014-08-28 12:00:00,376.67499999999995
2014-08-28 13:00:00,592.875
2014-08-28 14:00:00,761.575
2014-08-28 15:00:00,864.375
2014-08-28 16:00:00,896.85
2014-08-28 17:00:00,855.05
2014-08-28 18:00:00,737.4
2014-08-28 19:00:00,562.750005
2014-08-28 20:00:00,323.925
2014-08-28 21:00:00,107.52500125
2014-08-28 22:00:00,0.95
2014-08-28 23:00:00,0.0
2014-08-29 00:00:00,0.0
2014-08-29 01:00:00,0.0
2014-08-29 02:00:00,0.0
2014-08-29 03:00:00,0.0
2014-08-29 04:00:00,0.0
2014-08-29 05:00:00,0.0
2014-08-29 06:00:00,0.0
2014-08-29 07:00:00,0.0
2014-08-29 08:00:00,0.0
2014-08-29 09:00:00,0.0
2014-08-29 10:00:00,2.775
2014-08-29 11:00:00,142.1
2014-08-29 12:00:00,382.7
2014-08-29 13:00:00,600.1500100000001
2014-08-29 14:00:00,770.1500100000001
2014-08-29 15:00:00,874.7
2014-08-29 16:00:00,909.4749999999999
2014-08-29 17:00:00,868.07501
2014-08-29 18:00:00,742.425
2014-08-29 19:00:00,578.20001
2014-08-29 20:00:00,360.35
2014-08-29 21:00:00,125.2750025
2014-08-29 22:00:00,1.175000075
2014-08-29 23:00:00,0.0
2014-08-30 00:00:00,0.0
2014-08-30 01:00:00,0.0
2014-08-30 02:00:00,0.0
2014-08-30 03:00:00,0.0
2014-08-30 04:00:00,0.0
2014-08-30 05:00:00,0.0
2014-08-30 06:00:00,0.0
2014-08-30 07:00:00,0.0
2014-08-30 08:00:00,0.0
2014-08-30 09:00:00,0.0
2014-08-30 10:00:00,3.425
2014-08-30 11:00:00,147.6
2014-08-30 12:00:00,386.475005
2014-08-30 13:00:00,607.200015
2014-08-30 14:00:00,786.275
2014-08-30 15:00:00,861.5250100000001
2014-08-30 16:00:00,912.42501
2014-08-30 17:00:00,880.35
2014-08-30 18:00:00,767.85001
2014-08-30 19:00:00,594.95001
2014-08-30 20:00:00,341.95
2014-08-30 21:00:00,73.9
2014-08-30 22:00:00,0.0
2014-08-30 23:00:00,0.0
2014-08-31 00:00:00,0.0
2014-08-31 01:00:00,0.0
2014-08-31 02:00:00,0.0
2014-08-31 03:00:00,0.0
2014-08-31 04:00:00,0.0
2014-08-31 05:00:00,0.0
2014-08-31 06:00:00,0.0
2014-08-31 07:00:00,0.0
2014-08-31 08:00:00,0.0
2014-08-31 09:00:00,0.0
2014-08-31 10:00:00,3.8
2014-08-31 11:00:00,144.45000125
2014-08-31 12:00:00,377.850005
2014-08-31 13:00:00,591.55
2014-08-31 14:00:00,759.37501
2014-08-31 15:00:00,862.92501
2014-08-31 16:00:00,894.8
2014-08-31 17:00:00,852.925
2014-08-31 18:00:00,738.00002
2014-08-31 19:00:00,567.0250149999999
2014-08-31 20:00:00,352.7
2014-08-31 21:00:00,119.64999999999999
2014-08-31 22:00:00,1.4
2014-08-31 23:00:00,0.0
2014-09-01 00:00:00,0.0
2014-09-01 01:00:00,0.0
2014-09-01 02:00:00,0.0
2014-09-01 03:00:00,0.0
2014-09-01 04:00:00,0.0
2014-09-01 05:00:00,0.0
2014-09-01 06:00:00,0.0
2014-09-01 07:00:00,0.0
2014-09-01 08:00:00,0.0
2014-09-01 09:00:00,0.0
2014-09-01 10:00:00,4.6
2014-09-01 11:00:00,153.05000125
2014-09-01 12:00:00,404.55
2014-09-01 13:00:00,624.9750200000001
2014-09-01 14:00:00,795.60002
2014-09-01 15:00:00,898.975
2014-09-01 16:00:00,932.7
2014-09-01 17:00:00,894.025
2014-09-01 18:00:00,778.65002
2014-09-01 19:00:00,601.9250099999999
2014-09-01 20:00:00,379.175005
2014-09-01 21:00:00,136.25000375
2014-09-01 22:00:00,1.925000075
2014-09-01 23:00:00,0.0
2014-09-02 00:00:00,0.0
2014-09-02 01:00:00,0.0
2014-09-02 02:00:00,0.0
2014-09-02 03:00:00,0.0
2014-09-02 04:00:00,0.0
2014-09-02 05:00:00,0.0
2014-09-02 06:00:00,0.0
2014-09-02 07:00:00,0.0
2014-09-02 08:00:00,0.0
2014-09-02 09:00:00,0.0
2014-09-02 10:00:00,4.75
2014-09-02 11:00:00,149.65
2014-09-02 12:00:00,386.02501
2014-09-02 13:00:00,605.8
2014-09-02 14:00:00,775.97501
2014-09-02 15:00:00,871.6750099999999
2014-09-02 16:00:00,900.375
2014-09-02 17:00:00,853.225
2014-09-02 18:00:00,721.95
2014-09-02 19:00:00,545.9
2014-09-02 20:00:00,297.675
2014-09-02 21:00:00,74.1
2014-09-02 22:00:00,1.375
2014-09-02 23:00:00,0.0
2014-09-03 00:00:00,0.0
2014-09-03 01:00:00,0.0
2014-09-03 02:00:00,0.0
2014-09-03 03:00:00,0.0
2014-09-03 04:00:00,0.0
2014-09-03 05:00:00,0.0
2014-09-03 06:00:00,0.0
2014-09-03 07:00:00,0.0
2014-09-03 08:00:00,0.0
2014-09-03 09:00:00,0.0
2014-09-03 10:00:00,4.65
2014-09-03 11:00:00,124.30000125
2014-09-03 12:00:00,339.100005
2014-09-03 13:00:00,535.3
2014-09-03 14:00:00,724.22501
2014-09-03 15:00:00,852.45
2014-09-03 16:00:00,885.775
2014-09-03 17:00:00,843.50002
2014-09-03 18:00:00,717.625
2014-09-03 19:00:00,540.55
2014-09-03 20:00:00,314.55001
2014-09-03 21:00:00,73.45
2014-09-03 22:00:00,0.0
2014-09-03 23:00:00,0.0
2014-09-04 00:00:00,0.0
2014-09-04 01:00:00,0.0
2014-09-04 02:00:00,0.0
2014-09-04 03:00:00,0.0
2014-09-04 04:00:00,0.0
2014-09-04 05:00:00,0.0
2014-09-04 06:00:00,0.0
2014-09-04 07:00:00,0.0
2014-09-04 08:00:00,0.0
2014-09-04 09:00:00,0.0
2014-09-04 10:00:00,5.65
2014-09-04 11:00:00,135.60000250000002
2014-09-04 12:00:00,383.15
2014-09-04 13:00:00,614.10001
2014-09-04 14:00:00,784.25
2014-09-04 15:00:00,886.75
2014-09-04 16:00:00,915.9749999999999
2014-09-04 17:00:00,873.37503
2014-09-04 18:00:00,728.20001
2014-09-04 19:00:00,560.65
2014-09-04 20:00:00,366.900005
2014-09-04 21:00:00,116.85000125
2014-09-04 22:00:00,2.175
2014-09-04 23:00:00,0.0
2014-09-05 00:00:00,0.0
2014-09-05 01:00:00,0.0
2014-09-05 02:00:00,0.0
2014-09-05 03:00:00,0.0
2014-09-05 04:00:00,0.0
2014-09-05 05:00:00,0.0
2014-09-05 06:00:00,0.0
2014-09-05 07:00:00,0.0
2014-09-05 08:00:00,0.0
2014-09-05 09:00:00,0.0
2014-09-05 10:00:00,7.525
2014-09-05 11:00:00,169.925
2014-09-05 12:00:00,419.375005
2014-09-05 13:00:00,640.55
2014-09-05 14:00:00,813.00001
2014-09-05 15:00:00,919.9749999999999
2014-09-05 16:00:00,949.37501
2014-09-05 17:00:00,904.875
2014-09-05 18:00:00,789.17502
2014-09-05 19:00:00,601.57502
2014-09-05 20:00:00,387.02501
2014-09-05 21:00:00,114.30000125000001
2014-09-05 22:00:00,2.85000025
2014-09-05 23:00:00,0.0
2014-09-06 00:00:00,0.0
2014-09-06 01:00:00,0.0
2014-09-06 02:00:00,0.0
2014-09-06 03:00:00,0.0
2014-09-06 04:00:00,0.0
2014-09-06 05:00:00,0.0
2014-09-06 06:00:00,0.0
2014-09-06 07:00:00,0.0
2014-09-06 08:00:00,0.0
2014-09-06 09:00:00,0.0
2014-09-06 10:00:00,9.05
2014-09-06 11:00:00,183.450005
2014-09-06 12:00:00,425.425005
2014-09-06 13:00:00,646.825
2014-09-06 14:00:00,817.45
2014-09-06 15:00:00,914.675
2014-09-06 16:00:00,944.82501
2014-09-06 17:00:00,898.22501
2014-09-06 18:00:00,769.4000100000001
2014-09-06 19:00:00,588.525005
2014-09-06 20:00:00,364.225005
2014-09-06 21:00:00,126.27500125
2014-09-06 22:00:00,2.4
2014-09-06 23:00:00,0.0
2014-09-07 00:00:00,0.0
2014-09-07 01:00:00,0.0
2014-09-07 02:00:00,0.0
2014-09-07 03:00:00,0.0
2014-09-07 04:00:00,0.0
2014-09-07 05:00:00,0.0
2014-09-07 06:00:00,0.0
2014-09-07 07:00:00,0.0
2014-09-07 08:00:00,0.0
2014-09-07 09:00:00,0.0
2014-09-07 10:00:00,8.475
2014-09-07 11:00:00,160.8250025
2014-09-07 12:00:00,402.450015
2014-09-07 13:00:00,621.10001
2014-09-07 14:00:00,788.2750100000001
2014-09-07 15:00:00,890.925
2014-09-07 16:00:00,923.9749999999999
2014-09-07 17:00:00,881.45001
2014-09-07 18:00:00,764.3000099999999
2014-09-07 19:00:00,588.85001
2014-09-07 20:00:00,367.80001000000004
2014-09-07 21:00:00,127.025
2014-09-07 22:00:00,2.60000025
2014-09-07 23:00:00,0.0
2014-09-08 00:00:00,0.0
2014-09-08 01:00:00,0.0
2014-09-08 02:00:00,0.0
2014-09-08 03:00:00,0.0
2014-09-08 04:00:00,0.0
2014-09-08 05:00:00,0.0
2014-09-08 06:00:00,0.0
2014-09-08 07:00:00,0.0
2014-09-08 08:00:00,0.0
2014-09-08 09:00:00,0.0
2014-09-08 10:00:00,8.8
2014-09-08 11:00:00,167.5500025
2014-09-08 12:00:00,425.625
2014-09-08 13:00:00,641.15
2014-09-08 14:00:00,808.9
2014-09-08 15:00:00,915.00001
2014-09-08 16:00:00,949.525
2014-09-08 17:00:00,907.875
2014-09-08 18:00:00,786.9749999999999
2014-09-08 19:00:00,607.675
2014-09-08 20:00:00,384.725
2014-09-08 21:00:00,142.025
2014-09-08 22:00:00,3.4
2014-09-08 23:00:00,0.0
2014-09-09 00:00:00,0.0
2014-09-09 01:00:00,0.0
2014-09-09 02:00:00,0.0
2014-09-09 03:00:00,0.0
2014-09-09 04:00:00,0.0
2014-09-09 05:00:00,0.0
2014-09-09 06:00:00,0.0
2014-09-09 07:00:00,0.0
2014-09-09 08:00:00,0.0
2014-09-09 09:00:00,0.0
2014-09-09 10:00:00,12.35
2014-09-09 11:00:00,189.85000125
2014-09-09 12:00:00,439.52500000000003
2014-09-09 13:00:00,662.72501
2014-09-09 14:00:00,836.42503
2014-09-09 15:00:00,936.6500100000001
2014-09-09 16:00:00,966.45001
2014-09-09 17:00:00,918.92502
2014-09-09 18:00:00,790.5500099999999
2014-09-09 19:00:00,608.2750100000001
2014-09-09 20:00:00,378.750005
2014-09-09 21:00:00,132.925
2014-09-09 22:00:00,3.025
2014-09-09 23:00:00,0.0
2014-09-10 00:00:00,0.0
2014-09-10 01:00:00,0.0
2014-09-10 02:00:00,0.0
2014-09-10 03:00:00,0.0
2014-09-10 04:00:00,0.0
2014-09-10 05:00:00,0.0
2014-09-10 06:00:00,0.0
2014-09-10 07:00:00,0.0
2014-09-10 08:00:00,0.0
2014-09-10 09:00:00,0.0
2014-09-10 10:00:00,11.75
2014-09-10 11:00:00,176.975
2014-09-10 12:00:00,431.10001
2014-09-10 13:00:00,583.30001
2014-09-10 14:00:00,634.85
2014-09-10 15:00:00,755.95002
2014-09-10 16:00:00,890.75
2014-09-10 17:00:00,878.325
2014-09-10 18:00:00,708.45
2014-09-10 19:00:00,465.32500000000005
2014-09-10 20:00:00,241.02500250000003
2014-09-10 21:00:00,16.475
2014-09-10 22:00:00,0.0
2014-09-10 23:00:00,0.0
2014-09-11 00:00:00,0.0
2014-09-11 01:00:00,0.0
2014-09-11 02:00:00,0.0
2014-09-11 03:00:00,0.0
2014-09-11 04:00:00,0.0
2014-09-11 05:00:00,0.0
2014-09-11 06:00:00,0.0
2014-09-11 07:00:00,0.0
2014-09-11 08:00:00,0.0
2014-09-11 09:00:00,0.0
2014-09-11 10:00:00,8.8
2014-09-11 11:00:00,134.325
2014-09-11 12:00:00,391.275
2014-09-11 13:00:00,604.82501
2014-09-11 14:00:00,705.9000100000001
2014-09-11 15:00:00,790.15002
2014-09-11 16:00:00,909.0500099999999
2014-09-11 17:00:00,899.3
2014-09-11 18:00:00,780.1
2014-09-11 19:00:00,603.625
2014-09-11 20:00:00,382.825
2014-09-11 21:00:00,138.475005
2014-09-11 22:00:00,3.9
2014-09-11 23:00:00,0.0
2014-09-12 00:00:00,0.0
2014-09-12 01:00:00,0.0
2014-09-12 02:00:00,0.0
2014-09-12 03:00:00,0.0
2014-09-12 04:00:00,0.0
2014-09-12 05:00:00,0.0
2014-09-12 06:00:00,0.0
2014-09-12 07:00:00,0.0
2014-09-12 08:00:00,0.0
2014-09-12 09:00:00,0.0
2014-09-12 10:00:00,18.033334
2014-09-12 11:00:00,184.80000333333336
2014-09-12 12:00:00,438.76668
2014-09-12 13:00:00,655.2666800000001
2014-09-12 14:00:00,823.5
2014-09-12 15:00:00,923.1
2014-09-12 16:00:00,954.1666799999999
2014-09-12 17:00:00,911.2000133333335
2014-09-12 18:00:00,795.3000000000001
2014-09-12 19:00:00,621.2333333333332
2014-09-12 20:00:00,401.26667333333336
2014-09-12 21:00:00,160.76667166666667
2014-09-12 22:00:00,5.933333666666667
2014-09-12 23:00:00,0.0
2014-09-13 00:00:00,0.0
2014-09-13 01:00:00,0.0
2014-09-13 02:00:00,0.0
2014-09-13 03:00:00,0.0
2014-09-13 04:00:00,0.0
2014-09-13 05:00:00,0.0
2014-09-13 06:00:00,0.0
2014-09-13 07:00:00,0.0
2014-09-13 08:00:00,0.0
2014-09-13 09:00:00,0.0
2014-09-13 10:00:00,16.875
2014-09-13 11:00:00,154.85000250000002
2014-09-13 12:00:00,333.65
2014-09-13 13:00:00,575.25
2014-09-13 14:00:00,808.47501
2014-09-13 15:00:00,904.5250100000001
2014-09-13 16:00:00,932.75
2014-09-13 17:00:00,887.55
2014-09-13 18:00:00,772.4749999999999
2014-09-13 19:00:00,573.525005
2014-09-13 20:00:00,279.55
2014-09-13 21:00:00,46.425002
2014-09-13 22:00:00,0.0
2014-09-13 23:00:00,0.0
2014-09-14 00:00:00,0.0
2014-09-14 01:00:00,0.0
2014-09-14 02:00:00,0.0
2014-09-14 03:00:00,0.0
2014-09-14 04:00:00,0.0
2014-09-14 05:00:00,0.0
2014-09-14 06:00:00,0.0
2014-09-14 07:00:00,0.0
2014-09-14 08:00:00,0.0
2014-09-14 09:00:00,0.0
2014-09-14 10:00:00,19.2750005
2014-09-14 11:00:00,201.2
2014-09-14 12:00:00,413.45000500000003
2014-09-14 13:00:00,587.825
2014-09-14 14:00:00,564.57501
2014-09-14 15:00:00,649.60001
2014-09-14 16:00:00,732.97502
2014-09-14 17:00:00,681.87503
2014-09-14 18:00:00,576.2250200000001
2014-09-14 19:00:00,428.3
2014-09-14 20:00:00,217.375
2014-09-14 21:00:00,46.60000075
2014-09-14 22:00:00,0.0
2014-09-14 23:00:00,0.0
2014-09-15 00:00:00,0.0
2014-09-15 01:00:00,0.0
2014-09-15 02:00:00,0.0
2014-09-15 03:00:00,0.0
2014-09-15 04:00:00,0.0
2014-09-15 05:00:00,0.0
2014-09-15 06:00:00,0.0
2014-09-15 07:00:00,0.0
2014-09-15 08:00:00,0.0
2014-09-15 09:00:00,0.0
2014-09-15 10:00:00,16.225
2014-09-15 11:00:00,185.5000075
2014-09-15 12:00:00,442.425
2014-09-15 13:00:00,657.4749999999999
2014-09-15 14:00:00,822.725
2014-09-15 15:00:00,918.2
2014-09-15 16:00:00,837.0250100000001
2014-09-15 17:00:00,668.525
2014-09-15 18:00:00,667.65
2014-09-15 19:00:00,591.25
2014-09-15 20:00:00,349.875005
2014-09-15 21:00:00,65.8
2014-09-15 22:00:00,4.175
2014-09-15 23:00:00,0.0
2014-09-16 00:00:00,0.0
2014-09-16 01:00:00,0.0
2014-09-16 02:00:00,0.0
2014-09-16 03:00:00,0.0
2014-09-16 04:00:00,0.0
2014-09-16 05:00:00,0.0
2014-09-16 06:00:00,0.0
2014-09-16 07:00:00,0.0
2014-09-16 08:00:00,0.0
2014-09-16 09:00:00,0.0
2014-09-16 10:00:00,22.150000000000002
2014-09-16 11:00:00,212.40000125
2014-09-16 12:00:00,468.9
2014-09-16 13:00:00,687.2
2014-09-16 14:00:00,855.75002
2014-09-16 15:00:00,955.55001
2014-09-16 16:00:00,981.92503
2014-09-16 17:00:00,929.02502
2014-09-16 18:00:00,800.82501
2014-09-16 19:00:00,619.75001
2014-09-16 20:00:00,394.000005
2014-09-16 21:00:00,89.95
2014-09-16 22:00:00,0.975
2014-09-16 23:00:00,0.0
2014-09-17 00:00:00,0.0
2014-09-17 01:00:00,0.0
2014-09-17 02:00:00,0.0
2014-09-17 03:00:00,0.0
2014-09-17 04:00:00,0.0
2014-09-17 05:00:00,0.0
2014-09-17 06:00:00,0.0
2014-09-17 07:00:00,0.0
2014-09-17 08:00:00,0.0
2014-09-17 09:00:00,0.0
2014-09-17 10:00:00,23.8
2014-09-17 11:00:00,201.07500249999998
2014-09-17 12:00:00,389.20000500000003
2014-09-17 13:00:00,568.65
2014-09-17 14:00:00,758.975
2014-09-17 15:00:00,830.7750100000001
2014-09-17 16:00:00,839.90002
2014-09-17 17:00:00,627.2
2014-09-17 18:00:00,392.925005
2014-09-17 19:00:00,272.73334
2014-09-17 20:00:00,149.475
2014-09-17 21:00:00,0.0
2014-09-17 22:00:00,0.0
2014-09-17 23:00:00,0.0
2014-09-18 00:00:00,0.0
2014-09-18 01:00:00,0.0
2014-09-18 02:00:00,0.0
2014-09-18 03:00:00,0.0
2014-09-18 04:00:00,0.0
2014-09-18 05:00:00,0.0
2014-09-18 06:00:00,0.0
2014-09-18 07:00:00,0.0
2014-09-18 08:00:00,0.0
2014-09-18 09:00:00,0.0
2014-09-18 10:00:00,21.225
2014-09-18 11:00:00,202.100005
2014-09-18 12:00:00,456.02501
2014-09-18 13:00:00,671.62501
2014-09-18 14:00:00,836.20001
2014-09-18 15:00:00,923.775
2014-09-18 16:00:00,948.75001
2014-09-18 17:00:00,887.1
2014-09-18 18:00:00,780.1500100000001
2014-09-18 19:00:00,600.5500099999999
2014-09-18 20:00:00,366.375
2014-09-18 21:00:00,101.75
2014-09-18 22:00:00,5.025
2014-09-18 23:00:00,0.0
2014-09-19 00:00:00,0.0
2014-09-19 01:00:00,0.0
2014-09-19 02:00:00,0.0
2014-09-19 03:00:00,0.0
2014-09-19 04:00:00,0.0
2014-09-19 05:00:00,0.0
2014-09-19 06:00:00,0.0
2014-09-19 07:00:00,0.0
2014-09-19 08:00:00,0.0
2014-09-19 09:00:00,0.0
2014-09-19 10:00:00,27.525
2014-09-19 11:00:00,202.3
2014-09-19 12:00:00,461.3
2014-09-19 13:00:00,687.4499999999999
2014-09-19 14:00:00,852.5250100000001
2014-09-19 15:00:00,946.62501
2014-09-19 16:00:00,972.0
2014-09-19 17:00:00,921.32501
2014-09-19 18:00:00,753.57502
2014-09-19 19:00:00,503.875
2014-09-19 20:00:00,233.27499999999998
2014-09-19 21:00:00,75.67500075000001
2014-09-19 22:00:00,2.45
2014-09-19 23:00:00,0.0
2014-09-20 00:00:00,0.0
2014-09-20 01:00:00,0.0
2014-09-20 02:00:00,0.0
2014-09-20 03:00:00,0.0
2014-09-20 04:00:00,0.0
2014-09-20 05:00:00,0.0
2014-09-20 06:00:00,0.0
2014-09-20 07:00:00,0.0
2014-09-20 08:00:00,0.0
2014-09-20 09:00:00,0.0
2014-09-20 10:00:00,27.775000249999998
2014-09-20 11:00:00,228.0
2014-09-20 12:00:00,476.52500499999996
2014-09-20 13:00:00,692.87501
2014-09-20 14:00:00,858.65001
2014-09-20 15:00:00,955.00001
2014-09-20 16:00:00,980.52503
2014-09-20 17:00:00,929.77501
2014-09-20 18:00:00,808.0500099999999
2014-09-20 19:00:00,625.9
2014-09-20 20:00:00,399.500005
2014-09-20 21:00:00,151.4
2014-09-20 22:00:00,5.95000025
2014-09-20 23:00:00,0.0
2014-09-21 00:00:00,0.0
2014-09-21 01:00:00,0.0
2014-09-21 02:00:00,0.0
2014-09-21 03:00:00,0.0
2014-09-21 04:00:00,0.0
2014-09-21 05:00:00,0.0
2014-09-21 06:00:00,0.0
2014-09-21 07:00:00,0.0
2014-09-21 08:00:00,0.0
2014-09-21 09:00:00,0.0
2014-09-21 10:00:00,26.900000249999998
2014-09-21 11:00:00,197.50000125
2014-09-21 12:00:00,474.875005
2014-09-21 13:00:00,696.7750100000001
2014-09-21 14:00:00,862.07501
2014-09-21 15:00:00,967.85001
2014-09-21 16:00:00,994.70001
2014-09-21 17:00:00,944.825
2014-09-21 18:00:00,820.9
2014-09-21 19:00:00,637.45002
2014-09-21 20:00:00,410.075
2014-09-21 21:00:00,180.23333333333335
2014-09-21 22:00:00,5.85
2014-09-21 23:00:00,0.0
2014-09-22 00:00:00,0.0
2014-09-22 01:00:00,0.0
2014-09-22 02:00:00,0.0
2014-09-22 03:00:00,0.0
2014-09-22 04:00:00,0.0
2014-09-22 05:00:00,0.0
2014-09-22 06:00:00,0.0
2014-09-22 07:00:00,0.0
2014-09-22 08:00:00,0.0
2014-09-22 09:00:00,0.0
2014-09-22 10:00:00,34.275
2014-09-22 11:00:00,249.8
2014-09-22 12:00:00,514.25
2014-09-22 13:00:00,739.4000100000001
2014-09-22 14:00:00,911.65002
2014-09-22 15:00:00,1012.60001
2014-09-22 16:00:00,1038.15
2014-09-22 17:00:00,985.3000099999999
2014-09-22 18:00:00,853.3500200000001
2014-09-22 19:00:00,662.175
2014-09-22 20:00:00,424.875
2014-09-22 21:00:00,169.2750025
2014-09-22 22:00:00,7.20000025
2014-09-22 23:00:00,0.0
2014-09-23 00:00:00,0.0
2014-09-23 01:00:00,0.0
2014-09-23 02:00:00,0.0
2014-09-23 03:00:00,0.0
2014-09-23 04:00:00,0.0
2014-09-23 05:00:00,0.0
2014-09-23 06:00:00,0.0
2014-09-23 07:00:00,0.0
2014-09-23 08:00:00,0.0
2014-09-23 09:00:00,0.0
2014-09-23 10:00:00,35.725
2014-09-23 11:00:00,236.97500250000002
2014-09-23 12:00:00,493.57501
2014-09-23 13:00:00,728.5999999999999
2014-09-23 14:00:00,911.9333333333334
2014-09-23 15:00:00,989.0
2014-09-23 16:00:00,1014.4
2014-09-23 17:00:00,963.375
2014-09-23 18:00:00,783.32501
2014-09-23 19:00:00,416.75001
2014-09-23 20:00:00,156.15
2014-09-23 21:00:00,0.0
2014-09-23 22:00:00,0.0
2014-09-23 23:00:00,0.0
2014-09-24 00:00:00,0.0
2014-09-24 01:00:00,0.0
2014-09-24 02:00:00,0.0
2014-09-24 03:00:00,0.0
2014-09-24 04:00:00,0.0
2014-09-24 05:00:00,0.0
2014-09-24 06:00:00,0.0
2014-09-24 07:00:00,0.0
2014-09-24 08:00:00,0.0
2014-09-24 09:00:00,0.0
2014-09-24 10:00:00,32.56666666666667
2014-09-24 11:00:00,232.79999999999998
2014-09-24 12:00:00,501.5333333333333
2014-09-24 13:00:00,720.1999999999999
2014-09-24 14:00:00,873.1333333333332
2014-09-24 15:00:00,988.9333333333334
2014-09-24 16:00:00,1011.8666800000001
2014-09-24 17:00:00,960.1333600000002
2014-09-24 18:00:00,834.2666800000001
2014-09-24 19:00:00,655.3000000000001
2014-09-24 20:00:00,425.3333333333333
2014-09-24 21:00:00,128.06667000000002
2014-09-24 22:00:00,9.966666666666667
2014-09-24 23:00:00,0.0
2014-09-25 00:00:00,0.0
2014-09-25 01:00:00,0.0
2014-09-25 02:00:00,0.0
2014-09-25 03:00:00,0.0
2014-09-25 04:00:00,0.0
2014-09-25 05:00:00,0.0
2014-09-25 06:00:00,0.0
2014-09-25 07:00:00,0.0
2014-09-25 08:00:00,0.0
2014-09-25 09:00:00,0.0
2014-09-25 10:00:00,44.3250005
2014-09-25 11:00:00,273.325
2014-09-25 12:00:00,520.45
2014-09-25 13:00:00,713.9749999999999
2014-09-25 14:00:00,906.82501
2014-09-25 15:00:00,1019.825025
2014-09-25 16:00:00,1041.9
2014-09-25 17:00:00,987.2750100000001
2014-09-25 18:00:00,799.525
2014-09-25 19:00:00,591.675
2014-09-25 20:00:00,284.75
2014-09-25 21:00:00,44.25000125
2014-09-25 22:00:00,0.0
2014-09-25 23:00:00,0.0
2014-09-26 00:00:00,0.0
2014-09-26 01:00:00,0.0
2014-09-26 02:00:00,0.0
2014-09-26 03:00:00,0.0
2014-09-26 04:00:00,0.0
2014-09-26 05:00:00,0.0
2014-09-26 06:00:00,0.0
2014-09-26 07:00:00,0.0
2014-09-26 08:00:00,0.0
2014-09-26 09:00:00,0.0
2014-09-26 10:00:00,34.225
2014-09-26 11:00:00,243.72500250000002
2014-09-26 12:00:00,436.20002
2014-09-26 13:00:00,665.87501
2014-09-26 14:00:00,830.82501
2014-09-26 15:00:00,929.17503
2014-09-26 16:00:00,951.025
2014-09-26 17:00:00,897.80001
2014-09-26 18:00:00,758.75
2014-09-26 19:00:00,574.55001
2014-09-26 20:00:00,294.2
2014-09-26 21:00:00,71.425002
2014-09-26 22:00:00,0.0
2014-09-26 23:00:00,0.0
2014-09-27 00:00:00,0.0
2014-09-27 01:00:00,0.0
2014-09-27 02:00:00,0.0
2014-09-27 03:00:00,0.0
2014-09-27 04:00:00,0.0
2014-09-27 05:00:00,0.0
2014-09-27 06:00:00,0.0
2014-09-27 07:00:00,0.0
2014-09-27 08:00:00,0.0
2014-09-27 09:00:00,0.0
2014-09-27 10:00:00,38.02500125
2014-09-27 11:00:00,193.54999999999998
2014-09-27 12:00:00,375.750005
2014-09-27 13:00:00,639.925015
2014-09-27 14:00:00,878.675
2014-09-27 15:00:00,967.7250200000001
2014-09-27 16:00:00,986.15
2014-09-27 17:00:00,929.6
2014-09-27 18:00:00,778.47501
2014-09-27 19:00:00,568.5000150000001
2014-09-27 20:00:00,247.225
2014-09-27 21:00:00,28.900000249999998
2014-09-27 22:00:00,0.0
2014-09-27 23:00:00,0.0
2014-09-28 00:00:00,0.0
2014-09-28 01:00:00,0.0
2014-09-28 02:00:00,0.0
2014-09-28 03:00:00,0.0
2014-09-28 04:00:00,0.0
2014-09-28 05:00:00,0.0
2014-09-28 06:00:00,0.0
2014-09-28 07:00:00,0.0
2014-09-28 08:00:00,0.0
2014-09-28 09:00:00,0.0
2014-09-28 10:00:00,40.50000025
2014-09-28 11:00:00,202.350005
2014-09-28 12:00:00,430.95
2014-09-28 13:00:00,736.025
2014-09-28 14:00:00,927.425
2014-09-28 15:00:00,810.175
2014-09-28 16:00:00,876.100025
2014-09-28 17:00:00,998.6750099999999
2014-09-28 18:00:00,866.50002
2014-09-28 19:00:00,672.65001
2014-09-28 20:00:00,432.600005
2014-09-28 21:00:00,174.975
2014-09-28 22:00:00,0.0
2014-09-28 23:00:00,0.0
2014-09-29 00:00:00,0.0
2014-09-29 01:00:00,0.0
2014-09-29 02:00:00,0.0
2014-09-29 03:00:00,0.0
2014-09-29 04:00:00,0.0
2014-09-29 05:00:00,0.0
2014-09-29 06:00:00,0.0
2014-09-29 07:00:00,0.0
2014-09-29 08:00:00,0.0
2014-09-29 09:00:00,0.0
2014-09-29 10:00:00,21.26666666666667
2014-09-29 11:00:00,229.9
2014-09-29 12:00:00,438.13334000000003
2014-09-29 13:00:00,667.4333333333333
2014-09-29 14:00:00,886.7666800000001
2014-09-29 15:00:00,979.0666666666666
2014-09-29 16:00:00,1021.6333333333333
2014-09-29 17:00:00,969.5000133333333
2014-09-29 18:00:00,723.8666666666667
2014-09-29 19:00:00,578.9666666666667
2014-09-29 20:00:00,359.93334000000004
2014-09-29 21:00:00,126.86666666666667
2014-09-29 22:00:00,0.06666666666666667
2014-09-29 23:00:00,0.0
2014-09-30 00:00:00,0.0
2014-09-30 01:00:00,0.0
2014-09-30 02:00:00,0.0
2014-09-30 03:00:00,0.0
2014-09-30 04:00:00,0.0
2014-09-30 05:00:00,0.0
2014-09-30 06:00:00,0.0
2014-09-30 07:00:00,0.0
2014-09-30 08:00:00,0.0
2014-09-30 09:00:00,0.0
2014-09-30 10:00:00,48.17500025
2014-09-30 11:00:00,241.0000025
2014-09-30 12:00:00,511.65
2014-09-30 13:00:00,756.35001
2014-09-30 14:00:00,919.975
2014-09-30 15:00:00,1011.750035
2014-09-30 16:00:00,1004.7750599999999
2014-09-30 17:00:00,980.82501
2014-09-30 18:00:00,838.42503
2014-09-30 19:00:00,622.375
2014-09-30 20:00:00,303.625005
2014-09-30 21:00:00,94.72500125
2014-09-30 22:00:00,0.22500001
2014-09-30 23:00:00,0.0
2014-10-01 00:00:00,0.0
2014-10-01 01:00:00,0.0
2014-10-01 02:00:00,0.0
2014-10-01 03:00:00,0.0
2014-10-01 04:00:00,0.0
2014-10-01 05:00:00,0.0
2014-10-01 06:00:00,0.0
2014-10-01 07:00:00,0.0
2014-10-01 08:00:00,0.0
2014-10-01 09:00:00,0.0
2014-10-01 10:00:00,41.77500025
2014-10-01 11:00:00,176.6
2014-10-01 12:00:00,297.67501
2014-10-01 13:00:00,459.675
2014-10-01 14:00:00,714.32501
2014-10-01 15:00:00,929.625
2014-10-01 16:00:00,883.85
2014-10-01 17:00:00,758.325
2014-10-01 18:00:00,609.5
2014-10-01 19:00:00,356.95001
2014-10-01 20:00:00,128.27500125
2014-10-01 21:00:00,3.825
2014-10-01 22:00:00,0.325000025
2014-10-01 23:00:00,0.0
2014-10-02 00:00:00,0.0
2014-10-02 01:00:00,0.0
2014-10-02 02:00:00,0.0
2014-10-02 03:00:00,0.0
2014-10-02 04:00:00,0.0
2014-10-02 05:00:00,0.0
2014-10-02 06:00:00,0.0
2014-10-02 07:00:00,0.0
2014-10-02 08:00:00,0.0
2014-10-02 09:00:00,0.0
2014-10-02 10:00:00,43.375
2014-10-02 11:00:00,171.15000125
2014-10-02 12:00:00,278.0
2014-10-02 13:00:00,503.900005
2014-10-02 14:00:00,608.60002
2014-10-02 15:00:00,657.3
2014-10-02 16:00:00,616.15001
2014-10-02 17:00:00,574.9000100000001
2014-10-02 18:00:00,487.65000499999996
2014-10-02 19:00:00,316.15
2014-10-02 20:00:00,194.7
2014-10-02 21:00:00,32.75
2014-10-02 22:00:00,0.0
2014-10-02 23:00:00,0.0
2014-10-03 00:00:00,0.0
2014-10-03 01:00:00,0.0
2014-10-03 02:00:00,0.0
2014-10-03 03:00:00,0.0
2014-10-03 04:00:00,0.0
2014-10-03 05:00:00,0.0
2014-10-03 06:00:00,0.0
2014-10-03 07:00:00,0.0
2014-10-03 08:00:00,0.0
2014-10-03 09:00:00,0.0
2014-10-03 10:00:00,49.825
2014-10-03 11:00:00,213.40000500000002
2014-10-03 12:00:00,394.20001
2014-10-03 13:00:00,634.85
2014-10-03 14:00:00,851.45002
2014-10-03 15:00:00,942.3000099999999
2014-10-03 16:00:00,953.075
2014-10-03 17:00:00,838.2750100000001
2014-10-03 18:00:00,624.42502
2014-10-03 19:00:00,413.1
2014-10-03 20:00:00,201.750005
2014-10-03 21:00:00,61.2
2014-10-03 22:00:00,0.0
2014-10-03 23:00:00,0.0
2014-10-04 00:00:00,0.0
2014-10-04 01:00:00,0.0
2014-10-04 02:00:00,0.0
2014-10-04 03:00:00,0.0
2014-10-04 04:00:00,0.0
2014-10-04 05:00:00,0.0
2014-10-04 06:00:00,0.0
2014-10-04 07:00:00,0.0
2014-10-04 08:00:00,0.0
2014-10-04 09:00:00,0.0
2014-10-04 10:00:00,60.225
2014-10-04 11:00:00,280.425
2014-10-04 12:00:00,555.5250100000001
2014-10-04 13:00:00,775.45
2014-10-04 14:00:00,941.32502
2014-10-04 15:00:00,1034.0
2014-10-04 16:00:00,1059.525075
2014-10-04 17:00:00,1002.7750100000001
2014-10-04 18:00:00,863.2750100000001
2014-10-04 19:00:00,670.37501
2014-10-04 20:00:00,430.925005
2014-10-04 21:00:00,126.97500275
2014-10-04 22:00:00,0.875
2014-10-04 23:00:00,0.0
2014-10-05 00:00:00,0.0
2014-10-05 01:00:00,0.0
2014-10-05 02:00:00,0.0
2014-10-05 03:00:00,0.0
2014-10-05 04:00:00,0.0
2014-10-05 05:00:00,0.0
2014-10-05 06:00:00,0.0
2014-10-05 07:00:00,0.0
2014-10-05 08:00:00,0.0
2014-10-05 09:00:00,0.0
2014-10-05 10:00:00,56.175
2014-10-05 11:00:00,224.10000250000002
2014-10-05 12:00:00,405.4
2014-10-05 13:00:00,676.325
2014-10-05 14:00:00,842.47501
2014-10-05 15:00:00,995.275035
2014-10-05 16:00:00,1039.975025
2014-10-05 17:00:00,979.575
2014-10-05 18:00:00,846.75001
2014-10-05 19:00:00,658.20001
2014-10-05 20:00:00,385.65
2014-10-05 21:00:00,63.000001250000004
2014-10-05 22:00:00,1.075
2014-10-05 23:00:00,0.0
2014-10-06 00:00:00,0.0
2014-10-06 01:00:00,0.0
2014-10-06 02:00:00,0.0
2014-10-06 03:00:00,0.0
2014-10-06 04:00:00,0.0
2014-10-06 05:00:00,0.0
2014-10-06 06:00:00,0.0
2014-10-06 07:00:00,0.0
2014-10-06 08:00:00,0.0
2014-10-06 09:00:00,0.0
2014-10-06 10:00:00,66.25
2014-10-06 11:00:00,265.26666666666665
2014-10-06 12:00:00,565.075
2014-10-06 13:00:00,777.67501
2014-10-06 14:00:00,937.87501
2014-10-06 15:00:00,1030.65
2014-10-06 16:00:00,1051.125025
2014-10-06 17:00:00,995.325
2014-10-06 18:00:00,865.72501
2014-10-06 19:00:00,677.675
2014-10-06 20:00:00,446.250005
2014-10-06 21:00:00,185.40000125
2014-10-06 22:00:00,12.425
2014-10-06 23:00:00,0.0
2014-10-07 00:00:00,0.0
2014-10-07 01:00:00,0.0
2014-10-07 02:00:00,0.0
2014-10-07 03:00:00,0.0
2014-10-07 04:00:00,0.0
2014-10-07 05:00:00,0.0
2014-10-07 06:00:00,0.0
2014-10-07 07:00:00,0.0
2014-10-07 08:00:00,0.0
2014-10-07 09:00:00,0.0
2014-10-07 10:00:00,69.125003
2014-10-07 11:00:00,268.90000000000003
2014-10-07 12:00:00,562.825
2014-10-07 13:00:00,774.35002
2014-10-07 14:00:00,933.90002
2014-10-07 15:00:00,1028.50005
2014-10-07 16:00:00,1048.125
2014-10-07 17:00:00,989.75002
2014-10-07 18:00:00,859.70003
2014-10-07 19:00:00,672.9
2014-10-07 20:00:00,443.000005
2014-10-07 21:00:00,195.1500025
2014-10-07 22:00:00,14.350000075
2014-10-07 23:00:00,0.0
2014-10-08 00:00:00,0.0
2014-10-08 01:00:00,0.0
2014-10-08 02:00:00,0.0
2014-10-08 03:00:00,0.0
2014-10-08 04:00:00,0.0
2014-10-08 05:00:00,0.0
2014-10-08 06:00:00,0.0
2014-10-08 07:00:00,0.0
2014-10-08 08:00:00,0.0
2014-10-08 09:00:00,0.0
2014-10-08 10:00:00,76.92500000000001
2014-10-08 11:00:00,313.8
2014-10-08 12:00:00,565.15
2014-10-08 13:00:00,777.72504
2014-10-08 14:00:00,937.8
2014-10-08 15:00:00,1028.575035
2014-10-08 16:00:00,1048.600025
2014-10-08 17:00:00,991.625035
2014-10-08 18:00:00,858.0
2014-10-08 19:00:00,668.0250100000001
2014-10-08 20:00:00,436.1
2014-10-08 21:00:00,185.550005
2014-10-08 22:00:00,13.05
2014-10-08 23:00:00,0.0
2014-10-09 00:00:00,0.0
2014-10-09 01:00:00,0.0
2014-10-09 02:00:00,0.0
2014-10-09 03:00:00,0.0
2014-10-09 04:00:00,0.0
2014-10-09 05:00:00,0.0
2014-10-09 06:00:00,0.0
2014-10-09 07:00:00,0.0
2014-10-09 08:00:00,0.0
2014-10-09 09:00:00,0.0
2014-10-09 10:00:00,76.3750005
2014-10-09 11:00:00,312.3
2014-10-09 12:00:00,571.7
2014-10-09 13:00:00,785.37501
2014-10-09 14:00:00,947.15
2014-10-09 15:00:00,1042.75
2014-10-09 16:00:00,1060.55
2014-10-09 17:00:00,1001.02501
2014-10-09 18:00:00,867.5500099999999
2014-10-09 19:00:00,674.625
2014-10-09 20:00:00,441.40000499999996
2014-10-09 21:00:00,139.65000125
2014-10-09 22:00:00,11.700000575
2014-10-09 23:00:00,0.0
2014-10-10 00:00:00,0.0
2014-10-10 01:00:00,0.0
2014-10-10 02:00:00,0.0
2014-10-10 03:00:00,0.0
2014-10-10 04:00:00,0.0
2014-10-10 05:00:00,0.0
2014-10-10 06:00:00,0.0
2014-10-10 07:00:00,0.0
2014-10-10 08:00:00,0.0
2014-10-10 09:00:00,0.0
2014-10-10 10:00:00,56.075002
2014-10-10 11:00:00,178.6
2014-10-10 12:00:00,359.000005
2014-10-10 13:00:00,518.45
2014-10-10 14:00:00,694.325
2014-10-10 15:00:00,820.7750100000001
2014-10-10 16:00:00,849.975
2014-10-10 17:00:00,685.00001
2014-10-10 18:00:00,518.975
2014-10-10 19:00:00,325.125005
2014-10-10 20:00:00,136.8
2014-10-10 21:00:00,12.85
2014-10-10 22:00:00,2.22500025
2014-10-10 23:00:00,0.0
2014-10-11 00:00:00,0.0
2014-10-11 01:00:00,0.0
2014-10-11 02:00:00,0.0
2014-10-11 03:00:00,0.0
2014-10-11 04:00:00,0.0
2014-10-11 05:00:00,0.0
2014-10-11 06:00:00,0.0
2014-10-11 07:00:00,0.0
2014-10-11 08:00:00,0.0
2014-10-11 09:00:00,0.0
2014-10-11 10:00:00,89.17500125
2014-10-11 11:00:00,266.66667
2014-10-11 12:00:00,487.3
2014-10-11 13:00:00,696.725
2014-10-11 14:00:00,903.25
2014-10-11 15:00:00,1024.6
2014-10-11 16:00:00,1043.600025
2014-10-11 17:00:00,985.0
2014-10-11 18:00:00,839.7
2014-10-11 19:00:00,648.5250100000001
2014-10-11 20:00:00,402.57500500000003
2014-10-11 21:00:00,157.200005
2014-10-11 22:00:00,11.725
2014-10-11 23:00:00,0.0
2014-10-12 00:00:00,0.0
2014-10-12 01:00:00,0.0
2014-10-12 02:00:00,0.0
2014-10-12 03:00:00,0.0
2014-10-12 04:00:00,0.0
2014-10-12 05:00:00,0.0
2014-10-12 06:00:00,0.0
2014-10-12 07:00:00,0.0
2014-10-12 08:00:00,0.0
2014-10-12 09:00:00,0.0
2014-10-12 10:00:00,92.875
2014-10-12 11:00:00,302.90001333333333
2014-10-12 12:00:00,592.175
2014-10-12 13:00:00,801.87501
2014-10-12 14:00:00,959.37501
2014-10-12 15:00:00,1051.950025
2014-10-12 16:00:00,1071.975
2014-10-12 17:00:00,1015.675
2014-10-12 18:00:00,885.8
2014-10-12 19:00:00,696.9750200000001
2014-10-12 20:00:00,464.57500500000003
2014-10-12 21:00:00,208.85000125
2014-10-12 22:00:00,18.35
2014-10-12 23:00:00,0.0
2014-10-13 00:00:00,0.0
2014-10-13 01:00:00,0.0
2014-10-13 02:00:00,0.0
2014-10-13 03:00:00,0.0
2014-10-13 04:00:00,0.0
2014-10-13 05:00:00,0.0
2014-10-13 06:00:00,0.0
2014-10-13 07:00:00,0.0
2014-10-13 08:00:00,0.0
2014-10-13 09:00:00,0.0
2014-10-13 10:00:00,96.4
2014-10-13 11:00:00,339.575
2014-10-13 12:00:00,593.075
2014-10-13 13:00:00,804.7249999999999
2014-10-13 14:00:00,962.475
2014-10-13 15:00:00,1051.17505
2014-10-13 16:00:00,1066.75
2014-10-13 17:00:00,993.7666666666668
2014-10-13 18:00:00,869.55001
2014-10-13 19:00:00,680.87501
2014-10-13 20:00:00,450.35
2014-10-13 21:00:00,199.7
2014-10-13 22:00:00,17.0750005
2014-10-13 23:00:00,0.0
2014-10-14 00:00:00,0.0
2014-10-14 01:00:00,0.0
2014-10-14 02:00:00,0.0
2014-10-14 03:00:00,0.0
2014-10-14 04:00:00,0.0
2014-10-14 05:00:00,0.0
2014-10-14 06:00:00,0.0
2014-10-14 07:00:00,0.0
2014-10-14 08:00:00,0.0
2014-10-14 09:00:00,0.0
2014-10-14 10:00:00,100.07500125
2014-10-14 11:00:00,342.925005
2014-10-14 12:00:00,578.975
2014-10-14 13:00:00,794.12501
2014-10-14 14:00:00,954.925
2014-10-14 15:00:00,1045.12505
2014-10-14 16:00:00,1062.275
2014-10-14 17:00:00,1004.775035
2014-10-14 18:00:00,876.2249999999999
2014-10-14 19:00:00,688.97501
2014-10-14 20:00:00,235.6
2014-10-14 21:00:00,43.0
2014-10-14 22:00:00,0.0
2014-10-14 23:00:00,0.0
2014-10-15 00:00:00,0.0
2014-10-15 01:00:00,0.0
2014-10-15 02:00:00,0.0
2014-10-15 03:00:00,0.0
2014-10-15 04:00:00,0.0
2014-10-15 05:00:00,0.0
2014-10-15 06:00:00,0.0
2014-10-15 07:00:00,0.0
2014-10-15 08:00:00,0.0
2014-10-15 09:00:00,0.0
2014-10-15 10:00:00,91.69999999999999
2014-10-15 11:00:00,334.475005
2014-10-15 12:00:00,577.025
2014-10-15 13:00:00,750.1333333333333
2014-10-15 14:00:00,889.625
2014-10-15 15:00:00,994.8
2014-10-15 16:00:00,990.55
2014-10-15 17:00:00,935.50001
2014-10-15 18:00:00,808.6500000000001
2014-10-15 19:00:00,661.25
2014-10-15 20:00:00,366.875005
2014-10-15 21:00:00,81.7
2014-10-15 22:00:00,0.0
2014-10-15 23:00:00,0.0
2014-10-16 00:00:00,0.0
2014-10-16 01:00:00,0.0
2014-10-16 02:00:00,0.0
2014-10-16 03:00:00,0.0
2014-10-16 04:00:00,0.0
2014-10-16 05:00:00,0.0
2014-10-16 06:00:00,0.0
2014-10-16 07:00:00,0.0
2014-10-16 08:00:00,0.0
2014-10-16 09:00:00,0.0
2014-10-16 10:00:00,98.62500275000001
2014-10-16 11:00:00,340.450005
2014-10-16 12:00:00,603.85
2014-10-16 13:00:00,814.775
2014-10-16 14:00:00,972.72501
2014-10-16 15:00:00,1063.175025
2014-10-16 16:00:00,1076.875
2014-10-16 17:00:00,1013.65
2014-10-16 18:00:00,879.82501
2014-10-16 19:00:00,690.90002
2014-10-16 20:00:00,461.425
2014-10-16 21:00:00,169.65000375
2014-10-16 22:00:00,10.524999999999999
2014-10-16 23:00:00,0.0
2014-10-17 00:00:00,0.0
2014-10-17 01:00:00,0.0
2014-10-17 02:00:00,0.0
2014-10-17 03:00:00,0.0
2014-10-17 04:00:00,0.0
2014-10-17 05:00:00,0.0
2014-10-17 06:00:00,0.0
2014-10-17 07:00:00,0.0
2014-10-17 08:00:00,0.0
2014-10-17 09:00:00,0.0
2014-10-17 10:00:00,97.27499999999999
2014-10-17 11:00:00,333.2
2014-10-17 12:00:00,587.62501
2014-10-17 13:00:00,797.35001
2014-10-17 14:00:00,952.92501
2014-10-17 15:00:00,1044.925
2014-10-17 16:00:00,1033.075025
2014-10-17 17:00:00,658.87502
2014-10-17 18:00:00,420.050005
2014-10-17 19:00:00,375.875005
2014-10-17 20:00:00,276.875
2014-10-17 21:00:00,118.2
2014-10-17 22:00:00,15.125
2014-10-17 23:00:00,0.0
2014-10-18 00:00:00,0.0
2014-10-18 01:00:00,0.0
2014-10-18 02:00:00,0.0
2014-10-18 03:00:00,0.0
2014-10-18 04:00:00,0.0
2014-10-18 05:00:00,0.0
2014-10-18 06:00:00,0.0
2014-10-18 07:00:00,0.0
2014-10-18 08:00:00,0.0
2014-10-18 09:00:00,0.0
2014-10-18 10:00:00,112.625
2014-10-18 11:00:00,362.375
2014-10-18 12:00:00,617.57501
2014-10-18 13:00:00,832.9000100000001
2014-10-18 14:00:00,990.200025
2014-10-18 15:00:00,1071.125
2014-10-18 16:00:00,1086.350025
2014-10-18 17:00:00,789.57501
2014-10-18 18:00:00,667.3000099999999
2014-10-18 19:00:00,425.800005
2014-10-18 20:00:00,270.675
2014-10-18 21:00:00,71.00000125
2014-10-18 22:00:00,3.275
2014-10-18 23:00:00,0.0
2014-10-19 00:00:00,0.0
2014-10-19 01:00:00,0.0
2014-10-19 02:00:00,0.0
2014-10-19 03:00:00,0.0
2014-10-19 04:00:00,0.0
2014-10-19 05:00:00,0.0
2014-10-19 06:00:00,0.0
2014-10-19 07:00:00,0.0
2014-10-19 08:00:00,0.0
2014-10-19 09:00:00,0.0
2014-10-19 10:00:00,106.44999999999999
2014-10-19 11:00:00,339.925
2014-10-19 12:00:00,574.92502
2014-10-19 13:00:00,743.45001
2014-10-19 14:00:00,727.22502
2014-10-19 15:00:00,753.8000099999999
2014-10-19 16:00:00,673.6500100000001
2014-10-19 17:00:00,608.60002
2014-10-19 18:00:00,468.675
2014-10-19 19:00:00,341.075
2014-10-19 20:00:00,174.8750025
2014-10-19 21:00:00,117.22500124999999
2014-10-19 22:00:00,18.3750005
2014-10-19 23:00:00,0.0
2014-10-20 00:00:00,0.0
2014-10-20 01:00:00,0.0
2014-10-20 02:00:00,0.0
2014-10-20 03:00:00,0.0
2014-10-20 04:00:00,0.0
2014-10-20 05:00:00,0.0
2014-10-20 06:00:00,0.0
2014-10-20 07:00:00,0.0
2014-10-20 08:00:00,0.0
2014-10-20 09:00:00,0.05
2014-10-20 10:00:00,115.40000175
2014-10-20 11:00:00,313.9
2014-10-20 12:00:00,480.275
2014-10-20 13:00:00,629.325
2014-10-20 14:00:00,784.57501
2014-10-20 15:00:00,854.67501
2014-10-20 16:00:00,880.6500100000001
2014-10-20 17:00:00,829.45
2014-10-20 18:00:00,633.22501
2014-10-20 19:00:00,476.70001
2014-10-20 20:00:00,338.45
2014-10-20 21:00:00,139.82500375
2014-10-20 22:00:00,7.425
2014-10-20 23:00:00,0.0
2014-10-21 00:00:00,0.0
2014-10-21 01:00:00,0.0
2014-10-21 02:00:00,0.0
2014-10-21 03:00:00,0.0
2014-10-21 04:00:00,0.0
2014-10-21 05:00:00,0.0
2014-10-21 06:00:00,0.0
2014-10-21 07:00:00,0.0
2014-10-21 08:00:00,0.0
2014-10-21 09:00:00,0.5333333333333333
2014-10-21 10:00:00,109.76666666666667
2014-10-21 11:00:00,348.60000666666673
2014-10-21 12:00:00,566.4666666666667
2014-10-21 13:00:00,814.4
2014-10-21 14:00:00,916.9333466666667
2014-10-21 15:00:00,994.4333466666667
2014-10-21 16:00:00,852.5666799999999
2014-10-21 17:00:00,637.86668
2014-10-21 18:00:00,698.1
2014-10-21 19:00:00,495.43333333333334
2014-10-21 20:00:00,301.3666733333333
2014-10-21 21:00:00,90.33333366666666
2014-10-21 22:00:00,0.0
2014-10-21 23:00:00,0.0
2014-10-22 00:00:00,0.0
2014-10-22 01:00:00,0.0
2014-10-22 02:00:00,0.0
2014-10-22 03:00:00,0.0
2014-10-22 04:00:00,0.0
2014-10-22 05:00:00,0.0
2014-10-22 06:00:00,0.0
2014-10-22 07:00:00,0.0
2014-10-22 08:00:00,0.0
2014-10-22 09:00:00,0.0
2014-10-22 10:00:00,101.5500025
2014-10-22 11:00:00,346.32500500000003
2014-10-22 12:00:00,571.55
2014-10-22 13:00:00,717.05
2014-10-22 14:00:00,925.3249999999999
2014-10-22 15:00:00,1059.650025
2014-10-22 16:00:00,1071.200025
2014-10-22 17:00:00,1009.025
2014-10-22 18:00:00,740.40002
2014-10-22 19:00:00,576.675
2014-10-22 20:00:00,320.32501
2014-10-22 21:00:00,33.95
2014-10-22 22:00:00,0.0
2014-10-22 23:00:00,0.0
2014-10-23 00:00:00,0.0
2014-10-23 01:00:00,0.0
2014-10-23 02:00:00,0.0
2014-10-23 03:00:00,0.0
2014-10-23 04:00:00,0.0
2014-10-23 05:00:00,0.0
2014-10-23 06:00:00,0.0
2014-10-23 07:00:00,0.0
2014-10-23 08:00:00,0.0
2014-10-23 09:00:00,1.4000001
2014-10-23 10:00:00,109.7
2014-10-23 11:00:00,348.6666666666667
2014-10-23 12:00:00,590.3333333333334
2014-10-23 13:00:00,800.5
2014-10-23 14:00:00,906.9
2014-10-23 15:00:00,825.7333333333332
2014-10-23 16:00:00,675.6666799999999
2014-10-23 17:00:00,494.0666733333333
2014-10-23 18:00:00,568.0333333333333
2014-10-23 19:00:00,648.6000133333333
2014-10-23 20:00:00,351.76666666666665
2014-10-23 21:00:00,72.39999999999999
2014-10-23 22:00:00,0.6000000333333334
2014-10-23 23:00:00,0.0
2014-10-24 00:00:00,0.0
2014-10-24 01:00:00,0.0
2014-10-24 02:00:00,0.0
2014-10-24 03:00:00,0.0
2014-10-24 04:00:00,0.0
2014-10-24 05:00:00,0.0
2014-10-24 06:00:00,0.0
2014-10-24 07:00:00,0.0
2014-10-24 08:00:00,0.0
2014-10-24 09:00:00,1.65
2014-10-24 10:00:00,133.2750025
2014-10-24 11:00:00,379.0
2014-10-24 12:00:00,625.7750100000001
2014-10-24 13:00:00,832.575
2014-10-24 14:00:00,986.025025
2014-10-24 15:00:00,1073.225025
2014-10-24 16:00:00,1087.6
2014-10-24 17:00:00,1016.8333466666667
2014-10-24 18:00:00,898.55001
2014-10-24 19:00:00,711.27502
2014-10-24 20:00:00,482.175005
2014-10-24 21:00:00,222.1750075
2014-10-24 22:00:00,21.45
2014-10-24 23:00:00,0.0
2014-10-25 00:00:00,0.0
2014-10-25 01:00:00,0.0
2014-10-25 02:00:00,0.0
2014-10-25 03:00:00,0.0
2014-10-25 04:00:00,0.0
2014-10-25 05:00:00,0.0
2014-10-25 06:00:00,0.0
2014-10-25 07:00:00,0.0
2014-10-25 08:00:00,0.0
2014-10-25 09:00:00,2.175
2014-10-25 10:00:00,139.60000000000002
2014-10-25 11:00:00,389.47501
2014-10-25 12:00:00,628.75
2014-10-25 13:00:00,838.55
2014-10-25 14:00:00,918.15
2014-10-25 15:00:00,1041.075
2014-10-25 16:00:00,1035.57501
2014-10-25 17:00:00,977.375
2014-10-25 18:00:00,886.3
2014-10-25 19:00:00,714.75
2014-10-25 20:00:00,481.725015
2014-10-25 21:00:00,227.52500250000003
2014-10-25 22:00:00,23.549999999999997
2014-10-25 23:00:00,0.0
2014-10-26 00:00:00,0.0
2014-10-26 01:00:00,0.0
2014-10-26 02:00:00,0.0
2014-10-26 03:00:00,0.0
2014-10-26 04:00:00,0.0
2014-10-26 05:00:00,0.0
2014-10-26 06:00:00,0.0
2014-10-26 07:00:00,0.0
2014-10-26 08:00:00,0.0
2014-10-26 09:00:00,2.60000025
2014-10-26 10:00:00,141.025
2014-10-26 11:00:00,390.775
2014-10-26 12:00:00,640.50001
2014-10-26 13:00:00,850.25001
2014-10-26 14:00:00,1006.475025
2014-10-26 15:00:00,1095.350025
2014-10-26 16:00:00,1110.27505
2014-10-26 17:00:00,1049.6
2014-10-26 18:00:00,914.72502
2014-10-26 19:00:00,723.875
2014-10-26 20:00:00,489.9
2014-10-26 21:00:00,232.475015
2014-10-26 22:00:00,28.575
2014-10-26 23:00:00,0.0
2014-10-27 00:00:00,0.0
2014-10-27 01:00:00,0.0
2014-10-27 02:00:00,0.0
2014-10-27 03:00:00,0.0
2014-10-27 04:00:00,0.0
2014-10-27 05:00:00,0.0
2014-10-27 06:00:00,0.0
2014-10-27 07:00:00,0.0
2014-10-27 08:00:00,0.0
2014-10-27 09:00:00,2.575
2014-10-27 10:00:00,133.1
2014-10-27 11:00:00,381.900005
2014-10-27 12:00:00,639.12501
2014-10-27 13:00:00,849.20001
2014-10-27 14:00:00,1003.80001
2014-10-27 15:00:00,1092.100025
2014-10-27 16:00:00,1102.4
2014-10-27 17:00:00,1038.300025
2014-10-27 18:00:00,910.25002
2014-10-27 19:00:00,720.15
2014-10-27 20:00:00,484.750005
2014-10-27 21:00:00,189.80000125
2014-10-27 22:00:00,0.7
2014-10-27 23:00:00,0.0
2014-10-28 00:00:00,0.0
2014-10-28 01:00:00,0.0
2014-10-28 02:00:00,0.0
2014-10-28 03:00:00,0.0
2014-10-28 04:00:00,0.0
2014-10-28 05:00:00,0.0
2014-10-28 06:00:00,0.0
2014-10-28 07:00:00,0.0
2014-10-28 08:00:00,0.0
2014-10-28 09:00:00,4.566666666666666
2014-10-28 10:00:00,172.66666666666666
2014-10-28 11:00:00,423.63334000000003
2014-10-28 12:00:00,667.1
2014-10-28 13:00:00,869.0
2014-10-28 14:00:00,1014.4333333333334
2014-10-28 15:00:00,1088.8
2014-10-28 16:00:00,1091.7000333333333
2014-10-28 17:00:00,1019.1666666666666
2014-10-28 18:00:00,867.2666666666668
2014-10-28 19:00:00,663.8333333333334
2014-10-28 20:00:00,303.33333999999996
2014-10-28 21:00:00,33.766666666666666
2014-10-28 22:00:00,0.0
2014-10-28 23:00:00,0.0
2014-10-29 00:00:00,0.0
2014-10-29 01:00:00,0.0
2014-10-29 02:00:00,0.0
2014-10-29 03:00:00,0.0
2014-10-29 04:00:00,0.0
2014-10-29 05:00:00,0.0
2014-10-29 06:00:00,0.0
2014-10-29 07:00:00,0.0
2014-10-29 08:00:00,0.0
2014-10-29 09:00:00,4.025
2014-10-29 10:00:00,151.6750005
2014-10-29 11:00:00,406.300005
2014-10-29 12:00:00,656.57501
2014-10-29 13:00:00,867.37501
2014-10-29 14:00:00,1024.0
2014-10-29 15:00:00,1071.35
2014-10-29 16:00:00,1004.550035
2014-10-29 17:00:00,1056.6499999999999
2014-10-29 18:00:00,919.02503
2014-10-29 19:00:00,712.1500100000001
2014-10-29 20:00:00,300.325
2014-10-29 21:00:00,120.6
2014-10-29 22:00:00,0.2
2014-10-29 23:00:00,0.0
2014-10-30 00:00:00,0.0
2014-10-30 01:00:00,0.0
2014-10-30 02:00:00,0.0
2014-10-30 03:00:00,0.0
2014-10-30 04:00:00,0.0
2014-10-30 05:00:00,0.0
2014-10-30 06:00:00,0.0
2014-10-30 07:00:00,0.0
2014-10-30 08:00:00,0.0
2014-10-30 09:00:00,4.20000025
2014-10-30 10:00:00,139.22500000000002
2014-10-30 11:00:00,372.125
2014-10-30 12:00:00,615.4749999999999
2014-10-30 13:00:00,765.6
2014-10-30 14:00:00,959.1500100000001
2014-10-30 15:00:00,1078.975025
2014-10-30 16:00:00,958.10001
2014-10-30 17:00:00,830.525
2014-10-30 18:00:00,789.025
2014-10-30 19:00:00,540.9000100000001
2014-10-30 20:00:00,298.15
2014-10-30 21:00:00,101.50000375
2014-10-30 22:00:00,6.975
2014-10-30 23:00:00,0.0
2014-10-31 00:00:00,0.0
2014-10-31 01:00:00,0.0
2014-10-31 02:00:00,0.0
2014-10-31 03:00:00,0.0
2014-10-31 04:00:00,0.0
2014-10-31 05:00:00,0.0
2014-10-31 06:00:00,0.0
2014-10-31 07:00:00,0.0
2014-10-31 08:00:00,0.0
2014-10-31 09:00:00,4.70000025
2014-10-31 10:00:00,141.5000025
2014-10-31 11:00:00,325.3
2014-10-31 12:00:00,603.5250100000001
2014-10-31 13:00:00,842.20002
2014-10-31 14:00:00,996.37501
2014-10-31 15:00:00,1073.925
2014-10-31 16:00:00,1082.700025
2014-10-31 17:00:00,1019.50001
2014-10-31 18:00:00,859.35001
2014-10-31 19:00:00,611.42502
2014-10-31 20:00:00,397.525
2014-10-31 21:00:00,82.00000250000001
2014-10-31 22:00:00,0.0
2014-10-31 23:00:00,0.0
2014-11-01 00:00:00,0.0
2014-11-01 01:00:00,0.0
2014-11-01 02:00:00,0.0
2014-11-01 03:00:00,0.0
2014-11-01 04:00:00,0.0
2014-11-01 05:00:00,0.0
2014-11-01 06:00:00,0.0
2014-11-01 07:00:00,0.0
2014-11-01 08:00:00,0.0
2014-11-01 09:00:00,4.8
2014-11-01 10:00:00,125.17500125000001
2014-11-01 11:00:00,302.050005
2014-11-01 12:00:00,427.1
2014-11-01 13:00:00,683.1000200000001
2014-11-01 14:00:00,787.325
2014-11-01 15:00:00,890.15
2014-11-01 16:00:00,733.0500099999999
2014-11-01 17:00:00,618.10001
2014-11-01 18:00:00,608.8666666666667
2014-11-01 19:00:00,311.45
2014-11-01 20:00:00,113.95
2014-11-01 21:00:00,12.825000249999999
2014-11-01 22:00:00,0.625
2014-11-01 23:00:00,0.0
2014-11-02 00:00:00,0.0
2014-11-02 01:00:00,0.0
2014-11-02 02:00:00,0.0
2014-11-02 03:00:00,0.0
2014-11-02 04:00:00,0.0
2014-11-02 05:00:00,0.0
2014-11-02 06:00:00,0.0
2014-11-02 07:00:00,0.0
2014-11-02 08:00:00,0.0
2014-11-02 09:00:00,5.425
2014-11-02 10:00:00,142.72500250000002
2014-11-02 11:00:00,317.45000500000003
2014-11-02 12:00:00,597.675
2014-11-02 13:00:00,814.77502
2014-11-02 14:00:00,899.275
2014-11-02 15:00:00,819.575
2014-11-02 16:00:00,693.25
2014-11-02 17:00:00,492.975005
2014-11-02 18:00:00,
2014-11-02 19:00:00,
2014-11-02 20:00:00,
2014-11-02 21:00:00,
2014-11-02 22:00:00,
2014-11-02 23:00:00,
2014-11-03 00:00:00,0.0
2014-11-03 01:00:00,0.0
2014-11-03 02:00:00,0.0
2014-11-03 03:00:00,0.0
2014-11-03 04:00:00,0.0
2014-11-03 05:00:00,0.0
2014-11-03 06:00:00,0.0
2014-11-03 07:00:00,0.0
2014-11-03 08:00:00,0.0
2014-11-03 09:00:00,5.975
2014-11-03 10:00:00,158.675
2014-11-03 11:00:00,409.45
2014-11-03 12:00:00,662.3000099999999
2014-11-03 13:00:00,869.67502
2014-11-03 14:00:00,1019.950025
2014-11-03 15:00:00,1096.675
2014-11-03 16:00:00,1107.3
2014-11-03 17:00:00,1045.900025
2014-11-03 18:00:00,909.45001
2014-11-03 19:00:00,721.90002
2014-11-03 20:00:00,489.900015
2014-11-03 21:00:00,235.45
2014-11-03 22:00:00,33.600000075
2014-11-03 23:00:00,0.0
2014-11-04 00:00:00,0.0
2014-11-04 01:00:00,0.0
2014-11-04 02:00:00,0.0
2014-11-04 03:00:00,0.0
2014-11-04 04:00:00,0.0
2014-11-04 05:00:00,0.0
2014-11-04 06:00:00,0.0
2014-11-04 07:00:00,0.0
2014-11-04 08:00:00,0.0
2014-11-04 09:00:00,7.125
2014-11-04 10:00:00,140.55000375
2014-11-04 11:00:00,344.075
2014-11-04 12:00:00,465.95
2014-11-04 13:00:00,504.15001
2014-11-04 14:00:00,678.45
2014-11-04 15:00:00,1019.2750000000001
2014-11-04 16:00:00,990.8
2014-11-04 17:00:00,878.55
2014-11-04 18:00:00,655.60002
2014-11-04 19:00:00,378.850015
2014-11-04 20:00:00,126.05
2014-11-04 21:00:00,1.9
2014-11-04 22:00:00,2.25
2014-11-04 23:00:00,0.0
2014-11-05 00:00:00,0.0
2014-11-05 01:00:00,0.0
2014-11-05 02:00:00,0.0
2014-11-05 03:00:00,0.0
2014-11-05 04:00:00,0.0
2014-11-05 05:00:00,0.0
2014-11-05 06:00:00,0.0
2014-11-05 07:00:00,0.0
2014-11-05 08:00:00,0.0
2014-11-05 09:00:00,7.725
2014-11-05 10:00:00,173.55000375
2014-11-05 11:00:00,426.125005
2014-11-05 12:00:00,667.95
2014-11-05 13:00:00,875.97501
2014-11-05 14:00:00,1031.05001
2014-11-05 15:00:00,1111.750025
2014-11-05 16:00:00,1121.35
2014-11-05 17:00:00,1055.550085
2014-11-05 18:00:00,914.1500100000001
2014-11-05 19:00:00,724.07501
2014-11-05 20:00:00,493.05002
2014-11-05 21:00:00,242.925005
2014-11-05 22:00:00,14.8
2014-11-05 23:00:00,0.0
2014-11-06 00:00:00,0.0
2014-11-06 01:00:00,0.0
2014-11-06 02:00:00,0.0
2014-11-06 03:00:00,0.0
2014-11-06 04:00:00,0.0
2014-11-06 05:00:00,0.0
2014-11-06 06:00:00,0.0
2014-11-06 07:00:00,0.0
2014-11-06 08:00:00,0.0
2014-11-06 09:00:00,8.0
2014-11-06 10:00:00,174.15000125
2014-11-06 11:00:00,427.450015
2014-11-06 12:00:00,675.9000100000001
2014-11-06 13:00:00,884.67501
2014-11-06 14:00:00,1039.95
2014-11-06 15:00:00,1127.925025
2014-11-06 16:00:00,1136.275
2014-11-06 17:00:00,1068.525025
2014-11-06 18:00:00,933.5
2014-11-06 19:00:00,743.65002
2014-11-06 20:00:00,514.35
2014-11-06 21:00:00,203.0
2014-11-06 22:00:00,16.225
2014-11-06 23:00:00,0.0
2014-11-07 00:00:00,0.0
2014-11-07 01:00:00,0.0
2014-11-07 02:00:00,0.0
2014-11-07 03:00:00,0.0
2014-11-07 04:00:00,0.0
2014-11-07 05:00:00,0.0
2014-11-07 06:00:00,0.0
2014-11-07 07:00:00,0.0
2014-11-07 08:00:00,0.0
2014-11-07 09:00:00,7.25
2014-11-07 10:00:00,175.075
2014-11-07 11:00:00,426.850005
2014-11-07 12:00:00,624.5500099999999
2014-11-07 13:00:00,830.40001
2014-11-07 14:00:00,980.975
2014-11-07 15:00:00,935.425025
2014-11-07 16:00:00,772.07501
2014-11-07 17:00:00,813.05
2014-11-07 18:00:00,500.175
2014-11-07 19:00:00,306.750005
2014-11-07 20:00:00,233.8750025
2014-11-07 21:00:00,66.20000125
2014-11-07 22:00:00,0.0
2014-11-07 23:00:00,0.0
2014-11-08 00:00:00,0.0
2014-11-08 01:00:00,0.0
2014-11-08 02:00:00,0.0
2014-11-08 03:00:00,0.0
2014-11-08 04:00:00,0.0
2014-11-08 05:00:00,0.0
2014-11-08 06:00:00,0.0
2014-11-08 07:00:00,0.0
2014-11-08 08:00:00,0.0
2014-11-08 09:00:00,8.125
2014-11-08 10:00:00,125.7250025
2014-11-08 11:00:00,343.375
2014-11-08 12:00:00,594.35
2014-11-08 13:00:00,830.9
2014-11-08 14:00:00,1024.1
2014-11-08 15:00:00,1110.225
2014-11-08 16:00:00,1121.7333666666666
2014-11-08 17:00:00,1059.475025
2014-11-08 18:00:00,930.77502
2014-11-08 19:00:00,745.07501
2014-11-08 20:00:00,518.175
2014-11-08 21:00:00,130.30000025
2014-11-08 22:00:00,0.0
2014-11-08 23:00:00,0.0
2014-11-09 00:00:00,0.0
2014-11-09 01:00:00,0.0
2014-11-09 02:00:00,0.0
2014-11-09 03:00:00,0.0
2014-11-09 04:00:00,0.0
2014-11-09 05:00:00,0.0
2014-11-09 06:00:00,0.0
2014-11-09 07:00:00,0.0
2014-11-09 08:00:00,0.0
2014-11-09 09:00:00,9.25
2014-11-09 10:00:00,178.9
2014-11-09 11:00:00,428.45000500000003
2014-11-09 12:00:00,669.72501
2014-11-09 13:00:00,873.15
2014-11-09 14:00:00,1023.00001
2014-11-09 15:00:00,1108.15005
2014-11-09 16:00:00,1120.85
2014-11-09 17:00:00,968.62502
2014-11-09 18:00:00,773.7
2014-11-09 19:00:00,530.225
2014-11-09 20:00:00,337.050005
2014-11-09 21:00:00,149.6250025
2014-11-09 22:00:00,38.525000500000004
2014-11-09 23:00:00,0.0
2014-11-10 00:00:00,0.0
2014-11-10 01:00:00,0.0
2014-11-10 02:00:00,0.0
2014-11-10 03:00:00,0.0
2014-11-10 04:00:00,0.0
2014-11-10 05:00:00,0.0
2014-11-10 06:00:00,0.0
2014-11-10 07:00:00,0.0
2014-11-10 08:00:00,0.0
2014-11-10 09:00:00,9.049999999999999
2014-11-10 10:00:00,173.72500375
2014-11-10 11:00:00,422.275005
2014-11-10 12:00:00,677.0333333333333
2014-11-10 13:00:00,872.95001
2014-11-10 14:00:00,1022.7
2014-11-10 15:00:00,1098.50005
2014-11-10 16:00:00,1109.85
2014-11-10 17:00:00,1048.050025
2014-11-10 18:00:00,829.17502
2014-11-10 19:00:00,478.22499999999997
2014-11-10 20:00:00,198.4
2014-11-10 21:00:00,25.575000250000002
2014-11-10 22:00:00,3.7
2014-11-10 23:00:00,0.0
2014-11-11 00:00:00,0.0
2014-11-11 01:00:00,0.0
2014-11-11 02:00:00,0.0
2014-11-11 03:00:00,0.0
2014-11-11 04:00:00,0.0
2014-11-11 05:00:00,0.0
2014-11-11 06:00:00,0.0
2014-11-11 07:00:00,0.0
2014-11-11 08:00:00,0.0
2014-11-11 09:00:00,10.225000525
2014-11-11 10:00:00,181.475
2014-11-11 11:00:00,431.8
2014-11-11 12:00:00,657.925
2014-11-11 13:00:00,801.7
2014-11-11 14:00:00,784.05002
2014-11-11 15:00:00,963.0
2014-11-11 16:00:00,1000.9499999999999
2014-11-11 17:00:00,982.9
2014-11-11 18:00:00,696.67501
2014-11-11 19:00:00,483.625
2014-11-11 20:00:00,257.375005
2014-11-11 21:00:00,73.15000025
2014-11-11 22:00:00,3.8
2014-11-11 23:00:00,0.0
2014-11-12 00:00:00,0.0
2014-11-12 01:00:00,0.0
2014-11-12 02:00:00,0.0
2014-11-12 03:00:00,0.0
2014-11-12 04:00:00,0.0
2014-11-12 05:00:00,0.0
2014-11-12 06:00:00,0.0
2014-11-12 07:00:00,0.0
2014-11-12 08:00:00,0.0
2014-11-12 09:00:00,10.2
2014-11-12 10:00:00,163.4
2014-11-12 11:00:00,414.400005
2014-11-12 12:00:00,548.17502
2014-11-12 13:00:00,598.07501
2014-11-12 14:00:00,737.0
2014-11-12 15:00:00,898.425
2014-11-12 16:00:00,955.775
2014-11-12 17:00:00,797.4000100000001
2014-11-12 18:00:00,505.100005
2014-11-12 19:00:00,320.65
2014-11-12 20:00:00,195.750005
2014-11-12 21:00:00,113.3000025
2014-11-12 22:00:00,0.075
2014-11-12 23:00:00,0.0
2014-11-13 00:00:00,0.0
2014-11-13 01:00:00,0.0
2014-11-13 02:00:00,0.0
2014-11-13 03:00:00,0.0
2014-11-13 04:00:00,0.0
2014-11-13 05:00:00,0.0
2014-11-13 06:00:00,0.0
2014-11-13 07:00:00,0.0
2014-11-13 08:00:00,0.0
2014-11-13 09:00:00,11.275
2014-11-13 10:00:00,137.57500375
2014-11-13 11:00:00,273.85
2014-11-13 12:00:00,440.87501
2014-11-13 13:00:00,599.875
2014-11-13 14:00:00,695.4000100000001
2014-11-13 15:00:00,767.025
2014-11-13 16:00:00,688.60002
2014-11-13 17:00:00,673.80001
2014-11-13 18:00:00,550.27502
2014-11-13 19:00:00,400.95
2014-11-13 20:00:00,70.65000025
2014-11-13 21:00:00,0.0
2014-11-13 22:00:00,12.72500025
2014-11-13 23:00:00,0.0
2014-11-14 00:00:00,0.0
2014-11-14 01:00:00,0.0
2014-11-14 02:00:00,0.0
2014-11-14 03:00:00,0.0
2014-11-14 04:00:00,0.0
2014-11-14 05:00:00,0.0
2014-11-14 06:00:00,0.0
2014-11-14 07:00:00,0.0
2014-11-14 08:00:00,0.0
2014-11-14 09:00:00,12.45
2014-11-14 10:00:00,192.15000125
2014-11-14 11:00:00,445.6
2014-11-14 12:00:00,679.12502
2014-11-14 13:00:00,886.32501
2014-11-14 14:00:00,1039.250025
2014-11-14 15:00:00,1122.15
2014-11-14 16:00:00,1134.200025
2014-11-14 17:00:00,1072.175
2014-11-14 18:00:00,936.07502
2014-11-14 19:00:00,748.32502
2014-11-14 20:00:00,518.6
2014-11-14 21:00:00,264.6250025
2014-11-14 22:00:00,49.7
2014-11-14 23:00:00,0.0
2014-11-15 00:00:00,0.0
2014-11-15 01:00:00,0.0
2014-11-15 02:00:00,0.0
2014-11-15 03:00:00,0.0
2014-11-15 04:00:00,0.0
2014-11-15 05:00:00,0.0
2014-11-15 06:00:00,0.0
2014-11-15 07:00:00,0.0
2014-11-15 08:00:00,0.0
2014-11-15 09:00:00,11.575000000000001
2014-11-15 10:00:00,182.70000375
2014-11-15 11:00:00,434.475
2014-11-15 12:00:00,690.92501
2014-11-15 13:00:00,897.67501
2014-11-15 14:00:00,1050.6
2014-11-15 15:00:00,1138.000025
2014-11-15 16:00:00,1151.75
2014-11-15 17:00:00,1091.17505
2014-11-15 18:00:00,961.975
2014-11-15 19:00:00,773.70001
2014-11-15 20:00:00,536.9000100000001
2014-11-15 21:00:00,293.95
2014-11-15 22:00:00,34.9750025
2014-11-15 23:00:00,0.0
2014-11-16 00:00:00,0.0
2014-11-16 01:00:00,0.0
2014-11-16 02:00:00,0.0
2014-11-16 03:00:00,0.0
2014-11-16 04:00:00,0.0
2014-11-16 05:00:00,0.0
2014-11-16 06:00:00,0.0
2014-11-16 07:00:00,0.0
2014-11-16 08:00:00,0.0
2014-11-16 09:00:00,12.650000075
2014-11-16 10:00:00,187.025
2014-11-16 11:00:00,436.000015
2014-11-16 12:00:00,685.4
2014-11-16 13:00:00,889.75001
2014-11-16 14:00:00,1041.950025
2014-11-16 15:00:00,1120.75
2014-11-16 16:00:00,1131.075
2014-11-16 17:00:00,1083.975025
2014-11-16 18:00:00,955.32501
2014-11-16 19:00:00,764.75002
2014-11-16 20:00:00,397.45
2014-11-16 21:00:00,181.27500125
2014-11-16 22:00:00,4.5
2014-11-16 23:00:00,0.0
2014-11-17 00:00:00,0.0
2014-11-17 01:00:00,0.0
2014-11-17 02:00:00,0.0
2014-11-17 03:00:00,0.0
2014-11-17 04:00:00,0.0
2014-11-17 05:00:00,0.0
2014-11-17 06:00:00,0.0
2014-11-17 07:00:00,0.0
2014-11-17 08:00:00,0.0
2014-11-17 09:00:00,16.933333333333334
2014-11-17 10:00:00,195.16666666666666
2014-11-17 11:00:00,442.46666666666664
2014-11-17 12:00:00,687.5000133333333
2014-11-17 13:00:00,888.9333333333334
2014-11-17 14:00:00,1036.7333333333333
2014-11-17 15:00:00,1118.2333666666666
2014-11-17 16:00:00,1129.7
2014-11-17 17:00:00,1059.6667
2014-11-17 18:00:00,631.6333333333333
2014-11-17 19:00:00,353.8
2014-11-17 20:00:00,224.56667000000002
2014-11-17 21:00:00,103.96667000000001
2014-11-17 22:00:00,27.23333333333333
2014-11-17 23:00:00,0.0
2014-11-18 00:00:00,0.0
2014-11-18 01:00:00,0.0
2014-11-18 02:00:00,0.0
2014-11-18 03:00:00,0.0
2014-11-18 04:00:00,0.0
2014-11-18 05:00:00,0.0
2014-11-18 06:00:00,0.0
2014-11-18 07:00:00,0.0
2014-11-18 08:00:00,0.0
2014-11-18 09:00:00,11.85
2014-11-18 10:00:00,178.55
2014-11-18 11:00:00,427.45000500000003
2014-11-18 12:00:00,682.2249999999999
2014-11-18 13:00:00,887.8
2014-11-18 14:00:00,1040.1500350000001
2014-11-18 15:00:00,1109.625
2014-11-18 16:00:00,1048.550035
2014-11-18 17:00:00,502.325
2014-11-18 18:00:00,414.95
2014-11-18 19:00:00,284.500005
2014-11-18 20:00:00,162.625
2014-11-18 21:00:00,23.47500075
2014-11-18 22:00:00,0.0
2014-11-18 23:00:00,0.0
2014-11-19 00:00:00,0.0
2014-11-19 01:00:00,0.0
2014-11-19 02:00:00,0.0
2014-11-19 03:00:00,0.0
2014-11-19 04:00:00,0.0
2014-11-19 05:00:00,0.0
2014-11-19 06:00:00,0.0
2014-11-19 07:00:00,0.0
2014-11-19 08:00:00,0.0
2014-11-19 09:00:00,14.125
2014-11-19 10:00:00,193.15000500000002
2014-11-19 11:00:00,444.825
2014-11-19 12:00:00,686.75001
2014-11-19 13:00:00,892.72502
2014-11-19 14:00:00,1045.175
2014-11-19 15:00:00,1131.9333333333334
2014-11-19 16:00:00,1146.450025
2014-11-19 17:00:00,1087.82505
2014-11-19 18:00:00,948.45
2014-11-19 19:00:00,760.325
2014-11-19 20:00:00,530.625005
2014-11-19 21:00:00,231.25000500000002
2014-11-19 22:00:00,0.025
2014-11-19 23:00:00,0.0
2014-11-20 00:00:00,0.0
2014-11-20 01:00:00,0.0
2014-11-20 02:00:00,0.0
2014-11-20 03:00:00,0.0
2014-11-20 04:00:00,0.0
2014-11-20 05:00:00,0.0
2014-11-20 06:00:00,0.0
2014-11-20 07:00:00,0.0
2014-11-20 08:00:00,0.0
2014-11-20 09:00:00,13.85
2014-11-20 10:00:00,152.125
2014-11-20 11:00:00,340.625
2014-11-20 12:00:00,526.62502
2014-11-20 13:00:00,742.45001
2014-11-20 14:00:00,881.8000099999999
2014-11-20 15:00:00,1004.9333333333334
2014-11-20 16:00:00,1045.300025
2014-11-20 17:00:00,787.07501
2014-11-20 18:00:00,477.7
2014-11-20 19:00:00,395.45000500000003
2014-11-20 20:00:00,238.65000500000002
2014-11-20 21:00:00,88.825
2014-11-20 22:00:00,5.87500001
2014-11-20 23:00:00,0.0
2014-11-21 00:00:00,0.0
2014-11-21 01:00:00,0.0
2014-11-21 02:00:00,0.0
2014-11-21 03:00:00,0.0
2014-11-21 04:00:00,0.0
2014-11-21 05:00:00,0.0
2014-11-21 06:00:00,0.0
2014-11-21 07:00:00,0.0
2014-11-21 08:00:00,0.0
2014-11-21 09:00:00,14.175000500000001
2014-11-21 10:00:00,164.05000125
2014-11-21 11:00:00,350.90000000000003
2014-11-21 12:00:00,640.35
2014-11-21 13:00:00,870.42502
2014-11-21 14:00:00,1021.1750099999999
2014-11-21 15:00:00,1099.325
2014-11-21 16:00:00,1114.2
2014-11-21 17:00:00,1058.175
2014-11-21 18:00:00,896.625
2014-11-21 19:00:00,579.775005
2014-11-21 20:00:00,374.925
2014-11-21 21:00:00,113.62500250000001
2014-11-21 22:00:00,12.274999999999999
2014-11-21 23:00:00,0.0
2014-11-22 00:00:00,0.0
2014-11-22 01:00:00,0.0
2014-11-22 02:00:00,0.0
2014-11-22 03:00:00,0.0
2014-11-22 04:00:00,0.0
2014-11-22 05:00:00,0.0
2014-11-22 06:00:00,0.0
2014-11-22 07:00:00,0.0
2014-11-22 08:00:00,0.0
2014-11-22 09:00:00,12.875
2014-11-22 10:00:00,108.60000550000001
2014-11-22 11:00:00,275.57500500000003
2014-11-22 12:00:00,456.75
2014-11-22 13:00:00,647.8500200000001
2014-11-22 14:00:00,920.750025
2014-11-22 15:00:00,1065.975
2014-11-22 16:00:00,1146.425
2014-11-22 17:00:00,1086.95005
2014-11-22 18:00:00,870.775
2014-11-22 19:00:00,537.325015
2014-11-22 20:00:00,362.20000500000003
2014-11-22 21:00:00,172.1500025
2014-11-22 22:00:00,56.850003
2014-11-22 23:00:00,0.0
2014-11-23 00:00:00,0.0
2014-11-23 01:00:00,0.0
2014-11-23 02:00:00,0.0
2014-11-23 03:00:00,0.0
2014-11-23 04:00:00,0.0
2014-11-23 05:00:00,0.0
2014-11-23 06:00:00,0.0
2014-11-23 07:00:00,0.0
2014-11-23 08:00:00,0.0
2014-11-23 09:00:00,16.3000005
2014-11-23 10:00:00,201.175005
2014-11-23 11:00:00,451.85001
2014-11-23 12:00:00,678.225
2014-11-23 13:00:00,882.95001
2014-11-23 14:00:00,1034.75
2014-11-23 15:00:00,1116.075025
2014-11-23 16:00:00,1132.525
2014-11-23 17:00:00,1075.7250250000002
2014-11-23 18:00:00,938.17501
2014-11-23 19:00:00,729.85001
2014-11-23 20:00:00,327.29999999999995
2014-11-23 21:00:00,175.8000025
2014-11-23 22:00:00,50.07500125
2014-11-23 23:00:00,0.0
2014-11-24 00:00:00,0.0
2014-11-24 01:00:00,0.0
2014-11-24 02:00:00,0.0
2014-11-24 03:00:00,0.0
2014-11-24 04:00:00,0.0
2014-11-24 05:00:00,0.0
2014-11-24 06:00:00,0.0
2014-11-24 07:00:00,0.0
2014-11-24 08:00:00,0.0
2014-11-24 09:00:00,15.80000025
2014-11-24 10:00:00,198.825
2014-11-24 11:00:00,451.95
2014-11-24 12:00:00,698.62501
2014-11-24 13:00:00,906.42502
2014-11-24 14:00:00,1061.250025
2014-11-24 15:00:00,1148.65
2014-11-24 16:00:00,1164.175
2014-11-24 17:00:00,1105.450025
2014-11-24 18:00:00,977.2
2014-11-24 19:00:00,792.375
2014-11-24 20:00:00,563.325
2014-11-24 21:00:00,194.15000375
2014-11-24 22:00:00,66.14999999999999
2014-11-24 23:00:00,0.0
2014-11-25 00:00:00,0.0
2014-11-25 01:00:00,0.0
2014-11-25 02:00:00,0.0
2014-11-25 03:00:00,0.0
2014-11-25 04:00:00,0.0
2014-11-25 05:00:00,0.0
2014-11-25 06:00:00,0.0
2014-11-25 07:00:00,0.0
2014-11-25 08:00:00,0.0
2014-11-25 09:00:00,16.3000005
2014-11-25 10:00:00,117.20000375000001
2014-11-25 11:00:00,370.750005
2014-11-25 12:00:00,561.475005
2014-11-25 13:00:00,694.62501
2014-11-25 14:00:00,834.8249999999999
2014-11-25 15:00:00,816.225
2014-11-25 16:00:00,957.225025
2014-11-25 17:00:00,653.9
2014-11-25 18:00:00,523.47501
2014-11-25 19:00:00,358.6
2014-11-25 20:00:00,206.25
2014-11-25 21:00:00,108.1000025
2014-11-25 22:00:00,1.475
2014-11-25 23:00:00,0.0
2014-11-26 00:00:00,0.0
2014-11-26 01:00:00,0.0
2014-11-26 02:00:00,0.0
2014-11-26 03:00:00,0.0
2014-11-26 04:00:00,0.0
2014-11-26 05:00:00,0.0
2014-11-26 06:00:00,0.0
2014-11-26 07:00:00,0.0
2014-11-26 08:00:00,0.0
2014-11-26 09:00:00,14.725
2014-11-26 10:00:00,149.175
2014-11-26 11:00:00,317.07500500000003
2014-11-26 12:00:00,423.10001
2014-11-26 13:00:00,669.52502
2014-11-26 14:00:00,752.07501
2014-11-26 15:00:00,921.90002
2014-11-26 16:00:00,1095.65
2014-11-26 17:00:00,1012.95001
2014-11-26 18:00:00,888.32503
2014-11-26 19:00:00,620.12502
2014-11-26 20:00:00,314.6750025
2014-11-26 21:00:00,112.95000375000001
2014-11-26 22:00:00,19.10000015
2014-11-26 23:00:00,0.0
2014-11-27 00:00:00,0.0
2014-11-27 01:00:00,0.0
2014-11-27 02:00:00,0.0
2014-11-27 03:00:00,0.0
2014-11-27 04:00:00,0.0
2014-11-27 05:00:00,0.0
2014-11-27 06:00:00,0.0
2014-11-27 07:00:00,0.0
2014-11-27 08:00:00,0.0
2014-11-27 09:00:00,15.72500025
2014-11-27 10:00:00,193.200005
2014-11-27 11:00:00,439.625005
2014-11-27 12:00:00,638.225
2014-11-27 13:00:00,850.12501
2014-11-27 14:00:00,1019.375035
2014-11-27 15:00:00,1095.525025
2014-11-27 16:00:00,1124.725025
2014-11-27 17:00:00,1038.925035
2014-11-27 18:00:00,932.10001
2014-11-27 19:00:00,741.30001
2014-11-27 20:00:00,375.30001
2014-11-27 21:00:00,164.8750025
2014-11-27 22:00:00,31.5
2014-11-27 23:00:00,0.0
2014-11-28 00:00:00,0.0
2014-11-28 01:00:00,0.0
2014-11-28 02:00:00,0.0
2014-11-28 03:00:00,0.0
2014-11-28 04:00:00,0.0
2014-11-28 05:00:00,0.0
2014-11-28 06:00:00,0.0
2014-11-28 07:00:00,0.0
2014-11-28 08:00:00,0.0
2014-11-28 09:00:00,13.1
2014-11-28 10:00:00,177.30000125
2014-11-28 11:00:00,402.775
2014-11-28 12:00:00,682.5250100000001
2014-11-28 13:00:00,888.00002
2014-11-28 14:00:00,1024.600035
2014-11-28 15:00:00,1132.5
2014-11-28 16:00:00,1149.8249999999998
2014-11-28 17:00:00,1092.850025
2014-11-28 18:00:00,862.42502
2014-11-28 19:00:00,674.525
2014-11-28 20:00:00,351.35
2014-11-28 21:00:00,47.3
2014-11-28 22:00:00,19.25
2014-11-28 23:00:00,0.0
2014-11-29 00:00:00,0.0
2014-11-29 01:00:00,0.0
2014-11-29 02:00:00,0.0
2014-11-29 03:00:00,0.0
2014-11-29 04:00:00,0.0
2014-11-29 05:00:00,0.0
2014-11-29 06:00:00,0.0
2014-11-29 07:00:00,0.0
2014-11-29 08:00:00,0.0
2014-11-29 09:00:00,15.625
2014-11-29 10:00:00,193.5250025
2014-11-29 11:00:00,443.350005
2014-11-29 12:00:00,695.95001
2014-11-29 13:00:00,904.225
2014-11-29 14:00:00,1059.625
2014-11-29 15:00:00,1146.525025
2014-11-29 16:00:00,1159.300025
2014-11-29 17:00:00,1102.125
2014-11-29 18:00:00,977.77501
2014-11-29 19:00:00,797.4749999999999
2014-11-29 20:00:00,575.875005
2014-11-29 21:00:00,330.725005
2014-11-29 22:00:00,93.925003
2014-11-29 23:00:00,0.0
2014-11-30 00:00:00,0.0
2014-11-30 01:00:00,0.0
2014-11-30 02:00:00,0.0
2014-11-30 03:00:00,0.0
2014-11-30 04:00:00,0.0
2014-11-30 05:00:00,0.0
2014-11-30 06:00:00,0.0
2014-11-30 07:00:00,0.0
2014-11-30 08:00:00,0.0
2014-11-30 09:00:00,16.825
2014-11-30 10:00:00,154.850005
2014-11-30 11:00:00,291.0000025
2014-11-30 12:00:00,435.675005
2014-11-30 13:00:00,533.4333466666667
2014-11-30 14:00:00,664.9000100000001
2014-11-30 15:00:00,792.8499999999999
2014-11-30 16:00:00,949.45
2014-11-30 17:00:00,859.22501
2014-11-30 18:00:00,726.9000100000001
2014-11-30 19:00:00,500.5
2014-11-30 20:00:00,257.275
2014-11-30 21:00:00,71.3500025
2014-11-30 22:00:00,2.9
2014-11-30 23:00:00,0.0
2014-12-01 00:00:00,0.0
2014-12-01 01:00:00,0.0
2014-12-01 02:00:00,0.0
2014-12-01 03:00:00,0.0
2014-12-01 04:00:00,0.0
2014-12-01 05:00:00,0.0
2014-12-01 06:00:00,0.0
2014-12-01 07:00:00,0.0
2014-12-01 08:00:00,0.0
2014-12-01 09:00:00,15.250000750000002
2014-12-01 10:00:00,133.7
2014-12-01 11:00:00,297.100005
2014-12-01 12:00:00,463.475005
2014-12-01 13:00:00,629.925
2014-12-01 14:00:00,735.5500099999999
2014-12-01 15:00:00,906.65
2014-12-01 16:00:00,896.275
2014-12-01 17:00:00,765.17502
2014-12-01 18:00:00,583.9
2014-12-01 19:00:00,388.55001000000004
2014-12-01 20:00:00,188.5
2014-12-01 21:00:00,101.77500125
2014-12-01 22:00:00,32.2
2014-12-01 23:00:00,0.0
2014-12-02 00:00:00,0.0
2014-12-02 01:00:00,0.0
2014-12-02 02:00:00,0.0
2014-12-02 03:00:00,0.0
2014-12-02 04:00:00,0.0
2014-12-02 05:00:00,0.0
2014-12-02 06:00:00,0.0
2014-12-02 07:00:00,0.0
2014-12-02 08:00:00,0.0
2014-12-02 09:00:00,
2014-12-02 10:00:00,
2014-12-02 11:00:00,
2014-12-02 12:00:00,
2014-12-02 13:00:00,
2014-12-02 14:00:00,
2014-12-02 15:00:00,
2014-12-02 16:00:00,
2014-12-02 17:00:00,
2014-12-02 18:00:00,
2014-12-02 19:00:00,
2014-12-02 20:00:00,
2014-12-02 21:00:00,
2014-12-02 22:00:00,
2014-12-02 23:00:00,
2014-12-03 00:00:00,
2014-12-03 01:00:00,
2014-12-03 02:00:00,
2014-12-03 03:00:00,
2014-12-03 04:00:00,
2014-12-03 05:00:00,
2014-12-03 06:00:00,
2014-12-03 07:00:00,0.0
2014-12-03 08:00:00,0.0
2014-12-03 09:00:00,16.875
2014-12-03 10:00:00,201.975
2014-12-03 11:00:00,454.100005
2014-12-03 12:00:00,644.55
2014-12-03 13:00:00,
2014-12-03 14:00:00,1114.5
2014-12-03 15:00:00,1160.775
2014-12-03 16:00:00,1182.1000333333334
2014-12-03 17:00:00,
2014-12-03 18:00:00,937.5
2014-12-03 19:00:00,815.35001
2014-12-03 20:00:00,591.0999999999999
2014-12-03 21:00:00,343.400005
2014-12-03 22:00:00,104.32500250000001
2014-12-03 23:00:00,0.0
2014-12-04 00:00:00,0.0
2014-12-04 01:00:00,0.0
2014-12-04 02:00:00,0.0
2014-12-04 03:00:00,0.0
2014-12-04 04:00:00,0.0
2014-12-04 05:00:00,0.0
2014-12-04 06:00:00,0.0
2014-12-04 07:00:00,0.0
2014-12-04 08:00:00,0.0
2014-12-04 09:00:00,14.6
2014-12-04 10:00:00,188.47500250000002
2014-12-04 11:00:00,438.65001
2014-12-04 12:00:00,695.95
2014-12-04 13:00:00,903.37501
2014-12-04 14:00:00,1053.2667133333334
2014-12-04 15:00:00,1151.775025
2014-12-04 16:00:00,1171.7
2014-12-04 17:00:00,1118.400025
2014-12-04 18:00:00,995.7000350000001
2014-12-04 19:00:00,817.15003
2014-12-04 20:00:00,594.25
2014-12-04 21:00:00,339.42501500000003
2014-12-04 22:00:00,101.0250025
2014-12-04 23:00:00,0.0
2014-12-05 00:00:00,0.0
2014-12-05 01:00:00,0.0
2014-12-05 02:00:00,0.0
2014-12-05 03:00:00,0.0
2014-12-05 04:00:00,0.0
2014-12-05 05:00:00,0.0
2014-12-05 06:00:00,0.0
2014-12-05 07:00:00,0.0
2014-12-05 08:00:00,0.0
2014-12-05 09:00:00,13.300000500000001
2014-12-05 10:00:00,177.6
2014-12-05 11:00:00,422.725015
2014-12-05 12:00:00,671.42501
2014-12-05 13:00:00,878.47501
2014-12-05 14:00:00,1034.25
2014-12-05 15:00:00,1126.17505
2014-12-05 16:00:00,1146.625
2014-12-05 17:00:00,1095.400025
2014-12-05 18:00:00,971.225025
2014-12-05 19:00:00,793.5
2014-12-05 20:00:00,570.57501
2014-12-05 21:00:00,278.95000500000003
2014-12-05 22:00:00,79.92500025
2014-12-05 23:00:00,0.0
2014-12-06 00:00:00,0.0
2014-12-06 01:00:00,0.0
2014-12-06 02:00:00,0.0
2014-12-06 03:00:00,0.0
2014-12-06 04:00:00,0.0
2014-12-06 05:00:00,0.0
2014-12-06 06:00:00,0.0
2014-12-06 07:00:00,0.0
2014-12-06 08:00:00,0.0
2014-12-06 09:00:00,12.150000075
2014-12-06 10:00:00,169.225
2014-12-06 11:00:00,411.2
2014-12-06 12:00:00,660.9250099999999
2014-12-06 13:00:00,845.0666933333333
2014-12-06 14:00:00,1022.5250249999999
2014-12-06 15:00:00,1116.9
2014-12-06 16:00:00,1137.10005
2014-12-06 17:00:00,1085.125025
2014-12-06 18:00:00,970.325025
2014-12-06 19:00:00,791.60001
2014-12-06 20:00:00,554.725
2014-12-06 21:00:00,219.9250025
2014-12-06 22:00:00,105.05
2014-12-06 23:00:00,0.0
2014-12-07 00:00:00,0.0
2014-12-07 01:00:00,0.0
2014-12-07 02:00:00,0.0
2014-12-07 03:00:00,0.0
2014-12-07 04:00:00,0.0
2014-12-07 05:00:00,0.0
2014-12-07 06:00:00,0.0
2014-12-07 07:00:00,0.0
2014-12-07 08:00:00,0.0
2014-12-07 09:00:00,15.200000500000002
2014-12-07 10:00:00,190.47500125
2014-12-07 11:00:00,434.175005
2014-12-07 12:00:00,660.52502
2014-12-07 13:00:00,864.375
2014-12-07 14:00:00,1018.3000099999999
2014-12-07 15:00:00,1103.9333333333334
2014-12-07 16:00:00,1056.35
2014-12-07 17:00:00,954.9749999999999
2014-12-07 18:00:00,610.175
2014-12-07 19:00:00,307.70000500000003
2014-12-07 20:00:00,179.8
2014-12-07 21:00:00,13.7750005
2014-12-07 22:00:00,0.0
2014-12-07 23:00:00,0.0
2014-12-08 00:00:00,
2014-12-08 01:00:00,
2014-12-08 02:00:00,
2014-12-08 03:00:00,
2014-12-08 04:00:00,
2014-12-08 05:00:00,
2014-12-08 06:00:00,
2014-12-08 07:00:00,
2014-12-08 08:00:00,0.0
2014-12-08 09:00:00,7.85
2014-12-08 10:00:00,136.7500025
2014-12-08 11:00:00,311.45
2014-12-08 12:00:00,474.15
2014-12-08 13:00:00,634.475
2014-12-08 14:00:00,623.95
2014-12-08 15:00:00,662.32502
2014-12-08 16:00:00,687.82501
2014-12-08 17:00:00,618.75001
2014-12-08 18:00:00,780.8
2014-12-08 19:00:00,546.775
2014-12-08 20:00:00,465.175005
2014-12-08 21:00:00,233.22500250000002
2014-12-08 22:00:00,23.6
2014-12-08 23:00:00,0.0
2014-12-09 00:00:00,0.0
2014-12-09 01:00:00,0.0
2014-12-09 02:00:00,0.0
2014-12-09 03:00:00,0.0
2014-12-09 04:00:00,0.0
2014-12-09 05:00:00,0.0
2014-12-09 06:00:00,0.0
2014-12-09 07:00:00,0.0
2014-12-09 08:00:00,0.0
2014-12-09 09:00:00,11.500000074999999
2014-12-09 10:00:00,167.400005
2014-12-09 11:00:00,407.9
2014-12-09 12:00:00,639.75
2014-12-09 13:00:00,846.17501
2014-12-09 14:00:00,1002.22501
2014-12-09 15:00:00,1090.475025
2014-12-09 16:00:00,1111.475
2014-12-09 17:00:00,1061.0
2014-12-09 18:00:00,871.80001
2014-12-09 19:00:00,611.1500100000001
2014-12-09 20:00:00,472.27500499999996
2014-12-09 21:00:00,283.82500500000003
2014-12-09 22:00:00,77.075
2014-12-09 23:00:00,0.0
2014-12-10 00:00:00,0.0
2014-12-10 01:00:00,0.0
2014-12-10 02:00:00,0.0
2014-12-10 03:00:00,0.0
2014-12-10 04:00:00,0.0
2014-12-10 05:00:00,0.0
2014-12-10 06:00:00,0.0
2014-12-10 07:00:00,0.0
2014-12-10 08:00:00,0.0
2014-12-10 09:00:00,11.45
2014-12-10 10:00:00,167.55000125
2014-12-10 11:00:00,406.40000499999996
2014-12-10 12:00:00,560.32501
2014-12-10 13:00:00,688.2750100000001
2014-12-10 14:00:00,688.47501
2014-12-10 15:00:00,942.375
2014-12-10 16:00:00,1068.40005
2014-12-10 17:00:00,993.2
2014-12-10 18:00:00,701.1500100000001
2014-12-10 19:00:00,459.29999999999995
2014-12-10 20:00:00,227.700005
2014-12-10 21:00:00,66.12500275000001
2014-12-10 22:00:00,19.025
2014-12-10 23:00:00,0.1
2014-12-11 00:00:00,0.0
2014-12-11 01:00:00,0.0
2014-12-11 02:00:00,0.0
2014-12-11 03:00:00,0.0
2014-12-11 04:00:00,0.0
2014-12-11 05:00:00,0.0
2014-12-11 06:00:00,0.0
2014-12-11 07:00:00,0.0
2014-12-11 08:00:00,0.0
2014-12-11 09:00:00,13.5250005
2014-12-11 10:00:00,183.3
2014-12-11 11:00:00,374.825
2014-12-11 12:00:00,662.35
2014-12-11 13:00:00,854.55002
2014-12-11 14:00:00,911.45
2014-12-11 15:00:00,941.72501
2014-12-11 16:00:00,825.90002
2014-12-11 17:00:00,723.80002
2014-12-11 18:00:00,476.45
2014-12-11 19:00:00,331.725
2014-12-11 20:00:00,112.64999999999999
2014-12-11 21:00:00,18.025
2014-12-11 22:00:00,11.899999999999999
2014-12-11 23:00:00,0.375
2014-12-12 00:00:00,0.0
2014-12-12 01:00:00,0.0
2014-12-12 02:00:00,0.0
2014-12-12 03:00:00,0.0
2014-12-12 04:00:00,0.0
2014-12-12 05:00:00,0.0
2014-12-12 06:00:00,0.0
2014-12-12 07:00:00,0.0
2014-12-12 08:00:00,0.0
2014-12-12 09:00:00,14.350000075
2014-12-12 10:00:00,169.25
2014-12-12 11:00:00,354.175005
2014-12-12 12:00:00,608.575005
2014-12-12 13:00:00,697.725
2014-12-12 14:00:00,781.95
2014-12-12 15:00:00,884.55
2014-12-12 16:00:00,1063.375
2014-12-12 17:00:00,922.00001
2014-12-12 18:00:00,799.12502
2014-12-12 19:00:00,467.525
2014-12-12 20:00:00,217.9750025
2014-12-12 21:00:00,66.975
2014-12-12 22:00:00,71.60000000000001
2014-12-12 23:00:00,0.575
2014-12-13 00:00:00,0.0
2014-12-13 01:00:00,0.0
2014-12-13 02:00:00,0.0
2014-12-13 03:00:00,0.0
2014-12-13 04:00:00,0.0
2014-12-13 05:00:00,0.0
2014-12-13 06:00:00,0.0
2014-12-13 07:00:00,0.0
2014-12-13 08:00:00,0.0
2014-12-13 09:00:00,4.65
2014-12-13 10:00:00,142.75
2014-12-13 11:00:00,339.975
2014-12-13 12:00:00,452.075
2014-12-13 13:00:00,620.4000100000001
2014-12-13 14:00:00,896.72501
2014-12-13 15:00:00,1014.9250099999999
2014-12-13 16:00:00,1070.55
2014-12-13 17:00:00,1042.07501
2014-12-13 18:00:00,903.0250100000001
2014-12-13 19:00:00,631.52501
2014-12-13 20:00:00,392.75
2014-12-13 21:00:00,213.8250025
2014-12-13 22:00:00,71.8
2014-12-13 23:00:00,0.675
2014-12-14 00:00:00,0.0
2014-12-14 01:00:00,0.0
2014-12-14 02:00:00,0.0
2014-12-14 03:00:00,0.0
2014-12-14 04:00:00,0.0
2014-12-14 05:00:00,0.0
2014-12-14 06:00:00,0.0
2014-12-14 07:00:00,0.0
2014-12-14 08:00:00,0.0
2014-12-14 09:00:00,3.35000025
2014-12-14 10:00:00,109.55000125
2014-12-14 11:00:00,262.100005
2014-12-14 12:00:00,357.8
2014-12-14 13:00:00,509.75
2014-12-14 14:00:00,607.4000100000001
2014-12-14 15:00:00,815.7250200000001
2014-12-14 16:00:00,913.300035
2014-12-14 17:00:00,789.1500100000001
2014-12-14 18:00:00,622.45003
2014-12-14 19:00:00,404.725
2014-12-14 20:00:00,212.95
2014-12-14 21:00:00,68.1250005
2014-12-14 22:00:00,39.80000025
2014-12-14 23:00:00,0.0
2014-12-15 00:00:00,0.0
2014-12-15 01:00:00,0.0
2014-12-15 02:00:00,0.0
2014-12-15 03:00:00,0.0
2014-12-15 04:00:00,0.0
2014-12-15 05:00:00,0.0
2014-12-15 06:00:00,0.0
2014-12-15 07:00:00,0.0
2014-12-15 08:00:00,0.0
2014-12-15 09:00:00,10.5250005
2014-12-15 10:00:00,125.32500300000001
2014-12-15 11:00:00,354.90001
2014-12-15 12:00:00,451.725005
2014-12-15 13:00:00,561.4000100000001
2014-12-15 14:00:00,571.07501
2014-12-15 15:00:00,528.97501
2014-12-15 16:00:00,491.15000499999996
2014-12-15 17:00:00,504.40000499999996
2014-12-15 18:00:00,469.525
2014-12-15 19:00:00,367.20000500000003
2014-12-15 20:00:00,239.0000025
2014-12-15 21:00:00,35.675
2014-12-15 22:00:00,0.0
2014-12-15 23:00:00,0.0
2014-12-16 00:00:00,0.0
2014-12-16 01:00:00,0.0
2014-12-16 02:00:00,0.0
2014-12-16 03:00:00,0.0
2014-12-16 04:00:00,0.0
2014-12-16 05:00:00,0.0
2014-12-16 06:00:00,0.0
2014-12-16 07:00:00,0.0
2014-12-16 08:00:00,0.0
2014-12-16 09:00:00,10.750000074999999
2014-12-16 10:00:00,153.92500125
2014-12-16 11:00:00,396.125005
2014-12-16 12:00:00,529.0
2014-12-16 13:00:00,847.80001
2014-12-16 14:00:00,1007.8499999999999
2014-12-16 15:00:00,1026.85
2014-12-16 16:00:00,969.775
2014-12-16 17:00:00,741.85001
2014-12-16 18:00:00,528.85001
2014-12-16 19:00:00,410.050005
2014-12-16 20:00:00,277.46667333333335
2014-12-16 21:00:00,101.0500025
2014-12-16 22:00:00,41.3500005
2014-12-16 23:00:00,1.6
2014-12-17 00:00:00,0.0
2014-12-17 01:00:00,0.0
2014-12-17 02:00:00,0.0
2014-12-17 03:00:00,0.0
2014-12-17 04:00:00,0.0
2014-12-17 05:00:00,0.0
2014-12-17 06:00:00,0.0
2014-12-17 07:00:00,0.0
2014-12-17 08:00:00,0.0
2014-12-17 09:00:00,11.9
2014-12-17 10:00:00,137.925
2014-12-17 11:00:00,369.85
2014-12-17 12:00:00,662.05
2014-12-17 13:00:00,868.72501
2014-12-17 14:00:00,1026.6
2014-12-17 15:00:00,1054.50005
2014-12-17 16:00:00,1081.05
2014-12-17 17:00:00,913.7000350000001
2014-12-17 18:00:00,773.12501
2014-12-17 19:00:00,616.925
2014-12-17 20:00:00,400.575
2014-12-17 21:00:00,183.70000125
2014-12-17 22:00:00,5.70000025
2014-12-17 23:00:00,2.175
2014-12-18 00:00:00,0.0
2014-12-18 01:00:00,0.0
2014-12-18 02:00:00,0.0
2014-12-18 03:00:00,0.0
2014-12-18 04:00:00,0.0
2014-12-18 05:00:00,0.0
2014-12-18 06:00:00,0.0
2014-12-18 07:00:00,0.0
2014-12-18 08:00:00,0.0
2014-12-18 09:00:00,8.0250005
2014-12-18 10:00:00,166.22500250000002
2014-12-18 11:00:00,421.87502500000005
2014-12-18 12:00:00,630.6
2014-12-18 13:00:00,803.0
2014-12-18 14:00:00,974.87501
2014-12-18 15:00:00,1038.72506
2014-12-18 16:00:00,820.25
2014-12-18 17:00:00,726.0999999999999
2014-12-18 18:00:00,578.85001
2014-12-18 19:00:00,421.800005
2014-12-18 20:00:00,235.60000250000002
2014-12-18 21:00:00,116.875
2014-12-18 22:00:00,36.775
2014-12-18 23:00:00,1.725
2014-12-19 00:00:00,0.0
2014-12-19 01:00:00,0.0
2014-12-19 02:00:00,0.0
2014-12-19 03:00:00,0.0
2014-12-19 04:00:00,0.0
2014-12-19 05:00:00,0.0
2014-12-19 06:00:00,0.0
2014-12-19 07:00:00,0.0
2014-12-19 08:00:00,0.0
2014-12-19 09:00:00,10.299999999999999
2014-12-19 10:00:00,174.7750025
2014-12-19 11:00:00,419.050005
2014-12-19 12:00:00,666.75002
2014-12-19 13:00:00,876.25001
2014-12-19 14:00:00,1036.525025
2014-12-19 15:00:00,1133.35
2014-12-19 16:00:00,1159.475025
2014-12-19 17:00:00,1113.125025
2014-12-19 18:00:00,997.525
2014-12-19 19:00:00,765.8
2014-12-19 20:00:00,527.025025
2014-12-19 21:00:00,350.40001
2014-12-19 22:00:00,33.175000000000004
2014-12-19 23:00:00,0.0
2014-12-20 00:00:00,0.0
2014-12-20 01:00:00,0.0
2014-12-20 02:00:00,0.0
2014-12-20 03:00:00,0.0
2014-12-20 04:00:00,0.0
2014-12-20 05:00:00,0.0
2014-12-20 06:00:00,0.0
2014-12-20 07:00:00,0.0
2014-12-20 08:00:00,0.0
2014-12-20 09:00:00,10.425000025
2014-12-20 10:00:00,179.15000250000003
2014-12-20 11:00:00,427.100005
2014-12-20 12:00:00,673.225
2014-12-20 13:00:00,888.1
2014-12-20 14:00:00,1054.20005
2014-12-20 15:00:00,1154.17505
2014-12-20 16:00:00,1179.650025
2014-12-20 17:00:00,1130.95
2014-12-20 18:00:00,1010.60001
2014-12-20 19:00:00,830.15
2014-12-20 20:00:00,530.600005
2014-12-20 21:00:00,357.325
2014-12-20 22:00:00,130.55000375
2014-12-20 23:00:00,0.0
2014-12-21 00:00:00,0.0
2014-12-21 01:00:00,0.0
2014-12-21 02:00:00,0.0
2014-12-21 03:00:00,0.0
2014-12-21 04:00:00,0.0
2014-12-21 05:00:00,0.0
2014-12-21 06:00:00,0.0
2014-12-21 07:00:00,0.0
2014-12-21 08:00:00,0.0
2014-12-21 09:00:00,9.825
2014-12-21 10:00:00,176.25
2014-12-21 11:00:00,422.42501500000003
2014-12-21 12:00:00,654.4
2014-12-21 13:00:00,868.02502
2014-12-21 14:00:00,1031.07501
2014-12-21 15:00:00,1123.10005
2014-12-21 16:00:00,1148.775025
2014-12-21 17:00:00,1051.85
2014-12-21 18:00:00,612.375005
2014-12-21 19:00:00,395.25001
2014-12-21 20:00:00,229.425
2014-12-21 21:00:00,67.65
2014-12-21 22:00:00,0.0
2014-12-21 23:00:00,2.425
2014-12-22 00:00:00,0.0
2014-12-22 01:00:00,0.0
2014-12-22 02:00:00,0.0
2014-12-22 03:00:00,0.0
2014-12-22 04:00:00,0.0
2014-12-22 05:00:00,0.0
2014-12-22 06:00:00,0.0
2014-12-22 07:00:00,0.0
2014-12-22 08:00:00,0.0
2014-12-22 09:00:00,9.075000500000002
2014-12-22 10:00:00,110.4000025
2014-12-22 11:00:00,280.35
2014-12-22 12:00:00,483.375
2014-12-22 13:00:00,621.825
2014-12-22 14:00:00,703.5
2014-12-22 15:00:00,772.82501
2014-12-22 16:00:00,906.8
2014-12-22 17:00:00,821.225
2014-12-22 18:00:00,580.1
2014-12-22 19:00:00,375.750005
2014-12-22 20:00:00,120.23333333333333
2014-12-22 21:00:00,44.8250005
2014-12-22 22:00:00,17.15
2014-12-22 23:00:00,2.95
2014-12-23 00:00:00,0.0
2014-12-23 01:00:00,0.0
2014-12-23 02:00:00,0.0
2014-12-23 03:00:00,0.0
2014-12-23 04:00:00,0.0
2014-12-23 05:00:00,0.0
2014-12-23 06:00:00,0.0
2014-12-23 07:00:00,0.0
2014-12-23 08:00:00,0.0
2014-12-23 09:00:00,8.725
2014-12-23 10:00:00,117.325005
2014-12-23 11:00:00,272.325
2014-12-23 12:00:00,541.00001
2014-12-23 13:00:00,748.775
2014-12-23 14:00:00,1032.02502
2014-12-23 15:00:00,1133.75
2014-12-23 16:00:00,1164.875025
2014-12-23 17:00:00,1124.000025
2014-12-23 18:00:00,939.425
2014-12-23 19:00:00,632.72501
2014-12-23 20:00:00,430.2
2014-12-23 21:00:00,121.4500025
2014-12-23 22:00:00,14.975
2014-12-23 23:00:00,2.97500025
2014-12-24 00:00:00,0.0
2014-12-24 01:00:00,0.0
2014-12-24 02:00:00,0.0
2014-12-24 03:00:00,0.0
2014-12-24 04:00:00,0.0
2014-12-24 05:00:00,0.0
2014-12-24 06:00:00,0.0
2014-12-24 07:00:00,0.0
2014-12-24 08:00:00,0.0
2014-12-24 09:00:00,7.6
2014-12-24 10:00:00,154.35
2014-12-24 11:00:00,337.225005
2014-12-24 12:00:00,530.00001
2014-12-24 13:00:00,875.95002
2014-12-24 14:00:00,1040.5250350000001
2014-12-24 15:00:00,1137.4499999999998
2014-12-24 16:00:00,1164.75
2014-12-24 17:00:00,1120.775025
2014-12-24 18:00:00,1000.55
2014-12-24 19:00:00,829.15001
2014-12-24 20:00:00,612.575
2014-12-24 21:00:00,370.05001
2014-12-24 22:00:00,132.325
2014-12-24 23:00:00,3.5
2014-12-25 00:00:00,0.0
2014-12-25 01:00:00,0.0
2014-12-25 02:00:00,0.0
2014-12-25 03:00:00,0.0
2014-12-25 04:00:00,0.0
2014-12-25 05:00:00,0.0
2014-12-25 06:00:00,0.0
2014-12-25 07:00:00,0.0
2014-12-25 08:00:00,0.0
2014-12-25 09:00:00,7.95000025
2014-12-25 10:00:00,167.67500875000002
2014-12-25 11:00:00,412.550005
2014-12-25 12:00:00,647.25
2014-12-25 13:00:00,860.0250100000001
2014-12-25 14:00:00,1024.925
2014-12-25 15:00:00,1125.925025
2014-12-25 16:00:00,1154.6
2014-12-25 17:00:00,1111.55
2014-12-25 18:00:00,958.8
2014-12-25 19:00:00,659.55
2014-12-25 20:00:00,402.775005
2014-12-25 21:00:00,198.12500625
2014-12-25 22:00:00,51.45000025
2014-12-25 23:00:00,3.65
2014-12-26 00:00:00,0.0
2014-12-26 01:00:00,0.0
2014-12-26 02:00:00,0.0
2014-12-26 03:00:00,0.0
2014-12-26 04:00:00,0.0
2014-12-26 05:00:00,0.0
2014-12-26 06:00:00,0.0
2014-12-26 07:00:00,0.0
2014-12-26 08:00:00,0.0
2014-12-26 09:00:00,7.15
2014-12-26 10:00:00,160.775
2014-12-26 11:00:00,404.425005
2014-12-26 12:00:00,645.525
2014-12-26 13:00:00,858.30003
2014-12-26 14:00:00,1020.9250099999999
2014-12-26 15:00:00,1118.8
2014-12-26 16:00:00,1151.775025
2014-12-26 17:00:00,1111.500025
2014-12-26 18:00:00,996.42501
2014-12-26 19:00:00,826.4250099999999
2014-12-26 20:00:00,568.90002
2014-12-26 21:00:00,242.7750025
2014-12-26 22:00:00,66.825
2014-12-26 23:00:00,3.775
2014-12-27 00:00:00,0.0
2014-12-27 01:00:00,0.0
2014-12-27 02:00:00,0.0
2014-12-27 03:00:00,0.0
2014-12-27 04:00:00,0.0
2014-12-27 05:00:00,0.0
2014-12-27 06:00:00,0.0
2014-12-27 07:00:00,0.0
2014-12-27 08:00:00,0.0
2014-12-27 09:00:00,6.70000025
2014-12-27 10:00:00,111.4
2014-12-27 11:00:00,261.7500025
2014-12-27 12:00:00,432.250005
2014-12-27 13:00:00,619.25001
2014-12-27 14:00:00,750.75001
2014-12-27 15:00:00,899.37502
2014-12-27 16:00:00,1029.9750199999999
2014-12-27 17:00:00,1057.1
2014-12-27 18:00:00,878.02503
2014-12-27 19:00:00,581.10001
2014-12-27 20:00:00,365.82500000000005
2014-12-27 21:00:00,303.300005
2014-12-27 22:00:00,146.1
2014-12-27 23:00:00,0.0
2014-12-28 00:00:00,0.0
2014-12-28 01:00:00,0.0
2014-12-28 02:00:00,0.0
2014-12-28 03:00:00,0.0
2014-12-28 04:00:00,0.0
2014-12-28 05:00:00,0.0
2014-12-28 06:00:00,0.0
2014-12-28 07:00:00,0.0
2014-12-28 08:00:00,0.0
2014-12-28 09:00:00,3.60000025
2014-12-28 10:00:00,152.175
2014-12-28 11:00:00,344.82500500000003
2014-12-28 12:00:00,498.04999999999995
2014-12-28 13:00:00,647.875
2014-12-28 14:00:00,838.725
2014-12-28 15:00:00,822.425
2014-12-28 16:00:00,1103.45
2014-12-28 17:00:00,989.9749999999999
2014-12-28 18:00:00,853.70001
2014-12-28 19:00:00,619.6
2014-12-28 20:00:00,457.675005
2014-12-28 21:00:00,276.0500025
2014-12-28 22:00:00,69.10000275
2014-12-28 23:00:00,3.275
2014-12-29 00:00:00,0.0
2014-12-29 01:00:00,0.0
2014-12-29 02:00:00,0.0
2014-12-29 03:00:00,0.0
2014-12-29 04:00:00,0.0
2014-12-29 05:00:00,0.0
2014-12-29 06:00:00,0.0
2014-12-29 07:00:00,0.0
2014-12-29 08:00:00,0.0
2014-12-29 09:00:00,4.925
2014-12-29 10:00:00,139.05
2014-12-29 11:00:00,375.85
2014-12-29 12:00:00,611.70001
2014-12-29 13:00:00,825.575
2014-12-29 14:00:00,992.35001
2014-12-29 15:00:00,1080.650025
2014-12-29 16:00:00,1133.075
2014-12-29 17:00:00,1094.75005
2014-12-29 18:00:00,768.1000133333333
2014-12-29 19:00:00,530.900005
2014-12-29 20:00:00,387.57500500000003
2014-12-29 21:00:00,282.75
2014-12-29 22:00:00,102.9750025
2014-12-29 23:00:00,4.125
2014-12-30 00:00:00,0.0
2014-12-30 01:00:00,0.0
2014-12-30 02:00:00,0.0
2014-12-30 03:00:00,0.0
2014-12-30 04:00:00,0.0
2014-12-30 05:00:00,0.0
2014-12-30 06:00:00,0.0
2014-12-30 07:00:00,0.0
2014-12-30 08:00:00,0.0
2014-12-30 09:00:00,5.175
2014-12-30 10:00:00,147.15000625
2014-12-30 11:00:00,389.075
2014-12-30 12:00:00,631.6500100000001
2014-12-30 13:00:00,844.5500099999999
2014-12-30 14:00:00,1008.87501
2014-12-30 15:00:00,1107.6999999999998
2014-12-30 16:00:00,1141.775025
2014-12-30 17:00:00,1104.3
2014-12-30 18:00:00,989.65001
2014-12-30 19:00:00,822.625
2014-12-30 20:00:00,219.8000025
2014-12-30 21:00:00,225.20000125
2014-12-30 22:00:00,124.325
2014-12-30 23:00:00,4.275
2014-12-31 00:00:00,0.0
2014-12-31 01:00:00,0.0
2014-12-31 02:00:00,0.0
2014-12-31 03:00:00,0.0
2014-12-31 04:00:00,0.0
2014-12-31 05:00:00,0.0
2014-12-31 06:00:00,0.0
2014-12-31 07:00:00,0.0
2014-12-31 08:00:00,0.0
2014-12-31 09:00:00,5.025
2014-12-31 10:00:00,148.67500125
2014-12-31 11:00:00,393.0
2014-12-31 12:00:00,639.7250200000001
2014-12-31 13:00:00,856.52502
2014-12-31 14:00:00,1021.2249999999999
2014-12-31 15:00:00,1128.87505
2014-12-31 16:00:00,1161.125025
2014-12-31 17:00:00,1114.300075
2014-12-31 18:00:00,1007.95
2014-12-31 19:00:00,849.22501
2014-12-31 20:00:00,462.82501
2014-12-31 21:00:00,383.20000500000003
2014-12-31 22:00:00,151.05000375
2014-12-31 23:00:00,5.70000025
2015-01-01 00:00:00,0.0
2015-01-01 01:00:00,0.0
2015-01-01 02:00:00,0.0
2015-01-01 03:00:00,0.0
2015-01-01 04:00:00,0.0
2015-01-01 05:00:00,0.0
2015-01-01 06:00:00,0.0
2015-01-01 07:00:00,0.0
2015-01-01 08:00:00,0.0
2015-01-01 09:00:00,5.1
2015-01-01 10:00:00,153.8
2015-01-01 11:00:00,399.650005
2015-01-01 12:00:00,627.77501
2015-01-01 13:00:00,845.85001
2015-01-01 14:00:00,1015.675025
2015-01-01 15:00:00,1090.0
2015-01-01 16:00:00,1124.85
2015-01-01 17:00:00,1038.250025
2015-01-01 18:00:00,747.05
2015-01-01 19:00:00,309.975
2015-01-01 20:00:00,601.17502
2015-01-01 21:00:00,351.100005
2015-01-01 22:00:00,87.57500125
2015-01-01 23:00:00,4.05
2015-01-02 00:00:00,0.0
2015-01-02 01:00:00,0.0
2015-01-02 02:00:00,0.0
2015-01-02 03:00:00,0.0
2015-01-02 04:00:00,0.0
2015-01-02 05:00:00,0.0
2015-01-02 06:00:00,0.0
2015-01-02 07:00:00,0.0
2015-01-02 08:00:00,0.0
2015-01-02 09:00:00,0.0
2015-01-02 10:00:00,125.15000125
2015-01-02 11:00:00,291.575
2015-01-02 12:00:00,369.6
2015-01-02 13:00:00,712.5250149999999
2015-01-02 14:00:00,1013.1500249999999
2015-01-02 15:00:00,1101.95005
2015-01-02 16:00:00,1114.80005
2015-01-02 17:00:00,1084.450025
2015-01-02 18:00:00,777.5250100000001
2015-01-02 19:00:00,538.85
2015-01-02 20:00:00,338.84999999999997
2015-01-02 21:00:00,168.00000625
2015-01-02 22:00:00,99.5250005
2015-01-02 23:00:00,0.0
2015-01-03 00:00:00,0.0
2015-01-03 01:00:00,0.0
2015-01-03 02:00:00,0.0
2015-01-03 03:00:00,0.0
2015-01-03 04:00:00,0.0
2015-01-03 05:00:00,0.0
2015-01-03 06:00:00,0.0
2015-01-03 07:00:00,0.0
2015-01-03 08:00:00,0.0
2015-01-03 09:00:00,3.85000025
2015-01-03 10:00:00,142.4000005
2015-01-03 11:00:00,385.275
2015-01-03 12:00:00,601.9
2015-01-03 13:00:00,819.45001
2015-01-03 14:00:00,989.775
2015-01-03 15:00:00,1094.9
2015-01-03 16:00:00,1131.65
2015-01-03 17:00:00,1095.175025
2015-01-03 18:00:00,862.8
2015-01-03 19:00:00,734.625
2015-01-03 20:00:00,555.150005
2015-01-03 21:00:00,211.35
2015-01-03 22:00:00,44.95
2015-01-03 23:00:00,0.75
2015-01-04 00:00:00,0.0
2015-01-04 01:00:00,0.0
2015-01-04 02:00:00,0.0
2015-01-04 03:00:00,0.0
2015-01-04 04:00:00,0.0
2015-01-04 05:00:00,0.0
2015-01-04 06:00:00,0.0
2015-01-04 07:00:00,0.0
2015-01-04 08:00:00,0.0
2015-01-04 09:00:00,2.8
2015-01-04 10:00:00,124.6500025
2015-01-04 11:00:00,360.750005
2015-01-04 12:00:00,605.10002
2015-01-04 13:00:00,820.4000100000001
2015-01-04 14:00:00,989.02501
2015-01-04 15:00:00,1100.175025
2015-01-04 16:00:00,1139.70005
2015-01-04 17:00:00,1106.5
2015-01-04 18:00:00,999.3
2015-01-04 19:00:00,680.75
2015-01-04 20:00:00,357.050005
2015-01-04 21:00:00,172.875
2015-01-04 22:00:00,6.0
2015-01-04 23:00:00,0.0
2015-01-05 00:00:00,0.0
2015-01-05 01:00:00,0.0
2015-01-05 02:00:00,0.0
2015-01-05 03:00:00,0.0
2015-01-05 04:00:00,0.0
2015-01-05 05:00:00,0.0
2015-01-05 06:00:00,0.0
2015-01-05 07:00:00,0.0
2015-01-05 08:00:00,0.0
2015-01-05 09:00:00,2.2
2015-01-05 10:00:00,103.975
2015-01-05 11:00:00,340.025
2015-01-05 12:00:00,557.275
2015-01-05 13:00:00,753.4000100000001
2015-01-05 14:00:00,960.87501
2015-01-05 15:00:00,1097.475
2015-01-05 16:00:00,1053.000025
2015-01-05 17:00:00,1006.12501
2015-01-05 18:00:00,888.57501
2015-01-05 19:00:00,839.87501
2015-01-05 20:00:00,341.800005
2015-01-05 21:00:00,194.0500025
2015-01-05 22:00:00,124.925005
2015-01-05 23:00:00,5.95000025
2015-01-06 00:00:00,0.0
2015-01-06 01:00:00,0.0
2015-01-06 02:00:00,0.0
2015-01-06 03:00:00,0.0
2015-01-06 04:00:00,0.0
2015-01-06 05:00:00,0.0
2015-01-06 06:00:00,0.0
2015-01-06 07:00:00,0.0
2015-01-06 08:00:00,0.0
2015-01-06 09:00:00,0.0
2015-01-06 10:00:00,91.775
2015-01-06 11:00:00,310.350005
2015-01-06 12:00:00,587.42501
2015-01-06 13:00:00,760.675
2015-01-06 14:00:00,975.15001
2015-01-06 15:00:00,1090.925
2015-01-06 16:00:00,994.82501
2015-01-06 17:00:00,481.700015
2015-01-06 18:00:00,567.3
2015-01-06 19:00:00,656.12501
2015-01-06 20:00:00,563.15
2015-01-06 21:00:00,274.825
2015-01-06 22:00:00,5.875
2015-01-06 23:00:00,0.0
2015-01-07 00:00:00,0.0
2015-01-07 01:00:00,0.0
2015-01-07 02:00:00,0.0
2015-01-07 03:00:00,0.0
2015-01-07 04:00:00,0.0
2015-01-07 05:00:00,0.0
2015-01-07 06:00:00,0.0
2015-01-07 07:00:00,0.0
2015-01-07 08:00:00,0.0
2015-01-07 09:00:00,0.0
2015-01-07 10:00:00,118.4250025
2015-01-07 11:00:00,355.850005
2015-01-07 12:00:00,548.60001
2015-01-07 13:00:00,764.6000200000001
2015-01-07 14:00:00,934.25
2015-01-07 15:00:00,982.925035
2015-01-07 16:00:00,1009.2249999999999
2015-01-07 17:00:00,1020.8499999999999
2015-01-07 18:00:00,459.275
2015-01-07 19:00:00,252.975
2015-01-07 20:00:00,184.475
2015-01-07 21:00:00,103.40000375
2015-01-07 22:00:00,0.0
2015-01-07 23:00:00,0.0
2015-01-08 00:00:00,0.0
2015-01-08 01:00:00,0.0
2015-01-08 02:00:00,0.0
2015-01-08 03:00:00,0.0
2015-01-08 04:00:00,0.0
2015-01-08 05:00:00,0.0
2015-01-08 06:00:00,0.0
2015-01-08 07:00:00,0.0
2015-01-08 08:00:00,0.0
2015-01-08 09:00:00,0.3
2015-01-08 10:00:00,126.76666999999999
2015-01-08 11:00:00,346.925
2015-01-08 12:00:00,486.82500000000005
2015-01-08 13:00:00,654.02502
2015-01-08 14:00:00,818.40002
2015-01-08 15:00:00,1024.25001
2015-01-08 16:00:00,1096.0500000000002
2015-01-08 17:00:00,877.425
2015-01-08 18:00:00,838.225
2015-01-08 19:00:00,434.92500500000006
2015-01-08 20:00:00,408.125
2015-01-08 21:00:00,276.6
2015-01-08 22:00:00,33.85
2015-01-08 23:00:00,0.0
2015-01-09 00:00:00,0.0
2015-01-09 01:00:00,0.0
2015-01-09 02:00:00,0.0
2015-01-09 03:00:00,0.0
2015-01-09 04:00:00,0.0
2015-01-09 05:00:00,0.0
2015-01-09 06:00:00,0.0
2015-01-09 07:00:00,0.0
2015-01-09 08:00:00,0.0
2015-01-09 09:00:00,1.15
2015-01-09 10:00:00,106.94999999999999
2015-01-09 11:00:00,336.025005
2015-01-09 12:00:00,593.650005
2015-01-09 13:00:00,809.35001
2015-01-09 14:00:00,979.00002
2015-01-09 15:00:00,1091.6
2015-01-09 16:00:00,1132.975075
2015-01-09 17:00:00,1101.975
2015-01-09 18:00:00,982.8000099999999
2015-01-09 19:00:00,643.725015
2015-01-09 20:00:00,315.3750025
2015-01-09 21:00:00,73.225
2015-01-09 22:00:00,21.025000249999998
2015-01-09 23:00:00,0.0
2015-01-10 00:00:00,0.0
2015-01-10 01:00:00,0.0
2015-01-10 02:00:00,0.0
2015-01-10 03:00:00,0.0
2015-01-10 04:00:00,0.0
2015-01-10 05:00:00,0.0
2015-01-10 06:00:00,0.0
2015-01-10 07:00:00,0.0
2015-01-10 08:00:00,0.0
2015-01-10 09:00:00,1.5666667666666667
2015-01-10 10:00:00,123.20000375000001
2015-01-10 11:00:00,361.775015
2015-01-10 12:00:00,588.6500100000001
2015-01-10 13:00:00,795.775
2015-01-10 14:00:00,979.32501
2015-01-10 15:00:00,1095.60005
2015-01-10 16:00:00,1136.575
2015-01-10 17:00:00,1102.47505
2015-01-10 18:00:00,861.8000099999999
2015-01-10 19:00:00,473.7
2015-01-10 20:00:00,370.725005
2015-01-10 21:00:00,326.2500025
2015-01-10 22:00:00,1.675000075
2015-01-10 23:00:00,1.050000075
2015-01-11 00:00:00,0.0
2015-01-11 01:00:00,0.0
2015-01-11 02:00:00,0.0
2015-01-11 03:00:00,0.0
2015-01-11 04:00:00,0.0
2015-01-11 05:00:00,0.0
2015-01-11 06:00:00,0.0
2015-01-11 07:00:00,0.0
2015-01-11 08:00:00,0.0
2015-01-11 09:00:00,0.0
2015-01-11 10:00:00,79.05000125000001
2015-01-11 11:00:00,208.825005
2015-01-11 12:00:00,445.925
2015-01-11 13:00:00,702.67502
2015-01-11 14:00:00,954.1
2015-01-11 15:00:00,923.925035
2015-01-11 16:00:00,409.150005
2015-01-11 17:00:00,382.60001
2015-01-11 18:00:00,415.425005
2015-01-11 19:00:00,447.050005
2015-01-11 20:00:00,219.8500025
2015-01-11 21:00:00,46.700002500000004
2015-01-11 22:00:00,0.0
2015-01-11 23:00:00,0.0
2015-01-12 00:00:00,0.0
2015-01-12 01:00:00,0.0
2015-01-12 02:00:00,0.0
2015-01-12 03:00:00,0.0
2015-01-12 04:00:00,0.0
2015-01-12 05:00:00,0.0
2015-01-12 06:00:00,0.0
2015-01-12 07:00:00,0.0
2015-01-12 08:00:00,0.0
2015-01-12 09:00:00,0.0
2015-01-12 10:00:00,90.37500125
2015-01-12 11:00:00,267.5000025
2015-01-12 12:00:00,406.725005
2015-01-12 13:00:00,553.4000100000001
2015-01-12 14:00:00,856.175
2015-01-12 15:00:00,968.60001
2015-01-12 16:00:00,1006.42501
2015-01-12 17:00:00,683.50001
2015-01-12 18:00:00,595.32501
2015-01-12 19:00:00,334.6750025
2015-01-12 20:00:00,197.625
2015-01-12 21:00:00,140.0750005
2015-01-12 22:00:00,51.8000005
2015-01-12 23:00:00,0.0
2015-01-13 00:00:00,0.0
2015-01-13 01:00:00,0.0
2015-01-13 02:00:00,0.0
2015-01-13 03:00:00,0.0
2015-01-13 04:00:00,0.0
2015-01-13 05:00:00,0.0
2015-01-13 06:00:00,0.0
2015-01-13 07:00:00,0.0
2015-01-13 08:00:00,0.0
2015-01-13 09:00:00,0.15
2015-01-13 10:00:00,101.0
2015-01-13 11:00:00,331.17501000000004
2015-01-13 12:00:00,596.575
2015-01-13 13:00:00,814.15
2015-01-13 14:00:00,987.375
2015-01-13 15:00:00,1087.775
2015-01-13 16:00:00,1143.825
2015-01-13 17:00:00,352.30001000000004
2015-01-13 18:00:00,384.875
2015-01-13 19:00:00,465.875015
2015-01-13 20:00:00,323.8000025
2015-01-13 21:00:00,74.00000125
2015-01-13 22:00:00,8.225
2015-01-13 23:00:00,0.0
2015-01-14 00:00:00,0.0
2015-01-14 01:00:00,0.0
2015-01-14 02:00:00,0.0
2015-01-14 03:00:00,0.0
2015-01-14 04:00:00,0.0
2015-01-14 05:00:00,0.0
2015-01-14 06:00:00,0.0
2015-01-14 07:00:00,0.0
2015-01-14 08:00:00,0.0
2015-01-14 09:00:00,0.0
2015-01-14 10:00:00,89.25
2015-01-14 11:00:00,342.1000025
2015-01-14 12:00:00,527.925
2015-01-14 13:00:00,678.1500100000001
2015-01-14 14:00:00,635.0999999999999
2015-01-14 15:00:00,925.60001
2015-01-14 16:00:00,848.4000100000001
2015-01-14 17:00:00,537.25001
2015-01-14 18:00:00,362.900005
2015-01-14 19:00:00,248.0500025
2015-01-14 20:00:00,171.2
2015-01-14 21:00:00,59.9
2015-01-14 22:00:00,0.0
2015-01-14 23:00:00,0.0
2015-01-15 00:00:00,0.0
2015-01-15 01:00:00,0.0
2015-01-15 02:00:00,0.0
2015-01-15 03:00:00,0.0
2015-01-15 04:00:00,0.0
2015-01-15 05:00:00,0.0
2015-01-15 06:00:00,0.0
2015-01-15 07:00:00,0.0
2015-01-15 08:00:00,0.0
2015-01-15 09:00:00,0.0
2015-01-15 10:00:00,98.85000400000001
2015-01-15 11:00:00,328.20001
2015-01-15 12:00:00,556.95
2015-01-15 13:00:00,775.05
2015-01-15 14:00:00,947.725
2015-01-15 15:00:00,1071.62505
2015-01-15 16:00:00,932.45
2015-01-15 17:00:00,1002.5750250000001
2015-01-15 18:00:00,983.2750100000001
2015-01-15 19:00:00,826.3000099999999
2015-01-15 20:00:00,616.250005
2015-01-15 21:00:00,338.100005
2015-01-15 22:00:00,53.475
2015-01-15 23:00:00,5.95000025
2015-01-16 00:00:00,0.0
2015-01-16 01:00:00,0.0
2015-01-16 02:00:00,0.0
2015-01-16 03:00:00,0.0
2015-01-16 04:00:00,0.0
2015-01-16 05:00:00,0.0
2015-01-16 06:00:00,0.0
2015-01-16 07:00:00,0.0
2015-01-16 08:00:00,0.0
2015-01-16 09:00:00,0.0
2015-01-16 10:00:00,87.55000125
2015-01-16 11:00:00,278.0750025
2015-01-16 12:00:00,562.87501
2015-01-16 13:00:00,789.82501
2015-01-16 14:00:00,947.45
2015-01-16 15:00:00,940.30001
2015-01-16 16:00:00,738.475
2015-01-16 17:00:00,753.42501
2015-01-16 18:00:00,642.9
2015-01-16 19:00:00,435.725005
2015-01-16 20:00:00,447.025005
2015-01-16 21:00:00,207.0750075
2015-01-16 22:00:00,16.825000000000003
2015-01-16 23:00:00,0.0
2015-01-17 00:00:00,0.0
2015-01-17 01:00:00,0.0
2015-01-17 02:00:00,0.0
2015-01-17 03:00:00,0.0
2015-01-17 04:00:00,0.0
2015-01-17 05:00:00,0.0
2015-01-17 06:00:00,0.0
2015-01-17 07:00:00,0.0
2015-01-17 08:00:00,0.0
2015-01-17 09:00:00,0.0
2015-01-17 10:00:00,59.40000175
2015-01-17 11:00:00,212.575
2015-01-17 12:00:00,356.72501
2015-01-17 13:00:00,523.550005
2015-01-17 14:00:00,833.4
2015-01-17 15:00:00,775.3000099999999
2015-01-17 16:00:00,627.5250100000001
2015-01-17 17:00:00,296.6750075
2015-01-17 18:00:00,276.8000025
2015-01-17 19:00:00,650.0
2015-01-17 20:00:00,325.475
2015-01-17 21:00:00,196.6750025
2015-01-17 22:00:00,85.4250025
2015-01-17 23:00:00,0.625
2015-01-18 00:00:00,0.0
2015-01-18 01:00:00,0.0
2015-01-18 02:00:00,0.0
2015-01-18 03:00:00,0.0
2015-01-18 04:00:00,0.0
2015-01-18 05:00:00,0.0
2015-01-18 06:00:00,0.0
2015-01-18 07:00:00,0.0
2015-01-18 08:00:00,0.0
2015-01-18 09:00:00,0.0
2015-01-18 10:00:00,86.75
2015-01-18 11:00:00,308.750005
2015-01-18 12:00:00,512.0
2015-01-18 13:00:00,606.57501
2015-01-18 14:00:00,868.525
2015-01-18 15:00:00,1036.25
2015-01-18 16:00:00,1131.975
2015-01-18 17:00:00,1104.200025
2015-01-18 18:00:00,1005.5500099999999
2015-01-18 19:00:00,830.20001
2015-01-18 20:00:00,277.900005
2015-01-18 21:00:00,168.45000125
2015-01-18 22:00:00,37.9
2015-01-18 23:00:00,3.4
2015-01-19 00:00:00,0.0
2015-01-19 01:00:00,0.0
2015-01-19 02:00:00,0.0
2015-01-19 03:00:00,0.0
2015-01-19 04:00:00,0.0
2015-01-19 05:00:00,0.0
2015-01-19 06:00:00,0.0
2015-01-19 07:00:00,0.0
2015-01-19 08:00:00,0.0
2015-01-19 09:00:00,0.0
2015-01-19 10:00:00,91.40000375
2015-01-19 11:00:00,323.70001
2015-01-19 12:00:00,568.5250100000001
2015-01-19 13:00:00,789.42502
2015-01-19 14:00:00,964.85
2015-01-19 15:00:00,1082.400025
2015-01-19 16:00:00,1128.525
2015-01-19 17:00:00,980.3750200000001
2015-01-19 18:00:00,567.75001
2015-01-19 19:00:00,382.775
2015-01-19 20:00:00,190.725
2015-01-19 21:00:00,99.0000005
2015-01-19 22:00:00,58.27500375
2015-01-19 23:00:00,0.0
2015-01-20 00:00:00,0.0
2015-01-20 01:00:00,0.0
2015-01-20 02:00:00,0.0
2015-01-20 03:00:00,0.0
2015-01-20 04:00:00,0.0
2015-01-20 05:00:00,0.0
2015-01-20 06:00:00,0.0
2015-01-20 07:00:00,0.0
2015-01-20 08:00:00,0.0
2015-01-20 09:00:00,0.0
2015-01-20 10:00:00,67.60000125
2015-01-20 11:00:00,203.725
2015-01-20 12:00:00,326.975005
2015-01-20 13:00:00,424.07500500000003
2015-01-20 14:00:00,509.025
2015-01-20 15:00:00,429.025005
2015-01-20 16:00:00,391.47501
2015-01-20 17:00:00,426.875005
2015-01-20 18:00:00,448.15
2015-01-20 19:00:00,386.15
2015-01-20 20:00:00,410.32501
2015-01-20 21:00:00,324.825
2015-01-20 22:00:00,53.550003000000004
2015-01-20 23:00:00,0.0
2015-01-21 00:00:00,0.0
2015-01-21 01:00:00,0.0
2015-01-21 02:00:00,0.0
2015-01-21 03:00:00,0.0
2015-01-21 04:00:00,0.0
2015-01-21 05:00:00,0.0
2015-01-21 06:00:00,0.0
2015-01-21 07:00:00,0.0
2015-01-21 08:00:00,0.0
2015-01-21 09:00:00,0.0
2015-01-21 10:00:00,48.800001666666674
2015-01-21 11:00:00,201.69999999999996
2015-01-21 12:00:00,374.43333333333334
2015-01-21 13:00:00,563.1999999999999
2015-01-21 14:00:00,633.7666800000001
2015-01-21 15:00:00,833.00001
2015-01-21 16:00:00,1035.700025
2015-01-21 17:00:00,1083.750025
2015-01-21 18:00:00,997.9749999999999
2015-01-21 19:00:00,837.47501
2015-01-21 20:00:00,619.475
2015-01-21 21:00:00,290.875005
2015-01-21 22:00:00,93.10000175
2015-01-21 23:00:00,0.0
2015-01-22 00:00:00,0.0
2015-01-22 01:00:00,0.0
2015-01-22 02:00:00,0.0
2015-01-22 03:00:00,0.0
2015-01-22 04:00:00,0.0
2015-01-22 05:00:00,0.0
2015-01-22 06:00:00,0.0
2015-01-22 07:00:00,0.0
2015-01-22 08:00:00,0.0
2015-01-22 09:00:00,0.0
2015-01-22 10:00:00,85.17500000000001
2015-01-22 11:00:00,297.7500025
2015-01-22 12:00:00,532.45
2015-01-22 13:00:00,780.92501
2015-01-22 14:00:00,960.47501
2015-01-22 15:00:00,1083.275025
2015-01-22 16:00:00,1129.15
2015-01-22 17:00:00,1100.675025
2015-01-22 18:00:00,1000.1500450000001
2015-01-22 19:00:00,838.4
2015-01-22 20:00:00,626.5
2015-01-22 21:00:00,356.100005
2015-01-22 22:00:00,69.52500125
2015-01-22 23:00:00,4.8
2015-01-23 00:00:00,0.0
2015-01-23 01:00:00,0.0
2015-01-23 02:00:00,0.0
2015-01-23 03:00:00,0.0
2015-01-23 04:00:00,0.0
2015-01-23 05:00:00,0.0
2015-01-23 06:00:00,0.0
2015-01-23 07:00:00,0.0
2015-01-23 08:00:00,0.0
2015-01-23 09:00:00,0.0
2015-01-23 10:00:00,71.725
2015-01-23 11:00:00,276.175
2015-01-23 12:00:00,452.67499999999995
2015-01-23 13:00:00,596.47501
2015-01-23 14:00:00,792.72501
2015-01-23 15:00:00,985.1500100000001
2015-01-23 16:00:00,947.50001
2015-01-23 17:00:00,756.8
2015-01-23 18:00:00,849.92502
2015-01-23 19:00:00,684.72502
2015-01-23 20:00:00,264.050005
2015-01-23 21:00:00,5.0
2015-01-23 22:00:00,0.0
2015-01-23 23:00:00,0.0
2015-01-24 00:00:00,0.0
2015-01-24 01:00:00,0.0
2015-01-24 02:00:00,0.0
2015-01-24 03:00:00,0.0
2015-01-24 04:00:00,0.0
2015-01-24 05:00:00,0.0
2015-01-24 06:00:00,0.0
2015-01-24 07:00:00,0.0
2015-01-24 08:00:00,0.0
2015-01-24 09:00:00,0.0
2015-01-24 10:00:00,82.6250005
2015-01-24 11:00:00,305.85
2015-01-24 12:00:00,537.125
2015-01-24 13:00:00,713.1
2015-01-24 14:00:00,730.85001
2015-01-24 15:00:00,775.3500200000001
2015-01-24 16:00:00,946.10001
2015-01-24 17:00:00,962.7750450000001
2015-01-24 18:00:00,540.57502
2015-01-24 19:00:00,291.475
2015-01-24 20:00:00,194.375
2015-01-24 21:00:00,68.175
2015-01-24 22:00:00,0.0
2015-01-24 23:00:00,0.0
2015-01-25 00:00:00,0.0
2015-01-25 01:00:00,0.0
2015-01-25 02:00:00,0.0
2015-01-25 03:00:00,0.0
2015-01-25 04:00:00,0.0
2015-01-25 05:00:00,0.0
2015-01-25 06:00:00,0.0
2015-01-25 07:00:00,0.0
2015-01-25 08:00:00,0.0
2015-01-25 09:00:00,0.0
2015-01-25 10:00:00,86.4250025
2015-01-25 11:00:00,327.8500075
2015-01-25 12:00:00,580.55
2015-01-25 13:00:00,803.60001
2015-01-25 14:00:00,981.0250450000001
2015-01-25 15:00:00,1097.725025
2015-01-25 16:00:00,1066.25005
2015-01-25 17:00:00,1066.17505
2015-01-25 18:00:00,1022.1
2015-01-25 19:00:00,713.0
2015-01-25 20:00:00,223.04999999999998
2015-01-25 21:00:00,33.725
2015-01-25 22:00:00,0.0
2015-01-25 23:00:00,1.35
2015-01-26 00:00:00,0.0
2015-01-26 01:00:00,0.0
2015-01-26 02:00:00,0.0
2015-01-26 03:00:00,0.0
2015-01-26 04:00:00,0.0
2015-01-26 05:00:00,0.0
2015-01-26 06:00:00,0.0
2015-01-26 07:00:00,0.0
2015-01-26 08:00:00,0.0
2015-01-26 09:00:00,0.0
2015-01-26 10:00:00,84.6
2015-01-26 11:00:00,327.05
2015-01-26 12:00:00,573.35001
2015-01-26 13:00:00,797.725
2015-01-26 14:00:00,976.3000099999999
2015-01-26 15:00:00,1092.825
2015-01-26 16:00:00,1139.525025
2015-01-26 17:00:00,1112.00005
2015-01-26 18:00:00,1008.700025
2015-01-26 19:00:00,812.8000099999999
2015-01-26 20:00:00,492.25
2015-01-26 21:00:00,79.37500250000001
2015-01-26 22:00:00,1.375
2015-01-26 23:00:00,0.0
2015-01-27 00:00:00,0.0
2015-01-27 01:00:00,0.0
2015-01-27 02:00:00,0.0
2015-01-27 03:00:00,0.0
2015-01-27 04:00:00,0.0
2015-01-27 05:00:00,0.0
2015-01-27 06:00:00,0.0
2015-01-27 07:00:00,0.0
2015-01-27 08:00:00,0.0
2015-01-27 09:00:00,0.0
2015-01-27 10:00:00,48.900000500000004
2015-01-27 11:00:00,278.15
2015-01-27 12:00:00,510.9
2015-01-27 13:00:00,727.65
2015-01-27 14:00:00,954.825
2015-01-27 15:00:00,922.425025
2015-01-27 16:00:00,916.40001
2015-01-27 17:00:00,409.90001
2015-01-27 18:00:00,278.75001
2015-01-27 19:00:00,323.000005
2015-01-27 20:00:00,290.075
2015-01-27 21:00:00,52.1
2015-01-27 22:00:00,0.0
2015-01-27 23:00:00,0.0
2015-01-28 00:00:00,0.0
2015-01-28 01:00:00,0.0
2015-01-28 02:00:00,0.0
2015-01-28 03:00:00,0.0
2015-01-28 04:00:00,0.0
2015-01-28 05:00:00,0.0
2015-01-28 06:00:00,0.0
2015-01-28 07:00:00,0.0
2015-01-28 08:00:00,0.0
2015-01-28 09:00:00,0.0
2015-01-28 10:00:00,78.750000075
2015-01-28 11:00:00,313.9
2015-01-28 12:00:00,557.10002
2015-01-28 13:00:00,781.05001
2015-01-28 14:00:00,958.80001
2015-01-28 15:00:00,1070.65
2015-01-28 16:00:00,1101.625025
2015-01-28 17:00:00,1092.05005
2015-01-28 18:00:00,988.2249999999999
2015-01-28 19:00:00,347.02501
2015-01-28 20:00:00,170.5
2015-01-28 21:00:00,114.375
2015-01-28 22:00:00,0.0
2015-01-28 23:00:00,0.0
2015-01-29 00:00:00,0.0
2015-01-29 01:00:00,0.0
2015-01-29 02:00:00,0.0
2015-01-29 03:00:00,0.0
2015-01-29 04:00:00,0.0
2015-01-29 05:00:00,0.0
2015-01-29 06:00:00,0.0
2015-01-29 07:00:00,0.0
2015-01-29 08:00:00,0.0
2015-01-29 09:00:00,0.0
2015-01-29 10:00:00,46.525000250000005
2015-01-29 11:00:00,165.5
2015-01-29 12:00:00,264.4250025
2015-01-29 13:00:00,368.950015
2015-01-29 14:00:00,591.12501
2015-01-29 15:00:00,964.725
2015-01-29 16:00:00,1022.25005
2015-01-29 17:00:00,1064.875025
2015-01-29 18:00:00,984.1500100000001
2015-01-29 19:00:00,764.32501
2015-01-29 20:00:00,510.52500499999996
2015-01-29 21:00:00,268.275
2015-01-29 22:00:00,77.35
2015-01-29 23:00:00,0.0
2015-01-30 00:00:00,0.0
2015-01-30 01:00:00,0.0
2015-01-30 02:00:00,0.0
2015-01-30 03:00:00,0.0
2015-01-30 04:00:00,0.0
2015-01-30 05:00:00,0.0
2015-01-30 06:00:00,0.0
2015-01-30 07:00:00,0.0
2015-01-30 08:00:00,0.0
2015-01-30 09:00:00,0.0
2015-01-30 10:00:00,40.025000500000004
2015-01-30 11:00:00,188.25000875
2015-01-30 12:00:00,327.600005
2015-01-30 13:00:00,499.650005
2015-01-30 14:00:00,611.25001
2015-01-30 15:00:00,623.15003
2015-01-30 16:00:00,618.37501
2015-01-30 17:00:00,463.37501
2015-01-30 18:00:00,368.5
2015-01-30 19:00:00,346.400005
2015-01-30 20:00:00,288.40000000000003
2015-01-30 21:00:00,110.075
2015-01-30 22:00:00,6.75
2015-01-30 23:00:00,0.85
2015-01-31 00:00:00,0.0
2015-01-31 01:00:00,0.0
2015-01-31 02:00:00,0.0
2015-01-31 03:00:00,0.0
2015-01-31 04:00:00,0.0
2015-01-31 05:00:00,0.0
2015-01-31 06:00:00,0.0
2015-01-31 07:00:00,0.0
2015-01-31 08:00:00,0.0
2015-01-31 09:00:00,0.0
2015-01-31 10:00:00,27.550000025
2015-01-31 11:00:00,185.225
2015-01-31 12:00:00,410.32500500000003
2015-01-31 13:00:00,562.025005
2015-01-31 14:00:00,715.625
2015-01-31 15:00:00,875.825
2015-01-31 16:00:00,958.825
2015-01-31 17:00:00,882.57502
2015-01-31 18:00:00,850.9000100000001
2015-01-31 19:00:00,510.47501
2015-01-31 20:00:00,277.225
2015-01-31 21:00:00,42.1250005
2015-01-31 22:00:00,0.0
2015-01-31 23:00:00,0.0
2015-02-01 00:00:00,0.0
2015-02-01 01:00:00,0.0
2015-02-01 02:00:00,0.0
2015-02-01 03:00:00,0.0
2015-02-01 04:00:00,0.0
2015-02-01 05:00:00,0.0
2015-02-01 06:00:00,0.0
2015-02-01 07:00:00,0.0
2015-02-01 08:00:00,0.0
2015-02-01 09:00:00,0.0
2015-02-01 10:00:00,58.17500125
2015-02-01 11:00:00,277.2000025
2015-02-01 12:00:00,508.29999999999995
2015-02-01 13:00:00,732.575
2015-02-01 14:00:00,940.40002
2015-02-01 15:00:00,1061.12505
2015-02-01 16:00:00,1110.500025
2015-02-01 17:00:00,1086.67505
2015-02-01 18:00:00,861.72501
2015-02-01 19:00:00,266.4750075
2015-02-01 20:00:00,178.8000025
2015-02-01 21:00:00,40.125
2015-02-01 22:00:00,0.0
2015-02-01 23:00:00,0.0
2015-02-02 00:00:00,0.0
2015-02-02 01:00:00,0.0
2015-02-02 02:00:00,0.0
2015-02-02 03:00:00,0.0
2015-02-02 04:00:00,0.0
2015-02-02 05:00:00,0.0
2015-02-02 06:00:00,0.0
2015-02-02 07:00:00,0.0
2015-02-02 08:00:00,0.0
2015-02-02 09:00:00,0.0
2015-02-02 10:00:00,66.625
2015-02-02 11:00:00,280.3
2015-02-02 12:00:00,453.975
2015-02-02 13:00:00,656.37502
2015-02-02 14:00:00,766.42502
2015-02-02 15:00:00,421.775005
2015-02-02 16:00:00,624.45
2015-02-02 17:00:00,267.8000025
2015-02-02 18:00:00,197.6000025
2015-02-02 19:00:00,280.050005
2015-02-02 20:00:00,255.300005
2015-02-02 21:00:00,41.67500125
2015-02-02 22:00:00,0.0
2015-02-02 23:00:00,0.0
2015-02-03 00:00:00,0.0
2015-02-03 01:00:00,0.0
2015-02-03 02:00:00,0.0
2015-02-03 03:00:00,0.0
2015-02-03 04:00:00,0.0
2015-02-03 05:00:00,0.0
2015-02-03 06:00:00,0.0
2015-02-03 07:00:00,0.0
2015-02-03 08:00:00,0.0
2015-02-03 09:00:00,0.0
2015-02-03 10:00:00,51.70000025
2015-02-03 11:00:00,259.27500499999996
2015-02-03 12:00:00,508.12501
2015-02-03 13:00:00,743.4000100000001
2015-02-03 14:00:00,923.425
2015-02-03 15:00:00,1044.10006
2015-02-03 16:00:00,1092.950025
2015-02-03 17:00:00,1068.75
2015-02-03 18:00:00,973.00001
2015-02-03 19:00:00,671.32501
2015-02-03 20:00:00,303.0666733333333
2015-02-03 21:00:00,102.725
2015-02-03 22:00:00,0.0
2015-02-03 23:00:00,0.0
2015-02-04 00:00:00,0.0
2015-02-04 01:00:00,0.0
2015-02-04 02:00:00,0.0
2015-02-04 03:00:00,0.0
2015-02-04 04:00:00,0.0
2015-02-04 05:00:00,0.0
2015-02-04 06:00:00,0.0
2015-02-04 07:00:00,0.0
2015-02-04 08:00:00,0.0
2015-02-04 09:00:00,0.0
2015-02-04 10:00:00,55.2500015
2015-02-04 11:00:00,273.6
2015-02-04 12:00:00,500.025005
2015-02-04 13:00:00,723.37501
2015-02-04 14:00:00,902.0250100000001
2015-02-04 15:00:00,1017.55
2015-02-04 16:00:00,1054.600025
2015-02-04 17:00:00,825.6
2015-02-04 18:00:00,640.725
2015-02-04 19:00:00,284.05
2015-02-04 20:00:00,166.82500249999998
2015-02-04 21:00:00,4.525
2015-02-04 22:00:00,0.0
2015-02-04 23:00:00,0.0
2015-02-05 00:00:00,0.0
2015-02-05 01:00:00,0.0
2015-02-05 02:00:00,0.0
2015-02-05 03:00:00,0.0
2015-02-05 04:00:00,0.0
2015-02-05 05:00:00,0.0
2015-02-05 06:00:00,0.0
2015-02-05 07:00:00,0.0
2015-02-05 08:00:00,0.0
2015-02-05 09:00:00,0.0
2015-02-05 10:00:00,47.575
2015-02-05 11:00:00,178.1250025
2015-02-05 12:00:00,273.875005
2015-02-05 13:00:00,464.025
2015-02-05 14:00:00,883.57501
2015-02-05 15:00:00,1038.450025
2015-02-05 16:00:00,1083.325
2015-02-05 17:00:00,631.37501
2015-02-05 18:00:00,393.30001000000004
2015-02-05 19:00:00,361.500005
2015-02-05 20:00:00,222.5000025
2015-02-05 21:00:00,44.025
2015-02-05 22:00:00,0.0
2015-02-05 23:00:00,0.0
2015-02-06 00:00:00,0.0
2015-02-06 01:00:00,0.0
2015-02-06 02:00:00,0.0
2015-02-06 03:00:00,0.0
2015-02-06 04:00:00,0.0
2015-02-06 05:00:00,0.0
2015-02-06 06:00:00,0.0
2015-02-06 07:00:00,0.0
2015-02-06 08:00:00,0.0
2015-02-06 09:00:00,0.0
2015-02-06 10:00:00,57.95000125
2015-02-06 11:00:00,283.2750025
2015-02-06 12:00:00,528.475
2015-02-06 13:00:00,754.30001
2015-02-06 14:00:00,934.925
2015-02-06 15:00:00,999.95
2015-02-06 16:00:00,1012.65002
2015-02-06 17:00:00,960.9
2015-02-06 18:00:00,883.725
2015-02-06 19:00:00,802.90003
2015-02-06 20:00:00,610.2
2015-02-06 21:00:00,306.225
2015-02-06 22:00:00,0.0
2015-02-06 23:00:00,0.0
2015-02-07 00:00:00,0.0
2015-02-07 01:00:00,0.0
2015-02-07 02:00:00,0.0
2015-02-07 03:00:00,0.0
2015-02-07 04:00:00,0.0
2015-02-07 05:00:00,0.0
2015-02-07 06:00:00,0.0
2015-02-07 07:00:00,0.0
2015-02-07 08:00:00,0.0
2015-02-07 09:00:00,0.0
2015-02-07 10:00:00,54.25
2015-02-07 11:00:00,269.32500500000003
2015-02-07 12:00:00,486.92499999999995
2015-02-07 13:00:00,711.92501
2015-02-07 14:00:00,879.02503
2015-02-07 15:00:00,970.775
2015-02-07 16:00:00,859.27501
2015-02-07 17:00:00,970.0
2015-02-07 18:00:00,840.10002
2015-02-07 19:00:00,669.5
2015-02-07 20:00:00,454.15001
2015-02-07 21:00:00,102.6000005
2015-02-07 22:00:00,32.625001250000004
2015-02-07 23:00:00,0.075
2015-02-08 00:00:00,0.0
2015-02-08 01:00:00,0.0
2015-02-08 02:00:00,0.0
2015-02-08 03:00:00,0.0
2015-02-08 04:00:00,0.0
2015-02-08 05:00:00,0.0
2015-02-08 06:00:00,0.0
2015-02-08 07:00:00,0.0
2015-02-08 08:00:00,0.0
2015-02-08 09:00:00,0.0
2015-02-08 10:00:00,51.92500025
2015-02-08 11:00:00,263.975
2015-02-08 12:00:00,516.125
2015-02-08 13:00:00,757.37502
2015-02-08 14:00:00,938.55002
2015-02-08 15:00:00,1058.175025
2015-02-08 16:00:00,1108.37505
2015-02-08 17:00:00,1082.925
2015-02-08 18:00:00,985.65002
2015-02-08 19:00:00,826.9000100000001
2015-02-08 20:00:00,579.7666666666668
2015-02-08 21:00:00,330.775005
2015-02-08 22:00:00,97.1
2015-02-08 23:00:00,0.0
2015-02-09 00:00:00,0.0
2015-02-09 01:00:00,0.0
2015-02-09 02:00:00,0.0
2015-02-09 03:00:00,0.0
2015-02-09 04:00:00,0.0
2015-02-09 05:00:00,0.0
2015-02-09 06:00:00,0.0
2015-02-09 07:00:00,0.0
2015-02-09 08:00:00,0.0
2015-02-09 09:00:00,0.0
2015-02-09 10:00:00,56.8
2015-02-09 11:00:00,283.65001
2015-02-09 12:00:00,465.200005
2015-02-09 13:00:00,694.35001
2015-02-09 14:00:00,871.8499999999999
2015-02-09 15:00:00,985.17501
2015-02-09 16:00:00,1035.075025
2015-02-09 17:00:00,1011.3250350000001
2015-02-09 18:00:00,914.52502
2015-02-09 19:00:00,665.00001
2015-02-09 20:00:00,505.62501
2015-02-09 21:00:00,243.5250025
2015-02-09 22:00:00,57.55000025
2015-02-09 23:00:00,0.85
2015-02-10 00:00:00,0.0
2015-02-10 01:00:00,0.0
2015-02-10 02:00:00,0.0
2015-02-10 03:00:00,0.0
2015-02-10 04:00:00,0.0
2015-02-10 05:00:00,0.0
2015-02-10 06:00:00,0.0
2015-02-10 07:00:00,0.0
2015-02-10 08:00:00,0.0
2015-02-10 09:00:00,0.0
2015-02-10 10:00:00,41.1750005
2015-02-10 11:00:00,227.300005
2015-02-10 12:00:00,398.125
2015-02-10 13:00:00,599.52502
2015-02-10 14:00:00,558.1500100000001
2015-02-10 15:00:00,657.92502
2015-02-10 16:00:00,984.300025
2015-02-10 17:00:00,984.900025
2015-02-10 18:00:00,852.92502
2015-02-10 19:00:00,792.975
2015-02-10 20:00:00,580.950025
2015-02-10 21:00:00,247.9250005
2015-02-10 22:00:00,6.625
2015-02-10 23:00:00,0.95
2015-02-11 00:00:00,0.0
2015-02-11 01:00:00,0.0
2015-02-11 02:00:00,0.0
2015-02-11 03:00:00,0.0
2015-02-11 04:00:00,0.0
2015-02-11 05:00:00,0.0
2015-02-11 06:00:00,0.0
2015-02-11 07:00:00,0.0
2015-02-11 08:00:00,0.0
2015-02-11 09:00:00,0.0
2015-02-11 10:00:00,52.95000125
2015-02-11 11:00:00,281.125005
2015-02-11 12:00:00,518.875
2015-02-11 13:00:00,745.75
2015-02-11 14:00:00,926.9000100000001
2015-02-11 15:00:00,1047.175025
2015-02-11 16:00:00,1097.175
2015-02-11 17:00:00,1072.025
2015-02-11 18:00:00,970.3
2015-02-11 19:00:00,809.3000099999999
2015-02-11 20:00:00,597.85001
2015-02-11 21:00:00,295.0
2015-02-11 22:00:00,35.75
2015-02-11 23:00:00,0.0
2015-02-12 00:00:00,0.0
2015-02-12 01:00:00,0.0
2015-02-12 02:00:00,0.0
2015-02-12 03:00:00,0.0
2015-02-12 04:00:00,0.0
2015-02-12 05:00:00,0.0
2015-02-12 06:00:00,0.0
2015-02-12 07:00:00,0.0
2015-02-12 08:00:00,0.0
2015-02-12 09:00:00,0.0
2015-02-12 10:00:00,41.900000000000006
2015-02-12 11:00:00,250.075005
2015-02-12 12:00:00,514.225005
2015-02-12 13:00:00,739.125
2015-02-12 14:00:00,919.55
2015-02-12 15:00:00,1040.425025
2015-02-12 16:00:00,1090.525
2015-02-12 17:00:00,1065.900025
2015-02-12 18:00:00,968.525
2015-02-12 19:00:00,808.8
2015-02-12 20:00:00,560.075
2015-02-12 21:00:00,271.050005
2015-02-12 22:00:00,7.4
2015-02-12 23:00:00,0.0
2015-02-13 00:00:00,0.0
2015-02-13 01:00:00,0.0
2015-02-13 02:00:00,0.0
2015-02-13 03:00:00,0.0
2015-02-13 04:00:00,0.0
2015-02-13 05:00:00,0.0
2015-02-13 06:00:00,0.0
2015-02-13 07:00:00,0.0
2015-02-13 08:00:00,0.0
2015-02-13 09:00:00,0.0
2015-02-13 10:00:00,39.000000075
2015-02-13 11:00:00,190.35000250000002
2015-02-13 12:00:00,343.375
2015-02-13 13:00:00,460.175005
2015-02-13 14:00:00,635.1
2015-02-13 15:00:00,697.8
2015-02-13 16:00:00,611.75001
2015-02-13 17:00:00,673.825
2015-02-13 18:00:00,589.25001
2015-02-13 19:00:00,457.350005
2015-02-13 20:00:00,294.450005
2015-02-13 21:00:00,89.5
2015-02-13 22:00:00,5.675
2015-02-13 23:00:00,0.175
2015-02-14 00:00:00,0.0
2015-02-14 01:00:00,0.0
2015-02-14 02:00:00,0.0
2015-02-14 03:00:00,0.0
2015-02-14 04:00:00,0.0
2015-02-14 05:00:00,0.0
2015-02-14 06:00:00,0.0
2015-02-14 07:00:00,0.0
2015-02-14 08:00:00,0.0
2015-02-14 09:00:00,0.0
2015-02-14 10:00:00,32.67500125
2015-02-14 11:00:00,236.39999999999998
2015-02-14 12:00:00,450.22501
2015-02-14 13:00:00,590.35002
2015-02-14 14:00:00,712.475
2015-02-14 15:00:00,811.75
2015-02-14 16:00:00,970.6999999999999
2015-02-14 17:00:00,886.0666799999999
2015-02-14 18:00:00,643.82501
2015-02-14 19:00:00,606.40002
2015-02-14 20:00:00,408.525
2015-02-14 21:00:00,227.9250075
2015-02-14 22:00:00,48.55
2015-02-14 23:00:00,0.0
2015-02-15 00:00:00,0.0
2015-02-15 01:00:00,0.0
2015-02-15 02:00:00,0.0
2015-02-15 03:00:00,0.0
2015-02-15 04:00:00,0.0
2015-02-15 05:00:00,0.0
2015-02-15 06:00:00,0.0
2015-02-15 07:00:00,0.0
2015-02-15 08:00:00,0.0
2015-02-15 09:00:00,0.0
2015-02-15 10:00:00,41.925000000000004
2015-02-15 11:00:00,237.275
2015-02-15 12:00:00,311.725005
2015-02-15 13:00:00,350.725005
2015-02-15 14:00:00,573.100015
2015-02-15 15:00:00,773.47502
2015-02-15 16:00:00,779.85
2015-02-15 17:00:00,766.22502
2015-02-15 18:00:00,853.92501
2015-02-15 19:00:00,653.7250200000001
2015-02-15 20:00:00,423.29999999999995
2015-02-15 21:00:00,173.750005
2015-02-15 22:00:00,11.75
2015-02-15 23:00:00,0.0
2015-02-16 00:00:00,0.0
2015-02-16 01:00:00,0.0
2015-02-16 02:00:00,0.0
2015-02-16 03:00:00,0.0
2015-02-16 04:00:00,0.0
2015-02-16 05:00:00,0.0
2015-02-16 06:00:00,0.0
2015-02-16 07:00:00,0.0
2015-02-16 08:00:00,0.0
2015-02-16 09:00:00,0.0
2015-02-16 10:00:00,28.125
2015-02-16 11:00:00,157.87500375
2015-02-16 12:00:00,261.7750075
2015-02-16 13:00:00,338.85
2015-02-16 14:00:00,463.57501
2015-02-16 15:00:00,883.87501
2015-02-16 16:00:00,981.3333666666667
2015-02-16 17:00:00,990.82501
2015-02-16 18:00:00,856.925
2015-02-16 19:00:00,710.5
2015-02-16 20:00:00,456.45
2015-02-16 21:00:00,218.9
2015-02-16 22:00:00,35.974999999999994
2015-02-16 23:00:00,0.0
2015-02-17 00:00:00,0.0
2015-02-17 01:00:00,0.0
2015-02-17 02:00:00,0.0
2015-02-17 03:00:00,0.0
2015-02-17 04:00:00,0.0
2015-02-17 05:00:00,0.0
2015-02-17 06:00:00,0.0
2015-02-17 07:00:00,0.0
2015-02-17 08:00:00,0.0
2015-02-17 09:00:00,0.0
2015-02-17 10:00:00,25.225
2015-02-17 11:00:00,209.2750025
2015-02-17 12:00:00,343.150005
2015-02-17 13:00:00,700.27503
2015-02-17 14:00:00,763.57501
2015-02-17 15:00:00,894.0
2015-02-17 16:00:00,860.2249999999999
2015-02-17 17:00:00,768.70002
2015-02-17 18:00:00,740.45001
2015-02-17 19:00:00,632.475
2015-02-17 20:00:00,344.925
2015-02-17 21:00:00,200.60000250000002
2015-02-17 22:00:00,53.975002
2015-02-17 23:00:00,0.0
2015-02-18 00:00:00,0.0
2015-02-18 01:00:00,0.0
2015-02-18 02:00:00,0.0
2015-02-18 03:00:00,0.0
2015-02-18 04:00:00,0.0
2015-02-18 05:00:00,0.0
2015-02-18 06:00:00,0.0
2015-02-18 07:00:00,0.0
2015-02-18 08:00:00,0.0
2015-02-18 09:00:00,0.0
2015-02-18 10:00:00,40.974999999999994
2015-02-18 11:00:00,250.175005
2015-02-18 12:00:00,485.4
2015-02-18 13:00:00,731.5
2015-02-18 14:00:00,916.0
2015-02-18 15:00:00,1032.15001
2015-02-18 16:00:00,1083.275025
2015-02-18 17:00:00,1057.85
2015-02-18 18:00:00,955.22501
2015-02-18 19:00:00,793.05002
2015-02-18 20:00:00,577.75001
2015-02-18 21:00:00,286.87501
2015-02-18 22:00:00,65.475
2015-02-18 23:00:00,0.0
2015-02-19 00:00:00,0.0
2015-02-19 01:00:00,0.0
2015-02-19 02:00:00,0.0
2015-02-19 03:00:00,0.0
2015-02-19 04:00:00,0.0
2015-02-19 05:00:00,0.0
2015-02-19 06:00:00,0.0
2015-02-19 07:00:00,0.0
2015-02-19 08:00:00,0.0
2015-02-19 09:00:00,0.0
2015-02-19 10:00:00,35.9750005
2015-02-19 11:00:00,215.05
2015-02-19 12:00:00,468.125
2015-02-19 13:00:00,645.45001
2015-02-19 14:00:00,887.4750200000001
2015-02-19 15:00:00,981.10001
2015-02-19 16:00:00,873.20002
2015-02-19 17:00:00,780.77502
2015-02-19 18:00:00,631.32501
2015-02-19 19:00:00,431.600005
2015-02-19 20:00:00,298.850005
2015-02-19 21:00:00,153.07500125
2015-02-19 22:00:00,53.3250005
2015-02-19 23:00:00,0.0
2015-02-20 00:00:00,0.0
2015-02-20 01:00:00,0.0
2015-02-20 02:00:00,0.0
2015-02-20 03:00:00,0.0
2015-02-20 04:00:00,0.0
2015-02-20 05:00:00,0.0
2015-02-20 06:00:00,0.0
2015-02-20 07:00:00,0.0
2015-02-20 08:00:00,0.0
2015-02-20 09:00:00,0.0
2015-02-20 10:00:00,39.8250005
2015-02-20 11:00:00,182.8750025
2015-02-20 12:00:00,339.2
2015-02-20 13:00:00,492.67499999999995
2015-02-20 14:00:00,665.075
2015-02-20 15:00:00,791.75
2015-02-20 16:00:00,821.07502
2015-02-20 17:00:00,777.15002
2015-02-20 18:00:00,689.525
2015-02-20 19:00:00,469.4
2015-02-20 20:00:00,246.125
2015-02-20 21:00:00,61.625001250000004
2015-02-20 22:00:00,35.025
2015-02-20 23:00:00,0.0
2015-02-21 00:00:00,0.0
2015-02-21 01:00:00,0.0
2015-02-21 02:00:00,0.0
2015-02-21 03:00:00,0.0
2015-02-21 04:00:00,0.0
2015-02-21 05:00:00,0.0
2015-02-21 06:00:00,0.0
2015-02-21 07:00:00,0.0
2015-02-21 08:00:00,0.0
2015-02-21 09:00:00,0.0
2015-02-21 10:00:00,30.35
2015-02-21 11:00:00,181.2
2015-02-21 12:00:00,359.875005
2015-02-21 13:00:00,477.72499999999997
2015-02-21 14:00:00,603.0500099999999
2015-02-21 15:00:00,726.675
2015-02-21 16:00:00,819.22501
2015-02-21 17:00:00,959.02502
2015-02-21 18:00:00,816.32502
2015-02-21 19:00:00,520.125
2015-02-21 20:00:00,217.225
2015-02-21 21:00:00,23.2
2015-02-21 22:00:00,4.35
2015-02-21 23:00:00,0.0
2015-02-22 00:00:00,0.0
2015-02-22 01:00:00,0.0
2015-02-22 02:00:00,0.0
2015-02-22 03:00:00,0.0
2015-02-22 04:00:00,0.0
2015-02-22 05:00:00,0.0
2015-02-22 06:00:00,0.0
2015-02-22 07:00:00,0.0
2015-02-22 08:00:00,0.0
2015-02-22 09:00:00,0.0
2015-02-22 10:00:00,37.075
2015-02-22 11:00:00,219.95
2015-02-22 12:00:00,361.825
2015-02-22 13:00:00,515.75
2015-02-22 14:00:00,617.8000133333334
2015-02-22 15:00:00,734.5250000000001
2015-02-22 16:00:00,778.22502
2015-02-22 17:00:00,787.2
2015-02-22 18:00:00,671.95
2015-02-22 19:00:00,454.225015
2015-02-22 20:00:00,196.70000249999998
2015-02-22 21:00:00,23.35
2015-02-22 22:00:00,3.0
2015-02-22 23:00:00,0.0
2015-02-23 00:00:00,0.0
2015-02-23 01:00:00,0.0
2015-02-23 02:00:00,0.0
2015-02-23 03:00:00,0.0
2015-02-23 04:00:00,0.0
2015-02-23 05:00:00,0.0
2015-02-23 06:00:00,0.0
2015-02-23 07:00:00,0.0
2015-02-23 08:00:00,0.0
2015-02-23 09:00:00,0.0
2015-02-23 10:00:00,24.0
2015-02-23 11:00:00,161.75
2015-02-23 12:00:00,343.025
2015-02-23 13:00:00,517.975
2015-02-23 14:00:00,692.60004
2015-02-23 15:00:00,800.85001
2015-02-23 16:00:00,898.02501
2015-02-23 17:00:00,954.15
2015-02-23 18:00:00,765.20002
2015-02-23 19:00:00,488.775
2015-02-23 20:00:00,180.750005
2015-02-23 21:00:00,8.933333666666668
2015-02-23 22:00:00,69.62500025
2015-02-23 23:00:00,0.0
2015-02-24 00:00:00,0.0
2015-02-24 01:00:00,0.0
2015-02-24 02:00:00,0.0
2015-02-24 03:00:00,0.0
2015-02-24 04:00:00,0.0
2015-02-24 05:00:00,0.0
2015-02-24 06:00:00,0.0
2015-02-24 07:00:00,0.0
2015-02-24 08:00:00,0.0
2015-02-24 09:00:00,0.0
2015-02-24 10:00:00,28.375
2015-02-24 11:00:00,202.05000375
2015-02-24 12:00:00,433.95001
2015-02-24 13:00:00,635.05002
2015-02-24 14:00:00,773.4
2015-02-24 15:00:00,894.60001
2015-02-24 16:00:00,881.42501
2015-02-24 17:00:00,730.45002
2015-02-24 18:00:00,562.925015
2015-02-24 19:00:00,371.850005
2015-02-24 20:00:00,217.075005
2015-02-24 21:00:00,61.275
2015-02-24 22:00:00,3.25
2015-02-24 23:00:00,0.0
2015-02-25 00:00:00,0.0
2015-02-25 01:00:00,0.0
2015-02-25 02:00:00,0.0
2015-02-25 03:00:00,0.0
2015-02-25 04:00:00,0.0
2015-02-25 05:00:00,0.0
2015-02-25 06:00:00,0.0
2015-02-25 07:00:00,0.0
2015-02-25 08:00:00,0.0
2015-02-25 09:00:00,0.0
2015-02-25 10:00:00,32.225
2015-02-25 11:00:00,236.27499999999998
2015-02-25 12:00:00,455.250005
2015-02-25 13:00:00,670.50001
2015-02-25 14:00:00,849.5250100000001
2015-02-25 15:00:00,940.00003
2015-02-25 16:00:00,994.6750099999999
2015-02-25 17:00:00,1004.075
2015-02-25 18:00:00,908.8000099999999
2015-02-25 19:00:00,744.65
2015-02-25 20:00:00,523.925
2015-02-25 21:00:00,116.87500125
2015-02-25 22:00:00,0.0
2015-02-25 23:00:00,0.0
2015-02-26 00:00:00,0.0
2015-02-26 01:00:00,0.0
2015-02-26 02:00:00,0.0
2015-02-26 03:00:00,0.0
2015-02-26 04:00:00,0.0
2015-02-26 05:00:00,0.0
2015-02-26 06:00:00,0.0
2015-02-26 07:00:00,0.0
2015-02-26 08:00:00,0.0
2015-02-26 09:00:00,0.0
2015-02-26 10:00:00,21.725
2015-02-26 11:00:00,163.20000125
2015-02-26 12:00:00,283.6750125
2015-02-26 13:00:00,394.8
2015-02-26 14:00:00,542.750005
2015-02-26 15:00:00,741.4000100000001
2015-02-26 16:00:00,774.52502
2015-02-26 17:00:00,661.575
2015-02-26 18:00:00,610.7
2015-02-26 19:00:00,438.700015
2015-02-26 20:00:00,181.3750005
2015-02-26 21:00:00,6.9
2015-02-26 22:00:00,1.975
2015-02-26 23:00:00,0.0
2015-02-27 00:00:00,0.0
2015-02-27 01:00:00,0.0
2015-02-27 02:00:00,0.0
2015-02-27 03:00:00,0.0
2015-02-27 04:00:00,0.0
2015-02-27 05:00:00,0.0
2015-02-27 06:00:00,0.0
2015-02-27 07:00:00,0.0
2015-02-27 08:00:00,0.0
2015-02-27 09:00:00,0.0
2015-02-27 10:00:00,28.575001750000002
2015-02-27 11:00:00,194.25000875
2015-02-27 12:00:00,370.82500500000003
2015-02-27 13:00:00,459.42501
2015-02-27 14:00:00,536.2
2015-02-27 15:00:00,703.0250100000001
2015-02-27 16:00:00,774.4749999999999
2015-02-27 17:00:00,895.075
2015-02-27 18:00:00,800.00001
2015-02-27 19:00:00,539.425
2015-02-27 20:00:00,246.0500075
2015-02-27 21:00:00,101.75
2015-02-27 22:00:00,9.4
2015-02-27 23:00:00,0.0
2015-02-28 00:00:00,0.0
2015-02-28 01:00:00,0.0
2015-02-28 02:00:00,0.0
2015-02-28 03:00:00,0.0
2015-02-28 04:00:00,0.0
2015-02-28 05:00:00,0.0
2015-02-28 06:00:00,0.0
2015-02-28 07:00:00,0.0
2015-02-28 08:00:00,0.0
2015-02-28 09:00:00,0.0
2015-02-28 10:00:00,25.250001500000003
2015-02-28 11:00:00,188.625
2015-02-28 12:00:00,375.525005
2015-02-28 13:00:00,594.0250100000001
2015-02-28 14:00:00,740.50001
2015-02-28 15:00:00,849.7750100000001
2015-02-28 16:00:00,880.12502
2015-02-28 17:00:00,788.9000100000001
2015-02-28 18:00:00,522.200005
2015-02-28 19:00:00,401.025
2015-02-28 20:00:00,302.6000075
2015-02-28 21:00:00,97.6250005
2015-02-28 22:00:00,47.8500025
2015-02-28 23:00:00,0.0
2015-03-01 00:00:00,0.0
2015-03-01 01:00:00,0.0
2015-03-01 02:00:00,0.0
2015-03-01 03:00:00,0.0
2015-03-01 04:00:00,0.0
2015-03-01 05:00:00,0.0
2015-03-01 06:00:00,0.0
2015-03-01 07:00:00,0.0
2015-03-01 08:00:00,0.0
2015-03-01 09:00:00,0.0
2015-03-01 10:00:00,28.475
2015-03-01 11:00:00,193.750005
2015-03-01 12:00:00,484.65002000000004
2015-03-01 13:00:00,678.65
2015-03-01 14:00:00,874.00002
2015-03-01 15:00:00,996.32503
2015-03-01 16:00:00,1045.800025
2015-03-01 17:00:00,1017.700025
2015-03-01 18:00:00,909.1000200000001
2015-03-01 19:00:00,741.3500200000001
2015-03-01 20:00:00,522.500025
2015-03-01 21:00:00,254.1
2015-03-01 22:00:00,44.1
2015-03-01 23:00:00,0.0
2015-03-02 00:00:00,0.0
2015-03-02 01:00:00,0.0
2015-03-02 02:00:00,0.0
2015-03-02 03:00:00,0.0
2015-03-02 04:00:00,0.0
2015-03-02 05:00:00,0.0
2015-03-02 06:00:00,0.0
2015-03-02 07:00:00,0.0
2015-03-02 08:00:00,0.0
2015-03-02 09:00:00,0.0
2015-03-02 10:00:00,21.6
2015-03-02 11:00:00,181.9
2015-03-02 12:00:00,371.95
2015-03-02 13:00:00,475.475005
2015-03-02 14:00:00,585.2
2015-03-02 15:00:00,805.825
2015-03-02 16:00:00,890.82501
2015-03-02 17:00:00,829.02502
2015-03-02 18:00:00,753.025
2015-03-02 19:00:00,484.52500499999996
2015-03-02 20:00:00,216.625
2015-03-02 21:00:00,42.17500125
2015-03-02 22:00:00,7.800000024999999
2015-03-02 23:00:00,0.0
2015-03-03 00:00:00,0.0
2015-03-03 01:00:00,0.0
2015-03-03 02:00:00,0.0
2015-03-03 03:00:00,0.0
2015-03-03 04:00:00,0.0
2015-03-03 05:00:00,0.0
2015-03-03 06:00:00,0.0
2015-03-03 07:00:00,0.0
2015-03-03 08:00:00,0.0
2015-03-03 09:00:00,0.0
2015-03-03 10:00:00,25.625
2015-03-03 11:00:00,156.72500250000002
2015-03-03 12:00:00,393.5
2015-03-03 13:00:00,501.550025
2015-03-03 14:00:00,765.7
2015-03-03 15:00:00,847.6000200000001
2015-03-03 16:00:00,747.2750000000001
2015-03-03 17:00:00,323.100005
2015-03-03 18:00:00,377.600005
2015-03-03 19:00:00,298.775
2015-03-03 20:00:00,319.67501000000004
2015-03-03 21:00:00,129.0000025
2015-03-03 22:00:00,0.525
2015-03-03 23:00:00,0.0
2015-03-04 00:00:00,0.0
2015-03-04 01:00:00,0.0
2015-03-04 02:00:00,0.0
2015-03-04 03:00:00,0.0
2015-03-04 04:00:00,0.0
2015-03-04 05:00:00,0.0
2015-03-04 06:00:00,0.0
2015-03-04 07:00:00,0.0
2015-03-04 08:00:00,0.0
2015-03-04 09:00:00,0.0
2015-03-04 10:00:00,12.425000075
2015-03-04 11:00:00,140.57500125
2015-03-04 12:00:00,295.15
2015-03-04 13:00:00,357.67501000000004
2015-03-04 14:00:00,401.67501
2015-03-04 15:00:00,605.825015
2015-03-04 16:00:00,709.85
2015-03-04 17:00:00,788.175
2015-03-04 18:00:00,742.7
2015-03-04 19:00:00,550.12501
2015-03-04 20:00:00,458.875005
2015-03-04 21:00:00,292.65
2015-03-04 22:00:00,48.6250025
2015-03-04 23:00:00,0.0
2015-03-05 00:00:00,0.0
2015-03-05 01:00:00,0.0
2015-03-05 02:00:00,0.0
2015-03-05 03:00:00,0.0
2015-03-05 04:00:00,0.0
2015-03-05 05:00:00,0.0
2015-03-05 06:00:00,0.0
2015-03-05 07:00:00,0.0
2015-03-05 08:00:00,0.0
2015-03-05 09:00:00,0.0
2015-03-05 10:00:00,30.466668333333335
2015-03-05 11:00:00,187.7000025
2015-03-05 12:00:00,357.350005
2015-03-05 13:00:00,505.175005
2015-03-05 14:00:00,548.70001
2015-03-05 15:00:00,780.47502
2015-03-05 16:00:00,893.47501
2015-03-05 17:00:00,747.00001
2015-03-05 18:00:00,721.925
2015-03-05 19:00:00,529.375
2015-03-05 20:00:00,341.500005
2015-03-05 21:00:00,107.425
2015-03-05 22:00:00,0.0
2015-03-05 23:00:00,0.0
2015-03-06 00:00:00,0.0
2015-03-06 01:00:00,0.0
2015-03-06 02:00:00,0.0
2015-03-06 03:00:00,0.0
2015-03-06 04:00:00,0.0
2015-03-06 05:00:00,0.0
2015-03-06 06:00:00,0.0
2015-03-06 07:00:00,0.0
2015-03-06 08:00:00,0.0
2015-03-06 09:00:00,0.0
2015-03-06 10:00:00,16.42500025
2015-03-06 11:00:00,140.475
2015-03-06 12:00:00,295.7500075
2015-03-06 13:00:00,448.375
2015-03-06 14:00:00,687.55
2015-03-06 15:00:00,928.5500099999999
2015-03-06 16:00:00,997.87501
2015-03-06 17:00:00,972.825
2015-03-06 18:00:00,790.72501
2015-03-06 19:00:00,549.85001
2015-03-06 20:00:00,398.975
2015-03-06 21:00:00,124.0000025
2015-03-06 22:00:00,18.9000005
2015-03-06 23:00:00,0.0
2015-03-07 00:00:00,0.0
2015-03-07 01:00:00,0.0
2015-03-07 02:00:00,0.0
2015-03-07 03:00:00,0.0
2015-03-07 04:00:00,0.0
2015-03-07 05:00:00,0.0
2015-03-07 06:00:00,0.0
2015-03-07 07:00:00,0.0
2015-03-07 08:00:00,0.0
2015-03-07 09:00:00,0.0
2015-03-07 10:00:00,18.6
2015-03-07 11:00:00,197.30000125
2015-03-07 12:00:00,450.6
2015-03-07 13:00:00,669.50001
2015-03-07 14:00:00,810.625
2015-03-07 15:00:00,983.97502
2015-03-07 16:00:00,1031.675025
2015-03-07 17:00:00,1003.175035
2015-03-07 18:00:00,899.9749999999999
2015-03-07 19:00:00,659.62502
2015-03-07 20:00:00,445.45
2015-03-07 21:00:00,216.25
2015-03-07 22:00:00,58.325
2015-03-07 23:00:00,0.0
2015-03-08 00:00:00,0.0
2015-03-08 01:00:00,0.0
2015-03-08 02:00:00,0.0
2015-03-08 03:00:00,0.0
2015-03-08 04:00:00,0.0
2015-03-08 05:00:00,0.0
2015-03-08 06:00:00,0.0
2015-03-08 07:00:00,0.0
2015-03-08 08:00:00,0.0
2015-03-08 09:00:00,0.0
2015-03-08 10:00:00,21.85
2015-03-08 11:00:00,186.15000125
2015-03-08 12:00:00,351.9
2015-03-08 13:00:00,468.6
2015-03-08 14:00:00,802.60002
2015-03-08 15:00:00,986.475
2015-03-08 16:00:00,1033.50005
2015-03-08 17:00:00,992.05002
2015-03-08 18:00:00,793.0250100000001
2015-03-08 19:00:00,596.675
2015-03-08 20:00:00,398.300005
2015-03-08 21:00:00,207.82500249999998
2015-03-08 22:00:00,30.050000250000004
2015-03-08 23:00:00,0.0
2015-03-09 00:00:00,0.0
2015-03-09 01:00:00,0.0
2015-03-09 02:00:00,0.0
2015-03-09 03:00:00,0.0
2015-03-09 04:00:00,0.0
2015-03-09 05:00:00,0.0
2015-03-09 06:00:00,0.0
2015-03-09 07:00:00,0.0
2015-03-09 08:00:00,0.0
2015-03-09 09:00:00,0.0
2015-03-09 10:00:00,18.65
2015-03-09 11:00:00,198.575
2015-03-09 12:00:00,418.600005
2015-03-09 13:00:00,660.85
2015-03-09 14:00:00,850.75001
2015-03-09 15:00:00,950.35
2015-03-09 16:00:00,992.22504
2015-03-09 17:00:00,895.52501
2015-03-09 18:00:00,718.375
2015-03-09 19:00:00,453.70000500000003
2015-03-09 20:00:00,156.77500375
2015-03-09 21:00:00,88.40000125
2015-03-09 22:00:00,13.75
2015-03-09 23:00:00,0.0
2015-03-10 00:00:00,0.0
2015-03-10 01:00:00,0.0
2015-03-10 02:00:00,0.0
2015-03-10 03:00:00,0.0
2015-03-10 04:00:00,0.0
2015-03-10 05:00:00,0.0
2015-03-10 06:00:00,0.0
2015-03-10 07:00:00,0.0
2015-03-10 08:00:00,0.0
2015-03-10 09:00:00,0.0
2015-03-10 10:00:00,19.550000500000003
2015-03-10 11:00:00,149.77499999999998
2015-03-10 12:00:00,302.5
2015-03-10 13:00:00,463.075
2015-03-10 14:00:00,616.075
2015-03-10 15:00:00,807.95
2015-03-10 16:00:00,967.0
2015-03-10 17:00:00,937.55
2015-03-10 18:00:00,834.525
2015-03-10 19:00:00,618.50002
2015-03-10 20:00:00,381.075
2015-03-10 21:00:00,184.7
2015-03-10 22:00:00,43.7
2015-03-10 23:00:00,0.0
2015-03-11 00:00:00,0.0
2015-03-11 01:00:00,0.0
2015-03-11 02:00:00,0.0
2015-03-11 03:00:00,0.0
2015-03-11 04:00:00,0.0
2015-03-11 05:00:00,0.0
2015-03-11 06:00:00,0.0
2015-03-11 07:00:00,0.0
2015-03-11 08:00:00,0.0
2015-03-11 09:00:00,0.0
2015-03-11 10:00:00,16.974999999999998
2015-03-11 11:00:00,171.67500125
2015-03-11 12:00:00,348.675005
2015-03-11 13:00:00,535.5
2015-03-11 14:00:00,665.625
2015-03-11 15:00:00,941.97501
2015-03-11 16:00:00,1002.625
2015-03-11 17:00:00,972.97501
2015-03-11 18:00:00,870.97502
2015-03-11 19:00:00,703.80002
2015-03-11 20:00:00,473.600015
2015-03-11 21:00:00,182.825005
2015-03-11 22:00:00,13.174999999999999
2015-03-11 23:00:00,0.0
2015-03-12 00:00:00,0.0
2015-03-12 01:00:00,0.0
2015-03-12 02:00:00,0.0
2015-03-12 03:00:00,0.0
2015-03-12 04:00:00,0.0
2015-03-12 05:00:00,0.0
2015-03-12 06:00:00,0.0
2015-03-12 07:00:00,0.0
2015-03-12 08:00:00,0.0
2015-03-12 09:00:00,0.0
2015-03-12 10:00:00,17.35000025
2015-03-12 11:00:00,188.05
2015-03-12 12:00:00,432.82500500000003
2015-03-12 13:00:00,672.22502
2015-03-12 14:00:00,865.3
2015-03-12 15:00:00,984.82503
2015-03-12 16:00:00,1031.025025
2015-03-12 17:00:00,1001.0
2015-03-12 18:00:00,898.1750099999999
2015-03-12 19:00:00,731.10001
2015-03-12 20:00:00,513.900005
2015-03-12 21:00:00,242.075005
2015-03-12 22:00:00,36.875
2015-03-12 23:00:00,0.0
2015-03-13 00:00:00,0.0
2015-03-13 01:00:00,0.0
2015-03-13 02:00:00,0.0
2015-03-13 03:00:00,0.0
2015-03-13 04:00:00,0.0
2015-03-13 05:00:00,0.0
2015-03-13 06:00:00,0.0
2015-03-13 07:00:00,0.0
2015-03-13 08:00:00,0.0
2015-03-13 09:00:00,0.0
2015-03-13 10:00:00,17.5
2015-03-13 11:00:00,203.4500075
2015-03-13 12:00:00,431.05
2015-03-13 13:00:00,596.55
2015-03-13 14:00:00,829.0250100000001
2015-03-13 15:00:00,958.3000099999999
2015-03-13 16:00:00,1007.57501
2015-03-13 17:00:00,977.875
2015-03-13 18:00:00,868.45001
2015-03-13 19:00:00,635.25001
2015-03-13 20:00:00,488.45001
2015-03-13 21:00:00,34.775
2015-03-13 22:00:00,0.0
2015-03-13 23:00:00,0.0
2015-03-14 00:00:00,0.0
2015-03-14 01:00:00,0.0
2015-03-14 02:00:00,0.0
2015-03-14 03:00:00,0.0
2015-03-14 04:00:00,0.0
2015-03-14 05:00:00,0.0
2015-03-14 06:00:00,0.0
2015-03-14 07:00:00,0.0
2015-03-14 08:00:00,0.0
2015-03-14 09:00:00,0.0
2015-03-14 10:00:00,15.5
2015-03-14 11:00:00,193.95000125
2015-03-14 12:00:00,412.000005
2015-03-14 13:00:00,492.77501
2015-03-14 14:00:00,795.52502
2015-03-14 15:00:00,899.8499999999999
2015-03-14 16:00:00,835.82501
2015-03-14 17:00:00,481.375
2015-03-14 18:00:00,222.625
2015-03-14 19:00:00,381.225
2015-03-14 20:00:00,156.22500250000002
2015-03-14 21:00:00,68.875
2015-03-14 22:00:00,0.0
2015-03-14 23:00:00,0.0
2015-03-15 00:00:00,0.0
2015-03-15 01:00:00,0.0
2015-03-15 02:00:00,0.0
2015-03-15 03:00:00,0.0
2015-03-15 04:00:00,0.0
2015-03-15 05:00:00,0.0
2015-03-15 06:00:00,0.0
2015-03-15 07:00:00,0.0
2015-03-15 08:00:00,0.0
2015-03-15 09:00:00,0.0
2015-03-15 10:00:00,11.475000000000001
2015-03-15 11:00:00,183.7000075
2015-03-15 12:00:00,399.70000000000005
2015-03-15 13:00:00,571.72501
2015-03-15 14:00:00,764.95
2015-03-15 15:00:00,851.00001
2015-03-15 16:00:00,779.07502
2015-03-15 17:00:00,650.92501
2015-03-15 18:00:00,502.325
2015-03-15 19:00:00,331.75001
2015-03-15 20:00:00,392.925
2015-03-15 21:00:00,35.474999999999994
2015-03-15 22:00:00,0.0
2015-03-15 23:00:00,0.0
2015-03-16 00:00:00,0.0
2015-03-16 01:00:00,0.0
2015-03-16 02:00:00,0.0
2015-03-16 03:00:00,0.0
2015-03-16 04:00:00,0.0
2015-03-16 05:00:00,0.0
2015-03-16 06:00:00,0.0
2015-03-16 07:00:00,0.0
2015-03-16 08:00:00,0.0
2015-03-16 09:00:00,0.0
2015-03-16 10:00:00,13.225
2015-03-16 11:00:00,139.32500249999998
2015-03-16 12:00:00,314.400005
2015-03-16 13:00:00,476.325005
2015-03-16 14:00:00,587.60002
2015-03-16 15:00:00,644.825
2015-03-16 16:00:00,697.30002
2015-03-16 17:00:00,739.42501
2015-03-16 18:00:00,652.175
2015-03-16 19:00:00,361.825
2015-03-16 20:00:00,273.275
2015-03-16 21:00:00,89.7
2015-03-16 22:00:00,0.0
2015-03-16 23:00:00,0.0
2015-03-17 00:00:00,0.0
2015-03-17 01:00:00,0.0
2015-03-17 02:00:00,0.0
2015-03-17 03:00:00,0.0
2015-03-17 04:00:00,0.0
2015-03-17 05:00:00,0.0
2015-03-17 06:00:00,0.0
2015-03-17 07:00:00,0.0
2015-03-17 08:00:00,0.0
2015-03-17 09:00:00,0.0
2015-03-17 10:00:00,8.1
2015-03-17 11:00:00,139.4000025
2015-03-17 12:00:00,282.85
2015-03-17 13:00:00,439.17501000000004
2015-03-17 14:00:00,483.925005
2015-03-17 15:00:00,673.60001
2015-03-17 16:00:00,770.90001
2015-03-17 17:00:00,795.375
2015-03-17 18:00:00,637.7
2015-03-17 19:00:00,249.1750025
2015-03-17 20:00:00,129.25
2015-03-17 21:00:00,8.25
2015-03-17 22:00:00,2.15
2015-03-17 23:00:00,0.0
2015-03-18 00:00:00,0.0
2015-03-18 01:00:00,0.0
2015-03-18 02:00:00,0.0
2015-03-18 03:00:00,0.0
2015-03-18 04:00:00,0.0
2015-03-18 05:00:00,0.0
2015-03-18 06:00:00,0.0
2015-03-18 07:00:00,0.0
2015-03-18 08:00:00,0.0
2015-03-18 09:00:00,0.0
2015-03-18 10:00:00,11.775000075
2015-03-18 11:00:00,118.77499999999999
2015-03-18 12:00:00,344.4
2015-03-18 13:00:00,477.975015
2015-03-18 14:00:00,686.625
2015-03-18 15:00:00,869.9
2015-03-18 16:00:00,980.35004
2015-03-18 17:00:00,932.3000099999999
2015-03-18 18:00:00,793.275
2015-03-18 19:00:00,644.2249999999999
2015-03-18 20:00:00,286.07500500000003
2015-03-18 21:00:00,50.05000125
2015-03-18 22:00:00,0.0
2015-03-18 23:00:00,0.0
2015-03-19 00:00:00,0.0
2015-03-19 01:00:00,0.0
2015-03-19 02:00:00,0.0
2015-03-19 03:00:00,0.0
2015-03-19 04:00:00,0.0
2015-03-19 05:00:00,0.0
2015-03-19 06:00:00,0.0
2015-03-19 07:00:00,0.0
2015-03-19 08:00:00,0.0
2015-03-19 09:00:00,0.0
2015-03-19 10:00:00,5.975
2015-03-19 11:00:00,160.97500125
2015-03-19 12:00:00,339.400005
2015-03-19 13:00:00,546.075
2015-03-19 14:00:00,793.075
2015-03-19 15:00:00,879.20002
2015-03-19 16:00:00,618.32501
2015-03-19 17:00:00,433.725
2015-03-19 18:00:00,560.6750099999999
2015-03-19 19:00:00,654.37502
2015-03-19 20:00:00,342.6000025
2015-03-19 21:00:00,88.80000050000001
2015-03-19 22:00:00,19.95
2015-03-19 23:00:00,0.0
2015-03-20 00:00:00,0.0
2015-03-20 01:00:00,0.0
2015-03-20 02:00:00,0.0
2015-03-20 03:00:00,0.0
2015-03-20 04:00:00,0.0
2015-03-20 05:00:00,0.0
2015-03-20 06:00:00,0.0
2015-03-20 07:00:00,0.0
2015-03-20 08:00:00,0.0
2015-03-20 09:00:00,0.0
2015-03-20 10:00:00,11.4750005
2015-03-20 11:00:00,175.025
2015-03-20 12:00:00,425.47499999999997
2015-03-20 13:00:00,651.20001
2015-03-20 14:00:00,826.95002
2015-03-20 15:00:00,937.95001
2015-03-20 16:00:00,977.825
2015-03-20 17:00:00,886.6
2015-03-20 18:00:00,613.925005
2015-03-20 19:00:00,415.97501
2015-03-20 20:00:00,147.0
2015-03-20 21:00:00,27.95
2015-03-20 22:00:00,0.0
2015-03-20 23:00:00,0.0
2015-03-21 00:00:00,0.0
2015-03-21 01:00:00,0.0
2015-03-21 02:00:00,0.0
2015-03-21 03:00:00,0.0
2015-03-21 04:00:00,0.0
2015-03-21 05:00:00,0.0
2015-03-21 06:00:00,0.0
2015-03-21 07:00:00,0.0
2015-03-21 08:00:00,0.0
2015-03-21 09:00:00,0.0
2015-03-21 10:00:00,11.6250005
2015-03-21 11:00:00,170.30000125
2015-03-21 12:00:00,402.5
2015-03-21 13:00:00,562.8500200000001
2015-03-21 14:00:00,638.37501
2015-03-21 15:00:00,864.075
2015-03-21 16:00:00,941.7
2015-03-21 17:00:00,618.025
2015-03-21 18:00:00,636.4
2015-03-21 19:00:00,335.9
2015-03-21 20:00:00,233.15001
2015-03-21 21:00:00,97.6
2015-03-21 22:00:00,0.0
2015-03-21 23:00:00,0.0
2015-03-22 00:00:00,0.0
2015-03-22 01:00:00,0.0
2015-03-22 02:00:00,0.0
2015-03-22 03:00:00,0.0
2015-03-22 04:00:00,0.0
2015-03-22 05:00:00,0.0
2015-03-22 06:00:00,0.0
2015-03-22 07:00:00,0.0
2015-03-22 08:00:00,0.0
2015-03-22 09:00:00,0.0
2015-03-22 10:00:00,11.35
2015-03-22 11:00:00,116.47500124999999
2015-03-22 12:00:00,243.02500500000002
2015-03-22 13:00:00,372.825005
2015-03-22 14:00:00,490.25001000000003
2015-03-22 15:00:00,626.2750100000001
2015-03-22 16:00:00,648.575
2015-03-22 17:00:00,582.225
2015-03-22 18:00:00,590.20001
2015-03-22 19:00:00,317.59999999999997
2015-03-22 20:00:00,159.225
2015-03-22 21:00:00,34.025
2015-03-22 22:00:00,0.0
2015-03-22 23:00:00,0.0
2015-03-23 00:00:00,0.0
2015-03-23 01:00:00,0.0
2015-03-23 02:00:00,0.0
2015-03-23 03:00:00,0.0
2015-03-23 04:00:00,0.0
2015-03-23 05:00:00,0.0
2015-03-23 06:00:00,0.0
2015-03-23 07:00:00,0.0
2015-03-23 08:00:00,0.0
2015-03-23 09:00:00,0.0
2015-03-23 10:00:00,5.25
2015-03-23 11:00:00,119.025
2015-03-23 12:00:00,251.95000249999998
2015-03-23 13:00:00,359.65
2015-03-23 14:00:00,393.925
2015-03-23 15:00:00,382.025
2015-03-23 16:00:00,346.425005
2015-03-23 17:00:00,378.200005
2015-03-23 18:00:00,337.275005
2015-03-23 19:00:00,265.675005
2015-03-23 20:00:00,176.22500250000002
2015-03-23 21:00:00,75.0
2015-03-23 22:00:00,8.225000000000001
2015-03-23 23:00:00,0.0
2015-03-24 00:00:00,0.0
2015-03-24 01:00:00,0.0
2015-03-24 02:00:00,0.0
2015-03-24 03:00:00,0.0
2015-03-24 04:00:00,0.0
2015-03-24 05:00:00,0.0
2015-03-24 06:00:00,0.0
2015-03-24 07:00:00,0.0
2015-03-24 08:00:00,0.0
2015-03-24 09:00:00,0.0
2015-03-24 10:00:00,8.675
2015-03-24 11:00:00,163.5
2015-03-24 12:00:00,240.475005
2015-03-24 13:00:00,354.525
2015-03-24 14:00:00,421.525
2015-03-24 15:00:00,437.17501000000004
2015-03-24 16:00:00,345.0
2015-03-24 17:00:00,292.725
2015-03-24 18:00:00,273.4
2015-03-24 19:00:00,219.475
2015-03-24 20:00:00,147.7250025
2015-03-24 21:00:00,27.32500075
2015-03-24 22:00:00,0.0
2015-03-24 23:00:00,0.0
2015-03-25 00:00:00,0.0
2015-03-25 01:00:00,0.0
2015-03-25 02:00:00,0.0
2015-03-25 03:00:00,0.0
2015-03-25 04:00:00,0.0
2015-03-25 05:00:00,0.0
2015-03-25 06:00:00,0.0
2015-03-25 07:00:00,0.0
2015-03-25 08:00:00,0.0
2015-03-25 09:00:00,0.0
2015-03-25 10:00:00,3.75
2015-03-25 11:00:00,95.87500125
2015-03-25 12:00:00,228.45000249999998
2015-03-25 13:00:00,330.825
2015-03-25 14:00:00,424.2
2015-03-25 15:00:00,530.325005
2015-03-25 16:00:00,532.70002
2015-03-25 17:00:00,546.20001
2015-03-25 18:00:00,571.32501
2015-03-25 19:00:00,385.85
2015-03-25 20:00:00,217.2500025
2015-03-25 21:00:00,56.199999999999996
2015-03-25 22:00:00,16.475
2015-03-25 23:00:00,0.0
2015-03-26 00:00:00,0.0
2015-03-26 01:00:00,0.0
2015-03-26 02:00:00,0.0
2015-03-26 03:00:00,0.0
2015-03-26 04:00:00,0.0
2015-03-26 05:00:00,0.0
2015-03-26 06:00:00,0.0
2015-03-26 07:00:00,0.0
2015-03-26 08:00:00,0.0
2015-03-26 09:00:00,0.0
2015-03-26 10:00:00,9.55
2015-03-26 11:00:00,117.6500025
2015-03-26 12:00:00,263.725005
2015-03-26 13:00:00,379.20000500000003
2015-03-26 14:00:00,501.45
2015-03-26 15:00:00,609.7
2015-03-26 16:00:00,462.67499999999995
2015-03-26 17:00:00,425.87501
2015-03-26 18:00:00,371.25
2015-03-26 19:00:00,250.7000075
2015-03-26 20:00:00,85.57499999999999
2015-03-26 21:00:00,2.625
2015-03-26 22:00:00,3.0
2015-03-26 23:00:00,0.0
2015-03-27 00:00:00,0.0
2015-03-27 01:00:00,0.0
2015-03-27 02:00:00,0.0
2015-03-27 03:00:00,0.0
2015-03-27 04:00:00,0.0
2015-03-27 05:00:00,0.0
2015-03-27 06:00:00,0.0
2015-03-27 07:00:00,0.0
2015-03-27 08:00:00,0.0
2015-03-27 09:00:00,0.0
2015-03-27 10:00:00,9.075
2015-03-27 11:00:00,158.80000625
2015-03-27 12:00:00,362.07500500000003
2015-03-27 13:00:00,561.85
2015-03-27 14:00:00,763.975
2015-03-27 15:00:00,850.20001
2015-03-27 16:00:00,849.42501
2015-03-27 17:00:00,714.70001
2015-03-27 18:00:00,535.87502
2015-03-27 19:00:00,399.97501
2015-03-27 20:00:00,286.475
2015-03-27 21:00:00,34.30000125
2015-03-27 22:00:00,1.775
2015-03-27 23:00:00,0.0
2015-03-28 00:00:00,0.0
2015-03-28 01:00:00,0.0
2015-03-28 02:00:00,0.0
2015-03-28 03:00:00,0.0
2015-03-28 04:00:00,0.0
2015-03-28 05:00:00,0.0
2015-03-28 06:00:00,0.0
2015-03-28 07:00:00,0.0
2015-03-28 08:00:00,0.0
2015-03-28 09:00:00,0.0
2015-03-28 10:00:00,7.975
2015-03-28 11:00:00,163.10000125
2015-03-28 12:00:00,420.70001
2015-03-28 13:00:00,642.30001
2015-03-28 14:00:00,816.5
2015-03-28 15:00:00,926.97501
2015-03-28 16:00:00,966.35
2015-03-28 17:00:00,857.05001
2015-03-28 18:00:00,656.32501
2015-03-28 19:00:00,429.57501
2015-03-28 20:00:00,337.625005
2015-03-28 21:00:00,106.05
2015-03-28 22:00:00,0.8
2015-03-28 23:00:00,0.0
2015-03-29 00:00:00,0.0
2015-03-29 01:00:00,0.0
2015-03-29 02:00:00,0.0
2015-03-29 03:00:00,0.0
2015-03-29 04:00:00,0.0
2015-03-29 05:00:00,0.0
2015-03-29 06:00:00,0.0
2015-03-29 07:00:00,0.0
2015-03-29 08:00:00,0.0
2015-03-29 09:00:00,0.0
2015-03-29 10:00:00,8.75
2015-03-29 11:00:00,170.175
2015-03-29 12:00:00,418.125005
2015-03-29 13:00:00,642.3499999999999
2015-03-29 14:00:00,819.05
2015-03-29 15:00:00,930.4
2015-03-29 16:00:00,970.275
2015-03-29 17:00:00,933.32502
2015-03-29 18:00:00,814.32501
2015-03-29 19:00:00,639.30003
2015-03-29 20:00:00,418.000005
2015-03-29 21:00:00,165.57500125
2015-03-29 22:00:00,10.150000075
2015-03-29 23:00:00,0.0
2015-03-30 00:00:00,0.0
2015-03-30 01:00:00,0.0
2015-03-30 02:00:00,0.0
2015-03-30 03:00:00,0.0
2015-03-30 04:00:00,0.0
2015-03-30 05:00:00,0.0
2015-03-30 06:00:00,0.0
2015-03-30 07:00:00,0.0
2015-03-30 08:00:00,0.0
2015-03-30 09:00:00,0.0
2015-03-30 10:00:00,6.625
2015-03-30 11:00:00,149.17500375
2015-03-30 12:00:00,413.100005
2015-03-30 13:00:00,638.125
2015-03-30 14:00:00,815.925
2015-03-30 15:00:00,930.10001
2015-03-30 16:00:00,970.2
2015-03-30 17:00:00,932.575
2015-03-30 18:00:00,820.575
2015-03-30 19:00:00,645.6
2015-03-30 20:00:00,423.70001
2015-03-30 21:00:00,181.70000249999998
2015-03-30 22:00:00,11.2500005
2015-03-30 23:00:00,0.0
2015-03-31 00:00:00,0.0
2015-03-31 01:00:00,0.0
2015-03-31 02:00:00,0.0
2015-03-31 03:00:00,0.0
2015-03-31 04:00:00,0.0
2015-03-31 05:00:00,0.0
2015-03-31 06:00:00,0.0
2015-03-31 07:00:00,0.0
2015-03-31 08:00:00,0.0
2015-03-31 09:00:00,0.0
2015-03-31 10:00:00,8.05
2015-03-31 11:00:00,156.5750025
2015-03-31 12:00:00,303.125
2015-03-31 13:00:00,469.925005
2015-03-31 14:00:00,583.575
2015-03-31 15:00:00,665.50001
2015-03-31 16:00:00,685.925
2015-03-31 17:00:00,760.62501
2015-03-31 18:00:00,730.125
2015-03-31 19:00:00,536.075
2015-03-31 20:00:00,246.200005
2015-03-31 21:00:00,63.70000125
2015-03-31 22:00:00,5.900000250000001
2015-03-31 23:00:00,0.0
2015-04-01 00:00:00,0.0
2015-04-01 01:00:00,0.0
2015-04-01 02:00:00,0.0
2015-04-01 03:00:00,0.0
2015-04-01 04:00:00,0.0
2015-04-01 05:00:00,0.0
2015-04-01 06:00:00,0.0
2015-04-01 07:00:00,0.0
2015-04-01 08:00:00,0.0
2015-04-01 09:00:00,0.0
2015-04-01 10:00:00,5.925
2015-04-01 11:00:00,145.25
2015-04-01 12:00:00,404.175
2015-04-01 13:00:00,621.32502
2015-04-01 14:00:00,797.75001
2015-04-01 15:00:00,908.6750099999999
2015-04-01 16:00:00,948.05001
2015-04-01 17:00:00,912.325
2015-04-01 18:00:00,803.50001
2015-04-01 19:00:00,631.60002
2015-04-01 20:00:00,412.725
2015-04-01 21:00:00,171.55
2015-04-01 22:00:00,8.6500005
2015-04-01 23:00:00,0.0
2015-04-02 00:00:00,0.0
2015-04-02 01:00:00,0.0
2015-04-02 02:00:00,0.0
2015-04-02 03:00:00,0.0
2015-04-02 04:00:00,0.0
2015-04-02 05:00:00,0.0
2015-04-02 06:00:00,0.0
2015-04-02 07:00:00,0.0
2015-04-02 08:00:00,0.0
2015-04-02 09:00:00,0.0
2015-04-02 10:00:00,5.975
2015-04-02 11:00:00,131.95
2015-04-02 12:00:00,359.600005
2015-04-02 13:00:00,610.575
2015-04-02 14:00:00,787.9250099999999
2015-04-02 15:00:00,896.4250099999999
2015-04-02 16:00:00,934.525
2015-04-02 17:00:00,898.07501
2015-04-02 18:00:00,790.125
2015-04-02 19:00:00,619.75001
2015-04-02 20:00:00,395.125
2015-04-02 21:00:00,97.225
2015-04-02 22:00:00,7.225
2015-04-02 23:00:00,0.0
2015-04-03 00:00:00,0.0
2015-04-03 01:00:00,0.0
2015-04-03 02:00:00,0.0
2015-04-03 03:00:00,0.0
2015-04-03 04:00:00,0.0
2015-04-03 05:00:00,0.0
2015-04-03 06:00:00,0.0
2015-04-03 07:00:00,0.0
2015-04-03 08:00:00,0.0
2015-04-03 09:00:00,0.0
2015-04-03 10:00:00,6.375
2015-04-03 11:00:00,160.7
2015-04-03 12:00:00,404.6
2015-04-03 13:00:00,622.72501
2015-04-03 14:00:00,793.975
2015-04-03 15:00:00,900.175
2015-04-03 16:00:00,938.85001
2015-04-03 17:00:00,902.275
2015-04-03 18:00:00,785.35001
2015-04-03 19:00:00,613.40001
2015-04-03 20:00:00,378.17499999999995
2015-04-03 21:00:00,148.275
2015-04-03 22:00:00,6.15
2015-04-03 23:00:00,0.0
2015-04-04 00:00:00,0.0
2015-04-04 01:00:00,0.0
2015-04-04 02:00:00,0.0
2015-04-04 03:00:00,0.0
2015-04-04 04:00:00,0.0
2015-04-04 05:00:00,0.0
2015-04-04 06:00:00,0.0
2015-04-04 07:00:00,0.0
2015-04-04 08:00:00,0.0
2015-04-04 09:00:00,0.0
2015-04-04 10:00:00,6.675
2015-04-04 11:00:00,166.05
2015-04-04 12:00:00,389.10001
2015-04-04 13:00:00,606.7750100000001
2015-04-04 14:00:00,777.45
2015-04-04 15:00:00,880.95001
2015-04-04 16:00:00,906.15002
2015-04-04 17:00:00,832.75002
2015-04-04 18:00:00,760.775
2015-04-04 19:00:00,554.66668
2015-04-04 20:00:00,235.375005
2015-04-04 21:00:00,52.425
2015-04-04 22:00:00,5.175
2015-04-04 23:00:00,0.0
2015-04-05 00:00:00,0.0
2015-04-05 01:00:00,0.0
2015-04-05 02:00:00,0.0
2015-04-05 03:00:00,0.0
2015-04-05 04:00:00,0.0
2015-04-05 05:00:00,0.0
2015-04-05 06:00:00,0.0
2015-04-05 07:00:00,0.0
2015-04-05 08:00:00,0.0
2015-04-05 09:00:00,0.0
2015-04-05 10:00:00,4.975
2015-04-05 11:00:00,138.0250025
2015-04-05 12:00:00,330.625
2015-04-05 13:00:00,548.5250100000001
2015-04-05 14:00:00,679.85001
2015-04-05 15:00:00,754.47501
2015-04-05 16:00:00,721.65002
2015-04-05 17:00:00,772.30001
2015-04-05 18:00:00,703.925
2015-04-05 19:00:00,450.875
2015-04-05 20:00:00,198.57500375
2015-04-05 21:00:00,23.25000025
2015-04-05 22:00:00,0.0
2015-04-05 23:00:00,0.0
2015-04-06 00:00:00,0.0
2015-04-06 01:00:00,0.0
2015-04-06 02:00:00,0.0
2015-04-06 03:00:00,0.0
2015-04-06 04:00:00,0.0
2015-04-06 05:00:00,0.0
2015-04-06 06:00:00,0.0
2015-04-06 07:00:00,0.0
2015-04-06 08:00:00,0.0
2015-04-06 09:00:00,0.0
2015-04-06 10:00:00,5.9
2015-04-06 11:00:00,139.95000375
2015-04-06 12:00:00,351.775
2015-04-06 13:00:00,542.700005
2015-04-06 14:00:00,735.00002
2015-04-06 15:00:00,841.675
2015-04-06 16:00:00,709.825
2015-04-06 17:00:00,563.30002
2015-04-06 18:00:00,288.95
2015-04-06 19:00:00,262.5500075
2015-04-06 20:00:00,147.00000375000002
2015-04-06 21:00:00,12.325
2015-04-06 22:00:00,4.15
2015-04-06 23:00:00,0.0
2015-04-07 00:00:00,0.0
2015-04-07 01:00:00,0.0
2015-04-07 02:00:00,0.0
2015-04-07 03:00:00,0.0
2015-04-07 04:00:00,0.0
2015-04-07 05:00:00,0.0
2015-04-07 06:00:00,0.0
2015-04-07 07:00:00,0.0
2015-04-07 08:00:00,0.0
2015-04-07 09:00:00,0.0
2015-04-07 10:00:00,4.275
2015-04-07 11:00:00,97.6750025
2015-04-07 12:00:00,243.675005
2015-04-07 13:00:00,365.850005
2015-04-07 14:00:00,507.42501500000003
2015-04-07 15:00:00,582.525
2015-04-07 16:00:00,546.125
2015-04-07 17:00:00,529.150015
2015-04-07 18:00:00,458.42501
2015-04-07 19:00:00,335.000005
2015-04-07 20:00:00,154.10000000000002
2015-04-07 21:00:00,38.32500125
2015-04-07 22:00:00,2.5
2015-04-07 23:00:00,0.0
2015-04-08 00:00:00,0.0
2015-04-08 01:00:00,0.0
2015-04-08 02:00:00,0.0
2015-04-08 03:00:00,0.0
2015-04-08 04:00:00,0.0
2015-04-08 05:00:00,0.0
2015-04-08 06:00:00,0.0
2015-04-08 07:00:00,0.0
2015-04-08 08:00:00,0.0
2015-04-08 09:00:00,0.0
2015-04-08 10:00:00,4.475
2015-04-08 11:00:00,125.10000233333334
2015-04-08 12:00:00,361.90000499999996
2015-04-08 13:00:00,583.4000100000001
2015-04-08 14:00:00,697.45001
2015-04-08 15:00:00,699.72501
2015-04-08 16:00:00,659.70002
2015-04-08 17:00:00,674.35001
2015-04-08 18:00:00,632.5
2015-04-08 19:00:00,331.4750025
2015-04-08 20:00:00,117.725
2015-04-08 21:00:00,5.25
2015-04-08 22:00:00,3.75
2015-04-08 23:00:00,0.0
2015-04-09 00:00:00,0.0
2015-04-09 01:00:00,0.0
2015-04-09 02:00:00,0.0
2015-04-09 03:00:00,0.0
2015-04-09 04:00:00,0.0
2015-04-09 05:00:00,0.0
2015-04-09 06:00:00,0.0
2015-04-09 07:00:00,0.0
2015-04-09 08:00:00,0.0
2015-04-09 09:00:00,0.0
2015-04-09 10:00:00,4.70000025
2015-04-09 11:00:00,108.72500175
2015-04-09 12:00:00,289.525
2015-04-09 13:00:00,485.65001
2015-04-09 14:00:00,630.225
2015-04-09 15:00:00,839.3
2015-04-09 16:00:00,881.0500099999999
2015-04-09 17:00:00,838.97502
2015-04-09 18:00:00,728.25003
2015-04-09 19:00:00,500.02501500000005
2015-04-09 20:00:00,285.175005
2015-04-09 21:00:00,85.375003
2015-04-09 22:00:00,2.47500025
2015-04-09 23:00:00,0.0
2015-04-10 00:00:00,0.0
2015-04-10 01:00:00,0.0
2015-04-10 02:00:00,0.0
2015-04-10 03:00:00,0.0
2015-04-10 04:00:00,0.0
2015-04-10 05:00:00,0.0
2015-04-10 06:00:00,0.0
2015-04-10 07:00:00,0.0
2015-04-10 08:00:00,0.0
2015-04-10 09:00:00,0.0
2015-04-10 10:00:00,3.3
2015-04-10 11:00:00,128.550003
2015-04-10 12:00:00,373.350005
2015-04-10 13:00:00,586.87501
2015-04-10 14:00:00,754.5
2015-04-10 15:00:00,796.425
2015-04-10 16:00:00,764.35
2015-04-10 17:00:00,748.87501
2015-04-10 18:00:00,716.87501
2015-04-10 19:00:00,418.500005
2015-04-10 20:00:00,295.2000075
2015-04-10 21:00:00,74.775
2015-04-10 22:00:00,0.0
2015-04-10 23:00:00,0.0
2015-04-11 00:00:00,0.0
2015-04-11 01:00:00,0.0
2015-04-11 02:00:00,0.0
2015-04-11 03:00:00,0.0
2015-04-11 04:00:00,0.0
2015-04-11 05:00:00,0.0
2015-04-11 06:00:00,0.0
2015-04-11 07:00:00,0.0
2015-04-11 08:00:00,0.0
2015-04-11 09:00:00,0.0
2015-04-11 10:00:00,1.275
2015-04-11 11:00:00,111.4
2015-04-11 12:00:00,325.35
2015-04-11 13:00:00,520.975005
2015-04-11 14:00:00,568.25001
2015-04-11 15:00:00,536.475005
2015-04-11 16:00:00,588.7750100000001
2015-04-11 17:00:00,458.70000000000005
2015-04-11 18:00:00,267.7
2015-04-11 19:00:00,230.7
2015-04-11 20:00:00,179.1500025
2015-04-11 21:00:00,31.175
2015-04-11 22:00:00,0.0
2015-04-11 23:00:00,0.0
2015-04-12 00:00:00,0.0
2015-04-12 01:00:00,0.0
2015-04-12 02:00:00,0.0
2015-04-12 03:00:00,0.0
2015-04-12 04:00:00,0.0
2015-04-12 05:00:00,0.0
2015-04-12 06:00:00,0.0
2015-04-12 07:00:00,0.0
2015-04-12 08:00:00,0.0
2015-04-12 09:00:00,0.0
2015-04-12 10:00:00,2.97500025
2015-04-12 11:00:00,95.35
2015-04-12 12:00:00,256.60001
2015-04-12 13:00:00,417.550005
2015-04-12 14:00:00,522.075
2015-04-12 15:00:00,754.85
2015-04-12 16:00:00,664.975
2015-04-12 17:00:00,583.27501
2015-04-12 18:00:00,668.72502
2015-04-12 19:00:00,477.40001
2015-04-12 20:00:00,325.12501
2015-04-12 21:00:00,33.75
2015-04-12 22:00:00,0.0
2015-04-12 23:00:00,0.0
2015-04-13 00:00:00,0.0
2015-04-13 01:00:00,0.0
2015-04-13 02:00:00,0.0
2015-04-13 03:00:00,0.0
2015-04-13 04:00:00,0.0
2015-04-13 05:00:00,0.0
2015-04-13 06:00:00,0.0
2015-04-13 07:00:00,0.0
2015-04-13 08:00:00,0.0
2015-04-13 09:00:00,0.0
2015-04-13 10:00:00,2.9
2015-04-13 11:00:00,130.4750005
2015-04-13 12:00:00,371.67501
2015-04-13 13:00:00,586.95
2015-04-13 14:00:00,755.37501
2015-04-13 15:00:00,858.75001
2015-04-13 16:00:00,889.725
2015-04-13 17:00:00,847.20002
2015-04-13 18:00:00,714.7333333333332
2015-04-13 19:00:00,560.7750100000001
2015-04-13 20:00:00,345.75
2015-04-13 21:00:00,113.45000275000001
2015-04-13 22:00:00,1.025
2015-04-13 23:00:00,0.0
2015-04-14 00:00:00,0.0
2015-04-14 01:00:00,0.0
2015-04-14 02:00:00,0.0
2015-04-14 03:00:00,0.0
2015-04-14 04:00:00,0.0
2015-04-14 05:00:00,0.0
2015-04-14 06:00:00,0.0
2015-04-14 07:00:00,0.0
2015-04-14 08:00:00,0.0
2015-04-14 09:00:00,0.0
2015-04-14 10:00:00,2.925
2015-04-14 11:00:00,135.3
2015-04-14 12:00:00,354.75
2015-04-14 13:00:00,568.70001
2015-04-14 14:00:00,736.55001
2015-04-14 15:00:00,839.85
2015-04-14 16:00:00,872.67503
2015-04-14 17:00:00,831.57501
2015-04-14 18:00:00,711.775
2015-04-14 19:00:00,538.675
2015-04-14 20:00:00,319.65
2015-04-14 21:00:00,83.15000125
2015-04-14 22:00:00,0.0
2015-04-14 23:00:00,0.0
2015-04-15 00:00:00,0.0
2015-04-15 01:00:00,0.0
2015-04-15 02:00:00,0.0
2015-04-15 03:00:00,0.0
2015-04-15 04:00:00,0.0
2015-04-15 05:00:00,0.0
2015-04-15 06:00:00,0.0
2015-04-15 07:00:00,0.0
2015-04-15 08:00:00,0.0
2015-04-15 09:00:00,0.0
2015-04-15 10:00:00,0.0
2015-04-15 11:00:00,135.0666666666667
2015-04-15 12:00:00,
2015-04-15 13:00:00,454.6
2015-04-15 14:00:00,748.70002
2015-04-15 15:00:00,810.60004
2015-04-15 16:00:00,853.9
2015-04-15 17:00:00,814.8
2015-04-15 18:00:00,720.57502
2015-04-15 19:00:00,525.575
2015-04-15 20:00:00,312.95
2015-04-15 21:00:00,104.675
2015-04-15 22:00:00,0.0
2015-04-15 23:00:00,0.0
2015-04-16 00:00:00,0.0
2015-04-16 01:00:00,0.0
2015-04-16 02:00:00,0.0
2015-04-16 03:00:00,0.0
2015-04-16 04:00:00,0.0
2015-04-16 05:00:00,0.0
2015-04-16 06:00:00,0.0
2015-04-16 07:00:00,0.0
2015-04-16 08:00:00,0.0
2015-04-16 09:00:00,0.0
2015-04-16 10:00:00,2.675
2015-04-16 11:00:00,116.75
2015-04-16 12:00:00,310.5
2015-04-16 13:00:00,519.0749999999999
2015-04-16 14:00:00,710.80001
2015-04-16 15:00:00,821.625
2015-04-16 16:00:00,851.70001
2015-04-16 17:00:00,814.425
2015-04-16 18:00:00,694.125
2015-04-16 19:00:00,522.700015
2015-04-16 20:00:00,309.525
2015-04-16 21:00:00,109.59999999999998
2015-04-16 22:00:00,0.0
2015-04-16 23:00:00,0.0
2015-04-17 00:00:00,0.0
2015-04-17 01:00:00,0.0
2015-04-17 02:00:00,0.0
2015-04-17 03:00:00,0.0
2015-04-17 04:00:00,0.0
2015-04-17 05:00:00,0.0
2015-04-17 06:00:00,0.0
2015-04-17 07:00:00,0.0
2015-04-17 08:00:00,0.0
2015-04-17 09:00:00,0.0
2015-04-17 10:00:00,0.0
2015-04-17 11:00:00,125.20000375000001
2015-04-17 12:00:00,349.92501
2015-04-17 13:00:00,468.40000499999996
2015-04-17 14:00:00,624.97501
2015-04-17 15:00:00,774.1000200000001
2015-04-17 16:00:00,866.2750000000001
2015-04-17 17:00:00,758.05
2015-04-17 18:00:00,707.0
2015-04-17 19:00:00,535.675
2015-04-17 20:00:00,321.4750025
2015-04-17 21:00:00,101.15000125
2015-04-17 22:00:00,0.0
2015-04-17 23:00:00,0.0
2015-04-18 00:00:00,0.0
2015-04-18 01:00:00,0.0
2015-04-18 02:00:00,0.0
2015-04-18 03:00:00,0.0
2015-04-18 04:00:00,0.0
2015-04-18 05:00:00,0.0
2015-04-18 06:00:00,0.0
2015-04-18 07:00:00,0.0
2015-04-18 08:00:00,0.0
2015-04-18 09:00:00,0.0
2015-04-18 10:00:00,1.725
2015-04-18 11:00:00,103.3
2015-04-18 12:00:00,274.1000025
2015-04-18 13:00:00,458.325
2015-04-18 14:00:00,512.45002
2015-04-18 15:00:00,526.5250000000001
2015-04-18 16:00:00,592.125
2015-04-18 17:00:00,557.35
2015-04-18 18:00:00,454.32501
2015-04-18 19:00:00,497.12501
2015-04-18 20:00:00,265.900005
2015-04-18 21:00:00,42.300000250000004
2015-04-18 22:00:00,0.0
2015-04-18 23:00:00,0.0
2015-04-19 00:00:00,0.0
2015-04-19 01:00:00,0.0
2015-04-19 02:00:00,0.0
2015-04-19 03:00:00,0.0
2015-04-19 04:00:00,0.0
2015-04-19 05:00:00,0.0
2015-04-19 06:00:00,0.0
2015-04-19 07:00:00,0.0
2015-04-19 08:00:00,0.0
2015-04-19 09:00:00,0.0
2015-04-19 10:00:00,1.7
2015-04-19 11:00:00,129.25
2015-04-19 12:00:00,365.25
2015-04-19 13:00:00,583.550005
2015-04-19 14:00:00,753.52501
2015-04-19 15:00:00,855.10001
2015-04-19 16:00:00,887.175
2015-04-19 17:00:00,843.52501
2015-04-19 18:00:00,727.62501
2015-04-19 19:00:00,549.25001
2015-04-19 20:00:00,328.50000750000004
2015-04-19 21:00:00,83.5
2015-04-19 22:00:00,0.0
2015-04-19 23:00:00,0.0
2015-04-20 00:00:00,0.0
2015-04-20 01:00:00,0.0
2015-04-20 02:00:00,0.0
2015-04-20 03:00:00,0.0
2015-04-20 04:00:00,0.0
2015-04-20 05:00:00,0.0
2015-04-20 06:00:00,0.0
2015-04-20 07:00:00,0.0
2015-04-20 08:00:00,0.0
2015-04-20 09:00:00,0.0
2015-04-20 10:00:00,1.375
2015-04-20 11:00:00,121.5750005
2015-04-20 12:00:00,338.2
2015-04-20 13:00:00,552.750005
2015-04-20 14:00:00,720.9749999999999
2015-04-20 15:00:00,823.97502
2015-04-20 16:00:00,855.6
2015-04-20 17:00:00,810.50002
2015-04-20 18:00:00,677.9749999999999
2015-04-20 19:00:00,503.32501
2015-04-20 20:00:00,282.175005
2015-04-20 21:00:00,10.175000325000001
2015-04-20 22:00:00,0.0
2015-04-20 23:00:00,0.0
2015-04-21 00:00:00,0.0
2015-04-21 01:00:00,0.0
2015-04-21 02:00:00,0.0
2015-04-21 03:00:00,0.0
2015-04-21 04:00:00,0.0
2015-04-21 05:00:00,0.0
2015-04-21 06:00:00,0.0
2015-04-21 07:00:00,0.0
2015-04-21 08:00:00,0.0
2015-04-21 09:00:00,0.0
2015-04-21 10:00:00,1.325
2015-04-21 11:00:00,103.2500025
2015-04-21 12:00:00,206.550005
2015-04-21 13:00:00,353.15000499999996
2015-04-21 14:00:00,490.625005
2015-04-21 15:00:00,597.175
2015-04-21 16:00:00,636.675
2015-04-21 17:00:00,579.75
2015-04-21 18:00:00,377.97501
2015-04-21 19:00:00,239.225
2015-04-21 20:00:00,100.45000175
2015-04-21 21:00:00,14.4
2015-04-21 22:00:00,0.0
2015-04-21 23:00:00,0.0
2015-04-22 00:00:00,0.0
2015-04-22 01:00:00,0.0
2015-04-22 02:00:00,0.0
2015-04-22 03:00:00,0.0
2015-04-22 04:00:00,0.0
2015-04-22 05:00:00,0.0
2015-04-22 06:00:00,0.0
2015-04-22 07:00:00,0.0
2015-04-22 08:00:00,0.0
2015-04-22 09:00:00,0.0
2015-04-22 10:00:00,0.925
2015-04-22 11:00:00,85.35
2015-04-22 12:00:00,244.1
2015-04-22 13:00:00,349.375005
2015-04-22 14:00:00,370.45
2015-04-22 15:00:00,461.800005
2015-04-22 16:00:00,614.22502
2015-04-22 17:00:00,521.525005
2015-04-22 18:00:00,426.975005
2015-04-22 19:00:00,298.8
2015-04-22 20:00:00,181.92500375
2015-04-22 21:00:00,7.375
2015-04-22 22:00:00,0.0
2015-04-22 23:00:00,0.0
2015-04-23 00:00:00,0.0
2015-04-23 01:00:00,0.0
2015-04-23 02:00:00,0.0
2015-04-23 03:00:00,
2015-04-23 04:00:00,
2015-04-23 05:00:00,
2015-04-23 06:00:00,
2015-04-23 07:00:00,
2015-04-23 08:00:00,0.0
2015-04-23 09:00:00,0.0
2015-04-23 10:00:00,0.75
2015-04-23 11:00:00,88.5250025
2015-04-23 12:00:00,225.3250025
2015-04-23 13:00:00,369.975005
2015-04-23 14:00:00,495.550005
2015-04-23 15:00:00,618.8
2015-04-23 16:00:00,756.42501
2015-04-23 17:00:00,665.325
2015-04-23 18:00:00,511.850005
2015-04-23 19:00:00,319.075
2015-04-23 20:00:00,149.575
2015-04-23 21:00:00,47.125001250000004
2015-04-23 22:00:00,0.0
2015-04-23 23:00:00,0.0
2015-04-24 00:00:00,0.0
2015-04-24 01:00:00,0.0
2015-04-24 02:00:00,0.0
2015-04-24 03:00:00,0.0
2015-04-24 04:00:00,0.0
2015-04-24 05:00:00,0.0
2015-04-24 06:00:00,0.0
2015-04-24 07:00:00,0.0
2015-04-24 08:00:00,0.0
2015-04-24 09:00:00,0.0
2015-04-24 10:00:00,0.450000025
2015-04-24 11:00:00,96.6
2015-04-24 12:00:00,285.850005
2015-04-24 13:00:00,412.30001999999996
2015-04-24 14:00:00,527.750005
2015-04-24 15:00:00,677.20001
2015-04-24 16:00:00,691.675
2015-04-24 17:00:00,795.62501
2015-04-24 18:00:00,686.25
2015-04-24 19:00:00,508.375005
2015-04-24 20:00:00,268.975
2015-04-24 21:00:00,43.90000251
2015-04-24 22:00:00,0.0
2015-04-24 23:00:00,0.0
2015-04-25 00:00:00,0.0
2015-04-25 01:00:00,0.0
2015-04-25 02:00:00,0.0
2015-04-25 03:00:00,0.0
2015-04-25 04:00:00,0.0
2015-04-25 05:00:00,0.0
2015-04-25 06:00:00,0.0
2015-04-25 07:00:00,0.0
2015-04-25 08:00:00,0.0
2015-04-25 09:00:00,0.0
2015-04-25 10:00:00,0.35
2015-04-25 11:00:00,104.65000125
2015-04-25 12:00:00,289.47500249999996
2015-04-25 13:00:00,426.4
2015-04-25 14:00:00,575.95001
2015-04-25 15:00:00,708.2750100000001
2015-04-25 16:00:00,828.20003
2015-04-25 17:00:00,787.82502
2015-04-25 18:00:00,677.65001
2015-04-25 19:00:00,509.375
2015-04-25 20:00:00,298.900005
2015-04-25 21:00:00,76.65000450000001
2015-04-25 22:00:00,0.0
2015-04-25 23:00:00,0.0
2015-04-26 00:00:00,0.0
2015-04-26 01:00:00,0.0
2015-04-26 02:00:00,0.0
2015-04-26 03:00:00,0.0
2015-04-26 04:00:00,0.0
2015-04-26 05:00:00,0.0
2015-04-26 06:00:00,0.0
2015-04-26 07:00:00,0.0
2015-04-26 08:00:00,0.0
2015-04-26 09:00:00,0.0
2015-04-26 10:00:00,0.175
2015-04-26 11:00:00,115.87500375
2015-04-26 12:00:00,336.875005
2015-04-26 13:00:00,541.7750100000001
2015-04-26 14:00:00,701.92501
2015-04-26 15:00:00,800.32502
2015-04-26 16:00:00,829.50001
2015-04-26 17:00:00,786.075
2015-04-26 18:00:00,670.22501
2015-04-26 19:00:00,495.5
2015-04-26 20:00:00,228.725
2015-04-26 21:00:00,52.55000125
2015-04-26 22:00:00,0.0
2015-04-26 23:00:00,0.0
2015-04-27 00:00:00,0.0
2015-04-27 01:00:00,0.0
2015-04-27 02:00:00,0.0
2015-04-27 03:00:00,0.0
2015-04-27 04:00:00,0.0
2015-04-27 05:00:00,0.0
2015-04-27 06:00:00,0.0
2015-04-27 07:00:00,0.0
2015-04-27 08:00:00,0.0
2015-04-27 09:00:00,0.0
2015-04-27 10:00:00,0.0
2015-04-27 11:00:00,112.35
2015-04-27 12:00:00,309.70000500000003
2015-04-27 13:00:00,512.0500099999999
2015-04-27 14:00:00,670.32501
2015-04-27 15:00:00,774.07501
2015-04-27 16:00:00,778.3
2015-04-27 17:00:00,620.6
2015-04-27 18:00:00,485.825
2015-04-27 19:00:00,358.52500499999996
2015-04-27 20:00:00,161.95
2015-04-27 21:00:00,41.125
2015-04-27 22:00:00,0.0
2015-04-27 23:00:00,0.0
2015-04-28 00:00:00,0.0
2015-04-28 01:00:00,0.0
2015-04-28 02:00:00,0.0
2015-04-28 03:00:00,0.0
2015-04-28 04:00:00,0.0
2015-04-28 05:00:00,0.0
2015-04-28 06:00:00,0.0
2015-04-28 07:00:00,0.0
2015-04-28 08:00:00,0.0
2015-04-28 09:00:00,0.0
2015-04-28 10:00:00,0.0
2015-04-28 11:00:00,78.725003
2015-04-28 12:00:00,290.7
2015-04-28 13:00:00,353.625
2015-04-28 14:00:00,368.0
2015-04-28 15:00:00,437.650015
2015-04-28 16:00:00,422.925005
2015-04-28 17:00:00,337.725005
2015-04-28 18:00:00,308.02500499999996
2015-04-28 19:00:00,217.0
2015-04-28 20:00:00,111.75
2015-04-28 21:00:00,29.87500075
2015-04-28 22:00:00,0.0
2015-04-28 23:00:00,0.0
2015-04-29 00:00:00,0.0
2015-04-29 01:00:00,0.0
2015-04-29 02:00:00,0.0
2015-04-29 03:00:00,0.0
2015-04-29 04:00:00,0.0
2015-04-29 05:00:00,0.0
2015-04-29 06:00:00,0.0
2015-04-29 07:00:00,0.0
2015-04-29 08:00:00,0.0
2015-04-29 09:00:00,0.0
2015-04-29 10:00:00,0.0
2015-04-29 11:00:00,94.57500250000001
2015-04-29 12:00:00,292.45
2015-04-29 13:00:00,434.65
2015-04-29 14:00:00,578.8
2015-04-29 15:00:00,688.32501
2015-04-29 16:00:00,732.1
2015-04-29 17:00:00,715.7
2015-04-29 18:00:00,622.22502
2015-04-29 19:00:00,418.2
2015-04-29 20:00:00,206.825
2015-04-29 21:00:00,48.40000125
2015-04-29 22:00:00,0.0
2015-04-29 23:00:00,0.0
2015-04-30 00:00:00,0.0
2015-04-30 01:00:00,0.0
2015-04-30 02:00:00,0.0
2015-04-30 03:00:00,0.0
2015-04-30 04:00:00,0.0
2015-04-30 05:00:00,0.0
2015-04-30 06:00:00,0.0
2015-04-30 07:00:00,0.0
2015-04-30 08:00:00,0.0
2015-04-30 09:00:00,0.0
2015-04-30 10:00:00,0.0
2015-04-30 11:00:00,88.60000125
2015-04-30 12:00:00,238.825
2015-04-30 13:00:00,394.67499999999995
2015-04-30 14:00:00,554.175
2015-04-30 15:00:00,614.85001
2015-04-30 16:00:00,663.37501
2015-04-30 17:00:00,678.975
2015-04-30 18:00:00,561.325
2015-04-30 19:00:00,306.650005
2015-04-30 20:00:00,121.42500125000001
2015-04-30 21:00:00,18.700000024999998
2015-04-30 22:00:00,0.0
2015-04-30 23:00:00,0.0
2015-05-01 00:00:00,0.0
2015-05-01 01:00:00,0.0
2015-05-01 02:00:00,0.0
2015-05-01 03:00:00,0.0
2015-05-01 04:00:00,0.0
2015-05-01 05:00:00,0.0
2015-05-01 06:00:00,0.0
2015-05-01 07:00:00,0.0
2015-05-01 08:00:00,0.0
2015-05-01 09:00:00,0.0
2015-05-01 10:00:00,0.0
2015-05-01 11:00:00,96.05000025000001
2015-05-01 12:00:00,318.5250025
2015-05-01 13:00:00,515.65
2015-05-01 14:00:00,675.75001
2015-05-01 15:00:00,774.875
2015-05-01 16:00:00,805.875
2015-05-01 17:00:00,737.375
2015-05-01 18:00:00,618.20001
2015-05-01 19:00:00,487.775
2015-05-01 20:00:00,266.2
2015-05-01 21:00:00,55.650001275
2015-05-01 22:00:00,0.0
2015-05-01 23:00:00,0.0
2015-05-02 00:00:00,0.0
2015-05-02 01:00:00,0.0
2015-05-02 02:00:00,0.0
2015-05-02 03:00:00,0.0
2015-05-02 04:00:00,0.0
2015-05-02 05:00:00,0.0
2015-05-02 06:00:00,0.0
2015-05-02 07:00:00,0.0
2015-05-02 08:00:00,0.0
2015-05-02 09:00:00,0.0
2015-05-02 10:00:00,0.0
2015-05-02 11:00:00,108.25000250000001
2015-05-02 12:00:00,326.250005
2015-05-02 13:00:00,529.775
2015-05-02 14:00:00,688.70003
2015-05-02 15:00:00,784.62501
2015-05-02 16:00:00,814.2750100000001
2015-05-02 17:00:00,771.225
2015-05-02 18:00:00,650.65
2015-05-02 19:00:00,480.5
2015-05-02 20:00:00,270.9
2015-05-02 21:00:00,58.175000000000004
2015-05-02 22:00:00,0.0
2015-05-02 23:00:00,0.0
2015-05-03 00:00:00,0.0
2015-05-03 01:00:00,0.0
2015-05-03 02:00:00,0.0
2015-05-03 03:00:00,0.0
2015-05-03 04:00:00,0.0
2015-05-03 05:00:00,0.0
2015-05-03 06:00:00,0.0
2015-05-03 07:00:00,0.0
2015-05-03 08:00:00,0.0
2015-05-03 09:00:00,0.0
2015-05-03 10:00:00,0.0
2015-05-03 11:00:00,99.4500025
2015-05-03 12:00:00,318.27500499999996
2015-05-03 13:00:00,522.55001
2015-05-03 14:00:00,680.80001
2015-05-03 15:00:00,772.275
2015-05-03 16:00:00,782.5
2015-05-03 17:00:00,617.47502
2015-05-03 18:00:00,494.925005
2015-05-03 19:00:00,247.8250025
2015-05-03 20:00:00,157.5
2015-05-03 21:00:00,36.275
2015-05-03 22:00:00,0.0
2015-05-03 23:00:00,0.0
2015-05-04 00:00:00,0.0
2015-05-04 01:00:00,0.0
2015-05-04 02:00:00,0.0
2015-05-04 03:00:00,0.0
2015-05-04 04:00:00,0.0
2015-05-04 05:00:00,0.0
2015-05-04 06:00:00,0.0
2015-05-04 07:00:00,0.0
2015-05-04 08:00:00,0.0
2015-05-04 09:00:00,0.0
2015-05-04 10:00:00,0.0
2015-05-04 11:00:00,97.5
2015-05-04 12:00:00,320.075
2015-05-04 13:00:00,521.900005
2015-05-04 14:00:00,679.7
2015-05-04 15:00:00,774.95001
2015-05-04 16:00:00,802.55
2015-05-04 17:00:00,759.02502
2015-05-04 18:00:00,624.95
2015-05-04 19:00:00,407.45
2015-05-04 20:00:00,178.15000750000002
2015-05-04 21:00:00,43.07500125
2015-05-04 22:00:00,0.0
2015-05-04 23:00:00,0.0
2015-05-05 00:00:00,0.0
2015-05-05 01:00:00,0.0
2015-05-05 02:00:00,0.0
2015-05-05 03:00:00,0.0
2015-05-05 04:00:00,0.0
2015-05-05 05:00:00,0.0
2015-05-05 06:00:00,0.0
2015-05-05 07:00:00,0.0
2015-05-05 08:00:00,0.0
2015-05-05 09:00:00,0.0
2015-05-05 10:00:00,0.0
2015-05-05 11:00:00,99.45
2015-05-05 12:00:00,308.4
2015-05-05 13:00:00,511.77501
2015-05-05 14:00:00,670.7
2015-05-05 15:00:00,766.025
2015-05-05 16:00:00,793.57501
2015-05-05 17:00:00,748.55001
2015-05-05 18:00:00,631.2
2015-05-05 19:00:00,462.75
2015-05-05 20:00:00,255.52500250000003
2015-05-05 21:00:00,50.475
2015-05-05 22:00:00,0.0
2015-05-05 23:00:00,0.0
2015-05-06 00:00:00,0.0
2015-05-06 01:00:00,0.0
2015-05-06 02:00:00,0.0
2015-05-06 03:00:00,0.0
2015-05-06 04:00:00,0.0
2015-05-06 05:00:00,0.0
2015-05-06 06:00:00,0.0
2015-05-06 07:00:00,0.0
2015-05-06 08:00:00,0.0
2015-05-06 09:00:00,0.0
2015-05-06 10:00:00,0.0
2015-05-06 11:00:00,83.0250025
2015-05-06 12:00:00,263.575
2015-05-06 13:00:00,434.625
2015-05-06 14:00:00,559.1500100000001
2015-05-06 15:00:00,679.4000100000001
2015-05-06 16:00:00,655.5500099999999
2015-05-06 17:00:00,537.000005
2015-05-06 18:00:00,421.40000499999996
2015-05-06 19:00:00,278.275005
2015-05-06 20:00:00,129.575
2015-05-06 21:00:00,25.925
2015-05-06 22:00:00,0.0
2015-05-06 23:00:00,0.0
2015-05-07 00:00:00,0.0
2015-05-07 01:00:00,0.0
2015-05-07 02:00:00,0.0
2015-05-07 03:00:00,0.0
2015-05-07 04:00:00,0.0
2015-05-07 05:00:00,0.0
2015-05-07 06:00:00,0.0
2015-05-07 07:00:00,0.0
2015-05-07 08:00:00,0.0
2015-05-07 09:00:00,0.0
2015-05-07 10:00:00,0.0
2015-05-07 11:00:00,76.9000005
2015-05-07 12:00:00,206.225
2015-05-07 13:00:00,349.650005
2015-05-07 14:00:00,461.37501
2015-05-07 15:00:00,520.0
2015-05-07 16:00:00,450.95000500000003
2015-05-07 17:00:00,394.27500499999996
2015-05-07 18:00:00,335.57500500000003
2015-05-07 19:00:00,268.70000500000003
2015-05-07 20:00:00,168.775
2015-05-07 21:00:00,18.375
2015-05-07 22:00:00,0.0
2015-05-07 23:00:00,0.0
2015-05-08 00:00:00,0.0
2015-05-08 01:00:00,0.0
2015-05-08 02:00:00,0.0
2015-05-08 03:00:00,0.0
2015-05-08 04:00:00,0.0
2015-05-08 05:00:00,0.0
2015-05-08 06:00:00,0.0
2015-05-08 07:00:00,0.0
2015-05-08 08:00:00,0.0
2015-05-08 09:00:00,0.0
2015-05-08 10:00:00,0.0
2015-05-08 11:00:00,84.67500025
2015-05-08 12:00:00,313.75001000000003
2015-05-08 13:00:00,514.975
2015-05-08 14:00:00,672.125
2015-05-08 15:00:00,769.82501
2015-05-08 16:00:00,798.75
2015-05-08 17:00:00,754.95001
2015-05-08 18:00:00,642.875
2015-05-08 19:00:00,475.075
2015-05-08 20:00:00,268.15
2015-05-08 21:00:00,58.2
2015-05-08 22:00:00,0.0
2015-05-08 23:00:00,0.0
2015-05-09 00:00:00,0.0
2015-05-09 01:00:00,0.0
2015-05-09 02:00:00,0.0
2015-05-09 03:00:00,0.0
2015-05-09 04:00:00,0.0
2015-05-09 05:00:00,0.0
2015-05-09 06:00:00,0.0
2015-05-09 07:00:00,0.0
2015-05-09 08:00:00,0.0
2015-05-09 09:00:00,0.0
2015-05-09 10:00:00,0.0
2015-05-09 11:00:00,93.375
2015-05-09 12:00:00,304.72499999999997
2015-05-09 13:00:00,505.475
2015-05-09 14:00:00,662.55
2015-05-09 15:00:00,753.925
2015-05-09 16:00:00,781.82501
2015-05-09 17:00:00,737.925
2015-05-09 18:00:00,614.75002
2015-05-09 19:00:00,446.25
2015-05-09 20:00:00,240.3000075
2015-05-09 21:00:00,42.25
2015-05-09 22:00:00,0.0
2015-05-09 23:00:00,0.0
2015-05-10 00:00:00,0.0
2015-05-10 01:00:00,0.0
2015-05-10 02:00:00,0.0
2015-05-10 03:00:00,0.0
2015-05-10 04:00:00,0.0
2015-05-10 05:00:00,0.0
2015-05-10 06:00:00,0.0
2015-05-10 07:00:00,0.0
2015-05-10 08:00:00,0.0
2015-05-10 09:00:00,0.0
2015-05-10 10:00:00,0.0
2015-05-10 11:00:00,75.1
2015-05-10 12:00:00,275.875
2015-05-10 13:00:00,474.17501
2015-05-10 14:00:00,629.72501
2015-05-10 15:00:00,728.85001
2015-05-10 16:00:00,757.05
2015-05-10 17:00:00,714.35001
2015-05-10 18:00:00,597.70001
2015-05-10 19:00:00,439.0
2015-05-10 20:00:00,228.5750025
2015-05-10 21:00:00,40.325
2015-05-10 22:00:00,0.0
2015-05-10 23:00:00,0.0
2015-05-11 00:00:00,0.0
2015-05-11 01:00:00,0.0
2015-05-11 02:00:00,0.0
2015-05-11 03:00:00,0.0
2015-05-11 04:00:00,0.0
2015-05-11 05:00:00,0.0
2015-05-11 06:00:00,0.0
2015-05-11 07:00:00,0.0
2015-05-11 08:00:00,0.0
2015-05-11 09:00:00,0.0
2015-05-11 10:00:00,0.0
2015-05-11 11:00:00,66.30000125000001
2015-05-11 12:00:00,235.325005
2015-05-11 13:00:00,378.925
2015-05-11 14:00:00,488.85001
2015-05-11 15:00:00,548.95002
2015-05-11 16:00:00,480.15000499999996
2015-05-11 17:00:00,403.750005
2015-05-11 18:00:00,361.675
2015-05-11 19:00:00,350.59999999999997
2015-05-11 20:00:00,213.55
2015-05-11 21:00:00,32.92500125
2015-05-11 22:00:00,0.0
2015-05-11 23:00:00,0.0
2015-05-12 00:00:00,0.0
2015-05-12 01:00:00,0.0
2015-05-12 02:00:00,0.0
2015-05-12 03:00:00,0.0
2015-05-12 04:00:00,0.0
2015-05-12 05:00:00,0.0
2015-05-12 06:00:00,0.0
2015-05-12 07:00:00,0.0
2015-05-12 08:00:00,0.0
2015-05-12 09:00:00,0.0
2015-05-12 10:00:00,0.0
2015-05-12 11:00:00,72.2750005
2015-05-12 12:00:00,274.275
2015-05-12 13:00:00,451.7
2015-05-12 14:00:00,558.75001
2015-05-12 15:00:00,656.425
2015-05-12 16:00:00,702.12501
2015-05-12 17:00:00,707.8666800000001
2015-05-12 18:00:00,569.82502
2015-05-12 19:00:00,300.3
2015-05-12 20:00:00,90.0250005
2015-05-12 21:00:00,22.775
2015-05-12 22:00:00,0.0
2015-05-12 23:00:00,0.0
2015-05-13 00:00:00,0.0
2015-05-13 01:00:00,0.0
2015-05-13 02:00:00,0.0
2015-05-13 03:00:00,0.0
2015-05-13 04:00:00,0.0
2015-05-13 05:00:00,0.0
2015-05-13 06:00:00,0.0
2015-05-13 07:00:00,0.0
2015-05-13 08:00:00,0.0
2015-05-13 09:00:00,0.0
2015-05-13 10:00:00,0.0
2015-05-13 11:00:00,72.25000250000001
2015-05-13 12:00:00,201.0750025
2015-05-13 13:00:00,361.15
2015-05-13 14:00:00,549.800005
2015-05-13 15:00:00,689.0250100000001
2015-05-13 16:00:00,734.25003
2015-05-13 17:00:00,692.65002
2015-05-13 18:00:00,576.35
2015-05-13 19:00:00,411.72499999999997
2015-05-13 20:00:00,212.125
2015-05-13 21:00:00,35.475
2015-05-13 22:00:00,0.0
2015-05-13 23:00:00,0.0
2015-05-14 00:00:00,0.0
2015-05-14 01:00:00,0.0
2015-05-14 02:00:00,0.0
2015-05-14 03:00:00,0.0
2015-05-14 04:00:00,0.0
2015-05-14 05:00:00,0.0
2015-05-14 06:00:00,0.0
2015-05-14 07:00:00,0.0
2015-05-14 08:00:00,0.0
2015-05-14 09:00:00,0.0
2015-05-14 10:00:00,0.0
2015-05-14 11:00:00,63.70000125
2015-05-14 12:00:00,261.50001
2015-05-14 13:00:00,478.9000266666667
2015-05-14 14:00:00,609.12501
2015-05-14 15:00:00,689.3
2015-05-14 16:00:00,732.60001
2015-05-14 17:00:00,691.0250100000001
2015-05-14 18:00:00,583.175
2015-05-14 19:00:00,419.65001
2015-05-14 20:00:00,219.07500249999998
2015-05-14 21:00:00,35.7750005
2015-05-14 22:00:00,0.0
2015-05-14 23:00:00,0.0
2015-05-15 00:00:00,0.0
2015-05-15 01:00:00,0.0
2015-05-15 02:00:00,0.0
2015-05-15 03:00:00,0.0
2015-05-15 04:00:00,0.0
2015-05-15 05:00:00,0.0
2015-05-15 06:00:00,0.0
2015-05-15 07:00:00,0.0
2015-05-15 08:00:00,0.0
2015-05-15 09:00:00,0.0
2015-05-15 10:00:00,0.0
2015-05-15 11:00:00,70.47500125
2015-05-15 12:00:00,286.4
2015-05-15 13:00:00,483.150005
2015-05-15 14:00:00,636.5250100000001
2015-05-15 15:00:00,732.25001
2015-05-15 16:00:00,760.7750100000001
2015-05-15 17:00:00,719.6000200000001
2015-05-15 18:00:00,610.80001
2015-05-15 19:00:00,445.84999999999997
2015-05-15 20:00:00,242.35
2015-05-15 21:00:00,45.45000075
2015-05-15 22:00:00,0.0
2015-05-15 23:00:00,0.0
2015-05-16 00:00:00,0.0
2015-05-16 01:00:00,0.0
2015-05-16 02:00:00,0.0
2015-05-16 03:00:00,0.0
2015-05-16 04:00:00,0.0
2015-05-16 05:00:00,0.0
2015-05-16 06:00:00,0.0
2015-05-16 07:00:00,0.0
2015-05-16 08:00:00,0.0
2015-05-16 09:00:00,0.0
2015-05-16 10:00:00,0.0
2015-05-16 11:00:00,49.800001666666674
2015-05-16 12:00:00,283.45000500000003
2015-05-16 13:00:00,478.95
2015-05-16 14:00:00,631.275
2015-05-16 15:00:00,721.7750100000001
2015-05-16 16:00:00,750.17503
2015-05-16 17:00:00,709.37501
2015-05-16 18:00:00,597.5250100000001
2015-05-16 19:00:00,433.2
2015-05-16 20:00:00,230.525
2015-05-16 21:00:00,39.1250005
2015-05-16 22:00:00,0.0
2015-05-16 23:00:00,0.0
2015-05-17 00:00:00,0.0
2015-05-17 01:00:00,0.0
2015-05-17 02:00:00,0.0
2015-05-17 03:00:00,0.0
2015-05-17 04:00:00,0.0
2015-05-17 05:00:00,0.0
2015-05-17 06:00:00,0.0
2015-05-17 07:00:00,0.0
2015-05-17 08:00:00,0.0
2015-05-17 09:00:00,0.0
2015-05-17 10:00:00,0.0
2015-05-17 11:00:00,70.45000007499999
2015-05-17 12:00:00,288.725
2015-05-17 13:00:00,487.5
2015-05-17 14:00:00,642.85
2015-05-17 15:00:00,739.25
2015-05-17 16:00:00,767.82501
2015-05-17 17:00:00,725.07501
2015-05-17 18:00:00,614.12501
2015-05-17 19:00:00,447.125
2015-05-17 20:00:00,242.325
2015-05-17 21:00:00,44.70000075
2015-05-17 22:00:00,0.0
2015-05-17 23:00:00,0.0
2015-05-18 00:00:00,0.0
2015-05-18 01:00:00,0.0
2015-05-18 02:00:00,0.0
2015-05-18 03:00:00,0.0
2015-05-18 04:00:00,0.0
2015-05-18 05:00:00,0.0
2015-05-18 06:00:00,0.0
2015-05-18 07:00:00,0.0
2015-05-18 08:00:00,0.0
2015-05-18 09:00:00,0.0
2015-05-18 10:00:00,0.0
2015-05-18 11:00:00,73.4
2015-05-18 12:00:00,271.150005
2015-05-18 13:00:00,468.550005
2015-05-18 14:00:00,623.20001
2015-05-18 15:00:00,717.5
2015-05-18 16:00:00,745.32501
2015-05-18 17:00:00,703.05001
2015-05-18 18:00:00,592.0500099999999
2015-05-18 19:00:00,426.775015
2015-05-18 20:00:00,224.0000025
2015-05-18 21:00:00,36.0
2015-05-18 22:00:00,0.0
2015-05-18 23:00:00,0.0
2015-05-19 00:00:00,0.0
2015-05-19 01:00:00,0.0
2015-05-19 02:00:00,0.0
2015-05-19 03:00:00,0.0
2015-05-19 04:00:00,0.0
2015-05-19 05:00:00,0.0
2015-05-19 06:00:00,0.0
2015-05-19 07:00:00,0.0
2015-05-19 08:00:00,0.0
2015-05-19 09:00:00,0.0
2015-05-19 10:00:00,0.0
2015-05-19 11:00:00,65.12500375
2015-05-19 12:00:00,273.1500025
2015-05-19 13:00:00,468.4
2015-05-19 14:00:00,620.825
2015-05-19 15:00:00,716.20002
2015-05-19 16:00:00,743.2
2015-05-19 17:00:00,701.575
2015-05-19 18:00:00,595.62502
2015-05-19 19:00:00,433.125
2015-05-19 20:00:00,232.575
2015-05-19 21:00:00,41.275
2015-05-19 22:00:00,0.0
2015-05-19 23:00:00,0.0
2015-05-20 00:00:00,0.0
2015-05-20 01:00:00,0.0
2015-05-20 02:00:00,0.0
2015-05-20 03:00:00,0.0
2015-05-20 04:00:00,0.0
2015-05-20 05:00:00,0.0
2015-05-20 06:00:00,0.0
2015-05-20 07:00:00,0.0
2015-05-20 08:00:00,0.0
2015-05-20 09:00:00,0.0
2015-05-20 10:00:00,0.0
2015-05-20 11:00:00,71.90000125
2015-05-20 12:00:00,271.55
2015-05-20 13:00:00,467.12501
2015-05-20 14:00:00,620.0250100000001
2015-05-20 15:00:00,713.70001
2015-05-20 16:00:00,741.45001
2015-05-20 17:00:00,699.75
2015-05-20 18:00:00,589.95001
2015-05-20 19:00:00,426.79999999999995
2015-05-20 20:00:00,225.85
2015-05-20 21:00:00,36.525
2015-05-20 22:00:00,0.0
2015-05-20 23:00:00,0.0
2015-05-21 00:00:00,0.0
2015-05-21 01:00:00,0.0
2015-05-21 02:00:00,0.0
2015-05-21 03:00:00,0.0
2015-05-21 04:00:00,0.0
2015-05-21 05:00:00,0.0
2015-05-21 06:00:00,0.0
2015-05-21 07:00:00,0.0
2015-05-21 08:00:00,0.0
2015-05-21 09:00:00,0.0
2015-05-21 10:00:00,0.0
2015-05-21 11:00:00,63.55
2015-05-21 12:00:00,256.47500249999996
2015-05-21 13:00:00,461.7
2015-05-21 14:00:00,616.55002
2015-05-21 15:00:00,712.475
2015-05-21 16:00:00,740.0250100000001
2015-05-21 17:00:00,698.05003
2015-05-21 18:00:00,590.57502
2015-05-21 19:00:00,426.350005
2015-05-21 20:00:00,224.1250025
2015-05-21 21:00:00,36.0
2015-05-21 22:00:00,0.0
2015-05-21 23:00:00,0.0
2015-05-22 00:00:00,0.0
2015-05-22 01:00:00,0.0
2015-05-22 02:00:00,0.0
2015-05-22 03:00:00,0.0
2015-05-22 04:00:00,0.0
2015-05-22 05:00:00,0.0
2015-05-22 06:00:00,0.0
2015-05-22 07:00:00,0.0
2015-05-22 08:00:00,0.0
2015-05-22 09:00:00,0.0
2015-05-22 10:00:00,0.0
2015-05-22 11:00:00,60.175000025
2015-05-22 12:00:00,262.325
2015-05-22 13:00:00,454.60001
2015-05-22 14:00:00,605.72501
2015-05-22 15:00:00,701.9250099999999
2015-05-22 16:00:00,730.975
2015-05-22 17:00:00,691.7250200000001
2015-05-22 18:00:00,588.0749999999999
2015-05-22 19:00:00,426.52500499999996
2015-05-22 20:00:00,226.975005
2015-05-22 21:00:00,38.8
2015-05-22 22:00:00,0.0
2015-05-22 23:00:00,0.0
2015-05-23 00:00:00,0.0
2015-05-23 01:00:00,0.0
2015-05-23 02:00:00,0.0
2015-05-23 03:00:00,0.0
2015-05-23 04:00:00,0.0
2015-05-23 05:00:00,0.0
2015-05-23 06:00:00,0.0
2015-05-23 07:00:00,0.0
2015-05-23 08:00:00,0.0
2015-05-23 09:00:00,0.0
2015-05-23 10:00:00,0.0
2015-05-23 11:00:00,66.0750005
2015-05-23 12:00:00,262.1750025
2015-05-23 13:00:00,457.80002
2015-05-23 14:00:00,612.20001
2015-05-23 15:00:00,705.8000099999999
2015-05-23 16:00:00,732.57502
2015-05-23 17:00:00,643.82501
2015-05-23 18:00:00,554.45
2015-05-23 19:00:00,338.625005
2015-05-23 20:00:00,134.0
2015-05-23 21:00:00,13.649999999999999
2015-05-23 22:00:00,0.0
2015-05-23 23:00:00,0.0
2015-05-24 00:00:00,0.0
2015-05-24 01:00:00,0.0
2015-05-24 02:00:00,0.0
2015-05-24 03:00:00,0.0
2015-05-24 04:00:00,0.0
2015-05-24 05:00:00,0.0
2015-05-24 06:00:00,0.0
2015-05-24 07:00:00,0.0
2015-05-24 08:00:00,0.0
2015-05-24 09:00:00,0.0
2015-05-24 10:00:00,0.0
2015-05-24 11:00:00,39.35
2015-05-24 12:00:00,169.75
2015-05-24 13:00:00,287.550005
2015-05-24 14:00:00,327.725
2015-05-24 15:00:00,303.95000500000003
2015-05-24 16:00:00,250.975
2015-05-24 17:00:00,263.400005
2015-05-24 18:00:00,217.35000250000002
2015-05-24 19:00:00,193.42500375
2015-05-24 20:00:00,103.10000375
2015-05-24 21:00:00,17.775
2015-05-24 22:00:00,0.0
2015-05-24 23:00:00,0.0
2015-05-25 00:00:00,0.0
2015-05-25 01:00:00,0.0
2015-05-25 02:00:00,0.0
2015-05-25 03:00:00,0.0
2015-05-25 04:00:00,0.0
2015-05-25 05:00:00,0.0
2015-05-25 06:00:00,0.0
2015-05-25 07:00:00,0.0
2015-05-25 08:00:00,0.0
2015-05-25 09:00:00,0.0
2015-05-25 10:00:00,0.0
2015-05-25 11:00:00,37.225
2015-05-25 12:00:00,152.7750025
2015-05-25 13:00:00,260.275
2015-05-25 14:00:00,281.675
2015-05-25 15:00:00,283.375
2015-05-25 16:00:00,239.1
2015-05-25 17:00:00,260.82500500000003
2015-05-25 18:00:00,222.0000025
2015-05-25 19:00:00,197.4250025
2015-05-25 20:00:00,97.70000125
2015-05-25 21:00:00,22.95
2015-05-25 22:00:00,0.0
2015-05-25 23:00:00,0.0
2015-05-26 00:00:00,0.0
2015-05-26 01:00:00,0.0
2015-05-26 02:00:00,0.0
2015-05-26 03:00:00,0.0
2015-05-26 04:00:00,0.0
2015-05-26 05:00:00,0.0
2015-05-26 06:00:00,0.0
2015-05-26 07:00:00,0.0
2015-05-26 08:00:00,0.0
2015-05-26 09:00:00,0.0
2015-05-26 10:00:00,0.0
2015-05-26 11:00:00,39.85000075
2015-05-26 12:00:00,164.72500125
2015-05-26 13:00:00,257.25
2015-05-26 14:00:00,329.1000025
2015-05-26 15:00:00,347.900005
2015-05-26 16:00:00,273.62500750000004
2015-05-26 17:00:00,201.4250025
2015-05-26 18:00:00,282.9250025
2015-05-26 19:00:00,383.2
2015-05-26 20:00:00,194.025
2015-05-26 21:00:00,25.924999999999997
2015-05-26 22:00:00,0.0
2015-05-26 23:00:00,0.0
2015-05-27 00:00:00,0.0
2015-05-27 01:00:00,0.0
2015-05-27 02:00:00,0.0
2015-05-27 03:00:00,0.0
2015-05-27 04:00:00,0.0
2015-05-27 05:00:00,0.0
2015-05-27 06:00:00,0.0
2015-05-27 07:00:00,0.0
2015-05-27 08:00:00,0.0
2015-05-27 09:00:00,0.0
2015-05-27 10:00:00,0.0
2015-05-27 11:00:00,52.625
2015-05-27 12:00:00,244.3750075
2015-05-27 13:00:00,433.975
2015-05-27 14:00:00,569.35001
2015-05-27 15:00:00,661.87501
2015-05-27 16:00:00,698.4749999999999
2015-05-27 17:00:00,659.07501
2015-05-27 18:00:00,546.90001
2015-05-27 19:00:00,388.07500500000003
2015-05-27 20:00:00,195.325
2015-05-27 21:00:00,24.325000000000003
2015-05-27 22:00:00,0.0
2015-05-27 23:00:00,0.0
2015-05-28 00:00:00,0.0
2015-05-28 01:00:00,0.0
2015-05-28 02:00:00,0.0
2015-05-28 03:00:00,0.0
2015-05-28 04:00:00,0.0
2015-05-28 05:00:00,0.0
2015-05-28 06:00:00,0.0
2015-05-28 07:00:00,0.0
2015-05-28 08:00:00,0.0
2015-05-28 09:00:00,0.0
2015-05-28 10:00:00,0.0
2015-05-28 11:00:00,57.150000250000005
2015-05-28 12:00:00,243.725005
2015-05-28 13:00:00,436.525005
2015-05-28 14:00:00,588.12501
2015-05-28 15:00:00,680.87501
2015-05-28 16:00:00,709.1
2015-05-28 17:00:00,671.2666800000001
2015-05-28 18:00:00,559.075
2015-05-28 19:00:00,398.425
2015-05-28 20:00:00,187.0250025
2015-05-28 21:00:00,22.175
2015-05-28 22:00:00,0.0
2015-05-28 23:00:00,0.0
2015-05-29 00:00:00,0.0
2015-05-29 01:00:00,0.0
2015-05-29 02:00:00,0.0
2015-05-29 03:00:00,0.0
2015-05-29 04:00:00,0.0
2015-05-29 05:00:00,0.0
2015-05-29 06:00:00,0.0
2015-05-29 07:00:00,0.0
2015-05-29 08:00:00,0.0
2015-05-29 09:00:00,0.0
2015-05-29 10:00:00,0.0
2015-05-29 11:00:00,37.300000250000004
2015-05-29 12:00:00,197.1750025
2015-05-29 13:00:00,324.95001
2015-05-29 14:00:00,461.125
2015-05-29 15:00:00,565.00001
2015-05-29 16:00:00,615.10001
2015-05-29 17:00:00,518.20001
2015-05-29 18:00:00,379.600005
2015-05-29 19:00:00,216.550005
2015-05-29 20:00:00,90.35000375
2015-05-29 21:00:00,15.85
2015-05-29 22:00:00,0.0
2015-05-29 23:00:00,0.0
2015-05-30 00:00:00,0.0
2015-05-30 01:00:00,0.0
2015-05-30 02:00:00,0.0
2015-05-30 03:00:00,0.0
2015-05-30 04:00:00,0.0
2015-05-30 05:00:00,0.0
2015-05-30 06:00:00,0.0
2015-05-30 07:00:00,0.0
2015-05-30 08:00:00,0.0
2015-05-30 09:00:00,0.0
2015-05-30 10:00:00,0.0
2015-05-30 11:00:00,52.17500125
2015-05-30 12:00:00,239.6250025
2015-05-30 13:00:00,381.375005
2015-05-30 14:00:00,460.150005
2015-05-30 15:00:00,599.97501
2015-05-30 16:00:00,655.325
2015-05-30 17:00:00,461.57500500000003
2015-05-30 18:00:00,379.850005
2015-05-30 19:00:00,342.35
2015-05-30 20:00:00,148.3000005
2015-05-30 21:00:00,16.8250005
2015-05-30 22:00:00,0.0
2015-05-30 23:00:00,0.0
2015-05-31 00:00:00,0.0
2015-05-31 01:00:00,0.0
2015-05-31 02:00:00,0.0
2015-05-31 03:00:00,0.0
2015-05-31 04:00:00,0.0
2015-05-31 05:00:00,0.0
2015-05-31 06:00:00,0.0
2015-05-31 07:00:00,0.0
2015-05-31 08:00:00,0.0
2015-05-31 09:00:00,0.0
2015-05-31 10:00:00,0.0
2015-05-31 11:00:00,50.95000125
2015-05-31 12:00:00,255.1
2015-05-31 13:00:00,447.825
2015-05-31 14:00:00,599.55003
2015-05-31 15:00:00,692.7
2015-05-31 16:00:00,722.42501
2015-05-31 17:00:00,682.825
2015-05-31 18:00:00,572.5250100000001
2015-05-31 19:00:00,410.55001000000004
2015-05-31 20:00:00,213.875005
2015-05-31 21:00:00,31.674999999999997
2015-05-31 22:00:00,0.0
2015-05-31 23:00:00,0.0
2015-06-01 00:00:00,0.0
2015-06-01 01:00:00,0.0
2015-06-01 02:00:00,0.0
2015-06-01 03:00:00,0.0
2015-06-01 04:00:00,0.0
2015-06-01 05:00:00,0.0
2015-06-01 06:00:00,0.0
2015-06-01 07:00:00,0.0
2015-06-01 08:00:00,0.0
2015-06-01 09:00:00,0.0
2015-06-01 10:00:00,0.0
2015-06-01 11:00:00,53.85
2015-06-01 12:00:00,249.3
2015-06-01 13:00:00,444.57500500000003
2015-06-01 14:00:00,598.625
2015-06-01 15:00:00,693.0500099999999
2015-06-01 16:00:00,723.6750099999999
2015-06-01 17:00:00,684.525
2015-06-01 18:00:00,574.72501
2015-06-01 19:00:00,412.275015
2015-06-01 20:00:00,211.8000025
2015-06-01 21:00:00,29.400001250000003
2015-06-01 22:00:00,0.0
2015-06-01 23:00:00,0.0
2015-06-02 00:00:00,0.0
2015-06-02 01:00:00,0.0
2015-06-02 02:00:00,0.0
2015-06-02 03:00:00,0.0
2015-06-02 04:00:00,0.0
2015-06-02 05:00:00,0.0
2015-06-02 06:00:00,0.0
2015-06-02 07:00:00,0.0
2015-06-02 08:00:00,0.0
2015-06-02 09:00:00,0.0
2015-06-02 10:00:00,0.0
2015-06-02 11:00:00,51.15
2015-06-02 12:00:00,256.050005
2015-06-02 13:00:00,455.67501
2015-06-02 14:00:00,612.17501
2015-06-02 15:00:00,708.12501
2015-06-02 16:00:00,736.4
2015-06-02 17:00:00,693.9749999999999
2015-06-02 18:00:00,584.25
2015-06-02 19:00:00,419.025005
2015-06-02 20:00:00,216.975
2015-06-02 21:00:00,32.0500005
2015-06-02 22:00:00,0.0
2015-06-02 23:00:00,0.0
2015-06-03 00:00:00,0.0
2015-06-03 01:00:00,0.0
2015-06-03 02:00:00,0.0
2015-06-03 03:00:00,0.0
2015-06-03 04:00:00,0.0
2015-06-03 05:00:00,0.0
2015-06-03 06:00:00,0.0
2015-06-03 07:00:00,0.0
2015-06-03 08:00:00,0.0
2015-06-03 09:00:00,0.0
2015-06-03 10:00:00,0.0
2015-06-03 11:00:00,53.00000025
2015-06-03 12:00:00,247.60000250000002
2015-06-03 13:00:00,441.875005
2015-06-03 14:00:00,594.10001
2015-06-03 15:00:00,687.37501
2015-06-03 16:00:00,716.0
2015-06-03 17:00:00,676.4000100000001
2015-06-03 18:00:00,571.80001
2015-06-03 19:00:00,412.05
2015-06-03 20:00:00,214.2
2015-06-03 21:00:00,31.9500005
2015-06-03 22:00:00,0.0
2015-06-03 23:00:00,0.0
2015-06-04 00:00:00,0.0
2015-06-04 01:00:00,0.0
2015-06-04 02:00:00,0.0
2015-06-04 03:00:00,0.0
2015-06-04 04:00:00,0.0
2015-06-04 05:00:00,0.0
2015-06-04 06:00:00,0.0
2015-06-04 07:00:00,0.0
2015-06-04 08:00:00,0.0
2015-06-04 09:00:00,0.0
2015-06-04 10:00:00,0.0
2015-06-04 11:00:00,48.35
2015-06-04 12:00:00,244.825
2015-06-04 13:00:00,435.625
2015-06-04 14:00:00,585.25002
2015-06-04 15:00:00,678.40002
2015-06-04 16:00:00,707.40002
2015-06-04 17:00:00,669.57501
2015-06-04 18:00:00,568.15002
2015-06-04 19:00:00,411.325
2015-06-04 20:00:00,215.95
2015-06-04 21:00:00,32.65000175
2015-06-04 22:00:00,0.0
2015-06-04 23:00:00,0.0
2015-06-05 00:00:00,0.0
2015-06-05 01:00:00,0.0
2015-06-05 02:00:00,0.0
2015-06-05 03:00:00,0.0
2015-06-05 04:00:00,0.0
2015-06-05 05:00:00,0.0
2015-06-05 06:00:00,0.0
2015-06-05 07:00:00,0.0
2015-06-05 08:00:00,0.0
2015-06-05 09:00:00,0.0
2015-06-05 10:00:00,0.0
2015-06-05 11:00:00,41.15000125
2015-06-05 12:00:00,198.425
2015-06-05 13:00:00,409.000005
2015-06-05 14:00:00,583.4000100000001
2015-06-05 15:00:00,690.0250100000001
2015-06-05 16:00:00,720.35002
2015-06-05 17:00:00,681.7249999999999
2015-06-05 18:00:00,577.85
2015-06-05 19:00:00,417.1
2015-06-05 20:00:00,217.22500250000002
2015-06-05 21:00:00,32.15
2015-06-05 22:00:00,0.0
2015-06-05 23:00:00,0.0
2015-06-06 00:00:00,0.0
2015-06-06 01:00:00,0.0
2015-06-06 02:00:00,0.0
2015-06-06 03:00:00,0.0
2015-06-06 04:00:00,0.0
2015-06-06 05:00:00,0.0
2015-06-06 06:00:00,0.0
2015-06-06 07:00:00,0.0
2015-06-06 08:00:00,0.0
2015-06-06 09:00:00,0.0
2015-06-06 10:00:00,0.0
2015-06-06 11:00:00,50.55000125
2015-06-06 12:00:00,251.54999999999998
2015-06-06 13:00:00,450.575
2015-06-06 14:00:00,605.9250099999999
2015-06-06 15:00:00,702.1
2015-06-06 16:00:00,731.525
2015-06-06 17:00:00,691.6500100000001
2015-06-06 18:00:00,585.5250100000001
2015-06-06 19:00:00,422.775005
2015-06-06 20:00:00,220.450005
2015-06-06 21:00:00,32.625
2015-06-06 22:00:00,0.0
2015-06-06 23:00:00,0.0
2015-06-07 00:00:00,0.0
2015-06-07 01:00:00,0.0
2015-06-07 02:00:00,0.0
2015-06-07 03:00:00,0.0
2015-06-07 04:00:00,0.0
2015-06-07 05:00:00,0.0
2015-06-07 06:00:00,0.0
2015-06-07 07:00:00,0.0
2015-06-07 08:00:00,0.0
2015-06-07 09:00:00,0.0
2015-06-07 10:00:00,0.0
2015-06-07 11:00:00,48.35
2015-06-07 12:00:00,237.675
2015-06-07 13:00:00,432.375005
2015-06-07 14:00:00,585.4250099999999
2015-06-07 15:00:00,680.275
2015-06-07 16:00:00,709.10002
2015-06-07 17:00:00,669.30001
2015-06-07 18:00:00,564.00001
2015-06-07 19:00:00,403.900005
2015-06-07 20:00:00,207.625005
2015-06-07 21:00:00,28.775000025
2015-06-07 22:00:00,0.0
2015-06-07 23:00:00,0.0
2015-06-08 00:00:00,0.0
2015-06-08 01:00:00,0.0
2015-06-08 02:00:00,0.0
2015-06-08 03:00:00,0.0
2015-06-08 04:00:00,0.0
2015-06-08 05:00:00,0.0
2015-06-08 06:00:00,0.0
2015-06-08 07:00:00,0.0
2015-06-08 08:00:00,0.0
2015-06-08 09:00:00,0.0
2015-06-08 10:00:00,0.0
2015-06-08 11:00:00,41.82500125
2015-06-08 12:00:00,198.525
2015-06-08 13:00:00,393.625
2015-06-08 14:00:00,526.05001
2015-06-08 15:00:00,604.35001
2015-06-08 16:00:00,684.975
2015-06-08 17:00:00,655.2333333333332
2015-06-08 18:00:00,544.3
2015-06-08 19:00:00,386.5
2015-06-08 20:00:00,194.625
2015-06-08 21:00:00,25.475
2015-06-08 22:00:00,0.0
2015-06-08 23:00:00,0.0
2015-06-09 00:00:00,0.0
2015-06-09 01:00:00,0.0
2015-06-09 02:00:00,0.0
2015-06-09 03:00:00,0.0
2015-06-09 04:00:00,0.0
2015-06-09 05:00:00,0.0
2015-06-09 06:00:00,0.0
2015-06-09 07:00:00,0.0
2015-06-09 08:00:00,0.0
2015-06-09 09:00:00,0.0
2015-06-09 10:00:00,0.0
2015-06-09 11:00:00,44.025000500000004
2015-06-09 12:00:00,235.475005
2015-06-09 13:00:00,429.45
2015-06-09 14:00:00,582.6750099999999
2015-06-09 15:00:00,678.6500100000001
2015-06-09 16:00:00,708.32501
2015-06-09 17:00:00,668.15
2015-06-09 18:00:00,561.425
2015-06-09 19:00:00,402.55001000000004
2015-06-09 20:00:00,208.625
2015-06-09 21:00:00,29.974999999999998
2015-06-09 22:00:00,0.0
2015-06-09 23:00:00,0.0
2015-06-10 00:00:00,0.0
2015-06-10 01:00:00,0.0
2015-06-10 02:00:00,0.0
2015-06-10 03:00:00,0.0
2015-06-10 04:00:00,0.0
2015-06-10 05:00:00,0.0
2015-06-10 06:00:00,0.0
2015-06-10 07:00:00,0.0
2015-06-10 08:00:00,0.0
2015-06-10 09:00:00,0.0
2015-06-10 10:00:00,0.0
2015-06-10 11:00:00,33.699999999999996
2015-06-10 12:00:00,179.55
2015-06-10 13:00:00,364.9
2015-06-10 14:00:00,513.67501
2015-06-10 15:00:00,590.07502
2015-06-10 16:00:00,626.925
2015-06-10 17:00:00,589.55001
2015-06-10 18:00:00,462.425
2015-06-10 19:00:00,312.2000025
2015-06-10 20:00:00,139.65000500000002
2015-06-10 21:00:00,15.200000025
2015-06-10 22:00:00,0.0
2015-06-10 23:00:00,0.0
2015-06-11 00:00:00,0.0
2015-06-11 01:00:00,0.0
2015-06-11 02:00:00,0.0
2015-06-11 03:00:00,0.0
2015-06-11 04:00:00,0.0
2015-06-11 05:00:00,0.0
2015-06-11 06:00:00,0.0
2015-06-11 07:00:00,0.0
2015-06-11 08:00:00,0.0
2015-06-11 09:00:00,0.0
2015-06-11 10:00:00,0.0
2015-06-11 11:00:00,25.4000005
2015-06-11 12:00:00,153.8
2015-06-11 13:00:00,312.85
2015-06-11 14:00:00,405.675005
2015-06-11 15:00:00,423.025
2015-06-11 16:00:00,360.45
2015-06-11 17:00:00,276.40000499999996
2015-06-11 18:00:00,222.0
2015-06-11 19:00:00,140.925
2015-06-11 20:00:00,64.775
2015-06-11 21:00:00,4.0
2015-06-11 22:00:00,0.0
2015-06-11 23:00:00,0.0
2015-06-12 00:00:00,0.0
2015-06-12 01:00:00,0.0
2015-06-12 02:00:00,0.0
2015-06-12 03:00:00,0.0
2015-06-12 04:00:00,0.0
2015-06-12 05:00:00,0.0
2015-06-12 06:00:00,0.0
2015-06-12 07:00:00,0.0
2015-06-12 08:00:00,0.0
2015-06-12 09:00:00,0.0
2015-06-12 10:00:00,0.0
2015-06-12 11:00:00,31.200001750000002
2015-06-12 12:00:00,184.95
2015-06-12 13:00:00,320.20000500000003
2015-06-12 14:00:00,429.2
2015-06-12 15:00:00,519.20001
2015-06-12 16:00:00,536.50001
2015-06-12 17:00:00,528.52501
2015-06-12 18:00:00,467.625
2015-06-12 19:00:00,328.5
2015-06-12 20:00:00,160.2750025
2015-06-12 21:00:00,15.5
2015-06-12 22:00:00,0.0
2015-06-12 23:00:00,0.0
2015-06-13 00:00:00,0.0
2015-06-13 01:00:00,0.0
2015-06-13 02:00:00,0.0
2015-06-13 03:00:00,0.0
2015-06-13 04:00:00,0.0
2015-06-13 05:00:00,0.0
2015-06-13 06:00:00,0.0
2015-06-13 07:00:00,0.0
2015-06-13 08:00:00,0.0
2015-06-13 09:00:00,0.0
2015-06-13 10:00:00,0.0
2015-06-13 11:00:00,41.275
2015-06-13 12:00:00,191.65000125
2015-06-13 13:00:00,346.84999999999997
2015-06-13 14:00:00,488.15
2015-06-13 15:00:00,543.9750200000001
2015-06-13 16:00:00,551.0250100000001
2015-06-13 17:00:00,549.85002
2015-06-13 18:00:00,430.475
2015-06-13 19:00:00,307.25
2015-06-13 20:00:00,134.95
2015-06-13 21:00:00,10.6
2015-06-13 22:00:00,0.0
2015-06-13 23:00:00,0.0
2015-06-14 00:00:00,0.0
2015-06-14 01:00:00,0.0
2015-06-14 02:00:00,0.0
2015-06-14 03:00:00,0.0
2015-06-14 04:00:00,0.0
2015-06-14 05:00:00,0.0
2015-06-14 06:00:00,0.0
2015-06-14 07:00:00,0.0
2015-06-14 08:00:00,0.0
2015-06-14 09:00:00,0.0
2015-06-14 10:00:00,0.0
2015-06-14 11:00:00,37.60000075000001
2015-06-14 12:00:00,232.3500075
2015-06-14 13:00:00,425.87501
2015-06-14 14:00:00,578.52501
2015-06-14 15:00:00,672.12502
2015-06-14 16:00:00,700.45001
2015-06-14 17:00:00,660.55
2015-06-14 18:00:00,553.6
2015-06-14 19:00:00,397.775
2015-06-14 20:00:00,205.925005
2015-06-14 21:00:00,27.933335033333336
2015-06-14 22:00:00,0.0
2015-06-14 23:00:00,0.0
2015-06-15 00:00:00,0.0
2015-06-15 01:00:00,0.0
2015-06-15 02:00:00,0.0
2015-06-15 03:00:00,0.0
2015-06-15 04:00:00,0.0
2015-06-15 05:00:00,0.0
2015-06-15 06:00:00,0.0
2015-06-15 07:00:00,0.0
2015-06-15 08:00:00,0.0
2015-06-15 09:00:00,0.0
2015-06-15 10:00:00,0.0
2015-06-15 11:00:00,41.575
2015-06-15 12:00:00,230.92499999999998
2015-06-15 13:00:00,422.350005
2015-06-15 14:00:00,573.62501
2015-06-15 15:00:00,666.075
2015-06-15 16:00:00,697.2250200000001
2015-06-15 17:00:00,661.47501
2015-06-15 18:00:00,555.85001
2015-06-15 19:00:00,400.20000500000003
2015-06-15 20:00:00,207.2000025
2015-06-15 21:00:00,28.450000025
2015-06-15 22:00:00,0.0
2015-06-15 23:00:00,0.0
2015-06-16 00:00:00,0.0
2015-06-16 01:00:00,0.0
2015-06-16 02:00:00,0.0
2015-06-16 03:00:00,0.0
2015-06-16 04:00:00,0.0
2015-06-16 05:00:00,0.0
2015-06-16 06:00:00,0.0
2015-06-16 07:00:00,0.0
2015-06-16 08:00:00,0.0
2015-06-16 09:00:00,0.0
2015-06-16 10:00:00,0.0
2015-06-16 11:00:00,39.225
2015-06-16 12:00:00,233.7000075
2015-06-16 13:00:00,429.500015
2015-06-16 14:00:00,584.50001
2015-06-16 15:00:00,681.22501
2015-06-16 16:00:00,712.95001
2015-06-16 17:00:00,674.6750099999999
2015-06-16 18:00:00,568.8499999999999
2015-06-16 19:00:00,410.425005
2015-06-16 20:00:00,215.075005
2015-06-16 21:00:00,32.47500125
2015-06-16 22:00:00,0.0
2015-06-16 23:00:00,0.0
2015-06-17 00:00:00,0.0
2015-06-17 01:00:00,0.0
2015-06-17 02:00:00,0.0
2015-06-17 03:00:00,0.0
2015-06-17 04:00:00,0.0
2015-06-17 05:00:00,0.0
2015-06-17 06:00:00,0.0
2015-06-17 07:00:00,0.0
2015-06-17 08:00:00,0.0
2015-06-17 09:00:00,0.0
2015-06-17 10:00:00,0.0
2015-06-17 11:00:00,36.475
2015-06-17 12:00:00,205.0000075
2015-06-17 13:00:00,395.175005
2015-06-17 14:00:00,553.57502
2015-06-17 15:00:00,646.1750099999999
2015-06-17 16:00:00,671.50001
2015-06-17 17:00:00,642.6500100000001
2015-06-17 18:00:00,536.50001
2015-06-17 19:00:00,382.925
2015-06-17 20:00:00,194.50000625
2015-06-17 21:00:00,26.875
2015-06-17 22:00:00,0.0
2015-06-17 23:00:00,0.0
2015-06-18 00:00:00,0.0
2015-06-18 01:00:00,0.0
2015-06-18 02:00:00,0.0
2015-06-18 03:00:00,0.0
2015-06-18 04:00:00,0.0
2015-06-18 05:00:00,0.0
2015-06-18 06:00:00,0.0
2015-06-18 07:00:00,0.0
2015-06-18 08:00:00,0.0
2015-06-18 09:00:00,0.0
2015-06-18 10:00:00,0.0
2015-06-18 11:00:00,37.1000005
2015-06-18 12:00:00,221.275
2015-06-18 13:00:00,409.95000500000003
2015-06-18 14:00:00,559.70001
2015-06-18 15:00:00,653.425
2015-06-18 16:00:00,687.2750100000001
2015-06-18 17:00:00,653.3
2015-06-18 18:00:00,552.35
2015-06-18 19:00:00,377.07500500000003
2015-06-18 20:00:00,179.70000375
2015-06-18 21:00:00,25.225
2015-06-18 22:00:00,0.0
2015-06-18 23:00:00,0.0
2015-06-19 00:00:00,0.0
2015-06-19 01:00:00,0.0
2015-06-19 02:00:00,0.0
2015-06-19 03:00:00,0.0
2015-06-19 04:00:00,0.0
2015-06-19 05:00:00,0.0
2015-06-19 06:00:00,0.0
2015-06-19 07:00:00,0.0
2015-06-19 08:00:00,0.0
2015-06-19 09:00:00,0.0
2015-06-19 10:00:00,0.0
2015-06-19 11:00:00,36.625
2015-06-19 12:00:00,217.4250025
2015-06-19 13:00:00,397.85
2015-06-19 14:00:00,549.5500049999999
2015-06-19 15:00:00,649.725
2015-06-19 16:00:00,690.97501
2015-06-19 17:00:00,656.75
2015-06-19 18:00:00,555.5250100000001
2015-06-19 19:00:00,401.82500500000003
2015-06-19 20:00:00,210.9000025
2015-06-19 21:00:00,32.0
2015-06-19 22:00:00,0.0
2015-06-19 23:00:00,0.0
2015-06-20 00:00:00,0.0
2015-06-20 01:00:00,0.0
2015-06-20 02:00:00,0.0
2015-06-20 03:00:00,0.0
2015-06-20 04:00:00,0.0
2015-06-20 05:00:00,0.0
2015-06-20 06:00:00,0.0
2015-06-20 07:00:00,0.0
2015-06-20 08:00:00,0.0
2015-06-20 09:00:00,0.0
2015-06-20 10:00:00,0.0
2015-06-20 11:00:00,37.02500125
2015-06-20 12:00:00,224.95
2015-06-20 13:00:00,417.300005
2015-06-20 14:00:00,570.325
2015-06-20 15:00:00,668.17501
2015-06-20 16:00:00,701.42501
2015-06-20 17:00:00,667.4750200000001
2015-06-20 18:00:00,569.02502
2015-06-20 19:00:00,414.42501000000004
2015-06-20 20:00:00,220.275
2015-06-20 21:00:00,35.1250005
2015-06-20 22:00:00,0.0
2015-06-20 23:00:00,0.0
2015-06-21 00:00:00,0.0
2015-06-21 01:00:00,0.0
2015-06-21 02:00:00,0.0
2015-06-21 03:00:00,0.0
2015-06-21 04:00:00,0.0
2015-06-21 05:00:00,0.0
2015-06-21 06:00:00,0.0
2015-06-21 07:00:00,0.0
2015-06-21 08:00:00,0.0
2015-06-21 09:00:00,0.0
2015-06-21 10:00:00,0.0
2015-06-21 11:00:00,37.75
2015-06-21 12:00:00,224.000005
2015-06-21 13:00:00,413.55
2015-06-21 14:00:00,563.9
2015-06-21 15:00:00,657.875
2015-06-21 16:00:00,660.20002
2015-06-21 17:00:00,538.175015
2015-06-21 18:00:00,401.725005
2015-06-21 19:00:00,247.8
2015-06-21 20:00:00,107.375
2015-06-21 21:00:00,7.5
2015-06-21 22:00:00,0.0
2015-06-21 23:00:00,0.0
2015-06-22 00:00:00,0.0
2015-06-22 01:00:00,0.0
2015-06-22 02:00:00,0.0
2015-06-22 03:00:00,0.0
2015-06-22 04:00:00,0.0
2015-06-22 05:00:00,0.0
2015-06-22 06:00:00,0.0
2015-06-22 07:00:00,0.0
2015-06-22 08:00:00,0.0
2015-06-22 09:00:00,0.0
2015-06-22 10:00:00,0.0
2015-06-22 11:00:00,33.650000500000004
2015-06-22 12:00:00,193.425
2015-06-22 13:00:00,321.425
2015-06-22 14:00:00,498.25
2015-06-22 15:00:00,630.37501
2015-06-22 16:00:00,572.07501
2015-06-22 17:00:00,537.6
2015-06-22 18:00:00,410.075005
2015-06-22 19:00:00,241.1500025
2015-06-22 20:00:00,157.35
2015-06-22 21:00:00,13.5000005
2015-06-22 22:00:00,0.0
2015-06-22 23:00:00,0.0
2015-06-23 00:00:00,0.0
2015-06-23 01:00:00,0.0
2015-06-23 02:00:00,0.0
2015-06-23 03:00:00,0.0
2015-06-23 04:00:00,0.0
2015-06-23 05:00:00,0.0
2015-06-23 06:00:00,0.0
2015-06-23 07:00:00,0.0
2015-06-23 08:00:00,0.0
2015-06-23 09:00:00,0.0
2015-06-23 10:00:00,0.0
2015-06-23 11:00:00,25.55
2015-06-23 12:00:00,147.475005
2015-06-23 13:00:00,198.0250025
2015-06-23 14:00:00,291.300005
2015-06-23 15:00:00,325.500005
2015-06-23 16:00:00,345.77500499999996
2015-06-23 17:00:00,361.4000066666667
2015-06-23 18:00:00,297.625
2015-06-23 19:00:00,202.6250025
2015-06-23 20:00:00,98.125
2015-06-23 21:00:00,17.7
2015-06-23 22:00:00,0.0
2015-06-23 23:00:00,0.0
2015-06-24 00:00:00,0.0
2015-06-24 01:00:00,0.0
2015-06-24 02:00:00,0.0
2015-06-24 03:00:00,0.0
2015-06-24 04:00:00,0.0
2015-06-24 05:00:00,0.0
2015-06-24 06:00:00,0.0
2015-06-24 07:00:00,0.0
2015-06-24 08:00:00,0.0
2015-06-24 09:00:00,0.0
2015-06-24 10:00:00,0.0
2015-06-24 11:00:00,33.1500005
2015-06-24 12:00:00,220.4750025
2015-06-24 13:00:00,410.45000500000003
2015-06-24 14:00:00,562.35001
2015-06-24 15:00:00,658.55001
2015-06-24 16:00:00,692.85
2015-06-24 17:00:00,660.6500100000001
2015-06-24 18:00:00,562.9000100000001
2015-06-24 19:00:00,410.325
2015-06-24 20:00:00,218.55
2015-06-24 21:00:00,35.225000075
2015-06-24 22:00:00,0.0
2015-06-24 23:00:00,0.0
2015-06-25 00:00:00,0.0
2015-06-25 01:00:00,0.0
2015-06-25 02:00:00,0.0
2015-06-25 03:00:00,0.0
2015-06-25 04:00:00,0.0
2015-06-25 05:00:00,0.0
2015-06-25 06:00:00,0.0
2015-06-25 07:00:00,0.0
2015-06-25 08:00:00,0.0
2015-06-25 09:00:00,0.0
2015-06-25 10:00:00,0.0
2015-06-25 11:00:00,36.45
2015-06-25 12:00:00,219.87500500000002
2015-06-25 13:00:00,421.20000500000003
2015-06-25 14:00:00,577.05002
2015-06-25 15:00:00,675.9
2015-06-25 16:00:00,708.12502
2015-06-25 17:00:00,671.07501
2015-06-25 18:00:00,566.12501
2015-06-25 19:00:00,402.1
2015-06-25 20:00:00,139.04999999999998
2015-06-25 21:00:00,12.675000500000001
2015-06-25 22:00:00,0.0
2015-06-25 23:00:00,0.0
2015-06-26 00:00:00,0.0
2015-06-26 01:00:00,0.0
2015-06-26 02:00:00,0.0
2015-06-26 03:00:00,0.0
2015-06-26 04:00:00,0.0
2015-06-26 05:00:00,0.0
2015-06-26 06:00:00,0.0
2015-06-26 07:00:00,0.0
2015-06-26 08:00:00,0.0
2015-06-26 09:00:00,0.0
2015-06-26 10:00:00,0.0
2015-06-26 11:00:00,27.075
2015-06-26 12:00:00,172.9500025
2015-06-26 13:00:00,315.775
2015-06-26 14:00:00,447.0
2015-06-26 15:00:00,468.15
2015-06-26 16:00:00,478.77500499999996
2015-06-26 17:00:00,479.40002000000004
2015-06-26 18:00:00,413.65
2015-06-26 19:00:00,392.325
2015-06-26 20:00:00,195.8
2015-06-26 21:00:00,28.325
2015-06-26 22:00:00,0.0
2015-06-26 23:00:00,0.0
2015-06-27 00:00:00,0.0
2015-06-27 01:00:00,0.0
2015-06-27 02:00:00,0.0
2015-06-27 03:00:00,0.0
2015-06-27 04:00:00,0.0
2015-06-27 05:00:00,0.0
2015-06-27 06:00:00,0.0
2015-06-27 07:00:00,0.0
2015-06-27 08:00:00,0.0
2015-06-27 09:00:00,0.0
2015-06-27 10:00:00,0.0
2015-06-27 11:00:00,28.125
2015-06-27 12:00:00,167.0000025
2015-06-27 13:00:00,322.850005
2015-06-27 14:00:00,456.70000500000003
2015-06-27 15:00:00,519.7750149999999
2015-06-27 16:00:00,521.875
2015-06-27 17:00:00,412.47501
2015-06-27 18:00:00,356.800005
2015-06-27 19:00:00,350.85
2015-06-27 20:00:00,180.65000375
2015-06-27 21:00:00,25.15
2015-06-27 22:00:00,0.0
2015-06-27 23:00:00,0.0
2015-06-28 00:00:00,0.0
2015-06-28 01:00:00,0.0
2015-06-28 02:00:00,0.0
2015-06-28 03:00:00,0.0
2015-06-28 04:00:00,0.0
2015-06-28 05:00:00,0.0
2015-06-28 06:00:00,0.0
2015-06-28 07:00:00,0.0
2015-06-28 08:00:00,0.0
2015-06-28 09:00:00,0.0
2015-06-28 10:00:00,0.0
2015-06-28 11:00:00,21.875
2015-06-28 12:00:00,130.60000250000002
2015-06-28 13:00:00,284.000005
2015-06-28 14:00:00,424.90001
2015-06-28 15:00:00,507.85002000000003
2015-06-28 16:00:00,493.9
2015-06-28 17:00:00,368.275005
2015-06-28 18:00:00,388.625005
2015-06-28 19:00:00,326.350005
2015-06-28 20:00:00,88.9500005
2015-06-28 21:00:00,11.9000005
2015-06-28 22:00:00,0.0
2015-06-28 23:00:00,0.0
2015-06-29 00:00:00,0.0
2015-06-29 01:00:00,0.0
2015-06-29 02:00:00,0.0
2015-06-29 03:00:00,0.0
2015-06-29 04:00:00,0.0
2015-06-29 05:00:00,0.0
2015-06-29 06:00:00,0.0
2015-06-29 07:00:00,0.0
2015-06-29 08:00:00,0.0
2015-06-29 09:00:00,0.0
2015-06-29 10:00:00,0.0
2015-06-29 11:00:00,27.424999999999997
2015-06-29 12:00:00,204.850005
2015-06-29 13:00:00,394.70000500000003
2015-06-29 14:00:00,548.0
2015-06-29 15:00:00,650.67501
2015-06-29 16:00:00,683.5500099999999
2015-06-29 17:00:00,649.10002
2015-06-29 18:00:00,549.375
2015-06-29 19:00:00,398.525
2015-06-29 20:00:00,210.6750025
2015-06-29 21:00:00,33.35
2015-06-29 22:00:00,0.0
2015-06-29 23:00:00,0.0
2015-06-30 00:00:00,0.0
2015-06-30 01:00:00,0.0
2015-06-30 02:00:00,0.0
2015-06-30 03:00:00,0.0
2015-06-30 04:00:00,0.0
2015-06-30 05:00:00,0.0
2015-06-30 06:00:00,0.0
2015-06-30 07:00:00,0.0
2015-06-30 08:00:00,0.0
2015-06-30 09:00:00,0.0
2015-06-30 10:00:00,0.0
2015-06-30 11:00:00,33.45
2015-06-30 12:00:00,216.20000249999998
2015-06-30 13:00:00,406.525
2015-06-30 14:00:00,558.97501
2015-06-30 15:00:00,654.72501
2015-06-30 16:00:00,689.9499999999999
2015-06-30 17:00:00,656.90001
2015-06-30 18:00:00,551.625005
2015-06-30 19:00:00,399.70000500000003
2015-06-30 20:00:00,210.95
2015-06-30 21:00:00,27.375
2015-06-30 22:00:00,0.0
2015-06-30 23:00:00,0.0
2015-07-01 00:00:00,
2015-07-01 01:00:00,0.0
2015-07-01 02:00:00,0.0
2015-07-01 03:00:00,0.0
2015-07-01 04:00:00,0.0
2015-07-01 05:00:00,0.0
2015-07-01 06:00:00,0.0
2015-07-01 07:00:00,0.0
2015-07-01 08:00:00,0.0
2015-07-01 09:00:00,0.0
2015-07-01 10:00:00,0.0
2015-07-01 11:00:00,30.775
2015-07-01 12:00:00,198.22500625
2015-07-01 13:00:00,387.32500500000003
2015-07-01 14:00:00,540.62501
2015-07-01 15:00:00,642.15002
2015-07-01 16:00:00,671.50001
2015-07-01 17:00:00,591.825
2015-07-01 18:00:00,521.10002
2015-07-01 19:00:00,344.6
2015-07-01 20:00:00,111.45000250000001
2015-07-01 21:00:00,16.2750005
2015-07-01 22:00:00,0.0
2015-07-01 23:00:00,0.0
2015-07-02 00:00:00,0.0
2015-07-02 01:00:00,0.0
2015-07-02 02:00:00,0.0
2015-07-02 03:00:00,0.0
2015-07-02 04:00:00,0.0
2015-07-02 05:00:00,0.0
2015-07-02 06:00:00,0.0
2015-07-02 07:00:00,0.0
2015-07-02 08:00:00,0.0
2015-07-02 09:00:00,0.0
2015-07-02 10:00:00,0.0
2015-07-02 11:00:00,32.075
2015-07-02 12:00:00,215.0250025
2015-07-02 13:00:00,408.40000499999996
2015-07-02 14:00:00,563.1000200000001
2015-07-02 15:00:00,660.075
2015-07-02 16:00:00,693.85001
2015-07-02 17:00:00,659.97501
2015-07-02 18:00:00,561.00001
2015-07-02 19:00:00,416.59999999999997
2015-07-02 20:00:00,219.85000000000002
2015-07-02 21:00:00,38.375
2015-07-02 22:00:00,0.0
2015-07-02 23:00:00,0.0
2015-07-03 00:00:00,0.0
2015-07-03 01:00:00,0.0
2015-07-03 02:00:00,0.0
2015-07-03 03:00:00,0.0
2015-07-03 04:00:00,0.0
2015-07-03 05:00:00,0.0
2015-07-03 06:00:00,0.0
2015-07-03 07:00:00,0.0
2015-07-03 08:00:00,0.0
2015-07-03 09:00:00,0.0
2015-07-03 10:00:00,0.0
2015-07-03 11:00:00,27.250000075
2015-07-03 12:00:00,132.47500000000002
2015-07-03 13:00:00,313.550005
2015-07-03 14:00:00,336.725
2015-07-03 15:00:00,439.95000500000003
2015-07-03 16:00:00,514.95001
2015-07-03 17:00:00,417.525
2015-07-03 18:00:00,315.175005
2015-07-03 19:00:00,210.2250075
2015-07-03 20:00:00,116.3000025
2015-07-03 21:00:00,14.725
2015-07-03 22:00:00,0.0
2015-07-03 23:00:00,0.0
2015-07-04 00:00:00,0.0
2015-07-04 01:00:00,0.0
2015-07-04 02:00:00,0.0
2015-07-04 03:00:00,0.0
2015-07-04 04:00:00,0.0
2015-07-04 05:00:00,0.0
2015-07-04 06:00:00,0.0
2015-07-04 07:00:00,0.0
2015-07-04 08:00:00,0.0
2015-07-04 09:00:00,0.0
2015-07-04 10:00:00,0.0
2015-07-04 11:00:00,29.974999999999998
2015-07-04 12:00:00,198.8
2015-07-04 13:00:00,301.16667333333334
2015-07-04 14:00:00,412.975015
2015-07-04 15:00:00,421.175
2015-07-04 16:00:00,409.17501000000004
2015-07-04 17:00:00,370.7
2015-07-04 18:00:00,292.750005
2015-07-04 19:00:00,198.4250025
2015-07-04 20:00:00,97.12500125
2015-07-04 21:00:00,25.025000249999998
2015-07-04 22:00:00,0.0
2015-07-04 23:00:00,0.0
2015-07-05 00:00:00,0.0
2015-07-05 01:00:00,0.0
2015-07-05 02:00:00,0.0
2015-07-05 03:00:00,0.0
2015-07-05 04:00:00,0.0
2015-07-05 05:00:00,0.0
2015-07-05 06:00:00,0.0
2015-07-05 07:00:00,0.0
2015-07-05 08:00:00,0.0
2015-07-05 09:00:00,0.0
2015-07-05 10:00:00,0.0
2015-07-05 11:00:00,33.8
2015-07-05 12:00:00,219.95
2015-07-05 13:00:00,414.750005
2015-07-05 14:00:00,570.4000100000001
2015-07-05 15:00:00,667.00002
2015-07-05 16:00:00,701.6500100000001
2015-07-05 17:00:00,665.8500200000001
2015-07-05 18:00:00,566.9000100000001
2015-07-05 19:00:00,414.475005
2015-07-05 20:00:00,222.85
2015-07-05 21:00:00,40.025000500000004
2015-07-05 22:00:00,0.0
2015-07-05 23:00:00,0.0
2015-07-06 00:00:00,0.0
2015-07-06 01:00:00,0.0
2015-07-06 02:00:00,0.0
2015-07-06 03:00:00,0.0
2015-07-06 04:00:00,0.0
2015-07-06 05:00:00,0.0
2015-07-06 06:00:00,0.0
2015-07-06 07:00:00,0.0
2015-07-06 08:00:00,0.0
2015-07-06 09:00:00,0.0
2015-07-06 10:00:00,0.0
2015-07-06 11:00:00,32.9
2015-07-06 12:00:00,216.15
2015-07-06 13:00:00,409.900005
2015-07-06 14:00:00,565.425
2015-07-06 15:00:00,663.375
2015-07-06 16:00:00,697.97502
2015-07-06 17:00:00,650.22501
2015-07-06 18:00:00,546.175005
2015-07-06 19:00:00,296.1750075
2015-07-06 20:00:00,153.5250025
2015-07-06 21:00:00,14.6500005
2015-07-06 22:00:00,0.0
2015-07-06 23:00:00,0.0
2015-07-07 00:00:00,0.0
2015-07-07 01:00:00,0.0
2015-07-07 02:00:00,0.0
2015-07-07 03:00:00,0.0
2015-07-07 04:00:00,0.0
2015-07-07 05:00:00,0.0
2015-07-07 06:00:00,0.0
2015-07-07 07:00:00,0.0
2015-07-07 08:00:00,0.0
2015-07-07 09:00:00,0.0
2015-07-07 10:00:00,0.0
2015-07-07 11:00:00,27.32500125
2015-07-07 12:00:00,211.4
2015-07-07 13:00:00,402.12501
2015-07-07 14:00:00,555.775
2015-07-07 15:00:00,651.92502
2015-07-07 16:00:00,688.6999999999999
2015-07-07 17:00:00,658.6
2015-07-07 18:00:00,561.87501
2015-07-07 19:00:00,411.325005
2015-07-07 20:00:00,222.225
2015-07-07 21:00:00,42.275
2015-07-07 22:00:00,0.0
2015-07-07 23:00:00,0.0
2015-07-08 00:00:00,0.0
2015-07-08 01:00:00,0.0
2015-07-08 02:00:00,0.0
2015-07-08 03:00:00,0.0
2015-07-08 04:00:00,0.0
2015-07-08 05:00:00,0.0
2015-07-08 06:00:00,0.0
2015-07-08 07:00:00,0.0
2015-07-08 08:00:00,0.0
2015-07-08 09:00:00,0.0
2015-07-08 10:00:00,0.0
2015-07-08 11:00:00,34.85
2015-07-08 12:00:00,221.9000025
2015-07-08 13:00:00,416.075
2015-07-08 14:00:00,572.32501
2015-07-08 15:00:00,671.325
2015-07-08 16:00:00,709.15001
2015-07-08 17:00:00,678.7
2015-07-08 18:00:00,579.12501
2015-07-08 19:00:00,425.95000500000003
2015-07-08 20:00:00,233.60000250000002
2015-07-08 21:00:00,43.699999999999996
2015-07-08 22:00:00,0.0
2015-07-08 23:00:00,0.0
2015-07-09 00:00:00,0.0
2015-07-09 01:00:00,0.0
2015-07-09 02:00:00,0.0
2015-07-09 03:00:00,0.0
2015-07-09 04:00:00,0.0
2015-07-09 05:00:00,0.0
2015-07-09 06:00:00,0.0
2015-07-09 07:00:00,0.0
2015-07-09 08:00:00,0.0
2015-07-09 09:00:00,0.0
2015-07-09 10:00:00,0.0
2015-07-09 11:00:00,34.550000000000004
2015-07-09 12:00:00,224.95
2015-07-09 13:00:00,407.47501
2015-07-09 14:00:00,560.55
2015-07-09 15:00:00,663.625
2015-07-09 16:00:00,621.850005
2015-07-09 17:00:00,621.60002
2015-07-09 18:00:00,378.05001
2015-07-09 19:00:00,223.5000075
2015-07-09 20:00:00,131.4
2015-07-09 21:00:00,26.650000000000002
2015-07-09 22:00:00,0.0
2015-07-09 23:00:00,0.0
2015-07-10 00:00:00,0.0
2015-07-10 01:00:00,0.0
2015-07-10 02:00:00,0.0
2015-07-10 03:00:00,0.0
2015-07-10 04:00:00,0.0
2015-07-10 05:00:00,0.0
2015-07-10 06:00:00,0.0
2015-07-10 07:00:00,0.0
2015-07-10 08:00:00,0.0
2015-07-10 09:00:00,0.0
2015-07-10 10:00:00,0.0
2015-07-10 11:00:00,36.8
2015-07-10 12:00:00,222.95000249999998
2015-07-10 13:00:00,387.52501
2015-07-10 14:00:00,433.225015
2015-07-10 15:00:00,574.200015
2015-07-10 16:00:00,636.20001
2015-07-10 17:00:00,549.2
2015-07-10 18:00:00,458.0
2015-07-10 19:00:00,204.9
2015-07-10 20:00:00,86.225
2015-07-10 21:00:00,10.75
2015-07-10 22:00:00,0.0
2015-07-10 23:00:00,0.0
2015-07-11 00:00:00,0.0
2015-07-11 01:00:00,0.0
2015-07-11 02:00:00,0.0
2015-07-11 03:00:00,0.0
2015-07-11 04:00:00,0.0
2015-07-11 05:00:00,0.0
2015-07-11 06:00:00,0.0
2015-07-11 07:00:00,0.0
2015-07-11 08:00:00,0.0
2015-07-11 09:00:00,0.0
2015-07-11 10:00:00,0.0
2015-07-11 11:00:00,33.375
2015-07-11 12:00:00,216.675
2015-07-11 13:00:00,418.35001
2015-07-11 14:00:00,574.82501
2015-07-11 15:00:00,676.35001
2015-07-11 16:00:00,714.00001
2015-07-11 17:00:00,683.67501
2015-07-11 18:00:00,585.50001
2015-07-11 19:00:00,432.700015
2015-07-11 20:00:00,239.52499999999998
2015-07-11 21:00:00,47.9
2015-07-11 22:00:00,0.0
2015-07-11 23:00:00,0.0
2015-07-12 00:00:00,0.0
2015-07-12 01:00:00,0.0
2015-07-12 02:00:00,0.0
2015-07-12 03:00:00,0.0
2015-07-12 04:00:00,0.0
2015-07-12 05:00:00,0.0
2015-07-12 06:00:00,0.0
2015-07-12 07:00:00,0.0
2015-07-12 08:00:00,0.0
2015-07-12 09:00:00,0.0
2015-07-12 10:00:00,0.0
2015-07-12 11:00:00,36.82500175
2015-07-12 12:00:00,207.725
2015-07-12 13:00:00,353.275005
2015-07-12 14:00:00,494.07499999999993
2015-07-12 15:00:00,519.700015
2015-07-12 16:00:00,563.15001
2015-07-12 17:00:00,650.02502
2015-07-12 18:00:00,595.45002
2015-07-12 19:00:00,440.025
2015-07-12 20:00:00,245.400005
2015-07-12 21:00:00,50.25000125
2015-07-12 22:00:00,0.0
2015-07-12 23:00:00,0.0
2015-07-13 00:00:00,0.0
2015-07-13 01:00:00,0.0
2015-07-13 02:00:00,0.0
2015-07-13 03:00:00,0.0
2015-07-13 04:00:00,0.0
2015-07-13 05:00:00,0.0
2015-07-13 06:00:00,0.0
2015-07-13 07:00:00,0.0
2015-07-13 08:00:00,0.0
2015-07-13 09:00:00,0.0
2015-07-13 10:00:00,0.0
2015-07-13 11:00:00,34.8
2015-07-13 12:00:00,226.6250025
2015-07-13 13:00:00,423.875
2015-07-13 14:00:00,437.775
2015-07-13 15:00:00,426.90000499999996
2015-07-13 16:00:00,320.0
2015-07-13 17:00:00,226.2000025
2015-07-13 18:00:00,186.9
2015-07-13 19:00:00,210.6
2015-07-13 20:00:00,142.37500125
2015-07-13 21:00:00,43.10000025
2015-07-13 22:00:00,0.0
2015-07-13 23:00:00,0.0
2015-07-14 00:00:00,0.0
2015-07-14 01:00:00,0.0
2015-07-14 02:00:00,0.0
2015-07-14 03:00:00,0.0
2015-07-14 04:00:00,0.0
2015-07-14 05:00:00,0.0
2015-07-14 06:00:00,0.0
2015-07-14 07:00:00,0.0
2015-07-14 08:00:00,0.0
2015-07-14 09:00:00,0.0
2015-07-14 10:00:00,0.0
2015-07-14 11:00:00,34.974999999999994
2015-07-14 12:00:00,194.575
2015-07-14 13:00:00,385.525005
2015-07-14 14:00:00,530.700015
2015-07-14 15:00:00,616.225
2015-07-14 16:00:00,629.77502
2015-07-14 17:00:00,532.2
2015-07-14 18:00:00,431.12501
2015-07-14 19:00:00,294.975
2015-07-14 20:00:00,131.87500125
2015-07-14 21:00:00,19.4000005
2015-07-14 22:00:00,0.0
2015-07-14 23:00:00,0.0
2015-07-15 00:00:00,0.0
2015-07-15 01:00:00,0.0
2015-07-15 02:00:00,0.0
2015-07-15 03:00:00,0.0
2015-07-15 04:00:00,0.0
2015-07-15 05:00:00,0.0
2015-07-15 06:00:00,0.0
2015-07-15 07:00:00,0.0
2015-07-15 08:00:00,0.0
2015-07-15 09:00:00,0.0
2015-07-15 10:00:00,0.0
2015-07-15 11:00:00,31.9250005
2015-07-15 12:00:00,201.275
2015-07-15 13:00:00,398.5
2015-07-15 14:00:00,573.075
2015-07-15 15:00:00,678.9749999999999
2015-07-15 16:00:00,719.4000100000001
2015-07-15 17:00:00,689.325
2015-07-15 18:00:00,589.8
2015-07-15 19:00:00,434.225
2015-07-15 20:00:00,238.625
2015-07-15 21:00:00,47.25
2015-07-15 22:00:00,0.0
2015-07-15 23:00:00,0.0
2015-07-16 00:00:00,0.0
2015-07-16 01:00:00,0.0
2015-07-16 02:00:00,0.0
2015-07-16 03:00:00,0.0
2015-07-16 04:00:00,0.0
2015-07-16 05:00:00,0.0
2015-07-16 06:00:00,0.0
2015-07-16 07:00:00,0.0
2015-07-16 08:00:00,0.0
2015-07-16 09:00:00,0.0
2015-07-16 10:00:00,0.0
2015-07-16 11:00:00,39.2000015
2015-07-16 12:00:00,235.2250075
2015-07-16 13:00:00,435.92501
2015-07-16 14:00:00,596.75002
2015-07-16 15:00:00,697.97501
2015-07-16 16:00:00,736.2750100000001
2015-07-16 17:00:00,704.275
2015-07-16 18:00:00,600.5250100000001
2015-07-16 19:00:00,445.125
2015-07-16 20:00:00,249.3
2015-07-16 21:00:00,53.0
2015-07-16 22:00:00,0.0
2015-07-16 23:00:00,0.0
2015-07-17 00:00:00,0.0
2015-07-17 01:00:00,0.0
2015-07-17 02:00:00,0.0
2015-07-17 03:00:00,0.0
2015-07-17 04:00:00,0.0
2015-07-17 05:00:00,0.0
2015-07-17 06:00:00,0.0
2015-07-17 07:00:00,0.0
2015-07-17 08:00:00,0.0
2015-07-17 09:00:00,0.0
2015-07-17 10:00:00,0.0
2015-07-17 11:00:00,38.525
2015-07-17 12:00:00,230.07501000000002
2015-07-17 13:00:00,428.975
2015-07-17 14:00:00,588.375
2015-07-17 15:00:00,689.15001
2015-07-17 16:00:00,727.85001
2015-07-17 17:00:00,698.05001
2015-07-17 18:00:00,599.4499999999999
2015-07-17 19:00:00,445.42499999999995
2015-07-17 20:00:00,249.6750025
2015-07-17 21:00:00,52.300000000000004
2015-07-17 22:00:00,0.0
2015-07-17 23:00:00,0.0
2015-07-18 00:00:00,0.0
2015-07-18 01:00:00,0.0
2015-07-18 02:00:00,0.0
2015-07-18 03:00:00,0.0
2015-07-18 04:00:00,0.0
2015-07-18 05:00:00,0.0
2015-07-18 06:00:00,0.0
2015-07-18 07:00:00,0.0
2015-07-18 08:00:00,0.0
2015-07-18 09:00:00,0.0
2015-07-18 10:00:00,0.0
2015-07-18 11:00:00,40.1500015
2015-07-18 12:00:00,244.625
2015-07-18 13:00:00,450.375005
2015-07-18 14:00:00,614.37501
2015-07-18 15:00:00,718.62501
2015-07-18 16:00:00,739.2750100000001
2015-07-18 17:00:00,710.4250099999999
2015-07-18 18:00:00,564.70001
2015-07-18 19:00:00,463.32500500000003
2015-07-18 20:00:00,262.0750025
2015-07-18 21:00:00,56.3
2015-07-18 22:00:00,0.0
2015-07-18 23:00:00,0.0
2015-07-19 00:00:00,0.0
2015-07-19 01:00:00,0.0
2015-07-19 02:00:00,0.0
2015-07-19 03:00:00,0.0
2015-07-19 04:00:00,0.0
2015-07-19 05:00:00,0.0
2015-07-19 06:00:00,0.0
2015-07-19 07:00:00,0.0
2015-07-19 08:00:00,0.0
2015-07-19 09:00:00,0.0
2015-07-19 10:00:00,0.0
2015-07-19 11:00:00,39.450000075
2015-07-19 12:00:00,233.72500250000002
2015-07-19 13:00:00,433.15001
2015-07-19 14:00:00,602.3
2015-07-19 15:00:00,705.70003
2015-07-19 16:00:00,745.1500100000001
2015-07-19 17:00:00,712.32501
2015-07-19 18:00:00,603.6750099999999
2015-07-19 19:00:00,446.425
2015-07-19 20:00:00,248.4
2015-07-19 21:00:00,53.625
2015-07-19 22:00:00,0.0
2015-07-19 23:00:00,0.0
2015-07-20 00:00:00,0.0
2015-07-20 01:00:00,0.0
2015-07-20 02:00:00,0.0
2015-07-20 03:00:00,0.0
2015-07-20 04:00:00,0.0
2015-07-20 05:00:00,0.0
2015-07-20 06:00:00,0.0
2015-07-20 07:00:00,0.0
2015-07-20 08:00:00,0.0
2015-07-20 09:00:00,0.0
2015-07-20 10:00:00,0.0
2015-07-20 11:00:00,34.175000499999996
2015-07-20 12:00:00,198.30001000000001
2015-07-20 13:00:00,376.850005
2015-07-20 14:00:00,566.1500100000001
2015-07-20 15:00:00,686.8
2015-07-20 16:00:00,670.85
2015-07-20 17:00:00,622.95001
2015-07-20 18:00:00,560.05
2015-07-20 19:00:00,365.92501000000004
2015-07-20 20:00:00,176.775
2015-07-20 21:00:00,47.2750015
2015-07-20 22:00:00,0.0
2015-07-20 23:00:00,0.0
2015-07-21 00:00:00,0.0
2015-07-21 01:00:00,0.0
2015-07-21 02:00:00,0.0
2015-07-21 03:00:00,0.0
2015-07-21 04:00:00,0.0
2015-07-21 05:00:00,0.0
2015-07-21 06:00:00,0.0
2015-07-21 07:00:00,0.0
2015-07-21 08:00:00,0.0
2015-07-21 09:00:00,0.0
2015-07-21 10:00:00,0.0
2015-07-21 11:00:00,34.1000005
2015-07-21 12:00:00,200.15
2015-07-21 13:00:00,335.300005
2015-07-21 14:00:00,475.75
2015-07-21 15:00:00,659.52503
2015-07-21 16:00:00,712.45
2015-07-21 17:00:00,678.70001
2015-07-21 18:00:00,569.87501
2015-07-21 19:00:00,427.450005
2015-07-21 20:00:00,233.350005
2015-07-21 21:00:00,43.925
2015-07-21 22:00:00,0.0
2015-07-21 23:00:00,0.0
2015-07-22 00:00:00,0.0
2015-07-22 01:00:00,0.0
2015-07-22 02:00:00,0.0
2015-07-22 03:00:00,0.0
2015-07-22 04:00:00,0.0
2015-07-22 05:00:00,0.0
2015-07-22 06:00:00,0.0
2015-07-22 07:00:00,0.0
2015-07-22 08:00:00,0.0
2015-07-22 09:00:00,0.0
2015-07-22 10:00:00,0.0
2015-07-22 11:00:00,37.27500175
2015-07-22 12:00:00,232.3750025
2015-07-22 13:00:00,429.5
2015-07-22 14:00:00,588.475
2015-07-22 15:00:00,695.05
2015-07-22 16:00:00,734.57501
2015-07-22 17:00:00,705.20001
2015-07-22 18:00:00,500.750005
2015-07-22 19:00:00,397.42501000000004
2015-07-22 20:00:00,238.4750025
2015-07-22 21:00:00,48.65
2015-07-22 22:00:00,0.0
2015-07-22 23:00:00,0.0
2015-07-23 00:00:00,0.0
2015-07-23 01:00:00,0.0
2015-07-23 02:00:00,0.0
2015-07-23 03:00:00,0.0
2015-07-23 04:00:00,0.0
2015-07-23 05:00:00,0.0
2015-07-23 06:00:00,0.0
2015-07-23 07:00:00,0.0
2015-07-23 08:00:00,0.0
2015-07-23 09:00:00,0.0
2015-07-23 10:00:00,0.0
2015-07-23 11:00:00,42.25
2015-07-23 12:00:00,228.3500025
2015-07-23 13:00:00,425.975
2015-07-23 14:00:00,586.025
2015-07-23 15:00:00,689.70001
2015-07-23 16:00:00,730.22502
2015-07-23 17:00:00,701.15001
2015-07-23 18:00:00,597.875
2015-07-23 19:00:00,442.775
2015-07-23 20:00:00,245.925005
2015-07-23 21:00:00,47.574999999999996
2015-07-23 22:00:00,0.0
2015-07-23 23:00:00,0.0
2015-07-24 00:00:00,0.0
2015-07-24 01:00:00,0.0
2015-07-24 02:00:00,0.0
2015-07-24 03:00:00,0.0
2015-07-24 04:00:00,0.0
2015-07-24 05:00:00,0.0
2015-07-24 06:00:00,0.0
2015-07-24 07:00:00,0.0
2015-07-24 08:00:00,0.0
2015-07-24 09:00:00,0.0
2015-07-24 10:00:00,0.0
2015-07-24 11:00:00,40.825
2015-07-24 12:00:00,235.275
2015-07-24 13:00:00,434.825
2015-07-24 14:00:00,595.57501
2015-07-24 15:00:00,698.45002
2015-07-24 16:00:00,738.45
2015-07-24 17:00:00,682.07501
2015-07-24 18:00:00,608.20001
2015-07-24 19:00:00,452.550005
2015-07-24 20:00:00,256.2250075
2015-07-24 21:00:00,53.925
2015-07-24 22:00:00,0.0
2015-07-24 23:00:00,0.0
2015-07-25 00:00:00,0.0
2015-07-25 01:00:00,0.0
2015-07-25 02:00:00,0.0
2015-07-25 03:00:00,0.0
2015-07-25 04:00:00,0.0
2015-07-25 05:00:00,0.0
2015-07-25 06:00:00,0.0
2015-07-25 07:00:00,0.0
2015-07-25 08:00:00,0.0
2015-07-25 09:00:00,0.0
2015-07-25 10:00:00,0.0
2015-07-25 11:00:00,43.2
2015-07-25 12:00:00,238.375
2015-07-25 13:00:00,441.25
2015-07-25 14:00:00,605.8500200000001
2015-07-25 15:00:00,713.47502
2015-07-25 16:00:00,754.45001
2015-07-25 17:00:00,723.95
2015-07-25 18:00:00,624.2750100000001
2015-07-25 19:00:00,466.275
2015-07-25 20:00:00,257.33333999999996
2015-07-25 21:00:00,38.95
2015-07-25 22:00:00,0.0
2015-07-25 23:00:00,0.0
2015-07-26 00:00:00,0.0
2015-07-26 01:00:00,0.0
2015-07-26 02:00:00,0.0
2015-07-26 03:00:00,0.0
2015-07-26 04:00:00,0.0
2015-07-26 05:00:00,0.0
2015-07-26 06:00:00,0.0
2015-07-26 07:00:00,0.0
2015-07-26 08:00:00,0.0
2015-07-26 09:00:00,0.0
2015-07-26 10:00:00,0.0
2015-07-26 11:00:00,43.87500025
2015-07-26 12:00:00,245.89999999999998
2015-07-26 13:00:00,450.3
2015-07-26 14:00:00,614.8
2015-07-26 15:00:00,708.82501
2015-07-26 16:00:00,761.92501
2015-07-26 17:00:00,731.0250100000001
2015-07-26 18:00:00,626.62502
2015-07-26 19:00:00,467.525
2015-07-26 20:00:00,267.8
2015-07-26 21:00:00,62.025
2015-07-26 22:00:00,0.0
2015-07-26 23:00:00,0.0
2015-07-27 00:00:00,0.0
2015-07-27 01:00:00,0.0
2015-07-27 02:00:00,0.0
2015-07-27 03:00:00,0.0
2015-07-27 04:00:00,0.0
2015-07-27 05:00:00,0.0
2015-07-27 06:00:00,0.0
2015-07-27 07:00:00,0.0
2015-07-27 08:00:00,0.0
2015-07-27 09:00:00,0.0
2015-07-27 10:00:00,0.0
2015-07-27 11:00:00,48.3000015
2015-07-27 12:00:00,263.6
2015-07-27 13:00:00,473.275015
2015-07-27 14:00:00,623.7666666666667
2015-07-27 15:00:00,748.5250100000001
2015-07-27 16:00:00,788.17502
2015-07-27 17:00:00,755.075
2015-07-27 18:00:00,651.3
2015-07-27 19:00:00,489.15000499999996
2015-07-27 20:00:00,285.45
2015-07-27 21:00:00,72.22500000000001
2015-07-27 22:00:00,0.0
2015-07-27 23:00:00,0.0
2015-07-28 00:00:00,0.0
2015-07-28 01:00:00,0.0
2015-07-28 02:00:00,0.0
2015-07-28 03:00:00,0.0
2015-07-28 04:00:00,0.0
2015-07-28 05:00:00,0.0
2015-07-28 06:00:00,0.0
2015-07-28 07:00:00,0.0
2015-07-28 08:00:00,0.0
2015-07-28 09:00:00,0.0
2015-07-28 10:00:00,0.0
2015-07-28 11:00:00,54.949999999999996
2015-07-28 12:00:00,259.725
2015-07-28 13:00:00,469.800005
2015-07-28 14:00:00,636.60001
2015-07-28 15:00:00,743.12501
2015-07-28 16:00:00,783.2
2015-07-28 17:00:00,741.45002
2015-07-28 18:00:00,506.4
2015-07-28 19:00:00,482.625
2015-07-28 20:00:00,276.9500025
2015-07-28 21:00:00,59.250000074999996
2015-07-28 22:00:00,0.0
2015-07-28 23:00:00,0.0
2015-07-29 00:00:00,0.0
2015-07-29 01:00:00,0.0
2015-07-29 02:00:00,0.0
2015-07-29 03:00:00,0.0
2015-07-29 04:00:00,0.0
2015-07-29 05:00:00,0.0
2015-07-29 06:00:00,0.0
2015-07-29 07:00:00,0.0
2015-07-29 08:00:00,0.0
2015-07-29 09:00:00,0.0
2015-07-29 10:00:00,0.0
2015-07-29 11:00:00,47.65000025
2015-07-29 12:00:00,249.4
2015-07-29 13:00:00,451.72501
2015-07-29 14:00:00,613.425
2015-07-29 15:00:00,718.87501
2015-07-29 16:00:00,757.075
2015-07-29 17:00:00,725.60001
2015-07-29 18:00:00,629.45
2015-07-29 19:00:00,474.02502000000004
2015-07-29 20:00:00,277.225
2015-07-29 21:00:00,74.9250025
2015-07-29 22:00:00,0.0
2015-07-29 23:00:00,0.0
2015-07-30 00:00:00,0.0
2015-07-30 01:00:00,0.0
2015-07-30 02:00:00,0.0
2015-07-30 03:00:00,0.0
2015-07-30 04:00:00,0.0
2015-07-30 05:00:00,0.0
2015-07-30 06:00:00,0.0
2015-07-30 07:00:00,0.0
2015-07-30 08:00:00,0.0
2015-07-30 09:00:00,0.0
2015-07-30 10:00:00,0.0
2015-07-30 11:00:00,54.5
2015-07-30 12:00:00,226.950005
2015-07-30 13:00:00,427.70001
2015-07-30 14:00:00,594.47501
2015-07-30 15:00:00,700.375
2015-07-30 16:00:00,740.97501
2015-07-30 17:00:00,711.475
2015-07-30 18:00:00,610.75
2015-07-30 19:00:00,455.6
2015-07-30 20:00:00,260.15
2015-07-30 21:00:00,64.175
2015-07-30 22:00:00,0.0
2015-07-30 23:00:00,0.0
2015-07-31 00:00:00,0.0
2015-07-31 01:00:00,0.0
2015-07-31 02:00:00,0.0
2015-07-31 03:00:00,0.0
2015-07-31 04:00:00,0.0
2015-07-31 05:00:00,0.0
2015-07-31 06:00:00,0.0
2015-07-31 07:00:00,0.0
2015-07-31 08:00:00,0.0
2015-07-31 09:00:00,0.0
2015-07-31 10:00:00,0.0
2015-07-31 11:00:00,59.35000025
2015-07-31 12:00:00,279.375005
2015-07-31 13:00:00,489.025
2015-07-31 14:00:00,652.62501
2015-07-31 15:00:00,755.175
2015-07-31 16:00:00,789.87501
2015-07-31 17:00:00,754.25002
2015-07-31 18:00:00,647.875
2015-07-31 19:00:00,488.825015
2015-07-31 20:00:00,288.675
2015-07-31 21:00:00,75.45000275
2015-07-31 22:00:00,0.0
2015-07-31 23:00:00,0.0
2015-08-01 00:00:00,0.0
2015-08-01 01:00:00,0.0
2015-08-01 02:00:00,0.0
2015-08-01 03:00:00,0.0
2015-08-01 04:00:00,0.0
2015-08-01 05:00:00,0.0
2015-08-01 06:00:00,0.0
2015-08-01 07:00:00,0.0
2015-08-01 08:00:00,0.0
2015-08-01 09:00:00,0.0
2015-08-01 10:00:00,0.0
2015-08-01 11:00:00,56.800000000000004
2015-08-01 12:00:00,265.65
2015-08-01 13:00:00,470.29999999999995
2015-08-01 14:00:00,635.50001
2015-08-01 15:00:00,744.10001
2015-08-01 16:00:00,785.5
2015-08-01 17:00:00,753.075
2015-08-01 18:00:00,649.30003
2015-08-01 19:00:00,491.275
2015-08-01 20:00:00,291.175005
2015-08-01 21:00:00,78.700003
2015-08-01 22:00:00,0.0
2015-08-01 23:00:00,0.0
2015-08-02 00:00:00,0.0
2015-08-02 01:00:00,0.0
2015-08-02 02:00:00,0.0
2015-08-02 03:00:00,0.0
2015-08-02 04:00:00,0.0
2015-08-02 05:00:00,0.0
2015-08-02 06:00:00,0.0
2015-08-02 07:00:00,0.0
2015-08-02 08:00:00,0.0
2015-08-02 09:00:00,0.0
2015-08-02 10:00:00,0.0
2015-08-02 11:00:00,60.15
2015-08-02 12:00:00,270.40000499999996
2015-08-02 13:00:00,482.55
2015-08-02 14:00:00,654.225
2015-08-02 15:00:00,759.42501
2015-08-02 16:00:00,796.6
2015-08-02 17:00:00,762.30002
2015-08-02 18:00:00,654.6
2015-08-02 19:00:00,491.975005
2015-08-02 20:00:00,286.850005
2015-08-02 21:00:00,73.775
2015-08-02 22:00:00,0.0
2015-08-02 23:00:00,0.0
2015-08-03 00:00:00,0.0
2015-08-03 01:00:00,0.0
2015-08-03 02:00:00,0.0
2015-08-03 03:00:00,0.0
2015-08-03 04:00:00,0.0
2015-08-03 05:00:00,0.0
2015-08-03 06:00:00,0.0
2015-08-03 07:00:00,0.0
2015-08-03 08:00:00,0.0
2015-08-03 09:00:00,0.0
2015-08-03 10:00:00,0.0
2015-08-03 11:00:00,56.375
2015-08-03 12:00:00,254.025005
2015-08-03 13:00:00,465.3333333333333
2015-08-03 14:00:00,622.42501
2015-08-03 15:00:00,726.75001
2015-08-03 16:00:00,766.45002
2015-08-03 17:00:00,724.9749999999999
2015-08-03 18:00:00,431.7
2015-08-03 19:00:00,446.17501000000004
2015-08-03 20:00:00,270.3500075
2015-08-03 21:00:00,63.575
2015-08-03 22:00:00,0.0
2015-08-03 23:00:00,0.0
2015-08-04 00:00:00,0.0
2015-08-04 01:00:00,0.0
2015-08-04 02:00:00,0.0
2015-08-04 03:00:00,0.0
2015-08-04 04:00:00,0.0
2015-08-04 05:00:00,0.0
2015-08-04 06:00:00,0.0
2015-08-04 07:00:00,0.0
2015-08-04 08:00:00,0.0
2015-08-04 09:00:00,0.0
2015-08-04 10:00:00,0.0
2015-08-04 11:00:00,47.349999999999994
2015-08-04 12:00:00,193.9000025
2015-08-04 13:00:00,369.350005
2015-08-04 14:00:00,497.675
2015-08-04 15:00:00,512.1
2015-08-04 16:00:00,630.45
2015-08-04 17:00:00,709.00002
2015-08-04 18:00:00,607.075
2015-08-04 19:00:00,442.67501
2015-08-04 20:00:00,223.35
2015-08-04 21:00:00,46.65
2015-08-04 22:00:00,0.0
2015-08-04 23:00:00,0.0
2015-08-05 00:00:00,0.0
2015-08-05 01:00:00,0.0
2015-08-05 02:00:00,0.0
2015-08-05 03:00:00,0.0
2015-08-05 04:00:00,0.0
2015-08-05 05:00:00,0.0
2015-08-05 06:00:00,0.0
2015-08-05 07:00:00,0.0
2015-08-05 08:00:00,0.0
2015-08-05 09:00:00,0.0
2015-08-05 10:00:00,0.0
2015-08-05 11:00:00,47.4
2015-08-05 12:00:00,244.475
2015-08-05 13:00:00,433.93333333333334
2015-08-05 14:00:00,
2015-08-05 15:00:00,
2015-08-05 16:00:00,
2015-08-05 17:00:00,
2015-08-05 18:00:00,
2015-08-05 19:00:00,
2015-08-05 20:00:00,
2015-08-05 21:00:00,
2015-08-05 22:00:00,0.0
2015-08-05 23:00:00,0.0
2015-08-06 00:00:00,0.0
2015-08-06 01:00:00,0.0
2015-08-06 02:00:00,0.0
2015-08-06 03:00:00,0.0
2015-08-06 04:00:00,0.0
2015-08-06 05:00:00,0.0
2015-08-06 06:00:00,0.0
2015-08-06 07:00:00,0.0
2015-08-06 08:00:00,0.0
2015-08-06 09:00:00,0.0
2015-08-06 10:00:00,0.0
2015-08-06 11:00:00,41.02500025
2015-08-06 12:00:00,230.1
2015-08-06 13:00:00,413.65
2015-08-06 14:00:00,560.3333466666667
2015-08-06 15:00:00,624.82501
2015-08-06 16:00:00,669.50002
2015-08-06 17:00:00,649.65
2015-08-06 18:00:00,522.300015
2015-08-06 19:00:00,340.025
2015-08-06 20:00:00,185.8750075
2015-08-06 21:00:00,74.325
2015-08-06 22:00:00,0.0
2015-08-06 23:00:00,0.0
2015-08-07 00:00:00,0.0
2015-08-07 01:00:00,0.0
2015-08-07 02:00:00,0.0
2015-08-07 03:00:00,0.0
2015-08-07 04:00:00,0.0
2015-08-07 05:00:00,0.0
2015-08-07 06:00:00,0.0
2015-08-07 07:00:00,0.0
2015-08-07 08:00:00,0.0
2015-08-07 09:00:00,0.0
2015-08-07 10:00:00,0.0
2015-08-07 11:00:00,54.27500125
2015-08-07 12:00:00,224.475
2015-08-07 13:00:00,427.525
2015-08-07 14:00:00,450.95
2015-08-07 15:00:00,754.125
2015-08-07 16:00:00,798.97502
2015-08-07 17:00:00,671.75001
2015-08-07 18:00:00,416.425
2015-08-07 19:00:00,465.375
2015-08-07 20:00:00,298.800005
2015-08-07 21:00:00,73.4000025
2015-08-07 22:00:00,0.0
2015-08-07 23:00:00,0.0
2015-08-08 00:00:00,0.0
2015-08-08 01:00:00,0.0
2015-08-08 02:00:00,0.0
2015-08-08 03:00:00,0.0
2015-08-08 04:00:00,0.0
2015-08-08 05:00:00,0.0
2015-08-08 06:00:00,0.0
2015-08-08 07:00:00,0.0
2015-08-08 08:00:00,0.0
2015-08-08 09:00:00,0.0
2015-08-08 10:00:00,0.0
2015-08-08 11:00:00,69.45000375000001
2015-08-08 12:00:00,291.225005
2015-08-08 13:00:00,499.67501000000004
2015-08-08 14:00:00,666.60001
2015-08-08 15:00:00,772.875
2015-08-08 16:00:00,810.00002
2015-08-08 17:00:00,775.425
2015-08-08 18:00:00,670.35001
2015-08-08 19:00:00,509.55001
2015-08-08 20:00:00,300.7750075
2015-08-08 21:00:00,40.525
2015-08-08 22:00:00,0.0
2015-08-08 23:00:00,0.0
2015-08-09 00:00:00,0.0
2015-08-09 01:00:00,0.0
2015-08-09 02:00:00,0.0
2015-08-09 03:00:00,0.0
2015-08-09 04:00:00,0.0
2015-08-09 05:00:00,0.0
2015-08-09 06:00:00,0.0
2015-08-09 07:00:00,0.0
2015-08-09 08:00:00,0.0
2015-08-09 09:00:00,0.0
2015-08-09 10:00:00,0.0
2015-08-09 11:00:00,31.266667333333334
2015-08-09 12:00:00,163.575
2015-08-09 13:00:00,279.0000125
2015-08-09 14:00:00,301.9
2015-08-09 15:00:00,355.725
2015-08-09 16:00:00,225.72501125000002
2015-08-09 17:00:00,274.7750075
2015-08-09 18:00:00,231.725
2015-08-09 19:00:00,252.77499999999998
2015-08-09 20:00:00,143.8750025
2015-08-09 21:00:00,45.35
2015-08-09 22:00:00,0.0
2015-08-09 23:00:00,0.0
2015-08-10 00:00:00,0.0
2015-08-10 01:00:00,0.0
2015-08-10 02:00:00,0.0
2015-08-10 03:00:00,0.0
2015-08-10 04:00:00,0.0
2015-08-10 05:00:00,0.0
2015-08-10 06:00:00,0.0
2015-08-10 07:00:00,0.0
2015-08-10 08:00:00,0.0
2015-08-10 09:00:00,0.0
2015-08-10 10:00:00,0.0
2015-08-10 11:00:00,67.075
2015-08-10 12:00:00,261.35
2015-08-10 13:00:00,424.975005
2015-08-10 14:00:00,576.775
2015-08-10 15:00:00,718.72501
2015-08-10 16:00:00,777.6
2015-08-10 17:00:00,745.02503
2015-08-10 18:00:00,631.675
2015-08-10 19:00:00,414.425
2015-08-10 20:00:00,171.425005
2015-08-10 21:00:00,44.7
2015-08-10 22:00:00,0.0
2015-08-10 23:00:00,0.0
2015-08-11 00:00:00,0.0
2015-08-11 01:00:00,0.0
2015-08-11 02:00:00,0.0
2015-08-11 03:00:00,0.0
2015-08-11 04:00:00,0.0
2015-08-11 05:00:00,0.0
2015-08-11 06:00:00,0.0
2015-08-11 07:00:00,0.0
2015-08-11 08:00:00,0.0
2015-08-11 09:00:00,0.0
2015-08-11 10:00:00,0.0
2015-08-11 11:00:00,70.7
2015-08-11 12:00:00,238.77501
2015-08-11 13:00:00,404.82500500000003
2015-08-11 14:00:00,559.72501
2015-08-11 15:00:00,660.35
2015-08-11 16:00:00,696.125
2015-08-11 17:00:00,668.85001
2015-08-11 18:00:00,642.175
2015-08-11 19:00:00,429.075
2015-08-11 20:00:00,202.450005
2015-08-11 21:00:00,43.525
2015-08-11 22:00:00,0.0
2015-08-11 23:00:00,0.0
2015-08-12 00:00:00,0.0
2015-08-12 01:00:00,0.0
2015-08-12 02:00:00,0.0
2015-08-12 03:00:00,0.0
2015-08-12 04:00:00,0.0
2015-08-12 05:00:00,0.0
2015-08-12 06:00:00,0.0
2015-08-12 07:00:00,0.0
2015-08-12 08:00:00,0.0
2015-08-12 09:00:00,0.0
2015-08-12 10:00:00,0.0
2015-08-12 11:00:00,58.675002500000005
2015-08-12 12:00:00,207.75
2015-08-12 13:00:00,380.725
2015-08-12 14:00:00,516.45001
2015-08-12 15:00:00,646.775
2015-08-12 16:00:00,602.85001
2015-08-12 17:00:00,567.725
2015-08-12 18:00:00,533.800015
2015-08-12 19:00:00,352.725
2015-08-12 20:00:00,174.35000125
2015-08-12 21:00:00,29.25
2015-08-12 22:00:00,0.0
2015-08-12 23:00:00,0.0
2015-08-13 00:00:00,0.0
2015-08-13 01:00:00,0.0
2015-08-13 02:00:00,0.0
2015-08-13 03:00:00,0.0
2015-08-13 04:00:00,0.0
2015-08-13 05:00:00,0.0
2015-08-13 06:00:00,0.0
2015-08-13 07:00:00,0.0
2015-08-13 08:00:00,0.0
2015-08-13 09:00:00,0.0
2015-08-13 10:00:00,0.0
2015-08-13 11:00:00,76.32500025
2015-08-13 12:00:00,240.77499999999998
2015-08-13 13:00:00,419.52500499999996
2015-08-13 14:00:00,552.75
2015-08-13 15:00:00,701.55
2015-08-13 16:00:00,740.00002
2015-08-13 17:00:00,610.5
2015-08-13 18:00:00,622.875
2015-08-13 19:00:00,411.0
2015-08-13 20:00:00,123.1250025
2015-08-13 21:00:00,23.0250005
2015-08-13 22:00:00,0.0
2015-08-13 23:00:00,0.0
2015-08-14 00:00:00,0.0
2015-08-14 01:00:00,0.0
2015-08-14 02:00:00,0.0
2015-08-14 03:00:00,0.0
2015-08-14 04:00:00,0.0
2015-08-14 05:00:00,0.0
2015-08-14 06:00:00,0.0
2015-08-14 07:00:00,0.0
2015-08-14 08:00:00,0.0
2015-08-14 09:00:00,0.0
2015-08-14 10:00:00,0.0
2015-08-14 11:00:00,78.3
2015-08-14 12:00:00,259.425005
2015-08-14 13:00:00,435.825
2015-08-14 14:00:00,578.75
2015-08-14 15:00:00,720.82503
2015-08-14 16:00:00,787.55
2015-08-14 17:00:00,700.47501
2015-08-14 18:00:00,511.92501
2015-08-14 19:00:00,339.400015
2015-08-14 20:00:00,180.60000000000002
2015-08-14 21:00:00,34.075000249999995
2015-08-14 22:00:00,0.0
2015-08-14 23:00:00,0.0
2015-08-15 00:00:00,0.0
2015-08-15 01:00:00,0.0
2015-08-15 02:00:00,0.0
2015-08-15 03:00:00,0.0
2015-08-15 04:00:00,0.0
2015-08-15 05:00:00,0.0
2015-08-15 06:00:00,0.0
2015-08-15 07:00:00,0.0
2015-08-15 08:00:00,0.0
2015-08-15 09:00:00,0.0
2015-08-15 10:00:00,0.0
2015-08-15 11:00:00,89.025
2015-08-15 12:00:00,319.0750025
2015-08-15 13:00:00,531.250005
2015-08-15 14:00:00,700.05
2015-08-15 15:00:00,804.92501
2015-08-15 16:00:00,838.67502
2015-08-15 17:00:00,803.45001
2015-08-15 18:00:00,692.27501
2015-08-15 19:00:00,528.67501
2015-08-15 20:00:00,321.25
2015-08-15 21:00:00,99.20000125
2015-08-15 22:00:00,0.0
2015-08-15 23:00:00,0.0
2015-08-16 00:00:00,0.0
2015-08-16 01:00:00,0.0
2015-08-16 02:00:00,0.0
2015-08-16 03:00:00,0.0
2015-08-16 04:00:00,0.0
2015-08-16 05:00:00,0.0
2015-08-16 06:00:00,0.0
2015-08-16 07:00:00,0.0
2015-08-16 08:00:00,0.0
2015-08-16 09:00:00,0.0
2015-08-16 10:00:00,0.0
2015-08-16 11:00:00,75.325
2015-08-16 12:00:00,228.375
2015-08-16 13:00:00,355.225005
2015-08-16 14:00:00,458.04999999999995
2015-08-16 15:00:00,411.8666666666666
2015-08-16 16:00:00,261.050005
2015-08-16 17:00:00,215.8250075
2015-08-16 18:00:00,201.775005
2015-08-16 19:00:00,168.225
2015-08-16 20:00:00,122.8
2015-08-16 21:00:00,29.35
2015-08-16 22:00:00,0.0
2015-08-16 23:00:00,0.0
2015-08-17 00:00:00,0.0
2015-08-17 01:00:00,0.0
2015-08-17 02:00:00,0.0
2015-08-17 03:00:00,0.0
2015-08-17 04:00:00,0.0
2015-08-17 05:00:00,0.0
2015-08-17 06:00:00,0.0
2015-08-17 07:00:00,0.0
2015-08-17 08:00:00,0.0
2015-08-17 09:00:00,0.0
2015-08-17 10:00:00,0.0
2015-08-17 11:00:00,74.5
2015-08-17 12:00:00,253.0
2015-08-17 13:00:00,438.250005
2015-08-17 14:00:00,695.62502
2015-08-17 15:00:00,803.3
2015-08-17 16:00:00,839.05001
2015-08-17 17:00:00,802.60001
2015-08-17 18:00:00,693.175
2015-08-17 19:00:00,530.9250099999999
2015-08-17 20:00:00,324.55
2015-08-17 21:00:00,101.35000025
2015-08-17 22:00:00,0.0
2015-08-17 23:00:00,0.0
2015-08-18 00:00:00,0.0
2015-08-18 01:00:00,0.0
2015-08-18 02:00:00,0.0
2015-08-18 03:00:00,0.0
2015-08-18 04:00:00,0.0
2015-08-18 05:00:00,0.0
2015-08-18 06:00:00,0.0
2015-08-18 07:00:00,0.0
2015-08-18 08:00:00,0.0
2015-08-18 09:00:00,0.0
2015-08-18 10:00:00,0.0
2015-08-18 11:00:00,99.475
2015-08-18 12:00:00,321.5
2015-08-18 13:00:00,536.50001
2015-08-18 14:00:00,706.725
2015-08-18 15:00:00,809.8499999999999
2015-08-18 16:00:00,847.2
2015-08-18 17:00:00,810.57501
2015-08-18 18:00:00,696.87502
2015-08-18 19:00:00,527.9000100000001
2015-08-18 20:00:00,297.750005
2015-08-18 21:00:00,49.350001250000005
2015-08-18 22:00:00,0.0
2015-08-18 23:00:00,0.0
2015-08-19 00:00:00,0.0
2015-08-19 01:00:00,0.0
2015-08-19 02:00:00,0.0
2015-08-19 03:00:00,0.0
2015-08-19 04:00:00,0.0
2015-08-19 05:00:00,0.0
2015-08-19 06:00:00,0.0
2015-08-19 07:00:00,0.0
2015-08-19 08:00:00,0.0
2015-08-19 09:00:00,0.0
2015-08-19 10:00:00,0.0
2015-08-19 11:00:00,86.2500015
2015-08-19 12:00:00,323.425
2015-08-19 13:00:00,532.425
2015-08-19 14:00:00,696.975
2015-08-19 15:00:00,803.32501
2015-08-19 16:00:00,839.125
2015-08-19 17:00:00,803.65
2015-08-19 18:00:00,699.4
2015-08-19 19:00:00,533.375
2015-08-19 20:00:00,162.85000250000002
2015-08-19 21:00:00,48.45000175
2015-08-19 22:00:00,0.0
2015-08-19 23:00:00,0.0
2015-08-20 00:00:00,0.0
2015-08-20 01:00:00,0.0
2015-08-20 02:00:00,0.0
2015-08-20 03:00:00,0.0
2015-08-20 04:00:00,0.0
2015-08-20 05:00:00,0.0
2015-08-20 06:00:00,0.0
2015-08-20 07:00:00,0.0
2015-08-20 08:00:00,0.0
2015-08-20 09:00:00,0.0
2015-08-20 10:00:00,0.0
2015-08-20 11:00:00,94.95000125
2015-08-20 12:00:00,323.975
2015-08-20 13:00:00,536.12501
2015-08-20 14:00:00,702.2750100000001
2015-08-20 15:00:00,806.9000100000001
2015-08-20 16:00:00,842.65
2015-08-20 17:00:00,806.7
2015-08-20 18:00:00,697.2
2015-08-20 19:00:00,533.375005
2015-08-20 20:00:00,326.7
2015-08-20 21:00:00,107.3250015
2015-08-20 22:00:00,0.0
2015-08-20 23:00:00,0.0
2015-08-21 00:00:00,0.0
2015-08-21 01:00:00,0.0
2015-08-21 02:00:00,0.0
2015-08-21 03:00:00,0.0
2015-08-21 04:00:00,0.0
2015-08-21 05:00:00,0.0
2015-08-21 06:00:00,0.0
2015-08-21 07:00:00,0.0
2015-08-21 08:00:00,0.0
2015-08-21 09:00:00,0.0
2015-08-21 10:00:00,0.0
2015-08-21 11:00:00,109.27500025
2015-08-21 12:00:00,345.925005
2015-08-21 13:00:00,560.85001
2015-08-21 14:00:00,729.90003
2015-08-21 15:00:00,833.8499999999999
2015-08-21 16:00:00,869.45001
2015-08-21 17:00:00,830.0
2015-08-21 18:00:00,715.55001
2015-08-21 19:00:00,549.325025
2015-08-21 20:00:00,336.4750125
2015-08-21 21:00:00,74.825003
2015-08-21 22:00:00,0.0
2015-08-21 23:00:00,0.0
2015-08-22 00:00:00,0.0
2015-08-22 01:00:00,0.0
2015-08-22 02:00:00,0.0
2015-08-22 03:00:00,0.0
2015-08-22 04:00:00,0.0
2015-08-22 05:00:00,0.0
2015-08-22 06:00:00,0.0
2015-08-22 07:00:00,0.0
2015-08-22 08:00:00,0.0
2015-08-22 09:00:00,0.0
2015-08-22 10:00:00,0.0
2015-08-22 11:00:00,112.9750025
2015-08-22 12:00:00,345.750005
2015-08-22 13:00:00,562.4
2015-08-22 14:00:00,732.70001
2015-08-22 15:00:00,839.375
2015-08-22 16:00:00,875.225
2015-08-22 17:00:00,836.87501
2015-08-22 18:00:00,725.75
2015-08-22 19:00:00,556.25003
2015-08-22 20:00:00,342.750005
2015-08-22 21:00:00,113.0250025
2015-08-22 22:00:00,0.0
2015-08-22 23:00:00,0.0
2015-08-23 00:00:00,0.0
2015-08-23 01:00:00,0.0
2015-08-23 02:00:00,0.0
2015-08-23 03:00:00,0.0
2015-08-23 04:00:00,0.0
2015-08-23 05:00:00,0.0
2015-08-23 06:00:00,0.0
2015-08-23 07:00:00,0.0
2015-08-23 08:00:00,0.0
2015-08-23 09:00:00,0.0
2015-08-23 10:00:00,0.0
2015-08-23 11:00:00,89.725
2015-08-23 12:00:00,208.625
2015-08-23 13:00:00,339.07500500000003
2015-08-23 14:00:00,467.70001
2015-08-23 15:00:00,599.85001
2015-08-23 16:00:00,779.87502
2015-08-23 17:00:00,739.3500200000001
2015-08-23 18:00:00,596.425
2015-08-23 19:00:00,404.04999999999995
2015-08-23 20:00:00,190.675
2015-08-23 21:00:00,27.050001
2015-08-23 22:00:00,0.075
2015-08-23 23:00:00,0.0
2015-08-24 00:00:00,0.0
2015-08-24 01:00:00,0.0
2015-08-24 02:00:00,0.0
2015-08-24 03:00:00,0.0
2015-08-24 04:00:00,0.0
2015-08-24 05:00:00,0.0
2015-08-24 06:00:00,0.0
2015-08-24 07:00:00,0.0
2015-08-24 08:00:00,0.0
2015-08-24 09:00:00,0.0
2015-08-24 10:00:00,0.125
2015-08-24 11:00:00,97.0250025
2015-08-24 12:00:00,342.975005
2015-08-24 13:00:00,554.15
2015-08-24 14:00:00,720.55002
2015-08-24 15:00:00,826.675
2015-08-24 16:00:00,863.95001
2015-08-24 17:00:00,828.2
2015-08-24 18:00:00,716.55001
2015-08-24 19:00:00,548.87501
2015-08-24 20:00:00,337.100005
2015-08-24 21:00:00,107.15
2015-08-24 22:00:00,0.25
2015-08-24 23:00:00,0.0
2015-08-25 00:00:00,0.0
2015-08-25 01:00:00,0.0
2015-08-25 02:00:00,0.0
2015-08-25 03:00:00,0.0
2015-08-25 04:00:00,0.0
2015-08-25 05:00:00,0.0
2015-08-25 06:00:00,0.0
2015-08-25 07:00:00,0.0
2015-08-25 08:00:00,0.0
2015-08-25 09:00:00,0.0
2015-08-25 10:00:00,0.575
2015-08-25 11:00:00,122.17500375
2015-08-25 12:00:00,366.475
2015-08-25 13:00:00,584.425
2015-08-25 14:00:00,756.37501
2015-08-25 15:00:00,864.67501
2015-08-25 16:00:00,899.925
2015-08-25 17:00:00,858.8
2015-08-25 18:00:00,744.0500099999999
2015-08-25 19:00:00,573.35
2015-08-25 20:00:00,357.175005
2015-08-25 21:00:00,121.6750005
2015-08-25 22:00:00,0.475
2015-08-25 23:00:00,0.0
2015-08-26 00:00:00,0.0
2015-08-26 01:00:00,0.0
2015-08-26 02:00:00,0.0
2015-08-26 03:00:00,0.0
2015-08-26 04:00:00,0.0
2015-08-26 05:00:00,0.0
2015-08-26 06:00:00,0.0
2015-08-26 07:00:00,0.0
2015-08-26 08:00:00,0.0
2015-08-26 09:00:00,0.0
2015-08-26 10:00:00,1.1
2015-08-26 11:00:00,130.125
2015-08-26 12:00:00,372.8
2015-08-26 13:00:00,588.15
2015-08-26 14:00:00,756.9
2015-08-26 15:00:00,863.725
2015-08-26 16:00:00,898.42502
2015-08-26 17:00:00,858.82503
2015-08-26 18:00:00,743.97501
2015-08-26 19:00:00,505.325
2015-08-26 20:00:00,223.3750025
2015-08-26 21:00:00,54.90000175
2015-08-26 22:00:00,0.0
2015-08-26 23:00:00,0.0
2015-08-27 00:00:00,0.0
2015-08-27 01:00:00,0.0
2015-08-27 02:00:00,0.0
2015-08-27 03:00:00,0.0
2015-08-27 04:00:00,0.0
2015-08-27 05:00:00,0.0
2015-08-27 06:00:00,0.0
2015-08-27 07:00:00,0.0
2015-08-27 08:00:00,0.0
2015-08-27 09:00:00,0.0
2015-08-27 10:00:00,1.525
2015-08-27 11:00:00,129.1500005
2015-08-27 12:00:00,358.725005
2015-08-27 13:00:00,575.350025
2015-08-27 14:00:00,745.95002
2015-08-27 15:00:00,854.5
2015-08-27 16:00:00,889.25001
2015-08-27 17:00:00,848.57501
2015-08-27 18:00:00,734.45
2015-08-27 19:00:00,562.275
2015-08-27 20:00:00,346.775
2015-08-27 21:00:00,69.42500025
2015-08-27 22:00:00,0.0
2015-08-27 23:00:00,0.0
2015-08-28 00:00:00,0.0
2015-08-28 01:00:00,0.0
2015-08-28 02:00:00,0.0
2015-08-28 03:00:00,0.0
2015-08-28 04:00:00,0.0
2015-08-28 05:00:00,0.0
2015-08-28 06:00:00,0.0
2015-08-28 07:00:00,0.0
2015-08-28 08:00:00,0.0
2015-08-28 09:00:00,0.0
2015-08-28 10:00:00,2.05
2015-08-28 11:00:00,130.57500125
2015-08-28 12:00:00,375.29999999999995
2015-08-28 13:00:00,588.57502
2015-08-28 14:00:00,755.60001
2015-08-28 15:00:00,861.05
2015-08-28 16:00:00,896.8
2015-08-28 17:00:00,859.225
2015-08-28 18:00:00,741.07502
2015-08-28 19:00:00,580.925
2015-08-28 20:00:00,361.875015
2015-08-28 21:00:00,73.2000025
2015-08-28 22:00:00,0.0
2015-08-28 23:00:00,0.0
2015-08-29 00:00:00,0.0
2015-08-29 01:00:00,0.0
2015-08-29 02:00:00,0.0
2015-08-29 03:00:00,0.0
2015-08-29 04:00:00,0.0
2015-08-29 05:00:00,0.0
2015-08-29 06:00:00,0.0
2015-08-29 07:00:00,0.0
2015-08-29 08:00:00,0.0
2015-08-29 09:00:00,0.0
2015-08-29 10:00:00,2.825
2015-08-29 11:00:00,143.9
2015-08-29 12:00:00,378.500005
2015-08-29 13:00:00,595.075
2015-08-29 14:00:00,764.625
2015-08-29 15:00:00,870.9
2015-08-29 16:00:00,906.775
2015-08-29 17:00:00,868.0500099999999
2015-08-29 18:00:00,756.02502
2015-08-29 19:00:00,583.12503
2015-08-29 20:00:00,364.15
2015-08-29 21:00:00,127.97500000000001
2015-08-29 22:00:00,1.225
2015-08-29 23:00:00,0.0
2015-08-30 00:00:00,0.0
2015-08-30 01:00:00,0.0
2015-08-30 02:00:00,0.0
2015-08-30 03:00:00,0.0
2015-08-30 04:00:00,0.0
2015-08-30 05:00:00,0.0
2015-08-30 06:00:00,0.0
2015-08-30 07:00:00,0.0
2015-08-30 08:00:00,0.0
2015-08-30 09:00:00,0.0
2015-08-30 10:00:00,3.05
2015-08-30 11:00:00,139.02500375
2015-08-30 12:00:00,382.500005
2015-08-30 13:00:00,599.925
2015-08-30 14:00:00,769.70002
2015-08-30 15:00:00,874.90001
2015-08-30 16:00:00,910.47502
2015-08-30 17:00:00,870.85
2015-08-30 18:00:00,758.05
2015-08-30 19:00:00,581.8
2015-08-30 20:00:00,361.750005
2015-08-30 21:00:00,128.750003
2015-08-30 22:00:00,1.45
2015-08-30 23:00:00,0.0
2015-08-31 00:00:00,0.0
2015-08-31 01:00:00,0.0
2015-08-31 02:00:00,0.0
2015-08-31 03:00:00,0.0
2015-08-31 04:00:00,0.0
2015-08-31 05:00:00,0.0
2015-08-31 06:00:00,0.0
2015-08-31 07:00:00,0.0
2015-08-31 08:00:00,0.0
2015-08-31 09:00:00,0.0
2015-08-31 10:00:00,3.825
2015-08-31 11:00:00,144.6
2015-08-31 12:00:00,379.3
2015-08-31 13:00:00,593.0999999999999
2015-08-31 14:00:00,760.22501
2015-08-31 15:00:00,865.72501
2015-08-31 16:00:00,899.825
2015-08-31 17:00:00,860.40003
2015-08-31 18:00:00,748.67503
2015-08-31 19:00:00,577.05
2015-08-31 20:00:00,360.575
2015-08-31 21:00:00,99.733339
2015-08-31 22:00:00,1.6
2015-08-31 23:00:00,0.0
2015-09-01 00:00:00,0.0
2015-09-01 01:00:00,0.0
2015-09-01 02:00:00,0.0
2015-09-01 03:00:00,0.0
2015-09-01 04:00:00,0.0
2015-09-01 05:00:00,0.0
2015-09-01 06:00:00,0.0
2015-09-01 07:00:00,0.0
2015-09-01 08:00:00,0.0
2015-09-01 09:00:00,0.0
2015-09-01 10:00:00,3.9
2015-09-01 11:00:00,85.45000125
2015-09-01 12:00:00,238.600005
2015-09-01 13:00:00,370.65001
2015-09-01 14:00:00,502.72501
2015-09-01 15:00:00,619.7750100000001
2015-09-01 16:00:00,647.2250200000001
2015-09-01 17:00:00,583.175
2015-09-01 18:00:00,564.97501
2015-09-01 19:00:00,357.20000500000003
2015-09-01 20:00:00,149.95
2015-09-01 21:00:00,13.5
2015-09-01 22:00:00,1.5
2015-09-01 23:00:00,0.0
2015-09-02 00:00:00,0.0
2015-09-02 01:00:00,0.0
2015-09-02 02:00:00,0.0
2015-09-02 03:00:00,0.0
2015-09-02 04:00:00,0.0
2015-09-02 05:00:00,0.0
2015-09-02 06:00:00,0.0
2015-09-02 07:00:00,0.0
2015-09-02 08:00:00,0.0
2015-09-02 09:00:00,0.0
2015-09-02 10:00:00,4.425
2015-09-02 11:00:00,140.42500375
2015-09-02 12:00:00,382.675005
2015-09-02 13:00:00,617.4000133333334
2015-09-02 14:00:00,757.22501
2015-09-02 15:00:00,860.6000200000001
2015-09-02 16:00:00,894.725
2015-09-02 17:00:00,856.05
2015-09-02 18:00:00,747.97501
2015-09-02 19:00:00,578.350015
2015-09-02 20:00:00,364.550005
2015-09-02 21:00:00,132.325
2015-09-02 22:00:00,2.10000025
2015-09-02 23:00:00,0.0
2015-09-03 00:00:00,0.0
2015-09-03 01:00:00,0.0
2015-09-03 02:00:00,0.0
2015-09-03 03:00:00,0.0
2015-09-03 04:00:00,0.0
2015-09-03 05:00:00,0.0
2015-09-03 06:00:00,0.0
2015-09-03 07:00:00,0.0
2015-09-03 08:00:00,0.0
2015-09-03 09:00:00,0.0
2015-09-03 10:00:00,5.45000025
2015-09-03 11:00:00,138.7500025
2015-09-03 12:00:00,333.250005
2015-09-03 13:00:00,500.55
2015-09-03 14:00:00,611.10001
2015-09-03 15:00:00,647.47501
2015-09-03 16:00:00,620.4000100000001
2015-09-03 17:00:00,581.60001
2015-09-03 18:00:00,637.175
2015-09-03 19:00:00,506.925005
2015-09-03 20:00:00,192.04999999999998
2015-09-03 21:00:00,68.43333333333332
2015-09-03 22:00:00,1.550000075
2015-09-03 23:00:00,0.0
2015-09-04 00:00:00,0.0
2015-09-04 01:00:00,0.0
2015-09-04 02:00:00,0.0
2015-09-04 03:00:00,0.0
2015-09-04 04:00:00,0.0
2015-09-04 05:00:00,0.0
2015-09-04 06:00:00,0.0
2015-09-04 07:00:00,0.0
2015-09-04 08:00:00,0.0
2015-09-04 09:00:00,0.0
2015-09-04 10:00:00,5.275
2015-09-04 11:00:00,123.82500125000001
2015-09-04 12:00:00,345.375
2015-09-04 13:00:00,587.625
2015-09-04 14:00:00,769.875
2015-09-04 15:00:00,874.10001
2015-09-04 16:00:00,906.4250099999999
2015-09-04 17:00:00,865.475
2015-09-04 18:00:00,752.62501
2015-09-04 19:00:00,582.125
2015-09-04 20:00:00,361.45000500000003
2015-09-04 21:00:00,102.10000050000001
2015-09-04 22:00:00,2.125
2015-09-04 23:00:00,0.0
2015-09-05 00:00:00,0.0
2015-09-05 01:00:00,0.0
2015-09-05 02:00:00,0.0
2015-09-05 03:00:00,0.0
2015-09-05 04:00:00,0.0
2015-09-05 05:00:00,0.0
2015-09-05 06:00:00,0.0
2015-09-05 07:00:00,0.0
2015-09-05 08:00:00,0.0
2015-09-05 09:00:00,0.0
2015-09-05 10:00:00,6.175
2015-09-05 11:00:00,99.525
2015-09-05 12:00:00,211.8250025
2015-09-05 13:00:00,300.525
2015-09-05 14:00:00,380.475005
2015-09-05 15:00:00,437.725005
2015-09-05 16:00:00,435.600005
2015-09-05 17:00:00,380.125005
2015-09-05 18:00:00,310.150005
2015-09-05 19:00:00,267.9000025
2015-09-05 20:00:00,173.7500025
2015-09-05 21:00:00,37.1
2015-09-05 22:00:00,1.375
2015-09-05 23:00:00,0.0
2015-09-06 00:00:00,0.0
2015-09-06 01:00:00,0.0
2015-09-06 02:00:00,0.0
2015-09-06 03:00:00,0.0
2015-09-06 04:00:00,0.0
2015-09-06 05:00:00,0.0
2015-09-06 06:00:00,0.0
2015-09-06 07:00:00,0.0
2015-09-06 08:00:00,0.0
2015-09-06 09:00:00,0.0
2015-09-06 10:00:00,6.925
2015-09-06 11:00:00,157.92500124999998
2015-09-06 12:00:00,414.20000500000003
2015-09-06 13:00:00,631.625
2015-09-06 14:00:00,801.10002
2015-09-06 15:00:00,902.22501
2015-09-06 16:00:00,933.375
2015-09-06 17:00:00,890.4000100000001
2015-09-06 18:00:00,666.12501
2015-09-06 19:00:00,572.65001
2015-09-06 20:00:00,327.35
2015-09-06 21:00:00,92.575
2015-09-06 22:00:00,0.0
2015-09-06 23:00:00,0.0
2015-09-07 00:00:00,0.0
2015-09-07 01:00:00,0.0
2015-09-07 02:00:00,0.0
2015-09-07 03:00:00,0.0
2015-09-07 04:00:00,0.0
2015-09-07 05:00:00,0.0
2015-09-07 06:00:00,0.0
2015-09-07 07:00:00,0.0
2015-09-07 08:00:00,0.0
2015-09-07 09:00:00,0.0
2015-09-07 10:00:00,9.5
2015-09-07 11:00:00,181.5500075
2015-09-07 12:00:00,432.225005
2015-09-07 13:00:00,650.175
2015-09-07 14:00:00,817.85004
2015-09-07 15:00:00,922.25
2015-09-07 16:00:00,957.125
2015-09-07 17:00:00,916.25
2015-09-07 18:00:00,794.72502
2015-09-07 19:00:00,542.10001
2015-09-07 20:00:00,245.625005
2015-09-07 21:00:00,93.07500125
2015-09-07 22:00:00,3.2
2015-09-07 23:00:00,0.0
2015-09-08 00:00:00,0.0
2015-09-08 01:00:00,0.0
2015-09-08 02:00:00,0.0
2015-09-08 03:00:00,0.0
2015-09-08 04:00:00,0.0
2015-09-08 05:00:00,0.0
2015-09-08 06:00:00,0.0
2015-09-08 07:00:00,0.0
2015-09-08 08:00:00,0.0
2015-09-08 09:00:00,0.0
2015-09-08 10:00:00,10.825
2015-09-08 11:00:00,183.475
2015-09-08 12:00:00,424.82500000000005
2015-09-08 13:00:00,644.625
2015-09-08 14:00:00,813.7250200000001
2015-09-08 15:00:00,916.50001
2015-09-08 16:00:00,945.12502
2015-09-08 17:00:00,899.45
2015-09-08 18:00:00,782.72501
2015-09-08 19:00:00,604.00003
2015-09-08 20:00:00,380.7
2015-09-08 21:00:00,141.875
2015-09-08 22:00:00,3.35000025
2015-09-08 23:00:00,0.0
2015-09-09 00:00:00,0.0
2015-09-09 01:00:00,0.0
2015-09-09 02:00:00,0.0
2015-09-09 03:00:00,0.0
2015-09-09 04:00:00,0.0
2015-09-09 05:00:00,0.0
2015-09-09 06:00:00,0.0
2015-09-09 07:00:00,0.0
2015-09-09 08:00:00,0.0
2015-09-09 09:00:00,0.0
2015-09-09 10:00:00,16.066666666666666
2015-09-09 11:00:00,188.6750025
2015-09-09 12:00:00,443.8
2015-09-09 13:00:00,665.17502
2015-09-09 14:00:00,836.1500100000001
2015-09-09 15:00:00,940.47502
2015-09-09 16:00:00,973.12501
2015-09-09 17:00:00,928.775
2015-09-09 18:00:00,806.45
2015-09-09 19:00:00,624.7750100000001
2015-09-09 20:00:00,396.80001000000004
2015-09-09 21:00:00,147.125
2015-09-09 22:00:00,3.85000025
2015-09-09 23:00:00,0.0
2015-09-10 00:00:00,0.0
2015-09-10 01:00:00,0.0
2015-09-10 02:00:00,0.0
2015-09-10 03:00:00,0.0
2015-09-10 04:00:00,0.0
2015-09-10 05:00:00,0.0
2015-09-10 06:00:00,0.0
2015-09-10 07:00:00,0.0
2015-09-10 08:00:00,0.0
2015-09-10 09:00:00,0.0
2015-09-10 10:00:00,13.425000500000001
2015-09-10 11:00:00,188.4250025
2015-09-10 12:00:00,436.70001
2015-09-10 13:00:00,655.25001
2015-09-10 14:00:00,822.175
2015-09-10 15:00:00,915.9000100000001
2015-09-10 16:00:00,942.275
2015-09-10 17:00:00,895.22501
2015-09-10 18:00:00,748.7
2015-09-10 19:00:00,593.72501
2015-09-10 20:00:00,323.75
2015-09-10 21:00:00,144.75000500000002
2015-09-10 22:00:00,4.07500025
2015-09-10 23:00:00,0.0
2015-09-11 00:00:00,0.0
2015-09-11 01:00:00,0.0
2015-09-11 02:00:00,0.0
2015-09-11 03:00:00,0.0
2015-09-11 04:00:00,0.0
2015-09-11 05:00:00,0.0
2015-09-11 06:00:00,0.0
2015-09-11 07:00:00,0.0
2015-09-11 08:00:00,0.0
2015-09-11 09:00:00,0.0
2015-09-11 10:00:00,14.799999999999999
2015-09-11 11:00:00,132.72500250000002
2015-09-11 12:00:00,324.775
2015-09-11 13:00:00,463.7
2015-09-11 14:00:00,547.85
2015-09-11 15:00:00,651.20002
2015-09-11 16:00:00,640.775
2015-09-11 17:00:00,641.7
2015-09-11 18:00:00,569.22502
2015-09-11 19:00:00,492.05
2015-09-11 20:00:00,276.100005
2015-09-11 21:00:00,65.7750005
2015-09-11 22:00:00,4.57500025
2015-09-11 23:00:00,0.0
2015-09-12 00:00:00,0.0
2015-09-12 01:00:00,0.0
2015-09-12 02:00:00,0.0
2015-09-12 03:00:00,0.0
2015-09-12 04:00:00,0.0
2015-09-12 05:00:00,0.0
2015-09-12 06:00:00,0.0
2015-09-12 07:00:00,0.0
2015-09-12 08:00:00,0.0
2015-09-12 09:00:00,0.0
2015-09-12 10:00:00,17.05
2015-09-12 11:00:00,196.7
2015-09-12 12:00:00,444.950005
2015-09-12 13:00:00,660.42502
2015-09-12 14:00:00,826.3249999999999
2015-09-12 15:00:00,922.8
2015-09-12 16:00:00,951.1500100000001
2015-09-12 17:00:00,904.55
2015-09-12 18:00:00,782.87501
2015-09-12 19:00:00,605.775
2015-09-12 20:00:00,384.25
2015-09-12 21:00:00,147.15
2015-09-12 22:00:00,4.275
2015-09-12 23:00:00,0.0
2015-09-13 00:00:00,0.0
2015-09-13 01:00:00,0.0
2015-09-13 02:00:00,0.0
2015-09-13 03:00:00,0.0
2015-09-13 04:00:00,0.0
2015-09-13 05:00:00,0.0
2015-09-13 06:00:00,0.0
2015-09-13 07:00:00,0.0
2015-09-13 08:00:00,0.0
2015-09-13 09:00:00,0.0
2015-09-13 10:00:00,18.3
2015-09-13 11:00:00,201.0
2015-09-13 12:00:00,458.725
2015-09-13 13:00:00,675.9
2015-09-13 14:00:00,843.47501
2015-09-13 15:00:00,947.40002
2015-09-13 16:00:00,977.45
2015-09-13 17:00:00,930.05002
2015-09-13 18:00:00,810.95
2015-09-13 19:00:00,630.32501
2015-09-13 20:00:00,405.82500500000003
2015-09-13 21:00:00,162.42500375
2015-09-13 22:00:00,5.375
2015-09-13 23:00:00,0.0
2015-09-14 00:00:00,0.0
2015-09-14 01:00:00,0.0
2015-09-14 02:00:00,0.0
2015-09-14 03:00:00,0.0
2015-09-14 04:00:00,0.0
2015-09-14 05:00:00,0.0
2015-09-14 06:00:00,0.0
2015-09-14 07:00:00,0.0
2015-09-14 08:00:00,0.0
2015-09-14 09:00:00,0.0
2015-09-14 10:00:00,20.675
2015-09-14 11:00:00,209.7250025
2015-09-14 12:00:00,463.875
2015-09-14 13:00:00,683.75
2015-09-14 14:00:00,853.35
2015-09-14 15:00:00,952.9750200000001
2015-09-14 16:00:00,980.0250100000001
2015-09-14 17:00:00,930.70001
2015-09-14 18:00:00,797.1
2015-09-14 19:00:00,621.57501
2015-09-14 20:00:00,379.125005
2015-09-14 21:00:00,143.1
2015-09-14 22:00:00,4.55
2015-09-14 23:00:00,0.0
2015-09-15 00:00:00,0.0
2015-09-15 01:00:00,0.0
2015-09-15 02:00:00,0.0
2015-09-15 03:00:00,0.0
2015-09-15 04:00:00,0.0
2015-09-15 05:00:00,0.0
2015-09-15 06:00:00,0.0
2015-09-15 07:00:00,0.0
2015-09-15 08:00:00,0.0
2015-09-15 09:00:00,0.0
2015-09-15 10:00:00,19.57500125
2015-09-15 11:00:00,213.3
2015-09-15 12:00:00,477.4
2015-09-15 13:00:00,699.225
2015-09-15 14:00:00,870.00003
2015-09-15 15:00:00,973.32501
2015-09-15 16:00:00,1001.2249999999999
2015-09-15 17:00:00,953.25001
2015-09-15 18:00:00,828.65
2015-09-15 19:00:00,645.25001
2015-09-15 20:00:00,414.225
2015-09-15 21:00:00,159.15000375
2015-09-15 22:00:00,5.35
2015-09-15 23:00:00,0.0
2015-09-16 00:00:00,0.0
2015-09-16 01:00:00,0.0
2015-09-16 02:00:00,0.0
2015-09-16 03:00:00,0.0
2015-09-16 04:00:00,0.0
2015-09-16 05:00:00,0.0
2015-09-16 06:00:00,0.0
2015-09-16 07:00:00,0.0
2015-09-16 08:00:00,0.0
2015-09-16 09:00:00,0.0
2015-09-16 10:00:00,23.05000125
2015-09-16 11:00:00,219.3000025
2015-09-16 12:00:00,473.55001
2015-09-16 13:00:00,696.125
2015-09-16 14:00:00,865.30002
2015-09-16 15:00:00,963.65002
2015-09-16 16:00:00,989.82501
2015-09-16 17:00:00,938.5250100000001
2015-09-16 18:00:00,811.0250100000001
2015-09-16 19:00:00,624.825
2015-09-16 20:00:00,394.375015
2015-09-16 21:00:00,149.925
2015-09-16 22:00:00,4.9
2015-09-16 23:00:00,0.0
2015-09-17 00:00:00,0.0
2015-09-17 01:00:00,0.0
2015-09-17 02:00:00,0.0
2015-09-17 03:00:00,0.0
2015-09-17 04:00:00,0.0
2015-09-17 05:00:00,0.0
2015-09-17 06:00:00,0.0
2015-09-17 07:00:00,0.0
2015-09-17 08:00:00,0.0
2015-09-17 09:00:00,0.0
2015-09-17 10:00:00,25.0
2015-09-17 11:00:00,212.97500250000002
2015-09-17 12:00:00,475.2
2015-09-17 13:00:00,697.125
2015-09-17 14:00:00,863.95001
2015-09-17 15:00:00,962.95001
2015-09-17 16:00:00,990.675
2015-09-17 17:00:00,941.7750100000001
2015-09-17 18:00:00,819.8500200000001
2015-09-17 19:00:00,637.42501
2015-09-17 20:00:00,409.375
2015-09-17 21:00:00,163.62500375000002
2015-09-17 22:00:00,6.125
2015-09-17 23:00:00,0.0
2015-09-18 00:00:00,0.0
2015-09-18 01:00:00,0.0
2015-09-18 02:00:00,0.0
2015-09-18 03:00:00,0.0
2015-09-18 04:00:00,0.0
2015-09-18 05:00:00,0.0
2015-09-18 06:00:00,0.0
2015-09-18 07:00:00,0.0
2015-09-18 08:00:00,0.0
2015-09-18 09:00:00,0.0
2015-09-18 10:00:00,27.200000000000003
2015-09-18 11:00:00,230.200005
2015-09-18 12:00:00,481.350015
2015-09-18 13:00:00,697.25002
2015-09-18 14:00:00,862.825
2015-09-18 15:00:00,963.1500100000001
2015-09-18 16:00:00,990.06668
2015-09-18 17:00:00,936.7
2015-09-18 18:00:00,812.35
2015-09-18 19:00:00,633.35
2015-09-18 20:00:00,336.62501
2015-09-18 21:00:00,64.65
2015-09-18 22:00:00,0.650000025
2015-09-18 23:00:00,0.0
2015-09-19 00:00:00,0.0
2015-09-19 01:00:00,0.0
2015-09-19 02:00:00,0.0
2015-09-19 03:00:00,0.0
2015-09-19 04:00:00,0.0
2015-09-19 05:00:00,0.0
2015-09-19 06:00:00,0.0
2015-09-19 07:00:00,0.0
2015-09-19 08:00:00,0.0
2015-09-19 09:00:00,0.0
2015-09-19 10:00:00,20.675
2015-09-19 11:00:00,161.875
2015-09-19 12:00:00,331.350005
2015-09-19 13:00:00,543.22501
2015-09-19 14:00:00,755.57502
2015-09-19 15:00:00,946.275
2015-09-19 16:00:00,969.85002
2015-09-19 17:00:00,917.87502
2015-09-19 18:00:00,767.8
2015-09-19 19:00:00,587.200005
2015-09-19 20:00:00,365.050005
2015-09-19 21:00:00,121.55000000000001
2015-09-19 22:00:00,3.825
2015-09-19 23:00:00,0.0
2015-09-20 00:00:00,0.0
2015-09-20 01:00:00,0.0
2015-09-20 02:00:00,0.0
2015-09-20 03:00:00,0.0
2015-09-20 04:00:00,0.0
2015-09-20 05:00:00,0.0
2015-09-20 06:00:00,0.0
2015-09-20 07:00:00,0.0
2015-09-20 08:00:00,0.0
2015-09-20 09:00:00,0.0
2015-09-20 10:00:00,23.825
2015-09-20 11:00:00,177.975
2015-09-20 12:00:00,475.92501
2015-09-20 13:00:00,698.8000099999999
2015-09-20 14:00:00,865.50001
2015-09-20 15:00:00,968.77503
2015-09-20 16:00:00,992.05001
2015-09-20 17:00:00,940.00001
2015-09-20 18:00:00,812.375
2015-09-20 19:00:00,629.55
2015-09-20 20:00:00,405.5
2015-09-20 21:00:00,163.825
2015-09-20 22:00:00,6.8
2015-09-20 23:00:00,0.0
2015-09-21 00:00:00,0.0
2015-09-21 01:00:00,0.0
2015-09-21 02:00:00,0.0
2015-09-21 03:00:00,0.0
2015-09-21 04:00:00,0.0
2015-09-21 05:00:00,0.0
2015-09-21 06:00:00,0.0
2015-09-21 07:00:00,0.0
2015-09-21 08:00:00,0.0
2015-09-21 09:00:00,0.0
2015-09-21 10:00:00,31.0
2015-09-21 11:00:00,239.4250075
2015-09-21 12:00:00,494.850005
2015-09-21 13:00:00,715.80002
2015-09-21 14:00:00,884.225
2015-09-21 15:00:00,978.075
2015-09-21 16:00:00,1003.67501
2015-09-21 17:00:00,952.35001
2015-09-21 18:00:00,825.075
2015-09-21 19:00:00,638.625
2015-09-21 20:00:00,405.125005
2015-09-21 21:00:00,158.125
2015-09-21 22:00:00,6.225
2015-09-21 23:00:00,0.0
2015-09-22 00:00:00,0.0
2015-09-22 01:00:00,0.0
2015-09-22 02:00:00,0.0
2015-09-22 03:00:00,0.0
2015-09-22 04:00:00,0.0
2015-09-22 05:00:00,0.0
2015-09-22 06:00:00,0.0
2015-09-22 07:00:00,0.0
2015-09-22 08:00:00,0.0
2015-09-22 09:00:00,0.0
2015-09-22 10:00:00,32.150000025
2015-09-22 11:00:00,203.07500249999998
2015-09-22 12:00:00,459.90000499999996
2015-09-22 13:00:00,672.57501
2015-09-22 14:00:00,863.925
2015-09-22 15:00:00,964.72501
2015-09-22 16:00:00,986.25
2015-09-22 17:00:00,935.05002
2015-09-22 18:00:00,810.6500100000001
2015-09-22 19:00:00,628.22501
2015-09-22 20:00:00,399.925
2015-09-22 21:00:00,139.0500025
2015-09-22 22:00:00,6.625
2015-09-22 23:00:00,0.0
2015-09-23 00:00:00,0.0
2015-09-23 01:00:00,0.0
2015-09-23 02:00:00,0.0
2015-09-23 03:00:00,0.0
2015-09-23 04:00:00,0.0
2015-09-23 05:00:00,0.0
2015-09-23 06:00:00,0.0
2015-09-23 07:00:00,0.0
2015-09-23 08:00:00,0.0
2015-09-23 09:00:00,0.0
2015-09-23 10:00:00,36.52500125
2015-09-23 11:00:00,239.5000025
2015-09-23 12:00:00,495.525015
2015-09-23 13:00:00,711.775
2015-09-23 14:00:00,874.70003
2015-09-23 15:00:00,968.45001
2015-09-23 16:00:00,992.50003
2015-09-23 17:00:00,939.35001
2015-09-23 18:00:00,808.5250100000001
2015-09-23 19:00:00,626.07501
2015-09-23 20:00:00,395.375
2015-09-23 21:00:00,128.4750025
2015-09-23 22:00:00,6.625
2015-09-23 23:00:00,0.0
2015-09-24 00:00:00,0.0
2015-09-24 01:00:00,0.0
2015-09-24 02:00:00,0.0
2015-09-24 03:00:00,0.0
2015-09-24 04:00:00,0.0
2015-09-24 05:00:00,0.0
2015-09-24 06:00:00,0.0
2015-09-24 07:00:00,0.0
2015-09-24 08:00:00,0.0
2015-09-24 09:00:00,0.0
2015-09-24 10:00:00,39.9000005
2015-09-24 11:00:00,259.2500025
2015-09-24 12:00:00,504.250005
2015-09-24 13:00:00,722.97501
2015-09-24 14:00:00,889.325
2015-09-24 15:00:00,986.4000100000001
2015-09-24 16:00:00,1012.1500100000001
2015-09-24 17:00:00,962.10001
2015-09-24 18:00:00,846.57501
2015-09-24 19:00:00,662.80002
2015-09-24 20:00:00,429.0
2015-09-24 21:00:00,179.07500249999998
2015-09-24 22:00:00,8.3
2015-09-24 23:00:00,0.0
2015-09-25 00:00:00,0.0
2015-09-25 01:00:00,0.0
2015-09-25 02:00:00,0.0
2015-09-25 03:00:00,0.0
2015-09-25 04:00:00,0.0
2015-09-25 05:00:00,0.0
2015-09-25 06:00:00,0.0
2015-09-25 07:00:00,0.0
2015-09-25 08:00:00,0.0
2015-09-25 09:00:00,0.0
2015-09-25 10:00:00,40.900000750000004
2015-09-25 11:00:00,213.64999999999998
2015-09-25 12:00:00,412.025
2015-09-25 13:00:00,522.975
2015-09-25 14:00:00,620.875
2015-09-25 15:00:00,732.37501
2015-09-25 16:00:00,699.225
2015-09-25 17:00:00,648.27501
2015-09-25 18:00:00,496.225
2015-09-25 19:00:00,298.650015
2015-09-25 20:00:00,100.3000005
2015-09-25 21:00:00,3.10000025
2015-09-25 22:00:00,0.0
2015-09-25 23:00:00,0.0
2015-09-26 00:00:00,0.0
2015-09-26 01:00:00,0.0
2015-09-26 02:00:00,0.0
2015-09-26 03:00:00,0.0
2015-09-26 04:00:00,0.0
2015-09-26 05:00:00,0.0
2015-09-26 06:00:00,0.0
2015-09-26 07:00:00,0.0
2015-09-26 08:00:00,0.0
2015-09-26 09:00:00,0.0
2015-09-26 10:00:00,43.70000075
2015-09-26 11:00:00,261.77500499999996
2015-09-26 12:00:00,512.7500150000001
2015-09-26 13:00:00,730.9750200000001
2015-09-26 14:00:00,895.70001
2015-09-26 15:00:00,984.8
2015-09-26 16:00:00,1004.92501
2015-09-26 17:00:00,950.625
2015-09-26 18:00:00,818.50001
2015-09-26 19:00:00,632.20001
2015-09-26 20:00:00,404.45
2015-09-26 21:00:00,125.3750025
2015-09-26 22:00:00,7.025
2015-09-26 23:00:00,0.0
2015-09-27 00:00:00,0.0
2015-09-27 01:00:00,0.0
2015-09-27 02:00:00,0.0
2015-09-27 03:00:00,0.0
2015-09-27 04:00:00,0.0
2015-09-27 05:00:00,0.0
2015-09-27 06:00:00,0.0
2015-09-27 07:00:00,0.0
2015-09-27 08:00:00,0.0
2015-09-27 09:00:00,0.0
2015-09-27 10:00:00,47.925
2015-09-27 11:00:00,268.675005
2015-09-27 12:00:00,520.2
2015-09-27 13:00:00,735.45002
2015-09-27 14:00:00,898.375
2015-09-27 15:00:00,995.45
2015-09-27 16:00:00,1017.17502
2015-09-27 17:00:00,964.20001
2015-09-27 18:00:00,840.875
2015-09-27 19:00:00,656.1999999999999
2015-09-27 20:00:00,418.750005
2015-09-27 21:00:00,176.27499999999998
2015-09-27 22:00:00,9.25
2015-09-27 23:00:00,0.0
2015-09-28 00:00:00,0.0
2015-09-28 01:00:00,0.0
2015-09-28 02:00:00,0.0
2015-09-28 03:00:00,0.0
2015-09-28 04:00:00,0.0
2015-09-28 05:00:00,0.0
2015-09-28 06:00:00,0.0
2015-09-28 07:00:00,0.0
2015-09-28 08:00:00,0.0
2015-09-28 09:00:00,0.0
2015-09-28 10:00:00,52.05
2015-09-28 11:00:00,279.4250025
2015-09-28 12:00:00,520.725005
2015-09-28 13:00:00,736.0500099999999
2015-09-28 14:00:00,900.22501
2015-09-28 15:00:00,989.35001
2015-09-28 16:00:00,1011.82501
2015-09-28 17:00:00,957.175
2015-09-28 18:00:00,822.65
2015-09-28 19:00:00,635.55
2015-09-28 20:00:00,405.425005
2015-09-28 21:00:00,159.00000125
2015-09-28 22:00:00,7.275
2015-09-28 23:00:00,0.0
2015-09-29 00:00:00,0.0
2015-09-29 01:00:00,0.0
2015-09-29 02:00:00,0.0
2015-09-29 03:00:00,0.0
2015-09-29 04:00:00,0.0
2015-09-29 05:00:00,0.0
2015-09-29 06:00:00,0.0
2015-09-29 07:00:00,0.0
2015-09-29 08:00:00,0.0
2015-09-29 09:00:00,0.0
2015-09-29 10:00:00,49.42500075
2015-09-29 11:00:00,269.7
2015-09-29 12:00:00,516.850005
2015-09-29 13:00:00,728.45
2015-09-29 14:00:00,888.8500200000001
2015-09-29 15:00:00,929.5
2015-09-29 16:00:00,948.12502
2015-09-29 17:00:00,877.17501
2015-09-29 18:00:00,734.60001
2015-09-29 19:00:00,520.350015
2015-09-29 20:00:00,371.700005
2015-09-29 21:00:00,23.225
2015-09-29 22:00:00,0.075
2015-09-29 23:00:00,0.0
2015-09-30 00:00:00,0.0
2015-09-30 01:00:00,0.0
2015-09-30 02:00:00,0.0
2015-09-30 03:00:00,0.0
2015-09-30 04:00:00,0.0
2015-09-30 05:00:00,0.0
2015-09-30 06:00:00,0.0
2015-09-30 07:00:00,0.0
2015-09-30 08:00:00,0.0
2015-09-30 09:00:00,0.0
2015-09-30 10:00:00,28.775
2015-09-30 11:00:00,150.0750025
2015-09-30 12:00:00,297.425
2015-09-30 13:00:00,454.975
2015-09-30 14:00:00,576.7250200000001
2015-09-30 15:00:00,576.4750200000001
2015-09-30 16:00:00,576.2249999999999
2015-09-30 17:00:00,515.6
2015-09-30 18:00:00,384.45
2015-09-30 19:00:00,262.45
2015-09-30 20:00:00,125.30000375
2015-09-30 21:00:00,15.375000025
2015-09-30 22:00:00,0.125
2015-09-30 23:00:00,0.0
2015-10-01 00:00:00,0.0
2015-10-01 01:00:00,0.0
2015-10-01 02:00:00,0.0
2015-10-01 03:00:00,0.0
2015-10-01 04:00:00,0.0
2015-10-01 05:00:00,0.0
2015-10-01 06:00:00,0.0
2015-10-01 07:00:00,0.0
2015-10-01 08:00:00,0.0
2015-10-01 09:00:00,0.0
2015-10-01 10:00:00,56.425
2015-10-01 11:00:00,288.65
2015-10-01 12:00:00,559.675
2015-10-01 13:00:00,777.9
2015-10-01 14:00:00,940.75
2015-10-01 15:00:00,1035.60001
2015-10-01 16:00:00,1055.775025
2015-10-01 17:00:00,999.05001
2015-10-01 18:00:00,868.75001
2015-10-01 19:00:00,676.325
2015-10-01 20:00:00,441.825015
2015-10-01 21:00:00,190.575
2015-10-01 22:00:00,11.5000005
2015-10-01 23:00:00,0.0
2015-10-02 00:00:00,0.0
2015-10-02 01:00:00,0.0
2015-10-02 02:00:00,0.0
2015-10-02 03:00:00,0.0
2015-10-02 04:00:00,0.0
2015-10-02 05:00:00,0.0
2015-10-02 06:00:00,0.0
2015-10-02 07:00:00,0.0
2015-10-02 08:00:00,0.0
2015-10-02 09:00:00,0.0
2015-10-02 10:00:00,64.325
2015-10-02 11:00:00,251.3000025
2015-10-02 12:00:00,373.675005
2015-10-02 13:00:00,602.07501
2015-10-02 14:00:00,654.25001
2015-10-02 15:00:00,689.7
2015-10-02 16:00:00,776.7750100000001
2015-10-02 17:00:00,752.87501
2015-10-02 18:00:00,636.25
2015-10-02 19:00:00,272.675005
2015-10-02 20:00:00,126.40000125
2015-10-02 21:00:00,19.400000249999998
2015-10-02 22:00:00,0.0
2015-10-02 23:00:00,0.0
2015-10-03 00:00:00,0.0
2015-10-03 01:00:00,0.0
2015-10-03 02:00:00,0.0
2015-10-03 03:00:00,0.0
2015-10-03 04:00:00,0.0
2015-10-03 05:00:00,0.0
2015-10-03 06:00:00,0.0
2015-10-03 07:00:00,0.0
2015-10-03 08:00:00,0.0
2015-10-03 09:00:00,0.0
2015-10-03 10:00:00,47.7
2015-10-03 11:00:00,194.75
2015-10-03 12:00:00,342.975
2015-10-03 13:00:00,427.025005
2015-10-03 14:00:00,458.95
2015-10-03 15:00:00,447.57500500000003
2015-10-03 16:00:00,384.250005
2015-10-03 17:00:00,500.750005
2015-10-03 18:00:00,502.27502000000004
2015-10-03 19:00:00,399.125
2015-10-03 20:00:00,157.4000025
2015-10-03 21:00:00,27.10000025
2015-10-03 22:00:00,6.325
2015-10-03 23:00:00,0.0
2015-10-04 00:00:00,0.0
2015-10-04 01:00:00,0.0
2015-10-04 02:00:00,0.0
2015-10-04 03:00:00,0.0
2015-10-04 04:00:00,0.0
2015-10-04 05:00:00,0.0
2015-10-04 06:00:00,0.0
2015-10-04 07:00:00,0.0
2015-10-04 08:00:00,0.0
2015-10-04 09:00:00,0.0
2015-10-04 10:00:00,52.099999999999994
2015-10-04 11:00:00,244.2
2015-10-04 12:00:00,553.275
2015-10-04 13:00:00,775.95001
2015-10-04 14:00:00,939.52502
2015-10-04 15:00:00,1034.6500350000001
2015-10-04 16:00:00,1052.025025
2015-10-04 17:00:00,991.9749999999999
2015-10-04 18:00:00,862.125
2015-10-04 19:00:00,673.4
2015-10-04 20:00:00,441.975005
2015-10-04 21:00:00,191.5000025
2015-10-04 22:00:00,12.725
2015-10-04 23:00:00,0.0
2015-10-05 00:00:00,0.0
2015-10-05 01:00:00,0.0
2015-10-05 02:00:00,0.0
2015-10-05 03:00:00,0.0
2015-10-05 04:00:00,0.0
2015-10-05 05:00:00,0.0
2015-10-05 06:00:00,0.0
2015-10-05 07:00:00,0.0
2015-10-05 08:00:00,0.0
2015-10-05 09:00:00,0.0
2015-10-05 10:00:00,76.57500125
2015-10-05 11:00:00,326.4500025
2015-10-05 12:00:00,552.4666666666667
2015-10-05 13:00:00,803.625
2015-10-05 14:00:00,969.45001
2015-10-05 15:00:00,1060.575
2015-10-05 16:00:00,1077.4333333333334
2015-10-05 17:00:00,1016.35001
2015-10-05 18:00:00,876.9
2015-10-05 19:00:00,679.92501
2015-10-05 20:00:00,442.625
2015-10-05 21:00:00,169.7500025
2015-10-05 22:00:00,0.775000025
2015-10-05 23:00:00,0.0
2015-10-06 00:00:00,0.0
2015-10-06 01:00:00,0.0
2015-10-06 02:00:00,0.0
2015-10-06 03:00:00,0.0
2015-10-06 04:00:00,0.0
2015-10-06 05:00:00,0.0
2015-10-06 06:00:00,0.0
2015-10-06 07:00:00,0.0
2015-10-06 08:00:00,0.0
2015-10-06 09:00:00,0.0
2015-10-06 10:00:00,76.44999999999999
2015-10-06 11:00:00,321.82500000000005
2015-10-06 12:00:00,556.375
2015-10-06 13:00:00,793.375
2015-10-06 14:00:00,968.47502
2015-10-06 15:00:00,1064.550025
2015-10-06 16:00:00,1060.825025
2015-10-06 17:00:00,969.45
2015-10-06 18:00:00,855.4749999999999
2015-10-06 19:00:00,687.525
2015-10-06 20:00:00,450.22501
2015-10-06 21:00:00,134.55000124999998
2015-10-06 22:00:00,0.0
2015-10-06 23:00:00,0.0
2015-10-07 00:00:00,0.0
2015-10-07 01:00:00,0.0
2015-10-07 02:00:00,0.0
2015-10-07 03:00:00,0.0
2015-10-07 04:00:00,0.0
2015-10-07 05:00:00,0.0
2015-10-07 06:00:00,0.0
2015-10-07 07:00:00,0.0
2015-10-07 08:00:00,0.0
2015-10-07 09:00:00,0.0
2015-10-07 10:00:00,69.6250025
2015-10-07 11:00:00,301.75
2015-10-07 12:00:00,551.2
2015-10-07 13:00:00,737.4000100000001
2015-10-07 14:00:00,891.95001
2015-10-07 15:00:00,967.25001
2015-10-07 16:00:00,782.8
2015-10-07 17:00:00,658.575
2015-10-07 18:00:00,636.65
2015-10-07 19:00:00,647.45001
2015-10-07 20:00:00,347.225
2015-10-07 21:00:00,64.4
2015-10-07 22:00:00,0.0
2015-10-07 23:00:00,0.0
2015-10-08 00:00:00,0.0
2015-10-08 01:00:00,0.0
2015-10-08 02:00:00,0.0
2015-10-08 03:00:00,0.0
2015-10-08 04:00:00,0.0
2015-10-08 05:00:00,0.0
2015-10-08 06:00:00,0.0
2015-10-08 07:00:00,0.0
2015-10-08 08:00:00,0.0
2015-10-08 09:00:00,0.0
2015-10-08 10:00:00,75.250003
2015-10-08 11:00:00,249.6
2015-10-08 12:00:00,371.750005
2015-10-08 13:00:00,486.125
2015-10-08 14:00:00,643.575
2015-10-08 15:00:00,696.87501
2015-10-08 16:00:00,700.25
2015-10-08 17:00:00,606.85
2015-10-08 18:00:00,471.125
2015-10-08 19:00:00,282.35001
2015-10-08 20:00:00,92.6250005
2015-10-08 21:00:00,14.799999999999999
2015-10-08 22:00:00,8.625
2015-10-08 23:00:00,0.0
2015-10-09 00:00:00,0.0
2015-10-09 01:00:00,0.0
2015-10-09 02:00:00,0.0
2015-10-09 03:00:00,0.0
2015-10-09 04:00:00,0.0
2015-10-09 05:00:00,0.0
2015-10-09 06:00:00,0.0
2015-10-09 07:00:00,0.0
2015-10-09 08:00:00,0.0
2015-10-09 09:00:00,0.0
2015-10-09 10:00:00,58.85000125
2015-10-09 11:00:00,219.825
2015-10-09 12:00:00,315.95000749999997
2015-10-09 13:00:00,393.32500500000003
2015-10-09 14:00:00,486.32500500000003
2015-10-09 15:00:00,573.15
2015-10-09 16:00:00,610.67502
2015-10-09 17:00:00,537.4000100000001
2015-10-09 18:00:00,366.125005
2015-10-09 19:00:00,227.90000500000002
2015-10-09 20:00:00,66.55
2015-10-09 21:00:00,13.025
2015-10-09 22:00:00,0.6
2015-10-09 23:00:00,0.0
2015-10-10 00:00:00,0.0
2015-10-10 01:00:00,0.0
2015-10-10 02:00:00,0.0
2015-10-10 03:00:00,0.0
2015-10-10 04:00:00,0.0
2015-10-10 05:00:00,0.0
2015-10-10 06:00:00,0.0
2015-10-10 07:00:00,0.0
2015-10-10 08:00:00,0.0
2015-10-10 09:00:00,0.0
2015-10-10 10:00:00,60.5000005
2015-10-10 11:00:00,200.13333666666668
2015-10-10 12:00:00,371.35001
2015-10-10 13:00:00,469.375
2015-10-10 14:00:00,566.45
2015-10-10 15:00:00,573.9250099999999
2015-10-10 16:00:00,530.95
2015-10-10 17:00:00,433.250015
2015-10-10 18:00:00,359.075005
2015-10-10 19:00:00,293.65
2015-10-10 20:00:00,193.1250025
2015-10-10 21:00:00,59.875001250000004
2015-10-10 22:00:00,0.0
2015-10-10 23:00:00,0.0
2015-10-11 00:00:00,0.0
2015-10-11 01:00:00,0.0
2015-10-11 02:00:00,0.0
2015-10-11 03:00:00,0.0
2015-10-11 04:00:00,0.0
2015-10-11 05:00:00,0.0
2015-10-11 06:00:00,0.0
2015-10-11 07:00:00,0.0
2015-10-11 08:00:00,0.0
2015-10-11 09:00:00,0.0
2015-10-11 10:00:00,72.65000175
2015-10-11 11:00:00,225.40000333333333
2015-10-11 12:00:00,370.000005
2015-10-11 13:00:00,470.625
2015-10-11 14:00:00,667.45
2015-10-11 15:00:00,825.1
2015-10-11 16:00:00,704.67501
2015-10-11 17:00:00,634.625
2015-10-11 18:00:00,476.000005
2015-10-11 19:00:00,343.95
2015-10-11 20:00:00,183.25000375
2015-10-11 21:00:00,32.07500125
2015-10-11 22:00:00,1.85
2015-10-11 23:00:00,0.0
2015-10-12 00:00:00,0.0
2015-10-12 01:00:00,0.0
2015-10-12 02:00:00,0.0
2015-10-12 03:00:00,0.0
2015-10-12 04:00:00,0.0
2015-10-12 05:00:00,0.0
2015-10-12 06:00:00,0.0
2015-10-12 07:00:00,0.0
2015-10-12 08:00:00,0.0
2015-10-12 09:00:00,0.0
2015-10-12 10:00:00,91.375003
2015-10-12 11:00:00,303.56666666666666
2015-10-12 12:00:00,580.7750149999999
2015-10-12 13:00:00,786.22501
2015-10-12 14:00:00,967.32501
2015-10-12 15:00:00,1056.2250250000002
2015-10-12 16:00:00,1071.9499999999998
2015-10-12 17:00:00,1010.3000099999999
2015-10-12 18:00:00,870.82502
2015-10-12 19:00:00,679.32501
2015-10-12 20:00:00,446.100005
2015-10-12 21:00:00,189.75
2015-10-12 22:00:00,14.950000249999999
2015-10-12 23:00:00,0.0
2015-10-13 00:00:00,0.0
2015-10-13 01:00:00,0.0
2015-10-13 02:00:00,0.0
2015-10-13 03:00:00,0.0
2015-10-13 04:00:00,0.0
2015-10-13 05:00:00,0.0
2015-10-13 06:00:00,0.0
2015-10-13 07:00:00,0.0
2015-10-13 08:00:00,0.0
2015-10-13 09:00:00,0.0
2015-10-13 10:00:00,100.00000025
2015-10-13 11:00:00,351.300005
2015-10-13 12:00:00,614.5500099999999
2015-10-13 13:00:00,832.7
2015-10-13 14:00:00,994.20003
2015-10-13 15:00:00,1087.775
2015-10-13 16:00:00,1105.900025
2015-10-13 17:00:00,1045.2
2015-10-13 18:00:00,906.75001
2015-10-13 19:00:00,711.60001
2015-10-13 20:00:00,472.975
2015-10-13 21:00:00,208.39999999999998
2015-10-13 22:00:00,18.225
2015-10-13 23:00:00,0.0
2015-10-14 00:00:00,0.0
2015-10-14 01:00:00,0.0
2015-10-14 02:00:00,0.0
2015-10-14 03:00:00,0.0
2015-10-14 04:00:00,0.0
2015-10-14 05:00:00,0.0
2015-10-14 06:00:00,0.0
2015-10-14 07:00:00,0.0
2015-10-14 08:00:00,0.0
2015-10-14 09:00:00,0.0
2015-10-14 10:00:00,101.20000250000001
2015-10-14 11:00:00,353.525005
2015-10-14 12:00:00,618.3500200000001
2015-10-14 13:00:00,836.1
2015-10-14 14:00:00,998.95001
2015-10-14 15:00:00,1091.57505
2015-10-14 16:00:00,1110.15
2015-10-14 17:00:00,1051.550025
2015-10-14 18:00:00,916.35
2015-10-14 19:00:00,721.725
2015-10-14 20:00:00,449.77502000000004
2015-10-14 21:00:00,162.900005
2015-10-14 22:00:00,1.6
2015-10-14 23:00:00,0.0
2015-10-15 00:00:00,0.0
2015-10-15 01:00:00,0.0
2015-10-15 02:00:00,0.0
2015-10-15 03:00:00,0.0
2015-10-15 04:00:00,0.0
2015-10-15 05:00:00,0.0
2015-10-15 06:00:00,0.0
2015-10-15 07:00:00,0.0
2015-10-15 08:00:00,0.0
2015-10-15 09:00:00,0.0
2015-10-15 10:00:00,113.95000250000001
2015-10-15 11:00:00,375.375005
2015-10-15 12:00:00,637.4250099999999
2015-10-15 13:00:00,853.70001
2015-10-15 14:00:00,1009.875
2015-10-15 15:00:00,1095.82505
2015-10-15 16:00:00,1105.000025
2015-10-15 17:00:00,1037.67501
2015-10-15 18:00:00,902.6500100000001
2015-10-15 19:00:00,712.225
2015-10-15 20:00:00,477.3
2015-10-15 21:00:00,231.86666666666667
2015-10-15 22:00:00,21.6
2015-10-15 23:00:00,0.0
2015-10-16 00:00:00,0.0
2015-10-16 01:00:00,0.0
2015-10-16 02:00:00,0.0
2015-10-16 03:00:00,0.0
2015-10-16 04:00:00,0.0
2015-10-16 05:00:00,0.0
2015-10-16 06:00:00,0.0
2015-10-16 07:00:00,0.0
2015-10-16 08:00:00,0.0
2015-10-16 09:00:00,0.0
2015-10-16 10:00:00,109.44999999999999
2015-10-16 11:00:00,357.52501
2015-10-16 12:00:00,595.1250150000001
2015-10-16 13:00:00,807.45002
2015-10-16 14:00:00,965.47502
2015-10-16 15:00:00,1047.975025
2015-10-16 16:00:00,1061.475025
2015-10-16 17:00:00,922.5500300000001
2015-10-16 18:00:00,704.00001
2015-10-16 19:00:00,502.15
2015-10-16 20:00:00,185.55
2015-10-16 21:00:00,6.425000075
2015-10-16 22:00:00,0.0
2015-10-16 23:00:00,0.0
2015-10-17 00:00:00,0.0
2015-10-17 01:00:00,0.0
2015-10-17 02:00:00,0.0
2015-10-17 03:00:00,0.0
2015-10-17 04:00:00,0.0
2015-10-17 05:00:00,0.0
2015-10-17 06:00:00,0.0
2015-10-17 07:00:00,0.0
2015-10-17 08:00:00,0.0
2015-10-17 09:00:00,0.0
2015-10-17 10:00:00,59.2
2015-10-17 11:00:00,203.0
2015-10-17 12:00:00,381.4333333333334
2015-10-17 13:00:00,485.825
2015-10-17 14:00:00,655.85
2015-10-17 15:00:00,735.775
2015-10-17 16:00:00,654.90001
2015-10-17 17:00:00,581.625
2015-10-17 18:00:00,499.725005
2015-10-17 19:00:00,350.425
2015-10-17 20:00:00,114.975
2015-10-17 21:00:00,14.625
2015-10-17 22:00:00,0.0
2015-10-17 23:00:00,0.0
2015-10-18 00:00:00,0.0
2015-10-18 01:00:00,0.0
2015-10-18 02:00:00,0.0
2015-10-18 03:00:00,0.0
2015-10-18 04:00:00,0.0
2015-10-18 05:00:00,0.0
2015-10-18 06:00:00,0.0
2015-10-18 07:00:00,0.0
2015-10-18 08:00:00,0.0
2015-10-18 09:00:00,0.0
2015-10-18 10:00:00,99.4000025
2015-10-18 11:00:00,334.45000500000003
2015-10-18 12:00:00,585.1250150000001
2015-10-18 13:00:00,747.6750099999999
2015-10-18 14:00:00,825.60002
2015-10-18 15:00:00,944.875
2015-10-18 16:00:00,1001.2750450000001
2015-10-18 17:00:00,979.32501
2015-10-18 18:00:00,868.32501
2015-10-18 19:00:00,642.62502
2015-10-18 20:00:00,294.6250025
2015-10-18 21:00:00,34.3500025
2015-10-18 22:00:00,0.0
2015-10-18 23:00:00,0.0
2015-10-19 00:00:00,0.0
2015-10-19 01:00:00,0.0
2015-10-19 02:00:00,0.0
2015-10-19 03:00:00,0.0
2015-10-19 04:00:00,0.0
2015-10-19 05:00:00,0.0
2015-10-19 06:00:00,0.0
2015-10-19 07:00:00,0.0
2015-10-19 08:00:00,0.0
2015-10-19 09:00:00,0.0
2015-10-19 10:00:00,76.875
2015-10-19 11:00:00,240.25
2015-10-19 12:00:00,378.70000500000003
2015-10-19 13:00:00,709.975
2015-10-19 14:00:00,951.3
2015-10-19 15:00:00,809.67501
2015-10-19 16:00:00,870.0500300000001
2015-10-19 17:00:00,1013.2750249999999
2015-10-19 18:00:00,896.8000099999999
2015-10-19 19:00:00,706.2750100000001
2015-10-19 20:00:00,470.55001
2015-10-19 21:00:00,219.15000750000002
2015-10-19 22:00:00,22.10000025
2015-10-19 23:00:00,0.0
2015-10-20 00:00:00,0.0
2015-10-20 01:00:00,0.0
2015-10-20 02:00:00,0.0
2015-10-20 03:00:00,0.0
2015-10-20 04:00:00,0.0
2015-10-20 05:00:00,0.0
2015-10-20 06:00:00,0.0
2015-10-20 07:00:00,0.0
2015-10-20 08:00:00,0.0
2015-10-20 09:00:00,0.05
2015-10-20 10:00:00,117.5
2015-10-20 11:00:00,367.925005
2015-10-20 12:00:00,633.8
2015-10-20 13:00:00,844.3500200000001
2015-10-20 14:00:00,998.0999999999999
2015-10-20 15:00:00,1080.57505
2015-10-20 16:00:00,1095.8999999999999
2015-10-20 17:00:00,1026.8
2015-10-20 18:00:00,881.2000266666668
2015-10-20 19:00:00,699.7
2015-10-20 20:00:00,468.575005
2015-10-20 21:00:00,212.7250075
2015-10-20 22:00:00,22.000001500000003
2015-10-20 23:00:00,0.0
2015-10-21 00:00:00,0.0
2015-10-21 01:00:00,0.0
2015-10-21 02:00:00,0.0
2015-10-21 03:00:00,0.0
2015-10-21 04:00:00,0.0
2015-10-21 05:00:00,0.0
2015-10-21 06:00:00,0.0
2015-10-21 07:00:00,0.0
2015-10-21 08:00:00,0.0
2015-10-21 09:00:00,0.425
2015-10-21 10:00:00,128.22500300000002
2015-10-21 11:00:00,378.85
2015-10-21 12:00:00,624.87502
2015-10-21 13:00:00,835.05
2015-10-21 14:00:00,989.6000100000001
2015-10-21 15:00:00,1075.325025
2015-10-21 16:00:00,1092.70005
2015-10-21 17:00:00,1033.925025
2015-10-21 18:00:00,902.65
2015-10-21 19:00:00,679.87501
2015-10-21 20:00:00,286.2
2015-10-21 21:00:00,15.7750005
2015-10-21 22:00:00,0.0
2015-10-21 23:00:00,0.0
2015-10-22 00:00:00,0.0
2015-10-22 01:00:00,0.0
2015-10-22 02:00:00,0.0
2015-10-22 03:00:00,0.0
2015-10-22 04:00:00,0.0
2015-10-22 05:00:00,0.0
2015-10-22 06:00:00,0.0
2015-10-22 07:00:00,0.0
2015-10-22 08:00:00,0.0
2015-10-22 09:00:00,0.825
2015-10-22 10:00:00,129.0
2015-10-22 11:00:00,377.925005
2015-10-22 12:00:00,623.85002
2015-10-22 13:00:00,833.65003
2015-10-22 14:00:00,988.275
2015-10-22 15:00:00,1066.750025
2015-10-22 16:00:00,1075.850025
2015-10-22 17:00:00,1012.8500349999999
2015-10-22 18:00:00,875.50003
2015-10-22 19:00:00,682.75001
2015-10-22 20:00:00,453.97502000000003
2015-10-22 21:00:00,201.225005
2015-10-22 22:00:00,12.2750005
2015-10-22 23:00:00,0.0
2015-10-23 00:00:00,0.0
2015-10-23 01:00:00,0.0
2015-10-23 02:00:00,0.0
2015-10-23 03:00:00,0.0
2015-10-23 04:00:00,0.0
2015-10-23 05:00:00,0.0
2015-10-23 06:00:00,0.0
2015-10-23 07:00:00,0.0
2015-10-23 08:00:00,0.0
2015-10-23 09:00:00,1.075
2015-10-23 10:00:00,92.4500005
2015-10-23 11:00:00,263.375
2015-10-23 12:00:00,435.925
2015-10-23 13:00:00,619.05
2015-10-23 14:00:00,822.1500100000001
2015-10-23 15:00:00,945.47501
2015-10-23 16:00:00,954.1999999999999
2015-10-23 17:00:00,832.67501
2015-10-23 18:00:00,627.35
2015-10-23 19:00:00,369.30001000000004
2015-10-23 20:00:00,152.575
2015-10-23 21:00:00,6.975
2015-10-23 22:00:00,5.95000025
2015-10-23 23:00:00,0.0
2015-10-24 00:00:00,0.0
2015-10-24 01:00:00,0.0
2015-10-24 02:00:00,0.0
2015-10-24 03:00:00,0.0
2015-10-24 04:00:00,0.0
2015-10-24 05:00:00,0.0
2015-10-24 06:00:00,0.0
2015-10-24 07:00:00,0.0
2015-10-24 08:00:00,0.0
2015-10-24 09:00:00,1.425000075
2015-10-24 10:00:00,123.62500250000001
2015-10-24 11:00:00,347.625005
2015-10-24 12:00:00,582.05
2015-10-24 13:00:00,761.725
2015-10-24 14:00:00,952.40002
2015-10-24 15:00:00,1033.6
2015-10-24 16:00:00,1046.975025
2015-10-24 17:00:00,985.8
2015-10-24 18:00:00,839.42502
2015-10-24 19:00:00,622.7
2015-10-24 20:00:00,381.55
2015-10-24 21:00:00,137.175
2015-10-24 22:00:00,11.42500025
2015-10-24 23:00:00,0.0
2015-10-25 00:00:00,0.0
2015-10-25 01:00:00,0.0
2015-10-25 02:00:00,0.0
2015-10-25 03:00:00,0.0
2015-10-25 04:00:00,0.0
2015-10-25 05:00:00,0.0
2015-10-25 06:00:00,0.0
2015-10-25 07:00:00,0.0
2015-10-25 08:00:00,0.0
2015-10-25 09:00:00,1.675000075
2015-10-25 10:00:00,123.0250005
2015-10-25 11:00:00,367.875005
2015-10-25 12:00:00,633.9000100000001
2015-10-25 13:00:00,845.10001
2015-10-25 14:00:00,1000.5500099999999
2015-10-25 15:00:00,1082.70005
2015-10-25 16:00:00,1091.85
2015-10-25 17:00:00,1028.55
2015-10-25 18:00:00,892.5
2015-10-25 19:00:00,704.25
2015-10-25 20:00:00,471.2
2015-10-25 21:00:00,137.55000125
2015-10-25 22:00:00,11.4
2015-10-25 23:00:00,0.0
2015-10-26 00:00:00,0.0
2015-10-26 01:00:00,0.0
2015-10-26 02:00:00,0.0
2015-10-26 03:00:00,0.0
2015-10-26 04:00:00,0.0
2015-10-26 05:00:00,0.0
2015-10-26 06:00:00,0.0
2015-10-26 07:00:00,0.0
2015-10-26 08:00:00,0.0
2015-10-26 09:00:00,0.0
2015-10-26 10:00:00,125.9
2015-10-26 11:00:00,370.475
2015-10-26 12:00:00,568.85
2015-10-26 13:00:00,804.1333333333333
2015-10-26 14:00:00,936.725
2015-10-26 15:00:00,1018.2000350000001
2015-10-26 16:00:00,980.450025
2015-10-26 17:00:00,599.3750150000001
2015-10-26 18:00:00,471.20000000000005
2015-10-26 19:00:00,368.45000500000003
2015-10-26 20:00:00,187.6750025
2015-10-26 21:00:00,22.45
2015-10-26 22:00:00,0.0
2015-10-26 23:00:00,0.0
2015-10-27 00:00:00,0.0
2015-10-27 01:00:00,0.0
2015-10-27 02:00:00,0.0
2015-10-27 03:00:00,0.0
2015-10-27 04:00:00,0.0
2015-10-27 05:00:00,0.0
2015-10-27 06:00:00,0.0
2015-10-27 07:00:00,0.0
2015-10-27 08:00:00,0.0
2015-10-27 09:00:00,2.22500025
2015-10-27 10:00:00,121.55000174999999
2015-10-27 11:00:00,355.8
2015-10-27 12:00:00,507.90002000000004
2015-10-27 13:00:00,717.15
2015-10-27 14:00:00,793.9250099999999
2015-10-27 15:00:00,868.2
2015-10-27 16:00:00,848.5
2015-10-27 17:00:00,684.67502
2015-10-27 18:00:00,429.150005
2015-10-27 19:00:00,327.125
2015-10-27 20:00:00,233.625005
2015-10-27 21:00:00,77.2250015
2015-10-27 22:00:00,1.625
2015-10-27 23:00:00,0.0
2015-10-28 00:00:00,0.0
2015-10-28 01:00:00,0.0
2015-10-28 02:00:00,0.0
2015-10-28 03:00:00,0.0
2015-10-28 04:00:00,0.0
2015-10-28 05:00:00,0.0
2015-10-28 06:00:00,0.0
2015-10-28 07:00:00,0.0
2015-10-28 08:00:00,0.0
2015-10-28 09:00:00,2.825
2015-10-28 10:00:00,116.85000500000001
2015-10-28 11:00:00,316.3750025
2015-10-28 12:00:00,514.825
2015-10-28 13:00:00,719.45001
2015-10-28 14:00:00,919.65002
2015-10-28 15:00:00,1058.9750250000002
2015-10-28 16:00:00,1079.5
2015-10-28 17:00:00,1019.2750100000001
2015-10-28 18:00:00,890.175
2015-10-28 19:00:00,630.25
2015-10-28 20:00:00,298.4250075
2015-10-28 21:00:00,89.80000125
2015-10-28 22:00:00,10.075
2015-10-28 23:00:00,0.0
2015-10-29 00:00:00,0.0
2015-10-29 01:00:00,0.0
2015-10-29 02:00:00,0.0
2015-10-29 03:00:00,0.0
2015-10-29 04:00:00,0.0
2015-10-29 05:00:00,0.0
2015-10-29 06:00:00,0.0
2015-10-29 07:00:00,0.0
2015-10-29 08:00:00,0.0
2015-10-29 09:00:00,3.95
2015-10-29 10:00:00,150.00000175
2015-10-29 11:00:00,403.825005
2015-10-29 12:00:00,656.425
2015-10-29 13:00:00,866.0999999999999
2015-10-29 14:00:00,1018.47501
2015-10-29 15:00:00,1100.975
2015-10-29 16:00:00,1110.400025
2015-10-29 17:00:00,1046.975
2015-10-29 18:00:00,891.6500100000001
2015-10-29 19:00:00,663.82501
2015-10-29 20:00:00,392.27501
2015-10-29 21:00:00,182.4250075
2015-10-29 22:00:00,18.125
2015-10-29 23:00:00,0.0
2015-10-30 00:00:00,0.0
2015-10-30 01:00:00,0.0
2015-10-30 02:00:00,0.0
2015-10-30 03:00:00,0.0
2015-10-30 04:00:00,0.0
2015-10-30 05:00:00,0.0
2015-10-30 06:00:00,0.0
2015-10-30 07:00:00,0.0
2015-10-30 08:00:00,0.0
2015-10-30 09:00:00,4.65
2015-10-30 10:00:00,131.875
2015-10-30 11:00:00,365.95
2015-10-30 12:00:00,586.72501
2015-10-30 13:00:00,804.5250100000001
2015-10-30 14:00:00,973.22501
2015-10-30 15:00:00,1058.55005
2015-10-30 16:00:00,1070.875025
2015-10-30 17:00:00,980.8499999999999
2015-10-30 18:00:00,698.725
2015-10-30 19:00:00,418.10001
2015-10-30 20:00:00,197.175
2015-10-30 21:00:00,89.1250025
2015-10-30 22:00:00,10.675
2015-10-30 23:00:00,0.0
2015-10-31 00:00:00,0.0
2015-10-31 01:00:00,0.0
2015-10-31 02:00:00,0.0
2015-10-31 03:00:00,0.0
2015-10-31 04:00:00,0.0
2015-10-31 05:00:00,0.0
2015-10-31 06:00:00,0.0
2015-10-31 07:00:00,0.0
2015-10-31 08:00:00,0.0
2015-10-31 09:00:00,3.72500025
2015-10-31 10:00:00,116.90000125
2015-10-31 11:00:00,293.225
2015-10-31 12:00:00,427.175005
2015-10-31 13:00:00,567.0
2015-10-31 14:00:00,689.97501
2015-10-31 15:00:00,773.55002
2015-10-31 16:00:00,953.5250100000001
2015-10-31 17:00:00,790.575
2015-10-31 18:00:00,519.1500100000001
2015-10-31 19:00:00,242.125005
2015-10-31 20:00:00,67.075
2015-10-31 21:00:00,0.0
2015-10-31 22:00:00,0.0
2015-10-31 23:00:00,0.0
2015-11-01 00:00:00,0.0
2015-11-01 01:00:00,0.0
2015-11-01 02:00:00,0.0
2015-11-01 03:00:00,0.0
2015-11-01 04:00:00,0.0
2015-11-01 05:00:00,0.0
2015-11-01 06:00:00,0.0
2015-11-01 07:00:00,0.0
2015-11-01 08:00:00,0.0
2015-11-01 09:00:00,5.20000025
2015-11-01 10:00:00,118.22500425
2015-11-01 11:00:00,302.05
2015-11-01 12:00:00,521.4000149999999
2015-11-01 13:00:00,767.85001
2015-11-01 14:00:00,964.7750100000001
2015-11-01 15:00:00,925.92502
2015-11-01 16:00:00,1075.875025
2015-11-01 17:00:00,741.25
2015-11-01 18:00:00,477.75001000000003
2015-11-01 19:00:00,322.075
2015-11-01 20:00:00,146.15
2015-11-01 21:00:00,29.325000075
2015-11-01 22:00:00,0.7
2015-11-01 23:00:00,0.0
2015-11-02 00:00:00,0.0
2015-11-02 01:00:00,0.0
2015-11-02 02:00:00,0.0
2015-11-02 03:00:00,0.0
2015-11-02 04:00:00,0.0
2015-11-02 05:00:00,0.0
2015-11-02 06:00:00,0.0
2015-11-02 07:00:00,0.0
2015-11-02 08:00:00,0.0
2015-11-02 09:00:00,6.025
2015-11-02 10:00:00,154.3000025
2015-11-02 11:00:00,393.975005
2015-11-02 12:00:00,644.55001
2015-11-02 13:00:00,852.65
2015-11-02 14:00:00,1007.2750249999999
2015-11-02 15:00:00,1087.375025
2015-11-02 16:00:00,1098.65
2015-11-02 17:00:00,981.250035
2015-11-02 18:00:00,754.37501
2015-11-02 19:00:00,414.82501
2015-11-02 20:00:00,202.425005
2015-11-02 21:00:00,48.92500125
2015-11-02 22:00:00,1.0
2015-11-02 23:00:00,0.0
2015-11-03 00:00:00,0.0
2015-11-03 01:00:00,0.0
2015-11-03 02:00:00,0.0
2015-11-03 03:00:00,0.0
2015-11-03 04:00:00,0.0
2015-11-03 05:00:00,0.0
2015-11-03 06:00:00,0.0
2015-11-03 07:00:00,0.0
2015-11-03 08:00:00,0.0
2015-11-03 09:00:00,5.75
2015-11-03 10:00:00,155.75
2015-11-03 11:00:00,406.775
2015-11-03 12:00:00,642.875
2015-11-03 13:00:00,853.575
2015-11-03 14:00:00,1006.875
2015-11-03 15:00:00,1093.32505
2015-11-03 16:00:00,1103.85005
2015-11-03 17:00:00,1039.65
2015-11-03 18:00:00,724.57502
2015-11-03 19:00:00,489.925005
2015-11-03 20:00:00,282.15001
2015-11-03 21:00:00,97.50000125
2015-11-03 22:00:00,14.075000075
2015-11-03 23:00:00,0.0
2015-11-04 00:00:00,0.0
2015-11-04 01:00:00,0.0
2015-11-04 02:00:00,0.0
2015-11-04 03:00:00,0.0
2015-11-04 04:00:00,0.0
2015-11-04 05:00:00,0.0
2015-11-04 06:00:00,0.0
2015-11-04 07:00:00,0.0
2015-11-04 08:00:00,0.0
2015-11-04 09:00:00,6.75
2015-11-04 10:00:00,164.0750025
2015-11-04 11:00:00,382.6
2015-11-04 12:00:00,649.65001
2015-11-04 13:00:00,861.5250100000001
2015-11-04 14:00:00,1014.325045
2015-11-04 15:00:00,1098.825025
2015-11-04 16:00:00,1112.05
2015-11-04 17:00:00,1006.975025
2015-11-04 18:00:00,554.62501
2015-11-04 19:00:00,385.72501
2015-11-04 20:00:00,166.70000125
2015-11-04 21:00:00,10.6500005
2015-11-04 22:00:00,1.675000075
2015-11-04 23:00:00,0.0
2015-11-05 00:00:00,0.0
2015-11-05 01:00:00,0.0
2015-11-05 02:00:00,0.0
2015-11-05 03:00:00,0.0
2015-11-05 04:00:00,0.0
2015-11-05 05:00:00,0.0
2015-11-05 06:00:00,0.0
2015-11-05 07:00:00,0.0
2015-11-05 08:00:00,0.0
2015-11-05 09:00:00,7.625
2015-11-05 10:00:00,159.85000375
2015-11-05 11:00:00,359.55
2015-11-05 12:00:00,551.200005
2015-11-05 13:00:00,774.2250200000001
2015-11-05 14:00:00,979.575
2015-11-05 15:00:00,1072.225
2015-11-05 16:00:00,1083.07505
2015-11-05 17:00:00,727.4
2015-11-05 18:00:00,512.050015
2015-11-05 19:00:00,338.17502
2015-11-05 20:00:00,139.8250025
2015-11-05 21:00:00,4.0
2015-11-05 22:00:00,1.6
2015-11-05 23:00:00,0.0
2015-11-06 00:00:00,0.0
2015-11-06 01:00:00,0.0
2015-11-06 02:00:00,0.0
2015-11-06 03:00:00,0.0
2015-11-06 04:00:00,0.0
2015-11-06 05:00:00,0.0
2015-11-06 06:00:00,0.0
2015-11-06 07:00:00,0.0
2015-11-06 08:00:00,0.0
2015-11-06 09:00:00,6.675
2015-11-06 10:00:00,122.025
2015-11-06 11:00:00,318.900005
2015-11-06 12:00:00,520.85
2015-11-06 13:00:00,646.3000099999999
2015-11-06 14:00:00,832.32501
2015-11-06 15:00:00,918.85
2015-11-06 16:00:00,855.075
2015-11-06 17:00:00,656.70002
2015-11-06 18:00:00,518.95001
2015-11-06 19:00:00,323.500005
2015-11-06 20:00:00,158.375
2015-11-06 21:00:00,15.875
2015-11-06 22:00:00,1.875
2015-11-06 23:00:00,0.0
2015-11-07 00:00:00,0.0
2015-11-07 01:00:00,0.0
2015-11-07 02:00:00,0.0
2015-11-07 03:00:00,0.0
2015-11-07 04:00:00,0.0
2015-11-07 05:00:00,0.0
2015-11-07 06:00:00,0.0
2015-11-07 07:00:00,0.0
2015-11-07 08:00:00,0.0
2015-11-07 09:00:00,8.0250005
2015-11-07 10:00:00,172.20000375
2015-11-07 11:00:00,424.80002
2015-11-07 12:00:00,636.62501
2015-11-07 13:00:00,851.75002
2015-11-07 14:00:00,1012.8
2015-11-07 15:00:00,1078.275025
2015-11-07 16:00:00,1087.70005
2015-11-07 17:00:00,1021.3
2015-11-07 18:00:00,735.20001
2015-11-07 19:00:00,544.85
2015-11-07 20:00:00,387.05001000000004
2015-11-07 21:00:00,108.5000005
2015-11-07 22:00:00,5.15
2015-11-07 23:00:00,0.0
2015-11-08 00:00:00,0.0
2015-11-08 01:00:00,0.0
2015-11-08 02:00:00,0.0
2015-11-08 03:00:00,0.0
2015-11-08 04:00:00,0.0
2015-11-08 05:00:00,0.0
2015-11-08 06:00:00,0.0
2015-11-08 07:00:00,0.0
2015-11-08 08:00:00,0.0
2015-11-08 09:00:00,8.2750005
2015-11-08 10:00:00,171.85
2015-11-08 11:00:00,421.95
2015-11-08 12:00:00,671.775
2015-11-08 13:00:00,878.1
2015-11-08 14:00:00,1031.15002
2015-11-08 15:00:00,1114.125
2015-11-08 16:00:00,1124.700025
2015-11-08 17:00:00,1061.225025
2015-11-08 18:00:00,923.02502
2015-11-08 19:00:00,734.70002
2015-11-08 20:00:00,492.57500000000005
2015-11-08 21:00:00,201.2000075
2015-11-08 22:00:00,31.299999999999997
2015-11-08 23:00:00,0.0
2015-11-09 00:00:00,0.0
2015-11-09 01:00:00,0.0
2015-11-09 02:00:00,0.0
2015-11-09 03:00:00,0.0
2015-11-09 04:00:00,0.0
2015-11-09 05:00:00,0.0
2015-11-09 06:00:00,0.0
2015-11-09 07:00:00,0.0
2015-11-09 08:00:00,0.0
2015-11-09 09:00:00,8.85
2015-11-09 10:00:00,176.2
2015-11-09 11:00:00,428.675
2015-11-09 12:00:00,680.50003
2015-11-09 13:00:00,890.9750200000001
2015-11-09 14:00:00,1048.425
2015-11-09 15:00:00,1134.900075
2015-11-09 16:00:00,1143.625
2015-11-09 17:00:00,1075.925
2015-11-09 18:00:00,938.9250099999999
2015-11-09 19:00:00,748.92501
2015-11-09 20:00:00,484.77501
2015-11-09 21:00:00,187.300005
2015-11-09 22:00:00,10.675
2015-11-09 23:00:00,0.0
2015-11-10 00:00:00,0.0
2015-11-10 01:00:00,0.0
2015-11-10 02:00:00,0.0
2015-11-10 03:00:00,0.0
2015-11-10 04:00:00,0.0
2015-11-10 05:00:00,0.0
2015-11-10 06:00:00,0.0
2015-11-10 07:00:00,0.0
2015-11-10 08:00:00,0.0
2015-11-10 09:00:00,9.525
2015-11-10 10:00:00,179.0000025
2015-11-10 11:00:00,429.1
2015-11-10 12:00:00,643.7250200000001
2015-11-10 13:00:00,802.85001
2015-11-10 14:00:00,1000.525
2015-11-10 15:00:00,1074.275025
2015-11-10 16:00:00,1085.125
2015-11-10 17:00:00,1023.425025
2015-11-10 18:00:00,730.72501
2015-11-10 19:00:00,410.075005
2015-11-10 20:00:00,260.900005
2015-11-10 21:00:00,160.75
2015-11-10 22:00:00,9.95
2015-11-10 23:00:00,0.0
2015-11-11 00:00:00,0.0
2015-11-11 01:00:00,0.0
2015-11-11 02:00:00,0.0
2015-11-11 03:00:00,0.0
2015-11-11 04:00:00,0.0
2015-11-11 05:00:00,0.0
2015-11-11 06:00:00,0.0
2015-11-11 07:00:00,0.0
2015-11-11 08:00:00,0.0
2015-11-11 09:00:00,9.825
2015-11-11 10:00:00,116.55
2015-11-11 11:00:00,235.125
2015-11-11 12:00:00,415.225005
2015-11-11 13:00:00,683.75001
2015-11-11 14:00:00,1012.450025
2015-11-11 15:00:00,1098.75
2015-11-11 16:00:00,1000.625025
2015-11-11 17:00:00,1053.250025
2015-11-11 18:00:00,760.57501
2015-11-11 19:00:00,415.825
2015-11-11 20:00:00,173.75000625
2015-11-11 21:00:00,26.775
2015-11-11 22:00:00,0.0
2015-11-11 23:00:00,0.0
2015-11-12 00:00:00,0.0
2015-11-12 01:00:00,0.0
2015-11-12 02:00:00,0.0
2015-11-12 03:00:00,0.0
2015-11-12 04:00:00,0.0
2015-11-12 05:00:00,0.0
2015-11-12 06:00:00,0.0
2015-11-12 07:00:00,0.0
2015-11-12 08:00:00,0.0
2015-11-12 09:00:00,10.4000005
2015-11-12 10:00:00,167.9250025
2015-11-12 11:00:00,424.500015
2015-11-12 12:00:00,641.95
2015-11-12 13:00:00,838.35
2015-11-12 14:00:00,965.55002
2015-11-12 15:00:00,919.475
2015-11-12 16:00:00,853.4
2015-11-12 17:00:00,958.025
2015-11-12 18:00:00,951.20001
2015-11-12 19:00:00,754.875
2015-11-12 20:00:00,517.475
2015-11-12 21:00:00,263.65
2015-11-12 22:00:00,48.42500075
2015-11-12 23:00:00,0.0
2015-11-13 00:00:00,0.0
2015-11-13 01:00:00,0.0
2015-11-13 02:00:00,0.0
2015-11-13 03:00:00,0.0
2015-11-13 04:00:00,0.0
2015-11-13 05:00:00,0.0
2015-11-13 06:00:00,0.0
2015-11-13 07:00:00,0.0
2015-11-13 08:00:00,0.0
2015-11-13 09:00:00,11.0250005
2015-11-13 10:00:00,144.10000125
2015-11-13 11:00:00,353.825
2015-11-13 12:00:00,478.875
2015-11-13 13:00:00,697.77502
2015-11-13 14:00:00,878.52501
2015-11-13 15:00:00,886.325
2015-11-13 16:00:00,814.45
2015-11-13 17:00:00,748.1999999999999
2015-11-13 18:00:00,596.22501
2015-11-13 19:00:00,442.525015
2015-11-13 20:00:00,178.05
2015-11-13 21:00:00,13.45
2015-11-13 22:00:00,0.0
2015-11-13 23:00:00,0.0
2015-11-14 00:00:00,0.0
2015-11-14 01:00:00,0.0
2015-11-14 02:00:00,0.0
2015-11-14 03:00:00,0.0
2015-11-14 04:00:00,0.0
2015-11-14 05:00:00,0.0
2015-11-14 06:00:00,0.0
2015-11-14 07:00:00,0.0
2015-11-14 08:00:00,0.0
2015-11-14 09:00:00,6.57500025
2015-11-14 10:00:00,142.32500125
2015-11-14 11:00:00,314.25
2015-11-14 12:00:00,569.95
2015-11-14 13:00:00,653.82501
2015-11-14 14:00:00,698.70001
2015-11-14 15:00:00,740.60001
2015-11-14 16:00:00,662.3499999999999
2015-11-14 17:00:00,553.8000099999999
2015-11-14 18:00:00,455.450005
2015-11-14 19:00:00,369.275
2015-11-14 20:00:00,186.125
2015-11-14 21:00:00,18.92500125
2015-11-14 22:00:00,0.0
2015-11-14 23:00:00,0.0
2015-11-15 00:00:00,0.0
2015-11-15 01:00:00,0.0
2015-11-15 02:00:00,0.0
2015-11-15 03:00:00,0.0
2015-11-15 04:00:00,
2015-11-15 05:00:00,
2015-11-15 06:00:00,
2015-11-15 07:00:00,
2015-11-15 08:00:00,
2015-11-15 09:00:00,
2015-11-15 10:00:00,
2015-11-15 11:00:00,
2015-11-15 12:00:00,
2015-11-15 13:00:00,
2015-11-15 14:00:00,
2015-11-15 15:00:00,1135.55
2015-11-15 16:00:00,1134.0
2015-11-15 17:00:00,1070.925025
2015-11-15 18:00:00,933.07502
2015-11-15 19:00:00,684.85001
2015-11-15 20:00:00,364.750005
2015-11-15 21:00:00,204.6250025
2015-11-15 22:00:00,48.80000125
2015-11-15 23:00:00,0.0
2015-11-16 00:00:00,0.0
2015-11-16 01:00:00,0.0
2015-11-16 02:00:00,0.0
2015-11-16 03:00:00,0.0
2015-11-16 04:00:00,0.0
2015-11-16 05:00:00,0.0
2015-11-16 06:00:00,0.0
2015-11-16 07:00:00,0.0
2015-11-16 08:00:00,0.0
2015-11-16 09:00:00,12.325
2015-11-16 10:00:00,186.0
2015-11-16 11:00:00,437.42501000000004
2015-11-16 12:00:00,681.925
2015-11-16 13:00:00,888.4
2015-11-16 14:00:00,1039.05
2015-11-16 15:00:00,1122.350025
2015-11-16 16:00:00,1134.575025
2015-11-16 17:00:00,1065.700025
2015-11-16 18:00:00,735.25
2015-11-16 19:00:00,497.30001500000003
2015-11-16 20:00:00,431.35
2015-11-16 21:00:00,167.525
2015-11-16 22:00:00,8.725
2015-11-16 23:00:00,0.0
2015-11-17 00:00:00,0.0
2015-11-17 01:00:00,0.0
2015-11-17 02:00:00,0.0
2015-11-17 03:00:00,0.0
2015-11-17 04:00:00,0.0
2015-11-17 05:00:00,0.0
2015-11-17 06:00:00,0.0
2015-11-17 07:00:00,0.0
2015-11-17 08:00:00,0.0
2015-11-17 09:00:00,13.1000005
2015-11-17 10:00:00,190.00000125
2015-11-17 11:00:00,442.000005
2015-11-17 12:00:00,675.97502
2015-11-17 13:00:00,884.55001
2015-11-17 14:00:00,1038.275
2015-11-17 15:00:00,1116.20005
2015-11-17 16:00:00,1128.475
2015-11-17 17:00:00,991.73338
2015-11-17 18:00:00,739.42502
2015-11-17 19:00:00,477.65
2015-11-17 20:00:00,350.2250025
2015-11-17 21:00:00,122.85000125
2015-11-17 22:00:00,40.5
2015-11-17 23:00:00,0.0
2015-11-18 00:00:00,0.0
2015-11-18 01:00:00,0.0
2015-11-18 02:00:00,0.0
2015-11-18 03:00:00,0.0
2015-11-18 04:00:00,0.0
2015-11-18 05:00:00,0.0
2015-11-18 06:00:00,0.0
2015-11-18 07:00:00,0.0
2015-11-18 08:00:00,0.0
2015-11-18 09:00:00,12.950000000000001
2015-11-18 10:00:00,187.2000025
2015-11-18 11:00:00,438.55001500000003
2015-11-18 12:00:00,664.075
2015-11-18 13:00:00,871.70001
2015-11-18 14:00:00,1024.625
2015-11-18 15:00:00,1103.6750000000002
2015-11-18 16:00:00,1117.650025
2015-11-18 17:00:00,1051.4000350000001
2015-11-18 18:00:00,905.1750099999999
2015-11-18 19:00:00,674.82501
2015-11-18 20:00:00,453.79999999999995
2015-11-18 21:00:00,222.300005
2015-11-18 22:00:00,43.05000125
2015-11-18 23:00:00,0.0
2015-11-19 00:00:00,0.0
2015-11-19 01:00:00,0.0
2015-11-19 02:00:00,0.0
2015-11-19 03:00:00,0.0
2015-11-19 04:00:00,0.0
2015-11-19 05:00:00,0.0
2015-11-19 06:00:00,0.0
2015-11-19 07:00:00,0.0
2015-11-19 08:00:00,0.0
2015-11-19 09:00:00,14.225
2015-11-19 10:00:00,197.15
2015-11-19 11:00:00,456.225
2015-11-19 12:00:00,708.625
2015-11-19 13:00:00,916.97501
2015-11-19 14:00:00,1071.12506
2015-11-19 15:00:00,1156.525
2015-11-19 16:00:00,1170.725
2015-11-19 17:00:00,1108.8
2015-11-19 18:00:00,967.925
2015-11-19 19:00:00,729.125
2015-11-19 20:00:00,380.125
2015-11-19 21:00:00,91.375
2015-11-19 22:00:00,0.025
2015-11-19 23:00:00,0.0
2015-11-20 00:00:00,0.0
2015-11-20 01:00:00,0.0
2015-11-20 02:00:00,0.0
2015-11-20 03:00:00,0.0
2015-11-20 04:00:00,0.0
2015-11-20 05:00:00,0.0
2015-11-20 06:00:00,0.0
2015-11-20 07:00:00,0.0
2015-11-20 08:00:00,0.0
2015-11-20 09:00:00,13.85
2015-11-20 10:00:00,153.27500125
2015-11-20 11:00:00,364.75
2015-11-20 12:00:00,543.775
2015-11-20 13:00:00,624.87501
2015-11-20 14:00:00,902.650025
2015-11-20 15:00:00,977.0999999999999
2015-11-20 16:00:00,893.90001
2015-11-20 17:00:00,731.9
2015-11-20 18:00:00,705.025
2015-11-20 19:00:00,575.425
2015-11-20 20:00:00,480.62501
2015-11-20 21:00:00,132.85000025000002
2015-11-20 22:00:00,9.100000000000001
2015-11-20 23:00:00,0.0
2015-11-21 00:00:00,0.0
2015-11-21 01:00:00,0.0
2015-11-21 02:00:00,0.0
2015-11-21 03:00:00,0.0
2015-11-21 04:00:00,0.0
2015-11-21 05:00:00,0.0
2015-11-21 06:00:00,0.0
2015-11-21 07:00:00,0.0
2015-11-21 08:00:00,0.0
2015-11-21 09:00:00,13.45
2015-11-21 10:00:00,186.52499999999998
2015-11-21 11:00:00,438.15001500000005
2015-11-21 12:00:00,678.95003
2015-11-21 13:00:00,901.72502
2015-11-21 14:00:00,1054.925025
2015-11-21 15:00:00,1135.025025
2015-11-21 16:00:00,1122.22505
2015-11-21 17:00:00,1083.675025
2015-11-21 18:00:00,919.72501
2015-11-21 19:00:00,771.525
2015-11-21 20:00:00,526.6667000000001
2015-11-21 21:00:00,152.800001
2015-11-21 22:00:00,0.55
2015-11-21 23:00:00,0.0
2015-11-22 00:00:00,0.0
2015-11-22 01:00:00,0.0
2015-11-22 02:00:00,0.0
2015-11-22 03:00:00,0.0
2015-11-22 04:00:00,0.0
2015-11-22 05:00:00,0.0
2015-11-22 06:00:00,0.0
2015-11-22 07:00:00,0.0
2015-11-22 08:00:00,0.0
2015-11-22 09:00:00,14.4000005
2015-11-22 10:00:00,190.72500374999998
2015-11-22 11:00:00,440.625
2015-11-22 12:00:00,679.50002
2015-11-22 13:00:00,885.70002
2015-11-22 14:00:00,1037.375
2015-11-22 15:00:00,1119.15005
2015-11-22 16:00:00,1132.225
2015-11-22 17:00:00,1072.450025
2015-11-22 18:00:00,898.4499999999999
2015-11-22 19:00:00,663.10002
2015-11-22 20:00:00,388.125005
2015-11-22 21:00:00,148.22500125
2015-11-22 22:00:00,30.125
2015-11-22 23:00:00,0.0
2015-11-23 00:00:00,0.0
2015-11-23 01:00:00,0.0
2015-11-23 02:00:00,0.0
2015-11-23 03:00:00,0.0
2015-11-23 04:00:00,0.0
2015-11-23 05:00:00,0.0
2015-11-23 06:00:00,0.0
2015-11-23 07:00:00,0.0
2015-11-23 08:00:00,0.0
2015-11-23 09:00:00,14.60000025
2015-11-23 10:00:00,154.70000333333334
2015-11-23 11:00:00,374.275
2015-11-23 12:00:00,606.375015
2015-11-23 13:00:00,827.2750100000001
2015-11-23 14:00:00,897.95001
2015-11-23 15:00:00,927.25
2015-11-23 16:00:00,846.57501
2015-11-23 17:00:00,716.55001
2015-11-23 18:00:00,485.7
2015-11-23 19:00:00,424.15
2015-11-23 20:00:00,263.675005
2015-11-23 21:00:00,32.074999999999996
2015-11-23 22:00:00,2.825
2015-11-23 23:00:00,0.0
2015-11-24 00:00:00,0.0
2015-11-24 01:00:00,0.0
2015-11-24 02:00:00,0.0
2015-11-24 03:00:00,0.0
2015-11-24 04:00:00,0.0
2015-11-24 05:00:00,0.0
2015-11-24 06:00:00,0.0
2015-11-24 07:00:00,0.0
2015-11-24 08:00:00,0.0
2015-11-24 09:00:00,13.8
2015-11-24 10:00:00,141.40000125
2015-11-24 11:00:00,322.35
2015-11-24 12:00:00,621.10001
2015-11-24 13:00:00,856.55
2015-11-24 14:00:00,1004.725025
2015-11-24 15:00:00,1077.1
2015-11-24 16:00:00,1095.475
2015-11-24 17:00:00,1022.925
2015-11-24 18:00:00,914.4
2015-11-24 19:00:00,687.4000100000001
2015-11-24 20:00:00,298.175
2015-11-24 21:00:00,35.95
2015-11-24 22:00:00,0.0
2015-11-24 23:00:00,0.0
2015-11-25 00:00:00,0.0
2015-11-25 01:00:00,0.0
2015-11-25 02:00:00,0.0
2015-11-25 03:00:00,0.0
2015-11-25 04:00:00,0.0
2015-11-25 05:00:00,0.0
2015-11-25 06:00:00,0.0
2015-11-25 07:00:00,0.0
2015-11-25 08:00:00,0.0
2015-11-25 09:00:00,11.200000500000002
2015-11-25 10:00:00,133.1
2015-11-25 11:00:00,302.97501
2015-11-25 12:00:00,566.00003
2015-11-25 13:00:00,824.47501
2015-11-25 14:00:00,998.725
2015-11-25 15:00:00,1096.97505
2015-11-25 16:00:00,1106.400025
2015-11-25 17:00:00,944.00001
2015-11-25 18:00:00,755.35001
2015-11-25 19:00:00,556.57501
2015-11-25 20:00:00,241.17499999999998
2015-11-25 21:00:00,96.85
2015-11-25 22:00:00,13.825
2015-11-25 23:00:00,0.0
2015-11-26 00:00:00,0.0
2015-11-26 01:00:00,0.0
2015-11-26 02:00:00,0.0
2015-11-26 03:00:00,0.0
2015-11-26 04:00:00,0.0
2015-11-26 05:00:00,0.0
2015-11-26 06:00:00,0.0
2015-11-26 07:00:00,0.0
2015-11-26 08:00:00,0.0
2015-11-26 09:00:00,14.700000000000001
2015-11-26 10:00:00,182.22500250000002
2015-11-26 11:00:00,425.725
2015-11-26 12:00:00,662.05002
2015-11-26 13:00:00,868.5
2015-11-26 14:00:00,1019.875025
2015-11-26 15:00:00,1094.675025
2015-11-26 16:00:00,1108.55
2015-11-26 17:00:00,1051.45
2015-11-26 18:00:00,918.37501
2015-11-26 19:00:00,738.50001
2015-11-26 20:00:00,510.375
2015-11-26 21:00:00,243.175
2015-11-26 22:00:00,55.7250005
2015-11-26 23:00:00,0.0
2015-11-27 00:00:00,0.0
2015-11-27 01:00:00,0.0
2015-11-27 02:00:00,0.0
2015-11-27 03:00:00,0.0
2015-11-27 04:00:00,0.0
2015-11-27 05:00:00,0.0
2015-11-27 06:00:00,0.0
2015-11-27 07:00:00,0.0
2015-11-27 08:00:00,0.0
2015-11-27 09:00:00,11.0250005
2015-11-27 10:00:00,176.25
2015-11-27 11:00:00,366.55001000000004
2015-11-27 12:00:00,648.85002
2015-11-27 13:00:00,856.775
2015-11-27 14:00:00,1009.0250000000001
2015-11-27 15:00:00,1086.525025
2015-11-27 16:00:00,1100.525
2015-11-27 17:00:00,951.525035
2015-11-27 18:00:00,722.12501
2015-11-27 19:00:00,563.250005
2015-11-27 20:00:00,267.500005
2015-11-27 21:00:00,74.65
2015-11-27 22:00:00,28.975000075
2015-11-27 23:00:00,0.0
2015-11-28 00:00:00,0.0
2015-11-28 01:00:00,0.0
2015-11-28 02:00:00,0.0
2015-11-28 03:00:00,0.0
2015-11-28 04:00:00,0.0
2015-11-28 05:00:00,0.0
2015-11-28 06:00:00,0.0
2015-11-28 07:00:00,0.0
2015-11-28 08:00:00,0.0
2015-11-28 09:00:00,15.45
2015-11-28 10:00:00,125.6750025
2015-11-28 11:00:00,264.925
2015-11-28 12:00:00,383.35
2015-11-28 13:00:00,515.775
2015-11-28 14:00:00,628.95
2015-11-28 15:00:00,672.72501
2015-11-28 16:00:00,622.35002
2015-11-28 17:00:00,606.40002
2015-11-28 18:00:00,487.45
2015-11-28 19:00:00,328.600005
2015-11-28 20:00:00,272.32501
2015-11-28 21:00:00,111.7
2015-11-28 22:00:00,24.00000025
2015-11-28 23:00:00,0.0
2015-11-29 00:00:00,0.0
2015-11-29 01:00:00,0.0
2015-11-29 02:00:00,0.0
2015-11-29 03:00:00,0.0
2015-11-29 04:00:00,0.0
2015-11-29 05:00:00,0.0
2015-11-29 06:00:00,0.0
2015-11-29 07:00:00,0.0
2015-11-29 08:00:00,0.0
2015-11-29 09:00:00,16.17500025
2015-11-29 10:00:00,140.225
2015-11-29 11:00:00,333.375005
2015-11-29 12:00:00,464.15
2015-11-29 13:00:00,545.300015
2015-11-29 14:00:00,688.62501
2015-11-29 15:00:00,761.60002
2015-11-29 16:00:00,656.57501
2015-11-29 17:00:00,535.475015
2015-11-29 18:00:00,369.225005
2015-11-29 19:00:00,246.0
2015-11-29 20:00:00,64.4
2015-11-29 21:00:00,0.0
2015-11-29 22:00:00,0.0
2015-11-29 23:00:00,0.0
2015-11-30 00:00:00,0.0
2015-11-30 01:00:00,0.0
2015-11-30 02:00:00,0.0
2015-11-30 03:00:00,0.0
2015-11-30 04:00:00,0.0
2015-11-30 05:00:00,0.0
2015-11-30 06:00:00,0.0
2015-11-30 07:00:00,0.0
2015-11-30 08:00:00,0.0
2015-11-30 09:00:00,14.150000250000002
2015-11-30 10:00:00,171.35000375
2015-11-30 11:00:00,334.67501000000004
2015-11-30 12:00:00,487.02500499999996
2015-11-30 13:00:00,635.20001
2015-11-30 14:00:00,795.65002
2015-11-30 15:00:00,860.47502
2015-11-30 16:00:00,867.25001
2015-11-30 17:00:00,644.65
2015-11-30 18:00:00,436.07501
2015-11-30 19:00:00,311.85
2015-11-30 20:00:00,117.75000250000001
2015-11-30 21:00:00,5.1
2015-11-30 22:00:00,0.0
2015-11-30 23:00:00,0.0
2015-12-01 00:00:00,0.0
2015-12-01 01:00:00,0.0
2015-12-01 02:00:00,0.0
2015-12-01 03:00:00,0.0
2015-12-01 04:00:00,0.0
2015-12-01 05:00:00,0.0
2015-12-01 06:00:00,0.0
2015-12-01 07:00:00,0.0
2015-12-01 08:00:00,0.0
2015-12-01 09:00:00,10.55
2015-12-01 10:00:00,190.875
2015-12-01 11:00:00,438.15
2015-12-01 12:00:00,629.775
2015-12-01 13:00:00,838.5
2015-12-01 14:00:00,994.10001
2015-12-01 15:00:00,1069.40005
2015-12-01 16:00:00,1079.525
2015-12-01 17:00:00,961.1000100000001
2015-12-01 18:00:00,832.97501
2015-12-01 19:00:00,692.97501
2015-12-01 20:00:00,305.825005
2015-12-01 21:00:00,115.95
2015-12-01 22:00:00,7.800000025
2015-12-01 23:00:00,0.0
2015-12-02 00:00:00,0.0
2015-12-02 01:00:00,0.0
2015-12-02 02:00:00,0.0
2015-12-02 03:00:00,0.0
2015-12-02 04:00:00,0.0
2015-12-02 05:00:00,0.0
2015-12-02 06:00:00,0.0
2015-12-02 07:00:00,0.0
2015-12-02 08:00:00,0.0
2015-12-02 09:00:00,10.975
2015-12-02 10:00:00,159.1250025
2015-12-02 11:00:00,378.875
2015-12-02 12:00:00,572.625
2015-12-02 13:00:00,747.925
2015-12-02 14:00:00,928.4499999999999
2015-12-02 15:00:00,915.72501
2015-12-02 16:00:00,827.25001
2015-12-02 17:00:00,693.95001
2015-12-02 18:00:00,559.05
2015-12-02 19:00:00,440.30001
2015-12-02 20:00:00,260.800005
2015-12-02 21:00:00,169.0750025
2015-12-02 22:00:00,14.425
2015-12-02 23:00:00,0.0
2015-12-03 00:00:00,0.0
2015-12-03 01:00:00,0.0
2015-12-03 02:00:00,0.0
2015-12-03 03:00:00,0.0
2015-12-03 04:00:00,0.0
2015-12-03 05:00:00,0.0
2015-12-03 06:00:00,0.0
2015-12-03 07:00:00,0.0
2015-12-03 08:00:00,0.0
2015-12-03 09:00:00,10.325000000000001
2015-12-03 10:00:00,153.40000125
2015-12-03 11:00:00,388.90000499999996
2015-12-03 12:00:00,645.1500100000001
2015-12-03 13:00:00,853.17502
2015-12-03 14:00:00,1009.425
2015-12-03 15:00:00,801.4000100000001
2015-12-03 16:00:00,1084.000025
2015-12-03 17:00:00,934.075
2015-12-03 18:00:00,829.82501
2015-12-03 19:00:00,544.125
2015-12-03 20:00:00,355.400005
2015-12-03 21:00:00,146.975
2015-12-03 22:00:00,22.425000750000002
2015-12-03 23:00:00,0.0
2015-12-04 00:00:00,0.0
2015-12-04 01:00:00,0.0
2015-12-04 02:00:00,0.0
2015-12-04 03:00:00,0.0
2015-12-04 04:00:00,0.0
2015-12-04 05:00:00,0.0
2015-12-04 06:00:00,0.0
2015-12-04 07:00:00,0.0
2015-12-04 08:00:00,0.0
2015-12-04 09:00:00,15.075
2015-12-04 10:00:00,156.85
2015-12-04 11:00:00,354.95001
2015-12-04 12:00:00,600.20001
2015-12-04 13:00:00,850.9000100000001
2015-12-04 14:00:00,1005.075
2015-12-04 15:00:00,1088.0
2015-12-04 16:00:00,1109.300025
2015-12-04 17:00:00,1057.80005
2015-12-04 18:00:00,927.85002
2015-12-04 19:00:00,750.45
2015-12-04 20:00:00,409.175005
2015-12-04 21:00:00,215.2500025
2015-12-04 22:00:00,21.050000825
2015-12-04 23:00:00,0.0
2015-12-05 00:00:00,0.0
2015-12-05 01:00:00,0.0
2015-12-05 02:00:00,0.0
2015-12-05 03:00:00,0.0
2015-12-05 04:00:00,0.0
2015-12-05 05:00:00,0.0
2015-12-05 06:00:00,0.0
2015-12-05 07:00:00,0.0
2015-12-05 08:00:00,0.0
2015-12-05 09:00:00,12.1500005
2015-12-05 10:00:00,181.5750075
2015-12-05 11:00:00,337.850005
2015-12-05 12:00:00,361.65
2015-12-05 13:00:00,731.65
2015-12-05 14:00:00,934.25001
2015-12-05 15:00:00,1021.9
2015-12-05 16:00:00,1033.10001
2015-12-05 17:00:00,712.55
2015-12-05 18:00:00,575.275
2015-12-05 19:00:00,335.77500499999996
2015-12-05 20:00:00,183.52499999999998
2015-12-05 21:00:00,87.0
2015-12-05 22:00:00,2.3
2015-12-05 23:00:00,0.0
2015-12-06 00:00:00,0.0
2015-12-06 01:00:00,0.0
2015-12-06 02:00:00,0.0
2015-12-06 03:00:00,0.0
2015-12-06 04:00:00,0.0
2015-12-06 05:00:00,0.0
2015-12-06 06:00:00,0.0
2015-12-06 07:00:00,0.0
2015-12-06 08:00:00,0.0
2015-12-06 09:00:00,13.2750005
2015-12-06 10:00:00,178.67500125
2015-12-06 11:00:00,422.500005
2015-12-06 12:00:00,674.07501
2015-12-06 13:00:00,879.50002
2015-12-06 14:00:00,1034.75001
2015-12-06 15:00:00,1126.10005
2015-12-06 16:00:00,1147.3750249999998
2015-12-06 17:00:00,1095.075025
2015-12-06 18:00:00,975.05
2015-12-06 19:00:00,795.2750000000001
2015-12-06 20:00:00,572.57501
2015-12-06 21:00:00,319.45001
2015-12-06 22:00:00,49.075
2015-12-06 23:00:00,0.0
2015-12-07 00:00:00,0.0
2015-12-07 01:00:00,0.0
2015-12-07 02:00:00,0.0
2015-12-07 03:00:00,0.0
2015-12-07 04:00:00,0.0
2015-12-07 05:00:00,0.0
2015-12-07 06:00:00,0.0
2015-12-07 07:00:00,0.0
2015-12-07 08:00:00,0.0
2015-12-07 09:00:00,14.80000025
2015-12-07 10:00:00,167.575005
2015-12-07 11:00:00,363.025
2015-12-07 12:00:00,485.55001500000003
2015-12-07 13:00:00,607.42502
2015-12-07 14:00:00,719.3
2015-12-07 15:00:00,743.22501
2015-12-07 16:00:00,636.125
2015-12-07 17:00:00,631.07501
2015-12-07 18:00:00,567.9
2015-12-07 19:00:00,352.025015
2015-12-07 20:00:00,205.125005
2015-12-07 21:00:00,19.3
2015-12-07 22:00:00,53.325
2015-12-07 23:00:00,0.0
2015-12-08 00:00:00,0.0
2015-12-08 01:00:00,0.0
2015-12-08 02:00:00,0.0
2015-12-08 03:00:00,0.0
2015-12-08 04:00:00,0.0
2015-12-08 05:00:00,0.0
2015-12-08 06:00:00,0.0
2015-12-08 07:00:00,0.0
2015-12-08 08:00:00,0.0
2015-12-08 09:00:00,15.425000500000001
2015-12-08 10:00:00,193.77500125
2015-12-08 11:00:00,440.675005
2015-12-08 12:00:00,673.20001
2015-12-08 13:00:00,881.50001
2015-12-08 14:00:00,1039.325025
2015-12-08 15:00:00,1122.50005
2015-12-08 16:00:00,1141.750025
2015-12-08 17:00:00,1087.87505
2015-12-08 18:00:00,917.4000100000001
2015-12-08 19:00:00,697.325
2015-12-08 20:00:00,435.37501000000003
2015-12-08 21:00:00,229.65000750000002
2015-12-08 22:00:00,61.3
2015-12-08 23:00:00,0.0
2015-12-09 00:00:00,0.0
2015-12-09 01:00:00,0.0
2015-12-09 02:00:00,0.0
2015-12-09 03:00:00,0.0
2015-12-09 04:00:00,0.0
2015-12-09 05:00:00,0.0
2015-12-09 06:00:00,0.0
2015-12-09 07:00:00,0.0
2015-12-09 08:00:00,0.0
2015-12-09 09:00:00,12.200000000000001
2015-12-09 10:00:00,167.25
2015-12-09 11:00:00,329.95001
2015-12-09 12:00:00,469.57500500000003
2015-12-09 13:00:00,765.02501
2015-12-09 14:00:00,964.325
2015-12-09 15:00:00,1077.85
2015-12-09 16:00:00,1133.875
2015-12-09 17:00:00,1076.8
2015-12-09 18:00:00,780.1500000000001
2015-12-09 19:00:00,556.85
2015-12-09 20:00:00,206.05000125
2015-12-09 21:00:00,22.47500075
2015-12-09 22:00:00,8.2
2015-12-09 23:00:00,0.0
2015-12-10 00:00:00,0.0
2015-12-10 01:00:00,0.0
2015-12-10 02:00:00,0.0
2015-12-10 03:00:00,0.0
2015-12-10 04:00:00,0.0
2015-12-10 05:00:00,0.0
2015-12-10 06:00:00,0.0
2015-12-10 07:00:00,0.0
2015-12-10 08:00:00,0.0
2015-12-10 09:00:00,15.075
2015-12-10 10:00:00,192.525
2015-12-10 11:00:00,437.575
2015-12-10 12:00:00,587.05
2015-12-10 13:00:00,
2015-12-10 14:00:00,877.5
2015-12-10 15:00:00,988.0
2015-12-10 16:00:00,992.72501
2015-12-10 17:00:00,875.75001
2015-12-10 18:00:00,717.125
2015-12-10 19:00:00,600.77501
2015-12-10 20:00:00,331.075
2015-12-10 21:00:00,111.17500525
2015-12-10 22:00:00,0.0
2015-12-10 23:00:00,0.075
2015-12-11 00:00:00,0.0
2015-12-11 01:00:00,0.0
2015-12-11 02:00:00,0.0
2015-12-11 03:00:00,0.0
2015-12-11 04:00:00,0.0
2015-12-11 05:00:00,0.0
2015-12-11 06:00:00,0.0
2015-12-11 07:00:00,0.0
2015-12-11 08:00:00,0.0
2015-12-11 09:00:00,13.750000074999999
2015-12-11 10:00:00,185.55000125
2015-12-11 11:00:00,431.125
2015-12-11 12:00:00,682.3000099999999
2015-12-11 13:00:00,889.325
2015-12-11 14:00:00,1046.425025
2015-12-11 15:00:00,1140.65
2015-12-11 16:00:00,1161.4
2015-12-11 17:00:00,1085.9
2015-12-11 18:00:00,983.6000200000001
2015-12-11 19:00:00,651.35
2015-12-11 20:00:00,318.05
2015-12-11 21:00:00,185.9000055
2015-12-11 22:00:00,6.1
2015-12-11 23:00:00,0.0
2015-12-12 00:00:00,0.0
2015-12-12 01:00:00,0.0
2015-12-12 02:00:00,0.0
2015-12-12 03:00:00,0.0
2015-12-12 04:00:00,0.0
2015-12-12 05:00:00,0.0
2015-12-12 06:00:00,0.0
2015-12-12 07:00:00,0.0
2015-12-12 08:00:00,0.0
2015-12-12 09:00:00,14.950000000000001
2015-12-12 10:00:00,195.400005
2015-12-12 11:00:00,444.45
2015-12-12 12:00:00,684.20001
2015-12-12 13:00:00,896.075
2015-12-12 14:00:00,1055.925025
2015-12-12 15:00:00,1142.1250249999998
2015-12-12 16:00:00,1163.775025
2015-12-12 17:00:00,1112.975025
2015-12-12 18:00:00,987.75001
2015-12-12 19:00:00,813.35001
2015-12-12 20:00:00,563.575
2015-12-12 21:00:00,292.5500025
2015-12-12 22:00:00,74.2750005
2015-12-12 23:00:00,0.0
2015-12-13 00:00:00,0.0
2015-12-13 01:00:00,0.0
2015-12-13 02:00:00,0.0
2015-12-13 03:00:00,0.0
2015-12-13 04:00:00,0.0
2015-12-13 05:00:00,0.0
2015-12-13 06:00:00,0.0
2015-12-13 07:00:00,0.0
2015-12-13 08:00:00,0.0
2015-12-13 09:00:00,13.375
2015-12-13 10:00:00,187.000005
2015-12-13 11:00:00,436.750005
2015-12-13 12:00:00,669.1500000000001
2015-12-13 13:00:00,879.75
2015-12-13 14:00:00,1037.72501
2015-12-13 15:00:00,1129.000025
2015-12-13 16:00:00,1150.600025
2015-12-13 17:00:00,998.4000100000001
2015-12-13 18:00:00,855.025
2015-12-13 19:00:00,709.45
2015-12-13 20:00:00,504.77500499999996
2015-12-13 21:00:00,196.5500025
2015-12-13 22:00:00,45.025
2015-12-13 23:00:00,0.7
2015-12-14 00:00:00,0.0
2015-12-14 01:00:00,0.0
2015-12-14 02:00:00,0.0
2015-12-14 03:00:00,0.0
2015-12-14 04:00:00,0.0
2015-12-14 05:00:00,0.0
2015-12-14 06:00:00,0.0
2015-12-14 07:00:00,0.0
2015-12-14 08:00:00,0.0
2015-12-14 09:00:00,12.1
2015-12-14 10:00:00,178.9000025
2015-12-14 11:00:00,425.57501
2015-12-14 12:00:00,673.30002
2015-12-14 13:00:00,884.82501
2015-12-14 14:00:00,1044.475
2015-12-14 15:00:00,1131.50005
2015-12-14 16:00:00,1155.1
2015-12-14 17:00:00,1106.300075
2015-12-14 18:00:00,982.75
2015-12-14 19:00:00,744.52502
2015-12-14 20:00:00,414.5
2015-12-14 21:00:00,175.1666733333333
2015-12-14 22:00:00,24.37500025
2015-12-14 23:00:00,0.0
2015-12-15 00:00:00,0.0
2015-12-15 01:00:00,0.0
2015-12-15 02:00:00,0.0
2015-12-15 03:00:00,0.0
2015-12-15 04:00:00,0.0
2015-12-15 05:00:00,0.0
2015-12-15 06:00:00,0.0
2015-12-15 07:00:00,0.0
2015-12-15 08:00:00,0.0
2015-12-15 09:00:00,11.375
2015-12-15 10:00:00,121.7
2015-12-15 11:00:00,313.550005
2015-12-15 12:00:00,481.125005
2015-12-15 13:00:00,532.65
2015-12-15 14:00:00,689.875025
2015-12-15 15:00:00,844.3249999999999
2015-12-15 16:00:00,1004.45
2015-12-15 17:00:00,873.6999999999999
2015-12-15 18:00:00,671.2750100000001
2015-12-15 19:00:00,527.0250100000001
2015-12-15 20:00:00,365.025
2015-12-15 21:00:00,209.850005
2015-12-15 22:00:00,89.850003
2015-12-15 23:00:00,1.0
2015-12-16 00:00:00,0.0
2015-12-16 01:00:00,0.0
2015-12-16 02:00:00,0.0
2015-12-16 03:00:00,0.0
2015-12-16 04:00:00,0.0
2015-12-16 05:00:00,0.0
2015-12-16 06:00:00,0.0
2015-12-16 07:00:00,0.0
2015-12-16 08:00:00,0.0
2015-12-16 09:00:00,11.750000074999999
2015-12-16 10:00:00,177.72500125
2015-12-16 11:00:00,421.250005
2015-12-16 12:00:00,630.225
2015-12-16 13:00:00,840.22501
2015-12-16 14:00:00,999.7
2015-12-16 15:00:00,1096.27505
2015-12-16 16:00:00,1121.550025
2015-12-16 17:00:00,1074.075
2015-12-16 18:00:00,953.15
2015-12-16 19:00:00,779.6
2015-12-16 20:00:00,562.7750149999999
2015-12-16 21:00:00,323.825
2015-12-16 22:00:00,91.40000375
2015-12-16 23:00:00,1.2
2015-12-17 00:00:00,0.0
2015-12-17 01:00:00,0.0
2015-12-17 02:00:00,0.0
2015-12-17 03:00:00,0.0
2015-12-17 04:00:00,0.0
2015-12-17 05:00:00,0.0
2015-12-17 06:00:00,0.0
2015-12-17 07:00:00,0.0
2015-12-17 08:00:00,0.0
2015-12-17 09:00:00,11.899999999999999
2015-12-17 10:00:00,182.55
2015-12-17 11:00:00,430.525
2015-12-17 12:00:00,679.07501
2015-12-17 13:00:00,891.27502
2015-12-17 14:00:00,1052.3
2015-12-17 15:00:00,1143.425
2015-12-17 16:00:00,1165.275075
2015-12-17 17:00:00,1114.475
2015-12-17 18:00:00,991.95
2015-12-17 19:00:00,819.25001
2015-12-17 20:00:00,582.675005
2015-12-17 21:00:00,350.200005
2015-12-17 22:00:00,105.42500375
2015-12-17 23:00:00,1.9
2015-12-18 00:00:00,0.0
2015-12-18 01:00:00,0.0
2015-12-18 02:00:00,0.0
2015-12-18 03:00:00,0.0
2015-12-18 04:00:00,0.0
2015-12-18 05:00:00,0.0
2015-12-18 06:00:00,0.0
2015-12-18 07:00:00,0.0
2015-12-18 08:00:00,0.0
2015-12-18 09:00:00,11.325
2015-12-18 10:00:00,145.225005
2015-12-18 11:00:00,335.0000125
2015-12-18 12:00:00,567.625
2015-12-18 13:00:00,817.87501
2015-12-18 14:00:00,1020.8
2015-12-18 15:00:00,1047.2750350000001
2015-12-18 16:00:00,843.22501
2015-12-18 17:00:00,758.675
2015-12-18 18:00:00,602.42502
2015-12-18 19:00:00,500.82501
2015-12-18 20:00:00,255.275
2015-12-18 21:00:00,78.77500125
2015-12-18 22:00:00,39.050001025
2015-12-18 23:00:00,2.525
2015-12-19 00:00:00,0.0
2015-12-19 01:00:00,0.0
2015-12-19 02:00:00,0.0
2015-12-19 03:00:00,0.0
2015-12-19 04:00:00,0.0
2015-12-19 05:00:00,0.0
2015-12-19 06:00:00,0.0
2015-12-19 07:00:00,0.0
2015-12-19 08:00:00,0.0
2015-12-19 09:00:00,0.8666667
2015-12-19 10:00:00,129.9
2015-12-19 11:00:00,292.9
2015-12-19 12:00:00,357.70000000000005
2015-12-19 13:00:00,435.00001
2015-12-19 14:00:00,673.8500200000001
2015-12-19 15:00:00,764.87501
2015-12-19 16:00:00,633.7
2015-12-19 17:00:00,489.375005
2015-12-19 18:00:00,451.1
2015-12-19 19:00:00,331.75
2015-12-19 20:00:00,161.6500005
2015-12-19 21:00:00,15.925
2015-12-19 22:00:00,0.0
2015-12-19 23:00:00,0.0
2015-12-20 00:00:00,0.0
2015-12-20 01:00:00,0.0
2015-12-20 02:00:00,0.0
2015-12-20 03:00:00,0.0
2015-12-20 04:00:00,0.0
2015-12-20 05:00:00,0.0
2015-12-20 06:00:00,0.0
2015-12-20 07:00:00,0.0
2015-12-20 08:00:00,0.0
2015-12-20 09:00:00,7.925000024999999
2015-12-20 10:00:00,141.3
2015-12-20 11:00:00,323.875005
2015-12-20 12:00:00,530.625005
2015-12-20 13:00:00,778.95001
2015-12-20 14:00:00,953.75
2015-12-20 15:00:00,1124.925
2015-12-20 16:00:00,1113.40005
2015-12-20 17:00:00,1113.100025
2015-12-20 18:00:00,956.275025
2015-12-20 19:00:00,610.3
2015-12-20 20:00:00,338.0500025
2015-12-20 21:00:00,172.5
2015-12-20 22:00:00,1.375
2015-12-20 23:00:00,0.0
2015-12-21 00:00:00,0.0
2015-12-21 01:00:00,0.0
2015-12-21 02:00:00,0.0
2015-12-21 03:00:00,0.0
2015-12-21 04:00:00,0.0
2015-12-21 05:00:00,0.0
2015-12-21 06:00:00,0.0
2015-12-21 07:00:00,0.0
2015-12-21 08:00:00,0.0
2015-12-21 09:00:00,7.525
2015-12-21 10:00:00,150.525
2015-12-21 11:00:00,372.975005
2015-12-21 12:00:00,532.025
2015-12-21 13:00:00,647.25002
2015-12-21 14:00:00,779.82501
2015-12-21 15:00:00,884.525
2015-12-21 16:00:00,866.80002
2015-12-21 17:00:00,846.6500100000001
2015-12-21 18:00:00,870.5250100000001
2015-12-21 19:00:00,784.60001
2015-12-21 20:00:00,576.025005
2015-12-21 21:00:00,326.925005
2015-12-21 22:00:00,55.950000575000004
2015-12-21 23:00:00,0.0
2015-12-22 00:00:00,0.0
2015-12-22 01:00:00,0.0
2015-12-22 02:00:00,0.0
2015-12-22 03:00:00,0.0
2015-12-22 04:00:00,0.0
2015-12-22 05:00:00,0.0
2015-12-22 06:00:00,0.0
2015-12-22 07:00:00,0.0
2015-12-22 08:00:00,0.0
2015-12-22 09:00:00,8.0
2015-12-22 10:00:00,149.97500250000002
2015-12-22 11:00:00,371.725
2015-12-22 12:00:00,558.65001
2015-12-22 13:00:00,854.00001
2015-12-22 14:00:00,988.25001
2015-12-22 15:00:00,985.575
2015-12-22 16:00:00,959.725
2015-12-22 17:00:00,1091.775025
2015-12-22 18:00:00,708.60002
2015-12-22 19:00:00,588.725
2015-12-22 20:00:00,373.275015
2015-12-22 21:00:00,130.1750005
2015-12-22 22:00:00,6.025
2015-12-22 23:00:00,0.0
2015-12-23 00:00:00,0.0
2015-12-23 01:00:00,0.0
2015-12-23 02:00:00,0.0
2015-12-23 03:00:00,0.0
2015-12-23 04:00:00,0.0
2015-12-23 05:00:00,0.0
2015-12-23 06:00:00,0.0
2015-12-23 07:00:00,0.0
2015-12-23 08:00:00,0.0
2015-12-23 09:00:00,7.375
2015-12-23 10:00:00,158.25000375000002
2015-12-23 11:00:00,399.925
2015-12-23 12:00:00,650.6500100000001
2015-12-23 13:00:00,865.42501
2015-12-23 14:00:00,1029.4
2015-12-23 15:00:00,1029.10001
2015-12-23 16:00:00,995.3500099999999
2015-12-23 17:00:00,913.7
2015-12-23 18:00:00,864.8
2015-12-23 19:00:00,594.6750099999999
2015-12-23 20:00:00,276.775005
2015-12-23 21:00:00,20.5
2015-12-23 22:00:00,0.0
2015-12-23 23:00:00,0.0
2015-12-24 00:00:00,0.0
2015-12-24 01:00:00,0.0
2015-12-24 02:00:00,0.0
2015-12-24 03:00:00,0.0
2015-12-24 04:00:00,0.0
2015-12-24 05:00:00,0.0
2015-12-24 06:00:00,0.0
2015-12-24 07:00:00,0.0
2015-12-24 08:00:00,0.0
2015-12-24 09:00:00,7.275
2015-12-24 10:00:00,99.9750025
2015-12-24 11:00:00,327.5
2015-12-24 12:00:00,546.5250100000001
2015-12-24 13:00:00,638.925
2015-12-24 14:00:00,791.20001
2015-12-24 15:00:00,694.05001
2015-12-24 16:00:00,763.675
2015-12-24 17:00:00,752.62501
2015-12-24 18:00:00,533.575
2015-12-24 19:00:00,568.05
2015-12-24 20:00:00,426.45
2015-12-24 21:00:00,195.9000025
2015-12-24 22:00:00,55.65000125
2015-12-24 23:00:00,1.525
2015-12-25 00:00:00,0.0
2015-12-25 01:00:00,0.0
2015-12-25 02:00:00,0.0
2015-12-25 03:00:00,0.0
2015-12-25 04:00:00,0.0
2015-12-25 05:00:00,0.0
2015-12-25 06:00:00,0.0
2015-12-25 07:00:00,0.0
2015-12-25 08:00:00,0.0
2015-12-25 09:00:00,6.375
2015-12-25 10:00:00,128.6
2015-12-25 11:00:00,294.95000500000003
2015-12-25 12:00:00,563.7750149999999
2015-12-25 13:00:00,837.02502
2015-12-25 14:00:00,989.07501
2015-12-25 15:00:00,1008.92501
2015-12-25 16:00:00,792.55
2015-12-25 17:00:00,889.62501
2015-12-25 18:00:00,823.075
2015-12-25 19:00:00,528.62501
2015-12-25 20:00:00,312.52501
2015-12-25 21:00:00,122.39999999999999
2015-12-25 22:00:00,2.95
2015-12-25 23:00:00,3.15
2015-12-26 00:00:00,0.0
2015-12-26 01:00:00,0.0
2015-12-26 02:00:00,0.0
2015-12-26 03:00:00,0.0
2015-12-26 04:00:00,0.0
2015-12-26 05:00:00,0.0
2015-12-26 06:00:00,0.0
2015-12-26 07:00:00,0.0
2015-12-26 08:00:00,0.0
2015-12-26 09:00:00,6.6
2015-12-26 10:00:00,150.02500125
2015-12-26 11:00:00,383.85
2015-12-26 12:00:00,598.1
2015-12-26 13:00:00,825.675
2015-12-26 14:00:00,986.325
2015-12-26 15:00:00,1076.425025
2015-12-26 16:00:00,885.7750100000001
2015-12-26 17:00:00,613.80001
2015-12-26 18:00:00,439.40001
2015-12-26 19:00:00,565.550015
2015-12-26 20:00:00,429.20001
2015-12-26 21:00:00,303.57500749999997
2015-12-26 22:00:00,40.67500125
2015-12-26 23:00:00,0.0
2015-12-27 00:00:00,0.0
2015-12-27 01:00:00,0.0
2015-12-27 02:00:00,0.0
2015-12-27 03:00:00,0.0
2015-12-27 04:00:00,0.0
2015-12-27 05:00:00,0.0
2015-12-27 06:00:00,0.0
2015-12-27 07:00:00,0.0
2015-12-27 08:00:00,0.0
2015-12-27 09:00:00,3.55
2015-12-27 10:00:00,115.625
2015-12-27 11:00:00,361.075
2015-12-27 12:00:00,634.275
2015-12-27 13:00:00,844.65
2015-12-27 14:00:00,1006.675025
2015-12-27 15:00:00,1004.725
2015-12-27 16:00:00,1043.95
2015-12-27 17:00:00,1052.125025
2015-12-27 18:00:00,827.4499999999999
2015-12-27 19:00:00,516.1
2015-12-27 20:00:00,357.8
2015-12-27 21:00:00,74.375
2015-12-27 22:00:00,21.92500125
2015-12-27 23:00:00,0.0
2015-12-28 00:00:00,0.0
2015-12-28 01:00:00,0.0
2015-12-28 02:00:00,0.0
2015-12-28 03:00:00,0.0
2015-12-28 04:00:00,0.0
2015-12-28 05:00:00,0.0
2015-12-28 06:00:00,0.0
2015-12-28 07:00:00,0.0
2015-12-28 08:00:00,0.0
2015-12-28 09:00:00,6.025
2015-12-28 10:00:00,133.82500125
2015-12-28 11:00:00,342.850005
2015-12-28 12:00:00,324.95000500000003
2015-12-28 13:00:00,486.5
2015-12-28 14:00:00,465.4
2015-12-28 15:00:00,521.27502
2015-12-28 16:00:00,762.225
2015-12-28 17:00:00,743.72501
2015-12-28 18:00:00,673.525
2015-12-28 19:00:00,395.075
2015-12-28 20:00:00,319.900015
2015-12-28 21:00:00,131.575
2015-12-28 22:00:00,2.0
2015-12-28 23:00:00,0.0
2015-12-29 00:00:00,0.0
2015-12-29 01:00:00,0.0
2015-12-29 02:00:00,0.0
2015-12-29 03:00:00,0.0
2015-12-29 04:00:00,0.0
2015-12-29 05:00:00,0.0
2015-12-29 06:00:00,0.0
2015-12-29 07:00:00,0.0
2015-12-29 08:00:00,0.0
2015-12-29 09:00:00,4.82500025
2015-12-29 10:00:00,137.60000300000002
2015-12-29 11:00:00,374.55
2015-12-29 12:00:00,624.00001
2015-12-29 13:00:00,835.95001
2015-12-29 14:00:00,999.600035
2015-12-29 15:00:00,1102.92505
2015-12-29 16:00:00,1077.125
2015-12-29 17:00:00,1086.075025
2015-12-29 18:00:00,686.05
2015-12-29 19:00:00,350.300005
2015-12-29 20:00:00,233.2750025
2015-12-29 21:00:00,184.95000249999998
2015-12-29 22:00:00,8.725
2015-12-29 23:00:00,0.0
2015-12-30 00:00:00,0.0
2015-12-30 01:00:00,0.0
2015-12-30 02:00:00,0.0
2015-12-30 03:00:00,0.0
2015-12-30 04:00:00,0.0
2015-12-30 05:00:00,0.0
2015-12-30 06:00:00,0.0
2015-12-30 07:00:00,0.0
2015-12-30 08:00:00,0.0
2015-12-30 09:00:00,3.05
2015-12-30 10:00:00,148.60000250000002
2015-12-30 11:00:00,389.6
2015-12-30 12:00:00,632.47501
2015-12-30 13:00:00,845.0
2015-12-30 14:00:00,1009.8
2015-12-30 15:00:00,1112.75
2015-12-30 16:00:00,1146.85
2015-12-30 17:00:00,1084.475025
2015-12-30 18:00:00,829.2750100000001
2015-12-30 19:00:00,589.9750200000001
2015-12-30 20:00:00,399.25001
2015-12-30 21:00:00,158.77500125
2015-12-30 22:00:00,33.0
2015-12-30 23:00:00,0.0
2015-12-31 00:00:00,0.0
2015-12-31 01:00:00,0.0
2015-12-31 02:00:00,0.0
2015-12-31 03:00:00,0.0
2015-12-31 04:00:00,0.0
2015-12-31 05:00:00,0.0
2015-12-31 06:00:00,0.0
2015-12-31 07:00:00,0.0
2015-12-31 08:00:00,0.0
2015-12-31 09:00:00,5.35
2015-12-31 10:00:00,107.625
2015-12-31 11:00:00,217.1250025
2015-12-31 12:00:00,433.77500499999996
2015-12-31 13:00:00,598.52502
2015-12-31 14:00:00,855.5
2015-12-31 15:00:00,938.275
2015-12-31 16:00:00,1004.12502
2015-12-31 17:00:00,941.825
2015-12-31 18:00:00,740.875
2015-12-31 19:00:00,582.67501
2015-12-31 20:00:00,358.37501
2015-12-31 21:00:00,120.3750005
2015-12-31 22:00:00,57.27500225
2015-12-31 23:00:00,3.8
