date,delta,mak,sza,TOA,GHIcc,GHI,tco3,tcwv,AOD BC,AOD DU,AOD SS,AOD OR,AOD SU,Cloud coverage,GHIera,GHIeracc,msl,ie,hcc,d2m,ghi
2022-01-19 19:00:00,-20.507774526977382,0.8742431679387384,40.899944834717054,1056.739,874.8893,201.2976,254.19329,12.668728333333334,0.001789999999999975,0.0002,0.0,0.022318333333333277,0.016153333333333325,100.0,499.3515625,751.25,101588.27875,-4.9122667375000005e-05,0.9789161625,280.70050125,617.9845379359942
2021-06-19 12:00:00,23.42426561686686,2.421203384933722,74.18145819934824,387.45910000000003,324.3361,234.24720000000002,256.0297733333333,0.7986883333333333,0.0005366666666666499,0.0001,0.0007499999999999751,0.004719999999999975,0.0127683333333333,56.833333333333336,369.91015625,371.109375,102164.20999999999,-5.397887437500001e-07,0.0,252.05406,290.79288025889963
2022-02-02 12:00:00,-17.052092343725047,1.2343460583769295,57.64297999016999,743.3699,589.3027999999999,351.1998,253.1379,13.146343333333334,0.002833333333333325,0.0001,0.0001,0.02373499999999995,0.0257283333333333,100.0,202.859375,637.3984375,101967.6275,-3.5989476875e-05,0.0,278.43575500000003,341.03020496224383
2022-01-05 12:00:00,-22.69589488082858,1.1262388432344554,54.082767699798104,813.8208,658.0795,290.9915,260.40250833333334,11.199766666666667,0.0012,0.001,0.0004,0.0155883333333333,0.027255,98.06666666666666,317.57421875,700.25,101771.11,-1.6621285124999998e-05,0.02843856875,278.22097375,251.37180870190576
2021-12-14 13:00:00,-23.15892481426692,0.8413235774333458,38.237707787865595,1097.8348,925.0596,528.901,257.71177,9.150613333333334,0.0010233333333333249,0.0017349999999999748,0.0002,0.013093333333333325,0.017128333333333273,100.0,691.640625,952.51955,101514.99124999999,-5.8765231249999995e-05,0.9816360375,277.2216575,935.7425386551599
2021-05-03 13:00:00,15.432596053257022,1.2282384174757357,57.46211212180943,743.2577,644.3085,618.6438,244.55425,1.678,0.00148666666666665,0.00049166666666665,0.003685,0.01477666666666665,0.03288999999999995,0.7333333333333333,680.54296875,680.8359375,101583.81875,-1.1425290375e-06,0.0,256.836565,616.0463861920172
2022-03-05 21:00:00,-6.348514071462508,2.2021606931164635,72.55699247057633,402.2145,297.9793,97.332,259.423905,9.948473333333334,0.0011,0.0002,0.0001,0.0157033333333333,0.01380999999999995,70.16666666666667,139.88671875,191.09765625,100776.54000000001,-6.47676645e-07,0.50033569125,272.29733625,332.1323265012585
2021-10-28 18:00:00,-12.862342290550107,0.8137214958331759,35.69735670427318,1124.3875,956.6482,630.4301,267.2902183333333,7.54117,0.0018,0.000863333333333325,0.0002,0.013066666666666626,0.022714999999999975,78.4,690.7734375,838.890625,101568.7025,-8.404516562499999e-06,0.5296058637500001,271.62124875,575.059331175836
2021-06-25 17:00:00,23.424679586459934,1.0349804123874007,50.328431955285204,876.4017,785.1136,785.1136,275.948015,0.8552266666666667,0.0016,0.0008,0.0022,0.014664999999999975,0.029858333333333275,0.0,686.40625,704.09375,100994.875,-2.1884916375e-06,0.6385498025,239.71567125,765.4368932038834
2021-08-19 18:00:00,13.034054821227372,0.9867371002603805,47.96201914538085,919.717,829.5673,829.5674,269.486195,0.7643933333333333,0.0012,0.0004,0.00094,0.006848333333333324,0.03515666666666663,0.0,717.05078125,717.42578125,100808.134375,-1.3890967e-06,0.0,245.32992875000002,795.7065803667745
2022-02-28 19:00:00,-8.257657921815415,0.9260985287171349,44.47941344621839,987.663,811.8198,73.9752,260.808895,11.460956666666666,0.0026,0.0003,0.0001,0.03831,0.0321233333333333,100.0,632.53515625,711.390625,100820.89749999999,-9.150797475e-06,0.90281295875,272.8223625,886.4239482200647
2021-05-20 16:00:00,19.810005539497073,0.9229498481946556,44.27986295190628,980.0832,865.9332,865.933,256.80562166666664,2.2094133333333335,0.001,0.0002,0.00218666666666665,0.008649999999999975,0.016371666666666652,0.0,817.48828125,817.7265625,100980.16500000001,-1.32634885e-06,0.0008125305000000001,255.67960875,830.6005034160373
2021-12-13 13:00:00,-23.090758690794445,0.8403053365928892,38.14945506332091,1099.1554,969.1913999999999,969.1913999999999,261.09373833333336,2.4352416666666663,0.0006,0.0049,0.0001,0.005464999999999999,0.01663999999999995,0.0,962.69529375,981.24998125,101117.80562500001,-8.1277800625e-05,0.0,270.41473125000005,939.1765551959726
2021-10-14 20:00:00,-7.8442141660105555,1.5229532261512015,64.2990868818001,596.3477,508.98449999999997,508.9844,270.65666999999996,1.6930633333333334,0.0006133333333333249,0.0006949999999999749,0.0002,0.0037366666666666503,0.013608333333333274,0.0,360.18359375,364.26953125,99872.80562500001,-6.12810255e-07,0.0,244.887465,464.1747572815534
2022-03-19 19:00:00,-0.856293179789177,1.0096591818991758,49.12514719711077,901.0927,738.5889,447.73380000000003,250.66650666666666,11.096733333333333,0.0014383333333333249,0.0001,0.0001,0.016238333333333323,0.05590999999999995,93.76666666666667,519.30859375,616.75390625,101423.015625,-1.0899180812500001e-05,0.39113998124999994,277.6660975,196.54440848615607
2022-04-05 14:00:00,5.7763220001740265,0.8804084180782601,41.361312460011,1040.5802,871.2515,772.6232,239.34392166666666,9.691098333333333,0.00172,0.00121166666666665,0.0003,0.020201666666666625,0.05182166666666663,50.95,811.2519374999999,880.33984375,101638.328125,-1.0414252624999999e-05,0.23488999000000002,275.49555625000005,861.3448399856167
2021-12-08 14:00:00,-22.636286803525202,0.724092899138794,24.119033191315843,1277.7253,1073.7731,783.1668999999999,260.8382633333333,13.383258333333334,0.001664999999999975,0.001824999999999975,0.000984999999999975,0.0230933333333333,0.03989999999999995,100.0,909.8984375,1070.0195625000001,101584.9,-0.00010743047375000001,0.94465256,282.3449375,867.4110032362458
2022-01-31 21:00:00,-17.61341714283341,1.7761286259144389,68.17441406250242,506.85659999999996,383.5854,33.115700000000004,247.85425833333332,13.768648333333333,0.000955,0.00031499999999999996,0.000279999999999975,0.0106533333333333,0.017994999999999976,100.0,133.69140625,254.3046875,101653.36812500001,-1.82806123125e-05,0.33284759,277.93723750000004,187.4020136641496
2021-06-14 18:00:00,23.234160110071496,1.2044433295650276,56.736286255407,755.2570000000001,664.4561,664.4563,245.35801166666664,1.2919716666666667,0.0013,0.0002,0.001468333333333325,0.01419499999999995,0.019989999999999952,0.0,564.5546875,565.41015625,101358.484375,-1.4615944000000001e-06,0.07242965525,240.21303125,660.7407407407408
2021-10-03 21:00:00,-3.641929609448319,3.4408728313697408,78.95041370209097,343.6932,270.5412,270.5412,278.10638666666665,0.9368233333333333,0.00311999999999995,0.0016,0.0011,0.0164133333333333,0.041589999999999946,0.0,151.46484375,155.23046875,100100.84937499999,-4.9421214375e-07,0.0,243.17325125000002,255.81445523193094
2022-01-20 20:00:00,-20.300057321192305,1.1367216738510029,54.464911443739496,807.1519,650.7873999999999,49.5102,255.22132666666664,13.44825,0.0007,0.0001,0.0,0.01035666666666665,0.00865166666666665,100.0,399.5,517.99609375,101301.46625,-3.4183351125e-05,0.54870224375,278.49413625,463.0654440848615
2021-12-09 13:00:00,-22.7421856205144,0.8365690483181395,37.822273694965716,1103.9741000000001,918.8824,444.71630000000005,257.1209216666667,12.062663333333333,0.0018,0.0009,0.0003,0.024179999999999976,0.02677999999999995,100.0,692.1796875,934.3046875,101667.52249999999,-8.2511105e-05,0.9380416725,279.68179375,841.7331895001798
2022-04-18 11:00:00,10.545558035999763,3.580863035436218,79.38867944169836,340.189,265.5754,191.9178,241.32166666666666,2.50245,0.0006,0.0004,0.0002,0.0081,0.01,46.93333333333333,330.625,333.8671875,102350.5875,-1.0501826000000001e-06,0.0,270.06355,239.44983818770226
2021-05-24 17:00:00,20.61862286041239,0.990604133317855,48.16351478047325,913.5394,813.8603,643.5504999999999,267.51809000000003,1.4320599999999999,0.0012,0.0005,0.002225,0.0102583333333333,0.02037666666666665,83.68333333333334,730.27734375,736.484375,101089.146875,-1.04992070625e-06,0.582767485,251.3064375,673.7792161093132
2022-02-24 12:00:00,-9.749847095018675,1.3324774258403103,60.28141327389228,692.1151,549.9494,501.8274,252.79129999999998,10.270045,0.0014,0.00386166666666665,0.0001,0.019459999999999998,0.0323233333333333,14.93333333333333,613.4921875,613.99609375,101394.64937500001,-2.0911335125e-05,0.12275314500000001,279.26254875,533.7666307083782
2022-02-03 21:00:00,-16.76379142181507,1.7903357470609516,68.35664137862456,502.259,363.695,106.03219999999999,253.32691333333332,14.538508333333333,0.0013,0.002416666666666625,0.0002,0.0156,0.13274166666666662,87.18333333333332,146.66015625,256.97265625,101144.990625,-1.64685536125e-05,0.9444885187500001,280.41049250000003,357.47213232650125
2021-05-26 20:00:00,20.98787474349141,2.706009166767012,75.88628944594747,344.0407,248.3496,186.8642,257.88520666666665,6.993615,0.0023,0.0009,0.002701666666666625,0.019641666666666627,0.05455166666666662,47.08333333333333,156.017578125,163.19140625,101210.8375,-2.3390747625e-07,0.32284545625,256.93996125,188.71089536138078
2022-04-27 18:00:00,13.574913808648922,1.0147932540296511,49.37574517299057,894.0561,777.1324,777.1323,236.20125666666664,2.557456666666667,0.0009,0.0004,0.0002,0.010579999999999999,0.0252933333333333,0.0,628.4609375,681.71484375,100530.171875,-1.3891840125e-06,0.9183502125,248.6145675,604.9119021934556
2022-01-26 14:00:00,-18.92240212955681,0.7592555713036346,29.494223815030193,1220.1181,1013.1689000000001,765.3343,259.02031,17.083208333333335,0.00093666666666665,0.0,0.0,0.019321666666666626,0.020135,88.7,839.109375,1027.57033125,101436.88125,-4.8261280249999996e-05,0.30240632,280.68384125,627.3786407766991
2022-04-27 16:00:00,13.574913808648922,0.839002718363917,38.03598847722455,1082.0827,959.1469999999999,959.1469999999999,236.68786333333333,2.3544633333333334,0.0009,0.000528333333333325,0.0003,0.01085499999999995,0.02301166666666665,0.0,904.17578125,911.6953125,100820.07125000001,-2.5854388e-06,0.57526398125,251.9210625,865.1204602660913
2021-10-14 12:00:00,-7.8442141660105555,1.144112486526411,54.729061312116556,800.3045,703.5209,703.5209,275.24538333333334,1.5447916666666668,0.0007,0.00192166666666665,0.0002,0.00479,0.011499999999999976,0.0,743.48046875,745.984375,101218.578125,-1.6067933625e-06,0.0,255.86677125,681.1398777418194
2021-05-11 13:00:00,17.66995348916075,1.2790458996706036,58.90414630839626,713.5325,571.0312,445.1039,244.64041833333334,8.920435,0.002958333333333325,0.00062666666666665,0.0077549999999999755,0.03934,0.05519999999999997,48.083333333333336,615.125,619.5859375,101817.046875,-1.1670926875e-06,0.0,272.65781000000004,571.8500539374326
2021-07-17 19:00:00,21.345575275899424,1.477350775913337,63.443767441690504,620.6301,516.9438,444.2621,264.741785,2.4087133333333335,0.0022466666666666503,0.00111,0.005598333333333325,0.020803333333333274,0.043001666666666646,12.666666666666666,404.51171875,406.87890625,101678.484375,-8.705538000000001e-07,0.633041375,262.131725,499.12621359223306
2021-11-08 10:00:00,-16.35975054890701,3.2334552150732114,78.22985154754811,357.5846,274.8102,48.464999999999996,282.01591333333334,2.82691,0.0011,0.00212,0.0001,0.00841999999999995,0.0113966666666666,92.53333333333333,329.3125,341.50390625,101813.053125,-1.1655793125e-06,0.0,275.20285125,244.96583962603376
2022-01-12 14:00:00,-21.774833262915585,0.7471249262806539,27.80428496666591,1239.9216999999999,1040.3724,764.4303,254.7084583333333,11.726445,0.00332666666666665,0.0002,0.0001,0.0392833333333333,0.025779999999999977,14.483333333333333,748.921875,1060.1796875,101898.0625,-9.233772475000001e-05,0.0346832275,277.8602875,754.8381877022655
2021-10-28 13:00:00,-12.862342290550107,0.8472554607829461,38.74428318567049,1083.4243999999999,923.6116,872.6841,271.834525,6.377323333333333,0.001853333333333325,0.00133999999999995,0.0001,0.0133533333333333,0.02082999999999995,10.666666666666666,945.1796875,945.421875,102231.20375,-1.74617165e-06,0.008090973000000001,273.3610825,891.7475728155339
2021-12-28 21:00:00,-23.298866337354657,1.8384438882997227,68.95119320621973,488.9163,359.2561,30.2305,252.68868833333332,15.429965,0.0014583333333333,0.0001,0.0001,0.02915,0.030094999999999976,96.66666666666667,139.1640625,244.12109375,101588.415625,-1.7312034937500002e-05,0.65177155,278.83915,221.60194174757282
2022-01-23 13:00:00,-19.63879582684111,0.900274428911095,42.77858877241814,1025.3209,847.372,738.5838,266.53822,12.391714999999998,0.001678333333333325,0.0001,0.0,0.021314999999999952,0.0090033333333333,7.866666666666666,756.765625,885.890625,101413.71187500001,-7.758441124999999e-05,0.027103423750000008,278.8170175,865.9097446961524
2021-10-16 15:00:00,-8.589403018842617,0.6960007627838104,18.275753670093795,1315.8001,1177.1879000000001,1177.1879,271.48185166666667,2.5226683333333333,0.000973333333333325,0.00167166666666665,0.0002,0.00550999999999995,0.0114383333333333,0.0,1136.2539375000001,1139.953125,101018.11,-2.265762275e-06,0.0,252.49964,1122.8694714131607
2021-05-07 12:00:00,16.58781459482518,1.8709201151249175,69.33400503215402,492.9293,386.2401,277.3782,245.31601333333333,3.742113333333333,0.002919999999999975,0.0003,0.00448,0.03348833333333327,0.044269999999999976,88.66666666666667,459.03125,459.171875,102205.771875,-8.806237125000001e-07,0.27135848875,267.92627500000003,467.84969435454866
2021-09-23 19:00:00,0.24877954527974486,1.1011678458290561,53.13127609470648,826.3263,668.5213,370.8474,277.96469,8.0667,0.00718,0.002274999999999975,0.000979999999999975,0.05135999999999995,0.0604,91.5,484.74609375,551.03515625,101388.19,-8.229282625000001e-06,0.126052858875,277.804515,190.51420352391224
2021-07-06 17:00:00,22.784297634856877,1.018543430860554,49.55661194362707,890.9339,789.4823,789.4824,265.81684666666666,1.0302533333333335,0.004,0.003973333333333325,0.001,0.0266,0.05555166666666665,0.0,713.7734375,714.06640625,100980.19437499999,-2.6455381625e-06,0.0,241.8693675,754.3527508090615
2021-12-05 18:00:00,-22.274409999983057,0.772955904937229,31.243744660486943,1191.6622,988.8778000000001,327.3223,257.773125,16.222058333333333,0.0025,0.0002,0.0001,0.020159999999999977,0.0212333333333333,100.0,370.00390625,870.23828125,101884.71875,-4.5062595625e-05,1.0,280.803575,606.0895361380799
2022-04-28 16:00:00,13.894269146921822,0.8427094760877283,38.357208203416775,1077.1127999999999,932.9259999999999,932.9263,237.49140999999997,4.652646666666667,0.000808333333333325,0.0010533333333333,0.0002,0.01007999999999995,0.01469,0.0,836.265625,884.33203125,101332.89,-2.09858985e-06,0.37286758375,265.74020624999997,919.021934555915
2022-01-27 20:00:00,-18.67182297963725,1.137809953436662,54.50407702762801,805.5388,635.799,48.8685,260.603395,17.612886666666668,0.002848333333333325,0.0,0.0001,0.03193999999999995,0.01093166666666665,100.0,275.63671875,505.90234375,101676.046875,-2.023963875e-05,0.7890625,278.66381875,339.69974829198134
2022-04-14 11:00:00,9.120518783238186,3.443226149914555,78.95808126037791,312.07946666666663,231.54520000000002,61.20066666666667,244.16834000000003,5.126395555555555,0.0006,0.0001,0.0003,0.006599999999999999,0.016137777777777734,83.68888888888888,142.796875,296.234375,102319.0,-2.8933864e-06,0.0,273.86065499999995,160.07191657677095
2021-11-11 19:00:00,-17.222734070984142,0.9809948418906328,47.658678376290176,930.5756,769.4706,726.1909,266.75649500000003,9.0488,0.0031,0.0022,0.0003,0.021071666666666624,0.02352166666666665,7.300000000000001,543.859375,632.91796875,101130.08687500001,-1.9628351125000002e-05,0.29018402249999997,278.07310625,570.8090614886731
2022-01-21 11:00:00,-20.08592570514902,1.8868381772858809,69.51648484588686,476.7961,357.53229999999996,164.7336,262.03735,13.155153333333333,0.001,0.0,0.0,0.015064999999999974,0.00889166666666665,99.06666666666666,384.609375,427.9921875,101885.35,-3.9308186125e-05,0.72460174375,280.18896,129.42826321467098
2022-01-03 18:00:00,-22.89242968405637,0.7497487166408053,28.182378752868914,1235.7168,1068.5097,849.1541,256.27059833333334,5.919449999999999,0.0005,0.0012,0.0001,0.006231666666666625,0.012991666666666625,54.483333333333334,908.25,959.6132499999999,100857.04625,-2.1311658e-05,0.42240524749999997,273.90313875000004,982.759798633585
2021-08-07 20:00:00,16.64759119582359,2.094941709964917,71.63164010258481,440.3036,360.1317,296.8102,274.036545,1.3620966666666667,0.0022,0.0011,0.002833333333333325,0.01039666666666665,0.04659999999999995,10.133333333333333,244.640625,244.96484375,100801.71187500001,-3.307068225e-07,0.010356903125,240.82900875,345.1078748651564
2021-09-10 20:00:00,5.246102919693301,1.7284795216480198,67.53954853761226,526.9464,443.62850000000003,443.62850000000003,278.4545233333333,0.7220516666666666,0.0043,0.001715,0.00083,0.01843666666666665,0.0498933333333333,0.0,306.78125,309.9296875,100689.146875,-4.5944944125e-07,0.0,250.04218500000002,427.1197411003236
2021-05-24 18:00:00,20.61862286041239,1.153846250949325,55.0705083166036,786.1446000000001,691.6233,354.33910000000003,267.17401,1.4484,0.0012,0.0005,0.0021,0.010158333333333325,0.0203333333333333,91.56666666666666,584.1640625,591.8046875,100952.078125,-7.8196170625e-07,0.255214693,248.59839499999998,550.3398058252427
2021-12-22 10:00:00,-23.426039035075107,3.3704765533102408,78.71600123125937,335.2176,228.602,23.8562,260.9111633333333,15.860806666666665,0.0019,0.0002,0.0,0.0292733333333333,0.01866999999999995,100.0,158.375,295.234375,101819.30374999999,-7.444323499999999e-06,0.103729249375,279.7503625,96.1452714850773
2022-04-13 12:00:00,8.757757177857268,1.6189000052627127,65.92447978169079,569.6220000000001,499.80920000000003,461.29150000000004,247.24309499999998,0.42336999999999997,0.0004,0.00080166666666665,0.000245,0.003911666666666625,0.01332166666666665,1.0,465.8984375,533.38671875,101854.140625,-2.00080105e-06,0.0,269.6430975,458.66414958647965
2021-12-13 11:00:00,-23.090758690794445,1.5595545776445843,64.94529629183805,583.2760000000001,485.1576,424.7232,261.4034683333333,2.393625,0.00056666666666665,0.0047,0.0001,0.0055983333333333,0.014404999999999975,7.883333333333333,528.0,540.4375,101332.07125000001,-4.4466083875e-05,0.0,268.5833875,462.7130528586839
2021-08-27 15:00:00,10.343443884966485,0.830083770562361,37.24146066713032,1096.0169,998.3326999999999,998.3326999999999,294.35988833333334,0.477535,0.005228333333333324,0.00111,0.001923333333333325,0.01445666666666665,0.05770833333333328,0.0,965.6953125,966.05078125,101488.853125,-1.7106358125e-06,0.0,250.77353,956.7421790722761
2021-12-21 16:00:00,-23.419890406297718,0.6614433130516187,2.296432960770348,1401.8781,1181.0635,637.7961,255.10646333333332,15.873631666666666,0.001653333333333325,0.0001,0.0,0.025324999999999973,0.016311666666666624,64.83333333333333,809.34375,1121.5351375,101136.61,-1.593458025e-05,0.33998870625,277.9292325,88.59582883854728
2021-08-22 20:00:00,12.048172409254994,1.9030814282532895,69.69932780938531,480.83910000000003,404.35810000000004,404.3582,260.49325666666664,0.5803966666666667,0.0019,0.0008,0.001,0.0100833333333333,0.05812166666666665,0.0,276.59375,276.91015625,100599.28125,-4.0940358249999997e-07,0.0,241.64677625,389.9065084501978
2022-01-31 15:00:00,-17.61341714283341,0.690462067815957,16.82770797793082,1343.5167999999999,1141.2393,504.3576,250.51571166666665,12.524226666666667,0.0007016666666666499,0.0002,0.0003,0.01020499999999995,0.020738333333333275,83.0,290.01171875,1106.6992,101729.52249999999,-5.062477425e-05,0.098320006875,278.00040125,479.606256742179
2021-05-04 14:00:00,15.727950717208849,0.991841987259839,48.227549263148454,916.4046,794.3034,794.3035,244.7840633333333,2.6520866666666665,0.00138166666666665,0.0005,0.002834999999999975,0.016386666666666626,0.03365499999999995,0.0,763.96484375,805.63671875,101410.77437500001,-1.35554e-06,0.9081497125,254.18064375,741.1938151743976
2021-11-25 20:00:00,-20.609679850301543,1.3033305150339152,59.5465314062121,695.262,549.5506,411.799,257.97242166666666,12.105245,0.0021,0.00076,0.0001,0.021686666666666625,0.02006999999999995,46.46666666666667,229.8828125,412.9375,101035.165625,-2.5460670875e-05,0.8493118374999999,280.467245,342.30133045667026
2022-03-01 18:00:00,-7.879351793739763,0.7780216764492845,31.853711366478397,1180.6336000000001,984.2171,984.217,252.87413333333333,14.299558333333334,0.0018,0.00028166666666664997,0.0001,0.02675666666666665,0.01925,0.0,685.58203125,895.7890625,101149.46625,-2.7986301875e-05,0.9360733,278.91353625,1010.4638619201726
2021-10-06 17:00:00,-4.801239619491075,0.7436030741736019,27.28491516677085,1227.7075,1055.0045,691.2324,265.3927466666667,6.712621666666666,0.0029,0.0019,0.0005,0.020696666666666648,0.0331733333333333,90.48333333333333,860.58203125,970.5390625,100530.53125,-2.8054928125e-06,0.211212158125,261.80712874999995,1080.0773103200286
2021-10-30 19:00:00,-13.53296696505293,1.0071371459199479,49.0007575648733,905.6812,746.5535,570.9265,276.6255516666667,7.7431883333333325,0.004268333333333325,0.0026133333333333,0.0001,0.03271999999999995,0.0401366666666666,28.650000000000002,577.5234375,622.2265625,100994.55562500001,-1.8323480749999998e-06,0.15360641375,267.28431249999994,351.9291621718806
2021-05-12 18:00:00,17.92843372099769,1.0975081283260748,52.98773094924736,825.594,672.3258,672.326,247.72406666666666,7.34686,0.005141666666666625,0.0011,0.001219999999999975,0.05310666666666665,0.0915983333333333,0.0,472.3828125,592.09765625,101211.046875,-7.7352160375e-07,0.286998745,273.4214875,595.6094929881338
2021-07-13 14:00:00,21.957530533506088,1.1397705499673172,54.574399353413234,800.0447,663.1568,638.7437,264.9189183333333,6.876451666666666,0.0022849999999999997,0.0006,0.0009633333333333249,0.02271499999999995,0.0237,13.783333333333333,674.98828125,675.7929750000001,101784.67874999999,-2.7123605750000003e-06,0.0068092346250000005,268.18435625,491.0014383315354
2021-06-07 12:00:00,22.68170014727632,2.2950498735208815,73.28544835231119,406.6453,332.1449,232.4527,264.86134,0.9928766666666666,0.00184,0.001433333333333325,0.00203166666666665,0.014598333333333276,0.0404933333333333,91.05,366.56640625,391.00390625,102137.125,-6.329501124999999e-07,0.425579075,252.87225,307.4397698669543
2021-09-20 20:00:00,1.4140132769246216,1.6592674027091876,66.5465875163048,548.4327,411.6563,83.2123,276.84372,13.21109,0.0053033333333333,0.0003,0.00095666666666665,0.04515499999999997,0.026348333333333324,100.0,151.32421875,288.96484375,101503.65375,-1.96043405e-06,0.5525512637500001,277.5867175,260.64185544768065
2021-09-22 16:00:00,0.6376320969376367,0.7307843072628368,25.265920342539264,1246.8772,1080.0732,662.0763,279.50434,5.252715,0.0032,0.00142666666666665,0.001025,0.029146666666666626,0.037811666666666625,96.25,901.79296875,1024.6796875,101125.834375,-3.557314625e-05,0.8635826125,267.23889499999996,936.6001438331534
2021-09-26 21:00:00,-0.9193266638834702,3.628722427147682,79.53061985241541,331.00440000000003,235.3782,235.3782,262.87092,5.283806666666667,0.0041,0.0012,0.0009,0.0253,0.052633333333333296,0.0,132.80078125,133.1015625,101583.14875,-2.1560117375e-07,0.0,269.463895,242.92340884573895
2021-10-30 14:00:00,-13.53296696505293,0.7307366678351642,25.25800027935591,1257.196,1078.9547,1078.9547,278.4959983333333,6.541305,0.003756666666666625,0.0026533333333333,0.0001,0.0292283333333333,0.036753333333333325,0.0,1063.7734249999999,1086.6171875,101567.44375,-7.4779673124999996e-06,0.020942688,268.54521875,1023.8888888888889
2021-06-14 20:00:00,23.234160110071496,2.833981809874295,76.53729024096695,332.69780000000003,262.8272,250.5933,244.31267999999997,1.7320333333333333,0.00121666666666665,0.0002,0.0010483333333333,0.01285,0.020369999999999975,15.1,164.17578125,164.60546875,101388.07125000001,-3.999448375e-07,0.20973586875,245.29418125,226.21179431859042
2022-01-29 18:00:00,-18.153621876160354,0.7436777992160363,27.29608101489317,1245.062,1048.9028,651.36,255.74932833333332,12.661756666666665,0.0011,0.0005,0.000128333333333325,0.014441666666666625,0.022836666666666623,79.36666666666667,653.98828125,932.765625,101028.34125,-0.0001016072335,0.5101470874999999,284.2440725,714.9298813376483
2021-09-18 12:00:00,2.1880253905616205,1.3697941625939718,61.16943518591999,671.2022999999999,558.7871,362.0626,273.8026366666667,2.813933333333333,0.0021,0.001,0.0012549999999999749,0.020466666666666626,0.02837666666666665,59.516666666666666,599.7890625,611.6894374999999,101742.896875,-2.375454675e-06,0.22391128375,265.10428875,547.7777777777777
2022-03-12 13:00:00,-3.618856729348031,1.002963724443791,48.79302247489636,920.567,767.0756,532.7526,259.27377666666666,8.252351666666668,0.001691666666666625,0.0004,0.0001,0.017043333333333327,0.009456666666666625,61.233333333333334,527.73828125,802.66015625,101721.88375000001,-1.951732e-05,0.0499038695,275.596075,740.1348435814455
2021-07-20 20:00:00,20.822789380160284,2.385035062561329,73.93466983415465,391.7453,291.3754,208.0237,267.448125,4.591588333333334,0.003454999999999975,0.001338333333333325,0.0032300000000000002,0.03526166666666662,0.05425,79.88333333333333,180.85546875,199.451171875,101381.2475,-6.692716825e-07,0.47458266875,252.91436875,97.65372168284789
2021-06-04 20:00:00,22.34476268708092,2.8064391341977024,76.40234219368958,334.0642,250.66,23.6589,262.31675666666666,2.1009399999999996,0.00168666666666665,0.00034166666666664996,0.0035566666666666247,0.02367499999999995,0.07268499999999997,100.0,115.30859375,164.5,100665.41500000001,-2.478482225e-07,0.995891575,242.41406375000003,71.74757281553397
2022-03-22 15:00:00,0.32893462043704336,0.753831660979376,28.75655011730374,1218.5104000000001,1057.0633,1057.0633,248.20854666666665,5.32897,0.001,0.001393333333333325,0.0001,0.010449999999999949,0.029164999999999976,0.0,993.5390625,1019.80078125,100933.13125,-1.434146525e-05,0.0084152224375,274.3779875,1025.782092772384
2022-04-25 14:00:00,12.925228092035313,0.9532822933347466,46.12071666729282,955.9901,864.3927,864.3927,243.94629166666667,0.8984483333333334,0.0007,0.0015,0.000535,0.0079233333333333,0.014514999999999976,0.0,844.23828125,864.8203125,101510.94437499999,-2.0108709875e-06,0.82479476875,252.17268625,835.3739661992088
2021-08-31 14:00:00,8.93055449957544,0.908955262883965,43.36710989578402,1003.9448,900.3259,900.3257,275.91782166666667,1.27827,0.0023,0.0004,0.001085,0.015909999999999952,0.02425999999999995,0.0,891.4140625,891.7870937499999,101588.99124999999,-2.4542387125e-06,0.0,259.45536375,851.4383315354188
2021-11-23 12:00:00,-20.196769243998993,1.0429164353511238,50.68938493870885,881.9738,714.7264,581.4838,261.57374,11.740593333333333,0.00325166666666665,0.001888333333333325,0.0002,0.03266833333333333,0.026481666666666626,14.183333333333334,711.92578125,754.328125,101745.7875,-3.5756238625e-05,0.8099441625,279.50567375,645.6526429341964
2021-10-24 15:00:00,-11.481805530408202,0.6862850525266587,15.632762214173587,1336.6747,1193.1053,1193.1053,295.92001833333336,2.5916583333333336,0.001688333333333325,0.0017366666666666498,0.0001,0.007889999999999975,0.011128333333333275,0.0,1032.359375,1138.0351875000001,101715.484375,-6.7064832250000005e-06,0.0,266.4414025,1187.576411362819
2021-08-12 18:00:00,15.21124284412728,1.016829414511594,49.474172962165206,892.7685,752.6734,680.3063,270.21145333333334,4.7785866666666665,0.0042,0.0005,0.0013,0.030329999999999975,0.0461733333333333,12.933333333333334,574.77734375,659.75390625,100686.11624999999,-9.459036125e-07,0.0,258.289805,668.4304207119741
2022-03-03 11:00:00,-7.117229867887649,2.503547792533476,74.71569758490602,367.1212,260.9489,90.3026,254.990805,11.684641666666666,0.0023,0.0004,0.0001,0.03017666666666665,0.02300499999999995,88.10000000000001,305.7890625,342.0390625,101990.18125,-1.0807649375e-05,0.71851349,279.50570625,113.84034519956849
2021-09-04 18:00:00,7.48008085874097,0.9268383233652114,44.52599973119865,979.6786999999999,878.077,878.0771,267.139565,1.1708233333333333,0.0028,0.0009,0.0006,0.01446,0.03252666666666663,0.0,757.01171875,757.921875,100844.85875,-2.1275773124999998e-06,0.0,242.93034875,833.2380438691118
2021-11-04 13:00:00,-15.14472848078564,0.8371857878541236,37.876647782326394,1097.9434,949.8172,949.8171,273.3603166666667,4.3169,0.00133999999999995,0.002099999999999975,0.00014666666666665,0.008039999999999974,0.012726666666666626,0.0,955.78126875,956.33984375,101013.459375,-1.5900295875e-06,0.034164429999999996,273.1718,927.687882056814
2022-02-26 14:00:00,-9.008190068387895,0.7955477067315628,33.831913250344684,1162.4984,971.2834,827.5141,263.52014999999994,11.70304,0.00249499999999995,0.00023999999999999998,0.0001,0.04184999999999998,0.021098333333333302,94.05,965.45310625,999.96876875,101792.478125,-3.4937634875000005e-05,0.034515381375,277.19079875,985.6220783890687
2022-03-23 15:00:00,0.7234441253853318,0.7560517604039279,29.06184002825027,1214.5520999999999,1065.7663,1065.7663,249.20442500000001,3.34917,0.001145,0.00157166666666665,0.0002,0.01108999999999995,0.0377033333333333,0.0,1049.4453125,1047.75,100824.96187500001,-1.2237287687499999e-05,0.0,270.3293475,1041.06436533621
2021-12-24 17:00:00,-23.41488559973962,0.6858271317312145,15.495382540263302,1351.4841999999999,1132.6916,847.5904,249.40740499999998,16.62565,0.0021,0.0,0.0,0.02772499999999995,0.0074999999999999,52.36666666666666,782.85546875,1054.0507499999999,100989.28812499999,-5.4351199874999996e-05,0.53751755,280.31335624999997,1010.2768788205681
2022-03-01 12:00:00,-7.879351793739763,1.3559884659935397,60.8474894378283,680.7154,528.7632,381.6134,249.738495,15.13275,0.00248666666666665,0.0002,0.0001,0.03723499999999995,0.0210433333333333,98.66666666666667,141.75390625,576.04296875,102185.0475,-3.15797515e-05,1.0,280.544775,414.87594390507013
2022-01-03 15:00:00,-22.89242968405637,0.6785712421163543,13.103547611265293,1367.5166,1184.2656,1151.9252000000001,255.27946,6.992543333333334,0.00077166666666665,0.00132666666666665,0.0002,0.010381666666666626,0.017009999999999997,2.75,1090.8945625000001,1155.1523124999999,101245.46187500001,-3.896848625e-05,0.0814781175,273.43246875,1172.437971952535
2021-11-21 18:00:00,-19.758862746599252,0.7866386295013259,32.85056642820988,1167.388,980.533,560.511,261.86429999999996,11.963123333333332,0.000973333333333325,0.000738333333333325,0.0002,0.0139633333333333,0.0243066666666666,89.5,783.5,868.1484375,100907.928125,-9.984069125e-07,0.48929976875000003,272.08124625,822.8496943545487
2021-10-18 12:00:00,-9.326646848826442,1.1224116299652096,53.94100329152572,815.9159999999999,699.2375999999999,376.77230000000003,271.587285,2.75565,0.000789999999999975,0.0013533333333333249,0.0001,0.006951666666666625,0.0123333333333333,100.0,698.93359375,741.984375,102005.696875,-1.2977397875e-06,0.8328094500000001,272.2665,550.9816612729234
2022-01-26 13:00:00,-18.92240212955681,0.905658795363962,43.14571145303067,1019.3528000000001,831.2117000000001,488.18010000000004,259.5854,16.90809,0.001045,0.0,0.0,0.021161666666666624,0.021361666666666626,100.0,730.09375,869.1015625,101560.89749999999,-4.8025045e-05,0.2268562375,280.63272,562.4253865516001
2021-10-19 18:00:00,-9.692013480165492,0.8259116057085503,36.858784467916735,1106.5212000000001,943.2517,943.2518,272.59799,6.649868333333334,0.002018333333333325,0.0033983333333333,0.0002,0.01635999999999995,0.0232,0.0,764.8984375,830.7890625,101131.32125000001,-9.17102459e-06,0.14845275749999998,271.47635625,928.9823804386912
2021-08-21 17:00:00,12.380055548465378,0.861274544441447,39.89303028737057,1053.2745,942.1320000000001,942.1320000000001,261.85959333333335,1.5146483333333334,0.003223333333333325,0.0013,0.001,0.016179999999999976,0.04557,0.0,852.578125,852.93359375,100856.065,-1.9655853875e-06,0.0,241.6812,920.7838906868033
2021-06-19 14:00:00,23.42426561686686,1.1584255624177915,55.22867612658535,785.3747,701.4042999999999,674.1216,255.59078333333332,0.8174783333333333,0.000944999999999975,0.000223333333333325,0.00125,0.0080083333333333,0.021799999999999976,1.4666666666666666,699.6367250000001,699.1327875,101869.55625,-1.5849655125e-06,0.0,250.99901375,672.3175116864437
2021-08-28 14:00:00,9.994050798362174,0.923892296499649,44.33980874868118,987.7275,900.1269,900.1268,289.08660000000003,0.32653499999999996,0.00254666666666665,0.0015,0.0011,0.009274999999999926,0.037403333333333275,0.0,903.3144374999999,903.6621,101958.603125,-1.614331225e-06,0.0,244.39324125,863.6641495864797
2022-04-26 16:00:00,13.251870187254678,0.8353117318634277,37.71096799970975,1087.083,979.4097999999999,800.2729,239.42699166666665,1.5375716666666666,0.0009,0.000675,0.0006,0.0089783333333333,0.01805,28.48333333333333,909.42578125,929.0859375,100731.134375,-2.472690525e-06,0.805915825,248.27759125,852.0298453793598
2021-12-12 12:00:00,-23.01496090956468,1.06277828091854,51.56145469264844,865.1616,759.2473,677.9972,264.6818916666667,1.7448383333333333,0.0005,0.006268333333333275,0.0001,0.004649999999999975,0.0121,15.65,798.78515625,799.4453125,101252.553125,-8.748274124999999e-05,0.15687179499999998,268.67640500000005,746.9813016900396
2021-06-06 18:00:00,22.575969425671758,1.1940353120937648,56.40774664878161,761.0082,664.3983000000001,664.3982,261.55969166666665,1.3957383333333335,0.003148333333333325,0.00088666666666665,0.0011,0.0151433333333333,0.0387883333333333,0.0,558.34765625,564.015625,100950.5625,-1.36435845e-06,0.0,240.71208375,668.3800791082344
2021-05-28 20:00:00,21.333052559931044,2.7339996020200292,76.03404469788511,341.0825,260.545,84.9917,265.08534499999996,3.8142283333333333,0.00090166666666665,0.0001,0.00074166666666665,0.006991666666666625,0.016779999999999975,94.56666666666666,153.46875,164.0625,101129.74375,-4.1999737375e-07,0.0,258.993425,260.0341603739662
2021-07-16 18:00:00,21.507804018929004,1.1381317191286544,54.5156389038623,799.7383,705.4537,638.7107,266.1987833333333,1.476725,0.0012,0.0003,0.0019416666666666501,0.0091433333333333,0.018091666666666624,31.683333333333334,599.23046875,600.03515625,100795.14125,-1.499196525e-06,0.058174131250000004,252.7770675,581.8374685364976
2022-03-30 17:00:00,3.4670564910287975,0.7764441439195807,31.665741917466207,1175.9582,1003.8869000000001,1003.8869000000001,250.15380833333333,8.399468333333333,0.00132666666666665,0.0001,0.0001,0.013834999999999976,0.01578999999999995,0.0,864.41015625,925.296875,100890.140625,-2.8247886375e-06,0.20172881874999998,271.9425,993.4555915138438
2021-12-30 11:00:00,-23.19418976492388,1.664884086443553,66.63052971508908,542.8094,423.0887,319.8933,255.790115,8.181326666666667,0.0009,0.0007,0.0002,0.0117833333333333,0.021524999999999975,31.083333333333332,418.29296875,484.85546875,101892.015,-4.7370121250000006e-05,0.0,281.56675,244.97662711254947
2022-04-20 16:00:00,11.241196996341696,0.8136104545614017,35.68646495832369,1117.5645,1007.9102,1002.996,246.41031,1.57831,0.0007,0.0007,0.00019,0.0061833333333333245,0.019694999999999976,2.2,950.84765625,951.09375,101050.14937500001,-2.472486825e-06,0.07439422500000001,243.2247075,954.3149946062566
2021-10-31 13:00:00,-13.862959575349032,0.8424365851185622,38.33373391683887,1090.2513000000001,913.4488,871.5817,267.3917166666667,8.387368333333333,0.004418333333333325,0.0039583333333333,0.0001,0.03724999999999995,0.045043333333333296,2.383333333333333,890.26171875,939.234375,101844.17125,-8.162373162499999e-06,0.0,275.4731975,912.4757281553399
2022-04-28 15:00:00,13.894269146921822,0.8654491031264251,40.22273813537878,1050.106,914.368,914.368,237.24053833333332,3.5940266666666663,0.000743333333333325,0.0012533333333333,0.0002,0.0090333333333333,0.014838333333333325,0.0,858.75390625,900.859375,101460.64125,-2.28453425e-06,0.54355238625,259.7802675,903.3261416756562
2021-12-02 18:00:00,-21.84754604183108,0.7757868774225007,31.58690361516301,1186.4757,1006.4171,824.2935,268.03140333333334,9.142925,0.0013466666666666499,0.001253333333333325,0.0001,0.0151233333333333,0.015714999999999976,18.233333333333334,674.71875,892.0546875,101030.2125,-4.171190062500001e-06,0.8800201625,276.4347375,1038.7810140237325
2022-04-29 14:00:00,14.209846623471503,0.9700859858522282,47.06832210030817,938.6852,789.2906,709.7049,237.00858,7.086155,0.0015300000000000001,0.000639999999999975,0.0001,0.02196499999999995,0.0303033333333333,11.466666666666667,695.58984375,795.875,101946.53812499999,-1.5293189875e-06,0.8061942875,275.0129875,749.4624235886372
2021-09-23 18:00:00,0.24877954527974486,0.8736087266110077,40.85185260958078,1041.9682,870.731,669.067,278.3461966666667,7.313454999999999,0.00692166666666665,0.002589999999999975,0.0011233333333333251,0.05093999999999995,0.0604,90.83333333333334,654.875,770.30078125,101313.15875,-1.4302233625000001e-05,0.45993043375000003,276.59536375,373.75404530744333
2021-11-23 14:00:00,-20.196769243998993,0.7202348287468247,23.423691232327666,1281.8836999999999,1079.7281,984.7257,260.1507016666667,11.931700000000001,0.00355666666666665,0.0025083333333333,0.0002,0.03513833333333333,0.028915,9.066666666666666,1034.49216875,1075.4491874999999,101341.18062500001,-5.4248608875e-05,0.691452025,277.61252,1086.3861920172599
2021-12-11 10:00:00,-22.931570495687936,3.1294506947281846,77.83178680563266,359.132,253.6898,26.055,257.67785333333336,11.984576666666669,0.0008,0.0038833333333333,0.00015666666666665002,0.01245,0.0360833333333333,100.0,251.08984375,326.48046875,101352.4975,-3.7441816e-05,0.818164825,280.15127375,146.82488313556274
2021-12-30 12:00:00,-23.19418976492388,1.1071992387389455,53.36519682492523,828.4821,681.8185000000001,680.7795,255.86613333333332,8.014496666666666,0.0009,0.000648333333333325,0.0002,0.01131666666666665,0.0207066666666666,0.0,711.96875,730.296875,101734.90875,-7.70086775e-05,0.0,281.2599225,665.0737144911902
2021-08-30 15:00:00,9.287518646569767,0.8186478327260961,36.17476850441654,1111.5254,986.2735,916.8681,279.07605333333333,2.038515,0.0028,0.00156666666666665,0.00196666666666665,0.02012499999999995,0.05634666666666663,47.083333333333336,956.18359375,956.52734375,101629.54000000001,-2.51963505e-06,0.0,260.704075,945.2894642215031
2022-02-10 17:00:00,-14.613878629738002,0.6868484344714237,15.799935112726297,1347.695,1160.9517,1128.1847,260.5151433333333,7.463678333333333,0.001035,0.00230666666666665,0.0,0.008088333333333326,0.07788833333333328,6.583333333333334,999.90625,1091.9414375000001,100678.60062499999,-0.000140414895,0.07823562875,276.30041,981.1380798274001
2021-12-20 14:00:00,-23.405930796463227,0.7305032866471517,25.21915208605895,1267.6622,1058.2809,496.2892,252.70281666666665,15.192571666666666,0.00269166666666665,0.0,0.0,0.03234666666666662,0.0110083333333333,100.0,554.484375,1053.67578125,101755.209375,-2.36628695e-05,0.5294227437500001,279.8732875,806.504854368932
2022-03-30 18:00:00,3.4670564910287975,0.8712143484296297,40.669296819098825,1045.705,884.203,884.2032,249.21301666666665,8.214486666666666,0.001423333333333325,0.0001,0.0001,0.014039999999999974,0.015694999999999976,0.0,727.9296875,783.03125,100776.390625,-2.16762415e-06,0.1722145,272.96123,871.1614527148507
2022-03-18 19:00:00,-1.2516042922501336,1.0041387881902721,48.85175342597046,906.255,770.5472,632.5957000000001,248.9333583333333,4.158251666666667,0.00084,0.000368333333333325,0.0001,0.008183333333333275,0.047814999999999976,10.366666666666667,638.0,655.03515625,101068.203125,-5.745299925e-06,0.008125305,266.61203625,750.7461344839985
2022-01-06 16:00:00,-22.586362240552145,0.6612586624057546,1.85472657843255,1404.3365,1204.4324000000001,1042.5955,262.1432033333333,9.653146666666665,0.0014,0.001078333333333325,0.0002,0.017261666666666627,0.0221533333333333,25.066666666666666,1092.9726249999999,1162.0702999999999,101084.03125,-3.1609321375e-05,0.0,276.2628825,1067.844300611291
2021-06-28 15:00:00,23.331758781090016,1.0197458009849232,49.61421685110028,889.694,804.3888,804.3888,270.6849966666667,0.3922916666666666,0.002084999999999975,0.000795,0.0011,0.013309999999999975,0.03797499999999995,0.0,775.81444375,783.0663999999999,101765.39125,-1.9967265125e-06,0.0,249.18842625000002,785.794678173319
2022-01-05 19:00:00,-22.69589488082858,0.8839173801249612,41.619177918452586,1044.7644,864.5584,788.6541,257.790405,13.1293,0.00101,0.0006,0.0002,0.012819999999999976,0.019298333333333275,47.18333333333334,595.6796875,744.55859375,101122.609375,-2.2515276124999998e-05,0.3081703175,277.8616975,337.43797195253507
2022-03-05 18:00:00,-6.348514071462508,0.7870596253493441,32.898028734165855,1165.6359,986.5243,986.5243,259.4692533333333,9.819721666666666,0.0012,0.000203333333333325,0.0001,0.015623333333333324,0.0135,0.0,881.26953125,892.63671875,100732.3775,-6.3136975125e-06,0.31536102499999996,273.5109625,971.1254944264653
2021-06-02 19:00:00,22.087517428904057,1.5853235066633646,65.38042677533996,577.1957,483.2703,483.2704,260.2089916666667,1.9500633333333333,0.00205166666666665,0.00063666666666665,0.0022483333333333253,0.015329999999999976,0.04018499999999997,0.0,375.53515625,377.95703125,101173.234375,-9.0012324375e-07,0.0,247.04935125,454.5577130528587
2021-10-17 18:00:00,-8.9590730469046,0.8288483151084469,37.12889599156005,1102.3109,994.2051,888.6286,267.52311000000003,1.482175,0.000678333333333325,0.0004,0.0002,0.004898333333333275,0.011281666666666626,36.33333333333333,835.5859375,867.8515625,100249.78125,-1.3282697e-06,0.50980375625,244.75090875,972.0244516361021
2022-04-21 19:00:00,11.584477881689722,1.2580369689397366,58.324690667408134,721.4217,611.0838,603.3777,246.41315666666665,2.5643616666666667,0.0008,0.001293333333333325,0.000155,0.008904999999999975,0.0498633333333333,2.1333333333333333,485.91796875,494.45703125,100396.94625000001,-8.725910375000001e-07,0.6324844125,252.09864875,575.4980222941388
2022-04-27 17:00:00,13.574913808648922,0.8832329708661341,41.56914567874671,1027.2449,906.1791,906.179,236.30160333333333,2.3946533333333333,0.0009,0.000435,0.000285,0.0106033333333333,0.02427499999999995,0.0,806.7890625,831.5625,100647.009375,-2.06872935e-06,0.8206215025,246.61869875,767.1664868752247
2021-05-31 16:00:00,21.80461176025619,0.9556442720659226,46.25684155829662,946.6212,859.0959,859.0957,257.29823833333336,0.7205,0.001,0.0002,0.0016,0.008838333333333325,0.01370166666666665,0.0,800.3828125,801.8418125000001,101863.15875,-1.999200325e-06,0.0,248.80322125,856.4005753326142
2021-05-25 20:00:00,20.80622616311848,2.690914027211081,75.80528913824244,345.67900000000003,262.6786,243.813,260.38533666666666,3.8761416666666664,0.00087666666666665,0.0001,0.001233333333333325,0.007809999999999975,0.0286533333333333,18.483333333333334,165.19140625,168.9296875,101217.35062499999,-2.1434970875e-07,0.028347015,246.62158875,186.826681049982
2022-02-05 13:00:00,-16.172484795464626,0.9243364842358159,44.367997370661975,999.2977,833.0558,371.541,267.28488000000004,8.236481666666666,0.0015,0.0033,0.0001,0.017644999999999977,0.05093999999999995,99.26666666666667,773.13671875,885.65625,101643.96875,-9.261077625000001e-05,0.19932556,276.08466125,682.5997842502696
2022-02-09 13:00:00,-14.934310707534713,0.932139418015939,44.856551714690816,991.1855,836.3344,572.0965,264.89480833333334,6.605686666666667,0.000773333333333325,0.00296666666666665,0.0,0.008116666666666626,0.029496666666666626,51.266666666666666,490.80078125,858.609375,101768.15625,-8.991599475e-05,0.030261993125,279.89453625,899.7536857245594
2021-05-19 17:00:00,19.593649658139718,0.9732393931348244,47.24091521365167,929.739,822.3689,822.3689,256.3838533333334,1.7833316666666668,0.001,0.0009,0.0060383333333333,0.011831666666666626,0.030889999999999973,0.0,747.7890625,747.84375,100974.140625,-1.2598757e-06,0.089179995,247.22054624999998,776.6522833513125
2021-12-20 15:00:00,-23.405930796463227,0.6746015416387484,11.56543027203874,1374.2567,1155.0409,510.0268,252.268395,15.65205,0.00277,0.0,0.0,0.03027999999999995,0.0100933333333333,87.5,644.78515625,1124.8476375,101643.13187499999,-1.169307475e-05,0.25687408375000004,279.74892374999996,635.3649766271126
2021-10-09 15:00:00,-5.952169923211082,0.7069907249589251,20.805842779769826,1293.5720000000001,1115.2254,984.0198,267.0930866666667,7.696803333333333,0.0015,0.0006049999999999749,0.001475,0.01264666666666665,0.0198233333333333,21.949999999999996,1061.1133125000001,1082.6601375,100752.47750000001,-3.142893575e-06,0.19135665937500002,258.50151,846.0445882775979
2022-01-08 19:00:00,-22.34501797811082,0.8810080412635781,41.40561628776121,1048.5478,861.0621,415.5315,258.561345,15.17604,0.0011133333333333251,0.0003,0.0001,0.021144999999999976,0.018474999999999974,100.0,436.46875,741.33984375,101256.11812500001,-1.79230415625e-05,0.7960471975,278.88430999999997,418.6839266450917
2021-08-30 18:00:00,9.287518646569767,0.9440820455823039,45.58093118412151,961.4204,844.852,844.852,278.5670766666667,1.919165,0.0026,0.0013,0.001804999999999975,0.01862999999999995,0.05331999999999998,0.0,734.58984375,735.00390625,101071.89125,-1.6969861750000002e-06,0.0,252.23365375,822.0837828119381
2022-01-17 14:00:00,-20.903602854067646,0.7512689618071672,28.39813999893065,1233.1005,1042.7085,980.4757,257.3793166666667,11.685685,0.0005883333333333249,0.000295,0.0,0.0064283333333333,0.012766666666666624,22.299999999999997,995.5703125,1046.90234375,101244.81,-6.933172812500001e-05,0.08592605625,278.2138675,1029.8453793599424
2021-10-13 17:00:00,-7.46891326631733,0.7334571369934761,25.70500525171368,1246.3252,1088.4864,938.6336,270.6439316666667,4.6509133333333335,0.0011883333333333249,0.0011,0.0001,0.0084833333333333,0.01183999999999995,35.1,915.38671875,1001.2500312500001,100048.26625,-2.1776650375e-06,0.6089630187499999,255.88045625,1096.2962962962963
2021-08-17 17:00:00,13.674443608872464,0.8756430577103583,41.00564960524216,1035.8597,942.7909,942.7909,276.86202,0.8020116666666667,0.001,0.0002,0.000794999999999975,0.005849999999999975,0.027118333333333276,0.0,852.6953125,853.0625,101216.3775,-1.900392775e-06,0.0,245.70551,912.064005753326
2021-06-26 12:00:00,23.400584056892775,2.4620354397439956,74.45101100658661,382.0268,312.1121,228.2548,266.1502316666667,0.7041283333333334,0.00149666666666665,0.0007,0.003599999999999975,0.016651666666666648,0.034693333333333326,87.35,357.8359375,368.9609375,101589.05374999999,-6.408372625000001e-07,0.5989074812499999,248.88558874999998,289.7446961524631
2021-06-06 13:00:00,22.575969425671758,1.4415537090880541,62.729582577985084,634.9298,532.2943,399.6087,265.7458833333333,2.366458333333333,0.0023233333333333,0.0006283333333333249,0.0014550000000000001,0.01580999999999995,0.042696666666666626,35.06666666666666,518.2109375,559.72265625,101945.15,-2.84684935e-06,0.0,269.01114375,516.643293779216
2022-03-10 18:00:00,-4.403703272840077,0.8000413811154512,34.309400030575624,1144.9655,958.5728,861.3064,256.551445,12.137101666666666,0.001503333333333325,0.000363333333333325,0.00016666666666665002,0.026051666666666626,0.018693333333333298,25.0,808.73828125,863.34375,100708.11,-5.166191825e-06,0.6088714625,274.297815,971.5210355987055
2021-05-21 18:00:00,20.020752196833463,1.1411471475017103,54.623593992170925,794.6276,708.2655,708.2657,262.81419166666666,0.8814,0.001068333333333325,0.0002,0.00094,0.006,0.026833333333333275,0.0,606.0234375,606.17578125,101044.6625,-6.993068349999999e-07,0.0,240.02932625,683.1841064365335
2021-10-29 13:00:00,-13.199388829168585,0.8455628765144022,38.60103419154202,1085.8007,910.4173999999999,592.1754,267.56698666666665,8.850926666666666,0.0035116666666666248,0.0005,0.0001,0.03085666666666665,0.04005499999999995,64.66666666666667,878.1796875,934.859375,101982.49375,-3.0435330125000002e-06,0.029010772749999997,276.0727175,899.014742898238
2021-08-15 12:00:00,14.300516543806014,1.9080150321223934,69.75420456324005,489.7787,408.6141,344.2039,287.11442166666666,1.3030466666666667,0.0019,0.00084166666666665,0.00185,0.011218333333333275,0.033376666666666596,15.916666666666664,460.87694375,461.2265625,102125.525,-8.23842125e-07,0.0,258.200075,393.9014742898238
2022-04-10 18:00:00,7.655330656380791,0.9228413813099379,44.272951769605676,985.0581000000001,858.9739,814.7969,248.15148166666668,2.8339333333333334,0.0003,0.00113166666666665,0.0001,0.0034,0.022046666666666652,2.3,750.1796875,753.66796875,100205.815,-2.328917675e-06,0.0,245.16657125,708.3477166486875
2022-01-16 20:00:00,-21.091538598017067,1.1389350488738077,54.54446886717175,805.7899,646.0572999999999,193.1574,259.19856833333336,12.02052,0.002178333333333325,0.00182666666666665,0.0001,0.024008333333333326,0.033429999999999974,100.0,393.0703125,524.0078125,100748.44,-8.430651875e-06,0.901466375,276.73569,234.16217188061847
2021-08-20 18:00:00,12.708712404038568,0.9826083803493199,47.74442101453071,923.5618,824.2258999999999,824.2257999999999,265.4129516666667,0.931845,0.003168333333333325,0.0012383333333333248,0.0011,0.013474999999999975,0.0677533333333333,0.0,714.09375,714.2734375,101005.14749999999,-1.5113328e-06,0.0,242.8566525,797.3534699748292
2022-03-22 19:00:00,0.32893462043704336,1.0269862944866806,49.957234682948595,885.3244,736.4527,615.44,247.90728166666665,7.837851666666666,0.00092,0.001163333333333325,0.0001,0.01019499999999995,0.03803999999999998,24.03333333333333,533.1171875,611.43359375,100703.06937499999,-2.2344525125000004e-05,0.43770216125,278.00908499999997,651.6289104638619
2021-08-02 18:00:00,17.9726549263364,1.0623559206112057,51.54335794053288,855.2090000000001,716.386,716.386,282.5505566666667,5.728276666666667,0.00215166666666665,0.0005200000000000001,0.00317166666666665,0.018909999999999975,0.0522,0.0,545.71484375,621.55859375,101739.640625,-8.56030935e-07,0.0384712225,268.0363825,680.6454512765192
2022-04-28 12:00:00,13.894269146921822,1.764584565317765,68.02400894213771,522.6495,447.2885,279.6172,240.0748283333333,1.03975,0.000525,0.00096166666666665,0.0001,0.0073933333333333,0.01376499999999995,88.78333333333333,442.96875,497.9453125,101838.31,-1.1148222125e-06,0.6776123024999999,241.54151875,432.86048184106437
2022-01-22 12:00:00,-19.865473276652246,1.1888208053531406,56.24050338958439,770.7215,611.1985,427.0647,267.3059616666667,13.806043333333333,0.002579999999999975,0.0,0.0,0.03263166666666663,0.0104,33.733333333333334,651.49609375,669.01953125,101431.43062500001,-4.79424495e-05,0.113933565,279.79608125000004,675.0934915498021
2022-03-21 11:00:00,-0.06592403700579391,2.836527608076167,76.5496275095716,367.97346666666664,262.2928,34.065466666666666,246.11416444444444,11.497931111111109,0.0012,0.0002,0.0002,0.020088888888888833,0.04465555555555553,100.0,184.96875,330.640625,101867.31,-8.1522158e-06,0.006500244,280.04134999999997,53.73846338247633
2021-12-02 16:00:00,-21.84754604183108,0.6631576864411387,4.717575557615437,1393.7736,1204.463,1158.031,267.71541666666667,7.956853333333333,0.00104166666666665,0.0013,0.0001,0.012729999999999974,0.0153283333333333,3.2999999999999994,1097.441425,1138.8515499999999,101006.97562499999,-7.820344625e-06,0.65691376875,275.18568500000003,1176.9093851132684
2021-10-31 18:00:00,-13.862959575349032,0.8099719748710503,35.326297962229845,1130.0384,942.7476999999999,318.2496,268.340015,10.316661666666667,0.0049,0.0027,0.0001,0.040608333333333274,0.046204999999999975,93.0,701.84375,831.58203125,101324.04625,-2.192246025e-06,0.37916565625,275.9596725,832.0028766630708
2021-11-12 10:00:00,-17.500585684430142,3.147386454922982,77.90235389426418,324.74253333333337,231.6686666666667,25.791066666666666,267.61381111111115,7.719533333333334,0.0022400000000000002,0.0011,0.0002,0.017737777777777766,0.019482222222222203,75.31111111111112,237.1875,300.96875,102090.59500000002,-8.631381249999999e-06,0.9960785,278.70645,81.13388469375523
2021-11-12 19:00:00,-17.500585684430142,0.9788536509528392,47.54427810963864,932.7007,772.5738,533.5385,266.15708,8.815993333333333,0.003016666666666625,0.001848333333333325,0.0002,0.021474999999999952,0.019263333333333327,100.0,495.93359375,636.37109375,101090.734375,-1.460712525e-05,0.99178314875,275.22062625,529.6422150305646
2021-07-14 14:00:00,21.81384026311456,1.1369076480305267,54.47161104800357,802.1125999999999,675.1564,648.264,270.1484566666667,4.941885,0.0014283333333333,0.000309999999999975,0.0014933333333333,0.012486666666666625,0.02031,3.3,681.5078375,684.6484625,101507.459375,-2.317916375e-06,0.0,267.16295625,645.5357784969435
2021-08-08 16:00:00,16.368880793813542,0.8724320811673044,40.76235057045014,1040.0423,924.1196,859.0784,272.8673616666667,2.0218066666666665,0.0018,0.0009633333333333249,0.00174,0.012839999999999975,0.024674999999999975,25.383333333333333,870.6113437500001,870.9453125,101155.89749999999,-1.520791525e-06,0.0,247.82801999999998,890.4890327220423
2021-11-13 11:00:00,-17.773343755449314,1.5314383336163266,64.45195758361054,596.6923,467.2351,208.4576,264.5399083333333,7.8543433333333335,0.00297666666666665,0.00579999999999995,0.0001,0.02438999999999995,0.027435,98.16666666666667,464.92578125,524.2578125,101637.14,-1.0230636375e-05,0.6072311525,277.620025,334.2736425746134
2021-07-30 20:00:00,18.709874177214118,2.2175399574438677,72.68201859079481,418.2335,325.3196,28.9309,281.23031333333336,3.7615933333333333,0.0015,0.000393333333333325,0.00283999999999995,0.015918333333333326,0.026499999999999975,100.0,165.94921875,216.703125,101047.66312499999,-4.4266926e-07,0.8721427875000001,251.044665,248.95900755124055
2021-07-04 14:00:00,22.96156848261638,1.1583851334246127,55.22728651785887,786.6386,698.5396000000001,698.5396000000001,269.2753466666667,0.74082,0.0015,0.0015999999999999751,0.0045,0.015124999999999951,0.03889166666666662,0.0,703.83203125,704.1328125,101918.91500000001,-2.5230984375e-06,0.337207795,247.07984375,657.7220424307802
2022-04-06 15:00:00,6.155857075258399,0.7919924990312839,33.445996411545316,1154.2476000000001,963.4757999999999,963.4757999999999,234.79944166666667,11.8065,0.002818333333333325,0.001458333333333325,0.0003,0.041646666666666624,0.09457666666666664,0.0,896.57421875,952.26953125,101358.9525,-3.7899299874999997e-06,0.41302871625000004,274.3010625,975.1708018698309
2021-08-30 11:00:00,9.287518646569767,3.503041946780031,79.14944919699383,351.32759999999996,267.776,172.50400000000002,276.51215,2.465513333333333,0.0021,0.0014166666666666499,0.0015,0.015596666666666651,0.0418066666666666,100.0,337.9609375,337.31054374999997,102386.30374999999,-2.10892185e-06,0.0,270.7102675,239.03631787126935
2021-06-08 16:00:00,22.78079610405873,0.9727963386446723,47.21676240884422,930.2978,822.7969,730.2333,259.661545,1.7258983333333333,0.0017699999999999999,0.003019999999999975,0.0032,0.015298333333333325,0.0327883333333333,18.633333333333333,742.4746250000001,777.41015625,101563.84375,-1.7970741750000001e-06,0.97368240625,249.19327875,796.5983459187341
2021-07-18 13:00:00,21.177287444932837,1.4566191660935046,63.034983779443785,631.9441,527.1266,432.7745,267.48489500000005,2.421405,0.00456999999999995,0.00062666666666665,0.002275,0.02325,0.03273499999999997,12.733333333333334,563.4511625,564.52538125,102559.365625,-1.3992539875e-06,0.046165466249999995,265.3000775,509.91190219345555
2022-04-02 11:00:00,4.6279984902454006,3.1032860780970433,77.72734648412869,340.8916,244.31986666666668,168.84986666666666,253.9558088888889,7.692853333333333,0.0013177777777777667,0.0020822222222222,0.0002955555555555333,0.0190911111111111,0.04179999999999997,100.0,284.234375,320.890625,101820.5625,-1.1533265799999999e-06,0.67306518,276.61251,106.17523672539853
2021-11-16 14:00:00,-18.55994333065872,0.7207645257626012,23.52075091374537,1279.226,1094.675,1077.0292,263.244815,8.527503333333334,0.00154666666666665,0.00390166666666665,0.0002,0.014294999999999974,0.027669999999999976,0.85,1047.1015625,1079.234325,101108.796875,-1.3206154e-06,0.5396842937499999,273.1474975,960.9223300970875
2021-12-31 17:00:00,-23.13025603340483,0.6835718343143591,14.79781993564365,1357.2114000000001,1160.734,573.0953999999999,253.54092333333332,9.289081666666668,0.0021,0.0004,0.000428333333333325,0.0250733333333333,0.025323333333333326,66.96666666666667,950.5390625,1076.796875,101185.50625,-7.225602375000001e-05,0.28628539875,281.40628125,1112.3462783171522
2021-06-18 12:00:00,23.40001518935459,2.413086569119671,74.1267444755622,388.603,307.7398,195.46790000000001,249.24375166666667,2.553865,0.00124,0.0004,0.0009,0.011256666666666625,0.019821666666666626,56.016666666666666,359.19921875,360.1015625,101850.70999999999,-5.227502725e-07,0.0,262.5343875,284.25386551600144
2021-09-15 16:00:00,3.343031949961012,0.7476329304360293,27.878065354290555,1217.4425,1093.8939,1068.9757,276.12847166666666,1.7211883333333333,0.0034683333333333,0.0007,0.001944999999999975,0.02206166666666665,0.042249999999999954,3.3,1014.63671875,1024.9140625,100885.80374999999,-2.5482150125e-06,0.12388610750000001,258.3760125,1092.7364257461345
2021-08-02 17:00:00,17.9726549263364,0.9321219645374043,44.855472697798206,973.1142,827.2589,826.4971,283.02443500000004,5.422325,0.00231666666666665,0.0006,0.0032,0.019649999999999973,0.052633333333333296,0.0,723.609375,755.91015625,101970.759375,-1.1019874375e-06,0.0893898,268.56571125,817.0262495505214
2021-08-01 18:00:00,18.223378839539592,1.0669824375857542,51.740563536497646,851.5888,715.9592,655.8982,279.462835,5.346571666666668,0.0019,0.0004,0.002438333333333325,0.014178333333333326,0.05092666666666663,20.516666666666666,526.78515625,621.671875,102145.16500000001,-6.1234458125e-07,0.8409652725000001,266.63051874999996,683.5131247752606
2021-06-04 17:00:00,22.34476268708092,1.020551062448444,49.65269314359413,887.3044,784.731,399.15999999999997,264.75341,1.428615,0.0016616666666666498,0.0004,0.00240166666666665,0.01689333333333325,0.045348333333333296,100.0,684.8359375,708.36328125,100842.84375,-1.892098225e-06,0.63003923125,244.65305999999998,441.2297734627831
2022-03-06 12:00:00,-5.961962845709774,1.3801631947768522,61.40636566781044,669.2117000000001,522.0840000000001,277.36350000000004,261.65705,13.825218333333334,0.00193,0.000338333333333325,0.0001,0.0308033333333333,0.022773333333333274,100.0,551.2578125,597.01171875,101592.15,-2.914486625e-06,0.94023515,276.75664875,270.0017979144193
2021-08-17 15:00:00,13.674443608872464,0.8700174422822968,40.577408259019464,1045.23,951.3379,951.3378,279.65049166666665,0.7856966666666667,0.001115,0.000245,0.00117666666666665,0.00658999999999995,0.0314283333333333,0.0,919.427725,919.7754062500001,101535.240625,-2.1411978625e-06,0.0,255.64773624999998,923.4268248831356
2021-05-10 17:00:00,17.406567916208562,0.9380666341862769,45.219508193810846,964.7838999999999,801.2114,801.2114,242.50249499999998,7.5581,0.006793333333333325,0.0011,0.0019,0.0585733333333333,0.05547333333333328,0.0,722.8984375,744.2734375,101060.02249999999,-1.3951793875e-06,0.1447944625,267.0016075,804.9946062567421
2021-11-08 18:00:00,-16.35975054890701,0.8005653102708717,34.364345473877805,1144.6116,988.2577,988.2576,276.7713116666667,4.781063333333333,0.001816666666666625,0.003513333333333325,0.0002,0.0135783333333333,0.0161383333333333,0.0,787.84375,862.0078125,100579.64937500001,-2.4261826375e-06,0.26214599375,265.586135,711.005034160374
2021-08-20 12:00:00,12.708712404038568,1.8152267481562085,68.6684957477436,513.5041,437.5315,435.9582,267.797975,0.806975,0.0016383333333333,0.0011616666666666498,0.00059666666666665,0.0074433333333333,0.034264999999999976,0.0,486.302725,486.642575,101981.703125,-7.137423499999999e-07,0.0,256.8791025,418.44300611290896
2022-01-06 17:00:00,-22.586362240552145,0.6819858896501886,14.284456928759706,1361.096,1163.7855,953.5036,261.8404816666667,9.781841666666665,0.0014,0.001,0.0002,0.01699499999999995,0.021664999999999948,31.549999999999997,1032.1953125,1091.4687812500001,100997.64937500001,-2.7386646e-05,0.003170013375,275.49338125,1080.631067961165
2021-08-06 17:00:00,16.921849289144873,0.9169142910202351,43.89148067824916,989.1827000000001,888.127,888.127,274.14002,1.1183200000000002,0.0025033333333333253,0.002958333333333325,0.0017583333333333249,0.0123,0.04237166666666663,0.0,806.4082187500001,806.734375,101588.14,-1.1463998875e-06,0.0,239.58849750000002,869.5972671700827
2021-11-28 19:00:00,-21.180550001136528,0.9455774728675888,45.66972354440466,967.8996,797.87,731.6325,267.7246783333333,11.633836666666667,0.001639999999999975,0.0026,0.0001,0.0165216666666666,0.0161833333333333,23.03333333333333,489.90234375,665.78125,100709.21187500001,-3.1056406875e-06,0.43134688875,276.93545625,550.0179791441927
2022-02-24 21:00:00,-9.749847095018675,2.0154443833529347,70.87833347404398,441.3163,317.8419,28.9723,253.65070333333335,13.41272,0.002,0.003129999999999975,0.0001,0.03235499999999995,0.05222166666666665,100.0,106.96484375,211.12109375,101241.3125,-5.5376004625e-06,0.99129104625,279.32054875,228.8277597986336
2022-01-05 14:00:00,-22.69589488082858,0.7416288887438958,26.987552732097516,1249.0884,1056.4531,820.8356,258.8117833333333,11.033375,0.0012,0.0009,0.0004,0.015173333333333299,0.02699666666666665,44.95,574.3203125,1055.7382625,101593.68062500001,-2.6249967e-05,0.0215759270625,276.5961,1087.3103200287665
2022-03-20 16:00:00,-0.4610330930446514,0.7230497543575841,23.93363105266496,1269.0812,1083.3647,862.2921,252.05942833333333,9.298738333333334,0.0014,0.000298333333333325,0.0002,0.016838333333333302,0.04655166666666663,43.6,955.25390625,1027.0507499999999,101353.70999999999,-2.1402724e-05,0.92383194125,276.652675,1020.5933117583602
2021-06-10 12:00:00,22.958939285626407,2.3316435738531123,73.5557718558631,400.8012,332.9616,208.3093,257.6910516666667,0.7085666666666667,0.001348333333333325,0.000823333333333325,0.002875,0.01254,0.0221533333333333,78.58333333333333,382.3203125,384.21875,102550.76625,-4.3746876249999997e-07,0.0040626525,255.95331875,299.53793599424665
2021-10-27 10:00:00,-12.521944252047032,3.6824174522866513,79.68540165667419,325.6026,232.5088,35.6952,293.6943466666667,5.692483333333333,0.0032,0.0007,0.0001,0.026376666666666652,0.019149999999999952,74.96666666666667,307.9296875,314.234375,102389.609375,-4.399626e-07,0.0,269.44518750000003,203.41244156778134
2021-09-04 17:00:00,7.48008085874097,0.8155656497705777,35.87739399437206,1113.5262,1008.8138000000001,1008.8138000000001,267.47521166666667,1.09849,0.0028566666666666497,0.000965,0.000668333333333325,0.01469666666666665,0.033369999999999976,0.0,913.8359375,914.328125,100961.89749999999,-2.7866626875e-06,0.0,242.88964875,957.0837828119381
2021-11-06 11:00:00,-15.761050291893833,1.56003559927384,64.9535647122855,585.6367,467.38439999999997,282.5801,280.01035,6.496706666666666,0.00122166666666665,0.001143333333333325,0.0001,0.01143666666666665,0.01333499999999995,100.0,404.07421875,516.4453125,101845.140625,-7.6148716250000004e-06,0.6074866999999999,277.9221275,399.20172599784246
2021-09-07 19:00:00,6.370917587138424,1.1596880017627385,55.27200768627725,783.6796,651.1660999999999,299.7596,271.46598833333337,5.36102,0.00261166666666665,0.0003,0.00125166666666665,0.0231466666666666,0.0246783333333333,100.0,428.88671875,528.13671875,100163.46875,-9.1147376375e-07,0.8297462475,256.83600625,378.62099964041715
2022-04-19 13:00:00,10.894860095244674,1.148595551851304,54.88721776081354,797.1885,687.0089,659.5861,242.08970333333332,2.5800616666666665,0.0006,0.0009,0.000223333333333325,0.006438333333333325,0.01355,6.233333333333333,709.66015625,721.15625,101556.565,-1.7434068000000002e-06,0.49692535625,268.18866875,664.2682488313555
2021-12-13 20:00:00,-23.090758690794445,1.223719721619656,57.32689867584537,744.3525999999999,608.903,600.9937,261.63177833333333,6.981554999999999,0.0007,0.005093333333333325,0.0002,0.0069,0.018,0.7333333333333333,443.66796875,477.0390625,100538.196875,-2.8996932249999997e-05,0.07211685,272.32946875,617.4038115785688
2022-03-31 16:00:00,3.8552830125226754,0.7502463562688535,28.25326920814449,1218.8123,1058.5669,1058.0624,252.90079000000003,5.40375,0.0008,0.000659999999999975,0.0001,0.00966166666666665,0.01752,0.0,993.015625,1009.74609375,101021.3275,-3.4772383875e-06,0.02061081,273.60528,1052.0496224379717
2021-06-27 19:00:00,23.369605731633786,1.5869980373249817,65.40816200299415,579.1436,501.6508,227.8797,265.5463433333333,0.996435,0.00084,0.0004,0.001553333333333325,0.006706666666666651,0.019471666666666602,100.0,374.25390625,383.97265625,100722.265625,-1.06270087375e-06,0.25004577375000003,248.0051575,470.73175116864434
2021-06-14 12:00:00,23.234160110071496,2.3757319819938156,73.86992641750786,394.049,325.81669999999997,206.0387,248.26878666666664,0.8895833333333334,0.0014,0.000365,0.001363333333333325,0.012626666666666625,0.02126,69.08333333333333,379.50390625,379.77734375,102185.021875,-5.507336025000001e-07,0.0,255.16712625000002,297.8209277238403
2021-10-20 15:00:00,-10.055061249212018,0.6907797812771486,16.914668874681677,1326.844,1197.6776,1197.6776,281.1048983333333,2.076335,0.0004,0.001398333333333325,0.0001,0.0026933333333333254,0.008588333333333274,0.0,1143.1523124999999,1145.7265625,101121.834375,-3.3125106125e-06,0.0,263.22813625,1157.7310320028766
2021-08-17 20:00:00,13.674443608872464,1.9612975324469448,70.3281248370865,467.6455,395.384,395.384,274.01151500000003,0.8992,0.0009,0.000225,0.000648333333333325,0.0057,0.026464999999999975,0.0,265.296875,265.609371875,101164.084375,-3.78408006875e-07,0.0,241.62136,369.9298813376483
2021-09-04 11:00:00,7.48008085874097,3.1624286601590814,77.960905171761,339.77653333333336,262.4644,84.42786666666666,264.71255777777776,1.6063711111111114,0.0037488888888888663,0.0012,0.0009000000000000001,0.02336222222222217,0.037659999999999964,77.1111111111111,335.74219,336.10156,101722.625,-2.1388696000000002e-06,0.0,263.67267,253.62339685964278
2022-02-06 15:00:00,-15.869710715406242,0.6943129898333321,17.84896626946398,1335.4122,1146.5054,1041.4183,258.70185,8.011258333333334,0.0016016666666666501,0.00232166666666665,0.0,0.018749999999999975,0.04573833333333328,96.5,782.03515625,1129.9570625000001,101877.58687500001,-0.000106692779375,0.0,277.24603125,1143.8691118302768
2021-06-30 20:00:00,23.235529226093274,2.706011430485219,75.88630152310537,348.7846,284.7399,284.7399,256.4712083333333,1.0643866666666666,0.0009,0.0002,0.00204,0.0078133333333333,0.015086666666666625,0.0,176.734375,176.95703125,101591.484375,-3.43599805e-07,0.0,239.47507875,265.7353469974829
2021-11-29 19:00:00,-21.357553846169253,0.9435774709075342,45.55087758987114,970.1686,802.2225,314.5554,267.52749166666666,9.912614999999999,0.002009999999999975,0.005,0.0002,0.01945666666666665,0.02411166666666665,100.0,505.546875,669.453125,100584.446875,-1.06297666e-05,0.8823776375,277.5571,616.6918374685365
2022-03-09 21:00:00,-4.794858618214097,2.309389496418995,73.39244363232204,382.98650000000004,276.4223,27.9081,253.25971333333334,10.661913333333334,0.0019850000000000002,0.0002,0.0002,0.031925,0.01679166666666665,100.0,134.12890625,175.4609375,100912.2025,-6.750524375e-07,0.5407981937499999,277.54877,242.59618842143115
2022-04-12 18:00:00,8.392577575298015,0.933035778509713,44.91188527850227,973.9794999999999,880.1950999999999,880.1952,254.92225666666667,1.0259966666666667,0.00032166666666664996,0.0003,0.0002,0.003155,0.0138483333333333,0.0,752.55078125,759.94140625,100365.10875,-1.3626122374999999e-06,0.0,243.64577,849.316792520676
2021-05-11 15:00:00,17.66995348916075,0.9145830626444124,43.73935375878969,990.6537000000001,827.1993,809.7007,244.49010666666666,8.776440000000001,0.002954999999999975,0.00074666666666665,0.0065483333333333,0.03666499999999995,0.05227833333333333,2.9833333333333334,810.1015625,821.6933750000001,101287.60062499999,-1.735519625e-06,0.31024169875,266.16952375,832.3318950017979
2021-12-15 10:00:00,-23.219423861684025,3.2000976750952237,78.10506110313793,351.53200000000004,245.04520000000002,112.95760000000001,260.55905,11.872633333333333,0.00165666666666665,0.0012566666666666499,0.0002,0.0239433333333333,0.03524666666666665,54.13333333333333,218.3671875,314.73046875,101835.46625,-1.50170525e-05,0.5929107875,280.54920374999995,234.0920532182668
2022-01-17 17:00:00,-20.903602854067646,0.6803470413538752,13.731598340386862,1364.6518999999998,1162.9353999999998,376.00780000000003,257.5716083333333,11.967149999999998,0.0005,0.0002,0.0,0.0062383333333333,0.010929999999999974,95.96666666666667,978.734375,1082.69921875,100767.1875,-6.257323375e-05,0.39746093125,278.7349225,1056.990291262136
2022-04-26 13:00:00,13.251870187254678,1.1866906140116575,56.17166494548321,770.7183,679.346,607.0802,240.91767,1.3262733333333334,0.0008,0.000558333333333325,0.0006,0.009058333333333324,0.017214999999999973,16.983333333333334,700.8828125,713.875,101406.82125000001,-1.5005643750000001e-06,0.84511565625,254.40131250000002,626.7781373606616
2021-12-18 19:00:00,-23.35461933037622,0.908581965683186,43.34216447823796,1012.5894,836.9287,647.3543,258.00725666666665,11.945763333333334,0.00164666666666665,0.0003,0.0,0.021278333333333302,0.016178333333333322,72.13333333333333,643.21875,720.390625,101100.44437499999,-8.3655174875e-06,0.000869750975,273.42620750000003,847.5044947860482
2021-11-09 15:00:00,-16.652202422289594,0.6747359423124656,11.621098301018897,1364.3405,1179.0998,1061.1202,276.58749666666665,6.954725,0.00268666666666665,0.003565,0.0004,0.020646666666666626,0.02468666666666665,45.16666666666667,1041.578125,1140.3828250000001,101278.796875,-4.0566548124999996e-05,0.7263603200000001,272.55206125,1120.4890327220426
2021-08-22 15:00:00,12.048172409254994,0.8497679383281902,38.95505768109072,1070.3594,979.4332999999999,979.4334,262.3013433333333,0.3941683333333333,0.002,0.00062666666666665,0.0008,0.009184999999999974,0.056318333333333276,0.0,953.40234375,953.7246250000001,101152.14937500001,-2.0778388874999997e-06,0.0,249.62023125000002,953.7396619920892
2022-03-11 11:00:00,-4.011667131882717,2.6452371160360726,75.55437195071897,389.8865333333333,281.3426666666667,82.93093333333333,264.7420088888889,11.852048888888888,0.0013333333333333333,0.0013,0.0001,0.024124444444444403,0.02175555555555553,92.55555555555556,196.546875,352.796875,101825.59500000002,-5.51540875e-06,0.015274047499999999,279.064945,125.07970753925446
2022-03-21 18:00:00,-0.06592403700579391,0.8353771111707254,37.716770950047135,1093.0297,915.2704,915.2704,249.2945233333333,10.739203333333334,0.001635,0.00025166666666665,0.0001,0.020494999999999975,0.04688166666666663,0.0,725.7109375,813.1015625,100766.521875,-2.0019476874999998e-05,0.11903762749999999,277.40221375,899.6583962603379
2021-05-14 19:00:00,18.43034973210218,1.4653090503644155,63.207917640703755,620.9746,526.6819,526.6819,247.2967,1.8807749999999999,0.0016,0.0008,0.00235166666666665,0.0099,0.039564999999999975,0.0,414.23828125,415.05078125,101201.435,-5.91651775e-07,0.0,254.8733925,499.6494066882417
2021-05-04 20:00:00,15.727950717208849,2.2620632286648545,73.03393171400343,403.86150000000004,303.2468,223.974,242.6112,7.23133,0.001229999999999975,0.0006,0.0015899999999999751,0.01500166666666665,0.0419833333333333,35.63333333333333,194.3515625,202.375,101298.203125,-1.2834789525e-07,0.0,278.1524225,285.2840704782452
2022-04-16 19:00:00,9.838422368291791,1.2134603268694186,57.015387457806334,747.7282,625.6803,625.6803,243.46413166666665,5.001945,0.00051166666666665,0.0003,0.00030333333333332495,0.00720999999999995,0.009591666666666625,0.0,508.5546875,522.0078125,100557.52249999999,-7.5786373e-07,0.0,269.5357975,620.0233728874505
2021-11-29 17:00:00,-21.357553846169253,0.696034256877618,18.284105177342575,1325.126,1130.8766,647.3137,267.13716666666664,9.511773333333332,0.00209666666666665,0.0044783333333332995,0.0002,0.02045166666666665,0.023293333333333298,100.0,849.640625,1032.90625,100676.453125,-2.1703018125e-05,0.99918746875,277.4444125,950.710176195613
2022-02-03 14:00:00,-16.76379142181507,0.7670711937569836,30.51101928442692,1207.5424,1020.0194,665.489,255.190805,10.012726666666666,0.0013,0.0016,0.0001,0.012874999999999949,0.061976666666666624,26.7,898.00390625,1026.65234375,101467.77437500001,-0.00013022817374999998,0.005962371750000001,282.4188875,916.6396979503775
2022-04-08 16:00:00,6.909511809950204,0.7736085542461186,31.323378856241103,1179.1255,1011.8048,821.2228,248.28831666666665,7.181885,0.0009,0.0006,0.0002,0.013826666666666624,0.03115666666666665,97.25,913.9411,963.83984375,101109.69437499999,-3.3988035625e-06,0.92524336125,271.15783,1005.992448759439
2022-01-29 19:00:00,-18.153621876160354,0.8745219792318306,40.92104263582142,1055.0430999999999,874.4542,427.41240000000005,255.60385000000002,12.784908333333334,0.0011,0.00042500000000000003,0.00020666666666665002,0.015578333333333326,0.02447999999999995,100.0,470.1484375,740.125,101030.0375,-6.570800875000001e-05,0.4979286125,283.3793675,390.8576051779935
2021-12-22 18:00:00,-23.426039035075107,0.7581766790212625,29.349672902352435,1219.5921,1015.604,751.5535,255.91532,15.815651666666668,0.0012,0.0001,0.0,0.0210433333333333,0.01528666666666665,53.15,766.734375,916.87890625,101100.571875,-1.2238131875e-05,0.77519225,278.51293875,751.6055375764113
2022-02-04 18:00:00,-16.470550440292612,0.7460010334806454,27.64005215730975,1239.8381,1054.9888,851.005,266.9396366666666,8.738123333333332,0.001,0.00424166666666665,0.0001,0.0093,0.06065833333333332,16.53333333333333,820.7578125,956.08984375,100834.8725,-0.0001252678635,0.27563476875,280.6132175,1079.8993167925205
2021-06-28 13:00:00,23.331758781090016,1.507212507034105,64.01040237093308,609.5844,532.5635,504.90790000000004,269.8224216666667,0.34513666666666665,0.002275,0.0008,0.0013449999999999998,0.0153333333333333,0.03671666666666663,10.45,560.8046875,566.375,102112.74124999999,-7.5160641875e-07,0.0,252.9125275,509.8651564185545
2021-12-08 15:00:00,-22.636286803525202,0.6721206342442548,10.481211014136992,1377.2846,1163.8847,849.7844,260.2978783333333,13.6174,0.0018,0.00195,0.001085,0.02616999999999995,0.044449999999999976,100.0,953.6054875,1132.6445125,101447.14749999999,-0.00012143430375,0.948501585,282.6215125,1148.5257101761956
2022-01-13 11:00:00,-21.614433766280886,1.795371814519871,68.42048950552025,501.2482,374.6341,350.1154,258.343315,7.237681666666667,0.0062266666666666495,0.0002,0.0002,0.05573999999999997,0.023104999999999976,8.25,463.421875,459.03515625,102342.828125,-3.2977550249999996e-05,0.0,276.569455,356.6900395541172
2021-08-12 19:00:00,15.21124284412728,1.297999881534074,59.407944894689074,701.6843,575.7142,461.0276,270.0702333333333,4.667396666666666,0.0042,0.0005,0.0013,0.029929999999999974,0.0436466666666666,22.3,395.7421875,466.6796875,100711.303125,-6.6269421375e-07,0.0,257.8354275,540.026968716289
2021-05-30 20:00:00,21.65366402283894,2.758888286662279,76.16283097595726,338.5492,258.8771,195.0963,254.79941,1.8326316666666664,0.004208333333333324,0.0021316666666666498,0.00303666666666665,0.0220283333333333,0.048673333333333305,83.43333333333334,156.734375,167.28515625,101178.89125,-2.9359944125e-07,0.36608886249999995,245.77848500000002,213.86911183027684
2021-05-20 13:00:00,19.810005539497073,1.3382466323614464,60.42245584805635,682.2551,588.0116,472.4915,256.80985,1.8996333333333335,0.00095666666666665,0.00044666666666665,0.0023,0.00825,0.016613333333333324,67.58333333333334,619.02734375,619.30859375,101599.47125,-1.068081475e-06,0.0,259.09366375,544.7339086659474
2021-07-03 12:00:00,23.040179273357914,2.4709515784305855,74.50863984050163,381.35609999999997,307.08410000000003,230.7258,265.58013,0.937155,0.002068333333333325,0.000735,0.004399999999999975,0.019504999999999974,0.044269999999999976,54.83333333333333,361.59765625,362.265625,102392.55562500001,-1.2262025750000001e-06,0.0,264.59072000000003,292.5188781014024
2021-08-05 18:00:00,17.191569488467835,1.0485120723218728,50.93951009959553,866.2495,740.8146,740.8148,272.65041833333333,3.7500916666666666,0.0016,0.000485,0.00095666666666665,0.007771666666666651,0.0238283333333333,0.0,598.375,641.828125,101464.20999999999,-8.0559405e-07,0.0,249.03361124999998,744.3527508090615
2021-08-17 12:00:00,13.674443608872464,1.8706438768981568,69.33080896006231,499.0591,423.4628,422.12289999999996,280.31927333333334,0.8733066666666667,0.0012,0.0003,0.0013,0.0077133333333333,0.03216333333333332,0.0,474.18163125,474.5254,102035.765625,-8.115894e-07,0.0,256.13026874999997,398.16073354908303
2021-09-26 11:00:00,-0.9193266638834702,2.1871815902367753,72.43344507112137,422.2213,339.8057,182.4039,271.43044,1.3670216666666666,0.0037383333333333,0.001555,0.00076,0.02030999999999995,0.03808833333333332,59.333333333333336,399.92578125,400.375,102123.125,-2.8534558875e-06,0.0,269.04791124999997,322.2887450557353
2022-01-23 19:00:00,-19.63879582684111,0.8735384906824492,40.8465213850492,1057.1937,874.0967,154.5133,261.13504333333333,14.226471666666665,0.000813333333333325,0.0,0.0,0.0113166666666666,0.007645,100.0,489.45703125,756.67578125,101131.1875,-4.0497369e-05,0.95227049375,280.24661000000003,722.5260697590794
2021-06-20 16:00:00,23.441610939803866,0.9847048008831696,47.85523127900782,919.8253,819.6514999999999,819.6517,260.37947333333335,1.0801233333333333,0.002634999999999975,0.0007,0.002273333333333325,0.026576666666666623,0.04172666666666665,0.0,768.5156,770.0820249999999,101326.47750000001,-2.1704181874999998e-06,0.6395874,248.46173875,821.9165767709457
2021-06-28 18:00:00,23.331758781090016,1.194445896393381,56.420839458740446,762.4099,681.6676,681.6674,268.52978,0.43341166666666664,0.00162666666666665,0.000523333333333325,0.00096166666666665,0.010616666666666625,0.032981666666666624,0.0,573.6640625,580.8203125,101351.59375,-1.2923555875e-06,0.0,247.74202,670.2031643293778
2022-01-27 13:00:00,-18.67182297963725,0.9074758768966469,43.268062224600385,1017.3584000000001,812.2241,392.2262,265.14456666666666,17.748065,0.00476499999999995,0.0001,0.00026833333333332497,0.0879033333333333,0.032641666666666624,100.0,104.66015625,846.62890625,102485.946875,-3.1880625875e-05,1.0,278.37450875,434.7195253505933
2022-04-15 16:00:00,9.480770957900935,0.7963023086792076,33.912886447516144,1143.2894000000001,1017.7913,1017.7913,243.0922,2.339635,0.0009,0.000773333333333325,0.0005,0.008335,0.01590166666666665,0.0,932.8828125,953.71875,100791.859375,-2.0846491875e-06,0.0,257.767555,999.1909385113267
2021-05-28 13:00:00,21.333052559931044,1.3896733868311393,61.620104431736344,657.6695,539.1732999999999,441.2111,264.64675,6.277690000000001,0.000729999999999975,0.0001,0.000578333333333325,0.0063433333333333,0.01576,17.266666666666666,575.4609375,575.6484375,101600.16312499999,-1.3405224125e-06,0.0,266.61005624999996,501.01582164688955
2021-12-13 15:00:00,-23.090758690794445,0.6730166399771154,10.886033589619226,1376.3977,1218.5863,1218.5864000000001,260.86523666666665,3.2890266666666665,0.0006,0.00499166666666665,0.0001,0.0057833333333333,0.018889999999999976,0.0,1167.7616874999999,1184.484375,100883.78375,-9.61966275e-05,0.1811866775,271.4241025,1198.9392304926284
2021-08-05 14:00:00,17.191569488467835,1.0443006152399408,50.75159054111021,873.9657,757.4379,757.4379,277.428185,2.5419,0.002411666666666625,0.000639999999999975,0.00093666666666665,0.009113333333333275,0.03034999999999995,0.0,754.3066249999999,756.31640625,102328.71875,-1.3048701999999999e-06,0.0,268.55460625,751.7619561308882
2021-09-17 19:00:00,2.573918316855676,1.1211397905497114,53.893621773932274,811.1799000000001,684.1543,684.1543,274.342615,3.4371583333333335,0.00286166666666665,0.0008,0.00163166666666665,0.021834999999999976,0.03258999999999998,0.0,553.77734375,556.96875,100504.740625,-1.46213095125e-06,0.01192092925,248.17921875000002,666.6918374685365
2021-11-17 11:00:00,-18.811219532670908,1.521857386035292,64.2792051513773,600.478,472.7258,77.5851,260.6743216666667,8.999408333333333,0.0011,0.0023,0.0001,0.01254,0.026181666666666624,100.0,336.32421875,516.80859375,101621.71187500001,-5.8746955625e-06,0.3847274725,278.4118375,205.50880978065442
2021-12-26 16:00:00,-23.372473325587706,0.6612584297195737,1.8541034224606168,1403.1197,1196.7699,959.2831,257.82831833333336,11.7566,0.001,0.0001,0.0002,0.017263333333333297,0.02027166666666665,60.199999999999996,901.95703125,1129.4335624999999,101622.74124999999,-0.00011961770125000001,0.04779052875,283.56345,1247.3570658036676
2022-02-09 16:00:00,-14.934310707534713,0.670309230735828,9.607794530703657,1382.6492,1198.2783,1127.8475,264.695645,6.807198333333334,0.0009,0.00330666666666665,0.0,0.0097,0.04376499999999997,4.5,1006.68359375,1137.765575,101458.94625000001,-0.00014474982375,0.15394210749999998,282.22794749999997,1108.5077310320028
2021-05-14 16:00:00,18.43034973210218,0.9021150730972493,42.90486764001518,1003.0043000000001,891.0627,891.0628,247.6137,1.8507383333333334,0.001498333333333325,0.0008,0.0027,0.00961,0.04078166666666665,0.0,838.56640625,838.79296875,101520.5375,-1.825421325e-06,0.0,257.83635000000004,854.5127651923768
2022-04-10 16:00:00,7.655330656380791,0.7798910099896241,32.074197552793756,1168.9511,1029.7419,1029.7419,248.075885,3.039,0.0003,0.00116666666666665,0.0001,0.00332666666666665,0.01929666666666665,0.0,972.4140625,974.171875,100593.76625,-3.7321006125e-06,0.023021698125000004,250.41923625,1036.7493707299532
2021-12-21 12:00:00,-23.419890406297718,1.0823777442542992,52.380966229899364,848.5927,679.8026,232.0821,256.4283183333333,15.900363333333333,0.00155666666666665,0.0001,0.0,0.022871666666666624,0.010956666666666625,100.0,334.54296875,714.84375,101626.44437499999,-1.7788639999999997e-05,0.1915283175,279.773105,435.55555555555554
2021-07-09 13:00:00,22.46883222892618,1.4928764031694164,63.7415445869231,616.2479000000001,535.5593,535.5594,266.2969366666667,0.7537733333333334,0.002,0.000643333333333325,0.00131,0.0149999999999999,0.02967999999999995,0.0,567.99609375,568.14649375,102038.565,-1.5425884999999999e-06,0.0,256.3979175,509.11542610571735
2021-11-26 18:00:00,-20.806526282480835,0.7816134315912299,32.27523820687808,1176.0621999999998,991.5310999999999,907.5071,263.902685,10.909068333333334,0.0012,0.0005,0.0003,0.0131,0.021244999999999976,25.18333333333333,787.6953125,875.98828125,101066.99312500001,-4.689852375e-05,0.46867369999999997,274.38802375,819.3815174397698
2021-08-30 12:00:00,9.287518646569767,1.6401961225066213,66.25686331152876,565.3412,465.1574,319.7165,277.03011000000004,2.3657,0.00220666666666665,0.0015,0.001564999999999975,0.01646166666666665,0.044738333333333324,93.0,517.93165,516.9355437500001,102295.953125,-2.1802553249999997e-06,0.0,270.37337875000003,422.41280115066525
2021-07-06 14:00:00,22.784297634856877,1.1554104862063617,55.12471169123755,788.7998,692.5326,692.5327,266.52056333333337,0.8694916666666666,0.0039,0.004123333333333325,0.001008333333333325,0.0265633333333333,0.05720666666666663,0.0,697.9648374999999,698.2714687499999,101657.265625,-2.58890215e-06,0.0,257.85734375,658.7306724199927
2022-02-16 18:00:00,-12.608992829198627,0.7564475155312899,29.115766929350624,1219.0624,1017.4679,669.7088,264.36159166666664,13.4574,0.0025,0.0004,0.0,0.02964499999999995,0.06644166666666662,60.416666666666664,862.5,931.40234375,101391.0625,-7.66534065e-05,0.25427245374999996,276.25711375,958.3009708737864
2021-12-18 14:00:00,-23.35461933037622,0.7292907727144672,25.01600850823532,1269.6320999999998,1074.3492,1040.085,257.685815,11.121461666666667,0.0018433333333333249,0.0004,0.0,0.02348499999999995,0.01636499999999995,0.9166666666666666,1039.41796875,1078.4491874999999,101720.00875000001,-1.675370725e-05,0.0,273.052425,994.0327220424307
2021-05-20 17:00:00,19.810005539497073,0.9768627931136498,47.43727098043068,926.3,812.7748,812.7748,256.5773733333333,2.3269383333333336,0.001045,0.0002,0.0021,0.009096666666666649,0.0164,0.0,738.88671875,739.08203125,100817.040625,-1.1018127875e-06,0.0839347825,253.00161125,773.3800791082344
2022-01-04 16:00:00,-22.797932977796375,0.6612067921237592,1.7101946875930314,1404.2979,1234.2782,1095.5520000000001,258.3455,4.761161666666666,0.0004,0.0005499999999999999,0.0001,0.004663333333333325,0.0101883333333333,17.983333333333334,1148.2382625,1182.453125,100705.15875,-1.4334597125000001e-05,0.038455962999999996,267.79065125,1214.5451276519238
2022-02-21 15:00:00,-10.843653972722851,0.7074507619692412,20.903730190888,1308.0054,1128.8595,853.1359,259.63962333333336,6.752325,0.0017,0.0007,0.0002,0.018941666666666624,0.026103333333333298,46.516666666666666,1060.1757499999999,1117.8319999999999,101277.665625,-5.160729125e-05,0.0,270.08681,1086.0050341603737
2022-01-07 19:00:00,-22.46938536754984,0.8819321604587468,41.47370214218811,1047.3522,856.3596,630.8593000000001,262.56620499999997,14.3597,0.002003333333333325,0.00120166666666665,0.0003,0.039471666666666655,0.038439999999999946,78.93333333333334,583.29296875,744.8515625,101086.384375,-2.0347447875e-05,0.719188675,278.74349374999997,797.9395900755123
2022-03-16 11:00:00,-2.0419762587084924,2.7384010976088597,76.05699584294996,378.9286666666667,277.154,187.21293333333332,251.29068888888887,8.438982222222222,0.0015000000000000002,0.0002,0.0003,0.0221733333333333,0.0255244444444444,100.0,303.984375,360.859375,102103.625,-7.0841052e-06,0.272567748,273.31555,289.60326021814694
2021-07-15 19:00:00,21.663912209970434,1.4907662919182039,63.70148213737336,615.3244,510.9896,510.9896,271.3990483333333,3.0622749999999996,0.001208333333333325,0.000475,0.000558333333333325,0.00949499999999995,0.02124666666666665,0.0,391.734375,401.37890625,100751.59625,-8.212519125e-07,0.0,261.50163,503.08342322905423
2021-11-26 13:00:00,-20.806526282480835,0.8288537734388501,37.129394691384434,1113.1961999999999,935.6179,527.7514,265.32004166666667,10.129809999999999,0.0014,0.0005,0.0003,0.014826666666666625,0.019259999999999975,100.0,796.04296875,944.4961125,101765.834375,-6.044120375e-05,0.19894790499999998,278.9004175,946.1812297734626
2022-03-14 12:00:00,-2.83133541238714,1.4208134292516175,62.297112513385606,650.4087,521.1338000000001,232.0557,254.49582999999998,8.708428333333334,0.000863333333333325,0.0014,0.0001,0.011206666666666625,0.01796999999999995,100.0,456.28515625,579.1953125,102024.671875,-1.37626485e-05,0.02708053575,275.7692575,208.65336209996403
2021-08-10 15:00:00,15.798447655414824,0.8987417335919587,42.672811108041614,1011.5829,901.8077,880.8614,273.87581,1.424,0.0029,0.0007,0.0040283333333333005,0.025243333333333298,0.04353499999999995,7.85,876.99609375,879.8535312500001,101474.865625,-1.9741127625e-06,0.2595863275,253.62704125,880.22294138799
2021-08-14 14:00:00,14.607964320866348,0.9971584404531308,48.50004872426749,915.2625,800.8954,742.6617,285.23272000000003,1.873438333333333,0.00275,0.00117499999999995,0.001375,0.028121666666666625,0.0429133333333333,22.0,806.98631875,808.2382875000001,101869.27875,-2.0138104499999997e-06,0.8297500625,260.29106375,798.5400934915498
2022-02-19 11:00:00,-11.559033782461245,2.3032830394126225,73.34705039502362,395.6201,295.28319999999997,252.28820000000002,254.59485166666667,8.01998,0.0006,0.00166166666666665,0.0001,0.0082,0.024419999999999976,40.233333333333334,333.3515625,371.1328125,101518.95999999999,-2.0568404999999998e-05,0.0,279.70824875,270.7083782811938
2021-07-05 16:00:00,22.876262887000895,0.9738390289507505,47.273553980032254,930.963,842.5284,842.5284,267.6024266666667,0.453245,0.00214,0.0021,0.0023033333333333248,0.0168,0.038383333333333276,0.0,785.8574062499999,785.9511875000001,101542.703125,-3.0403608e-06,0.0,246.64042,806.6882416396979
2021-08-10 18:00:00,15.798447655414824,1.0257543848098372,49.89933662764113,885.1147,772.2259,772.2257999999999,272.6209983333333,1.8919966666666668,0.00295166666666665,0.0008,0.004293333333333325,0.02761166666666665,0.043488333333333275,0.0,674.1640625,674.828125,100878.56937499999,-1.3571989375e-06,0.175319675,249.98934375,760.2121539014743
2021-12-01 16:00:00,-21.6911308272899,0.6633110347134685,4.875542735558605,1393.1776,1223.2758,1223.2758,266.3615266666667,4.767073333333333,0.0006,0.002441666666666625,0.0002,0.007379999999999975,0.0142,0.0,1121.5703125,1144.8476875000001,100578.55625,-8.176226125e-06,0.24713897750000002,272.1445925,1179.2340884573891
2021-09-06 18:00:00,6.742493857141795,0.9203293332923693,44.11219444520379,986.8037999999999,848.6205,848.6206,274.19251499999996,3.1562216666666667,0.00433999999999995,0.002424999999999975,0.0007,0.027709999999999974,0.039516666666666624,0.0,697.7011875000001,739.76171875,100364.75,-1.58767215e-06,0.093463898125,260.5285625,825.3847536857246
2021-10-17 13:00:00,-8.9590730469046,0.8719249594454497,40.72365148196678,1050.7711,950.2793,950.2794,268.97618,1.170455,0.000718333333333325,0.000579999999999975,0.0002,0.00489166666666665,0.01044166666666665,0.0,958.39845625,963.13671875,101321.13187499999,-1.7051060625e-06,0.312412265,250.27955,842.0406328658755
2021-11-11 18:00:00,-17.222734070984142,0.7972224649159639,34.01118818325358,1149.9359,972.049,674.3578,267.19118333333336,8.796341666666667,0.0032,0.002298333333333325,0.000383333333333325,0.0218533333333333,0.0241983333333333,52.38333333333333,711.19921875,852.05078125,101075.459375,-3.0958706125e-05,0.12302780125,277.911055,769.6098525710177
2022-01-21 18:00:00,-20.08592570514902,0.7430974532956938,27.209192047340313,1247.2070999999999,1047.6148,682.6827000000001,262.656425,13.875476666666668,0.0012,0.0,0.0,0.012264999999999976,0.0072,83.06666666666666,879.84375,954.171875,100854.71875,-7.5160728125e-05,0.23573303750000002,277.54836875,873.0726357425386
2021-10-15 12:00:00,-8.217746934617427,1.1383972492249737,54.52517391540965,804.3423,725.5034,725.5034,277.02004666666664,0.25631499999999996,0.0008,0.00387166666666665,0.0003,0.003888333333333325,0.0178333333333333,0.0,732.296875,753.5859375,101388.68125,-1.1907540875e-06,0.0,244.07205,674.0453074433657
2021-07-04 13:00:00,22.96156848261638,1.5036456944298406,63.94404728879466,611.528,529.4802,439.2618,268.51918666666666,0.7260066666666667,0.00159,0.001445,0.0045,0.015509999999999975,0.03980999999999997,34.083333333333336,561.3730499999999,561.7050750000001,102140.5,-2.0435836874999998e-06,0.367549895,256.79292625,495.16900395541165
2021-08-06 20:00:00,16.921849289144873,2.1095494465159144,71.76354356065558,437.533,357.0575,357.0575,272.06543666666664,1.37176,0.0026,0.00325666666666665,0.002013333333333325,0.01270666666666665,0.0422233333333333,0.0,240.35546875,240.671875,101402.18125,-3.0230149e-07,0.0,239.33063625,337.4020136641496
2021-07-25 15:00:00,19.835145474903577,0.9607597552421601,46.54831996923574,945.8004000000001,801.7387,801.7386,271.86820166666666,6.28505,0.001278333333333325,0.000363333333333325,0.00137,0.0133583333333333,0.03243666666666663,0.0,596.437525,781.265625,101683.61,-4.989677e-06,0.5993347125,266.82493750000003,776.2099964041711
2021-12-17 20:00:00,-23.317297340193075,1.2086666235311385,56.86763795183557,754.6517,601.5839,124.2669,255.24519666666666,12.28932,0.00199666666666665,0.0008,0.0001,0.02337666666666665,0.020794999999999952,100.0,309.23828125,472.125,101334.0875,-1.0126736e-05,0.422157275,275.99820375,384.3455591513844
2022-04-27 19:00:00,13.574913808648922,1.3131134155035062,59.797439969542715,691.6032,582.8436,582.8435,236.386825,2.8428733333333334,0.0009,0.0004,0.0002,0.0107833333333333,0.026074999999999973,0.0,429.15234375,473.9140625,100480.45999999999,-8.227070749999999e-07,0.9025459125,252.91745625,525.0629270046745
2021-10-21 17:00:00,-10.415677747676234,0.723805405063513,24.06812313348329,1264.7721999999999,1142.3234,1142.3234,274.812535,1.8191783333333333,0.0008,0.00174166666666665,0.0001,0.00438166666666665,0.018321666666666625,0.0,1026.79296875,1039.5937812500001,100548.24124999999,-3.1909148875e-06,0.0,258.36545625,1109.277238403452
2022-01-16 16:00:00,-21.091538598017067,0.6620330064329292,3.3351619797082486,1402.9292,1197.595,1046.5066,256.89343333333335,11.111595,0.0016,0.002294999999999975,0.0001,0.016466666666666623,0.028828333333333324,25.983333333333334,1090.81245,1152.5273124999999,100906.5625,-3.5798759375e-05,0.13113784750000002,274.76934375,1129.1046386192015
2022-02-05 15:00:00,-16.172484795464626,0.693623993354863,17.671266077107074,1336.8621,1145.1655,765.4322999999999,266.3270416666667,8.506276666666666,0.0015,0.003188333333333325,0.0001,0.017773333333333325,0.050785,81.86666666666666,945.8125,1140.26955,101548.775,-0.00011373040875,0.09144973625,278.27387250000004,854.6152463142754
2022-02-05 18:00:00,-16.172484795464626,0.7465635718108242,27.72242884744935,1238.6435000000001,1050.8622,604.1013,267.6824766666667,9.335424999999999,0.0015,0.002798333333333325,0.0001,0.01746999999999995,0.046616666666666626,96.25,607.53125,943.578125,101411.7475,-9.27818775e-05,0.18247986125,279.38388,903.5329018338726
2021-10-19 11:00:00,-9.692013480165492,1.7180800572210895,67.39590726329224,531.9428,429.144,149.628,276.319325,4.000208333333333,0.0007,0.0022983333333333,0.0001,0.006141666666666625,0.011914999999999974,94.88333333333334,327.82421875,491.8515625,102401.72750000001,-2.30345175e-06,0.0,273.9531825,323.6227975548364
2022-02-15 20:00:00,-12.952338884611105,1.178226509415174,55.89512339207894,773.4219,618.1673000000001,394.868,264.776115,12.209833333333332,0.0016,0.0003,4.666666666666667e-05,0.01878666666666665,0.046436666666666626,40.6,461.2421875,498.1953125,101314.93062500001,-3.6982062875e-05,0.08728408625,275.842075,604.6170442286947
2022-02-14 17:00:00,-13.292165303316013,0.6898748384001065,16.665605220013536,1340.5827,1134.4469,1032.8438,261.62548166666664,12.318999999999999,0.00172,0.0014,0.0,0.0230083333333333,0.06334999999999995,30.616666666666667,946.7695625000001,1063.6015625,101164.9625,-9.447569025e-05,0.28979492500000004,280.3353925,819.9388709097447
2021-05-16 14:00:00,18.911668338477188,1.0456732700509899,50.81306134000542,868.2964000000001,769.9238,769.9239,255.05573833333332,1.4208916666666667,0.0014,0.0012,0.004061666666666625,0.009049999999999975,0.02671666666666665,0.0,764.90819375,766.74609375,101787.09375,-1.5397672874999998e-06,0.0,259.529575,722.6734987414599
2021-12-31 20:00:00,-23.13025603340483,1.1656713857619956,55.475798527232264,785.8355,630.1163,240.6952,252.64296333333334,10.712701666666668,0.002554999999999975,0.0004,0.00047333333333332496,0.030878333333333324,0.02704666666666665,73.03333333333333,334.79296875,500.7109375,101293.421875,-2.2631400625e-05,0.73215867625,279.6818525,586.4113628191299
2021-06-30 14:00:00,23.235529226093274,1.1622484191116103,55.35953228718083,783.7264,695.9886,695.9884999999999,260.38845,1.19545,0.000783333333333325,0.0002,0.001328333333333325,0.005964999999999975,0.0128166666666666,0.0,695.0722499999999,695.42578125,102358.64749999999,-1.8284480999999997e-06,0.0,255.84976375,671.767349874146
2022-02-12 15:00:00,-13.960779933652848,0.6988965231815714,18.981835791349237,1325.7883,1131.281,931.5363,262.578915,9.87218,0.00154666666666665,0.0004,0.0,0.0154516666666666,0.0383333333333333,100.0,816.5703125,1110.9921749999999,101684.8275,-0.000114316905,0.2019882225,279.89052499999997,1161.477885652643
2021-06-08 12:00:00,22.78079610405873,2.307537402266733,73.37870233771301,404.6279,327.14610000000005,192.5576,262.3972083333333,1.60765,0.00158,0.0021733333333332997,0.001614999999999975,0.013089999999999949,0.0295233333333333,66.48333333333333,342.9375,382.984375,102301.6,-6.11733425e-07,0.9590377775000001,252.66879375,308.25961884214314
2021-12-19 13:00:00,-23.384169426366487,0.8468718561587633,38.71190677345415,1090.6203,912.8206,655.2165,257.911535,10.165478333333333,0.002,0.000125,0.0,0.02245499999999995,0.011979999999999949,66.9,948.41015625,943.89453125,101786.615625,-8.243136000000001e-06,0.7158088524999999,275.45148125000003,943.344120819849
2021-10-08 14:00:00,-5.569627024419794,0.7676533649893709,30.584717673688452,1191.703,1015.1862000000001,1015.186,268.42591500000003,7.882553333333333,0.00320499999999995,0.001743333333333325,0.001423333333333325,0.028799999999999975,0.029396666666666627,0.0,969.13283125,1024.46484375,100937.52249999999,-3.5207194875000002e-06,0.8304366999999999,270.20410000000004,996.6738583243437
2021-10-11 15:00:00,-6.713437096439046,0.7036026092040094,20.066776913883697,1300.2954,1153.5937,1153.5937,266.66724166666665,2.797315,0.002363333333333325,0.001835,0.00157666666666665,0.01543666666666665,0.0224683333333333,0.0,1087.6523750000001,1104.265625,101330.703125,-3.642228025e-06,0.0,272.1109375,1104.9802229413879
2022-03-21 17:00:00,-0.06592403700579391,0.7500187181707767,28.220873342773043,1220.6467,1033.3181,1033.3181,249.30552166666664,10.472533333333335,0.00173166666666665,0.00025666666666665,0.0001,0.0219983333333333,0.0473783333333333,0.0,895.37890625,952.8515625,100863.66312499999,-2.5387155e-05,0.024276733374999998,276.58891374999996,1022.4559510967277
2021-10-06 11:00:00,-4.801239619491075,1.9351134445043308,70.05029908221852,474.07640000000004,369.0538,147.3485,268.7548983333333,5.556011666666667,0.001905,0.0016250000000000001,0.0004,0.0122483333333333,0.020701666666666625,98.53333333333333,321.98046875,436.328125,101404.890625,-9.3228299375e-07,0.97036359875,263.07576125,264.6494066882416
2021-07-27 16:00:00,19.401025123164494,0.9154165591932767,43.79388190938066,990.9902999999999,876.4016,876.4016,276.872815,2.0138499999999997,0.0027,0.000795,0.001908333333333325,0.014288333333333325,0.027764999999999998,0.0,805.2402500000001,822.734375,101148.66312499999,-1.458334725e-06,0.0,263.55906125,855.7353469974829
2021-12-19 16:00:00,-23.384169426366487,0.6615440227137037,2.5046503799640214,1401.2782,1195.4884,1026.7853,258.01719333333335,11.109013333333333,0.0025733333333333,0.0001,0.0,0.0248833333333333,0.010009999999999974,25.75,1006.51559375,1144.7383125000001,101262.985,-1.03908825e-05,0.16607284375,273.19091875,1083.3944624235885
2022-01-16 13:00:00,-21.091538598017067,0.8881121786734604,41.9230890479393,1039.1736,865.8826,809.819,256.80394,10.903649999999999,0.0010116666666666252,0.0014149999999999749,8.833333333333333e-05,0.010126666666666624,0.0173433333333333,2.3,891.015625,901.12109375,101387.75687499999,-3.053841625e-05,0.026332855625000002,275.09749999999997,855.7533261416756
2021-12-06 18:00:00,-22.402341078636915,0.7720248555198481,31.12959003246354,1193.3831,996.2366999999999,766.4866,259.39919499999996,15.596258333333333,0.0006,0.0001,0.0,0.006065,0.0053,49.983333333333334,631.46484375,881.33984375,101699.775,-6.5833096e-05,0.5391845737500001,280.90600625,970.0125854009349
2022-01-19 14:00:00,-20.507774526977382,0.7529814502481775,28.638367816999803,1230.3022,1031.6942999999999,662.8067,253.67594000000003,12.4583,0.0023,0.0002,0.0,0.03157166666666662,0.024415,74.26666666666668,504.17578125,1031.98435625,101920.4375,-9.1853435e-05,0.8851089624999999,280.89755,974.6242358863718
2021-10-03 18:00:00,-3.641929609448319,0.8524853218374747,39.18055917313572,1069.4949,957.4518,957.452,279.38099,1.0285316666666666,0.0051783333333333004,0.00341499999999995,0.00161166666666665,0.024906666666666626,0.06782333333333326,0.0,828.1875,844.79296875,100019.94437499999,-2.14535975e-06,0.0,246.59499875,945.7209636821287
2021-12-15 17:00:00,-23.219423861684025,0.6891640985588078,16.466958936254866,1342.8315,1135.3365,947.7629,260.42076333333335,13.010985,0.0019,0.0009,0.0002,0.0226,0.026296666666666624,58.36666666666667,886.29296875,1051.18359375,101309.640625,-4.257809025e-05,0.4533653275,278.8284875,661.3250629270046
2021-07-12 13:00:00,22.094927378872317,1.4831055370452244,63.5549592387047,620.4522000000001,505.9144,415.4006,259.99921,5.130886666666667,0.001773333333333325,0.0005,0.001218333333333325,0.018024999999999926,0.017826666666666602,15.616666666666665,543.5,543.80663125,101943.52249999999,-1.747219325e-06,0.0,260.8262125,487.7436174038115
2021-06-19 17:00:00,23.42426561686686,1.0371594134232063,50.42827685487921,874.2047,781.6887,781.6887,253.06647166666667,1.1570366666666667,0.001,0.0003,0.0015,0.009266666666666624,0.0223133333333333,0.0,696.5644687500001,695.91796875,101270.428125,-1.7461425000000001e-06,0.105216975,257.93924875000005,787.6645091693634
2021-08-06 13:00:00,16.921849289144873,1.3266069359610961,60.13642890001167,693.5746,609.0022,569.8107,273.78761,0.8481783333333333,0.001996666666666625,0.0027033333333333,0.00158666666666665,0.009704999999999974,0.030676666666666626,1.0,637.6992124999999,638.374975,102379.72562499999,-7.728231062500001e-07,0.0,252.61774875,588.160733549083
2022-02-27 17:00:00,-8.633975602118538,0.7047081568173619,20.311550798213332,1307.8609000000001,1117.7733,934.0307,255.643715,10.03314,0.0008,0.0001,0.0,0.011241666666666626,0.010659999999999975,88.75,995.171875,1047.62109375,100693.46875,-2.7551228625e-05,0.37549209,273.06875,1089.2071197411003
2021-11-28 10:00:00,-21.180550001136528,3.0207242381155988,77.38563429645376,334.07306666666665,241.5928,83.64053333333334,272.5535844444444,6.61242,0.0013,0.00476,0.0001,0.014406666666666632,0.016,18.68888888888889,309.84375,315.125,101111.02999999998,-3.1149247500000002e-06,0.48187255999999995,262.982375,220.70238523312955
2021-09-22 20:00:00,0.6376320969376367,1.6466947170007051,66.35641366974616,552.5372,433.2764,127.7813,279.11497499999996,5.515278333333334,0.0033466666666666497,0.00156166666666665,0.00099666666666665,0.0309,0.04453499999999995,100.0,209.296875,309.01171875,100586.9625,-9.8417804e-06,0.97430419375,258.81221125,251.61632506292702
2021-07-15 17:00:00,21.663912209970434,0.995081945185392,48.39409954973326,911.9838,788.6151,788.6151,272.2304666666667,2.890205,0.001671666666666625,0.000658333333333325,0.00071666666666665,0.013001666666666625,0.026468333333333302,0.0,697.2949062499999,715.390625,100855.896875,-1.60041965e-06,0.0,261.10195125,781.5893563466379
2022-04-24 18:00:00,12.595077537552207,0.9979412846192739,48.539832574986555,909.3362999999999,811.0663,754.5618000000001,249.41275,1.4813716666666665,0.00045833333333332503,0.0016716666666666499,0.0003,0.004233333333333325,0.011266666666666625,29.333333333333336,704.0390625,703.42578125,100584.29000000001,-1.2565869975e-06,0.0,253.8812125,758.1751168644372
2022-03-12 20:00:00,-3.618856729348031,1.3409239978846927,60.4874319900033,674.0216,540.9482,540.9482,259.8576033333334,8.531303333333334,0.0017,0.001409999999999975,0.0001,0.018056666666666624,0.015613333333333325,0.0,340.5703125,413.9609375,100926.76625,-9.53965325e-06,0.0,275.70167625,520.8306364617043
2022-04-18 16:00:00,10.545558035999763,0.8065898335587197,34.985665256469005,1127.8413,1003.5515,1003.5515,239.2760133333333,2.441386666666667,0.00032166666666664996,0.0005,0.0001,0.003333333333333325,0.007375,0.0,940.87890625,940.88671875,101321.32875,-2.1289742875e-06,0.0,265.13559375,964.3113987774182
2022-02-20 21:00:00,-11.202805231933917,1.9526397269040137,70.23713929805702,456.49559999999997,341.4372,151.781,255.81403333333333,10.601311666666668,0.0011,0.001148333333333325,0.0001,0.015554999999999975,0.031044999999999948,66.81666666666666,158.5234375,225.890625,100919.884375,-4.2043102625e-06,0.74384689875,278.14028125,330.8486156058972
2021-10-27 19:00:00,-12.521944252047032,1.013818030627169,49.32841135102057,899.6029,740.5401999999999,480.0936,283.6731633333333,7.481496666666667,0.004669999999999975,0.001,0.0002,0.04080999999999995,0.0295633333333333,87.7,561.66015625,622.29296875,101510.415625,-6.430782374999999e-07,0.049446106375,272.54256875,418.93923049262855
2021-07-06 16:00:00,22.784297634856877,0.9721415023397648,47.18100685358792,932.6338,830.5335,830.5334,266.08594166666666,0.986815,0.00399166666666665,0.004,0.001,0.026645,0.05641999999999997,0.0,779.72265625,780.0234375,101177.28125,-3.0065711875e-06,0.0,246.78020125,793.4735706580366
2021-12-12 16:00:00,-23.01496090956468,0.6620229942145602,3.320249956370757,1398.7332999999999,1242.8064,1242.8065000000001,264.06343000000004,3.0819633333333334,0.0005,0.003089999999999975,0.0001,0.00484166666666665,0.013273333333333274,0.0,1185.06255,1190.5663749999999,100619.63125,-0.00012735077,0.3275718675,267.486545,1245.1815893563466
2021-12-23 12:00:00,-23.424371287267974,1.0874726653255702,52.58772082846142,844.3817,675.845,167.1687,251.55173666666667,17.128995,0.000969999999999975,0.0,0.0,0.015291666666666625,0.010534999999999975,100.0,183.66015625,706.0703125,102064.19437499999,-3.071964625e-05,0.41135406625000004,279.83392125,265.4476806903991
2021-06-17 20:00:00,23.368867490578037,2.824726475519275,76.49224490016259,334.1217,266.0559,231.6574,244.85624666666666,1.6568983333333334,0.001265,0.000318333333333325,0.0010366666666666502,0.01030666666666665,0.017256666666666625,24.433333333333334,159.97265625,163.1953125,101012.5625,-3.446475625e-07,0.0,252.08818125,231.84825602301328
2022-02-20 18:00:00,-11.202805231933917,0.7618695126820626,29.84012295602619,1208.9767,1029.1542,979.2388,256.7699,8.873958333333334,0.0011,0.0008100000000000001,0.0001,0.01492999999999995,0.02359999999999995,8.616666666666667,795.84765625,933.0859375,100763.0875,-4.4334535e-05,0.21502304249999998,268.21254500000003,1011.2135922330096
2021-10-01 21:00:00,-2.8657367511039054,3.493515718837846,79.11941893747779,340.021,227.24380000000002,20.609,267.25127000000003,10.798773333333333,0.0075733333333333,0.0019,0.00157,0.05879999999999995,0.0419666666666666,100.0,124.34375,135.3984375,100983.19750000001,-7.849593875e-07,0.0,278.42166499999996,123.66414958647968
2021-12-09 20:00:00,-22.7421856205144,1.2398413911979276,57.803887978015574,733.6744,579.2165,45.323,250.87653,14.580506666666668,0.0017,0.000448333333333325,0.0002,0.0216,0.021716666666666624,100.0,194.3515625,445.55859375,101232.75,-1.8460326625e-05,0.9848938125,279.53397,170.14023732470335
2021-12-11 19:00:00,-22.931570495687936,0.9206913229567742,44.1354426045405,997.388,835.7809,497.7554,262.80796,8.958891666666666,0.0004,0.001548333333333325,0.0,0.005,0.012761666666666624,97.25,618.3203125,711.4453125,99873.13375000001,-7.37683125e-05,0.084991455,266.85821250000004,599.5289464221503
2021-11-02 12:00:00,-14.511719037234068,1.066350838041159,51.71377393586096,860.3011,710.7475000000001,436.0004,271.4894966666667,7.9198,0.00199666666666665,0.0014033333333332999,0.0001,0.017948333333333275,0.0190133333333333,66.78333333333333,608.9296875,746.19921875,101911.6,-5.22306075e-06,0.005981445237500001,276.21793125,797.6968716289105
2021-11-30 18:00:00,-21.527774228720276,0.777704875827124,31.816104168407815,1183.0068,1002.0321,1002.0321,266.9373166666667,9.784768333333334,0.0009,0.001178333333333275,0.0001,0.01066,0.014068333333333275,0.0,820.21875,886.01171875,100483.703125,-6.2654726250000005e-06,0.18569946625,274.78604375,984.2322905429701
2021-11-22 15:00:00,-19.980892348271666,0.6714108933406144,10.148415493266473,1374.8807,1173.0267,1087.7879,256.81634,11.181076666666666,0.0016,0.0019033333333332999,0.00018333333333332501,0.017446666666666624,0.02526499999999995,17.03333333333333,1116.6210624999999,1141.2421749999999,100813.421875,-1.8005958e-06,0.826496125,271.95781125,1019.8777418194894
2021-08-27 18:00:00,10.343443884966485,0.9550884367079734,46.22489624619953,950.213,852.5079000000001,852.5079000000001,295.21509166666664,0.641135,0.0055,0.0012,0.0017,0.015078333333333326,0.060028333333333274,0.0,739.6015625,739.98828125,100876.71875,-1.118110975e-06,0.0,245.6377475,821.0679611650485
2022-01-09 13:00:00,-22.213317133126424,0.8765618533796216,41.07472243212338,1052.9052,863.9629,398.1691,258.10233833333336,15.257973333333332,0.001064999999999975,0.000975,0.0002,0.0211,0.03194666666666662,100.0,516.578125,886.66796875,101697.1625,-5.418166875e-05,0.57959747125,280.74307624999994,313.2704063286588
2021-09-26 12:00:00,-0.9193266638834702,1.283408477481901,59.02165924933867,714.7824,615.7054,565.9031,270.46185,1.421865,0.0035383333333333,0.00162666666666665,0.0007,0.019341666666666625,0.038296666666666625,2.75,649.640625,650.03515625,101969.078125,-2.7126225124999997e-06,0.0,264.56888125,599.1495864796835
2021-07-10 13:00:00,22.35062859666447,1.489889017074025,63.68478876710176,617.5352,533.4117,487.3463,261.5814516666667,0.7124566666666667,0.002433333333333325,0.0009,0.004946666666666599,0.022764999999999973,0.03955166666666665,6.699999999999999,565.67578125,565.9238375,102021.0775,-1.4796223375e-06,0.0,243.09900875,508.47716648687526
2021-12-03 21:00:00,-21.996945080171198,2.112205625767374,71.78732135541074,419.9511,305.3437,25.3644,262.1343816666667,15.881321666666667,0.0006733333333333249,0.000679999999999975,0.0002,0.01080166666666665,0.0199383333333333,100.0,93.05859375,190.390625,101171.546875,-9.01223375e-06,0.91976548625,278.36051375,164.82380438691115
2021-11-25 18:00:00,-20.609679850301543,0.7826058146429923,32.39016381027557,1174.3278,984.0849,744.333,258.92305,12.075083333333334,0.0021,0.001033333333333325,0.0001,0.022541666666666627,0.023299999999999974,52.63333333333333,496.60546875,868.609375,101105.375,-5.5301234000000005e-05,0.928833,278.7312125,502.4631427544049
2022-04-13 11:00:00,8.757757177857268,3.4110048405104494,78.85216106858212,314.55373333333335,258.532,227.89306666666667,247.55979555555555,0.46254888888888884,0.0004,0.0006977777777777667,0.0002,0.0035533333333333333,0.011771111111111066,24.444444444444443,247.046875,317.40625,101960.1875,-1.9905856e-06,0.0,273.04172,233.91346038595225
2021-05-14 13:00:00,18.43034973210218,1.2986894999843162,59.42594893204342,702.7729,604.7042,604.7043,247.09391666666664,1.9993066666666666,0.001118333333333325,0.000658333333333325,0.002193333333333275,0.007478333333333325,0.029479999999999975,0.0,636.83203125,636.9453125,102119.5875,-1.09575921875e-06,0.0,261.89748125,568.4537935994247
2021-07-29 17:00:00,18.945483229572343,0.9471478211931599,45.76251884626602,957.7815,828.2885,828.2882999999999,277.53760666666665,3.319165,0.0016,0.0003,0.00135666666666665,0.011584999999999974,0.02398999999999995,0.0,755.03515625,755.93359375,101151.59375,-1.8050777625e-06,0.0,260.3879025,817.4217907227616
2022-03-18 13:00:00,-1.2516042922501336,1.0201750137805634,49.634735411004606,904.1533,788.0426,788.0425,251.289855,2.252003333333333,0.0007,0.00069666666666665,0.000118333333333325,0.0057,0.038348333333333304,0.0,818.96484375,821.1640625,101794.7525,-1.2139149624999999e-05,0.4125175425,268.3315025,762.0927723840344
2021-11-16 10:00:00,-18.55994333065872,3.0854638690117087,77.65516787808586,329.9561333333333,236.53719999999998,54.743599999999994,266.7081044444445,7.7163,0.0015000000000000002,0.0032999999999999995,0.0001,0.013071111111111101,0.022353333333333298,65.4888888888889,290.40625,303.484375,101585.40750000002,-6.27595e-07,0.218429565,278.9139,209.61524631427542
2021-07-05 14:00:00,22.876262887000895,1.156983639310806,55.17904038798,787.6601,703.5908,703.5906,268.2736,0.35496833333333333,0.002208333333333325,0.002246666666666625,0.0026,0.017524999999999975,0.04049166666666663,0.0,705.5058750000001,705.6933750000001,101916.82125000001,-2.412300125e-06,0.0058555603125,253.47330499999998,672.2258180510607
2021-11-12 16:00:00,-17.500585684430142,0.6685518368784346,8.672424483427669,1376.8448,1194.0687,842.4409,267.03257833333333,6.7256849999999995,0.00243,0.0014149999999999749,0.0002,0.01655499999999995,0.017024999999999978,97.25,1034.3750312500001,1121.09375,101126.1625,-3.5973237e-05,0.9932289125,273.5385,900.873786407767
2022-02-22 12:00:00,-10.481698530653333,1.3232215365852666,60.05213762718782,696.662,548.996,356.5405,254.58476166666665,12.68355,0.00123166666666665,0.001749999999999975,0.0003,0.02062166666666665,0.0392116666666666,100.0,128.73046875,597.3125,102028.8125,-2.801782125e-05,0.946029675,281.47744375,404.4911902193455
2021-11-20 11:00:00,-19.530779184666265,1.5176474951419434,64.20252730416554,602.1177,483.7106,304.8267,269.1700333333333,5.64274,0.00095,0.0028,0.0001,0.0104133333333333,0.0194083333333333,88.65,434.578125,533.296875,101941.38125,-8.085626125e-07,0.026851654500000002,275.647495,373.80438691118303
2022-02-25 14:00:00,-9.38018590845197,0.7940572446964387,33.67101947420686,1164.8378,973.5319000000001,898.0656,257.76906499999996,12.222001666666667,0.002,0.00034166666666664996,0.0001,0.03460166666666665,0.02484999999999995,8.283333333333335,922.03515625,999.1953125,101821.45999999999,-3.44825395e-05,0.0051460264999999995,276.546745,930.3847536857245
2022-01-25 15:00:00,-19.167159414951204,0.6872099973987201,15.906177062428071,1350.32,1142.642,475.8197,261.1234116666667,12.835605,0.0014,0.0,0.0001,0.0239283333333333,0.028196666666666627,66.18333333333332,1097.5547000000001,1133.078075,101276.40625,-7.8634475e-05,0.0099639894375,278.657785,925.2840704782451
2021-08-04 19:00:00,17.45666672309083,1.3512323708661753,60.73481731142275,675.2617,546.5754,389.25199999999995,278.62977333333333,8.099025,0.0017499999999999998,0.0004,0.0019,0.0109283333333333,0.034714999999999975,58.56666666666666,309.18945125,435.140625,101904.396875,-1.379902825e-05,0.36648941,274.01575,98.42322905429701
2021-05-23 12:00:00,20.425130778346663,2.088333824672224,71.57133319072024,443.8327,364.3714,261.66970000000003,270.52670166666667,1.3638616666666667,0.0016233333333333252,0.00084166666666665,0.0034699999999999497,0.0148733333333333,0.03343666666666665,38.516666666666666,423.28515625,423.58984375,101988.671875,-5.348119875000001e-07,0.004875183,250.1757025,341.11470693994966
2022-02-09 15:00:00,-14.934310707534713,0.6965045639850791,18.40090192327985,1330.804,1153.409,946.1273,265.0133166666667,6.230964999999999,0.0009,0.0031850000000000003,0.0,0.00964,0.03713499999999995,18.966666666666665,830.56640625,1120.3359500000001,101568.078125,-0.00012827693875,0.10868835437499999,281.26726625,781.8194893923048
2021-05-23 13:00:00,20.425130778346663,1.357854915272165,60.891456494361286,672.6188999999999,578.876,550.6215,271.01753833333333,1.3622416666666666,0.002111666666666625,0.000994999999999975,0.004201666666666624,0.018683333333333302,0.0397433333333333,2.383333333333333,615.24609375,615.26953125,101861.82125000001,-8.0285826625e-07,0.14198684250000002,249.2859425,545.7802948579647
2021-08-10 16:00:00,15.798447655414824,0.8650613539282296,40.1923420144563,1048.9629,935.5166,863.1444,273.44276,1.5536,0.0029,0.00075,0.00426166666666665,0.02620666666666665,0.04412666666666663,50.46666666666667,886.25390625,886.92578125,101239.15625,-1.9834842624999998e-06,0.20894622875000002,251.47136874999998,927.0226537216829
2022-03-05 17:00:00,-6.348514071462508,0.7144099110923919,22.320158627066483,1287.8172,1099.7922,1099.7921999999999,259.2588666666667,9.657188333333332,0.0012,0.00021666666666665001,0.0001,0.015939999999999926,0.01381999999999995,0.0,1003.1836250000001,1032.2773124999999,100846.74312500001,-9.16054725e-06,0.2804184,273.737735,1073.4591873426825
2022-02-19 12:00:00,-11.559033782461245,1.3094739462624816,59.70460889556501,703.4888,570.889,570.8891,254.369685,7.393205,0.00065666666666665,0.001655,0.0001,0.00941166666666665,0.026616666666666625,0.0,585.11328125,630.99609375,101378.740625,-3.944675075e-05,0.0,279.16781625,546.5264293419633
2022-03-12 14:00:00,-3.618856729348031,0.8197729783388603,36.28224584152536,1125.1729,955.1089,771.7673,259.37980833333336,7.998036666666667,0.00216166666666665,0.00033499999999997497,0.0001,0.021565,0.00973666666666665,61.25,757.921875,966.57029375,101525.353125,-2.776418125e-05,0.00541687,274.6596425,998.423229054297
2022-04-09 18:00:00,7.28344677986025,0.9178289284995306,43.950841200102076,990.6068,844.5251000000001,844.5251000000001,246.04751499999998,6.081071666666666,0.0004,0.0008,0.0001,0.0045,0.0210833333333333,0.0,711.65234375,741.3671875,100579.45375,-2.4394539625e-06,0.6793556275,263.5996325,826.8212873067241
2021-12-11 20:00:00,-22.931570495687936,1.23165259549505,57.56348327176732,739.0524,602.0457,89.22099999999999,262.98242500000003,8.482111666666666,0.0004,0.00136166666666665,0.0,0.0046683333333333,0.011893333333333301,100.0,403.4765625,469.5703125,99836.446875,-4.6028697125e-05,0.047294617,267.90432625,475.8108594030924
2021-11-04 11:00:00,-15.14472848078564,1.5712050902933241,65.14398274752425,581.4412,465.994,276.278,275.011615,5.400223333333333,0.0018299999999999749,0.0025833333333333,0.0002,0.01211666666666665,0.01429999999999995,81.4,491.796875,517.15625,101426.02249999999,-1.2754462887500001e-06,0.0,278.10979375,436.93815174397696
2021-06-02 13:00:00,22.087517428904057,1.4196154780379109,62.27169418855024,644.3108,552.5553,551.3687,262.2458233333333,1.1804216666666667,0.0027,0.001,0.00315166666666665,0.02028999999999995,0.050003333333333275,0.0,589.05078125,589.3027187499999,101780.375,-1.6040284999999999e-06,0.0,249.82955125,525.6058971592952
2022-03-25 16:00:00,1.5110235864182393,0.7346886446931492,25.903918036358483,1246.9929,1065.9521,902.7958,248.20339833333333,8.974851666666666,0.0007,0.0003,0.0002,0.0083,0.0631583333333333,14.9,922.85546875,1021.1328125,101166.071875,-3.7103978625e-05,0.0,275.22619875,846.5533980582525
2021-08-13 15:00:00,14.911569018678192,0.8864266315625066,41.80153419189827,1025.7359999999999,898.9516,898.9516,274.88736833333337,2.6199416666666666,0.0019,0.0002,0.0015,0.016803333333333302,0.0276,0.0,871.0332187500001,874.6230625000001,101559.50687499999,-1.6275152625e-06,0.018959045625,263.260465,893.7971952535058
2021-07-25 19:00:00,19.835145474903577,1.4215324164606664,62.31234469150934,643.6279,517.4826,83.09649999999999,272.37880333333334,7.766743333333333,0.0014,0.0004,0.00130166666666665,0.016768333333333274,0.04050833333333327,100.0,239.73632625000002,411.18945125,101317.609375,-6.62868845e-07,0.98302841,266.0739675,274.6601941747573
2021-11-12 14:00:00,-17.500585684430142,0.7219135381362215,23.729519721006906,1276.1318999999999,1104.1698999999999,668.3972,267.126025,6.025878333333333,0.0022,0.0012,0.0002,0.015261666666666649,0.0169866666666666,100.0,1024.75779375,1086.015625,101451.053125,-4.0304178125000006e-05,0.9630699025,276.01439875,875.9115426105718
2021-08-17 13:00:00,13.674443608872464,1.2354021390767072,57.67403628037865,743.832,658.3547,658.3548,280.330605,0.83663,0.0012,0.0003,0.0013,0.007339999999999975,0.032305,0.0,683.8847499999999,684.2285312500001,101904.328125,-1.3432872875e-06,0.0,256.85578999999996,635.3434016540812
2022-02-10 11:00:00,-14.613878629738002,2.1622339258294514,72.22368413319629,418.8519,309.64959999999996,160.1206,260.678315,8.924800000000001,0.0006,0.00367999999999995,0.0,0.006149999999999975,0.0520966666666666,91.75,263.5,382.78515625,101638.92125,-3.8621743e-05,0.0,278.582425,162.53865516001437
2022-01-14 14:00:00,-21.44703391225614,0.7487598678208653,28.040744419428226,1237.2218,1035.7072,1035.7071,261.11309166666666,8.754823333333334,0.00829666666666665,0.0002,0.0003,0.08239999999999997,0.03342999999999995,0.06666666666666665,1007.2265625,1067.921875,101745.86875,-6.57885975e-05,0.0289459225,275.28155625,1028.1895001797914
2021-11-30 14:00:00,-21.527774228720276,0.7213085102363855,23.619889448236805,1281.4129,1093.8718,915.4539,267.178285,9.408946666666665,0.001048333333333325,0.00081666666666665,0.0001,0.013311666666666624,0.0138333333333333,20.183333333333334,910.31640625,1085.9921749999999,101110.02249999999,-7.248658374999999e-06,0.3845634475,275.28130125,1067.8892484717728
2021-07-31 14:00:00,18.46914579768178,1.069129808271393,51.831335139739274,853.6174,723.8032,723.8032,286.78662,4.350476666666666,0.002243333333333325,0.0004,0.00112,0.011403333333333276,0.033321666666666624,0.0,712.1543125000001,737.0019374999999,101870.475,-1.5392725e-06,0.0,261.81743875,713.8529306005033
2022-03-23 11:00:00,0.7234441253853318,2.8775295237813934,76.74523651883842,363.55826666666667,267.03413333333333,136.8696,252.7526822222222,4.732371111111111,0.0013,0.0013,0.0001,0.017057777777777765,0.06240222222222219,59.24444444444444,240.90625,343.5,101625.15499999998,-4.54881235e-06,0.0,279.94705999999996,254.95145631067962
2021-09-19 13:00:00,1.8013605201454888,0.9915890139023029,48.21448108523743,922.8513,771.8681,696.3049,278.1608,7.43581,0.00195499999999995,0.000205,0.000873333333333325,0.02033166666666665,0.01850999999999995,5.05,794.49609375,798.66015625,101304.85250000001,-2.389249875e-06,0.7501144375000001,274.396625,760.4081265731751
2021-07-01 15:00:00,23.177188441312605,1.0175256593753403,49.507705938368716,891.8419,803.4543,803.4544,259.22075,0.475105,0.0024749999999999998,0.0004,0.0027,0.0183383333333333,0.04446499999999998,0.0,782.2421875,782.5644374999999,101742.79625,-2.6070920499999997e-06,0.0,241.00648875,776.8248831355627
2022-03-08 11:00:00,-5.185025855076702,2.5911855618402138,75.24563378020844,396.52506666666665,281.45573333333334,91.21733333333333,257.49612444444443,14.099786666666667,0.0019,0.0003,0.00015333333333333334,0.038577777777777766,0.02143999999999997,100.0,184.515625,355.578125,101976.9375,-7.1460382e-06,1.0,279.21447,83.19789044708139
2021-08-10 17:00:00,15.798447655414824,0.9017172310881518,42.877642415310355,1005.8283,891.4637,879.1037,273.00970666666666,1.6832,0.0029,0.0008,0.00448666666666665,0.02716999999999995,0.044718333333333304,5.683333333333333,815.87109375,816.21875,101019.46875,-1.761101875e-06,0.10690307375,250.92014375,878.2991729593671
2022-04-10 15:00:00,7.655330656380791,0.8039189792472389,34.71256386413624,1135.7277,997.8877,997.8877,247.98762166666666,3.12304,0.0003,0.0011,0.0001,0.0033,0.017864999999999975,0.0,968.8515625,971.8125,100832.58687500001,-3.7762511250000002e-06,0.0332107545,257.9705825,995.6490471053578
2022-01-10 18:00:00,-22.074343173490874,0.7460956040721968,27.653925332569134,1242.4643,1032.2695,453.0582,249.00331,13.236343333333334,0.00455,0.0003,0.0004,0.0647666666666666,0.0399533333333333,99.33333333333333,607.6015625,933.09765625,101434.25625,-9.158055625e-05,0.4774208125,284.36882625000004,848.022294138799
2021-08-29 15:00:00,9.6420465502539,0.8224245590417547,36.53329903819715,1106.3527,966.6382,966.6381,281.1396533333333,3.05134,0.0029416666666666497,0.0007,0.0009,0.011766666666666651,0.04170999999999995,0.0,949.18359375,951.00390625,102034.21625,-1.9473955e-06,0.0,262.521675,941.0463861920172
2021-12-13 18:00:00,-23.090758690794445,0.7657001511129153,30.33637129896009,1205.2413999999999,1042.4981,1042.4981,261.98403,5.31015,0.0006299999999999999,0.0046266666666666505,0.0001,0.006835,0.0178999999999999,0.0,870.1328125,931.13671875,100538.0625,-6.22355725e-05,0.23360824749999998,271.44981375,1042.3049262855088
2021-09-24 18:00:00,-0.14039254123672726,0.8713057571188112,40.67629700592604,1044.884,888.3116,888.3117,274.7913933333333,4.665873333333333,0.0069483333333333255,0.001726666666666625,0.00115666666666665,0.0429,0.0461833333333333,0.0,763.1328125,781.29296875,101155.02875,-8.4714555e-06,0.0,266.5511375,891.3340524991011
2022-02-03 11:00:00,-16.76379142181507,2.0591066253099957,71.29968564091376,438.2638,319.4043,96.29310000000001,257.14115,10.040668333333333,0.0013416666666666499,0.0015,0.0001,0.0181183333333333,0.07171166666666659,100.0,298.3203125,393.1953125,101760.96187500001,-4.206001125e-05,0.0,279.7799025,94.14239482200648
2021-10-28 21:00:00,-12.862342290550107,2.8200247301257804,76.4692451600023,355.4876,254.0248,127.0272,266.2843222222222,9.746866666666667,0.0020533333333333,0.0006,0.0001,0.015744444444444398,0.027119999999999967,89.2,121.9453125,150.6640625,101863.20125,-1.368462125e-07,0.47399902749999995,274.79510750000003,16.73978185305046
2021-05-19 13:00:00,19.593649658139718,1.3316650325690371,60.26143815239208,685.5666,596.0622,480.4708,256.05169333333333,1.2524033333333333,0.0011,0.0011,0.005861666666666625,0.01226166666666665,0.030398333333333277,56.583333333333336,629.09765625,628.9140625,101797.11,-9.31031525e-07,0.087554933625,256.20787375000003,569.2484717727436
2021-10-05 20:00:00,-4.415599318817538,1.5714729002949601,65.14851157632575,578.4738,470.2065,252.1955,268.152485,3.0292,0.00272166666666665,0.00096166666666665,0.0007,0.019368333333333324,0.025888333333333298,97.26666666666667,253.51953125,338.16796875,100119.359375,-5.801557575e-07,0.99549865625,263.42785625,291.4419273642575
2021-10-04 14:00:00,-4.0291293252405,0.7778032745509572,31.827792555789713,1175.4904,1042.0164,1042.0164,277.60272833333335,2.27438,0.0038799999999999998,0.0018,0.0014,0.0219283333333333,0.0301333333333333,0.0,1028.0625,1040.28515625,101072.24312500001,-5.9377635625e-06,0.0,264.91715750000003,1037.8101402373245
2021-11-09 21:00:00,-16.652202422289594,2.5494704737421263,74.99809435921867,386.7426666666667,278.05839999999995,25.431866666666668,273.9088511111111,9.346644444444443,0.002717777777777767,0.0057911111111111,0.0004,0.022131111111111063,0.0337866666666666,100.0,159.5546875,169.4453125,101104.25,-7.157796e-07,0.20224762249999997,275.9978725,88.58444204722521
2022-03-11 15:00:00,-4.011667131882717,0.7323317261265784,25.521375318106553,1258.3567,1065.0018,887.8403000000001,264.15693666666664,12.145448333333333,0.0009,0.000914999999999975,0.0001,0.01410166666666665,0.0133433333333333,37.88333333333333,771.42578125,1046.441425,101410.146875,-2.778923925e-05,0.0846443175,277.327065,1098.5436893203882
2022-02-02 21:00:00,-17.052092343725047,1.7851798502337421,68.2908713240681,503.9116,377.4601,32.6964,251.154175,13.984645,0.0017,0.0001,6.333333333333333e-05,0.01545999999999995,0.032874999999999974,100.0,139.80078125,255.546875,101343.38125,-1.47680732375e-05,0.7821121124999999,279.57576375,215.57713052858682
2021-10-21 12:00:00,-10.415677747676234,1.108110158999699,53.400243139122686,826.6436,737.0908,697.0772,278.372475,0.953025,0.0007,0.002164999999999975,0.0001,0.0037,0.0148533333333333,2.0166666666666666,768.21484375,768.55859375,101591.19437499999,-1.78569465e-06,0.0,262.43532625,700.584322186264
2021-07-23 15:00:00,20.247236515646932,0.9676254632963289,46.932531404075355,939.015,824.1312,824.1312,265.9726783333333,2.3640766666666666,0.0015,0.0006,0.0007,0.009514999999999975,0.018430000000000002,0.0,798.5195375000001,798.84765625,101627.94375,-2.59029915e-06,0.0,259.38024375,777.2437971952535
2021-06-17 16:00:00,23.368867490578037,0.9834214480522361,47.78747641176182,920.8222000000001,819.8615,819.8614,244.58193166666666,1.5199799999999999,0.00163666666666665,0.000485,0.0013433333333333249,0.013199999999999976,0.02289,0.0,757.5625,763.80859375,101178.734375,-1.652573725e-06,0.0,250.8069075,812.2258180510607
2021-10-13 16:00:00,-7.46891326631733,0.6935274408988177,17.646197345880243,1319.0354,1160.4969999999998,1043.8636,271.5390233333334,4.198595,0.001093333333333325,0.0011,0.0001,0.0077933333333333,0.01127999999999995,49.06666666666666,1076.4179374999999,1102.0586125,100187.86812500001,-2.7071510000000002e-06,0.45260619999999996,256.18197,1150.0
2021-05-29 15:00:00,21.49645869329683,0.9775883586856537,47.476341300767096,926.2191,808.5388,717.5383,260.82311333333337,2.4814616666666667,0.001465,0.0002,0.00392666666666665,0.0124,0.025408333333333276,17.016666666666666,775.0957187500001,785.7988437500001,101779.34375,-2.02812955e-06,0.45472718749999996,258.32399749999996,808.6623516720604
2022-01-18 13:00:00,-20.70898601338795,0.891527987447963,42.16714622993772,1035.2257,853.9433,718.6773000000001,263.4703283333333,12.945466666666666,0.0010533333333333,0.000573333333333325,0.0,0.01798666666666665,0.034819999999999976,72.68333333333334,779.42578125,893.140625,101599.68062500001,-9.6861449375e-05,0.99703217375,278.53025249999996,793.4861560589716
2021-12-08 19:00:00,-22.636286803525202,0.9261923267022503,44.485326340330936,990.6495,809.0219,124.54729999999999,259.81909333333334,13.950386666666667,0.0018,0.001288333333333325,0.000664999999999975,0.026404999999999974,0.04186833333333327,100.0,457.015625,682.13671875,101317.64,-3.8871802875000005e-05,0.96427916,280.2548875,651.0212153901474
2021-11-28 12:00:00,-21.180550001136528,1.0449076648172517,50.778802245937094,880.5049,738.2573,736.5797,273.29186,5.47418,0.0012,0.00417499999999995,0.0001,0.01314999999999995,0.015499999999999974,0.0,760.3671875,775.765625,100848.59375,-6.568006875e-06,0.5793418875,253.200965,724.0471053577849
2021-09-09 12:00:00,5.622634954300004,1.4865380128435812,63.62081997332023,620.701,528.5141,526.4402,277.52608833333335,1.3151683333333333,0.00311166666666665,0.001108333333333325,0.0013,0.02007999999999995,0.0377383333333333,0.0,523.12890625,566.31640625,101977.515625,-1.3899698125e-06,0.07039642524999999,273.09033125,512.6285508809781
2022-03-03 20:00:00,-7.117229867887649,1.2653420361747916,58.52876489202298,716.0328,569.3299,569.3299,255.44986999999998,11.183775,0.00258666666666665,0.000383333333333325,0.000165,0.028976666666666626,0.0199833333333333,0.0,378.296875,448.12109375,100827.046875,-1.054664625e-05,0.34336471125,274.44877625000004,579.047105357785
2021-11-12 12:00:00,-17.500585684430142,1.0482039089597182,50.92582766722178,876.4428,731.7771,437.7245,267.37505,6.221425,0.0021,0.0011,0.0002,0.015748333333333326,0.018484999999999974,100.0,659.06640625,763.1875,101858.1,-2.6384018875e-05,0.97402955,278.1723875,539.1495864796835
2021-05-31 20:00:00,21.80461176025619,2.7701123834452135,76.22012985018395,337.4414,275.0258,234.963,255.69416166666667,0.9863966666666666,0.0009,0.000128333333333325,0.001463333333333325,0.0083683333333333,0.01280166666666665,67.98333333333333,167.62890625,169.6171875,101554.70375,-3.354653025e-07,0.0,244.09403500000002,208.68392664509165
2021-09-16 13:00:00,2.958950114236246,1.0096049889396077,49.12248332666026,906.571,766.1474000000001,599.173,279.27700833333336,4.592121666666666,0.003449999999999975,0.0004,0.0016133333333333251,0.025344999999999927,0.033159999999999974,89.03333333333333,754.578125,793.5097812500001,101928.60062499999,-1.78246405e-06,0.8862495499999999,271.6313025,774.0920532182668
2021-10-20 11:00:00,-10.055061249212018,1.705481999224953,67.21934637870679,535.8111,439.84659999999997,285.2493,282.2277,2.62806,0.0007800000000000001,0.002178333333333325,0.0001,0.007341666666666625,0.012874999999999949,37.733333333333334,501.24609375,503.66796875,102036.83687500001,-1.4198303750000001e-06,0.5033492875,271.86633875,421.26573175116863
2021-10-16 14:00:00,-8.589403018842617,0.7506538364662693,28.311125049865883,1220.3321,1080.1375,1080.1376,271.719825,2.816415,0.001,0.00182666666666665,0.0002,0.00576666666666665,0.011085000000000001,0.0,1075.20705,1075.9726249999999,101356.44,-2.073007625e-06,0.0,259.95611,1042.1251348435815
2022-04-06 17:00:00,6.155857075258399,0.8000451797970042,34.309798942512465,1139.0803,950.0594000000001,770.2282,235.93819,11.931280000000001,0.0027,0.001181666666666625,0.0003,0.03752666666666665,0.0924466666666666,60.73333333333333,819.91015625,883.37890625,100994.703125,-3.1612580999999998e-06,0.09488296375000001,273.187425,724.2592592592592
2022-03-27 19:00:00,2.296035656487048,1.0584099570184977,51.37336674021524,858.285,717.9514,717.9514,254.704255,6.51541,0.0005,0.000563333333333325,0.0002,0.0061,0.03246499999999997,0.0,556.7109375,599.7578125,101170.375,-6.5602653375e-06,0.1685028075,267.00913125,692.7813736066163
2021-12-26 15:00:00,-23.372473325587706,0.6761885564393996,12.205452981445383,1371.734,1169.2406,1114.0028,257.876825,11.3846,0.001,0.0001,0.0002,0.0162083333333333,0.018331666666666625,61.55,909.57421875,1127.9413875,101764.86875,-0.00011200323875,0.034152985625,283.728335,1017.5458468176913
2022-01-24 12:00:00,-19.405991243746065,1.1968603674813147,56.49761100423137,765.6816,606.0294,303.9234,254.01593333333335,16.004603333333332,0.001003333333333325,0.0,0.0001,0.023779999999999975,0.009,88.36666666666667,491.8046875,657.2109375,101776.84375,-4.93057885e-05,0.3430175775,279.8993825,254.67277957569218
2022-03-02 16:00:00,-7.499171310722627,0.6909116654726615,16.950616101027883,1335.2615999999998,1114.4516,777.6219,258.08348,15.374501666666667,0.00327166666666665,0.0006166666666666499,0.0001,0.062489999999999976,0.0427766666666666,56.416666666666664,879.90234375,1079.7617500000001,101323.16500000001,-5.2743038625e-05,0.12717819375,282.2182275,1144.0650845019777
2021-09-16 18:00:00,2.958950114236246,0.8910508641946918,42.133237454646256,1020.5182,858.7791,764.3619,274.9224233333333,7.246555,0.00454,0.0003,0.001518333333333325,0.030189999999999974,0.0356266666666666,59.9,684.8574375000001,748.70703125,101047.70375,-7.048452875e-06,0.63612364,274.07262375,755.6202804746493
2021-11-07 10:00:00,-16.06266126691407,3.259165496813291,78.32425279302683,355.5508,262.9422,29.2748,280.67197666666664,5.741923333333332,0.0016,0.0009933333333333,0.0002,0.01468666666666665,0.0137866666666666,100.0,312.2890625,332.390625,101929.4525,-1.3148237624999998e-06,0.7572021250000001,276.58072625,126.47249190938511
2022-01-23 16:00:00,-19.63879582684111,0.663290564844136,4.854757086136823,1399.9146999999998,1190.1204,843.3145,263.13971833333335,13.07697,0.001103333333333325,0.0,0.0,0.013996666666666626,0.007725,69.51666666666667,883.6953125,1143.9648625,101188.78812499999,-8.28532225e-05,0.3546218875,279.9079925,656.938151743977
2021-11-06 15:00:00,-15.761050291893833,0.6761956549023883,12.208234834749911,1360.4971,1191.2538,1062.0749,280.46813,4.999098333333333,0.001208333333333325,0.001069999999999975,0.0001,0.009548333333333275,0.009669999999999974,88.15,1058.6757625,1134.41795,101212.85062499999,-6.018352e-06,0.162158963125,273.38719375,1180.2409205321826
2021-08-03 16:00:00,17.717056492932677,0.8907247723835701,42.110028684035655,1018.5700999999999,862.7643,811.7089,284.58642,6.374221666666666,0.00354166666666665,0.001,0.0036249999999999998,0.02803166666666665,0.059399999999999974,28.816666666666663,688.36328125,823.96875,101867.171875,-1.4260877125e-06,0.3256797825,267.0991975,847.8550880978065
2022-04-10 11:00:00,7.655330656380791,3.3190646891204225,78.53839495369942,321.8926666666667,239.98426666666668,101.46226666666666,246.23389333333333,3.8217177777777778,0.0004,0.0011,0.0001,0.005597777777777767,0.03690888888888887,55.199999999999996,305.609375,313.828125,101466.40750000002,-1.8475111500000003e-06,0.006500244,277.037555,237.41340045547165
2021-12-15 15:00:00,-23.219423861684025,0.6734348736112027,11.06963083945198,1375.8838,1168.8077,1033.0795,260.47848999999997,12.066151666666665,0.00197666666666665,0.001,0.0002,0.0226,0.02700999999999995,53.56666666666666,967.3671875,1139.515675,101459.73375,-4.8288696875e-05,0.15542221,279.46498499999996,1159.9226896799712
2022-04-18 14:00:00,10.545558035999763,0.9255061599354525,44.44202927323701,986.2761,869.4019000000001,869.4019000000001,240.3719933333333,2.4146116666666666,0.00037,0.0004,0.0001,0.00395499999999995,0.0075283333333333,0.0,867.49609375,866.37109375,101820.1225,-1.901935375e-06,0.0,269.05811374999996,832.4883135562746
2022-01-20 16:00:00,-20.300057321192305,0.6626624731458804,4.166265119831808,1401.4469,1196.8868,543.2941,256.25038333333333,11.880143333333333,0.0006,0.0001,0.0,0.0095,0.008674999999999999,86.11666666666667,973.7578125,1146.496075,101568.70999999999,-0.00011639742374999999,0.038219451875,279.72253374999997,962.1233369291622
2022-01-14 18:00:00,-21.44703391225614,0.7445681785488681,27.42863210426058,1245.1092,1035.7581,510.4659,261.18208166666665,9.493758333333332,0.0093,0.0002,0.0003,0.0975383333333333,0.045614999999999996,83.53333333333333,871.40234375,963.484375,101373.75625,-5.2026938874999995e-05,0.06516266,272.95486375,786.6343042071196
2021-10-15 18:00:00,-8.217746934617427,0.8318812387789857,37.40411982469261,1097.9937,1000.9569,1000.9569,274.717135,0.8788916666666667,0.00064166666666665,0.001616666666666625,0.0002,0.00341,0.015201666666666624,0.0,848.30078125,871.84375,100180.40375,-1.5848782e-06,0.0,243.90855499999998,974.5774901114706
2022-01-31 12:00:00,-17.61341714283341,1.2258500268623125,57.39079367667051,748.2645,602.1263,284.80780000000004,250.87774833333333,11.470553333333333,0.0007,0.0002,0.0002,0.008446666666666599,0.019274999999999952,100.0,132.26953125,636.7421875,101823.525,-3.2592914124999995e-05,0.046882628125,278.1588425,179.0776699029126
2021-10-31 14:00:00,-13.862959575349032,0.729752364433337,25.093604136775188,1259.1641,1069.9724,1005.5689,267.7526866666667,8.58569,0.004275,0.00341499999999995,0.0001,0.0364033333333333,0.04446499999999998,1.25,972.64453125,1069.6875,101698.95375,-2.5717308125e-06,0.0051612855,274.75514250000003,895.4404890327221
2022-01-15 18:00:00,-21.272709360526417,0.7442594089314448,27.38276842106257,1245.614,1038.1106,794.6611,260.835525,10.723053333333333,0.008184999999999975,0.0002,0.0001,0.07767499999999998,0.026553333333333276,23.183333333333334,900.32421875,958.890625,100928.3125,-3.4900702375e-05,0.2362937925,275.22023624999997,1150.3254225098885
2021-11-04 14:00:00,-15.14472848078564,0.726348235516517,24.51358857082533,1266.164,1111.0952000000002,1111.0952000000002,272.2627283333333,3.9809,0.00105499999999995,0.001885,0.0001,0.005639999999999975,0.011973333333333301,0.0,1078.296925,1088.7383,100764.453125,-1.8657301499999999e-06,0.21327973125,269.98807999999997,1070.2445163610212
2021-12-03 16:00:00,-21.996945080171198,0.663012830907037,4.563278053812311,1394.3495,1189.7685000000001,1080.007,267.17722333333336,12.095338333333334,0.0006,0.001389999999999975,0.0002,0.008386666666666626,0.016698333333333325,12.5,899.32421875,1119.5390625,100903.05625,-1.22573110625e-05,0.24131773875000004,276.5017725,1088.8655160014382
2021-12-27 18:00:00,-23.33956277459816,0.7543941551432283,28.83434942084036,1226.8528000000001,1027.1833000000001,505.9127,255.569255,14.824275,0.0004,0.0001,0.0,0.008141666666666625,0.018978333333333326,84.1,679.53125,917.6796875,101326.146875,-5.5817683125e-05,0.5594215250000001,282.126805,670.2067601582165
2021-10-16 13:00:00,-8.589403018842617,0.8747464095907456,40.9380091291571,1047.2321,913.4245,913.4245,272.15763333333337,2.9780366666666667,0.001,0.001953333333333325,0.0002,0.0057,0.0111,0.0,937.578125,937.36716875,101656.15875,-1.6317062624999998e-06,0.0,265.46987750000005,888.3495145631067
2021-09-10 12:00:00,5.246102919693301,1.4725349959722118,63.34996660186692,626.3223,537.7148,535.7768,280.6049433333333,0.9406533333333333,0.004224999999999975,0.001555,0.000735,0.020624999999999977,0.0360533333333333,0.0,583.359375,583.7128875000001,101895.38125,-1.5390978749999998e-06,0.0,268.27653875,515.8989572096368
2021-09-23 12:00:00,0.24877954527974486,1.313923793299747,59.818028204015185,698.6953000000001,559.4703,285.812,278.57282999999995,6.149554999999999,0.00623999999999995,0.002838333333333325,0.000664999999999975,0.04465666666666665,0.04971999999999995,100.0,304.36133125,606.0234375,101994.109375,-1.0413409125e-05,0.9841041562499999,277.53686375,344.4750089895721
2021-06-11 15:00:00,23.03792050545629,1.0090850205448938,49.096904130777965,897.8755,786.2842,786.2842,259.99098833333335,1.9928249999999998,0.003005,0.0013,0.0019,0.016515000000000002,0.04152333333333333,0.0,757.4023500000001,758.1289125000001,102476.865625,-1.7948332375e-06,0.0,265.26849125,776.1003236245954
2021-06-30 18:00:00,23.235529226093274,1.190279570883379,56.28747040989067,765.114,679.8399,679.8398,256.77324166666665,1.0545583333333335,0.0008,0.0002,0.0016333333333333,0.00692666666666665,0.014016666666666601,0.0,574.0546875,574.3984375,101633.359375,-1.7358106375e-06,0.0,241.56214500000002,665.9978425026968
2021-05-07 13:00:00,16.58781459482518,1.2532840291320766,58.1903908899609,728.2519,601.7627,552.4145,245.609125,3.8148616666666664,0.0031349999999999998,0.0003,0.00476999999999995,0.036696666666666655,0.05281999999999995,27.666666666666664,655.203125,654.2578125,102023.52437500001,-1.1817028125e-06,0.10728454625,267.50224000000003,592.6752966558792
2022-01-13 20:00:00,-21.614433766280886,1.141850302667737,54.648664914658106,803.7383,645.7864,298.03249999999997,254.21448166666664,8.945415,0.00556666666666665,0.0001,0.0002,0.04738166666666665,0.022171666666666624,95.93333333333334,503.5546875,531.6875,101411.728125,-3.3266114375e-05,0.059288026375,273.70572,530.3326141675657
2022-01-07 16:00:00,-22.46938536754984,0.6612953517385227,1.9504902954760457,1404.3213,1185.3461,617.8756,263.0794833333333,13.826995,0.0021,0.001499999999999975,0.00036166666666665,0.03730499999999998,0.037864999999999954,72.1,1033.1953437500001,1145.6953250000001,101146.65875,-4.5011285875e-05,0.0700874310625,277.29025624999997,1056.170442286947
2021-05-20 18:00:00,19.810005539497073,1.1366809848724004,54.46344528166136,797.6666,689.6464,689.6464,256.517285,2.4159450000000002,0.0011,0.0002,0.0021,0.009496666666666626,0.016688333333333298,0.0,594.46484375,594.80859375,100750.36812500001,-7.969210875e-07,0.267467495,252.10712375,658.2362459546925
2021-10-07 18:00:00,-5.1859494117029605,0.8451112004663377,38.562634271862194,1079.5207,911.2579000000001,489.6797,265.60347666666667,9.4398,0.001158333333333325,0.0005,0.0007983333333333251,0.0092033333333333,0.016884999999999976,98.4,670.21875,799.88671875,100331.64,-2.007174775e-06,0.42066574375,269.82175,425.7011866235167
2021-10-23 15:00:00,-11.1291639254225,0.687342751909871,15.944984741740383,1334.3303,1182.5059,1182.5058,275.0668066666667,3.2538033333333334,0.0008,0.0007566666666666501,0.0002,0.00345,0.014771666666666624,0.0,1147.96875,1150.347675,100536.63125,-2.28922e-06,0.0,259.0620625,1163.1427544048902
2021-07-01 14:00:00,23.177188441312605,1.1615459476787264,55.335566804780086,784.2779,697.8199999999999,697.8199999999999,259.6095066666667,0.4553383333333333,0.0028733333333333,0.0004,0.0025966666666666248,0.02077499999999995,0.04697499999999995,0.0,706.3203125,706.6484125,101951.06937499999,-2.1565938249999998e-06,0.0,245.45041125,669.0201366414958
2021-11-28 16:00:00,-21.180550001136528,0.6638268412490418,5.372507958152171,1391.2611,1198.3508,976.2414,270.63934,8.638193333333334,0.001473333333333325,0.0027,0.0001,0.0146833333333333,0.014999999999999951,19.383333333333333,968.09375,1128.56245,100618.32875,-9.040290125000001e-06,0.431118,272.068775,1195.2355267889247
2022-03-21 16:00:00,-0.06592403700579391,0.7252808298324727,24.32790825248384,1264.7767,1074.2214,1056.4843,249.02794666666665,10.309115,0.001818333333333325,0.0003,0.0001,0.023514999999999973,0.048711666666666625,3.7666666666666666,935.55859375,1022.00390625,101046.875,-3.1427218625e-05,0.004795074375,276.82189125,1062.819129809421
2022-02-24 11:00:00,-9.749847095018675,2.3851114362113637,73.935199168178,383.4521,276.3992,204.8927,252.444885,10.719236666666667,0.0014,0.0038,0.0001,0.01974666666666665,0.03273833333333333,29.3,356.1171875,357.08203125,101526.759375,-1.07443775e-05,0.26726913750000003,280.80287625000005,258.2164688960805
2021-11-19 14:00:00,-19.296742271078454,0.7203201805167188,23.4393660556054,1280.778,1110.1966,1110.1965,271.85589833333336,5.87573,0.0008,0.0022,0.0002,0.00962666666666665,0.0221183333333333,0.0,1004.6015625,1100.4296875,101557.78125,-1.2023083625000001e-06,0.72766875625,269.67245625000004,1074.3257820927724
2021-08-21 16:00:00,12.380055548465378,0.8250833940632191,36.78195087053079,1100.3029999999999,986.3407,986.3407,261.991745,1.5787066666666667,0.0033,0.0013,0.001,0.01703499999999995,0.044381666666666625,0.0,922.859375,923.18359375,101066.78375,-2.1916057625e-06,0.0,247.65038125,967.6914778856525
2021-08-17 14:00:00,13.674443608872464,0.981201152575233,47.66966386996579,930.1246,839.0404,839.0403,280.34193833333336,0.7999533333333333,0.0012,0.0003,0.0013,0.006959999999999975,0.032441666666666646,0.0,836.796875,837.14649375,101723.00687499999,-1.8423015374999998e-06,0.0,256.7099975,814.7321107515282
2022-02-27 16:00:00,-8.633975602118538,0.6869526805920203,15.830649646098763,1344.0235,1150.868,979.6309,255.58242333333334,10.159425,0.0008,0.0001,0.0,0.010999999999999975,0.010344999999999976,97.43333333333334,1095.703125,1110.7694999999999,100863.478125,-3.425157025e-05,0.227024075,274.02331375,1075.6202804746495
2021-08-27 19:00:00,10.343443884966485,1.2111606188683997,56.94468372167842,750.4149,658.1629,658.1629,294.85188666666664,0.65273,0.0055,0.0012,0.0017,0.0151,0.0601,0.0,530.80859375,531.21484375,100810.453125,-7.097551125e-07,0.0,243.1930075,632.1179431859043
2021-05-26 12:00:00,20.98787474349141,2.1310736457742623,71.95442825867138,435.50530000000003,333.746,220.4183,257.3545416666667,5.750915,0.001458333333333325,0.0006,0.0033183333333333,0.016086666666666624,0.04543499999999995,59.13333333333333,390.6796875,396.23046875,102237.375,-8.553324875e-07,0.09013366712500001,265.22375750000003,314.87234807623156
2022-02-12 11:00:00,-13.960779933652848,2.192820390629439,72.4801617912033,413.5244,302.10020000000003,177.3955,264.097365,8.94641,0.0015,0.000893333333333325,0.0,0.0192183333333333,0.0534533333333333,95.78333333333333,128.97265625,369.015625,101938.053125,-3.4863536625000005e-05,0.62000275,280.32513625,244.4947860481841
2021-12-08 17:00:00,-22.636286803525202,0.6920181806918109,17.24882075517879,1335.3937,1123.557,636.2254,260.51661333333334,14.0975,0.0018,0.001505,0.000895,0.027434999999999973,0.046151666666666626,100.0,832.66796875,1035.1874687499999,101358.125,-6.893370374999999e-05,0.9804229812499999,282.30707125000004,1094.126213592233
2022-02-01 13:00:00,-17.335338734678597,0.9167285975527896,43.879406777861014,1007.3510999999999,834.7357,437.7398,255.1005383333333,11.656855,0.0018033333333333,0.0002,0.0001,0.012929999999999924,0.0178133333333333,100.0,424.6171875,863.1953125,101902.0,-7.955144875e-05,0.0,278.26727125,375.73175116864434
2021-10-30 21:00:00,-13.53296696505293,2.7732194144215057,76.2359067678708,360.3868,252.61,243.54666666666665,275.0952222222222,8.58418,0.004517777777777766,0.0029333333333333,0.0001,0.0355733333333333,0.044408888888888866,7.11111111111111,134.5,155.4609375,101316.21875,-1.45693775e-07,0.03302001925,277.6418625,202.5170801869831
2022-04-27 12:00:00,13.574913808648922,1.7536462157538826,67.87951846573571,525.8719,437.1133,301.1506,239.07067333333333,2.1352100000000003,0.001,0.0006,0.0003,0.011525,0.01989666666666665,91.98333333333333,488.62109375,496.46875,101632.77875,-9.13190875e-07,0.20914459000000002,258.1294375,245.33620999640414
2022-04-18 17:00:00,10.545558035999763,0.8458226081489084,38.6230825189663,1074.4027,952.5031,952.5029999999999,238.661775,2.453151666666667,0.0004,0.000558333333333325,0.0001,0.00345666666666665,0.007594999999999975,0.0,860.9296875,861.8984375,101145.803125,-1.8039427e-06,0.0,264.5999475,907.5152822725638
2021-12-07 10:00:00,-22.522986529463115,3.07670964566536,77.61940031720846,326.2672,225.9352,24.717066666666668,259.10440444444447,15.994235555555555,0.0014,0.0006111111111110999,0.0001,0.016471111111111065,0.009399999999999966,100.0,53.25,281.09375,102231.5625,-1.8064282000000003e-05,0.17918396,280.20593,72.74841184226297
2021-09-19 16:00:00,1.8013605201454888,0.737725920954828,26.385749081355897,1234.5451,1062.7773,937.588,278.30140166666666,6.802371666666667,0.00219166666666665,0.0003,0.0011,0.023158333333333274,0.021051666666666625,60.16666666666667,899.83984375,1006.1133125000001,100631.771875,-3.1729286625e-06,0.90542985125,266.11089375,1104.908306364617
2021-05-25 12:00:00,20.80622616311848,2.1168297992677862,71.82856632871747,438.239,344.8306,214.7133,262.03370333333334,3.145818333333333,0.0012383333333333,0.00045833333333332503,0.00195499999999995,0.0105283333333333,0.04125,57.4,408.92578125,408.6953125,102285.0875,-5.52623525e-07,0.0,258.19203875,328.6353829557713
2021-06-29 16:00:00,23.287060087617615,0.9815666782999171,47.68911109631982,923.3291,833.5572,833.5571,267.92498333333333,0.681555,0.001478333333333325,0.0008366666666666501,0.0016,0.008704999999999975,0.04254666666666665,0.0,773.2949062499999,773.6504062500001,102361.65625,-2.4171313125e-06,0.0,257.96222625,821.3052858683926
2022-04-05 20:00:00,5.7763220001740265,1.6575717950063082,66.52112407271517,544.9165,414.21549999999996,66.1798,238.46846166666666,12.028013333333334,0.002,0.001,0.000235,0.0226,0.06470166666666666,100.0,223.3828125,299.8359375,101247.5,-3.2365222999999994e-06,0.5141525250000001,277.00726375,287.621359223301
2021-09-29 16:00:00,-2.08780417253818,0.7162045354780311,22.667500527866906,1273.8146,1098.6435,1098.6434,261.08072,5.758371666666667,0.00679166666666665,0.001035,0.0009,0.04141833333333332,0.032133333333333326,0.0,1013.95315625,1041.3788749999999,100871.97125,-3.1600066125e-06,0.38752746875,271.9226575,1062.8191298094212
2021-07-14 19:00:00,21.81384026311456,1.4973473343927184,63.82601107916823,612.7494,503.5817,503.5817,271.2208966666667,4.640395,0.001,0.0003,0.0007,0.0083,0.0138933333333333,0.0,388.79492,392.78515625,100735.703125,-1.13481658875e-06,0.0,259.44366125,494.1837468536497
2021-05-14 20:00:00,18.43034973210218,2.4857105831365236,74.60309032894222,370.6055,292.7838,292.7837,247.24133833333332,1.9623599999999999,0.0016,0.0008,0.002169999999999975,0.0099,0.03841166666666665,0.0,189.8828125,190.89453125,101231.48375,-2.4482142125e-07,0.0,255.01198125000002,265.8162531463502
2021-06-03 20:00:00,22.219372079272322,2.7986740518528235,76.36380235126303,334.7519,259.178,247.8717,265.924485,1.12555,0.0036,0.001265,0.002889999999999975,0.02214666666666665,0.058053333333333304,23.4,162.81640625,166.15625,101038.0775,-3.85538445e-07,0.39038085874999995,243.12624625,232.84609852571018
2022-04-23 19:00:00,12.26150872079164,1.2762596505558625,58.828597189024876,711.2438999999999,618.6177,618.6177,253.38855999999998,1.7858749999999999,0.0004,0.000879999999999975,0.0001,0.0036,0.007988333333333274,0.0,492.609375,495.0625,100492.54000000001,-7.976486999999999e-07,0.0,252.60565125,565.4566702624954
2021-07-21 12:00:00,20.636710882632716,2.336918381979531,73.59400903829282,403.4056,312.9013,225.6864,268.11175000000003,4.635541666666667,0.001274999999999975,0.0005,0.00076666666666665,0.0091233333333333,0.017021666666666626,62.516666666666666,366.80078125,367.12890625,102677.6275,-2.7079368125000002e-06,0.0,266.03870625,291.3412441567781
2021-05-29 18:00:00,21.49645869329683,1.1723862995880705,55.7014454097418,774.1949,657.3259,622.9394,258.48878666666667,3.0195883333333335,0.001639999999999975,0.0002,0.003291666666666625,0.01242166666666665,0.0282216666666666,95.75,555.9921875,565.0546875,101115.46875,-1.2021045775e-06,0.10829162625,245.31754999999998,516.774541531823
2021-08-31 15:00:00,8.93055449957544,0.8149084221158558,35.813414847835105,1116.6976,1008.9532,1008.9531,276.20512333333335,1.3059283333333334,0.0023,0.0004,0.0010283333333333251,0.01530166666666665,0.0240783333333333,0.0,970.5078125,970.83984375,101383.38125,-2.9448128875e-06,0.0,258.8837175,956.346637900036
2021-09-23 15:00:00,0.24877954527974486,0.7416354461443794,26.988548088577726,1229.8998000000001,1050.1483,872.9656,279.37021833333336,6.459486666666666,0.007148333333333325,0.003023333333333325,0.00106166666666665,0.0507,0.05759666666666665,78.11666666666667,792.36328125,1023.4375,101472.25,-1.953556775e-05,0.9659004125,272.8805775,990.8162531463502
2021-08-12 20:00:00,15.21124284412728,2.0252503256091723,70.97463911473399,454.09130000000005,349.6173,196.0372,269.92900833333334,4.556208333333333,0.0042,0.0005,0.0013,0.02953,0.041121666666666626,74.95,230.93359375,241.51171875,100776.77437500001,-3.1286617775e-07,0.018917083875,256.69428000000005,354.32578209277233
2022-02-23 15:00:00,-10.117057019753185,0.7096661079772747,21.36738066053037,1303.4479000000001,1105.4418,1105.4416999999999,253.45453333333333,11.98912,0.0013,0.000639999999999975,0.0001,0.0171,0.021196666666666624,0.0,909.6875,1093.9336125,101352.875,-3.307743475e-05,0.045936584125,276.38053125,980.4063286587558
2021-09-06 13:00:00,6.742493857141795,1.0766314631988803,52.144728032990116,851.0735999999999,707.3419,705.7835,273.69790333333333,5.257958333333334,0.005739999999999975,0.0015266666666666501,0.00072666666666665,0.039418333333333326,0.044061666666666624,0.0,748.0879,748.4238437500001,101590.89749999999,-2.2755120875e-06,0.0,272.5195375,685.4458827759797
2022-03-05 16:00:00,-6.348514071462508,0.6952505538909212,18.087505616178866,1325.8269,1135.9262,1134.8246,259.01819,9.399398333333334,0.001225,0.0002,0.0001,0.0164583333333333,0.01442999999999995,0.0,1000.9648625,1097.5742,101044.015625,-1.05576765e-05,0.37448120125,274.72994875,1119.6691837468536
2021-11-14 17:00:00,-18.040896407164666,0.7040590125330657,20.168265240011394,1306.0185,1115.1621,640.1285,264.53247,8.96825,0.00293166666666665,0.0019983333333333,0.0001,0.02645999999999995,0.025466666666666624,66.3,883.36328125,1014.46875,100792.375,-2.9659131875e-06,0.61813735,272.804855,756.1578568860123
2021-05-25 17:00:00,20.80622616311848,0.9938320871986871,48.33003018473237,910.6064,783.9959,783.9959,262.59320833333334,3.6091466666666667,0.0007,0.0001,0.000915,0.00639166666666665,0.024126666666666626,0.0,713.8046875,714.98046875,101400.990625,-1.2126693125e-06,0.0,244.23298499999999,751.6504854368932
2021-06-28 14:00:00,23.331758781090016,1.1631236642317553,55.38934193935535,782.9765,700.438,700.4379,270.59005333333334,0.37215,0.0022,0.0008,0.0011849999999999999,0.01428666666666665,0.0380916666666666,0.0,701.953125,707.97069375,101965.765,-1.482927475e-06,0.0,251.16804875,681.4904710535777
2022-04-17 19:00:00,10.193381776133345,1.2222422336916174,57.28242609048672,742.3807,623.1307,623.1306,241.4143,4.180821666666667,0.0009,0.0009,0.0003,0.012158333333333275,0.01101999999999995,0.0,497.52734375,503.96875,101113.0,-6.683276375e-07,0.0,268.00145125,592.5170801869831
2022-01-08 20:00:00,-22.34501797811082,1.1489518311032767,54.899720746434106,798.4769,635.7406000000001,171.06529999999998,258.36607333333336,15.367678333333334,0.001075,0.0003,0.0001,0.0205883333333333,0.018091666666666624,100.0,337.64453125,507.40234375,101338.59625,-1.20780023125e-05,0.91905594,278.9302125,455.400934915498
2022-03-19 12:00:00,-0.856293179789177,1.4479386600083781,62.85989382543763,638.2481,506.6744,218.57229999999998,247.79779666666667,7.6357816666666665,0.00150166666666665,0.0001,0.0001,0.0186233333333333,0.06120999999999997,81.41666666666667,377.54296875,555.76953125,102163.47750000001,-7.168709875e-06,0.07546997275,277.485075,543.1751168644372
2022-03-11 13:00:00,-4.011667131882717,1.0002468843288475,48.656499816589566,923.1946,758.323,394.9355,264.6348183333333,11.7545,0.0010999999999999751,0.00120166666666665,0.0001,0.019123333333333277,0.01792666666666665,98.06666666666666,599.55078125,793.55078125,101638.7975,-1.205489375e-05,0.044498443750000005,277.82631875,560.2876663070838
2022-02-12 14:00:00,-13.960779933652848,0.7769501799079362,31.72623004490271,1191.8169,1008.5961,767.8449,263.3743216666667,9.485143333333333,0.0015,0.000515,0.0,0.015939999999999975,0.04086833333333327,94.5,685.5546875,1016.8320125,101762.185,-0.0001032794525,0.58177566875,279.708375,912.2833513124774
2021-11-12 18:00:00,-17.500585684430142,0.7961272627631112,33.89413184048726,1151.6983,978.324,554.6967999999999,266.71995,7.9215816666666665,0.00275166666666665,0.0016749999999999751,0.000155,0.0191383333333333,0.018049999999999976,100.0,670.82421875,856.96875,101061.18125,-2.057955125e-05,0.9973220875,273.712245,797.8658755843222
2022-04-06 20:00:00,6.155857075258399,1.6747319684894382,66.77622267625817,539.4461,397.54060000000004,273.1786,235.430165,13.465413333333332,0.0027,0.0007,0.0003,0.04379833333333327,0.1175533333333333,42.0,223.16796875,295.05859375,101191.54625,-6.7570364625e-07,0.33456802274999997,279.0309075,396.5821646889608
2021-11-24 19:00:00,-20.40639665128032,0.9536885365149181,46.14419932250783,958.8897,789.3137,562.0781,263.83371,12.247263333333335,0.00138666666666665,0.0009,0.0001,0.013206666666666625,0.0171383333333333,100.0,543.1796875,657.9140625,100780.2025,-5.753801175e-05,0.9915275625,279.06458625,713.2398417835311
2021-06-19 20:00:00,23.42426561686686,2.8143543018753743,76.44140166884591,335.5043,270.3119,233.88660000000002,253.13963166666667,1.32694,0.00089,0.0003,0.001153333333333325,0.007486666666666625,0.017734999999999976,45.13333333333334,162.16796875,165.189453125,101167.9125,-2.508459125e-07,0.270534515,255.7325625,240.95649047105354
2021-11-03 13:00:00,-14.83025116777634,0.8383763072700182,37.98119572947752,1096.1707,943.2588000000001,654.2685,276.5202333333333,5.203743333333334,0.00089166666666665,0.0015,0.0001,0.007188333333333275,0.0121033333333333,26.5,868.73828125,947.80466875,101402.1275,-1.4778052e-06,0.011970520125000002,275.65024999999997,846.0535778496944
2021-10-26 14:00:00,-12.17831133185726,0.7352323303333925,25.991072212050113,1248.4375,1093.0774,1093.0774,294.90381,4.240058333333334,0.00077666666666665,0.000368333333333325,0.0001,0.0040283333333332744,0.009001666666666651,0.0,1094.4726875000001,1095.83205,101932.89937500001,-2.0102306750000002e-06,0.0,263.2654625,1093.7432578209277
2021-12-24 13:00:00,-23.41488559973962,0.8531014762127587,39.23134010120118,1082.5279,892.6958,541.5644,250.81539999999998,15.299585,0.00169666666666665,0.0,0.0,0.020434999999999974,0.00631999999999995,82.43333333333334,562.79296875,912.546875,101534.59375,-3.857826325e-05,0.056598663625,279.90765375,488.7144911902193
2021-07-19 15:00:00,21.003003804078357,0.9804353962398815,47.62885644343398,926.5841,795.9688,795.9688,267.6665916666667,3.0595600000000003,0.00281666666666665,0.0009,0.002148333333333325,0.02833666666666665,0.03355833333333327,0.0,784.203125,784.468775,101770.17125,-2.62432145e-06,0.0,265.66332750000004,775.7335490830635
2022-02-24 16:00:00,-9.749847095018675,0.683359299678414,14.730175823306135,1352.1082000000001,1153.4382,1045.5308,254.93831,10.292991666666667,0.001664999999999975,0.003878333333333325,0.0001,0.0222333333333333,0.0356633333333333,16.1,1045.3280937499999,1110.246075,100980.22562499999,-3.7745485e-05,0.43170165000000005,275.969965,1128.6947141316073
2021-11-12 11:00:00,-17.500585684430142,1.5345741621364097,64.50797704757618,595.4584,473.0815,145.4201,267.5014883333333,6.797303333333334,0.00213,0.0011,0.0002,0.016551666666666624,0.019086666666666627,100.0,426.16015625,524.640625,101998.99124999999,-1.63761723125e-05,0.9995308,278.54555500000004,206.314275440489
2021-05-26 14:00:00,20.98787474349141,1.0888694344752292,52.643965543856645,833.889,694.9902,662.0707,258.98478666666665,6.107506666666667,0.0024066666666666247,0.0007,0.00259999999999995,0.0217616666666666,0.05297666666666662,13.7,713.234375,712.8261625,101890.86812500001,-1.20993355e-06,0.00234603875,260.38133,672.536857245595
2021-11-13 13:00:00,-17.773343755449314,0.8298942368709735,37.224232549606285,1109.5081,939.6807,725.6131,263.07606166666665,7.20118,0.003,0.006595,0.0001,0.02223666666666665,0.0262683333333333,99.33333333333333,909.92189375,955.2421875,101275.115625,-1.9544647875e-05,0.37152480625,275.22544500000004,903.5634663790003
2022-04-20 13:00:00,11.241196996341696,1.1538113563181187,55.06929707453045,793.4411,699.2381,667.803,246.65712333333335,1.38756,0.0008033333333333251,0.00093666666666665,0.000213333333333325,0.007264999999999975,0.023646666666666625,6.966666666666667,730.68359375,731.22265625,101633.11812500001,-1.7534184875e-06,0.05346298125,254.67130250000002,679.3707299532541
2021-07-17 20:00:00,21.345575275899424,2.4366875250914113,74.28478220187982,384.2424,297.0889,216.6322,264.21766833333334,2.6370866666666664,0.0023,0.0010500000000000002,0.004331666666666625,0.01905666666666665,0.03942166666666665,61.16666666666667,194.236328125,195.5234375,101803.015625,-4.28488425e-07,0.48410797125,261.8147775,257.44516361021215
2021-11-23 10:00:00,-20.196769243998993,3.0273232632087583,77.41364908260125,334.4512,228.95733333333337,94.95053333333333,261.4367555555555,12.404133333333334,0.0032,0.0017,0.0002,0.03290666666666663,0.027582222222222202,63.75555555555555,291.265625,301.46875,102040.815,-2.34297475e-05,0.932983385,281.00745,190.60290063526307
2022-03-20 14:00:00,-0.4610330930446514,0.8369661588594499,37.85730125781628,1099.8361,927.298,626.7345,251.954725,8.932923333333335,0.001465,0.0004,0.0002,0.018336666666666626,0.05335499999999995,100.0,758.1953125,929.890625,101688.69375,-2.6720284875e-05,0.8224639874999999,277.81372124999996,868.7738223660554
2021-11-19 19:00:00,-19.296742271078454,0.9640422735899832,46.732998141150105,947.8163999999999,789.8119,693.8565,272.0441016666666,8.460145,0.0009,0.002151666666666625,0.000255,0.01173666666666665,0.0235733333333333,4.4,581.8203125,657.7578125,101017.875,-4.57075675e-07,0.0035133361874999996,270.90950125,756.1650485436893
2021-12-04 17:00:00,-22.13925604196169,0.6937495540468874,17.703804644497534,1330.9228,1120.6846,650.6560000000001,261.45098333333334,15.368433333333332,0.0008,0.00052166666666665,0.0001,0.011244999999999976,0.013744999999999974,93.48333333333333,711.59375,1019.45315625,101510.703125,-7.745085175e-05,0.3856849675,280.5905975,1134.6548004314993
2021-05-18 14:00:00,19.37175806556018,1.0545823004984902,51.20686649575871,860.9114,733.6311,580.1653,250.49595166666666,3.4950550000000002,0.00222,0.0011583333333332999,0.003365,0.019568333333333326,0.03218166666666662,97.93333333333334,748.3203125,748.15234375,101900.7975,-1.125077725e-06,0.395401,270.682855,666.734987414599
2022-03-28 21:00:00,2.6873378451490937,3.123121190910961,77.80668578420611,323.40933333333334,250.1988,179.9552,257.82751333333334,2.691448888888889,0.0003,0.0,0.0001,0.0032,0.0074999999999999,33.88888888888889,144.6328125,146.3046875,101103.4225,-4.1152818250000006e-07,0.0112838745,261.8524175,226.52043629389905
2022-01-25 19:00:00,-19.167159414951204,0.8735831759683707,40.84991336587493,1056.8649,872.9916000000001,373.3467,262.18997,13.158055,0.001465,0.0,0.0001,0.0236483333333333,0.025031666666666626,100.0,663.48828125,757.8984375,100929.565,-4.7604344249999994e-05,0.3185234,277.73779375,632.9593671341244
2021-09-22 13:00:00,0.6376320969376367,0.9745818579908481,47.313907452309785,938.8213000000001,790.9467,473.74120000000005,278.155555,5.51677,0.00317,0.0020983333333333,0.000778333333333325,0.0277,0.033876666666666624,100.0,581.27734375,820.27734375,101752.109375,-2.1929591125000002e-05,0.9966468775,273.9883,630.6957928802589
2021-12-22 16:00:00,-23.426039035075107,0.6613986339722754,2.197731229082364,1402.1562,1182.0696,706.0291,257.35883333333334,15.87996,0.0012,0.0001,0.0,0.021794999999999974,0.01528666666666665,72.01666666666667,871.359375,1132.1640750000001,101305.76625,-1.4954188125e-05,0.31010818,277.55212374999996,860.3505933117583
2022-04-30 13:00:00,14.521556918387134,1.2100435997724466,56.91022381502072,755.468,633.7107,604.8769,238.82954999999998,4.401768333333333,0.0012549999999999749,0.001633333333333325,3.1666666666666666e-05,0.01444666666666665,0.014025,15.583333333333334,649.76953125,661.6953125,101695.55374999999,-1.64587985e-06,0.0,273.59754499999997,603.7558432218626
2022-03-22 14:00:00,0.32893462043704336,0.8417068316515159,38.27082522684287,1093.0351,941.2078,941.2078,247.97440999999998,4.9956,0.001053333333333325,0.0015,0.0001,0.011078333333333275,0.0295533333333333,0.0,904.41015625,931.46875,101150.99124999999,-1.2854346625e-05,0.0087966920625,276.7805475,914.8507731032003
2022-04-26 15:00:00,13.251870187254678,0.8580939782654504,39.63812525613131,1059.5609,954.5308,883.0157,239.40997499999997,1.4431783333333335,0.0009,0.0007566666666666501,0.0006,0.009144999999999976,0.018179999999999974,12.7,916.4765625,933.2421875,100954.75875000001,-2.440647225e-06,0.8118209725000001,251.734775,595.1941747572815
2022-03-20 20:00:00,-0.4610330930446514,1.4267861917747773,62.42311929978495,632.5937,495.9898,109.9357,250.18166166666668,11.441600000000001,0.001503333333333325,0.0001,0.0002,0.01750499999999995,0.04193833333333333,100.0,190.890625,365.828125,101385.96187500001,-8.8811138875e-06,0.9862785374999999,278.382025,416.0212153901474
2022-04-05 17:00:00,5.7763220001740265,0.7965196055056943,33.93614370876714,1144.4236,962.4649000000001,926.0078000000001,239.32628333333332,11.019286666666666,0.0019,0.001065,0.0003,0.022261666666666624,0.05518499999999998,3.0,854.9609375,892.65625,100996.553125,-8.39919105e-06,0.37197113,271.4565475,708.9787846098526
2021-09-04 12:00:00,7.48008085874097,1.5603432351238193,64.9588497893224,592.7557,501.6637,403.1703,265.3812883333334,1.3495049999999997,0.0035533333333333,0.0012,0.0009,0.021448333333333323,0.037778333333333275,20.0,553.5820249999999,553.9882875000001,101693.50687499999,-2.1839150625000003e-06,0.0,260.22700125,480.28946422150307
2021-07-11 14:00:00,22.225977219521173,1.145040084246705,54.761912653881616,796.2516,678.1675,652.9229,258.53269166666666,3.19749,0.001389999999999975,0.00035166666666665,0.001944999999999975,0.012573333333333301,0.0227333333333333,2.566666666666667,683.50194375,684.5156,101974.171875,-2.6837515e-06,0.50965500125,269.881975,651.0068320747932
2022-04-26 20:00:00,13.251870187254678,2.0789520557923353,71.48501505497114,438.1337,356.43330000000003,187.3571,238.70150999999998,2.17062,0.0009,0.0007,0.0005,0.0087,0.01923166666666665,81.21666666666667,240.33203125,240.74609375,100383.76625,-3.8219514625e-07,0.0007820129375,243.37421875,280.30025170801866
2022-04-03 19:00:00,5.012299701517073,1.1076261778234187,53.38163183782644,819.4748,698.758,698.7581,250.12177833333334,3.3594983333333333,0.0005,0.0009433333333333,0.0001,0.0050283333333333,0.01621166666666665,0.0,579.16015625,579.953125,100576.0875,-1.39499389e-06,0.0,244.12116625,678.9284430061128
2022-03-18 15:00:00,-1.2516042922501336,0.7454024787847067,27.552015117503725,1233.8002000000001,1098.6569,1098.6568,249.9434883333333,2.424285,0.0007,0.00069666666666665,0.00015166666666665,0.00591499999999995,0.0412733333333333,0.0,1065.5390625,1074.984375,101442.31937499999,-1.593728675e-05,0.0,262.627745,1069.1298094210715
2021-10-03 19:00:00,-3.641929609448319,1.0719462572035692,51.949668276545545,849.6704,746.8823,746.8824,278.92204833333335,1.0131183333333333,0.0043933333333333,0.0026933333333333,0.0014166666666666499,0.021688333333333275,0.05785,0.0,599.1796875,614.20703125,99984.396875,-1.4027173375e-06,0.0,247.72389875000002,731.2513484358144
2021-06-11 20:00:00,23.03792050545629,2.8353055959263713,76.54370832432477,332.0902,259.8311,255.9716,257.38983666666667,1.5515166666666667,0.0025883333333333,0.0012,0.0015,0.014914999999999949,0.034821666666666626,4.766666666666666,159.25,159.453125,101973.66312499999,-2.882443335e-07,0.0,253.861135,229.72671700827038
2021-07-16 16:00:00,21.507804018929004,0.9495101473026863,45.90126254767322,955.2143,856.0517,659.0287,267.59850833333337,1.3897583333333334,0.0012,0.0003,0.00168166666666665,0.008763333333333324,0.01740666666666665,77.43333333333334,799.22265625,799.4472499999999,101188.32125000001,-2.2621825625e-06,0.39744950500000004,256.30568375,709.9406688241639
2021-12-01 17:00:00,-21.6911308272899,0.6951027237955967,18.050138986645425,1327.4726,1156.0994,1156.0994,266.763285,5.5754850000000005,0.0006,0.00223166666666665,0.0002,0.0078033333333333,0.01421166666666665,0.0,1007.04296875,1052.125,100449.63375000001,-8.7048100625e-06,0.4428825375,271.37894625,1133.2434376123695
2021-10-06 20:00:00,-4.801239619491075,1.5659999103237034,65.05561916482247,580.4497,445.8602,125.4275,263.459495,10.847421666666667,0.003075,0.00201666666666665,0.0006,0.025234999999999973,0.04685666666666665,100.0,188.50390625,321.484375,101271.834375,-3.7840800375e-06,0.86176298875,277.63802499999997,81.76734987414599
2021-11-12 15:00:00,-17.500585684430142,0.6735592480763058,11.123608239272778,1367.6197,1188.6038,821.3975,267.0533733333333,6.226556666666667,0.002294999999999975,0.001279999999999975,0.0002,0.0156083333333333,0.016751666666666623,100.0,1061.4765499999999,1142.34375,101256.00687499999,-4.06248145e-05,0.9527931225,274.7745,1146.6918374685365
2022-01-03 17:00:00,-22.89242968405637,0.68273119091628,14.52821569831138,1359.2927,1182.4023,961.2417,255.96828333333332,6.146081666666667,0.00057,0.0012,0.0001,0.007321666666666625,0.01365,23.71666666666667,983.2890625,1097.0820125,100957.06937499999,-2.8862967e-05,0.35978698875,273.57934625,977.2527867673498
2022-02-09 21:00:00,-14.934310707534713,1.8306539525470598,68.85720038024786,489.8479,358.4375,162.9038,263.29919666666666,10.886406666666666,0.0011,0.0055033333333333,0.0,0.01315999999999995,0.11768333333333329,95.23333333333333,148.32421875,246.0234375,101294.15625,-1.546952475e-05,0.36464309875,279.84979500000003,324.1208198489752
2022-01-06 13:00:00,-22.586362240552145,0.8718229960258774,40.715861421483794,1058.7187,885.8011,692.5641,264.8448716666667,9.711263333333335,0.001159999999999975,0.0012,0.0002,0.014208333333333274,0.02009166666666665,23.85,781.39453125,919.21095625,101604.734375,-2.3962144125e-05,0.0,277.628695,860.5969075871988
2022-02-28 12:00:00,-8.257657921815415,1.3512391684023422,60.7349790001934,683.0014,541.9904,448.1619,259.3131433333333,10.925419999999999,0.0015683333333333,0.0002,0.0001,0.0211333333333333,0.021286666666666624,83.56666666666668,568.5703125,606.3515625,101551.2975,-1.39883195e-05,0.8756103399999999,279.585755,511.83926645091685
2022-01-06 18:00:00,-22.586362240552145,0.7480449405791672,27.937698962847783,1238.9079,1049.1471,742.4156,261.35365666666667,10.187428333333333,0.001475,0.000958333333333325,0.0002,0.017834999999999976,0.02214,28.233333333333334,862.234375,949.48828125,100972.9625,-2.1770130750000003e-05,0.093746185625,275.24774375,689.0183387270765
2021-12-17 13:00:00,-23.317297340193075,0.8445647958211033,38.51608268806103,1093.6217,906.0348,835.4243,256.464825,13.118846666666666,0.0020583333333333,0.00067166666666665,0.0001,0.02737999999999995,0.02064999999999995,3.95,643.9140625,933.9570125,101811.46875,-3.085073e-05,0.0,275.9104,842.7615965480043
2021-07-20 17:00:00,20.822789380160284,0.9791577384440653,47.56056821878866,926.729,791.0915,791.0914,268.799305,4.05894,0.002733333333333325,0.0009,0.00283166666666665,0.02463999999999995,0.040801666666666625,0.0,730.2421875,730.8925937500001,101218.08687500001,-2.80386305e-06,0.0,253.32028250000002,785.4314994606257
2021-07-29 18:00:00,18.945483229572343,1.0808462751126797,52.31832417869327,840.9433,718.5606,718.5606,277.0627533333334,3.27541,0.001688333333333325,0.000338333333333325,0.0015583333333333,0.011893333333333301,0.025706666666666624,0.0,618.84375,621.01953125,101011.5625,-1.3613898625e-06,0.0,259.61210500000004,721.1380798274002
2022-02-09 19:00:00,-14.934310707534713,0.883595332521438,41.59565111917508,1041.4832000000001,867.1142,347.3877,263.8074266666667,9.361433333333334,0.001,0.0043933333333333255,0.0,0.011343333333333299,0.0855533333333333,89.80000000000001,554.70703125,741.50390625,101216.79625,-5.4270904375e-05,0.51641083125,282.51521,446.11470693994966
2021-10-25 16:00:00,-11.83155980206098,0.6802181826099333,13.68708480631601,1348.1285,1190.7305000000001,1052.3439,295.63326,3.5710783333333334,0.0017749999999999999,0.0006,0.0001,0.00821166666666665,0.011274999999999974,10.066666666666666,1129.0273750000001,1137.1288875,101414.22125,-3.019784325e-06,0.0,263.29724875,1154.2430780294858
2021-08-22 12:00:00,12.048172409254994,1.7788749255875622,68.20988448442841,523.454,450.52020000000005,450.5201,261.893005,0.44014166666666665,0.00147166666666665,0.0007983333333333251,0.00044666666666665,0.00581499999999995,0.04084999999999997,0.0,503.3984375,503.75975625,101716.703125,-7.880152875e-07,0.0,251.889105,433.67134124415674
2022-04-26 19:00:00,13.251870187254678,1.3038655008093993,59.560366625916224,696.4182,599.9014,485.10249999999996,239.00191166666667,1.9740349999999998,0.0009,0.00063166666666665,0.0005,0.0087,0.018673333333333274,33.28333333333333,479.5703125,482.1875,100361.22125,-9.1637595e-07,0.0212020871375,249.07484625,464.1837468536498
2021-05-05 14:00:00,16.018996635501978,0.9962716848087922,48.45487899030209,912.2076,750.0642,663.6332,241.9631333333333,8.110605,0.00815166666666665,0.0011383333333333,0.002658333333333325,0.056388333333333304,0.05366666666666665,29.166666666666668,724.88671875,770.78319375,101488.984375,-1.551699825e-06,0.29441452375,274.56789875000004,745.0503416037396
2021-12-01 11:00:00,-21.6911308272899,1.522197756005027,64.28538387426856,599.5930000000001,486.26430000000005,351.263,267.01404,4.462175,0.0007,0.00179,0.0001,0.00951,0.01544999999999995,57.86666666666667,530.3203125,535.48046875,101459.865625,-3.350403825e-06,0.2918663075,278.62100875,454.33477166486875
2022-04-08 11:00:00,6.909511809950204,3.261398086524389,78.33237852224988,326.71906666666666,234.66866666666667,54.31360000000001,250.7766022222222,7.54761111111111,0.0007,0.0007,0.0003,0.013457777777777768,0.04001111111111107,88.33333333333333,208.0,307.796875,101936.6875,-2.63145195e-06,0.0118103025,278.110915,111.1254944264653
2021-11-08 11:00:00,-16.35975054890701,1.5502423030139107,64.78410204055366,589.3718,493.92269999999996,448.1935,281.74462833333337,2.195648333333333,0.001055,0.0022,0.0001,0.0077799999999999744,0.01118499999999995,8.066666666666666,528.109375,538.1796875,101719.23375,-1.8470455125e-06,0.0,274.41123749999997,427.8047464940669
2021-09-08 13:00:00,5.997602243167686,1.0624075855782948,51.54557263081257,862.2405,765.1508,634.4671000000001,274.07811,0.9071633333333333,0.0030499999999999503,0.0019666666666666253,0.002326666666666625,0.0204783333333333,0.043471666666666624,17.5,740.6484375,782.09180625,101704.98375,-1.4422403375e-06,0.83273314375,256.49122624999995,741.0985257101762
2022-01-18 19:00:00,-20.70898601338795,0.8745767639143539,40.92518558802433,1056.4025,864.4647,83.803,261.7607516666667,14.832113333333334,0.0019450000000000001,0.00045166666666665003,0.0,0.03331166666666665,0.04612499999999997,100.0,539.33984375,758.16015625,101189.3725,-5.435801125e-05,0.949588765,279.8150625,705.0359582883854
2021-12-29 13:00:00,-23.250401559270067,0.8599141039728483,39.78439580790943,1073.7424,898.3672,644.2321000000001,257.97456999999997,10.401710000000001,0.000863333333333325,0.0006,0.0002,0.012869999999999951,0.020554999999999976,31.616666666666664,674.39453125,923.4726375,101902.435,-0.000102715246875,0.0,280.70892375,559.6907587198849
2021-10-29 14:00:00,-13.199388829168585,0.7317759889253367,25.430031566069047,1255.1397,1068.907,820.1331,267.51518166666665,8.82462,0.0030283333333333,0.0005,0.0001,0.0258833333333333,0.0380416666666666,82.55,1051.1679875,1065.9023625,101722.65625,-3.5770354000000003e-06,0.20196150874999996,275.29792625,1085.4063286587557
2021-07-31 19:00:00,18.46914579768178,1.379072558369086,61.38163755157088,662.3259,544.0486,450.5008,284.6917016666667,4.664131666666667,0.00268,0.0005,0.00153166666666665,0.013743333333333274,0.036579999999999974,28.483333333333334,347.08203125,435.6191425,101191.43125,-8.278293625e-07,0.0,254.8314525,533.7612369651204
2021-11-05 21:00:00,-15.455033828294374,2.6366813856949465,75.50637392521462,375.8470666666667,271.43333333333334,117.05346666666667,274.2638977777778,9.979886666666665,0.0017488888888888667,0.0025955555555555333,0.0001,0.0187044444444444,0.0211822222222222,88.0,128.4296875,159.515625,101228.78250000002,-8.0454629e-07,0.02400207525,277.383,257.2024451636102
2021-09-14 16:00:00,3.726075309064946,0.7502256160438581,28.250319829314925,1213.0584000000001,1082.2218,943.9821,273.9579816666667,2.2147383333333335,0.0021,0.0005,0.003025,0.01857499999999995,0.03639499999999995,95.68333333333334,987.03515625,1017.75778125,100746.0,-2.1563028e-06,0.8395805375,250.28593625,923.1930960086299
2021-12-28 19:00:00,-23.298866337354657,0.8935126920706536,42.307573170587546,1032.1315,845.5354,743.7917,252.7527233333333,14.717725,0.0014399999999999999,0.0001,0.0001,0.027838333333333326,0.02866499999999995,56.8,544.1171875,730.16015625,101416.25687499999,-5.6769378625e-05,0.7737121525,280.162325,751.9291621718805
2021-07-16 12:00:00,21.507804018929004,2.395435912656698,74.00643300042243,393.72679999999997,323.6063,275.702,271.85365,1.3194083333333335,0.0013,0.0004,0.0007833333333333,0.008061666666666651,0.01620999999999995,43.33333333333333,372.54296875,373.75390625,101915.0,-1.828157075e-06,0.0,267.21497124999996,302.168284789644
2021-07-28 18:00:00,19.175893145969926,1.085449214822701,52.50590896180447,837.4732,723.8768,723.8768,283.0548,2.303985,0.0029683333333333,0.0007516666666666501,0.001705,0.0168,0.03622999999999995,0.0,611.03125,623.98046875,100982.24375,-1.1010851975e-06,0.0,259.59346875,716.8158935634663
2021-10-25 17:00:00,-11.83155980206098,0.7196573832671157,23.31728424972056,1272.9687,1117.9948,662.6996,295.366235,3.77241,0.0018,0.0006,0.0001,0.00852166666666665,0.0115183333333333,37.28333333333333,1033.43359375,1036.7812187499999,101287.49375,-2.2537133125e-06,0.0,263.10625749999997,1122.1323265012584
2021-10-07 13:00:00,-5.1859494117029605,0.9047947388026366,43.087260700533896,1011.4815000000001,844.3667,844.3667,266.1067233333333,10.30226,0.001773333333333275,0.0006,0.000779999999999975,0.0140183333333333,0.023478333333333302,0.0,782.05078125,867.72265625,101527.42874999999,-1.124406125e-05,0.0013542175,276.80038375000004,819.9154980222941
2021-10-21 15:00:00,-10.415677747676234,0.6895894984291822,16.58618188615678,1329.4153000000001,1216.0229,1216.0227,275.8337916666667,1.300635,0.00071666666666665,0.00141,0.0001,0.00400166666666665,0.01616999999999995,0.0,1161.90625,1164.1523625,101069.67125,-3.8963335125e-06,0.0,257.75794625000003,1177.2743617403812
2021-12-23 21:00:00,-23.424371287267974,1.8781321692882913,69.41709212382412,477.4101,355.80280000000005,29.368000000000002,244.64285999999998,17.075248333333334,0.0007,0.0,0.0,0.009065,0.0052,100.0,140.25,232.359375,101357.06875,-1.11451372625e-05,0.092277525,280.40773875,163.7522473930241
2022-04-01 13:00:00,4.242295024068458,1.0677606896961453,51.7735163408477,861.106,719.0986,310.5432,254.69735,6.22697,0.00128499999999995,0.0017583333333333,0.0001,0.015379999999999975,0.03637333333333333,98.8,563.671875,748.9375,101980.3275,-2.292014e-06,0.0,276.42999125,251.49047105357783
2021-11-08 12:00:00,-16.35975054890701,1.0538119136248656,51.17316178137523,871.2873,764.4757,764.4757,281.1762233333333,1.8190266666666666,0.001,0.0024733333333333,0.0001,0.007204999999999975,0.0114833333333333,0.0,777.0859375,781.66015625,101536.4,-3.0141964125e-06,0.0,272.2013675,746.4365336209996
2021-05-03 16:00:00,15.432596053257022,0.8613996114573388,39.90298762234498,1051.6924,938.7018,938.7019,243.54491833333333,1.775455,0.00128166666666665,0.0002,0.004289999999999975,0.013373333333333275,0.0316083333333333,0.0,888.13671875,888.40625,100950.44,-1.4119723e-06,0.0,243.18483125,906.1308881697231
2022-04-30 18:00:00,14.521556918387134,1.031702465828932,50.17716254095729,879.2824,751.3365,751.3366,237.48576666666668,3.9597433333333334,0.0012,0.001383333333333325,8.5e-05,0.0126,0.01662666666666665,0.0,633.7265625,650.78125,100533.853125,-1.57702015e-06,0.04428863375000001,261.21395,705.7838906868033
2022-04-23 13:00:00,12.26150872079164,1.1699160601797622,55.61880768458716,782.1217,688.4854,688.4854,253.0579666666667,1.5434566666666667,0.0005,0.0003,0.0001,0.005598333333333325,0.00999499999999995,0.0,703.34375,705.25390625,101550.66500000001,-1.6613630749999999e-06,0.0,265.91906625,660.5375764113628
2021-05-07 15:00:00,16.58781459482518,0.8993800397306659,42.71693277598213,1007.8852,862.6886999999999,862.6886,245.69822666666667,3.935645,0.003358333333333325,0.0003,0.0046683333333332995,0.03924999999999997,0.05796499999999995,0.0,861.796875,861.0703125,101596.88187499999,-1.760898175e-06,0.024375915625,264.80071250000003,852.5350593311757
2021-11-21 16:00:00,-19.758862746599252,0.665423301996515,6.677194729537344,1385.9308999999998,1185.2029,1185.203,262.7537183333333,10.920625,0.001,0.00091666666666665,0.0002,0.0138483333333333,0.02393499999999995,0.0,1042.8515937500001,1122.5703125,100961.88125,-1.2643576625e-06,0.6020431562499999,269.859875,1129.527148507731
2022-02-06 21:00:00,-15.869710715406242,1.8084272741238645,68.58422454863197,496.5873,377.7203,198.7524,256.23969999999997,9.361821666666668,0.0015,0.0009,0.0,0.016149999999999977,0.031871666666666645,96.5,196.79296875,254.5234375,101664.54000000001,-2.09947827625e-05,0.0,277.36775124999997,363.68932038834953
2022-04-23 12:00:00,12.26150872079164,1.711678549019444,67.30654380614006,538.6657,457.3426,457.3425,253.48596666666668,1.55831,0.00056,0.0003,0.0001,0.00681666666666665,0.011639999999999949,0.0,494.84375,500.94921875,101742.703125,-2.1286542e-06,0.0,268.75158,430.2768788205681
2022-01-04 13:00:00,-22.797932977796375,0.8687417553523578,40.47900217324525,1062.5538000000001,910.284,708.8456,257.62601666666666,5.216921666666666,0.00051,0.00079666666666665,0.0001,0.0073233333333332755,0.014493333333333299,70.66666666666666,935.98045,942.41796875,101259.9975,-1.0251853750000001e-05,0.0,273.28910125,884.6619920891765
2021-11-16 21:00:00,-18.55994333065872,2.4056690713962343,74.07640872005084,367.2964,262.6573,28.517699999999998,260.12145666666663,12.29135,0.00150166666666665,0.00147,0.000128333333333325,0.016473333333333274,0.023503333333333324,99.2,82.62109375,154.6171875,101118.165625,-7.105991124999999e-07,0.91375351125,277.45097625,249.81661272923407
2021-12-23 10:00:00,-23.424371287267974,3.400103174654766,78.8158609633454,332.6062,229.4316,23.1962,251.91188999999997,16.904006666666668,0.001,0.0,0.0,0.01772,0.013049999999999999,100.0,58.37890625,289.0,102036.02249999999,-1.8716032625e-05,0.5335769662500001,279.63457625,104.08845738942827
2021-11-27 16:00:00,-20.996845647858695,0.664019048367315,5.546164763654745,1390.5769,1207.2093,1207.2093,265.49796000000003,7.228113333333333,0.0005,0.0002,0.0001,0.00633666666666665,0.0078233333333333,0.0,1067.328125,1139.95705,100475.203125,-4.30042555e-05,0.5164680562499999,257.17045499999995,1198.4897518878101
2021-06-01 16:00:00,21.949247130337106,0.9581382136412216,46.39951068950948,944.1922,848.6695,848.6695,255.62463499999998,0.8813216666666667,0.00222166666666665,0.00115,0.002859999999999975,0.015314999999999974,0.041929999999999974,0.0,800.796875,800.7284999999999,101331.16312499999,-1.8292339749999999e-06,0.0,249.4522775,841.6217188061848
2022-02-27 20:00:00,-8.633975602118538,1.2382509031035442,57.75749327874678,732.6607,589.3119,56.6117,255.12021333333334,11.092915,0.00086166666666665,0.0001,0.0001,0.013128333333333301,0.013226666666666624,100.0,337.62109375,463.98828125,100670.39749999999,-5.5118871375e-06,0.9798088,271.16232625,474.9514563106796
2022-01-23 21:00:00,-19.63879582684111,1.7556643818591084,67.90632410119035,513.9004,389.1387,33.3628,259.52487,14.473365,0.000723333333333325,0.0,0.0,0.010556666666666624,0.007793333333333325,100.0,142.43359375,266.953125,101289.44375,-1.3793675e-05,0.99374389375,277.03705,62.66091334052499
2021-10-01 12:00:00,-2.8657367511039054,1.2373942038927972,57.732444006566475,740.6511,596.2259,413.151,267.19712499999997,7.829975,0.004981666666666625,0.001473333333333325,0.00144166666666665,0.036878333333333305,0.035899999999999974,66.66666666666666,603.76953125,644.2421875,101687.86875,-5.315232425e-06,0.026229858749999998,279.84723875,585.6993887090974
2021-06-22 12:00:00,23.455568693844302,2.442280822410075,74.32177079899819,384.56870000000004,306.7566,200.4688,264.41252333333335,1.5828900000000001,0.00188666666666665,0.0004,0.0023,0.021868333333333323,0.0319083333333333,91.25,362.09375,363.23828125,101994.671875,-8.6560614375e-07,0.31667328125000005,256.0372975,275.14922689679975
2022-03-13 18:00:00,-3.2253778251555234,0.8087478625251632,35.20367152812523,1131.6159,953.7186,948.6632,253.22125166666666,10.692368333333334,0.0009,0.0005133333333333251,0.0001,0.0138033333333333,0.013546666666666625,2.4,712.68359375,859.31640625,101245.140625,-3.072046075e-05,0.2834777825,271.00429375,791.0068320747931
2022-01-09 20:00:00,-22.213317133126424,1.147315510658198,54.842217047241746,799.705,631.8329,393.2767,252.50656833333332,15.878085,0.0017,0.000468333333333325,0.0002,0.03319166666666665,0.034679999999999975,56.9,185.24609375,501.94921875,101324.921875,-2.4158100124999998e-05,0.97626875,280.8225075,538.9715929521755
2022-02-15 15:00:00,-12.952338884611105,0.701506416899725,19.5924456821477,1320.3348,1121.3722,1121.3722,266.73996666666665,11.080441666666667,0.0015,0.0005,0.0,0.0184,0.04585,0.0,1066.390625,1116.8515499999999,101732.96875,-0.0001204143635,0.0,278.61468625,928.7288745055735
2021-12-23 14:00:00,-23.424371287267974,0.7324088207648972,25.53401196769468,1264.5320000000002,1055.9587000000001,539.2226,247.78055833333332,17.284551666666665,0.00066666666666665,0.0,0.0,0.009511666666666625,0.0064483333333333,100.0,270.765625,1043.15625,101950.09625,-3.8166531375000005e-05,0.12352371349999999,280.0795625,471.0302049622438
2022-03-25 14:00:00,1.5110235864182393,0.849172204788479,38.90528055441712,1082.4877,916.0753000000001,656.2469,248.86699166666665,8.469293333333333,0.0007,0.00031999999999999997,0.0002,0.008319999999999975,0.0502383333333333,43.6,792.30859375,924.21875,101538.24312500001,-3.1726930125e-05,0.0,276.2540875,902.5404530744336
2021-07-10 12:00:00,22.35062859666447,2.444963908871507,74.33945167710003,385.7431,315.1005,235.8813,262.0088283333333,0.6556733333333333,0.0021933333333332998,0.0009,0.0037033333333333,0.019361666666666624,0.034038333333333275,60.58333333333333,370.4765625,370.76953125,102094.5475,-6.935751875000001e-07,0.0,246.07182125,296.5533980582524
2021-12-12 17:00:00,-23.01496090956468,0.6903610022855683,16.799936999583267,1339.7087,1182.6236,1122.5093,263.8471916666666,3.53719,0.0005833333333333249,0.0028183333333333,0.0001,0.0053133333333333,0.0140266666666666,17.716666666666665,1091.8867500000001,1100.92578125,100497.109375,-0.00011250409,0.22844695875,267.81938125,1186.7853290183386
2021-08-19 14:00:00,13.034054821227372,0.9705897415695394,47.096001536785856,940.2765,854.4694999999999,854.4695,270.84519666666665,0.45846499999999996,0.00111666666666665,0.0003,0.00106666666666665,0.0055033333333333,0.037113333333333304,0.0,855.7793125000001,856.1230312499999,101589.15375,-1.7237325625e-06,0.0,254.46475999999998,833.5490830636461
2021-11-09 13:00:00,-16.652202422289594,0.8323993240633232,37.450761073602806,1105.3302,937.4509,805.4918,276.27525,6.812808333333333,0.0025,0.003044999999999975,0.0005,0.0248283333333333,0.025964999999999974,38.36666666666667,853.65234375,951.9492375,101564.59625,-2.5843328625e-06,0.4520607,275.48506249999997,912.0064724919093
2021-09-01 12:00:00,8.571241434003953,1.6075610077085325,65.74355030991012,576.2208,463.3954,329.9982,272.5555616666667,4.044878333333333,0.0035149999999999747,0.00061999999999995,0.001318333333333325,0.025994999999999976,0.03227666666666665,87.85,511.3496,518.33203125,101896.72562499999,-3.4214752500000004e-06,0.5857467775,275.06064000000003,433.15354189140595
2021-12-05 17:00:00,-22.274409999983057,0.6933092943839644,17.589404949511692,1332.055,1117.0967,472.1888,257.816735,16.140465,0.002568333333333325,0.00014000000000000001,0.0001,0.019861666666666625,0.0209683333333333,100.0,377.93359375,1018.125,101972.6875,-5.4080825e-05,1.0,280.64684375,564.3707299532542
2021-11-02 16:00:00,-14.511719037234068,0.6739749548950502,11.302032075692233,1362.8866,1174.6961000000001,998.3201,271.0405533333333,8.08292,0.00241666666666665,0.00139666666666665,0.0001,0.0190033333333333,0.01642999999999995,16.566666666666666,983.1953125,1106.7813,101076.14125,-1.37666940375e-05,0.4235420225,269.59607500000004,1130.8234448040273
2022-04-17 11:00:00,10.193381776133345,3.5450723411988845,79.27998297477961,342.8,266.88300000000004,27.731,248.37765,2.705216666666667,0.0005,0.0007,0.0002,0.00578999999999995,0.0086,90.1,288.32421875,330.57421875,102304.79625,-1.4323450375e-06,0.0,273.7964625,65.54117224020138
2021-05-06 17:00:00,16.305646767304136,0.9214218814317369,44.182276302104334,982.4761,847.7151,429.6501,245.09592333333333,3.3411066666666667,0.002308333333333325,0.00046166666666665,0.00224166666666665,0.023781666666666625,0.030276666666666625,100.0,689.4629062500001,778.9453125,101263.884375,-1.1129304874999999e-06,1.0,261.860095,634.1477885652642
2021-12-28 12:00:00,-23.298866337354657,1.1012754556207587,53.13547836445223,833.186,674.3416,159.6515,255.51021166666666,12.543421666666667,0.0007633333333333251,0.000133333333333325,0.0,0.014574999999999949,0.019496666666666624,100.0,327.29296875,712.0703125,102077.4375,-4.578716575e-05,0.0,279.30163625,186.59295217547643
2022-01-23 12:00:00,-19.63879582684111,1.1928258020156888,56.36911353402767,768.1988,613.6165,592.5602,268.1321516666667,12.540991666666667,0.00191666666666665,0.0001,0.0,0.0248033333333333,0.009741666666666624,2.75,630.0234375,673.20703125,101498.90625,-6.062290125e-05,0.0008125305000000001,279.89788875,610.584322186264
2022-03-05 19:00:00,-6.348514071462508,0.9438233355840832,45.56552778386991,967.6042,804.6419000000001,804.6419000000001,259.64935333333335,9.88699,0.0012,0.0002,0.0001,0.015476666666666574,0.013555,0.0,674.72265625,689.796875,100713.821875,-3.7666468125e-06,0.52124786125,273.3407125,787.898238043869
2021-05-09 13:00:00,17.13836016387596,1.2660897091163439,58.54949405877185,720.8475,600.8213000000001,531.3756,243.12760333333333,3.879305,0.001879999999999975,0.001096666666666625,0.001585,0.022793333333333297,0.028474999999999976,37.08333333333333,627.58984375,637.34765625,101741.5625,-1.2047821500000001e-06,0.227447508,260.06459375000003,585.9385113268609
2021-08-05 15:00:00,17.191569488467835,0.9190376512068695,44.02900942706474,989.0946,863.0935,863.0935,276.6835633333333,2.7780066666666663,0.00214166666666665,0.0005366666666666499,0.0009,0.008469999999999974,0.0281833333333333,0.0,832.23046875,838.19140625,102105.25687499999,-1.4074321e-06,0.0,265.68116,858.3603020496224
2021-08-31 12:00:00,8.93055449957544,1.623766309628377,66.00127616167836,570.7645,484.8835,312.2638,273.963435,1.2468616666666665,0.0023933333333333246,0.0004,0.001285,0.018136666666666648,0.026004999999999952,62.9,528.29296875,529.208975,101962.4625,-3.0033461125000003e-06,0.0191879275,262.14279124999996,457.4253865516002
2021-11-01 17:00:00,-14.189249384945942,0.7133267764403869,22.10715913979241,1285.8906,1113.6984,966.9061,274.44261166666666,6.1452116666666665,0.002,0.00106,0.00019166666666665,0.013975,0.0130283333333333,7.583333333333333,911.6875,1017.15621875,100776.453125,-6.59941e-06,0.34059143000000003,268.90016249999996,1027.509888529306
2021-12-08 13:00:00,-22.636286803525202,0.8357242174519718,37.74755157024445,1105.0529000000001,917.91,669.7009,262.02840833333335,13.154991666666668,0.001349999999999975,0.001366666666666625,0.000689999999999975,0.017576666666666626,0.03165499999999995,69.81666666666666,762.64453125,936.3867375,101715.32125000001,-9.13633865e-05,0.955760975,281.85236,979.4516361021215
2022-04-25 16:00:00,12.925228092035313,0.8316386446876607,37.38224292859513,1092.1107,995.0002999999999,995.0002999999999,243.500495,0.9840116666666667,0.0006,0.00113999999999995,0.0006,0.00708666666666665,0.01420999999999995,0.0,927.89453125,936.13671875,101019.61624999999,-2.4416076375e-06,0.9246635437499999,242.51338625,962.4056094929881
2021-09-28 15:00:00,-1.6984268908927718,0.7293397198794623,25.024252074077342,1251.5602,1076.1554999999998,1067.3147,259.34268833333334,6.16009,0.006188333333333275,0.0006,0.0011,0.04169499999999995,0.029326666666666626,0.9333333333333332,1045.7109500000001,1053.234425,101287.359375,-2.6399794e-06,0.0,274.18470625000003,1054.4408486156058
2021-07-26 16:00:00,19.62080143004742,0.9187999889171379,44.01366473862807,987.3278,852.436,852.4359999999999,272.17252666666667,3.559013333333333,0.0029,0.0008,0.001235,0.0182966666666666,0.0313533333333333,0.0,807.453125,807.56640625,101366.134375,-1.681648425e-06,0.0,260.5294625,873.6299892125135
2021-10-04 19:00:00,-4.0291293252405,1.0692489224665467,51.83635624492686,851.8943,752.1155,752.1155,273.06379833333335,1.23705,0.0029233333333333,0.00161999999999995,0.001118333333333325,0.015708333333333276,0.0270866666666666,0.0,597.04296875,609.2578125,100172.203125,-1.9230938125e-06,0.0496101375,245.2926425,735.9852571017619
2021-05-21 17:00:00,20.020752196833463,0.9804148634658636,47.62776100189071,922.9590000000001,829.6682,829.6683,263.30356666666665,1.0220966666666667,0.001118333333333325,0.0002,0.00097166666666665,0.006804999999999975,0.027216666666666625,0.0,747.65625,747.82421875,101072.02875,-9.3076961e-07,0.0,244.673005,799.9101042790363
2022-01-20 21:00:00,-20.300057321192305,1.7540445628881962,67.88481467199972,514.625,390.59680000000003,33.3191,254.89186166666667,13.840571666666666,0.0007,0.0001,0.0,0.0110133333333333,0.009041666666666625,96.38333333333333,181.05859375,266.671875,101347.04625,-1.9539758625e-05,0.76245881125,278.1120625,275.5393743257821
2021-06-04 18:00:00,22.34476268708092,1.1896283191370918,56.266519847889,763.6079,662.7414,259.1748,263.81381166666665,1.5811250000000001,0.0016,0.0004,0.002726666666666625,0.01827999999999995,0.05262666666666663,100.0,534.1171875,567.9609375,100716.10250000001,-1.32215793625e-06,0.8876380937499999,241.31370249999998,379.8435814455232
2021-08-10 13:00:00,15.798447655414824,1.2939146724612671,59.30082856674486,710.8081,615.0838,473.5815,273.8788333333333,1.28666,0.0028,0.0007,0.003354999999999975,0.02379666666666665,0.03931166666666663,97.73333333333333,643.6015625,646.4765625,101918.165625,-1.4506513125e-06,0.40571212375,263.788005,595.2409205321826
2021-10-30 15:00:00,-13.53296696505293,0.6808174556800403,13.892771669619794,1349.1752999999999,1164.6629,1164.6628,278.23651833333327,6.580325,0.004,0.00269666666666665,0.0001,0.02999499999999995,0.03727166666666663,0.0,1104.2773750000001,1144.1992375,101379.07125000001,-7.3154224125e-06,0.080280305,266.84846375,1161.945343401654
2022-02-05 21:00:00,-16.172484795464626,1.8019503967210346,68.50331438015068,498.5972,376.5987,34.5083,266.21673333333337,9.697038333333333,0.001313333333333325,0.0035,0.0001,0.015168333333333275,0.0439983333333333,100.0,185.73828125,253.87109375,101378.64749999999,-2.00789366125e-05,0.23662567625,280.1257825,330.21574973031284
2021-07-28 14:00:00,19.175893145969926,1.083233522447976,52.41587027714685,842.4413999999999,733.8281999999999,733.8283,286.411585,1.8413383333333329,0.0035,0.0009,0.0017,0.0191083333333333,0.04186666666666665,0.0,730.6875,738.51756875,101823.4975,-1.366075625e-06,0.0,261.71174375,694.0201366414958
2022-04-28 20:00:00,13.894269146921822,2.1242675393063326,71.89450976983713,429.3292,331.1086,272.8671,237.01200666666668,6.747868333333333,0.0009,0.00045,0.0002,0.01114666666666665,0.01381166666666665,25.916666666666668,219.80859375,221.69921875,101484.703125,-2.6251654875e-07,0.080940246625,269.8257575,277.0460266091334
2021-10-12 11:00:00,-7.091951953457417,1.82173079938892,68.74847209115782,502.40110000000004,394.4486,143.671,266.61661833333335,4.15405,0.00342666666666665,0.0009,0.0024,0.02331166666666665,0.03028166666666665,78.05,473.1015625,470.109375,101851.171875,-1.5748083e-06,0.0,276.81546375,376.7511686443725
2021-12-16 21:00:00,-23.272224064091127,1.9462777541728375,70.16973142794559,458.9588,339.9821,150.6218,253.91667833333332,14.422015,0.00141,0.0004,0.0001,0.014853333333333326,0.0142183333333333,95.96666666666667,153.453125,221.55859375,101392.86875,-7.5478749875e-06,0.74699401,277.02384875,90.16540812657317
2021-09-09 17:00:00,5.622634954300004,0.8012821620838707,34.43928237891251,1134.1033,1014.6395,1014.6395,280.4071183333333,1.7408583333333334,0.00285,0.0007,0.00117,0.019974999999999975,0.0357833333333333,0.0,889.10546875,914.76953125,100717.68125,-2.25551775e-06,0.660491945,260.372385,944.7860481841064
2021-12-17 14:00:00,-23.317297340193075,0.7287034054563444,24.91679974668118,1270.5778,1067.2806,1067.2804,256.2877633333334,13.0149,0.00235166666666665,0.0008,0.0001,0.03131999999999997,0.02364999999999995,0.0,774.55078125,1073.8554374999999,101633.27437500001,-3.4065013875000006e-05,0.0,274.417055,1068.140956490471
2021-05-25 14:00:00,20.80622616311848,1.0847488048024831,52.477498026938484,837.0248,715.3521000000001,715.3521000000001,263.42472166666664,3.3927766666666668,0.000873333333333325,0.00020166666666665,0.0012683333333333,0.007583333333333326,0.029149999999999975,0.0,729.26953125,730.01953125,101985.7875,-1.2077798375e-06,0.0024375915,256.69442749999996,697.5170801869831
2021-10-23 11:00:00,-11.1291639254225,1.6706937058614988,66.71670624665622,546.8389,449.267,237.5817,275.54221333333334,2.901245,0.0005,0.00122666666666665,0.0001,0.0028,0.00834166666666665,93.33333333333333,512.91796875,513.29296875,101250.078125,-8.6668298125e-07,0.4418029875,261.756125,417.9575692197051
2021-11-05 13:00:00,-15.455033828294374,0.8360746705755139,37.77858142599078,1099.6172000000001,921.4646,865.0305000000001,273.91056333333336,9.553113333333332,0.001918333333333325,0.0019083333333333,0.0002,0.030193333333333273,0.027503333333333324,5.833333333333333,740.828125,934.0078125,101223.80374999999,-1.1271040375e-06,0.040332794375,278.37789375,895.2121539014743
2022-04-05 18:00:00,5.7763220001740265,0.8983871690814804,42.64825948920611,1012.7912,840.0094,737.8417,239.13289999999998,11.439783333333333,0.0019,0.001,0.0003,0.0226,0.0575633333333333,27.46666666666667,679.71875,745.6640625,100995.15625,-1.1205327625e-05,0.43571853499999996,272.023035,608.784609852571
2021-06-02 20:00:00,22.087517428904057,2.7900219068870955,76.32059965661253,335.5433,258.96410000000003,250.30270000000002,260.38607,2.068903333333333,0.002,0.0006,0.002078333333333325,0.0149866666666666,0.038043333333333304,10.65,163.2578125,165.46875,101298.625,-4.6798959499999996e-07,0.0,260.586905,231.90758719884934
2021-07-02 18:00:00,23.11206262226696,1.1855049672761848,56.133218769193014,768.2115,685.5763000000001,685.5763000000001,260.01615333333336,0.8030483333333334,0.000995,0.0003,0.00139666666666665,0.008533333333333299,0.016281666666666625,0.0,582.30078125,582.64453125,101354.93125,-2.1542364125e-06,0.0,242.0570075,665.9007551240561
2022-02-21 17:00:00,-10.843653972722851,0.6968597483663785,18.488533030884142,1324.8024,1142.5611,979.8905,259.00383833333336,7.228283333333333,0.00163,0.0007,0.0002,0.0178583333333333,0.024176666666666652,43.05,1020.88671875,1075.25390625,100982.4975,-4.1655846875e-05,0.02055358875,266.73967375,1111.326860841424
2022-02-26 11:00:00,-9.008190068387895,2.418483975152414,74.16316979768781,378.70770000000005,272.2436,204.05849999999998,264.450565,12.492695000000001,0.0012,0.0001,0.0001,0.0239333333333333,0.015751666666666626,100.0,286.56640625,350.75,102270.3275,-9.2826376875e-06,0.0127944945,280.68112125000005,237.29593671341246
2022-02-08 12:00:00,-15.250505772288365,1.2603086258162148,58.38845308124733,728.9556,578.9177999999999,220.1108,262.60006833333335,10.252013333333334,0.0019,0.00291166666666665,0.0001,0.023688333333333325,0.05203166666666663,100.0,346.44921875,639.98046875,102076.384375,-4.820339487500001e-05,0.003982543874999999,279.506255,98.5598705501618
2021-09-07 15:00:00,6.370917587138424,0.7898894165092702,33.214190942355266,1152.6797000000001,997.6091000000001,997.6092,272.99332833333335,5.1191949999999995,0.00195166666666665,0.0002,0.0012,0.016821666666666624,0.0198833333333333,0.0,974.4316562500001,974.1035312500001,100663.990625,-2.3753382e-06,0.79740524,261.257725,803.1912980942107
2022-03-23 19:00:00,0.7234441253853318,1.0330171992636137,50.23798958598808,879.984,749.6667,749.6666,248.68666666666667,3.626338333333333,0.00074666666666665,0.00173,0.0003,0.0068566666666666,0.042514999999999976,0.0,622.33203125,627.109375,100089.59125,-5.149049675e-06,0.0,258.13915,729.2718446601941
2021-11-10 11:00:00,-16.939901750996164,1.5417716831850208,64.63559669070409,592.6459,465.4837,180.796,277.51075000000003,8.116163333333333,0.0019,0.002983333333333325,0.0004,0.01811999999999995,0.025771666666666623,100.0,402.10546875,516.28515625,101657.53812499999,-7.5528516249999995e-06,0.1126632675,276.57953625,370.99424667385824
2021-05-13 15:00:00,18.181926282060996,0.922128845957957,44.2274894312879,982.357,835.7601999999999,652.5969,252.37924166666664,5.800161666666666,0.002138333333333325,0.001236666666666625,0.0016716666666666499,0.015586666666666625,0.041623333333333304,16.9,782.0859375,821.1171875,101222.85062499999,-1.2794916875e-06,0.0,266.30563375,780.6832074793239
2021-05-29 17:00:00,21.49645869329683,1.005802034791377,48.93456028971488,899.9453,776.1382,654.9923,259.03863666666666,2.9633933333333333,0.0016116666666666501,0.0002,0.0035449999999999753,0.0125,0.0272533333333333,74.98333333333333,695.171875,704.9375,101327.9375,-1.6246921875e-06,0.25659942625,254.32499875000002,578.9733908665947
2022-04-03 12:00:00,5.012299701517073,1.5416846603319905,64.63406160272244,598.7094999999999,503.1251,474.5813,252.16469999999998,2.1620416666666666,0.00089,0.0022249999999999753,0.0002,0.008619999999999975,0.023544999999999976,7.7,563.0234375,565.15234375,101662.13375000001,-1.6221020125e-06,0.088542938625,259.58589125,491.9525350593311
2021-10-04 11:00:00,-4.0291293252405,1.9787087555368919,70.50853746746972,464.1146,373.34090000000003,268.5528,279.7300466666667,2.012443333333333,0.00317166666666665,0.001645,0.001588333333333325,0.020006666666666624,0.032101666666666626,43.33333333333333,376.05859375,443.1796875,101862.24312500001,-3.5059638125e-06,0.0,275.12508,367.78496943545485
2021-11-20 19:00:00,-19.530779184666265,0.9619546809400493,46.61575889241868,950.0126,792.832,469.1369,271.4925833333333,8.062536666666666,0.0011716666666666499,0.002078333333333325,0.0002,0.01318499999999995,0.021766666666666625,84.28333333333333,612.08203125,659.046875,100978.53375,-4.74770775e-07,0.01706314125,274.4517925,650.9834591873426
2022-03-03 13:00:00,-7.117229867887649,0.9798340198580618,47.59674553559024,943.2181,772.9833,704.7692,256.348645,11.268828333333333,0.00276999999999995,0.00044166666666665,0.000173333333333325,0.035519999999999975,0.0252833333333333,2.9,705.484375,820.390625,101715.66500000001,-2.9432354375e-05,0.6402626025,279.12726250000003,654.9244875943905
2022-01-04 11:00:00,-22.797932977796375,1.7070459503363635,67.24141917603092,528.4084,415.5482,392.00500000000005,257.8280933333333,6.12375,0.0006,0.001148333333333325,0.0002,0.0102,0.019559999999999925,8.0,462.64453125,482.15625,101583.18125,-4.184577937500001e-06,0.0,279.10415624999996,379.5037756202805
2021-07-16 19:00:00,21.507804018929004,1.4840978599200274,63.574034638965124,617.9523,533.1758,446.3611,266.03231166666666,1.3952200000000001,0.0012,0.000393333333333325,0.0019,0.00937666666666665,0.01851999999999995,66.25,413.0625,413.546875,100736.428125,-9.180803275e-07,0.0,247.92308624999998,383.9895720963682
2021-11-21 19:00:00,-19.758862746599252,0.9598751229962531,46.4982365173253,952.2181,782.9613,560.721,260.95230000000004,12.508315,0.0009,0.00064666666666665,0.0002,0.01308666666666665,0.02223499999999995,89.16666666666667,492.53515625,652.08203125,100974.52437500001,-1.3745448125e-06,0.3713302625,273.75025,568.3099604458828
2021-05-30 16:00:00,21.65366402283894,0.9530594241708008,46.1078214029139,949.1576,837.2579,684.466,257.54944,1.5291,0.004235,0.0017,0.004191666666666625,0.028533333333333275,0.058249999999999975,65.5,757.52734375,792.96484375,101545.0475,-1.8880527625e-06,0.9945983875,250.00419,732.6087738223661
2022-03-29 17:00:00,3.077709846778854,0.7732847693690881,31.283911223850943,1181.1017,1047.4939,1047.4940000000001,255.21244666666666,2.6499433333333333,0.000535,0.00046333333333332504,0.0001,0.00499666666666665,0.010859999999999974,0.0,974.08203125,974.5078125,100571.665625,-4.253699475e-06,0.0,252.13259,1009.3851132686084
2021-10-26 17:00:00,-12.17831133185726,0.7186838847649222,23.1364591759692,1274.9206,1116.3117,1116.3116,295.491415,4.483343333333333,0.0007,0.0003,0.0,0.0036,0.00815666666666665,0.0,1038.5234687500001,1031.1171562499999,101480.28812499999,-1.6328412875e-06,0.011375427,264.35664375,1115.6418554476807
2021-12-12 20:00:00,-23.01496090956468,1.2276534602651519,57.44467592617754,741.7135000000001,608.6538,607.8761,262.87757,6.363595,0.0007,0.0047116666666666245,0.0002,0.00632166666666665,0.019461666666666627,0.0,477.63671875,481.1484375,100225.18125,-3.9423990875e-05,0.0,265.41079875,591.202804746494
2021-10-08 21:00:00,-5.569627024419794,3.311824451826592,78.51293092553368,353.09220000000005,255.4606,22.6762,264.87907333333334,6.15777,0.0032233333333333003,0.0007199999999999999,0.0019,0.026119999999999997,0.0333833333333333,100.0,119.69921875,150.828125,100203.29125000001,-2.6897761e-07,0.05038833625,256.8855525,93.77562028047466
2021-08-11 19:00:00,15.506898185987577,1.3044297119482868,59.57494322091456,698.3676,573.7496,414.9565,273.59215166666667,5.547341666666667,0.00295666666666665,0.0005,0.000643333333333325,0.021473333333333275,0.018903333333333276,44.65,431.61328125,464.6347675,100807.79000000001,-7.13742335e-07,0.0,261.83876250000003,619.1226177633945
2021-11-18 11:00:00,-19.05685437654019,1.5201782197314055,64.24867810403603,601.1387,490.7993,398.3986,262.73507333333333,3.4366866666666667,0.000943333333333325,0.002086666666666625,0.0001,0.010916666666666625,0.024281666666666625,23.25,508.46484375,548.515625,101531.59375,-9.053619500000001e-07,0.2879905725,268.11598749999996,479.32758000719167
2021-11-15 14:00:00,-18.30313281994917,0.7209902245364577,23.561949329061562,1278.5642,1119.0389,929.8671999999999,268.93589,4.116428333333333,0.001555,0.0022983333333333,0.0002,0.012223333333333326,0.020346666666666624,97.43333333333334,1095.3359500000001,1104.3788749999999,101036.4525,-3.320921675e-06,1.0,269.5246375,1037.6303487953974
2021-10-14 19:00:00,-7.8442141660105555,1.0439002087415343,50.733618743109716,873.2489,771.3792,771.3791,271.11946166666667,1.6722266666666668,0.0007,0.000929999999999975,0.0002,0.003969999999999975,0.0140883333333333,0.0,624.51171875,629.1875,99806.28125,-1.18374009875e-06,0.0,245.38811750000002,728.0115066522833
2021-07-08 14:00:00,22.580541066900103,1.1517564946451708,54.99780880487272,791.4308000000001,690.2571,690.2571,269.91745000000003,1.38808,0.00369999999999995,0.0014333333333333,0.0019199999999999751,0.024463333333333302,0.04641166666666663,0.0,690.52149375,690.843775,101926.65625,-2.382323125e-06,0.0,263.333385,653.7504494786048
2021-11-22 21:00:00,-19.980892348271666,2.2925593296571734,73.266722546835,385.52840000000003,267.5664,22.3958,254.42443500000002,15.105031666666667,0.0023,0.00097166666666665,0.0002,0.03470166666666665,0.048795000000000005,100.0,44.58984375,165.671875,101289.64937500001,-1.5488098125000002e-05,1.0,278.5327075,54.332973750449476
2021-09-23 14:00:00,0.24877954527974486,0.8115841209050549,35.48667198557072,1125.2474,953.1369,600.527,279.34406666666666,6.321123333333333,0.007021666666666625,0.0030266666666666497,0.00095666666666665,0.049514999999999976,0.055574999999999944,93.76666666666667,711.08984375,955.875,101655.375,-1.832746775e-05,0.9370727624999999,273.7093125,785.8324343761237
2021-11-08 13:00:00,-16.35975054890701,0.8332052957062597,37.523106219069874,1104.0477,984.8609,984.8606,280.40113166666663,1.9074716666666665,0.001,0.002948333333333275,0.000115,0.006909999999999975,0.012368333333333325,0.0,972.3086125,977.902325,101343.1875,-4.117988275e-06,0.0,269.94322250000005,961.7943185904351
2021-10-24 12:00:00,-11.481805530408202,1.0954218883904574,52.90535083472587,836.4794999999999,728.0516,673.8655,290.68368,2.02355,0.00204,0.00100166666666665,0.0001,0.00879499999999995,0.010124999999999974,10.25,663.58984375,748.31640625,102085.04625,-5.3916885e-06,0.0,271.50064875,708.3782811938152
2021-05-27 16:00:00,21.163504364849103,0.9447921436597733,45.6231457409252,957.3963,804.0604000000001,375.3495,257.7414816666667,8.50931,0.0011616666666666498,0.0002,0.0029483333333333,0.0146783333333333,0.03424166666666663,100.0,646.37890625,761.35546875,101100.390625,-2.14838655e-06,0.9186477875,266.69867,425.4440848615606
2021-10-20 19:00:00,-10.055061249212018,1.0297348701449744,50.085738942594965,885.491,779.6631,600.9968,281.29953666666665,1.8816033333333333,0.000473333333333325,0.001148333333333275,9.333333333333334e-05,0.002478333333333325,0.00923499999999995,46.21666666666667,628.11328125,641.8515625,100174.046875,-1.35618028625e-06,0.0209045409375,245.7435475,729.7087378640776
2021-12-21 13:00:00,-23.419890406297718,0.8492877724797611,38.91494657980349,1087.4782,894.7465,398.7107,256.02214,15.896,0.0016200000000000001,0.0001,0.0,0.023936666666666627,0.012616666666666625,100.0,484.12109375,912.48046875,101526.65375,-1.4543766375e-05,0.124435425,278.8589475,485.0071916576771
2021-07-02 15:00:00,23.11206262226696,1.0165129673551472,49.45891130127029,892.7967,808.529,808.5289,260.517535,0.5937833333333333,0.0011,0.00034666666666665,0.00159166666666665,0.0096883333333333,0.0178733333333333,0.0,780.6640625,780.9863124999999,101811.65625,-2.9098300625000002e-06,0.0,241.847105,778.0133045667026
2022-02-09 11:00:00,-14.934310707534713,2.1471177961101593,72.09409278655221,421.5523,317.7818,158.3397,264.4159666666667,7.608676666666667,0.0007,0.002889999999999975,0.0,0.006868333333333275,0.025864999999999975,100.0,138.234375,380.796875,101928.1875,-2.9063812625e-05,0.0008125305000000001,278.6486875,95.85760517799352
2021-06-08 13:00:00,22.78079610405873,1.4516710382949636,62.93546781045525,630.7185,538.2455,436.2965,261.5381266666667,1.6424633333333334,0.0017083333333333,0.00276999999999995,0.0022833333333333,0.014544999999999975,0.0323233333333333,26.5,532.3671875,571.72850625,102168.671875,-1.1276861375e-06,0.9446945124999999,254.48908749999998,520.5663430420711
2021-06-06 14:00:00,22.575969425671758,1.129079911359656,54.18721987073869,804.7674,694.6786,639.9198,265.276875,2.1424233333333333,0.0027383333333333,0.00076,0.00157,0.017681666666666623,0.0457283333333333,6.716666666666666,680.4296875,695.3671875,101700.50875000001,-2.0219886374999998e-06,0.0,263.2886625,686.3160733549082
2021-12-01 18:00:00,-21.6911308272899,0.7767428459165377,31.70146877076504,1184.7419,1016.5482,1016.5483,266.64315,6.720813333333333,0.00064666666666665,0.0022083333333333,0.0002,0.0082983333333333,0.014873333333333301,0.0,819.1015625,891.25,100453.0025,-1.05696673125e-05,0.6183052025,270.7600125,996.3861920172599
2022-04-22 14:00:00,11.924612000927205,0.9411052825167051,45.40293725419993,968.9999,877.3151,877.315,249.19900166666667,0.9877499999999999,0.0003,0.00080166666666665,0.00026833333333332497,0.00274666666666665,0.0086733333333333,0.0,875.9140625,876.1953125,101160.59625,-1.5575788125e-06,0.0,254.36989125,848.3099604458828
2021-12-07 16:00:00,-22.522986529463115,0.6625095446384288,3.9804557215258742,1396.4667,1177.4328,824.4463,256.790525,16.4448,0.0013,0.0004,0.0001,0.013834999999999976,0.007941666666666625,84.98333333333333,573.98046875,1110.8398124999999,101668.19437499999,-9.934793525e-05,0.862873085,281.17972,807.0478245235525
2021-10-02 21:00:00,-3.2540993104322586,3.467108317680439,79.03529395070248,341.8518,270.1906,270.1906,273.45321333333334,0.94615,0.0028,0.0010766666666666498,0.0019299999999999999,0.0165433333333333,0.03462666666666665,0.0,151.234375,153.35546875,100207.98625,-3.9811129374999996e-07,0.6452522275,241.9348925,256.7817331895002
2021-11-02 11:00:00,-14.511719037234068,1.5838085207760375,65.35527823547356,576.7873999999999,452.3506,166.99450000000002,271.55869666666666,8.26064,0.0019850000000000002,0.00158666666666665,0.000175,0.01837499999999995,0.0201533333333333,92.25,363.76171875,502.453125,102025.80374999999,-7.609991125e-06,0.01079940775,277.4907075,348.443006112909
2021-05-26 19:00:00,20.98787474349141,1.5509881184148628,64.79709120056809,588.748,468.3473,461.3912,258.2513783333333,6.7416,0.0022166666666666502,0.00082166666666665,0.0023933333333333003,0.018754999999999973,0.05043666666666665,5.333333333333332,350.6328125,370.484375,101177.27437500001,-4.9549270625e-07,0.1523017875,257.52382624999996,452.9252067601582
2021-10-27 18:00:00,-12.521944252047032,0.8150027150027067,35.8226064022604,1122.4747,949.4963,271.0508,285.45858166666665,6.927726666666667,0.004479999999999975,0.001,0.0002,0.03887666666666663,0.02878666666666665,100.0,779.22265625,848.7890625,101447.47750000001,-1.05352953875e-06,0.11408615025,272.046345,482.4811218985976
2021-12-01 19:00:00,-21.6911308272899,0.9396144207464364,45.31316169247784,974.7198000000001,816.2335,811.558,266.00115,8.203054999999999,0.0007,0.002358333333333325,0.0002,0.0088633333333333,0.01611166666666665,0.4666666666666667,572.21875,679.8671875,100576.790625,-7.883063675e-06,0.6252670312499999,272.2563025,796.3214670981661
2022-02-18 11:00:00,-11.912220737160919,2.2871988336353106,73.2262736246409,398.1118,291.6132,226.1605,258.20455,10.901381666666666,0.001,0.0002,0.0001,0.0157133333333333,0.023499999999999976,25.71666666666667,296.48828125,365.0546875,101914.00687499999,-2.5214568875e-05,0.624786375,279.65276875,217.43976986695432
2021-11-14 15:00:00,-18.040896407164666,0.6729216702668327,10.843883605132097,1369.5069,1184.182,1127.7009,266.081595,6.96425,0.00263666666666665,0.002624999999999975,0.0001,0.021896666666666623,0.022788333333333275,27.166666666666668,988.78515625,1133.6328250000001,100926.58687500001,-2.423155825e-06,0.3380394,271.40977499999997,1152.7508090614886
2022-04-23 18:00:00,12.26150872079164,0.9923549627119022,48.254020099451886,914.53,812.6398,812.6396,253.052815,1.7225700000000002,0.0004,0.000639999999999975,0.0001,0.0036,0.00765,0.0,705.75390625,704.84765625,100547.859375,-1.2913951875e-06,0.0,246.88064875,761.373606616325
2021-08-16 17:00:00,13.989313624567798,0.8793049605283371,41.279522156524735,1031.5241,918.1538,918.1538,286.99826333333334,1.6373183333333334,0.003125,0.0015,0.0021,0.018416666666666626,0.04214999999999997,0.0,835.5566249999999,835.890625,101014.19375,-1.94984025e-06,0.0,249.04428125,902.588996763754
2021-05-16 19:00:00,18.911668338477188,1.481447034091566,63.52301375185694,614.5588,524.4009000000001,524.4009000000001,253.23175666666666,1.5835083333333333,0.00178,0.0012,0.004105,0.011456666666666625,0.030865,0.0,404.89453125,411.0390625,101224.61875,-6.3056357625e-07,0.0,243.03615125,495.13664149586475
2021-10-10 19:00:00,-6.333474705121404,1.0537267520077527,51.16943192342495,864.8842,747.2862,747.2861,266.92359,2.3000766666666665,0.00296666666666665,0.000393333333333325,0.00209,0.01917666666666665,0.0276133333333333,0.0,600.24609375,616.9453125,100152.235,-1.385982625e-06,0.0,246.22004125,723.4106436533621
2022-04-18 19:00:00,10.545558035999763,1.2310958884038599,57.547000091265495,737.0721,623.0899,623.0899,237.11731666666665,3.666925,0.0004,0.000864999999999975,0.0001,0.00431499999999995,0.00788666666666665,0.0,497.62890625,500.53515625,100966.7025,-7.36908975e-07,0.0,268.92065625,583.3279395900755
2021-06-07 18:00:00,22.68170014727632,1.1959745138024125,56.46948794065343,759.8831,667.298,341.84,261.405815,1.25047,0.00169666666666665,0.0009,0.001229999999999975,0.01216499999999995,0.03403833333333332,100.0,543.49609375,567.6015625,101262.63375000001,-1.1715456125e-06,0.7320099025,245.1151725,566.2711254944264
2022-03-28 18:00:00,2.6873378451490937,0.86272548067054,40.008243976638305,1056.4859000000001,927.3762,927.3762,258.15190666666666,2.7984466666666665,0.0003,0.0,0.0001,0.0032,0.0074,0.0,823.23828125,823.3203125,101065.25687499999,-3.2768875625e-06,0.005401611375,260.42119625,897.3930240920532
2022-02-23 11:00:00,-10.117057019753185,2.368561762031035,73.81966469361538,385.8492,279.11879999999996,127.1074,255.40780666666666,12.252813333333332,0.001,0.0008849999999999999,0.0001,0.016919999999999977,0.02443666666666665,73.81666666666666,261.20703125,353.4453125,101941.865625,-9.635346875e-06,0.8079223625,278.9987125,123.54908306364618
2021-11-09 11:00:00,-16.652202422289594,1.5458448463388736,64.70723248386327,591.0666,462.3393,263.3615,275.83919833333334,7.251225,0.0024,0.00265666666666665,0.0005,0.030321666666666625,0.028411666666666627,100.0,467.63671875,519.24609375,101895.546875,-1.2926466375e-06,0.81488036,277.66982375000003,377.47572815533977
2021-11-21 10:00:00,-19.758862746599252,3.0378726268518292,77.45817511082598,333.7696,236.68866666666668,91.2344,265.3989266666667,9.234075555555554,0.0013,0.0012,0.0002,0.0168755555555555,0.025966666666666634,59.355555555555554,304.328125,305.96875,102052.27999999998,-3.33180655e-07,0.0,275.81674,207.8245235526789
2021-12-26 18:00:00,-23.372473325587706,0.7551232763789203,28.934738755605046,1225.4531,1030.4053,481.82280000000003,257.88958333333335,12.4326,0.001,0.0001,0.0002,0.019191666666666624,0.02325166666666665,89.25,778.9296875,918.0859375,101410.71625,-8.35291025e-05,0.09508133125,281.64731375,401.70801869830996
2022-01-06 15:00:00,-22.586362240552145,0.6795443160885081,13.451668033740797,1365.693,1168.9642,1122.057,262.4459233333333,9.52445,0.0014,0.00111,0.0002,0.0175233333333333,0.0226416666666666,2.833333333333333,938.9257625,1154.66795,101229.446875,-3.128123375e-05,0.0,277.0395825,1104.1298094210715
2021-07-29 16:00:00,18.945483229572343,0.9085247941967476,43.33834119246907,998.5354000000001,867.4874,867.4874,278.4771533333334,3.186306666666667,0.00167,0.00030333333333332495,0.0014,0.011394999999999975,0.023471666666666648,0.0,822.9081874999999,823.2265625,101382.178125,-2.1457962874999998e-06,0.0,261.72708,850.7011866235167
2021-09-01 20:00:00,8.571241434003953,1.802812297648496,68.51411751508323,505.9456,396.87019999999995,396.87019999999995,270.71815000000004,3.179853333333333,0.005361666666666625,0.001878333333333325,0.0006283333333333249,0.0354733333333333,0.047206666666666626,0.0,281.83203125,284.15625,100465.6875,-5.073961924999999e-07,0.0,244.11716,402.2419992808342
2021-08-28 15:00:00,9.994050798362174,0.8262370741106506,36.88889863941968,1101.1824000000001,1011.7854,1011.7853,288.60327333333333,0.32121833333333333,0.0023449999999999747,0.00145166666666665,0.00109666666666665,0.008656666666666625,0.03518,0.0,983.38671875,983.7206874999999,101783.375,-1.899257725e-06,0.0,242.16812125,966.6666666666666
2021-09-08 11:00:00,5.997602243167686,2.9276983254607583,76.9769215685653,361.598,290.69626666666665,91.88706666666667,273.7891311111111,0.8708688888888889,0.002448888888888867,0.0014511111111111,0.0018155555555555332,0.015379999999999968,0.03349999999999997,85.80000000000001,340.484375,354.15625,101877.625,-5.52274285e-07,0.5883483850000001,259.23275,277.98873306963924
2021-12-10 21:00:00,-22.840630034428266,2.0164653710357445,70.88840705606063,441.5028,324.4012,27.752499999999998,252.35442166666667,16.821678333333335,0.000525,0.000521666666666625,0.0001,0.008838333333333274,0.011914999999999974,100.0,115.3203125,205.1015625,100906.64937500001,-1.00175093625e-05,0.9737548850000001,280.11175625,13.16792520676016
2022-04-14 13:00:00,9.120518783238186,1.1236761764662555,53.98797860658896,815.6769,686.2592999999999,441.9214,243.0233683333333,5.309955,0.0006,0.0001,0.0003,0.00713166666666665,0.01546499999999995,53.63333333333333,430.3125,710.18359375,102167.63125,-1.9511207875e-06,0.0,272.619015,672.2635742538655
2022-03-28 12:00:00,2.6873378451490937,1.5015208150229467,63.90434936729186,615.1353,506.9027,481.7341,255.909955,4.0105933333333335,0.000455,0.00011166666666665001,0.0002,0.0048683333333333,0.01286499999999995,11.183333333333332,551.3984375,567.7109375,102212.396875,-2.6185589625e-06,0.0,275.24989375,491.57677094570295
2022-02-01 15:00:00,-17.335338734678597,0.6910587826063264,16.990612070327945,1342.2617,1141.7005,688.7419,254.75288,11.895376666666667,0.001193333333333325,0.0002,0.0001,0.010626666666666649,0.019889999999999977,100.0,695.98046875,1119.5507625,101677.81937499999,-9.584717999999999e-05,0.1189117425,279.7732,752.5674217907228
2022-03-22 18:00:00,0.32893462043704336,0.8390548828048385,38.04054463916228,1087.9448,923.9672,870.4124,248.32291833333332,7.633663333333333,0.00101666666666665,0.0010149999999999751,0.0001,0.011264999999999924,0.0369133333333333,3.5166666666666666,751.05859375,817.75,100582.853125,-1.9948930000000003e-05,0.391231525,274.66376625,903.2668104998202
2022-02-17 16:00:00,-12.262246901258074,0.6763085645047634,12.252392101273566,1368.3633,1154.2766000000001,289.2724,263.02969333333334,13.405283333333333,0.002215,0.0007,0.0001,0.03148166666666662,0.08460166666666662,100.0,905.5703125,1116.1367375,101583.39,-7.771106625000001e-05,0.9017219625,278.5776325,835.2463142754405
2021-10-24 16:00:00,-11.481805530408202,0.6811362751836201,14.000846377021439,1346.0348,1197.9365,1197.9365,296.23565333333335,2.77393,0.0017,0.001868333333333325,0.0001,0.008113333333333325,0.011638333333333275,0.0,987.234375,1117.1836125,101539.328125,-3.5509292625e-06,0.0,265.794425,1190.2912621359221
2022-01-15 20:00:00,-21.272709360526417,1.139790428849568,54.57511081265802,805.2023,632.3182999999999,193.0972,258.959775,12.077155,0.007769999999999975,0.0002,0.0001,0.0757333333333333,0.027516666666666648,95.78333333333333,322.10546875,522.03515625,100944.7525,-1.8997176125000002e-05,0.78331375,276.94982749999997,470.05933117583606
2021-11-01 20:00:00,-14.189249384945942,1.4272987793789882,62.43387745524295,634.6364,508.7391,314.4118,274.12468,6.831518333333333,0.002308333333333325,0.0026833333333332998,0.0001,0.0159133333333333,0.016169999999999976,82.58333333333333,327.2109375,373.12890625,100946.65375,-1.1993634125e-06,0.038745880125,276.52401499999996,216.4778856526429
2021-08-02 12:00:00,17.9726549263364,2.1486727362247913,72.1075118846821,437.4516,334.4299,207.4356,279.361195,4.57685,0.002745,0.000898333333333325,0.00286166666666665,0.021968333333333298,0.059128333333333276,77.0,369.0078125,395.484375,103036.390625,-9.031282375e-07,0.0391960145,269.46785625,323.5059331175836
2021-07-12 17:00:00,22.094927378872317,1.0037361625467205,48.83165117662441,904.1351999999999,765.6973,605.8429,258.9286016666667,5.442338333333334,0.002,0.0005,0.0012366666666666498,0.021265,0.024304999999999976,58.43333333333334,700.09375,699.3125,101205.5625,-2.5545886875e-06,0.00024032592749999998,254.73749500000002,729.8813376483279
2021-05-06 19:00:00,16.305646767304136,1.3959067394276543,61.75838726092354,650.5268,534.4997,438.3759,244.98332499999998,4.141618333333334,0.0024816666666666503,0.000428333333333325,0.00199666666666665,0.02303999999999995,0.02644999999999995,41.916666666666664,380.6328125,427.15625,101385.834375,-3.584427775e-07,0.5732231137499999,272.33503125000004,422.07479323984177
2022-02-02 17:00:00,-17.052092343725047,0.6826708462779429,14.50864815386274,1357.9487,1143.9099,810.1285,251.999575,14.640761666666666,0.00250166666666665,3e-05,0.0001,0.023143333333333276,0.03136333333333327,56.18333333333334,777.59375,1075.8008125000001,101279.46625,-0.0001259793925,0.21160125875,281.58554375,475.52499101042787
2022-02-18 15:00:00,-11.912220737160919,0.704351925792066,20.233073032403365,1314.4164,1123.7448,970.5939,255.69815999999997,9.934870000000002,0.0007,0.0002,0.0002,0.00911,0.021539999999999948,25.516666666666666,960.14453125,1098.3476375,101373.234375,-8.888164e-05,0.021736144625000002,280.22052,817.5008989572095
2022-04-26 18:00:00,13.251870187254678,1.0091642254254107,49.100802856539865,899.0969,795.1825,795.1824,239.30231666666666,1.77745,0.0009,0.00059166666666665,0.0005,0.0087,0.01812499999999995,0.0,682.95703125,693.01953125,100426.9525,-1.5627884125e-06,0.38706207137500004,246.905895,754.7141316073355
2021-05-08 18:00:00,16.86541417011425,1.07618019260152,52.126036569221675,841.8017,722.9779,360.5101,242.72327333333334,2.893928333333333,0.001,0.00071666666666665,0.001824999999999975,0.013081666666666625,0.0191083333333333,97.61666666666667,556.65625,628.3125,100933.375,-8.754723375e-07,0.9479484375,258.5735725,555.440489032722
2021-12-30 10:00:00,-23.19418976492388,3.649788016603846,79.59189577777315,312.6972,220.6264,126.6788,255.55207999999996,8.59291,0.0009166666666666501,0.0007,0.0002,0.012643333333333302,0.02237666666666665,71.73333333333333,220.36328125,293.921875,101968.06875,-2.758219475e-05,0.0,281.63788750000003,134.5343401654081
2021-06-09 14:00:00,22.873220569233247,1.1379104973195202,54.50769071132411,798.7277,704.5995,571.1799,261.78978166666667,1.2656433333333332,0.0015966666666666501,0.000905,0.002093333333333275,0.0136833333333333,0.029599999999999977,90.63333333333333,702.47461875,709.890625,101875.21875,-1.4774268625e-06,0.2644577125,256.69118125,669.6997482919812
2021-06-25 20:00:00,23.424679586459934,2.7649567729354785,76.19387003617396,341.61350000000004,274.3683,261.63530000000003,274.2849583333333,1.0267666666666666,0.0016,0.0007,0.00187,0.01281499999999995,0.026671666666666625,16.75,162.49609375,171.0859375,100699.303125,-3.82249715e-07,0.23671340874999997,239.894845,264.02732829917295
2022-04-11 20:00:00,8.025071516006154,1.7653052337015218,68.03346062442992,512.4473,435.77909999999997,435.77909999999997,250.52186,1.35265,0.0003,0.0006333333333333,0.0001,0.0029,0.0118,0.0,293.65234375,299.52734375,100295.25,-5.108886475e-07,0.0,243.0634875,401.99568500539374
2021-09-06 12:00:00,6.742493857141795,1.530071813426204,64.42746556653357,603.8892000000001,478.273,320.3922,273.1238666666667,5.413548333333333,0.005439999999999975,0.001363333333333325,0.0008,0.040226666666666605,0.046811666666666626,83.61666666666666,540.44140625,541.00586875,101819.34375,-2.5301706374999998e-06,0.0,276.08166374999996,460.3236245954692
2021-12-14 12:00:00,-23.15892481426692,1.0666368547366978,51.72591062755023,861.8557,707.9801,386.5836,259.04861166666666,9.226273333333333,0.0011016666666666501,0.001901666666666625,0.0002,0.014313333333333325,0.019374999999999976,100.0,564.34765625,754.0546875,101640.2125,-4.1649385e-05,0.980514525,278.011905,624.5253505933117
2022-01-30 19:00:00,-17.886215231561284,0.8749417726195754,40.95276639248762,1054.3374999999999,875.2244000000001,320.851,257.91006833333336,11.830916666666667,0.0011,0.0005,0.0002,0.01366,0.0448583333333333,97.8,438.9609375,751.4296875,100977.296875,-5.13352275e-05,0.60049440125,281.4663975,753.5400934915497
2021-06-29 17:00:00,23.287060087617615,1.0307778341840559,50.134258519745295,880.1555,790.8364,790.8364,267.73192833333337,0.72355,0.001558333333333325,0.00078666666666665,0.0016783333333333249,0.009251666666666625,0.04240666666666665,0.0,703.125,703.2890625,102221.421875,-2.1322047749999997e-06,0.0,256.66358125,779.178353110392
2021-11-24 20:00:00,-20.40639665128032,1.3082115206855127,59.67226723374405,692.5493,547.6261,128.2913,263.51809333333335,12.865013333333334,0.0014,0.000933333333333325,0.0001,0.013779999999999975,0.01791999999999995,100.0,287.98046875,412.81640625,100839.11,-3.2887125e-05,0.995304125,278.40842625000005,124.11003236245953
2021-05-17 17:00:00,19.144405595444194,0.9657943253697879,46.83082920568607,936.9027,807.015,807.0151,251.14243166666662,3.75097,0.0013,0.00074666666666665,0.00180166666666665,0.00905166666666665,0.0224433333333333,0.0,714.44140625,730.1875,101584.96187500001,-1.324078775e-06,0.09182739125,268.18556,763.0366774541532
2021-11-03 10:00:00,-14.83025116777634,3.3809477872252507,78.75149958686231,346.2462,252.1338,28.019600000000004,276.99905333333334,7.103670000000001,0.0013,0.0014,0.0001,0.01336,0.01765,100.0,241.79296875,316.17578125,101872.96875,-1.2748787e-05,0.05789566125,279.28868750000004,68.28119381517439
2021-10-15 11:00:00,-8.217746934617427,1.7738444247563778,68.14482157938822,515.5661,445.9584,327.48,276.7226033333333,0.34583166666666665,0.0008,0.004,0.000285,0.003885,0.017968333333333298,32.58333333333333,488.45703125,499.44140625,101527.79000000001,-7.18457125e-07,0.0,245.72262875,404.2556634304207
2022-03-16 15:00:00,-2.0419762587084924,0.7414538454251307,26.96096359843563,1241.1073999999999,1057.5686,1024.9078,251.46796,9.053664999999999,0.001713333333333325,0.0002,0.0004,0.024699999999999975,0.025708333333333274,13.049999999999999,1044.7265625,1053.7578125,101530.1875,-2.45877315e-05,0.050159455625,268.723905,1055.3398058252428
2021-06-11 18:00:00,23.03792050545629,1.2019214533744111,56.65731643709341,756.5468,657.3626999999999,657.3626999999999,259.35935,1.610815,0.0028983333333333,0.001208333333333325,0.00165,0.015951666666666624,0.03805999999999995,0.0,549.62109375,550.203125,102009.19437499999,-1.1872325725e-06,0.0,260.26265624999996,655.4530744336569
2021-06-08 19:00:00,22.78079610405873,1.6033443425402798,65.67554835565338,571.669,481.91319999999996,358.6805,258.44976833333334,1.815138333333333,0.0017,0.002029999999999975,0.002699999999999975,0.01292499999999995,0.026609999999999974,100.0,350.7421875,374.11328125,101174.92874999999,-7.170892975000001e-07,0.8846092275,247.83280374999998,384.1405969075872
2022-02-17 14:00:00,-12.262246901258074,0.7830734943536618,32.44409822839149,1182.1374999999998,986.3235999999999,459.5426,262.450775,12.655345,0.002148333333333325,0.000644999999999975,0.0,0.026831666666666625,0.07003333333333328,100.0,784.54296875,1004.3554875,101799.53125,-7.535808000000001e-05,0.4223976225,278.30319125,719.8561668464581
2022-02-01 18:00:00,-17.335338734678597,0.7446200838252727,27.43633127837546,1242.8596,1048.016,408.8005,253.41968666666665,12.300978333333333,0.0017,0.0001,0.0001,0.01459,0.02025166666666665,100.0,543.89453125,937.234375,101417.8125,-7.6090249875e-05,0.44984055,281.59277,585.4692556634304
2021-06-21 20:00:00,23.452046074516133,2.800806705720143,76.37440910252946,337.2217,262.2046,64.7463,262.60717,1.9884366666666666,0.0012383333333333248,0.0003,0.0015,0.02031666666666665,0.025321666666666624,68.01666666666667,142.919921875,165.1640625,101206.90625,-4.0549821e-07,0.67270278875,257.06757125,207.9665587918015
2022-04-29 20:00:00,14.209846623471503,2.147094639801668,72.09389279357468,425.04540000000003,322.6333,308.7539,237.12784166666665,7.6000733333333335,0.0013,0.000393333333333325,0.0001,0.01795499999999995,0.025088333333333324,5.4,195.65625,215.58984375,101255.40625,-2.53930921875e-07,0.21865081875,274.185675,282.0046745774901
2021-06-23 14:00:00,23.45217923065783,1.1622336491932865,55.35902876674835,783.1496,656.9657,520.282,266.9788,4.620216666666667,0.0017,0.0004,0.0017633333333333,0.022350000000000002,0.02256999999999995,55.08333333333333,638.41796875,670.50585,101316.39,-1.9856961625e-06,0.9285545374999999,261.54650625,572.8209277238403
2021-09-11 19:00:00,4.868093435556078,1.1434021592521872,54.70385964832108,795.0233,701.259,694.8582,273.06885,0.98174,0.0026,0.0004,0.001408333333333325,0.020189999999999923,0.03144666666666665,2.3333333333333335,560.55859375,564.44921875,100572.00875000001,-1.09632855625e-06,0.5935287487500001,243.18528125,643.692916217188
2022-02-23 14:00:00,-10.117057019753185,0.7911590584110693,33.35445090919343,1169.3944000000001,982.6288,891.2934,253.72789333333333,11.869363333333334,0.001218333333333325,0.0007,0.0001,0.01703,0.021909999999999975,6.866666666666666,758.203125,997.42578125,101513.15,-2.5521381749999998e-05,0.057159423625,277.0054775,990.9690758719885
2022-04-06 12:00:00,6.155857075258399,1.5633911770328208,65.01108774042311,590.197,451.3177,246.3779,236.06727999999998,11.975606666666668,0.001909999999999975,0.001348333333333325,0.00024166666666665,0.0313583333333333,0.08090666666666663,100.0,417.765625,508.59375,101952.57125000001,-1.959764625e-06,0.8742256125000001,278.6256125,298.232650125854
2021-09-17 14:00:00,2.573918316855676,0.8336468772365023,37.562633581946535,1095.024,952.4897000000001,874.1854000000001,276.81819333333334,3.117026666666667,0.00283166666666665,0.001,0.002174999999999975,0.0223333333333333,0.03619666666666665,25.166666666666664,953.109375,954.1328125,101518.75687499999,-2.9000512e-06,0.34280395625000004,265.10171375,899.5882775979863
2021-05-14 15:00:00,18.43034973210218,0.925876824467822,44.46543028485504,978.2976000000001,866.4407,866.4406,247.76964166666667,1.9122999999999997,0.0014,0.0008,0.0027916666666666498,0.009356666666666624,0.0404433333333333,0.0,843.15625,843.38671875,101723.20999999999,-1.82466465e-06,0.0,259.3191375,834.8615605897159
2021-12-28 13:00:00,-23.298866337354657,0.858509171602934,39.67158566216108,1075.5459,893.7796000000001,291.5865,254.96070166666664,12.550071666666668,0.0009116666666666499,0.0002,0.0,0.016194999999999973,0.02063666666666665,100.0,465.5234375,912.87890625,101972.609375,-6.0332823750000006e-05,0.0,279.32354499999997,286.0212153901474
2021-11-08 15:00:00,-16.35975054890701,0.6751900386992282,11.807106787580626,1363.1234,1222.2768,1222.2767,278.910115,2.401181666666667,0.00114666666666665,0.0037,0.0002,0.00736499999999995,0.014053333333333275,0.0,1144.9570125,1165.6679875,100983.89,-4.500267087500001e-06,0.044128418125,267.38541875,1216.3070837828118
2021-05-13 19:00:00,18.181926282060996,1.4570238878264399,63.043089696627995,624.3323,506.796,191.9069,249.13805499999998,5.075388333333334,0.0017749999999999999,0.0016983333333333,0.00163,0.012333333333333325,0.05322999999999995,100.0,303.21484375,408.0546875,100735.46625,-4.7180037375e-07,0.0,255.9402825,304.23768428622793
2021-07-26 13:00:00,19.62080143004742,1.4088292218750929,62.0406103221645,653.4697,538.7808,402.00980000000004,274.1876183333333,3.6336216666666665,0.0031966666666666498,0.00081666666666665,0.001303333333333325,0.02089999999999995,0.03430666666666665,11.549999999999999,572.5351499999999,572.78125,102016.290625,-1.2386590125e-06,0.0,266.6069275,511.6684645810859
2022-01-21 20:00:00,-20.08592570514902,1.1364801996500804,54.456208378386805,807.2382,649.6439,48.1087,261.774805,13.688533333333334,0.0012,0.0,0.0,0.011739999999999974,0.0072,100.0,409.66796875,521.87109375,100866.375,-3.5401200625e-05,0.40748976249999996,278.37270875,666.7044228694714
2021-10-13 12:00:00,-7.46891326631733,1.1500255551630472,54.93734276087136,796.1802,675.4418000000001,505.68370000000004,270.94126,3.2632166666666667,0.001,0.0018583333333333,0.0001,0.007654999999999975,0.0123033333333333,98.86666666666667,711.86328125,725.52734375,101127.77437500001,-1.6236444874999999e-06,0.468673705,263.60501625,625.210355987055
2021-06-16 17:00:00,23.330833093414007,1.0363382252276847,50.39071505527949,874.6861,769.4462,769.4463000000001,240.48273666666665,2.0073633333333336,0.0011,0.0003,0.00139666666666665,0.009883333333333326,0.0212783333333333,0.0,682.875,689.28515625,101074.64,-1.61479695e-06,0.0,257.85423375,763.5850413520316
2022-04-23 16:00:00,12.26150872079164,0.8243542705327266,36.71406737432397,1102.2375,994.4065999999999,994.4065999999999,252.650455,1.606045,0.0004,0.0004,0.0001,0.0037,0.0074999999999999,0.0,929.51953125,928.015625,100823.63187499999,-1.9806611875e-06,0.0,246.73067,951.0427903631787
2022-03-04 11:00:00,-6.733640141580796,2.520855548802674,74.82338244671352,364.84770000000003,258.47249999999997,127.1842,255.68739,11.52787,0.0026,0.00045666666666665,0.0002,0.031614999999999976,0.024458333333333325,86.58333333333334,264.8125,341.609375,101818.578125,-3.912486125e-06,0.048542022562499995,280.27878,119.5217547644732
2021-11-19 11:00:00,-19.296742271078454,1.5187763404443253,64.22313437247432,601.6849,481.1184,319.0072,267.6652633333333,6.15825,0.0008316666666666501,0.0023883333333333248,0.0002,0.010618333333333299,0.025911666666666625,77.35000000000001,457.06640625,540.15625,102007.3125,-4.5725028750000003e-07,0.9310836775,271.26184,431.11470693994966
2022-02-01 17:00:00,-17.335338734678597,0.6823087951053819,14.390628288857442,1358.8772,1155.0140999999999,788.2516,254.00568666666666,12.2652,0.001609999999999975,0.0001,0.0001,0.013754999999999976,0.02029,100.0,766.62890625,1073.26171875,101526.80625,-8.217329875e-05,0.26680755875,281.62020625,830.9672779575692
2022-01-01 17:00:00,-23.058629169260467,0.6832819522927915,14.705472216329902,1357.9332,1188.9681,1188.968,257.87082833333335,5.001386666666667,0.00029499999999999996,0.00101166666666665,0.0001,0.00321166666666665,0.012418333333333325,0.0,1061.28515625,1111.0194999999999,100645.453125,-7.6464e-05,0.47539901625000003,266.7428625,1181.445523193096
2022-01-16 11:00:00,-21.091538598017067,1.8282808671464854,68.82839580677194,492.0656,376.4345,302.331,257.77993333333336,10.943699999999998,0.00055666666666665,0.0004,0.0,0.0059783333333333,0.00746999999999995,32.016666666666666,435.4765625,444.484375,101614.685,-1.4094723125e-05,0.009002685625,277.57259999999997,341.52283351312474
2022-01-24 11:00:00,-19.405991243746065,1.924120043732402,69.93125087178683,467.7088,344.1832,137.0628,254.97504166666667,15.992171666666666,0.0011,0.0,0.0001,0.02506666666666665,0.00961499999999995,92.38333333333333,280.75,410.6484375,101858.978125,-4.2003143249999994e-05,0.48602674749999997,279.91891375,136.62891046386193
2022-03-29 18:00:00,3.077709846778854,0.8669332684791156,40.33865741636852,1051.1104,923.0463,923.0462,255.0838583333333,2.721188333333333,0.0005366666666666499,0.00035666666666665,0.0001,0.005143333333333325,0.01063666666666665,0.0,823.2890625,824.06640625,100481.5,-3.099034075e-06,0.0,249.26262,883.8187702265373
2021-11-13 20:00:00,-17.773343755449314,1.3639795366394534,61.03475574523353,663.6641999999999,536.0367,536.0367,260.59819166666665,5.936615,0.0023583333333333,0.00673,0.0001,0.0143383333333333,0.0253133333333333,0.0,371.8828125,391.91015625,100614.34375,-3.4170516499999996e-06,0.0127296445,276.60103125,552.4325782092773
2022-02-10 18:00:00,-14.613878629738002,0.7501876111963941,28.244914165545435,1231.2204,1050.752,1040.6407,260.2976233333333,7.637556666666667,0.00112666666666665,0.00233499999999995,0.0,0.0083283333333333,0.08565,1.1,871.60546875,957.16796875,100548.25625,-0.00011854726625,0.099628452375,275.4110875,953.3351312477524
2021-12-28 14:00:00,-23.298866337354657,0.7357867895719596,26.079542220903615,1258.9055,1061.196,553.3584000000001,254.41119333333333,12.55673,0.001048333333333325,0.0002,0.0,0.017813333333333275,0.021774999999999975,100.0,630.359375,1059.92578125,101877.8125,-7.662311125e-05,0.0,279.41827,491.14706939949656
2021-08-31 17:00:00,8.93055449957544,0.8278024001870589,37.0331083528402,1096.599,988.0346999999999,988.0346999999999,275.39994666666666,1.38511,0.0024,0.0004,0.0011,0.015155,0.025094999999999975,0.0,890.35546875,892.34765625,101037.85875,-2.406712125e-06,0.0,254.90925625,939.9496583962602
2022-04-22 17:00:00,11.924612000927205,0.862229709816628,39.968951262343424,1053.143,954.8491,954.8491,247.00193,1.2051733333333332,0.0003,0.0005,0.0002,0.00289666666666665,0.0082,0.0,865.6953125,866.42578125,100624.2875,-1.7190759875000002e-06,0.0,242.657515,911.8842143113986
2021-09-26 17:00:00,-0.9193266638834702,0.7612942935127331,29.764521825338615,1196.9483,1048.5871,1048.5873,264.60205,2.9785516666666667,0.0042,0.001809999999999975,0.0007,0.022133333333333324,0.0517183333333333,0.0,944.8984375,956.03515625,101273.19437499999,-3.1756935625000002e-06,0.0,255.332875,1056.8500539374324
2021-11-23 16:00:00,-20.196769243998993,0.6649035989156483,6.282842193288843,1387.5894,1173.9618,1044.5105,259.0106566666667,12.766255000000001,0.0037,0.002588333333333325,0.0002,0.03845999999999995,0.03283166666666663,42.81666666666667,1089.9726375,1119.0976375,101075.5625,-5.347197125e-05,0.6418953,274.91330000000005,1224.829198130169
2021-10-25 18:00:00,-11.83155980206098,0.8176159808263571,36.07569894503756,1118.6021,968.8761,511.9696,295.05318666666665,4.305768333333333,0.0018,0.0006,0.0001,0.0091383333333333,0.0119383333333333,66.81666666666666,857.03125,864.00390625,101260.44625000001,-1.488107925e-06,0.0,264.19708125,995.3434016540813
2021-07-16 17:00:00,21.507804018929004,0.9920368348800521,48.23760840589946,914.7717,815.7658,667.3619,266.72085000000004,1.474905,0.0012,0.0003,0.00186666666666665,0.008944999999999974,0.017719999999999975,80.53333333333333,732.2734375,732.734375,100955.69,-2.0153820625e-06,0.13004302875,254.6872125,692.7202445163609
2021-10-18 13:00:00,-9.326646848826442,0.8692034964457381,40.514676934344976,1054.2188,919.0634,648.2518,271.297805,3.004828333333333,0.000933333333333325,0.00122,0.0001,0.0078583333333333,0.0133183333333333,100.0,891.828125,940.2265625,101766.21187500001,-1.5696859875e-06,0.7713966375000001,271.4990975,778.6048184106436
2021-12-19 14:00:00,-23.384169426366487,0.7298909125725872,25.116831836105494,1268.6598,1076.3324,726.8789,258.0316583333333,10.376653333333334,0.00191166666666665,0.0001,0.0,0.0213633333333333,0.010309999999999975,41.96666666666667,1072.4648625,1081.390625,101597.63187499999,-1.040226175e-05,0.5823020925,274.079045,1105.0431499460626
2022-01-30 15:00:00,-17.886215231561284,0.6898819668467421,16.667583848978857,1344.7353,1151.6621,838.1458,259.9395,9.14307,0.0013,0.000533333333333325,0.0002,0.014148333333333325,0.03925,49.3,931.96875,1129.4648750000001,101100.95375,-0.00014939205499999998,0.006896972812500001,279.67004249999997,1156.0751528227256
2021-12-17 17:00:00,-23.317297340193075,0.6883882499039867,16.246943209421683,1344.8536,1138.0153,938.6138000000001,255.37964166666666,12.535161666666667,0.002175,0.0009,0.0001,0.02725499999999995,0.022743333333333275,20.416666666666668,831.23828125,1060.75,101348.178125,-2.9107497375e-05,0.07819748062500001,275.28652625,1218.4196332254585
2021-05-19 19:00:00,19.593649658139718,1.5044261414414046,63.9585964122693,605.7021,513.2175,513.2176,256.04962333333333,1.9601633333333333,0.000913333333333325,0.000653333333333325,0.0042833333333333,0.0103033333333333,0.0255783333333333,0.0,403.95703125,403.64453125,100715.6875,-5.1563256125e-07,0.0,241.6630225,477.3768428622798
2021-08-11 18:00:00,15.506898185987577,1.0212765784433184,49.68728840227317,888.9366,750.7497,681.1734,274.5653266666667,5.312691666666667,0.0029,0.000523333333333325,0.00073,0.021041666666666625,0.01905666666666665,22.016666666666666,640.89453125,658.02734375,100841.4,-1.1537631375e-06,0.0,262.35590249999996,670.3308162531464
2021-11-13 16:00:00,-17.773343755449314,0.66813190218362,8.432913150209705,1378.0004,1192.1304,919.4298,261.3652333333333,6.880436666666666,0.00293,0.007,0.0001,0.0195333333333333,0.026093333333333274,100.0,1042.6758125000001,1119.683575,100551.5875,-2.1207466250000003e-05,0.7652778625000001,270.614795,542.1395181589356
2021-08-15 17:00:00,14.300516543806014,0.8829912341289013,41.55144371831924,1027.1988,916.6149,916.6149,288.7507366666667,1.6995766666666667,0.00202,0.0005,0.0013,0.0094766666666666,0.03180166666666665,0.0,832.765625,833.12109375,101018.046875,-1.8961436624999999e-06,0.0,245.1491775,896.6379000359583
2021-12-03 18:00:00,-21.996945080171198,0.7748370160039972,31.472418793389966,1188.2072,996.3551,562.0808,265.66254000000004,13.342608333333335,0.0006,0.00093,0.0002,0.009465,0.01722,98.16666666666667,603.27734375,881.08984375,101113.696875,-1.4683056887499999e-05,0.9432373125,276.900865,876.4491190219345
2021-07-03 13:00:00,23.040179273357914,1.5049517771718883,63.96838581380686,610.924,523.9903,523.9903,265.65091333333334,0.9634466666666667,0.0022466666666666503,0.0008,0.004223333333333325,0.020348333333333274,0.04648166666666662,0.0,554.50585,554.81835,102328.259375,-1.93540475e-06,0.0,264.63719375,500.90614886731396
2022-03-19 13:00:00,-0.856293179789177,1.0232081868793228,49.77906950896322,901.3047,748.0969,465.77320000000003,249.07764166666666,7.621466666666667,0.001493333333333325,0.0001,0.0001,0.01770499999999995,0.0588933333333333,57.63333333333333,530.68359375,772.6328125,102035.14125,-8.082686375e-06,0.0040626525,276.8366775,655.5213951815894
2021-11-05 12:00:00,-15.455033828294374,1.0594391100472471,51.41786330995094,866.2854,705.2842,618.574,273.14879833333333,9.714523333333334,0.002,0.002104999999999975,0.0002,0.03427499999999997,0.03147333333333328,32.333333333333336,510.23046875,743.40234375,101381.203125,-4.1367311125e-06,0.050048828125,278.49821375,679.4444444444445
2021-09-21 12:00:00,1.0260736532584147,1.3355120829440228,60.355779536514994,687.7849,541.2032,167.9103,276.607535,13.968921666666667,0.00324999999999995,0.000133333333333325,0.00046666666666665,0.024246666666666625,0.0201016666666666,100.0,107.361328125,576.7949187500001,102362.91500000001,-4.5817142e-05,0.9983749375,278.53765625,203.08701905789286
2021-07-14 15:00:00,21.81384026311456,0.9944191012149323,48.36014928661501,913.3249,780.1323,780.1323,270.838,4.72578,0.0012549999999999749,0.0003,0.001155,0.010668333333333275,0.0181483333333333,0.0,761.4140875,762.4082187500001,101253.91312499999,-2.4490873e-06,0.0,264.14391125000003,756.5462064005753
2021-06-07 17:00:00,22.68170014727632,1.0263031359173593,49.925150420382046,882.5478,786.4658,507.5099,261.7143033333333,1.18107,0.0016849999999999999,0.0009,0.001198333333333325,0.0116233333333333,0.03339499999999997,100.0,677.015625,708.52734375,101370.0875,-1.614069375e-06,0.745368975,243.9526525,651.6379000359583
2021-06-01 12:00:00,21.949247130337106,2.2154519528477272,72.66515091926529,420.0876,350.9215,292.3473,258.75401,0.9918083333333334,0.00116999999999995,0.0007033333333333,0.0009183333333333,0.0075849999999999754,0.018298333333333274,35.333333333333336,404.4609375,404.4921875,102239.81875,-8.027946125e-07,0.0,255.2138425,319.7950377562028
2022-04-28 19:00:00,13.894269146921822,1.3223725255338625,60.03091961511526,686.8565,563.5798,563.5798,237.35429,6.544951666666666,0.0009,0.000568333333333325,0.0002,0.01134666666666665,0.01408666666666665,0.0,446.5859375,451.50390625,101343.125,-6.5888161625e-07,0.084949494375,268.01997625,535.2948579647609
2022-04-15 17:00:00,9.480770957900935,0.8338396004928613,37.579860628206426,1090.5383000000002,969.8081999999999,969.8081,242.900115,2.216365,0.0009,0.00091,0.0005,0.00805166666666665,0.016068333333333323,0.0,859.40625,881.94140625,100535.484375,-1.7868587875e-06,0.0,248.525815,949.6583962603379
2021-11-26 16:00:00,-20.806526282480835,0.6642222717948354,5.723960222892101,1389.8686,1191.2698,1137.0645,264.6568766666667,10.153220000000001,0.0013,0.0005,0.0003,0.01346666666666665,0.019906666666666625,12.916666666666666,1054.84375,1117.5390750000001,101259.96875,-7.05468125e-05,0.4457206625,277.52163125000004,1151.366414958648
2021-07-03 19:00:00,23.040179273357914,1.5613656272206582,64.97639753516555,588.5275,498.3764,498.37649999999996,264.6006566666667,1.2536083333333332,0.0026,0.0008,0.002684999999999975,0.020055,0.05460666666666662,0.0,390.5390625,390.86328125,101267.803125,-1.2580422025e-06,0.00270080565,243.147265,488.4160373966199
2021-10-15 16:00:00,-8.217746934617427,0.6909442838535247,16.959493259840627,1324.4996,1225.5673,1225.5671,275.94281333333333,0.6448866666666667,0.0007,0.002489999999999975,0.0002,0.003588333333333325,0.016241666666666623,0.0,1109.691425,1141.6836125,100473.10062499999,-2.2022286375e-06,0.0,243.46729249999999,1183.2973750449478
2021-07-04 19:00:00,22.96156848261638,1.5563500591394417,64.89006813790577,590.378,508.9471,508.947,268.6734916666667,0.8592366666666666,0.00148,0.0013,0.0036183333333333,0.013829999999999974,0.03520499999999997,0.0,395.4921875,395.83203125,101181.040625,-1.15807050625e-06,0.09653091250000001,242.43992375,491.15066522833513
2021-10-28 16:00:00,-12.862342290550107,0.6776539070387064,12.765882746614734,1354.0711000000001,1175.151,1069.9995000000001,268.9613,6.607984999999999,0.0018,0.00131166666666665,0.0002,0.012266666666666625,0.0218,5.283333333333333,1047.3359375,1112.9882625,101655.3125,-3.3057293875e-06,0.3876762425,271.11395749999997,842.6842862279755
2021-05-15 13:00:00,18.67362357896368,1.3052747537134144,59.59674753818963,699.2527,604.3856000000001,502.23629999999997,251.06100666666666,1.7492750000000001,0.00137166666666665,0.0004,0.00161666666666665,0.00916666666666665,0.02636999999999995,22.683333333333334,625.51171875,630.16015625,101917.59375,-1.3739627125e-06,0.0,263.01719,565.0701186623517
2022-02-21 20:00:00,-10.843653972722851,1.2044532042089504,56.736594679077314,754.8552,613.5841,579.5742,257.87620833333335,8.246185,0.001483333333333325,0.00145666666666665,0.00025166666666665,0.0164633333333333,0.024479999999999974,4.233333333333333,449.08984375,487.94140625,100814.03125,-1.1660158774999999e-05,0.014068603374999999,268.6980175,600.4746494066882
2022-03-07 17:00:00,-5.574096889266962,0.7180741856935984,23.022273961579018,1280.4685,1077.2345,565.229,263.58437333333336,12.727540000000001,0.0023,0.000795,0.0001,0.0394283333333333,0.028183333333333276,94.68333333333334,914.203125,1014.19140625,100671.36875,-4.900968650000001e-06,0.46533202250000005,275.7200575,965.0323624595469
2021-07-14 13:00:00,21.81384026311456,1.4752719621964008,63.40336125437341,623.8281,508.52149999999995,369.74739999999997,269.0410283333333,5.351546666666667,0.00168166666666665,0.0004,0.0020033333333333,0.015144999999999926,0.023104999999999973,38.93333333333334,539.69336875,543.384775,101725.89125,-2.7543574875e-06,0.0,269.27421875,482.58540093491547
2021-06-27 18:00:00,23.369605731633786,1.1962912050737569,56.47954772451087,761.2092,676.1831,545.5033,266.273415,0.9623983333333332,0.0009,0.0004,0.0016133333333333251,0.00683666666666665,0.0208333333333333,68.19999999999999,560.68359375,571.8984375,100732.775,-1.6141530125000001e-06,0.3528328,243.62333124999998,598.1499460625673
2021-09-09 20:00:00,5.622634954300004,1.736102320901738,67.64365134245857,524.6931,441.39660000000003,337.57210000000003,279.5447816666667,0.9024166666666666,0.003,0.001283333333333325,0.00112666666666665,0.0202,0.0391083333333333,53.91666666666667,289.75,307.9609375,100584.45999999999,-4.3204636875e-07,0.50432205375,251.97300625,320.7946781733189
2021-12-01 10:00:00,-21.6911308272899,3.0298175012216193,77.4242052770503,332.45239999999995,244.81319999999997,73.95053333333333,266.9417888888889,5.300308888888889,0.0007,0.0018000000000000002,0.0001,0.009439999999999999,0.0159133333333333,73.75555555555556,307.484375,312.125,101563.34249999998,-1.7867423499999999e-06,0.336166385,278.460375,208.25122857485314
2021-12-31 16:00:00,-23.13025603340483,0.6611783410479071,1.625459632323234,1403.9615,1204.3785,1093.3316,253.55262,9.219536666666666,0.0021,0.00048,0.0005,0.02565666666666665,0.026293333333333325,13.116666666666667,1047.57421875,1147.7069999999999,101292.07875,-8.239710499999999e-05,0.1452522275,281.13549875,1138.0276878820569
2021-07-23 16:00:00,20.247236515646932,0.9286587172017126,44.64015457953014,976.803,856.2538,856.2538999999999,265.62989166666665,2.5808516666666668,0.0015500000000000002,0.0006,0.0007,0.009974999999999975,0.01963,0.0,805.3222499999999,805.64453125,101380.72750000001,-2.5720510125000002e-06,0.0,256.08587125,818.752247393024
2021-08-25 15:00:00,11.034046063021137,0.8378728686678738,37.93705133088132,1085.7116,970.6096,970.6096,276.3565,1.6972866666666666,0.002908333333333325,0.000795,0.00108666666666665,0.0148033333333333,0.03960666666666662,0.0,939.8105312499999,941.1465000000001,100754.946875,-1.4980905875000001e-06,0.0,249.05562,905.9870550161811
2021-10-17 17:00:00,-8.9590730469046,0.7283912824340644,24.863864777962387,1255.9092,1143.1162,889.6015,267.52608,1.43376,0.0007,0.00038666666666665,0.0002,0.00506,0.011354999999999974,90.5,1006.3984375,1040.6952812499999,100399.40625,-1.6845588125e-06,0.6616401749999999,244.70998625,1076.6073354908308
2022-03-05 14:00:00,-6.348514071462508,0.8068249204629547,35.00952813169916,1144.9239,968.781,838.5425,258.23721166666667,9.213798333333333,0.00139166666666665,0.00029,0.0001,0.019321666666666598,0.01677166666666665,69.96666666666667,963.28515625,988.59373125,101462.71625,-9.853422125e-06,0.11952972375000001,277.1447175,950.1330456670262
2021-11-17 14:00:00,-18.811219532670908,0.72057826144362,23.486679938010827,1279.8143,1094.3456999999999,874.4145,261.3583,8.852365,0.00132,0.001935,0.0001,0.013249999999999975,0.03193666666666665,31.1,726.85546875,1078.9453125,101068.540625,-1.1652300999999998e-06,0.08560562125,276.90944875,957.2995325422509
2021-08-27 12:00:00,10.343443884966485,1.6907702483845646,67.0095348522759,549.2918,471.5517,427.01,291.81477,0.5853566666666666,0.0029283333333333,0.001308333333333325,0.000899999999999975,0.009931666666666625,0.03500499999999995,13.2,519.5117250000001,519.8867250000001,101923.49124999999,-8.124334125000001e-07,0.0,257.20849375,445.07191657677095
2021-06-01 15:00:00,21.949247130337106,0.9862840930097482,47.93826938269766,918.1376,824.3045,824.3045,256.74606833333337,0.8382833333333333,0.0022,0.0012583333333333249,0.002533333333333325,0.01465,0.040709999999999975,0.0,802.9120937499999,803.6171625,101574.5,-1.782813325e-06,0.0,252.40091625,820.5861201006832
2021-11-26 15:00:00,-20.806526282480835,0.6711923529247118,10.043600736212767,1376.4005,1179.9996999999998,1107.1919,264.8358566666667,9.825678333333334,0.0013,0.0005,0.0003,0.01370666666666665,0.01919999999999995,53.833333333333336,1034.171875,1132.160175,101399.61875,-7.591678975e-05,0.31744765625,278.6704575,1072.3229054297017
2021-11-09 14:00:00,-16.652202422289594,0.723226227173299,23.965128746614337,1273.0028,1094.6213,1094.6211,276.59325,6.7661,0.002598333333333325,0.003314999999999975,0.0004,0.021501666666666624,0.024568333333333275,0.0,1014.203125,1083.046925,101398.05625,-1.2457225249999999e-05,0.62321091125,273.12394,1091.9453434016539
2021-06-24 17:00:00,23.441880878089584,1.035692901520033,50.36114130703425,875.7469,778.6893,778.6893,280.9794566666667,1.176085,0.0014,0.0003,0.00173,0.006639999999999975,0.054419999999999975,0.0,698.48046875,698.6034999999999,101209.96875,-2.1074375e-06,0.0,254.67887,772.2330097087378
2022-01-13 19:00:00,-21.614433766280886,0.8771217908855001,41.116699493897364,1053.4533999999999,875.5441000000001,489.8358,254.75905999999998,8.641375,0.00571166666666665,0.0001,0.000148333333333325,0.047563333333333326,0.021454999999999926,74.8,725.66015625,770.45703125,101403.78375,-4.9582042375e-05,0.08569336,274.4308175,660.782092772384
2021-11-18 12:00:00,-19.05685437654019,1.0435775145551311,50.71912158185654,880.9995,757.6333999999999,757.6333,263.03277,2.7248433333333333,0.000838333333333325,0.00258499999999995,0.0001,0.009089999999999975,0.022521666666666648,0.0,765.12890625,794.19921875,101360.0,-9.351351625e-07,0.1154289225,264.55746375,750.8612010068321
2021-11-03 17:00:00,-14.83025116777634,0.7117102759844653,21.784367308222766,1289.2867,1128.0711000000001,985.5101,274.28185,4.718775,0.000659999999999975,0.00157,0.0001,0.004143333333333325,0.009439999999999976,13.2,953.9140625,1022.11721875,100462.22125,-1.7293205125000001e-06,0.28244400125,260.834725,1125.6921970514202
2021-11-14 11:00:00,-18.040896407164666,1.5286038425696946,64.40110087234834,597.8108,475.6798,436.4802,264.81516666666664,4.912231666666667,0.003085,0.0033,0.0001,0.0288266666666666,0.03060499999999995,4.216666666666667,525.13671875,529.2421875,101455.10250000001,-1.9285653125e-06,0.856281275,275.68106624999996,427.5907946781733
2022-04-22 13:00:00,11.924612000927205,1.1644722343327016,55.43516380641581,785.9060999999999,701.0021,630.2142,249.97873666666663,0.98445,0.00030333333333332495,0.00101666666666665,0.0003,0.002944999999999975,0.0095016666666666,10.5,727.45703125,727.73828125,101361.89937500001,-1.197651725e-06,0.0,255.96732500000002,681.8824163969795
2021-10-16 16:00:00,-8.589403018842617,0.6897100183832652,16.619781187206584,1327.1372000000001,1197.2643,1197.2642,271.443715,2.09678,0.000865,0.0015383333333333252,0.0002,0.004986666666666625,0.01221499999999995,0.0,1112.5586125,1126.6367,100690.178125,-2.185959625e-06,0.0,245.53646875,1150.8629989212513
2021-10-12 14:00:00,-7.091951953457417,0.7586133876228277,29.40831098174145,1206.673,1057.7706,1057.7706,264.9841916666667,3.203596666666667,0.00341666666666665,0.00159666666666665,0.0006033333333332999,0.020088333333333274,0.01676166666666665,0.0,1063.00005,1060.9921875,101170.22125,-3.7621649e-06,0.0,267.2534025,1014.7428982380438
2021-11-22 16:00:00,-19.980892348271666,0.6651565079593724,6.47781433033054,1386.775,1182.5415,709.6252,256.6241166666667,11.563744999999999,0.001633333333333325,0.0016483333333333,0.0001,0.018709999999999977,0.02639666666666665,87.38333333333333,1104.0859375,1121.765675,100669.52437500001,-1.5546393250000001e-06,0.9342041125,272.616955,373.3603020496224
2021-10-18 11:00:00,-9.326646848826442,1.7312010923109908,67.57683059084688,527.9822,433.7081,82.93029999999999,271.5098683333333,2.607406666666667,0.0007,0.0015849999999999749,0.0001,0.00644166666666665,0.012026666666666625,100.0,450.83203125,496.14453125,102203.94,-1.7305719375e-06,0.81217575,273.25880375,341.9813016900396
2021-07-31 18:00:00,18.46914579768178,1.0716088926879004,51.93553676957166,848.0036,716.8591,670.4129,285.945385,4.600268333333333,0.002573333333333325,0.0005,0.001423333333333325,0.012508333333333324,0.034409999999999975,5.433333333333334,497.0390625,623.2890625,101208.72125,-1.2031814875e-06,0.0,257.2912675,710.2409205321826
2021-07-01 16:00:00,23.177188441312605,0.9794722124434941,47.57739964997571,925.4123999999999,836.0917,836.0917,258.54575666666665,0.5077433333333333,0.0024,0.0004,0.002768333333333325,0.017959999999999976,0.042503333333333275,0.0,785.7754,786.09375,101544.76625,-2.72109175e-06,0.0,239.96323625,806.2207838906867
2021-10-09 18:00:00,-5.952169923211082,0.8416248719578012,38.26374757034149,1084.331,927.3739,629.1254,265.11319833333334,6.29973,0.00145666666666665,0.0002,0.0013,0.011769999999999975,0.020914999999999975,73.85,752.25390625,814.0859375,100192.890625,-1.728418325e-06,0.43358992375,247.7591625,802.7436174038115
2022-03-02 18:00:00,-7.499171310722627,0.7801708317050119,32.106995232783284,1177.0183,973.1505999999999,561.1801,256.87926500000003,14.944968333333332,0.0030349999999999752,0.0005,0.0001,0.05063999999999998,0.03464999999999995,97.6,683.02734375,881.203125,101214.88187499999,-3.1608156874999996e-05,0.73049545,280.383575,1060.697590794678
2022-02-07 16:00:00,-15.562345168274216,0.6691144036677601,8.982909815907613,1385.5506,1182.1376,1157.1626,254.59313,10.275143333333332,0.0023,0.00233166666666665,0.0001,0.02548166666666665,0.04920166666666662,0.7333333333333333,912.390625,1139.8945125,101705.34375,-0.0001451737775,0.01667404125,280.1804775,1166.4868752247392
2021-12-23 20:00:00,-23.424371287267974,1.1882839079670424,56.223181695088535,769.113,611.0554999999999,75.47970000000001,244.975955,17.14548333333333,0.0007,0.0,0.0,0.008935,0.0052,100.0,272.11328125,476.59375,101227.27249999999,-1.8260849e-05,0.04335021875,279.77355625,561.5947500898957
2021-07-19 20:00:00,21.003003804078357,2.4022413524223154,74.0530386350151,389.2155,295.2706,282.1278,265.66885833333333,3.4599149999999996,0.003919999999999975,0.001088333333333325,0.0021,0.030016666666666626,0.035274999999999945,16.066666666666666,198.353515625,198.62109375,101095.56875,-5.029432925000001e-07,0.0007820129375,263.53668125,296.6091334052499
2021-07-08 15:00:00,22.580541066900103,1.0076719733509898,49.02720748408296,900.9979,795.2601,795.26,269.8111916666667,1.329195,0.00412499999999995,0.001625,0.0021,0.027219999999999953,0.0512233333333333,0.0,767.1113437500001,767.4238437500001,101690.03812499999,-2.6868073875e-06,0.0,262.23963000000003,755.1528227256382
2022-01-30 20:00:00,-17.886215231561284,1.140359192771962,54.59545353741555,803.2145,644.9485,62.2823,256.78443500000003,12.57006,0.0010383333333333251,0.0005,0.0002,0.01383166666666665,0.047924999999999954,100.0,288.265625,511.35546875,101015.56937499999,-3.6288954875e-05,0.66624833125,281.4386,517.477526069759
2021-06-06 19:00:00,22.575969425671758,1.5985726015865964,65.59811761349074,573.0648,486.284,482.1105,261.24561166666666,1.3612250000000001,0.002874999999999975,0.00079,0.001043333333333325,0.01427,0.03599999999999995,1.0,368.87109375,374.6171875,100929.50687499999,-8.84232575e-07,0.0,244.426305,428.7126932758
2022-02-14 15:00:00,-13.292165303316013,0.7006111475893059,19.385583770543317,1322.2027,1120.8147999999999,1021.0281,261.07916666666665,11.461856666666666,0.001638333333333325,0.0015,0.0,0.020818333333333276,0.05734666666666663,38.2,1063.9336250000001,1110.06245,101386.43062500001,-0.0001170785125,0.06698227,280.05610625,1087.0262495505212
2021-07-17 17:00:00,21.345575275899424,0.988917965890967,48.075927308081056,917.6425,804.844,759.0160000000001,265.95775333333336,1.8784283333333334,0.0022,0.0012683333333333249,0.00750333333333325,0.0236133333333333,0.04866999999999995,4.683333333333334,720.76171875,721.97265625,101693.59625,-1.8634018125000002e-06,0.7458229125,263.349175,805.7605177993528
2021-09-30 12:00:00,-2.476939456228148,1.2461229963944378,57.985737659047906,735.585,610.8991,609.1434999999999,265.50043166666666,3.92925,0.003489999999999975,0.00242666666666665,0.0009,0.021166666666666625,0.022651666666666626,0.0,661.265625,661.1875,101466.44,-1.8610735125e-06,0.0,270.34589875,589.6458108594031
2021-11-20 10:00:00,-19.530779184666265,3.044915477789301,77.48772509599364,333.2474666666667,242.63400000000001,58.6224,269.18454,6.245388888888889,0.001,0.0027244444444444334,0.0001,0.011048888888888832,0.0201933333333333,78.08888888888889,237.4375,309.25,102038.06,-7.15372155e-07,0.1401062,276.076725,175.40453074433654
2021-11-27 14:00:00,-20.996845647858695,0.7206728264982368,23.50398555026781,1281.9659,1110.6958,1110.6958,265.77447166666667,6.29547,0.000643333333333325,0.0003,0.0001,0.0067783333333333255,0.00768666666666665,0.0,1096.7538749999999,1100.9297000000001,100902.359375,-4.9822265625e-05,0.1857109125,265.01339875,1084.7177274361738
2021-06-27 17:00:00,23.369605731633786,1.0331461841648124,50.24394593119767,878.0536999999999,789.16,729.685,266.96543833333334,0.9127116666666666,0.000938333333333325,0.00046,0.0017,0.00724166666666665,0.022481666666666626,35.96666666666667,692.55078125,706.17578125,100765.90875,-2.0313600625e-06,0.265773775,242.91860624999998,667.7508090614887
2022-01-27 19:00:00,-18.67182297963725,0.8739072942143455,40.8744992827097,1056.1523,860.1659999999999,167.80800000000002,261.7628516666667,17.688171666666666,0.0029,0.0,0.0001,0.032264999999999974,0.011134999999999975,100.0,285.40234375,739.0546875,101779.40625,-3.322968375e-05,0.89307403375,278.85373125,569.9568500539374
2021-11-13 21:00:00,-17.773343755449314,2.465826609939348,74.47556786524464,398.0505333333333,296.83666666666664,291.20453333333336,260.4055711111111,6.026575555555556,0.00234,0.0065044444444444,0.0001,0.014873333333333301,0.0256933333333333,4.711111111111111,172.890625,177.0078125,100812.90625,-1.66590325e-06,0.017875671,276.83606249999997,302.9437852091574
2021-06-06 15:00:00,22.575969425671758,0.9989874384547827,48.59286243222162,906.6723999999999,794.7393,794.7392,264.4880983333333,1.9275016666666667,0.00300666666666665,0.00086166666666665,0.001548333333333325,0.018109999999999973,0.046068333333333294,0.0,763.296875,766.666025,101427.93125,-2.0877923499999997e-06,0.0,255.46581124999997,798.6443725278676
2021-09-16 12:00:00,2.958950114236246,1.3939297209811938,61.71468175488497,660.041,537.2017,390.8693,279.95095,4.387246666666666,0.003824999999999975,0.000473333333333325,0.00182666666666665,0.027999999999999976,0.03569166666666665,100.0,533.796875,589.6250125,102108.884375,-1.4100223374999998e-06,0.9187469524999999,274.1513175,444.4066882416397
2021-09-08 18:00:00,5.997602243167686,0.9140415304862183,43.7038437663912,993.8134,884.8129,482.2033,274.3843983333333,1.18766,0.00385166666666665,0.0021116666666666497,0.00169999999999995,0.02525,0.05962499999999995,100.0,739.6933750000001,770.859375,100617.953125,-1.5543191999999999e-06,0.260513306125,246.95804875000002,825.5034160373966
2021-05-30 17:00:00,21.65366402283894,1.0085411739085368,49.0701114481828,897.5547,785.3771,606.4818,256.8866433333333,1.6970416666666668,0.004464999999999975,0.0017,0.0038683333333333,0.027059999999999973,0.056749999999999974,100.0,682.58984375,715.2265625,101360.7875,-1.6545818375e-06,0.9846572849999999,248.052585,646.8015102481121
2022-03-28 17:00:00,2.6873378451490937,0.7701802871186975,30.901488445989852,1186.2060999999999,1047.5163,1047.5164,257.95428499999997,2.930835,0.0003,0.0,0.0001,0.00316,0.007279999999999975,0.0,972.015625,972.203125,101152.509375,-4.4267798625e-06,0.0,261.34657000000004,1016.432937792161
2021-12-04 13:00:00,-22.13925604196169,0.8327336870210879,37.48080542030439,1108.808,917.638,530.471,263.45836833333334,15.209375000000001,0.0009,0.00078166666666665,0.0001,0.014693333333333301,0.017746666666666626,100.0,148.546875,911.51171875,102004.490625,-7.1005050625e-05,0.90997696875,280.028895,858.1067961165048
2021-09-30 11:00:00,-2.476939456228148,2.0757009619137117,71.45491068265723,443.53340000000003,341.93899999999996,209.8425,265.63621,4.3019549999999995,0.003645,0.0025,0.0009,0.022426666666666602,0.021673333333333326,50.83333333333333,413.1171875,413.2734375,101606.50875000001,-1.82876825e-06,0.0,274.5169725,312.6033800791082
2021-11-08 21:00:00,-16.35975054890701,2.570955159883401,75.12662422822041,383.9776,280.7964,24.36,273.99837333333335,7.752642222222222,0.0026999999999999997,0.0028222222222222,0.0002,0.0222,0.017395555555555536,100.0,160.453125,171.3984375,100962.19,-3.152526925e-07,0.0112838745,276.3370175,126.6259139398298
2021-09-22 21:00:00,0.6376320969376367,3.7419364087819633,79.85169586757559,323.8896,229.1572,21.2376,278.94178999999997,5.50271,0.0033699999999999997,0.0016,0.0009,0.0304433333333333,0.0441833333333333,100.0,91.91796875,130.1796875,100629.0075,-5.711277500000001e-06,0.94393920625,260.86849875,137.94318590435094
2021-06-17 19:00:00,23.368867490578037,1.6091741399102149,65.76946138990478,570.7064,486.2528,482.19669999999996,244.6084833333333,1.6195533333333334,0.00131,0.0004,0.0011,0.0107583333333333,0.018028333333333327,2.066666666666667,366.69921875,370.68359375,100951.875,-7.302442225e-07,0.0,255.290755,461.43473570658034
2021-06-03 19:00:00,22.219372079272322,1.58909045647813,65.44272795679501,575.995,486.14300000000003,486.1431,266.30338333333333,1.1068,0.003628333333333325,0.00116,0.002773333333333325,0.022053333333333328,0.056498333333333275,0.0,376.4921875,378.15625,101006.03812499999,-9.1720719e-07,0.10196304375000001,241.377145,454.00035958288385
2021-11-07 14:00:00,-16.06266126691407,0.7243302649067009,24.16096001934289,1270.5162,1109.3101000000001,955.3963,278.9839283333333,4.65048,0.001138333333333325,0.00053,0.00015166666666665,0.00953,0.0102166666666666,45.43333333333334,1078.68745,1091.4491874999999,101163.81937499999,-7.219496375e-06,0.11881255875,270.05463125,1072.2941387989931
2022-02-24 19:00:00,-9.749847095018675,0.9139866805695611,43.700243450339165,1002.0501,823.637,70.2264,254.518105,12.322816666666668,0.0019,0.00345,0.0001,0.028559999999999974,0.045473333333333275,100.0,348.91015625,705.63671875,101135.60250000001,-1.3537495625e-05,0.9974327187500001,278.1857025,855.0952894642215
2022-01-26 15:00:00,-18.92240212955681,0.6877158465410986,16.053481325513456,1349.2667999999999,1130.6124,864.5322,258.35215666666664,17.157331666666668,0.000938333333333325,0.0,0.0,0.0194383333333333,0.01997499999999995,86.8,878.96875,1116.8438,101332.85250000001,-5.0016708e-05,0.3986740125,280.8845225,906.9075871988493
2021-12-10 14:00:00,-22.840630034428266,0.7249999146056659,24.278728751879747,1276.3749,1074.5905,573.2206,253.9373733333333,13.950603333333333,0.001,0.0005983333333333,0.0001,0.014333333333333326,0.010251666666666624,96.06666666666666,866.765625,1064.7070625000001,101217.80562500001,-9.419504125e-05,0.895736685,281.357945,569.6601941747573
2021-07-02 16:00:00,23.11206262226696,0.9782416824248482,47.51145109678635,926.6285,840.8983000000001,840.8983000000001,260.2863033333333,0.6407333333333334,0.001033333333333325,0.0003,0.001495,0.009141666666666624,0.017136666666666626,0.0,784.45703125,784.76953125,101617.03125,-3.0437367375e-06,0.0,240.99773125,808.2704063286587
2021-07-18 14:00:00,21.177287444932837,1.124019777964341,54.00071960854436,811.5103,692.8176,691.5715,267.7299333333333,2.4673100000000003,0.006696666666666649,0.000755,0.00218,0.029294999999999974,0.0373133333333333,0.0,705.0351499999999,706.718725,102355.375,-2.0122679249999998e-06,0.18872833125,267.0033375,676.8896080546565
2021-12-18 18:00:00,-23.35461933037622,0.7614216703798868,29.781287860908506,1213.3798,1021.0227,905.9644,258.20940333333334,11.782801666666666,0.0017,0.0003,0.0,0.0217683333333333,0.016043333333333326,18.316666666666663,852.85546875,922.484375,101151.109375,-1.1449563e-05,0.00024032592749999998,272.6394625,1031.80690399137
2021-09-12 18:00:00,4.488693923545192,0.9021208924851144,42.90526559238305,1007.4456,870.3512000000001,443.1651,277.40174333333334,2.838871666666667,0.0037,0.0010500000000000002,0.0030483333333333248,0.02860666666666665,0.05025,100.0,763.37109375,767.8984375,100398.8275,-1.8470164125e-06,0.7325401275000001,246.60477875,459.33656957928804
2021-12-10 11:00:00,-22.840630034428266,1.5472387721491052,64.7316515195031,588.4989,452.9492,98.1489,253.253,14.563141666666667,0.00105166666666665,0.001225,0.0002,0.014386666666666624,0.0138866666666666,100.0,322.55859375,500.15625,101648.609375,-4.0733575625e-05,0.93923949,280.59939875000003,145.37576411362818
2021-05-22 16:00:00,20.225817502480506,0.9295084428689792,44.69320835082362,973.13,884.0131,884.0133000000001,265.03465,0.7919616666666667,0.0007,0.0002,0.00080666666666665,0.0055,0.0136133333333333,0.0,824.1875,827.98828125,101015.96187500001,-1.0797520875e-06,0.0,240.30527125,854.9622437971952
2021-08-03 18:00:00,17.717056492932677,1.0577330152826963,51.344036113185695,858.8598,710.6723,686.116,283.67379166666666,7.156610000000001,0.00361166666666665,0.0009,0.0038,0.029208333333333274,0.06315666666666665,14.166666666666664,442.45703125,622.015625,101687.625,-3.8653378749999995e-06,0.63883971875,268.24410375,550.2606975907946
2021-12-02 15:00:00,-21.84754604183108,0.6714008031615516,10.143601212889761,1377.4539,1191.4224,1191.4222,267.345465,7.536006666666666,0.000883333333333325,0.001304999999999975,0.0001,0.011511666666666625,0.015159999999999976,0.0,1121.84375,1153.87495,101086.196875,-6.831047375e-06,0.245002748125,275.34103000000005,1197.0693994965839
2022-04-20 17:00:00,11.241196996341696,0.8539715153016867,39.302826919053956,1063.7263,954.0616,899.147,245.76913166666662,1.6907333333333334,0.0007,0.0007083333333333249,0.0001,0.006333333333333325,0.02001999999999995,27.3,868.328125,868.65625,100852.3775,-2.0903535375e-06,0.10574340624999999,243.73857375,897.6627112549443
2021-05-03 17:00:00,15.432596053257022,0.9087357332813577,43.35244380459327,996.4695999999999,885.4227,885.4227,243.2379883333333,1.80445,0.0012,0.0002,0.004009999999999975,0.012636666666666624,0.0320233333333333,0.0,807.80078125,808.07421875,100759.759375,-1.2006202875e-06,0.0,243.99246374999998,851.977705861201
2021-11-11 12:00:00,-17.222734070984142,1.0494093544117096,50.979288541357846,875.3144,721.9366,411.07309999999995,272.64817,8.59545,0.0021616666666666503,0.00183666666666665,0.0004,0.0158933333333333,0.022558333333333326,68.8,499.8125,748.359375,101851.509375,-4.6921806375e-05,0.0,278.64660625,698.0025170801869
2021-07-19 18:00:00,21.003003804078357,1.1256163423088663,54.059792483323136,808.4054,684.783,684.783,266.56443666666667,3.0580333333333334,0.0031783333333333,0.000955,0.00207666666666665,0.0281883333333333,0.03301833333333332,0.0,596.328125,596.671875,101114.84625,-1.7829006375e-06,0.0,260.9599925,684.5864796835671
2021-10-11 14:00:00,-6.713437096439046,0.760770820639619,29.69547011429729,1203.0508,1069.7531,1069.753,267.49416833333333,2.3395633333333334,0.002469999999999975,0.001909999999999975,0.00153166666666665,0.015629999999999977,0.022586666666666626,0.0,1001.3242375,1043.7421875,101543.71875,-3.3004908125000003e-06,0.0,274.1046675,1013.4483998561668
2021-12-30 20:00:00,-23.19418976492388,1.1681913140962656,55.560853377304234,783.9409,629.6881000000001,226.83960000000002,252.29082833333334,12.32537,0.00093,0.000365,0.0004,0.015416666666666625,0.02239499999999995,96.06666666666666,483.95703125,507.75390625,101085.8775,-3.7330378e-05,0.310764315,279.7816425,598.5257101761956
2021-12-20 20:00:00,-23.405930796463227,1.1981313424230045,56.537871914104514,762.0516,601.989,468.04630000000003,249.20871333333332,16.191435,0.002339999999999975,0.0,0.0,0.023508333333333298,0.0080516666666666,74.68333333333334,299.8203125,471.140625,101198.18125,-3.1456293e-06,0.5915145875,277.4941125,656.5605897159295
2022-01-05 15:00:00,-22.69589488082858,0.6792147387953585,13.33487147141536,1366.3158,1164.0477,921.8396,258.3061,11.270024999999999,0.0011816666666666499,0.0008666666666666499,0.000365,0.014771666666666624,0.02584499999999995,16.966666666666665,829.828125,1141.1562,101436.165625,-3.7967227375e-05,0.062667845,276.4773,1120.3865516001438
2022-01-20 11:00:00,-20.300057321192305,1.8747635645353549,69.37836902529207,479.84069999999997,360.35450000000003,35.2849,254.42942833333333,12.552318333333332,0.001,0.0001,0.0001,0.017666666666666626,0.01206666666666665,100.0,390.93359375,424.1328125,102141.771875,-4.0231214375e-05,0.050548554375,280.66483125,116.95972671700827
2021-06-14 15:00:00,23.234160110071496,1.0137365810431789,49.32445243994633,893.9486,801.9814,801.9815,247.40652666666665,1.0024116666666667,0.0013,0.0002,0.0017,0.01435,0.02004666666666665,0.0,777.8144374999999,778.1659999999999,101761.5375,-2.1675659875e-06,0.15281677500000002,251.11178875,792.2833513124775
2021-10-20 17:00:00,-10.055061249212018,0.7249091825916928,24.262816242351878,1262.6214,1129.4495,1129.4492,280.53396666666663,2.3794416666666667,0.0005366666666666499,0.001884999999999975,0.0001,0.00291166666666665,0.009946666666666625,0.0,1017.65234375,1026.90234375,100484.14749999999,-2.802902625e-06,0.0,254.75654875,1100.6292700467457
2021-10-14 15:00:00,-7.8442141660105555,0.6988949763175487,18.981466911344125,1309.8236,1200.242,1200.242,274.165525,1.1791066666666667,0.0007,0.001415,0.0003,0.0043,0.0137133333333333,0.0,1148.5313,1149.6953125,100533.671875,-3.024470025e-06,0.0,243.66864125,1145.1276519237683
2022-01-01 20:00:00,-23.058629169260467,1.1632434368797953,55.393416910724994,787.6663,650.8977,575.2561000000001,256.9019,6.641318333333333,0.0003,0.001448333333333325,0.0001,0.0037533333333333,0.019116666666666626,16.23333333333333,475.67578125,521.91015625,100313.91500000001,-3.188490625e-05,0.03227233875,267.689975,644.1513843941028
2021-06-16 14:00:00,23.330833093414007,1.15384579483233,55.070492484724575,788.2364,682.3327,650.002,240.25503166666667,2.3731566666666666,0.0011,0.0003,0.0017,0.00946,0.020064999999999975,0.49999999999999994,679.16600625,684.60350625,101820.28812499999,-1.8581340375e-06,0.0,265.5776625,670.1348435814455
2022-01-20 17:00:00,-20.300057321192305,0.6802845152611174,13.710018861242862,1364.6043,1161.3607,440.4166,256.55241666666666,12.328861666666667,0.0006,0.0001,0.0,0.0095,0.0084983333333333,63.833333333333336,861.41796875,1082.7226249999999,101460.31875,-0.00010451895500000001,0.048660277749999994,279.6527425,725.8683926645092
2021-10-13 19:00:00,-7.46891326631733,1.046323939073306,50.84212479318174,871.1768,737.4073,370.4539,269.75494333333336,4.799859999999999,0.0012,0.0007066666666666499,0.0001,0.008479999999999975,0.0116383333333333,100.0,562.8671875,607.26171875,99908.515625,-1.1888333e-06,0.3072509775,254.08915000000002,576.3502337288744
2022-03-20 12:00:00,-0.4610330930446514,1.453563540471462,62.97361994674706,635.7639,499.731,227.8478,251.628415,9.357769999999999,0.0015966666666666501,0.0004,0.00023666666666665,0.0202433333333333,0.06310666666666664,97.5,366.8984375,551.59765625,101974.015625,-9.458454e-06,0.54431915625,278.2684,520.361380798274
2022-02-08 11:00:00,-15.250505772288365,2.132124033634385,71.9636396050061,424.2778,306.6962,65.563,263.135845,10.411025,0.0019,0.0029033333333333246,0.0001,0.0252033333333333,0.05616666666666663,100.0,187.421875,386.5390625,102114.24312500001,-3.0160533125e-05,0.0,279.21417,57.22222222222222
2021-07-17 18:00:00,21.345575275899424,1.1340267380470619,54.36751819127023,802.5635,690.9732,655.9996,265.2659033333333,2.1803383333333333,0.0022,0.0012,0.0068633333333333,0.022549999999999952,0.046579999999999976,10.65,588.8984375,591.2578125,101652.290625,-1.3975077250000001e-06,0.7155380124999999,262.5842975,684.2664509169363
2022-04-19 11:00:00,10.894860095244674,3.6176340288034363,79.49807414334629,337.5616,261.7788,196.2466,242.37879666666666,2.6206433333333337,0.0006,0.0009,0.0003,0.0067,0.014346666666666601,34.36666666666667,315.203125,333.57421875,101829.16312499999,-1.03810452625e-06,0.09365081875,271.86381374999996,242.3948220064725
2021-12-23 18:00:00,-23.424371287267974,0.7573939983112619,29.244142320855634,1221.0941,1017.0465,438.3814,246.11089,17.199716666666667,0.00063666666666665,0.0,0.0,0.008644999999999976,0.005278333333333325,57.1,536.5703125,906.68359375,101346.859375,-3.2608571625e-05,0.0004692077625,279.6659875,345.58432218626393
2021-11-01 12:00:00,-14.189249384945942,1.0689508369125513,51.82378807863295,858.0871999999999,711.8872,413.4191,273.99221166666666,7.5183583333333335,0.0017483333333333248,0.00048666666666665,5.666666666666667e-05,0.013963333333333324,0.012694999999999974,51.46666666666666,730.21484375,753.1015625,101847.603125,-5.0295785125e-06,0.0,276.35966375000004,536.5677813736066
2022-02-12 21:00:00,-13.960779933652848,1.8573030915563822,69.1752431219479,482.06410000000005,360.2307,32.016,257.9247066666667,11.458481666666668,0.0015,0.000559999999999975,0.0,0.016803333333333274,0.04478499999999998,100.0,156.390625,241.54296875,101366.60062499999,-1.65779780625e-05,0.87757873625,280.09913125,166.94354548723481
2021-07-17 12:00:00,21.345575275899424,2.3849075923456007,73.9337862790421,395.4427,324.93219999999997,197.0039,267.9402,0.6851400000000001,0.001436666666666625,0.001133333333333325,0.0045833333333333,0.01578999999999995,0.03333166666666662,97.0,375.43554875,376.60742375,102344.77875,-7.7445295e-07,0.4472503625,260.27326875,299.4318590435095
2021-08-19 12:00:00,13.034054821227372,1.833594038081406,68.89277607767467,508.62239999999997,437.4905,436.0024,270.427225,0.31364499999999995,0.00139166666666665,0.0004,0.0011799999999999998,0.0062033333333333,0.03967833333333333,0.0,490.54883125,490.90819375,101926.103125,-7.25212875e-07,0.0,251.18073125,419.0219345559151
2022-01-22 11:00:00,-19.865473276652246,1.8990905515438017,69.6547141313921,473.7588,348.001,265.615,267.4781683333333,13.990296666666666,0.00272666666666665,0.0,0.0,0.0356133333333333,0.010623333333333275,47.68333333333334,402.015625,421.3359375,101527.228125,-3.222937875e-05,0.04863739125,279.88013,332.3211075152823
2021-09-11 12:00:00,4.868093435556078,1.4587886107978065,63.07837486762489,631.9485,543.8628,492.5931,275.929485,1.11213,0.0027,0.000753333333333325,0.00119166666666665,0.01707999999999995,0.029666666666666626,18.25,594.8144562499999,595.195325,101848.68062500001,-1.4772522625e-06,0.0,255.62325,515.6418554476807
2021-12-20 19:00:00,-23.405930796463227,0.9053372075101412,43.12397750215616,1016.7435,829.2957,450.2953,249.84707666666665,16.39591,0.0025399999999999997,0.0,0.0,0.025624999999999974,0.008536666666666625,93.48333333333333,403.85546875,706.3671875,101204.93062500001,-5.06005005e-06,0.4042434675,278.10165750000004,876.3070837828119
2021-10-27 12:00:00,-12.521944252047032,1.0842773905091623,52.45834914434736,845.3859,703.6893,663.7588000000001,292.62637666666666,5.192898333333334,0.003338333333333325,0.000724999999999975,0.0001,0.0269333333333333,0.020574999999999975,18.333333333333332,742.4921875,749.5625,102169.640625,-1.3047246875e-06,0.06365203875,269.29309,679.0165408126574
2021-12-04 20:00:00,-22.13925604196169,1.2613571644309083,58.417792027129686,719.9988000000001,567.9339,274.0315,258.52621666666664,15.973578333333332,0.0008,0.0005,0.0,0.010323333333333299,0.0165033333333333,100.0,211.46875,425.5859375,101534.06937499999,-1.8424354499999998e-05,0.92002868625,280.41691749999995,303.51312477526074
2022-02-06 18:00:00,-15.869710715406242,0.7471788905741272,27.81213582954749,1237.3525,1057.5875999999998,1042.6419,257.2097333333333,7.904555,0.0014,0.0014333333333333,0.0,0.015144999999999974,0.0325183333333333,23.616666666666667,784.375,956.984375,101530.96187500001,-0.0001015941975,0.0013542175,277.706725,1037.9719525350592
2021-10-06 14:00:00,-4.801239619491075,0.7725880171715568,31.19871622422878,1183.7475,1021.0145,1021.0145,266.8526783333333,5.632146666666666,0.002664999999999975,0.0019450000000000001,0.0004,0.016886666666666626,0.026896666666666624,0.18333333333333332,889.4765625,1019.96095625,100977.15,-3.4281401874999998e-06,0.726402285,261.33496249999996,988.0079108234447
2021-12-06 20:00:00,-22.402341078636915,1.2525792873202388,58.170374145043546,725.4973,575.9069,151.8585,258.8533116666667,15.230121666666667,0.0006,0.0001,0.0,0.006634999999999975,0.00545,100.0,260.328125,433.9453125,101749.078125,-2.5003770375000003e-05,0.8480835,280.440725,297.98274002157495
2022-03-12 12:00:00,-3.618856729348031,1.4103723160794899,62.07391649741578,655.1717,526.4403,288.321,259.1677466666667,8.506665,0.00121666666666665,0.00045,0.0001,0.012519999999999976,0.009174999999999975,96.51666666666667,280.86328125,580.6953125,101905.7125,-9.4660500625e-06,0.06697845475,275.84055,478.2272563825962
2022-02-20 13:00:00,-11.202805231933917,0.954790010187936,46.20772249711052,968.2116000000001,808.6296,588.8325,256.78121833333336,8.003361666666667,0.001163333333333325,0.0007,0.000165,0.0187633333333333,0.03211666666666663,25.349999999999998,770.78125,854.5390625,101375.803125,-4.5739405375e-05,0.0,275.6604175,723.4286227975548
2021-11-19 15:00:00,-19.296742271078454,0.6717961902599606,10.330483272581422,1373.252,1195.3237,1195.3237,272.66256666666663,6.145661666666667,0.0008,0.002095,0.0002,0.009686666666666625,0.02164166666666665,0.0,1036.58205,1157.1367,101364.8125,-1.2468663e-06,0.71998976375,268.71768375,1176.195613088817
2022-02-23 18:00:00,-10.117057019753185,0.7666297034393492,30.454947757499237,1200.3856,1007.3140000000001,719.0756,253.489735,13.1443,0.0012749999999999999,0.0004,0.0001,0.017496666666666626,0.020549999999999926,92.3,866.125,913.50390625,100900.91312499999,-2.67465075e-05,0.21789550625,276.4427375,866.5623876303487
2022-01-07 15:00:00,-22.46938536754984,0.6798793744093379,13.569280705185005,1365.0555,1151.1897,911.4564,263.02459999999996,13.35735,0.0021,0.0016066666666666501,0.0003,0.034644999999999954,0.03499499999999995,30.633333333333333,989.10939375,1139.609425,101240.46187500001,-5.1068375125e-05,0.0074539182625,277.3251625,1137.1898597626753
2022-01-25 20:00:00,-19.167159414951204,1.1368231925764565,54.468568933778876,806.5349,645.4390000000001,92.7527,261.85074833333334,13.435413333333333,0.0015,0.0,0.0001,0.0244933333333333,0.025458333333333298,100.0,418.22265625,520.82421875,100990.93125,-2.8128235499999997e-05,0.5562286249999999,277.8056375,112.54764473211074
2021-12-24 19:00:00,-23.41488559973962,0.8991790445726466,42.70305010495212,1024.7121,835.6252,680.9101,248.7448,16.77345,0.002,0.0,0.0,0.028015,0.007605,76.41666666666666,481.63671875,713.7265625,100980.765625,-3.18012315e-05,0.72052001875,280.89560125,121.25494426465299
2022-03-28 16:00:00,2.6873378451490937,0.742251843958332,27.081882572750008,1233.1085,1089.4357,1089.4357,257.75087333333335,3.14654,0.0003,0.0,0.0001,0.003033333333333325,0.00706666666666665,0.0,1045.16796875,1045.39453125,101349.79000000001,-5.305599125000001e-06,0.018024444375,263.1201,1069.6332254584681
2022-04-21 15:00:00,11.584477881689722,0.8401843292249149,38.138941399755865,1083.4194,961.0974,900.3538000000001,246.56844999999998,2.160435,0.0008,0.001163333333333325,0.0002,0.009643333333333325,0.04811666666666663,100.0,926.35546875,937.53125,101142.50625,-2.3873289375e-06,0.349174495,258.9342575,881.1578568860123
2021-10-26 11:00:00,-12.17831133185726,1.6401571071115337,66.25626303170125,556.9575,449.8105,251.7318,293.6914,4.33736,0.0012,0.0005,0.0001,0.0064,0.01168,89.45,515.234375,514.9921875,102471.8125,-8.9599053125e-07,0.0,270.51779750000003,411.51743976986694
2021-06-21 15:00:00,23.452046074516133,1.0200825800769902,49.630318595298064,888.887,786.9331999999999,581.3658,265.1227,1.6157766666666666,0.0012,0.0002,0.0011733333333333248,0.015548333333333275,0.021678333333333275,100.0,758.4941249999999,762.1054750000001,101705.796875,-2.3089232625e-06,0.3753204325,257.58326999999997,577.3552678892485
2021-11-11 13:00:00,-17.222734070984142,0.8310055534279427,37.32503955964205,1107.6075,936.5933,762.8313,271.57984999999996,8.246441666666668,0.00228666666666665,0.00191166666666665,0.0004,0.016458333333333276,0.022623333333333325,9.416666666666668,775.0546875,944.83203125,101712.265625,-4.809710675e-05,0.016239166125,278.60653249999996,855.4153182308522
2022-02-22 11:00:00,-10.481698530653333,2.3521033172514496,73.70308619037748,388.2637,277.1847,125.9316,254.67619499999998,12.41978,0.0013,0.0019,0.0003,0.022241666666666625,0.04229833333333328,100.0,82.3828125,346.7734375,102047.84375,-1.825910325e-05,0.9530639875,280.78585625,187.29953254225097
2021-11-16 12:00:00,-18.55994333065872,1.0446367483002668,50.76666330877613,879.8977,730.0781,730.0781,265.9330166666667,7.486658333333333,0.001493333333333325,0.0033483333333333247,0.0001,0.0131983333333333,0.023139999999999973,0.0,746.47265625,760.16015625,101369.803125,-9.151117625e-07,0.298915855,276.52413125,567.5925925925925
2021-06-10 16:00:00,22.958939285626407,0.9760024394552163,47.39083548762966,927.3602000000001,829.4589,829.4589,253.561415,1.2978100000000001,0.00148166666666665,0.0014,0.002329999999999975,0.01119499999999995,0.02317499999999995,0.0,774.2675624999999,774.2675624999999,101902.30625,-2.0161387125e-06,0.0,253.77669875,819.5792880258899
2021-05-28 14:00:00,21.333052559931044,1.0969219641333412,52.96462554632494,827.8453,695.9498,281.6329,265.6045316666667,6.294816666666667,0.000499999999999975,0.0001,0.000329999999999975,0.0041133333333333005,0.010968333333333274,79.68333333333334,686.89453125,705.89649375,101431.38125,-2.2215826875e-06,0.0,266.5127575,419.21251348435817
2022-02-09 17:00:00,-14.934310707534713,0.6861940939726192,15.60558239833989,1349.2612,1163.7843,1151.298,264.37797333333333,7.3834349999999995,0.0009,0.003423333333333325,0.0,0.00979166666666665,0.05039666666666665,5.716666666666667,933.671875,1076.1757499999999,101344.45375,-0.00011500378375,0.19877243,282.65158875,1186.0751528227256
2021-12-14 14:00:00,-23.15892481426692,0.7270237024372069,24.63013101445996,1273.2495,1087.8553,717.6242,256.374925,9.074953333333333,0.000943333333333325,0.001553333333333325,0.00016333333333332502,0.01187166666666665,0.014888333333333274,95.43333333333334,766.1328125,1091.265675,101395.990625,-6.605277099999999e-05,0.9367714,276.43405125,698.5239122617763
2021-09-05 20:00:00,7.112243968801179,1.768120037862598,68.07029741893253,515.477,387.4962,387.4962,267.98797,6.12595,0.010789999999999975,0.00406999999999995,0.000948333333333325,0.06234333333333328,0.059,0.0,261.41796875,278.21875,100817.94625000001,-4.529138125e-07,0.0,271.06843125,403.0276878820568
2021-05-14 18:00:00,18.43034973210218,1.1078007042159432,53.38834557261604,818.0313000000001,714.7446,714.7446,247.35206,1.7991866666666667,0.001503333333333325,0.0008,0.002533333333333325,0.00999666666666665,0.0407183333333333,0.0,614.73828125,615.09375,101255.07875,-1.06575315e-06,0.0,256.39146,673.3099604458827
2021-09-13 16:00:00,4.107991960456648,0.7528643723097629,28.622037634307347,1208.6339,1067.4117,988.7884,279.1563883333333,2.576438333333333,0.00332666666666665,0.00084,0.00217166666666665,0.026109999999999974,0.05121,89.75,987.01171875,1010.5664375000001,100688.240625,-2.55843045e-06,0.64170075,261.88051375,1061.6145271485077
2022-04-22 19:00:00,11.924612000927205,1.26712597987758,58.5781765613888,716.3057,628.7715,628.7716,247.192165,1.42922,0.0003,0.0004,0.0002,0.00280666666666665,0.007978333333333325,0.0,499.1328125,499.62890625,100465.58499999999,-8.2151565e-07,0.0,243.12055375,574.487594390507
2021-11-27 21:00:00,-20.996845647858695,2.2061163337411798,72.58932465911145,401.106,298.4586,104.90129999999999,264.38482166666665,10.037218333333334,0.000565,0.00028833333333332496,0.0001,0.0073033333333333,0.0089083333333333,59.583333333333336,121.76953125,183.2109375,100349.06937499999,-6.307236600000001e-06,0.5686721837500001,270.0451,271.5192376842862
2021-09-25 16:00:00,-0.5297921459661097,0.7242603835360416,24.148626565698375,1258.749,1123.9571,1123.9569999999999,270.13609833333334,2.26008,0.0031,0.001425,0.0007,0.020896666666666626,0.0289,0.0,1057.1210624999999,1064.089825,101334.41312499999,-9.2941916875e-06,0.0,244.47873625,1112.9090255303847
2021-10-06 16:00:00,-4.801239619491075,0.7038268235280833,20.116712210074468,1297.9335,1123.4674,935.5347,265.8190133333333,6.294853333333333,0.0028566666666666497,0.001935,0.0005,0.01952166666666665,0.031126666666666625,55.55,964.3125,1066.7461250000001,100641.946875,-3.9917066375e-06,0.065486906375,260.73211375,964.8795397339086
2021-08-26 16:00:00,10.690138206932069,0.8077345885861994,35.1016016021148,1124.3047000000001,1028.3905,1028.3905,279.27733666666666,0.5212383333333334,0.0032033333333333002,0.000659999999999975,0.001265,0.0153533333333333,0.04493166666666665,0.0,961.55078125,965.50390625,100941.19625000001,-1.6006524625e-06,0.0,248.60890874999998,1008.5400934915497
2021-06-10 19:00:00,22.958939285626407,1.6068548282145805,65.73218920166407,570.7096,483.19190000000003,482.5943,253.15496666666664,1.7564066666666667,0.0015,0.001788333333333325,0.00190166666666665,0.010544999999999975,0.023238333333333274,1.6666666666666667,367.75,371.55859375,101635.94,-7.8274751875e-07,0.0,253.18296875000001,455.58432218626393
2022-03-04 18:00:00,-6.733640141580796,0.7846892713685829,32.62933206602604,1169.5177,982.4625,683.9744000000001,256.965915,11.028786666666667,0.0024,0.0005,0.0002,0.02938499999999995,0.023751666666666626,31.9,808.1640625,887.8828125,100875.5875,-9.276962437499999e-06,0.3224678025,276.14944375000005,962.2096368212874
2022-03-16 17:00:00,-2.0419762587084924,0.7373282120148217,26.32334779678927,1243.5706,1060.2229,921.7868,251.38863833333332,9.214651666666667,0.0015500000000000002,0.0002,0.00032666666666665,0.02120999999999995,0.020688333333333274,50.916666666666664,953.76953125,995.60546875,101125.22750000001,-1.754195575e-05,0.47465515275,267.33728125000005,1115.1564185544767
2021-11-17 21:00:00,-18.811219532670908,2.3861355460771394,73.94229370669265,370.2902,265.6094,227.4502,258.7645816666667,10.371974999999999,0.0016,0.001635,0.0001,0.015861666666666625,0.037488333333333276,23.566666666666663,121.796875,157.86328125,101075.140625,-1.8178252624999998e-07,0.27117157000000003,278.16529875,218.91226177633945
2021-08-22 13:00:00,12.048172409254994,1.1937235451832808,56.397797606669755,769.2726,686.944,686.9439,262.17827666666665,0.4162,0.001695,0.0007,0.000573333333333325,0.0071133333333333,0.046849999999999975,0.0,716.6855375,717.0644374999999,101550.10250000001,-1.292530175e-06,0.0,252.4817525,669.0974469615246
2021-08-02 16:00:00,17.9726549263364,0.8943367561958087,42.36558578907876,1014.4388,867.3883000000001,845.2622,283.65297166666664,5.035416666666667,0.002448333333333325,0.0006149999999999749,0.0032,0.020419999999999976,0.0534583333333333,2.0,808.1425937500001,823.09765625,102217.86812500001,-1.2587115625e-06,0.09436416625,268.9881675,852.4631427544048
2022-01-12 20:00:00,-21.774833262915585,1.1430511098779863,54.691390319976506,802.866,642.684,642.684,253.70078333333333,10.44143,0.00438166666666665,0.0002,0.0001,0.041819999999999975,0.02636666666666665,0.0,474.6171875,522.94921875,101519.86,-3.7678081e-05,0.135948185,275.951995,609.8202085580726
2022-04-26 12:00:00,13.251870187254678,1.7428866464021917,67.73547281796219,529.086,450.384,288.1047,241.92847,1.2798033333333332,0.000783333333333325,0.0004083333333333,0.0006,0.00895,0.016523333333333324,79.36666666666666,491.94140625,508.3515625,101568.9,-9.155482875e-07,0.8061790424999999,257.17973374999997,433.80258899676375
2021-11-06 13:00:00,-15.761050291893833,0.8350417147271246,37.68698407235486,1101.1921,945.887,730.0073,280.27938,5.4516,0.0012,0.001,0.0001,0.009954999999999974,0.0111333333333333,68.93333333333334,804.3828125,949.5234375,101572.09625,-6.071321e-06,0.45594024375000003,275.29575,866.7170082704063
2021-05-20 12:00:00,19.810005539497073,2.0457824725041966,71.1731222423695,452.5116,373.3392,270.894,256.5844133333334,1.8106283333333333,0.001,0.0005983333333332999,0.0023,0.008433333333333326,0.0168266666666666,97.8,427.40625,427.98046875,101707.82125000001,-7.0460373125e-07,0.0,259.52975250000003,341.2693275800072
2021-09-25 12:00:00,-0.5297921459661097,1.2933337799005182,59.28553261942992,709.4615,601.2527,505.1296,274.16160666666667,2.1416833333333334,0.00345666666666665,0.001709999999999975,0.0009,0.02234999999999995,0.03361999999999995,27.75,624.43359375,648.8125,102201.56,-5.096080625e-06,0.0,268.5786375,574.2808342322905
2021-05-29 16:00:00,21.49645869329683,0.9503869075471549,45.952498316356596,951.8003,828.8392,701.7297,259.9308766666667,2.7224283333333332,0.0015383333333333252,0.0002,0.0037366666666666503,0.012443333333333325,0.026331666666666625,63.416666666666664,770.90625,781.15625,101561.75,-1.9189319375e-06,0.46897126375,257.509325,833.2434376123696
2021-08-13 16:00:00,14.911569018678192,0.8540163681894882,39.306505360586385,1062.6348,929.4347,929.4348,275.01285,2.876255,0.0019,0.00025,0.0015,0.017149999999999974,0.0276,0.0,873.29296875,879.5,101316.88125,-1.6685225874999998e-06,0.0,263.01172499999996,917.1700827040631
2022-03-28 11:00:00,2.6873378451490937,2.9855301829295193,77.23408044277554,352.36400000000003,268.96773333333334,169.62946666666667,255.62131555555553,4.062793333333333,0.0005,0.0002,0.0002,0.0054444444444444,0.0146422222222222,14.088888888888889,327.3125,345.546875,102321.5,-1.5189871499999997e-06,0.0,274.377775,254.75008989572098
2022-04-25 20:00:00,12.925228092035313,2.056501807772639,71.27507941408132,442.6495,367.8518,149.5572,242.1831083333333,1.5134883333333333,0.0007,0.00049,0.0006,0.007061666666666625,0.015033333333333275,87.41666666666667,232.703125,246.37890625,100728.59125,-3.451641625e-07,0.92432405,243.09418875,201.44911902193456
2022-02-25 12:00:00,-9.38018590845197,1.337135038432953,60.39539015178486,689.8398,538.2431,457.32320000000004,257.3243683333333,12.88422,0.0021,0.0005,0.0001,0.04322999999999995,0.03309999999999995,40.166666666666664,539.9609375,612.12109375,102056.09625,-1.8545950375e-05,0.21947479500000003,278.67762000000005,470.532182668105
2022-04-28 14:00:00,13.894269146921822,0.9658290900328983,46.83276522026459,942.9997,822.8386,822.8387,237.70704666666666,2.65975,0.00068166666666665,0.0012683333333333,0.0002,0.008288333333333276,0.01467999999999995,0.0,810.77734375,840.13671875,101585.38375000001,-2.1439045875e-06,0.5449295,249.77838624999998,811.136281912981
2021-08-30 17:00:00,9.287518646569767,0.8309702816750553,37.3218477900389,1092.3177,970.2313,970.2312,278.8632416666667,1.9293783333333332,0.0027,0.0013449999999999998,0.0019,0.019033333333333274,0.0543816666666666,0.0,882.90234375,883.2265625,101211.85875,-2.2747263125000003e-06,0.0,254.48297250000002,939.75188781014
2021-07-19 13:00:00,21.003003804078357,1.451368838185003,62.92936515321191,634.2541,520.755,459.9629,267.70744333333334,3.011325,0.0038383333333333,0.001,0.00203166666666665,0.03128666666666665,0.03562166666666665,5.1000000000000005,561.8828125,561.91796875,102298.321875,-1.8178252250000001e-06,0.0,269.9795825,507.8874505573534
2021-10-12 15:00:00,-7.091951953457417,0.70198391113193,19.701708905709243,1303.5461,1152.2317,1152.2318,264.73693333333335,2.9743216666666665,0.00332499999999995,0.0018183333333332999,0.0002,0.0186433333333333,0.014479999999999976,0.0,1125.4140750000001,1125.6992,100918.884375,-4.183209975e-06,0.0,263.44043,1112.8910463861919
2022-01-24 17:00:00,-19.405991243746065,0.6805237662918737,13.792390581864305,1363.7357,1148.3464,1023.8761000000001,253.84965,15.886048333333333,0.0008,0.0,0.0,0.016203333333333327,0.008096666666666624,28.916666666666668,797.890625,1074.734375,101314.6625,-5.6877993750000005e-05,0.8078498875,279.07217375,1049.5091693635381
2021-08-31 11:00:00,8.93055449957544,3.43038192603236,78.91610190192873,318.4729333333333,247.73440000000002,84.5276,273.4162666666667,1.3941288888888888,0.0024,0.0004,0.0013733333333333,0.018979999999999966,0.026586666666666633,94.97777777777776,313.71875,314.6875,102051.34500000002,-3.643152e-06,0.30480957200000003,265.94984500000004,235.96787726237562
2021-09-28 17:00:00,-1.6984268908927718,0.7574320521604903,29.249286282676927,1203.4877999999999,1023.5543,914.0563999999999,258.298295,7.047323333333333,0.007811666666666625,0.0006,0.0011,0.05262333333333327,0.0316433333333333,19.0,929.28515625,947.83203125,100946.55374999999,-1.99180795e-06,0.090526581875,273.83899875000003,999.9280834232289
2021-07-01 19:00:00,23.177188441312605,1.5707944490324144,65.13703523426156,585.0659,505.1245,505.1245,257.71400166666666,0.64177,0.0023,0.0005,0.0030266666666666497,0.01769166666666665,0.03783999999999997,0.0,392.890625,393.22265625,101268.640625,-1.11921688625e-06,0.0,241.82071875,484.84358144552317
2021-11-06 18:00:00,-15.761050291893833,0.8028454134046417,34.6017433691173,1141.0253,978.0899,789.4058,280.167375,6.280503333333334,0.001475,0.002176666666666625,0.0001,0.01141166666666665,0.01160499999999995,36.666666666666664,703.03125,850.671875,100866.63125,-2.039986425e-05,0.21033477374999998,271.758015,994.8040273282991
2021-11-15 21:00:00,-18.30313281994917,2.4254653721135697,74.21003483247455,364.32239999999996,265.5809,23.2275,266.54046833333337,7.545436666666666,0.001835,0.00297666666666665,0.0003,0.0154766666666666,0.0262766666666666,100.0,148.21484375,157.27734375,100723.025,-1.78755725e-07,0.51387405375,276.5420875,212.66091334052496
2021-11-19 12:00:00,-19.296742271078454,1.0432220456868215,50.70313814691258,881.3964,737.9335,534.9495,268.48051,6.0169,0.0008,0.00226166666666665,0.0002,0.010093333333333326,0.02443166666666665,19.933333333333334,683.38671875,778.8671875,101883.79000000001,-7.69388875e-07,0.83033371,271.2074625,712.0873786407767
2022-04-17 20:00:00,10.193381776133345,1.8839777004392009,69.4839364565288,481.22540000000004,380.5908,380.5908,240.94502,5.072556666666666,0.000968333333333325,0.000903333333333325,0.000368333333333325,0.01383166666666665,0.01169999999999995,0.0,258.4375,263.02734375,101335.55562500001,-2.3191932249999998e-07,0.0,272.02839374999996,348.9967637540453
2021-08-24 16:00:00,11.375079655697107,0.8145872519896824,35.782076251096065,1114.6883,1019.4405,1019.4406,269.8667,0.6159783333333333,0.00223166666666665,0.00074166666666665,0.00102166666666665,0.01355999999999995,0.037201666666666626,0.0,957.43165,958.015625,100368.671875,-2.1169835125e-06,0.0,241.48256750000002,992.1251348435815
2021-07-07 17:00:00,22.685710345625814,1.0163310993331423,49.45013426787406,892.8908,793.0263,793.0263,266.910455,1.4516983333333333,0.0017,0.0006,0.00102166666666665,0.012888333333333325,0.025369999999999948,0.0,709.89453125,710.2265625,101462.435,-2.3032480124999997e-06,0.0,254.61302,767.0622078389068
2021-08-03 15:00:00,17.717056492932677,0.9269983670978316,44.5360631472215,980.5416,829.3012,753.6625,284.9926483333333,5.981504999999999,0.00347166666666665,0.001,0.003473333333333325,0.0271533333333333,0.057158333333333325,33.78333333333333,708.453125,817.328125,102088.178125,-1.9163126e-06,0.22266006500000002,268.72336875,798.8852930600503
2021-10-05 16:00:00,-4.415599318817538,0.705464430981323,20.47694286637401,1294.6694,1152.3882,1034.7076000000002,271.6614033333333,2.52907,0.0029,0.0011,0.0007,0.0206833333333333,0.024773333333333324,50.3,1075.04295,1090.2070625000001,100307.31937499999,-4.14228985e-06,0.98849868625,253.32462625,1031.175836030205
2021-12-17 19:00:00,-23.317297340193075,0.9102426647502979,43.452895236627455,1010.4766,832.7246,485.71950000000004,255.23340666666667,12.353438333333333,0.00202166666666665,0.000865,0.0001,0.024444999999999953,0.0213833333333333,91.80000000000001,548.4296875,712.125,101289.94,-1.769195675e-05,0.24936294375,276.24081375000003,309.428263214671
2021-07-21 14:00:00,20.636710882632716,1.1129587717794869,53.585556608700486,819.7086,695.5007,694.2317,267.4817,4.497731666666667,0.000938333333333325,0.00038666666666665,0.00054666666666665,0.00637999999999995,0.0136033333333333,0.0,702.0019687500001,702.2831874999999,102384.1875,-2.2413151125e-06,0.0,266.287865,656.7601582164689
2021-07-11 15:00:00,22.225977219521173,1.0015632771308638,48.7227774106809,906.6569999999999,782.2828,782.2828,258.48469833333337,3.1663266666666665,0.0013,0.0003,0.001664999999999975,0.011619999999999974,0.0206733333333333,0.0,760.4316249999999,761.3417812499999,101688.27249999999,-2.826942375e-06,0.39241027875,267.85869875000003,746.4760877382237
2021-12-01 13:00:00,-21.6911308272899,0.8309301451641199,37.31821519116577,1110.9763,964.7665,964.7665,266.4071,3.76885,0.0006,0.00225166666666665,0.0001,0.008149999999999975,0.01466666666666665,0.0,949.47265625,966.40625,101137.46875,-7.4931012499999995e-06,0.081584931,276.0043175,939.0507011866234
2022-01-21 14:00:00,-20.08592570514902,0.7547277435119776,28.880343309568755,1227.4578000000001,1033.2898,811.9975,262.42027666666667,12.740085,0.0011,0.0,0.0,0.01178166666666665,0.007406666666666625,18.966666666666665,923.0,1050.50390625,101423.421875,-0.00010923342875,0.7639350874999999,279.4761375,704.3096008629989
2021-11-20 15:00:00,-19.530779184666265,0.6716451457951957,10.259514689699275,1373.8438,1200.595,1200.595,270.4273783333333,5.383753333333334,0.0009,0.0022266666666666502,0.0001,0.009679999999999949,0.017039999999999975,0.0,1130.1015625,1158.5664375000001,101159.38125,-1.758453425e-06,0.0,268.74751000000003,1169.2376842862282
2021-08-24 17:00:00,11.375079655697107,0.8508350530193313,39.04391427156892,1066.3515,971.0219,971.0219999999999,269.5517233333333,0.7071416666666667,0.00210666666666665,0.000663333333333325,0.00093666666666665,0.012529999999999975,0.036649999999999947,0.0,880.9590000000001,881.265625,100197.33499999999,-1.8120336e-06,0.0,240.70672375,947.5907946781732
2021-06-12 20:00:00,23.110135027499748,2.835765270218574,76.54593551144741,332.1998,267.6865,267.6866,252.45893333333333,0.9015833333333334,0.001769999999999975,0.0006,0.00167,0.01210166666666665,0.023801666666666624,0.0,164.53125,164.7421875,101635.15625,-3.551249475e-07,0.0,243.1569475,235.83603020496224
2021-05-29 13:00:00,21.49645869329683,1.3958427444130292,61.75697475651632,654.8629,555.5675,217.9785,261.6460216666667,2.2584366666666664,0.00131666666666665,0.0002,0.00421166666666665,0.01216,0.024613333333333324,87.31666666666668,563.8515625,584.85743125,102114.21625,-1.3016687875e-06,0.45924759125,261.28544,509.93167925206757
2021-08-04 13:00:00,17.45666672309083,1.3425464159247464,60.52665963560562,685.4569,555.4836,378.7916,284.86566999999997,7.866573333333333,0.001613333333333325,0.0006049999999999749,0.00152166666666665,0.013068333333333324,0.03691166666666663,100.0,415.5605375,586.46288125,102620.52437500001,-8.4791098125e-07,0.90847013875,274.03973499999995,389.79144192736425
2022-01-01 21:00:00,-23.058629169260467,1.8120756313292488,68.62952615191139,496.8786,387.15049999999997,211.8294,256.52180833333335,6.8392333333333335,0.0003,0.001558333333333325,0.0001,0.0039,0.019854999999999998,49.93333333333333,224.3671875,265.11328125,100291.26625,-1.5470257575e-05,0.0,269.288975,256.3915857605178
2021-12-21 17:00:00,-23.419890406297718,0.6868931624563628,15.813121795826554,1348.7356,1132.3968,637.0496,254.90218833333336,15.863081666666666,0.0016,0.0001,0.0,0.025165,0.0171133333333333,73.26666666666667,719.25390625,1050.3788749999999,101049.209375,-1.2039381375e-05,0.24525832375,276.95040625,224.51456310679612
2021-07-29 20:00:00,18.945483229572343,2.233708773358517,72.81151720156485,415.5089,326.334,294.46389999999997,277.0424366666667,2.83469,0.00185666666666665,0.0004,0.0024133333333333,0.012748333333333275,0.03152499999999995,27.81666666666667,215.4140625,216.6953125,101033.771875,-5.0335074375e-07,0.0,253.66817375,320.5591513843941
2022-02-23 13:00:00,-10.117057019753185,0.9613393887608878,46.58106350225696,961.6487,792.3199999999999,505.2434,254.35116666666664,12.036475000000001,0.001155,0.00077166666666665,0.0001,0.016946666666666603,0.022886666666666625,27.666666666666664,600.75,831.328125,101671.08687500001,-1.98011985e-05,0.49531937325000003,277.80292999999995,781.0643653362099
2022-01-09 19:00:00,-22.213317133126424,0.8801312110140157,41.34079712850764,1049.6741,856.9893999999999,316.60069999999996,253.84359666666666,15.859746666666666,0.001638333333333325,0.0005983333333332999,0.000283333333333325,0.03334666666666665,0.037886666666666596,85.1,320.86328125,735.921875,101288.0,-2.8246431374999998e-05,0.9426918125,281.10333125,904.7860481841064
2021-07-06 15:00:00,22.784297634856877,1.0111338124246392,49.19748252978904,897.7968000000001,797.2288,797.2287,266.3550383333333,0.9433733333333333,0.0039,0.004078333333333325,0.001025,0.0267,0.0572933333333333,0.0,774.5175937500001,774.8203125,101398.609375,-3.00901595e-06,0.0,252.51585,758.831355627472
2022-02-19 15:00:00,-11.559033782461245,0.7053558500679507,20.45329741955268,1312.3352,1131.19,1131.19,253.48397999999997,7.07832,0.001128333333333325,0.0021,0.0001,0.0148083333333333,0.04333,0.0,1098.3476375,1117.808575,100853.50875000001,-8.1990785e-05,0.029762268499999998,274.91967999999997,1113.8978784609853
2022-04-05 16:00:00,5.7763220001740265,0.7645084456980352,30.183313042531722,1194.2278000000001,1010.2282,971.361,239.38082,10.472423333333333,0.00185,0.00116,0.0003,0.021526666666666625,0.053989999999999996,22.483333333333334,943.3828125,966.9921875,101154.20999999999,-1.0192685250000001e-05,0.29660035,271.8912625,987.6249550521395
2022-02-26 20:00:00,-9.008190068387895,1.2320622191459698,57.57560011912781,736.5966999999999,582.4689,106.34360000000001,260.716665,12.886256666666666,0.0022483333333333253,0.0002,0.0001,0.037633333333333296,0.020841666666666647,100.0,360.3359375,465.23046875,101174.29000000001,-8.954957475e-06,0.724845885,273.52564375000003,582.2905429701545
2021-08-01 12:00:00,18.223378839539592,2.166226347532035,72.2575938995299,434.0597,335.2818,211.5367,284.03580666666664,4.814565,0.002019999999999975,0.000553333333333325,0.002,0.011709999999999976,0.04079499999999997,69.9,321.61328125,392.91015625,103218.32875,-4.908342812500001e-07,0.0016250610000000001,268.21067125,293.48795397339086
2021-09-12 15:00:00,4.488693923545192,0.7733985532072408,31.297789723512736,1177.8145,1042.2684,757.8123,276.762555,2.35029,0.003553333333333325,0.0011,0.002935,0.02696999999999995,0.047943333333333275,100.0,998.109375,1019.66404375,101114.49375,-3.0028750625e-06,0.537929525,255.57940374999998,825.3541891405969
2021-06-22 18:00:00,23.455568693844302,1.2030037924117964,56.69125802901642,756.7586,649.3284,622.2016,263.11991,2.330625,0.0015,0.0003,0.002496666666666625,0.018299999999999976,0.029288333333333298,9.866666666666667,554.88671875,555.4140625,100958.185,-1.8173886874999998e-06,0.4519233625,255.48828125,658.3171521035599
2021-12-30 18:00:00,-23.19418976492388,0.7522992860289909,28.543026740747873,1230.8669,1038.1227,347.9287,253.73761333333331,11.841548333333334,0.00086,0.0005,0.0004,0.014201666666666625,0.023738333333333275,100.0,880.7578125,943.7578125,101014.80562500001,-8.173153e-05,0.41271972625000003,276.62622,610.2768788205682
2022-03-18 16:00:00,-1.2516042922501336,0.7187321358055324,23.145464702789216,1277.509,1134.491,1134.491,249.9368233333333,2.7031316666666667,0.00071,0.0006,0.0001,0.00640166666666665,0.0430266666666666,0.0,1069.7304875,1084.2773625,101253.52875,-1.4736666749999998e-05,0.0,259.94965249999996,1111.1290902553037
2022-04-12 16:00:00,8.392577575298015,0.7863385134200833,32.81666360364942,1158.7154,1064.1763,1064.1763,253.69975499999998,0.7547033333333333,0.00034666666666665,0.0002,0.0002,0.0031,0.012674999999999974,0.0,985.6640625,995.046875,100586.05374999999,-2.073677025e-06,0.0,243.08416375000002,1033.2973750449478
2021-07-22 18:00:00,20.444836636669194,1.112575993725294,53.57100163847817,817.62,696.9743,696.9742,261.315765,3.122525,0.0022500000000000003,0.0007,0.00100666666666665,0.0168566666666666,0.02428,0.0,602.609375,602.93359375,101637.58499999999,-1.52553545e-06,0.0,252.90003124999998,682.2653721682848
2021-06-12 18:00:00,23.110135027499748,1.2029482240514855,56.68951724298445,756.0023,669.3276,669.3272999999999,252.73023333333333,0.8590033333333333,0.002093333333333325,0.000785,0.001854999999999975,0.014638333333333326,0.0281283333333333,0.0,563.765625,564.05859375,101621.61812500001,-1.331150975e-06,0.0,240.74317,662.5925925925926
2021-09-25 11:00:00,-0.5297921459661097,2.217536636692434,72.68199179098713,416.80129999999997,325.5955,129.4158,274.514135,2.488646666666667,0.00344166666666665,0.00178166666666665,0.0009,0.0221533333333333,0.0337666666666666,69.83333333333333,373.109375,396.83203125,102404.05374999999,-2.8170760625e-06,0.0,272.45669499999997,304.4462423588637
2022-03-23 21:00:00,0.7234441253853318,2.8477640188038644,76.60380956549069,350.44973333333337,263.05946666666665,263.05946666666665,247.31202444444443,3.7688399999999995,0.0007,0.0015355555555555333,0.0003,0.0063822222222222,0.043071111111111095,-0.4222222222222222,158.3671875,160.75,100106.8125,-1.0072654174999998e-06,0.0,256.0941625,243.85952295337407
2022-04-08 17:00:00,6.909511809950204,0.807242233820698,35.05181909864091,1128.3439,965.6167,820.2224,248.42926999999997,7.019761666666667,0.00082,0.0006,0.0002,0.012736666666666625,0.02793999999999995,62.016666666666666,854.59765625,887.421875,100909.13125,-3.1021772624999998e-06,0.74505233625,268.56836250000003,904.7662711254943
2022-02-07 21:00:00,-15.562345168274216,1.8153633126284112,68.6701813367273,494.4584,363.46410000000003,32.2168,256.3525133333333,13.225375,0.0024,0.002495,0.0001,0.0299033333333333,0.05661499999999997,100.0,159.953125,249.99609375,101502.421875,-1.7925394624999997e-05,0.864871975,278.73653125,363.06364617044227
2021-08-16 15:00:00,13.989313624567798,0.8741100397054753,40.889863035908974,1040.2978,928.0695000000001,928.0695000000001,288.88579999999996,1.5825,0.003,0.00163666666666665,0.00203666666666665,0.016719999999999974,0.0401333333333333,0.0,903.5898500000001,903.91796875,101379.021875,-2.199958575e-06,0.0,257.155575,908.5760517799353
2021-05-23 14:00:00,20.425130778346663,1.0763427273297108,52.13277105075721,843.5133000000001,740.7447999999999,740.7447999999999,271.50837,1.3606250000000002,0.00260166666666665,0.001155,0.004933333333333275,0.02248999999999995,0.04605333333333327,0.0,746.00390625,751.6328125,101697.14125,-9.894720124999999e-07,0.5350227249999999,248.65640875,718.8025889967637
2021-11-28 21:00:00,-21.180550001136528,2.1897124263293075,72.45444396579786,404.2455,294.8877,238.5264,266.3692,12.072338333333333,0.001555,0.002638333333333325,0.0001,0.016028333333333297,0.015958333333333324,28.249999999999996,124.7890625,179.7421875,101050.725,-8.30303175e-07,0.36370468499999997,278.37219999999996,129.0560949298813
2021-10-30 10:00:00,-13.53296696505293,3.537531352762312,79.25679539811091,335.1134,236.79379999999998,39.2616,279.16980666666666,7.055083333333334,0.0024,0.0023,0.0,0.02409999999999995,0.032443333333333296,80.9,317.57421875,319.8828125,102114.5475,-1.5122641624999999e-06,0.0,276.494075,182.01006832074793
2021-10-06 13:00:00,-4.801239619491075,0.9086664676633381,43.34781408738345,1007.1031,856.9994,820.2665,267.64121166666666,5.560045000000001,0.00238499999999995,0.001835,0.0004,0.0151333333333333,0.0245883333333333,1.7166666666666666,742.6875,882.32421875,101151.78375,-2.688582775e-06,0.9248733375,261.3420525,794.4462423588636
2021-11-22 17:00:00,-19.980892348271666,0.699518469777471,19.129464775579052,1316.5902,1116.1288,345.6012,256.431895,11.946413333333332,0.0017,0.0013933333333333,0.0001,0.019974999999999975,0.027526666666666623,100.0,984.44140625,1028.0273750000001,100665.70375,-6.20060025e-06,0.967662825,275.64113125,153.89068680330817
2022-02-10 19:00:00,-14.613878629738002,0.8849367702062959,41.6934639754978,1039.6033,870.086,870.0861,260.07703833333335,7.966811666666667,0.001218333333333325,0.002674999999999975,0.0,0.00900499999999995,0.09583999999999995,1.75,671.83984375,758.75,100483.296875,-8.885308875000001e-05,0.044021606375,274.6620975,859.2448759439051
2021-12-15 19:00:00,-23.219423861684025,0.9136364844523314,43.67724100528689,1006.1851,826.8158,151.50820000000002,260.16209,13.395161666666667,0.00176166666666665,0.0008,0.0002,0.0205233333333333,0.0241683333333333,100.0,533.83203125,703.234375,101226.54625,-2.2866180875e-05,0.5763092062499999,276.770555,587.2887450557353
2021-08-31 13:00:00,8.93055449957544,1.1214935044263523,53.90681280157356,817.7346,720.9607,687.3469,274.9406266666667,1.262565,0.0023,0.0004,0.0011849999999999999,0.0170233333333333,0.025131666666666625,15.95,739.4609375,740.124975,101789.84375,-1.9659637125e-06,0.0,259.7469375,688.3531103919453
2021-12-03 15:00:00,-21.996945080171198,0.6714890568159654,10.185628104816118,1377.5031,1175.9516,1062.194,267.7851366666667,11.583898333333334,0.0006,0.0016533333333333,0.00013166666666665,0.0077533333333333,0.0164383333333333,3.0,908.59765625,1132.8671875,100968.22125,-5.7809519375e-06,0.0255813595,276.26726125,1082.207838906868
2021-08-14 20:00:00,14.607964320866348,1.9989750372917647,70.71433018520534,459.5501,360.8138,303.0312,284.231075,2.659085,0.0031216666666666498,0.000573333333333325,0.001093333333333325,0.03234333333333332,0.045454999999999975,48.66666666666667,239.63671875,251.66796875,101014.165625,-4.119065125e-07,0.73725508125,246.5080225,297.0190578928443
2021-08-19 15:00:00,13.034054821227372,0.8618675661413897,39.94020034733099,1055.1966,965.5228999999999,965.5228999999999,270.72653,0.5293816666666666,0.001085,0.0003,0.001,0.005583333333333275,0.03634666666666665,0.0,937.3046875,937.6484375,101353.35875,-2.1033920125e-06,0.0,254.05747625,934.6278317152103
2021-11-26 12:00:00,-20.806526282480835,1.0438073173002247,50.72944678529457,881.3753,722.6696,301.4771,265.5831766666667,10.4418,0.0014399999999999999,0.0005,0.0003,0.015485,0.019533333333333326,100.0,657.05859375,753.671875,101899.52875,-4.5050371875e-05,0.17349624749999998,278.97243875,634.3185904350953
2022-03-02 21:00:00,-7.499171310722627,2.1321766141120624,71.96410045680733,415.9411,298.542,27.6085,253.52937499999996,13.351656666666667,0.00251,0.0004,0.0001,0.03742499999999995,0.026916666666666623,100.0,94.85546875,194.72265625,101328.03125,-6.9349189625e-06,0.96413803125,279.32407125,79.79144192736425
2022-03-08 17:00:00,-5.185025855076702,0.7199888802210286,23.378446577869628,1276.6732,1075.232,683.7472,259.9349933333333,13.098559999999999,0.0015,0.0003,0.0001,0.03066666666666665,0.02187999999999995,100.0,870.61328125,1006.01953125,101161.20999999999,-3.70718775e-06,0.8078308249999999,275.77277625,902.3696512046026
2021-05-05 15:00:00,16.018996635501978,0.8917700596457525,42.184327775003524,1016.7774999999999,847.5738,847.5738,241.88635333333332,7.583173333333333,0.008594999999999974,0.0013,0.002904999999999975,0.0601583333333333,0.05770166666666662,0.0,812.28125,841.4589687499999,101189.171875,-1.7543497875000001e-06,0.19842148,270.62719375,838.3315354189141
2021-05-06 18:00:00,16.305646767304136,1.0652284834811794,51.666065856951555,850.4159,722.0101,446.4845,244.9639283333333,3.6778633333333333,0.0024,0.0005,0.002213333333333325,0.023443333333333302,0.02944999999999995,93.33333333333333,557.6328125,628.7265625,101271.78812499999,-7.2817784375e-07,0.8753509525,266.01606375,612.0460266091334
2021-10-19 16:00:00,-9.692013480165492,0.6862297809877617,15.61625258563143,1334.679,1166.1363000000001,1166.1363000000001,273.66855166666664,5.089056666666666,0.00172166666666665,0.002894999999999975,0.0002,0.01341999999999995,0.02013999999999995,0.0,1094.0195125,1109.3710624999999,101344.30625,-2.9641379e-06,0.0,268.7283425,1143.707299532542
2022-01-14 16:00:00,-21.44703391225614,0.6617959888007913,2.9619574326306313,1403.4546,1186.3197,697.4507,261.20613000000003,9.07525,0.009008333333333325,0.0002,0.0003,0.09360499999999995,0.041446666666666625,37.449999999999996,1067.4726249999999,1166.0117,101544.2475,-6.619989375e-05,0.051773070625,274.05950624999997,513.5850413520317
2021-07-08 17:00:00,22.580541066900103,1.0140119401949919,49.337832949488764,894.9476,790.6716,790.6716,267.838345,1.1233216666666666,0.00470166666666665,0.0019316666666666501,0.0022,0.031164999999999974,0.056994999999999976,0.0,708.50390625,708.828125,101301.40625,-2.505810725e-06,0.0,254.4280325,754.7069399496584
2021-10-05 13:00:00,-4.415599318817538,0.912647594146969,43.612138545571426,1002.6492999999999,867.1397999999999,737.4075,273.88981666666666,2.9457383333333333,0.002659999999999975,0.00155499999999995,0.0008,0.01988999999999995,0.023589999999999976,59.38333333333333,901.2109375,901.81640625,100979.025,-3.1024100874999997e-06,0.6998558,259.13599875,846.6343042071197
2021-05-27 18:00:00,21.163504364849103,1.1653922049560832,55.46634738084408,778.6398,636.6017,235.10309999999998,258.09849833333334,9.197113333333334,0.0013,0.0002,0.00351166666666665,0.017438333333333327,0.04343666666666662,100.0,384.6640625,552.22265625,100810.896875,-9.496870725e-07,0.8966751,266.17770625,361.52822725638254
2021-08-19 17:00:00,13.034054821227372,0.8683996261279585,40.45252750523755,1044.5575,952.5492,952.5492,269.833895,0.66825,0.0012,0.000395,0.001,0.006613333333333275,0.035844999999999946,0.0,865.1875,865.54296875,100950.7025,-1.8863938625000002e-06,0.0,248.9679,920.1725997842502
2021-11-18 19:00:00,-19.05685437654019,0.9661375459375667,46.84993408067465,945.6296,804.3000999999999,804.3000999999999,262.19504,4.97318,0.0005,0.0033683333333333247,0.0001,0.0050533333333333,0.01577499999999995,0.0,631.1640625,666.83984375,100495.88125,-7.0593705e-07,0.0,272.03658125000004,777.4056094929881
2022-01-26 18:00:00,-18.92240212955681,0.7431463843659617,27.216533104855806,1246.4796000000001,1035.6025,329.69280000000003,256.2179716666667,17.250408333333333,0.0012466666666666498,0.0,0.0001,0.024983333333333302,0.021906666666666623,100.0,359.75,935.6328125,101270.06,-2.4217966875e-05,0.975479125,281.07989999999995,549.8004314994606
2021-11-04 10:00:00,-15.14472848078564,3.3474924248004396,78.63728872229866,348.7466,255.7462,50.6632,275.0189866666667,6.269186666666666,0.0019,0.0028299999999999497,0.0002,0.01286666666666665,0.01497,58.93333333333333,290.71484375,322.91796875,101520.6875,-1.3904355125e-06,0.0,279.095725,149.5361380798274
2021-12-09 14:00:00,-22.7421856205144,0.724537057495836,24.19740857943893,1277.0692,1078.3921,639.2752,255.696825,12.053374999999999,0.00173,0.0009,0.00026,0.022148333333333325,0.025919999999999974,100.0,753.0859375,1069.6757625,101547.365625,-0.00010038469625,0.963420875,278.85730125,715.0305645451276
2021-09-01 17:00:00,8.571241434003953,0.8246774141806105,36.7441810807911,1100.8627999999999,952.3242,952.3240999999999,271.41811,3.1545083333333332,0.0065133333333332755,0.001723333333333325,0.000883333333333325,0.04314166666666665,0.04468499999999995,0.0,880.66796875,881.3046875,100720.615625,-2.3228058124999997e-06,0.0,259.6249025,918.6983099604458
2021-11-27 18:00:00,-20.996845647858695,0.7806271934408043,32.16037058939667,1177.7988,1004.2414,1004.2414,265.26954166666667,8.46863,0.0005,0.0002,0.0001,0.0066300000000000005,0.008406666666666649,0.0,772.59375,888.41015625,100191.4125,-3.1360832625e-05,0.29594039875,258.88476875000003,855.2463142754406
2021-06-22 17:00:00,23.455568693844302,1.0367016614865128,50.40734877065753,874.7808,763.7326,579.5581999999999,263.5102333333333,2.148648333333333,0.00156166666666665,0.0003,0.0022849999999999997,0.018499999999999975,0.029521666666666627,70.28333333333333,690.046875,690.61328125,101073.60062499999,-2.3275497125e-06,0.363529195,257.490395,728.1571377202445
2022-01-16 21:00:00,-21.091538598017067,1.7566780777899993,67.91976303377069,514.0121,383.20390000000003,32.7053,258.894595,12.598431666666666,0.002436666666666625,0.00172166666666665,0.0001,0.02847999999999995,0.038116666666666625,100.0,164.91015625,269.81640625,100795.53375,-4.761415625e-06,0.88002015,278.23681875,141.48327939590075
2021-07-08 12:00:00,22.580541066900103,2.455976433098826,74.4116009756738,383.9575,307.9536,226.7339,268.369635,1.41774,0.00255166666666665,0.001009999999999975,0.001279999999999975,0.017376666666666624,0.0329233333333333,59.766666666666666,360.123045,359.02929875,102216.82125000001,-2.58683575e-06,0.0,260.9257675,282.4289823804387
2022-02-07 13:00:00,-15.562345168274216,0.9282125537530198,44.612238907656725,995.2506000000001,823.8175,357.464,256.71650166666666,9.608013333333332,0.0020183333333333,0.00233,0.0001,0.023899999999999977,0.051846666666666624,100.0,754.453125,864.2890625,102155.72562499999,-7.5642515625e-05,0.06635665875,279.48751875,255.1815893563466
2021-12-05 19:00:00,-22.274409999983057,0.9318519519441725,44.83877210228021,983.8390999999999,800.5331,210.34969999999998,257.277185,16.258673333333334,0.00245,0.0002,0.0001,0.02037166666666665,0.0198633333333333,100.0,299.09765625,667.7421875,101836.703125,-3.4770840499999997e-05,1.0,280.77352,435.7713052858684
2022-04-02 19:00:00,4.6279984902454006,1.1002335412321091,53.094746275962166,825.0545,679.9766,556.6878,252.74576333333334,8.445761666666666,0.000944999999999975,0.00045666666666665,0.0001,0.011331666666666625,0.036953333333333296,37.91666666666667,474.1171875,567.9375,100341.546875,-2.5928602499999998e-06,0.03356933499999999,259.74532,732.6033800791082
2022-01-12 17:00:00,-21.774833262915585,0.6808476609186352,13.903050428607814,1363.7013,1157.2069,1157.2069999999999,255.01763333333332,10.804543333333335,0.00396999999999995,0.0002,0.0001,0.03914166666666662,0.024189999999999975,0.0,966.58203125,1087.3671875,101636.49375,-0.00010228555874999999,0.018028258749999998,277.937105,982.2653721682848
2021-10-22 20:00:00,-10.773749884875478,1.4804480093233108,63.503732061769085,612.7155,507.3133,39.7842,272.2877633333333,3.394425,0.000435,0.00062666666666665,0.0001,0.0021983333333333247,0.008589999999999976,100.0,304.4296875,369.0703125,99903.9375,-6.6281063625e-07,0.23817062500000002,247.82777249999998,263.5293060050342
2022-03-05 12:00:00,-6.348514071462508,1.3752652976606954,61.294961687799926,671.5242000000001,532.0198,301.3832,256.55739666666665,10.018148333333333,0.0018316666666666499,0.00039000000000000005,0.00012666666666665,0.02766499999999995,0.022486666666666627,70.08333333333334,456.8515625,596.37890625,101850.821875,-4.49485375e-06,0.0,279.9668575,284.90830636461703
2021-05-29 20:00:00,21.49645869329683,2.746843515474091,76.10080578445594,339.763,259.6066,128.4289,258.0738583333333,2.7624566666666666,0.0016,0.00029,0.00267499999999995,0.011975,0.03024999999999995,100.0,159.53125,165.85546875,101083.11875,-4.0940356625e-07,0.179763795,241.84896375,182.68967997123337
2021-11-22 11:00:00,-19.980892348271666,1.5161927540105402,64.17592045759238,602.6447000000001,470.8313,337.78430000000003,255.29094333333333,11.657575,0.000865,0.0009,0.0001,0.010654999999999925,0.01921999999999995,97.73333333333333,520.17578125,525.5234375,101605.65,-7.48666925e-07,0.253845216875,277.04133625,442.72384034519956
2022-03-14 18:00:00,-2.83133541238714,0.8118046082069481,35.50850741358635,1127.0192,951.2279,473.6712,253.118315,10.263948333333332,0.0007,0.0008366666666666501,0.0002,0.0099383333333333,0.019626666666666598,100.0,708.0,858.98046875,101306.41312499999,-2.1764193625e-05,0.39257812375,269.91617,620.9187342682487
2022-01-27 14:00:00,-18.67182297963725,0.7601914437055948,29.618762261011387,1218.6062,1000.541,499.674,265.75756666666666,17.636168333333334,0.0038299999999999498,6.166666666666667e-05,0.00015666666666665002,0.06333666666666662,0.02323166666666665,100.0,122.76953125,1006.23435625,102390.21875,-3.4760073125000005e-05,1.0,278.27155,447.680690399137
2021-10-07 20:00:00,-5.1859494117029605,1.5605538114344761,64.96246608464351,582.4268999999999,455.7751,69.5466,265.196805,10.370966666666668,0.001473333333333325,0.00046166666666665,0.000993333333333325,0.01169166666666665,0.021833333333333274,100.0,199.47265625,329.54296875,100512.64,-8.499773625000001e-07,0.3690376299375,270.33166375,124.93527508090614
2021-10-26 10:00:00,-12.17831133185726,3.736756799951363,79.8374380448221,322.2194,239.4766,39.7424,293.68772666666666,4.365383333333333,0.0012,0.0005,0.0001,0.0063433333333333,0.01186,97.06666666666666,312.18359375,317.1328125,102564.953125,-5.4106931375e-07,0.0,271.54446875,140.33081625314634
2022-03-24 14:00:00,1.1175063137884538,0.8466356511036894,38.6919449892141,1086.0492,986.1025000000001,986.1025000000001,249.02329666666665,0.9602733333333333,0.000813333333333325,0.002288333333333325,0.00033166666666665,0.006379999999999975,0.02539999999999995,0.0,911.62890625,946.26953125,101351.20375,-9.10961525e-06,0.0,268.24735125,934.7716648687522
2022-02-08 13:00:00,-15.250505772288365,0.930169483054991,44.73438001656994,993.2203,820.6406,327.4908,262.02869499999997,10.214378333333334,0.0019,0.002788333333333325,0.0001,0.0222683333333333,0.0479716666666666,100.0,425.98046875,858.65625,101994.39937500001,-6.8257969375e-05,0.048866270625,279.9459825,345.44048903272204
2022-04-01 16:00:00,4.242295024068458,0.7530059499095837,28.641783340963443,1213.9651,1043.3352,1043.3353,254.91943833333332,6.622176666666666,0.001863333333333325,0.0022,0.0001,0.020821666666666627,0.04230999999999997,0.0,942.96875,998.5546875,101289.953125,-4.0180457625e-06,0.044574738749999995,273.31947,1034.23229054297
2022-04-02 16:00:00,4.6279984902454006,0.7558123795173508,29.029149361877856,1209.0814,1030.8181,1030.818,254.1502033333333,8.982001666666667,0.0013,0.000924999999999975,0.0001,0.015334999999999925,0.0373983333333333,0.0,944.79296875,988.2890625,100702.6625,-4.724221125e-06,0.22273636125000001,263.82311875,1023.4412081984897
2021-08-17 18:00:00,13.674443608872464,0.9951303895313088,48.39657835125564,912.0153,822.5077,822.5077,275.73422500000004,0.8247133333333334,0.001,0.0002,0.0007,0.0057,0.02613166666666665,0.0,708.3984375,708.78125,101151.45375,-1.4443066875e-06,0.0,242.69548875,792.1143473570658
2021-09-18 15:00:00,2.1880253905616205,0.7552792629527966,28.956149414972327,1206.8882,1060.412,1046.2235,274.5704616666667,2.96693,0.00227166666666665,0.00079666666666665,0.0014,0.024104999999999974,0.03066666666666665,1.8,1020.29295,1034.2265499999999,101115.759375,-3.8599536e-06,0.5630683937500001,255.99930750000001,1001.7134124415677
2021-12-10 20:00:00,-22.840630034428266,1.2357157144180204,57.683245358236455,736.3718,583.1807,290.9656,253.045745,16.246409999999997,0.00052666666666665,0.0002,0.0001,0.0088366666666666,0.008959999999999975,100.0,203.3359375,444.4296875,100840.771875,-2.003819125e-05,0.97690200875,280.37165125,124.38870909744695
2021-07-12 12:00:00,22.094927378872317,2.431146227418179,74.2479629753293,387.96500000000003,296.4962,192.2221,259.35069833333336,5.049136666666667,0.00158666666666665,0.0005,0.001089999999999975,0.015774999999999977,0.016234999999999975,86.96666666666667,354.38671875,354.66015625,102020.225,-1.04339231875e-06,0.0,261.14250499999997,277.47213232650125
2021-09-03 20:00:00,7.845917462718833,1.785113005109553,68.29001593654247,510.7496,395.3879,395.3879,264.588595,4.659955,0.006826666666666625,0.003725,0.000684999999999975,0.03851833333333327,0.04616666666666665,0.0,272.890625,280.14258125,100736.74375,-5.695328475e-07,0.0,265.8844375,384.34735706580364
2022-03-25 19:00:00,1.5110235864182393,1.045460586363601,50.8035509371582,869.1963000000001,711.6983,430.7229,245.585435,9.970185,0.0007,0.00042166666666665,0.0001,0.00867666666666665,0.09045666666666666,75.83333333333333,491.15625,598.00390625,101001.625,-1.2434553100000001e-05,0.0032501220000000003,276.3188,468.2596188421431
2021-07-15 15:00:00,21.663912209970434,0.9918213645489713,48.22648427784931,915.7655,793.7936,793.7936,273.95041833333335,2.695688333333333,0.00206166666666665,0.0008,0.00102166666666665,0.015816666666666625,0.032731666666666624,0.0,754.140625,772.6230312499999,101264.046875,-1.865992075e-06,0.0,263.977995,775.0629270046745
2021-12-21 14:00:00,-23.419890406297718,0.7311273824431749,25.322857889360716,1266.6417999999999,1057.3726,627.3383,255.61596500000002,15.891643333333333,0.0017,0.0001,0.0,0.02500499999999995,0.0142783333333333,98.2,656.14453125,1052.3203125,101424.6,-1.4891294999999999e-05,0.20216751125,278.71195,378.8151743976987
2022-04-08 18:00:00,6.909511809950204,0.9128755438222027,43.62716474568062,996.158,843.6696,715.7682,248.20166333333333,6.91165,0.0008,0.0006,0.0002,0.01185,0.027848333333333274,22.65,704.59375,740.96875,100772.078125,-2.3571774375e-06,0.33432007,267.76386875,807.2366055375763
2021-12-12 21:00:00,-23.01496090956468,1.9918547613169268,70.64253449695347,447.45589999999993,341.74,229.51479999999998,262.268105,6.84885,0.0007,0.00520166666666665,0.0002,0.0065,0.020346666666666652,70.38333333333333,222.05078125,225.86328125,100264.03125,-1.8214516e-05,0.0056877135,267.90001625,287.259978425027
2021-06-12 17:00:00,23.110135027499748,1.0332592857683296,50.24916716020264,876.9888000000001,785.8998,785.8998,252.85213,0.8492216666666667,0.0022,0.0008716666666666499,0.001908333333333325,0.015459999999999974,0.02966499999999995,0.0,701.9453125,702.24609375,101719.365625,-1.82547955e-06,0.0,247.29678125,782.1592952175477
2021-12-23 17:00:00,-23.424371287267974,0.6861767341045406,15.60038893525881,1350.585,1134.7222,468.60850000000005,246.46848333333332,17.231640000000002,0.0006,0.0,0.0,0.00848666666666665,0.0053,24.583333333333336,457.8984375,1044.3398124999999,101511.053125,-3.6208803250000005e-05,0.0,280.0428675,553.0780294857965
2021-11-21 11:00:00,-19.758862746599252,1.5167876037202574,64.18680699820905,602.4375,472.2831,342.3213,264.7673,9.315394999999999,0.001375,0.0012,0.0002,0.0175433333333333,0.026626666666666625,98.16666666666667,524.40625,527.28125,101902.803125,-5.29747925e-07,0.0,275.38960000000003,413.3351312477526
2021-09-25 20:00:00,-0.5297921459661097,1.6284461407902753,66.07465399579179,558.6098,449.56219999999996,449.56219999999996,266.94826666666665,3.241508333333333,0.003295,0.0018,0.0007,0.0238583333333333,0.0321133333333333,0.0,321.9375,324.11328125,100939.64125,-1.870241225e-06,0.0,244.58706625,450.3110391945343
2021-10-22 16:00:00,-10.773749884875478,0.6830712278046228,14.637934563908837,1341.6707,1190.0702,1190.0702,273.30627333333337,3.2289866666666667,0.00060166666666665,0.001335,0.0001,0.0031733333333333,0.0105066666666666,0.0,1127.4883125000001,1131.160175,100518.02249999999,-3.51588825e-06,0.0,260.20095000000003,1158.0186983099602
2021-05-11 14:00:00,17.66995348916075,1.0231760788109108,49.77754772924845,887.6542,731.1723,658.3651,244.70271999999997,8.900338333333334,0.003073333333333325,0.0007,0.007031666666666625,0.038540000000000005,0.05333499999999998,4.5166666666666675,746.16015625,753.9004,101565.859375,-1.56351595e-06,0.08695221,268.7866225,736.9003955411722
2022-02-27 18:00:00,-8.633975602118538,0.7739406121375657,31.363774336971005,1187.5916,1006.3039,695.2307,255.56353,10.194578333333332,0.0008,0.0001,0.0,0.0117183333333333,0.011301666666666625,65.18333333333334,800.7890625,909.3515625,100618.265625,-1.886795525e-05,0.7111320475,271.180925,1026.7709457029846
2021-05-26 17:00:00,20.98787474349141,0.9969695089686508,48.49043427235486,907.7789,763.8462999999999,740.348,258.8992383333333,6.335708333333334,0.00219166666666665,0.0007,0.002018333333333325,0.0183833333333333,0.04602999999999995,5.25,676.98046875,699.48828125,101320.415625,-1.2051604875e-06,0.041599273375,255.3683475,790.7425386551599
2021-08-19 13:00:00,13.034054821227372,1.2186612892824857,57.17409895221177,753.8467,673.8915,673.8914,270.63621166666667,0.3860549999999999,0.00125166666666665,0.0004,0.0011,0.0058533333333333,0.038399999999999976,0.0,702.47461875,702.8281,101801.16312499999,-1.2121745499999998e-06,0.0,253.92256,655.4890327220425
2021-12-18 11:00:00,-23.35461933037622,1.5843315708993113,65.36396679788123,573.1256000000001,441.83799999999997,316.9221,261.09998666666667,11.26162,0.001709999999999975,0.00032166666666664996,0.0,0.0234433333333333,0.016254999999999974,60.66666666666667,425.2265625,500.16015625,102181.31937499999,-6.485323e-06,0.39652633875,278.3639,368.41064365336206
2021-10-07 11:00:00,-5.1859494117029605,1.9144570421660478,69.8254047430838,478.96630000000005,360.122,162.28629999999998,265.89145,10.802845,0.0026,0.000688333333333325,0.001,0.020754999999999975,0.03230999999999998,39.18333333333334,296.30859375,424.33984375,101855.603125,-1.5216937500000002e-06,0.062755585,278.3003825,334.9640417116145
2022-03-19 15:00:00,-0.856293179789177,0.7474427364636275,27.850475182854563,1230.0615,1052.2005,752.4694,251.2074,7.9535149999999994,0.0014,0.0001,0.0001,0.016273333333333324,0.05478166666666665,78.73333333333333,851.9609375,1021.70705,101745.571875,-8.521165125000001e-06,0.0,275.99329375,1128.0061129090254
2022-04-24 16:00:00,12.595077537552207,0.8279855028521746,37.04991017663315,1097.163,994.8533,963.321,251.05650666666668,1.2834733333333332,0.000495,0.0019383333333333002,0.0003,0.0041,0.011245,15.516666666666667,940.58984375,938.89453125,100911.5625,-2.0875596e-06,0.0,243.22164375,948.9212513484357
2022-01-23 18:00:00,-19.63879582684111,0.7429977677938793,27.194227719569536,1247.1523,1047.3715,328.1704,261.79976,14.066245,0.0009,0.0,0.0,0.011716666666666601,0.00759666666666665,100.0,707.1953125,950.90234375,101163.9125,-5.2272807875e-05,0.862640375,280.22247,304.8867313915857
2021-09-22 18:00:00,0.6376320969376367,0.8759572794594349,41.0292991066238,1039.016,883.9094,585.001,279.36502333333334,5.366136666666667,0.0033,0.001269999999999975,0.001128333333333325,0.030738333333333326,0.04312333333333328,100.0,628.125,775.99609375,100741.44437499999,-2.2578606125e-05,0.9754295374999999,262.70061999999996,679.0920532182669
2021-12-22 12:00:00,-23.426039035075107,1.0848936149532011,52.48337589851637,846.5082,675.5883,261.0083,260.34842333333336,15.985520000000001,0.001788333333333325,0.0002,0.0,0.02937499999999995,0.0185433333333333,100.0,467.34765625,718.9140625,101692.84625,-1.727149375e-05,0.060760498125,278.8452125,330.92412801150664
2021-09-15 19:00:00,3.343031949961012,1.1282881606201367,54.1581777558342,805.9105,700.3937,644.4939,275.15573166666667,1.6983183333333334,0.00293666666666665,0.0006133333333333249,0.001525,0.01939499999999995,0.03655666666666665,15.916666666666666,547.421875,562.9921875,100576.6625,-1.15291914e-06,0.35953521125,244.28581375000002,676.9974829198129
2022-03-15 13:00:00,-2.43683372683265,1.0113660686200474,49.20884903533493,912.5029999999999,762.2939,643.6244,251.65483166666667,8.037485,0.0007,0.000213333333333325,0.0001,0.0099633333333333,0.015949999999999975,55.43333333333334,764.8515625,814.046875,102210.328125,-2.0020845e-05,0.25373458125000004,270.58649375,733.324343761237
2021-09-24 11:00:00,-0.14039254123672726,2.2489502075384964,72.93180219601406,411.3511,307.9419,119.70949999999999,276.4461116666667,4.828541666666666,0.0047783333333333245,0.0014,0.0008666666666666499,0.03003,0.04208833333333327,71.63333333333333,327.998045,378.6425875,102487.24312500001,-6.17003025e-06,0.0,276.02455625,292.64113628191296
2021-09-12 14:00:00,4.488693923545192,0.8539308886841576,39.29949449665866,1068.7858,940.0852,676.092,276.5871833333333,2.276995,0.00329666666666665,0.0012449999999999749,0.00266166666666665,0.024959999999999948,0.04406499999999995,97.25,925.21875,943.37109375,101331.8275,-2.77083025e-06,0.393344875,254.86567374999998,788.6749370729954
2021-12-09 19:00:00,-22.7421856205144,0.9243401217085547,44.36822803817243,992.9055,812.9590000000001,294.7311,251.416045,14.319771666666666,0.0017,0.00052166666666665,0.0002,0.0216,0.022588333333333325,100.0,367.66796875,687.41015625,101202.209375,-3.2401501875000004e-05,0.9784393375,279.87451250000004,91.83387270765911
2021-09-02 11:00:00,8.209666695702609,3.2919986483790162,78.44261802164237,329.0496,240.97586666666666,75.9972,269.6023822222222,3.5083688888888886,0.0047,0.0006622222222222,0.0006,0.0286244444444444,0.0295933333333333,87.04444444444444,313.5,314.453125,101890.02999999998,-4.7228532e-06,0.0,270.00174,233.99017140117462
2022-01-30 17:00:00,-17.886215231561284,0.6816823606143427,14.183854413302935,1360.5108,1161.4888,992.284,259.66672,10.406375,0.001198333333333325,0.0005,0.0002,0.01356999999999995,0.04005,9.683333333333334,964.55859375,1080.26953125,100942.03812499999,-0.00011958100125,0.23405837875,281.24383124999997,1080.7461344839985
2021-06-08 20:00:00,22.78079610405873,2.8284387756914637,76.51034894493529,332.3393,260.0711,94.3249,258.03389166666665,1.853815,0.0017,0.0018033333333333,0.002399999999999975,0.0122983333333333,0.024978333333333276,100.0,153.75,164.0078125,101184.88125,-3.1795935e-07,0.7903594875,247.658495,165.0827040632866
2021-08-21 13:00:00,12.380055548465378,1.2020052023795305,56.65994541682521,764.0806,659.9683,659.9685,261.16271333333333,1.9321033333333335,0.0027633333333333,0.00099666666666665,0.000905,0.015139999999999949,0.03647999999999997,0.0,681.2421875,681.5898500000001,101819.94,-1.9555445875e-06,0.0,268.482385,636.3700107874865
2021-09-12 12:00:00,4.488693923545192,1.4452998385690832,62.806195838819754,637.5763999999999,533.9337,337.8623,276.3032166666667,2.3205116666666665,0.002414999999999975,0.00169166666666665,0.001711666666666625,0.018134999999999974,0.0308033333333333,100.0,545.125,584.8027374999999,101639.22750000001,-1.3517564874999999e-06,0.6044273275000001,254.4406875,387.3480762315714
2021-11-06 12:00:00,-15.761050291893833,1.0574236507198727,51.33061541532589,868.0618,727.6462,440.3834,280.142015,5.887625,0.0012,0.001048333333333325,0.0001,0.0104283333333333,0.01229,98.06666666666666,634.4140625,756.48828125,101720.16500000001,-8.98106365e-06,0.61165999375,276.11310125,697.3678532901833
2022-02-05 17:00:00,-16.172484795464626,0.6839623388769447,14.921217109410128,1354.704,1159.2523,533.4937,267.5980416666667,9.143591666666667,0.0015,0.002774999999999975,0.0001,0.0178383333333333,0.04784499999999998,100.0,782.01953125,1082.5,101455.58499999999,-0.0001091925075,0.12727356125,278.65136125000004,1171.0553757641135
2021-05-24 14:00:00,20.61862286041239,1.08057165835234,52.30706708597678,840.2333,743.1169,676.044,268.406425,1.4335666666666667,0.0011,0.000435,0.0026033333333332753,0.010829999999999975,0.022674999999999973,18.833333333333332,738.0625,751.09961875,101700.415625,-1.0957592625000001e-06,0.5906563,258.14571,719.5559151384393
2022-04-04 16:00:00,5.39510524901996,0.7615641028443761,29.80001881232911,1199.2105000000001,1029.1502,1025.5652,243.35081666666667,7.022331666666666,0.00174,0.001423333333333325,0.0002,0.020259999999999972,0.03281166666666663,0.2,806.453125,971.7421875,101261.89749999999,-5.236419375e-06,0.0024375915,274.3884625,1042.8622797554835
2022-03-10 19:00:00,-4.403703272840077,0.9645369213166133,46.76067020890045,945.4334,775.6924,692.605,256.747,12.574736666666666,0.001403333333333325,0.0003,0.0001,0.0247833333333333,0.0179,31.36666666666667,541.1640625,661.31640625,100814.7475,-4.9986992875e-06,0.88182449375,276.28143,422.06939949658397
2021-11-06 21:00:00,-15.761050291893833,2.6145675014462073,75.38080955691034,378.52933333333334,279.728,196.20399999999998,278.8692444444444,7.524477777777778,0.0016666666666666668,0.0031444444444444337,0.0001,0.012904444444444399,0.014377777777777767,42.22222222222222,157.9296875,166.828125,101103.0,-1.7141574249999999e-06,0.020027160750000002,278.2482725,279.78425026968716
2021-11-02 18:00:00,-14.511719037234068,0.8075448643619849,35.08243286976428,1133.7431,957.6927000000001,437.7735,270.9649816666667,9.035150000000002,0.00250666666666665,0.00189666666666665,0.0002,0.020261666666666626,0.018806666666666652,100.0,656.68359375,844.8671875,100778.71875,-2.4074739450000004e-05,0.52717590625,276.16099875,580.6346637900036
2022-04-17 16:00:00,10.193381776133345,0.8031267934442334,34.63084793421035,1132.9887,1003.8552,1003.8552,242.676975,2.5855383333333335,0.0008,0.0009,0.0003,0.009223333333333274,0.010158333333333325,0.0,924.6015625,942.79296875,101392.796875,-2.2543245249999997e-06,0.0,265.16321875,995.433297375045
2021-11-30 19:00:00,-21.527774228720276,0.9415896053011915,45.43201088375364,972.4418,807.6813,766.4726,266.23524166666664,10.01702,0.0009,0.00195499999999995,0.0001,0.01053666666666665,0.016348333333333298,7.3,603.8125,675.6484375,100440.85062499999,-4.53932435e-06,0.18832016375,274.7378625,777.4541531823086
2021-12-09 15:00:00,-22.7421856205144,0.6722808433703537,10.55480174617225,1377.1566,1169.9904999999999,802.9202,254.52486499999998,12.362056666666668,0.0017,0.000855,0.0002,0.021213333333333324,0.025226666666666626,97.0,791.109375,1134.3202999999999,101418.69437499999,-0.000105563258125,0.9931221112499999,279.1842925,661.071556993887
2021-10-22 18:00:00,-10.773749884875478,0.8216729912960276,36.46245575092192,1112.6565,970.67,916.6805999999999,272.16217,3.645285,0.000648333333333325,0.001249999999999975,0.0001,0.00327499999999995,0.011096666666666625,11.466666666666667,775.04296875,858.50390625,99951.59125,-1.7544080124999999e-06,0.35187148749999997,257.745965,494.26465300251704
2021-11-15 17:00:00,-18.30313281994917,0.7034515715412347,20.03305370217943,1307.4004,1145.8627999999999,782.1023,268.55514,4.168785,0.001545,0.00187,0.0002,0.0121,0.02179499999999995,100.0,1000.25390625,1044.3359687500001,100453.30625,-2.512009825e-06,0.68607711875,262.46844999999996,1086.0481841064366
2021-06-23 18:00:00,23.45217923065783,1.2020064336325174,56.659984063979564,757.4377,642.896,411.1206,271.92528833333336,2.9662216666666668,0.001483333333333325,0.000384999999999975,0.001359999999999975,0.016043333333333302,0.0209833333333333,49.5,544.33984375,548.5625,100881.35875,-1.6854319374999999e-06,0.086631774875,248.67967625,499.0417116145271
2022-01-19 15:00:00,-20.507774526977382,0.6844324347609384,15.068270204992332,1356.038,1147.8834,779.2284,253.80957166666667,12.48395,0.002233333333333325,0.0002,0.0,0.029164999999999948,0.022336666666666626,70.4,783.62890625,1120.9648124999999,101849.078125,-0.0001033942375,0.9354057499999999,280.80545,1010.4908306364615
2021-12-04 19:00:00,-22.13925604196169,0.9337706429859941,44.957130367104725,981.5604,802.5829,179.4895,259.55561166666666,15.725123333333334,0.0008,0.0005,0.0,0.010518333333333326,0.015113333333333326,100.0,387.02734375,662.8125,101451.115625,-2.975092525e-05,0.818943035,280.874675,519.435454872348
2021-09-24 15:00:00,-0.14039254123672726,0.7390682170890552,26.594862598280812,1234.3469,1073.8038999999999,1073.8038,277.14907833333336,3.8663849999999997,0.00589999999999995,0.0014266666666666499,0.0013,0.0358083333333333,0.04801666666666665,0.0,1029.234375,1044.878925,101700.59375,-1.4769815625e-05,0.012386322,270.710545,1073.930240920532
2021-10-08 11:00:00,-5.569627024419794,1.8945318417682233,69.60350684036061,483.7909,370.8584,187.664,266.222905,8.557896666666666,0.00172666666666665,0.001243333333333325,0.0011250000000000001,0.015088333333333299,0.022068333333333325,53.516666666666666,425.96484375,441.421875,101464.203125,-1.6004778624999999e-06,0.971736925,273.3585125,305.3146350233729
2022-02-25 15:00:00,-9.38018590845197,0.7120070753782035,21.844084055262407,1298.6554,1097.4226,1097.4226,257.93417166666666,12.119988333333335,0.002,0.0003,0.0001,0.03213166666666665,0.02241999999999995,0.0,992.07033125,1093.1484375,101680.35875,-3.623153325e-05,0.00511550895,275.2457275,1059.5379359942465
2022-02-02 11:00:00,-17.052092343725047,2.044916670744292,71.16483778484928,441.1283,323.1874,187.1003,253.82778333333334,12.833968333333333,0.0028,0.0001,0.0001,0.02265666666666665,0.025373333333333276,100.0,107.26171875,384.91796875,102016.40875,-2.5974120749999998e-05,0.0,277.9052375,151.3430420711974
2022-01-04 17:00:00,-22.797932977796375,0.6824714001783597,14.443765837250636,1359.9268,1191.5391,1056.3139,258.9302,4.863853333333333,0.0004,0.0006,0.0001,0.004788333333333325,0.010509999999999974,24.18333333333333,1077.6444999999999,1114.5546875,100541.665625,-1.2529257125e-05,0.11082458375,267.83459625,1179.6835670622079
2022-04-09 13:00:00,7.28344677986025,1.1006857633850242,53.11243736721219,833.6603,695.9691,503.5088,246.6342083333333,6.4889,0.0005066666666666501,0.0010366666666666502,0.0001,0.007449999999999975,0.03471499999999995,70.43333333333334,481.65234375,726.01171875,101672.125,-2.685876075e-06,0.986160275,277.16262125,633.5760517799353
2022-03-08 18:00:00,-5.185025855076702,0.7946210111869091,33.73202802511026,1153.4794,963.2072000000001,476.99519999999995,259.22072333333335,12.969751666666665,0.00149166666666665,0.0003,0.0001,0.02844166666666665,0.0207633333333333,93.51666666666667,759.02734375,866.6640625,101072.3725,-2.9119838e-06,0.7580146625,276.58518625,862.5728155339805
2022-04-11 13:00:00,8.025071516006154,1.1096526536342044,53.45942099631218,826.5346,747.3614,747.3614,249.25814833333334,0.4319966666666667,0.00030666666666665,0.001314999999999975,0.0002,0.00321999999999995,0.0124333333333333,0.0,765.4609375,765.76953125,101389.93125,-2.1687883749999998e-06,0.0,255.6758525,715.5789284430061
2021-11-14 16:00:00,-18.040896407164666,0.6677315631528437,8.197821170965259,1379.1173,1188.0944,947.3349000000001,265.30703,7.9662500000000005,0.002768333333333325,0.002314999999999975,0.0001,0.0241783333333333,0.02412499999999995,14.683333333333334,1035.76953125,1111.7148124999999,100810.525,-2.8654467249999997e-06,0.48468399125,272.434425,1060.611290902553
2021-06-05 15:00:00,22.46364309335607,0.996642198631734,48.47376590825691,908.7577,796.1038,796.1038,265.6617,2.0531333333333333,0.0013,0.0002,0.001989999999999975,0.013459999999999975,0.051806666666666626,0.0,734.3828125,771.7578125,101417.67874999999,-2.566201125e-06,0.0,245.84285125,793.4466019417475
2022-01-04 21:00:00,-22.797932977796375,1.7954539266226062,68.42152733654763,502.0131,392.3814,32.8617,258.66391833333336,6.760965000000001,0.0006,0.0006,0.00011666666666665001,0.006596666666666625,0.012856666666666626,100.0,250.51953125,269.875,100673.734375,-5.214824437499999e-06,0.64118576375,276.4974375,293.8349514563107
2021-12-23 13:00:00,-23.424371287267974,0.8518059726926742,39.124420600604296,1084.2077,891.9648,315.40139999999997,249.66614666666666,17.206771666666665,0.000833333333333325,0.0,0.0,0.012401666666666625,0.0084933333333333,100.0,203.375,903.0390625,102039.42125,-3.6884275e-05,0.2809486375,279.97747749999996,404.21251348435817
2021-10-16 18:00:00,-8.589403018842617,0.830352339816154,37.26584779017925,1100.1662000000001,991.7541,991.7538999999999,271.26534833333335,1.4886733333333333,0.0007,0.00120166666666665,0.0002,0.0042,0.013319999999999974,0.0,840.49609375,864.83984375,100270.985,-1.4790275625e-06,0.0,244.81605875,966.5947500898957
2021-09-03 12:00:00,7.845917462718833,1.5758448968508267,65.2222037156392,587.2193,465.8097,220.3766,269.59087999999997,5.14452,0.0051133333333333,0.00073166666666665,0.000705,0.03209999999999995,0.04889166666666665,81.73333333333333,373.24609375,516.875,102111.34375,-2.584070875e-06,0.0,278.56447,443.49154980222943
2021-06-10 20:00:00,22.958939285626407,2.8339343326522295,76.53705994359822,332.0762,260.03860000000003,237.5779,253.12183999999996,1.9433433333333332,0.00159166666666665,0.0020233333333332998,0.00180666666666665,0.01083666666666665,0.02375499999999995,33.83333333333333,160.19140625,162.8203125,101748.9,-3.8891448750000003e-07,0.0,255.13369375000002,233.87450557353466
2021-12-30 17:00:00,-23.19418976492388,0.6838706974367669,14.89236132744513,1356.4622,1156.0334,434.48159999999996,254.32488999999998,11.192541666666667,0.0008,0.0005,0.0004,0.0135583333333333,0.0233083333333333,81.35,1040.9805000000001,1084.7343437499999,101036.6875,-0.00010399503,0.4056587225,277.496245,1198.5311039194532
2021-12-31 15:00:00,-23.13025603340483,0.6776428603182899,12.761757362426627,1369.208,1172.1121,1124.9798,253.564315,9.149988333333333,0.0021,0.0005,0.0005,0.02624499999999995,0.0272633333333333,27.200000000000003,1012.41796875,1144.6601375,101416.53375,-8.45455775e-05,0.08655929775,280.80065749999994,1161.6145271485077
2021-09-27 11:00:00,-1.3089028703320174,2.1578519043627833,72.18631339238003,427.6071,329.51610000000005,140.0266,262.14545000000004,3.17837,0.003664999999999975,0.00159666666666665,0.000805,0.023226666666666625,0.0359433333333333,72.51666666666667,398.5703125,398.9375,102261.67125,-1.0233197625e-06,0.0,273.5924225,303.9572096368213
2022-03-14 15:00:00,-2.83133541238714,0.7376783180648693,26.37829086050533,1248.1841,1066.967,866.6096,255.02563666666668,9.178831666666667,0.0007683333333333251,0.001225,0.0002,0.009354999999999974,0.017446666666666624,15.216666666666665,979.015625,1055.3319999999999,101636.125,-3.1900765625000006e-05,0.12364959875,271.66781749999996,1045.6220783890687
2021-09-19 11:00:00,1.8013605201454888,2.423144157894642,74.19448405204959,383.7623,285.3161,96.7219,277.0517,7.982855,0.00152,0.000185,0.00063166666666665,0.015656666666666624,0.01434999999999995,69.26666666666667,350.34765625,351.59179875,101605.21625,-1.191423525e-06,0.30181121749999995,276.55094875000003,260.06472491909386
2021-05-08 13:00:00,16.86541417011425,1.2596661369935076,58.370447020877435,724.5395,612.6917000000001,399.9681,243.62678499999998,2.9807516666666665,0.00099166666666665,0.000375,0.0021,0.011064999999999974,0.017419999999999998,100.0,617.13671875,650.60546875,101851.765625,-1.0701769375e-06,0.9425506375,266.2392125,384.88133764832793
2021-11-28 15:00:00,-21.180550001136528,0.671196095640557,10.045405476955537,1376.9051,1193.2768,1058.0018,271.782385,6.943593333333333,0.001299999999999975,0.0027,0.0001,0.0128933333333333,0.013666666666666626,5.016666666666667,975.21484375,1152.0351375,100639.77437500001,-9.23191e-06,0.25080108875,268.4976475,1180.348795397339
2022-03-11 18:00:00,-4.011667131882717,0.8028664698356376,34.603922790709774,1140.5914,953.5509,538.7336,262.71419833333334,13.711888333333334,0.0008,0.0002,0.0001,0.01095166666666665,0.009433333333333325,97.0,421.82421875,847.890625,101280.01625,-1.19960895625e-05,0.5337066625,278.31929375,503.6677454153182
2021-07-13 19:00:00,21.957530533506088,1.50383210596509,63.94752391678673,610.2292,486.7272,110.9428,265.35489666666666,7.250988333333334,0.002684999999999975,0.0007,0.000918333333333325,0.02520333333333325,0.03678166666666662,100.0,290.35351375,385.0,100889.56,-1.243926815e-06,0.139465330625,260.25286875,556.2423588637181
2021-12-16 13:00:00,-23.272224064091127,0.843454239849134,38.42113442999061,1095.0661,908.4567,359.36,257.85161,13.272836666666667,0.0016766666666666499,0.0011,0.0002,0.0195233333333333,0.02237666666666665,88.35,708.296875,929.375,101768.078125,-3.201741475e-05,0.36737442312499996,278.44605624999997,264.91729593671346
2021-12-16 10:00:00,-23.272224064091127,3.220678629404499,78.18236652827235,349.426,243.97000000000003,34.2752,258.49575000000004,13.591876666666668,0.0016533333333333,0.0011,0.0002,0.020576666666666653,0.0231833333333333,100.0,191.20703125,308.1171875,102019.484375,-1.4522781874999999e-05,0.7273635625000001,279.6912875,151.34843581445523
2021-12-07 12:00:00,-22.522986529463115,1.0544829575744334,51.202523866365375,872.3240000000001,702.301,246.3265,258.86123,16.302355000000002,0.0014,0.000683333333333325,0.0001,0.015604999999999975,0.008666666666666649,100.0,188.36328125,722.859375,102163.75,-4.1404535125e-05,0.166484835,280.70575125,271.28371089536137
2021-08-06 15:00:00,16.921849289144873,0.9150166415006283,43.76773806514808,993.4699,895.0489,895.0489,274.70072333333337,0.9549266666666666,0.0026,0.003308333333333325,0.0018,0.01246,0.040496666666666625,0.0,869.603525,869.921875,102001.796875,-1.295207775e-06,0.0,248.6266975,882.8658755843221
2021-08-18 13:00:00,13.355994618466495,1.227024147444376,57.42589524179592,748.8105,651.5549,620.1714,275.87972666666667,1.3056583333333331,0.00214666666666665,0.00076666666666665,0.001135,0.01264999999999995,0.05965499999999997,2.0166666666666666,683.0995937499999,683.468725,102037.6725,-1.5607511e-06,0.0,260.54020625,635.1546206400575
2021-12-04 12:00:00,-22.13925604196169,1.0504894219123926,51.02705054916691,875.777,707.1025,332.33950000000004,263.625705,15.049978333333334,0.00096666666666665,0.00086,0.0001,0.015549999999999975,0.0180383333333333,100.0,97.78515625,721.43359375,102056.35062499999,-5.0345609375e-05,0.96137618875,279.79275,495.0934915498022
2022-03-12 19:00:00,-3.618856729348031,0.9736830937797002,47.26507179572455,936.0309,780.8131000000001,732.6776,260.32352000000003,8.095690000000001,0.001784999999999975,0.001134999999999975,0.0001,0.018611666666666624,0.01441,6.266666666666667,592.0703125,661.04296875,100834.0775,-1.7233833e-05,0.045490265,274.988225,774.8417835311038
2021-11-26 20:00:00,-20.806526282480835,1.2984885098217664,59.42070395248605,697.9862,554.4072,254.6261,261.95977500000004,11.967216666666666,0.0012,0.0005,0.0003,0.0131,0.0223633333333333,86.18333333333334,355.1875,420.02734375,101042.015625,-2.179676075e-05,0.5919113125000001,272.76484375,378.9050701186623
2021-12-17 18:00:00,-23.317297340193075,0.7622590336122965,29.891154516840643,1211.7818,1016.4227,570.6538,255.2216183333333,12.417551666666668,0.0021,0.0009,0.0001,0.02550999999999995,0.021971666666666625,75.23333333333333,703.3125,915.234375,101306.43062500001,-2.4051900249999998e-05,0.15766525625,275.85189625,764.8561668464581
2021-11-09 18:00:00,-16.652202422289594,0.7994411188929261,34.24626559863295,1146.3931,969.496,529.2636,275.4735866666667,8.23475,0.0029,0.004394999999999975,0.000478333333333325,0.02434666666666665,0.029614999999999975,100.0,734.3984375,849.79296875,100960.546875,-3.610621275e-06,0.8020744375,272.5977625,469.12621359223294
2021-12-27 19:00:00,-23.33956277459816,0.8948797407965403,42.40371742255564,1030.3351,848.1258,679.0387000000001,255.14074166666666,14.8884,0.0004,0.0001,8.333333333333334e-05,0.00846666666666665,0.021266666666666625,85.51666666666667,438.2734375,719.546875,101346.25,-4.438363225e-05,0.6158561525,281.54601875000003,324.3257820927724
2021-10-28 11:00:00,-12.862342290550107,1.6220114292007533,65.97364036134613,563.1743,444.87760000000003,248.91109999999998,273.2694,6.695391666666667,0.001838333333333325,0.000918333333333325,0.0001,0.014488333333333325,0.01977999999999995,56.550000000000004,507.5625,507.859375,102569.78125,-7.7311416875e-07,0.0,272.92614375,405.70837828119375
2021-11-24 17:00:00,-20.40639665128032,0.6984833619004983,18.883004397117585,1319.0855000000001,1122.2762,1036.963,264.42717833333336,11.286983333333334,0.0013,0.000985,0.0001,0.012399999999999975,0.015835000000000002,62.7,995.1680000000001,1026.08984375,100969.009375,-0.00011644175375,0.97276307625,280.28894125,968.5994246673857
2022-01-20 14:00:00,-20.300057321192305,0.7538502497862756,28.759126091396265,1228.8861,1039.2636,457.8396,255.53608333333335,11.401981666666666,0.000704999999999975,0.0001,0.0,0.010861666666666625,0.009444999999999974,99.33333333333333,856.0390625,1044.51955,101805.390625,-9.9623544375e-05,0.038135529375,280.039985,1018.9949658396259
2021-08-07 13:00:00,16.64759119582359,1.3185232301592833,59.93432006894425,697.7617,609.2224,609.2225,273.72126000000003,1.039125,0.002335,0.00124166666666665,0.003105,0.01058666666666665,0.0385033333333333,0.0,643.478525,643.84765625,101856.484375,-9.510258625e-07,0.0,254.5978625,587.1646889608054
2021-08-01 14:00:00,18.223378839539592,1.0642830511270156,51.62577569872378,857.5201,725.2438999999999,662.7522,282.72180000000003,4.824838333333333,0.001724999999999975,0.0004,0.002,0.010471666666666626,0.03642833333333328,3.1333333333333333,655.74609375,735.4629062500001,102918.19437499999,-9.362120124999999e-07,0.087402344375,267.56991875,682.2491909385113
2021-05-10 14:00:00,17.406567916208562,1.0186681788765308,49.56259717279369,891.6592,737.2208,735.9537,243.58553666666668,7.039533333333334,0.006084999999999925,0.0010383333333333,0.001858333333333325,0.0495833333333333,0.05241166666666662,0.0,743.01171875,758.333975,101708.38375000001,-1.44398655e-06,0.0,273.6575625,734.4893923049262
2021-10-28 14:00:00,-12.862342290550107,0.7328711613823256,25.60961695922945,1252.9942999999998,1082.8779,907.6718000000001,270.870025,6.183669999999999,0.0018,0.00159,0.0001,0.012251666666666626,0.021414999999999976,43.31666666666666,1078.6484375,1078.3046875,102008.75625,-5.8229780624999995e-06,0.11577224249999998,272.47341,1051.0068320747932
2021-07-27 15:00:00,19.401025123164494,0.9536271002601627,46.14064991237351,952.9451,840.1775,840.1775,276.79542000000004,2.0048500000000002,0.0027,0.0008,0.0020150000000000003,0.01416166666666665,0.027899999999999973,0.0,803.3925875,815.71484375,101368.290625,-1.471082175e-06,0.0,264.08697625,806.6576770945703
2022-02-22 20:00:00,-10.481698530653333,1.2095415284136397,56.89470983257421,751.3984,597.745,154.6438,252.92698,15.01275,0.0007,0.0005,0.0002,0.010848333333333324,0.022559999999999976,99.06666666666666,365.234375,471.5859375,101329.46875,-1.1086405849999998e-05,0.806377415,277.51964499999997,646.3843941028407
2022-04-06 19:00:00,6.155857075258399,1.1304956983337733,54.23902440294229,802.7257999999999,637.4668,447.8138,235.74725,12.864239999999999,0.0027,0.00086,0.0003,0.040876666666666624,0.10729666666666665,50.75,456.796875,534.39453125,101153.67874999999,-5.683308449999999e-06,0.40667724625,277.4089275,644.4066882416396
2022-01-24 20:00:00,-19.405991243746065,1.1365368855079665,54.45825183239138,806.8705,645.6809000000001,75.1687,253.96861333333334,15.640986666666665,0.0007,0.0,0.0001,0.013736666666666624,0.00827,100.0,288.46875,515.3203125,101211.390625,-2.2063177374999998e-05,0.9987488,279.18111875,679.9658396260338
2021-09-03 16:00:00,7.845917462718833,0.7817120635464425,32.2866899463467,1162.5759,998.2647,998.2645,266.952135,4.717428333333333,0.008534999999999975,0.001974999999999975,0.0008849999999999999,0.049661666666666625,0.05508999999999995,0.0,943.89453125,951.7421875,101235.435,-3.530731175e-06,0.03401184,270.96537625,957.7849694354547
2021-09-07 13:00:00,6.370917587138424,1.0694710406470143,51.84571543969638,856.6566,718.4218,716.8962,272.02258666666665,5.53603,0.0025783333333333,0.00063999999999995,0.00091666666666665,0.02078499999999995,0.02361,0.0,749.86328125,750.48046875,101028.521875,-1.883949125e-06,0.11421203625000001,259.30048750000003,680.4117224020137
2022-03-06 16:00:00,-5.961962845709774,0.6967835741098776,18.469780635102605,1322.5337,1119.1163999999999,979.4978,260.96207499999997,12.873461666666667,0.001558333333333325,0.0003,0.0001,0.02460499999999995,0.018388333333333298,100.0,1064.1367500000001,1092.6562,100930.24124999999,-6.402115125000001e-06,0.95787048125,271.6876175,1043.8007910823444
2022-04-17 13:00:00,10.193381776133345,1.1383953366707138,54.52510525678737,804.6368,695.8583,557.5018,245.80631833333334,2.46285,0.00060166666666665,0.0008,0.00023166666666665,0.007276666666666625,0.00945999999999995,30.383333333333333,671.484375,717.15234375,102046.52437500001,-1.658016075e-06,0.0,271.89225375,359.53434016540814
2021-05-30 18:00:00,21.65366402283894,1.1756592740254423,55.81027833665769,772.1422,664.4175,476.43949999999995,256.20408,1.7913466666666666,0.004498333333333325,0.00180166666666665,0.0035783333333333,0.0254683333333333,0.054528333333333276,96.75,545.5859375,573.109375,101232.234375,-1.2009695624999999e-06,0.97322845,246.11843875,541.0104279036318
2022-01-20 13:00:00,-20.300057321192305,0.8949917554961152,42.411574554543584,1031.2698,856.6933,461.9445,255.01352499999996,11.7918,0.000835,0.0001,0.0,0.013494999999999924,0.0104333333333333,94.75,730.578125,886.609375,101934.509375,-8.447683624999999e-05,0.016361236375,280.15921249999997,707.8604818410643
2022-01-13 14:00:00,-21.614433766280886,0.7479387101645243,27.92234085266037,1238.5762,1049.9898,1049.9898,256.9495766666667,7.51414,0.0061,0.0001,0.0001,0.05289499999999998,0.01966,0.0,1069.4375,1070.9296875,101897.821875,-8.955289374999999e-05,0.0,275.930825,1046.58396260338
2021-07-19 12:00:00,21.003003804078357,2.3620489701200413,73.77373575394995,399.2052,304.3858,218.36990000000003,267.617585,2.9655716666666665,0.004536666666666625,0.00102166666666665,0.0019416666666666501,0.03316999999999998,0.03685499999999995,54.983333333333334,366.6875,368.09765625,102458.27437500001,-1.235806825e-06,0.0,270.31271125,297.56382596188416
2021-08-18 15:00:00,13.355994618466495,0.8659357690950891,40.260823016989,1050.1973,945.0622,945.0622,274.7140766666667,1.1358616666666665,0.0019,0.0007,0.0013,0.01054,0.0692833333333333,0.0,916.98243125,917.3105625000001,101605.44375,-2.341374075e-06,0.0,255.72728124999998,917.2419992808341
2022-03-16 13:00:00,-2.0419762587084924,1.014255355006873,49.34965290672466,909.7524,753.3448000000001,555.3269,251.35019666666668,8.756551666666667,0.0016250000000000001,0.0002,0.0004,0.02384,0.026156666666666627,95.0,784.875,802.51953125,101872.55625,-1.907662975e-05,0.050453186250000004,271.56369,762.9611650485436
2022-02-07 19:00:00,-15.562345168274216,0.8811831722753352,41.41853733900291,1044.9161,862.4316,511.2998,255.98429833333333,11.903665,0.0024,0.00229666666666665,0.0001,0.028126666666666626,0.051723333333333274,81.81666666666666,576.19140625,747.08984375,101451.73375,-6.93530875e-05,0.45775223125,280.04085625,848.0834232290542
2021-05-22 20:00:00,20.225817502480506,2.6415661069090137,75.53381678031225,351.2274,288.2207,288.2207,263.9415266666667,1.0449966666666668,0.0007,0.0002,0.0006,0.0053,0.011293333333333301,0.4,179.45703125,180.765625,100777.4,-1.9664911875e-07,0.0,243.60607125,256.084142394822
2021-10-08 16:00:00,-5.569627024419794,0.700678615484324,19.401265334752956,1304.2763,1124.2381,890.2259,268.0834183333333,6.9940283333333335,0.00308666666666665,0.0019,0.001658333333333325,0.02701499999999995,0.02984999999999995,69.53333333333333,997.4452812499999,1068.7226249999999,100379.2875,-3.0753144625e-06,0.8846092125,266.45365375,938.2506292700467
2021-05-27 13:00:00,21.163504364849103,1.3834292365303416,61.48014922104559,660.5395,536.5215,264.9674,257.17145666666664,7.050045,0.0011716666666666499,0.000313333333333325,0.0023,0.013284999999999974,0.030173333333333302,100.0,485.09765625,571.0859375,101819.296875,-9.5932044375e-07,0.94375610625,268.84839,256.6127292340885
2021-10-31 11:00:00,-13.862959575349032,1.597908174971667,65.58729554802024,571.678,438.67510000000004,249.2572,266.82593833333334,8.188566666666667,0.00453666666666665,0.0048,0.0001,0.03792333333333332,0.04594166666666665,38.08333333333333,458.15625,506.6875,102137.69,-9.53295975e-07,0.0,276.62170625,414.41028407047827
2022-02-02 13:00:00,-17.052092343725047,0.9186130446858622,44.00158609596353,1005.342,824.1638,468.0437,252.64589999999998,13.537213333333334,0.00295,0.0001,0.0001,0.026041666666666626,0.0295333333333333,91.48333333333333,316.3203125,857.75,101840.103125,-6.761442725e-05,0.0,278.9515975,268.9014742898238
2021-11-29 14:00:00,-21.357553846169253,0.7210692084214063,23.576344702818574,1281.6529,1095.4104,699.5288,268.1916,8.654233333333334,0.001769999999999975,0.0032199999999999746,0.0001,0.01762166666666665,0.01814666666666665,100.0,827.3359375,1075.9687,101124.93062500001,-6.0329912e-05,0.9096412625,276.27601375,749.093851132686
2021-05-08 17:00:00,16.86541417011425,0.9297946294820388,44.71104380968704,973.4842,847.9259,575.942,242.87608666666665,2.82993,0.001,0.0006,0.001948333333333325,0.013126666666666651,0.0193,95.63333333333334,718.390625,775.54296875,101028.19375,-1.2099917625e-06,0.97275925,257.64133125,597.4883135562748
2021-10-05 18:00:00,-4.415599318817538,0.8487288770000206,38.86815763464953,1074.5764,942.702,829.8,269.901525,2.534225,0.00289166666666665,0.00105166666666665,0.00063166666666665,0.019719999999999974,0.02486499999999995,30.25,809.375,825.19921875,99946.65875,-2.552260375e-06,0.8661422750000001,250.54444125,908.7792161093131
2021-08-04 14:00:00,17.45666672309083,1.0493757216370905,50.9777991588897,869.7325000000001,725.0407,504.2863,285.1023666666667,7.937623333333333,0.001389999999999975,0.00046,0.00129166666666665,0.01090666666666665,0.031588333333333274,94.25,588.4570249999999,730.7245937499999,102451.65875,-4.087487375e-06,0.80900574125,274.00631749999997,570.6274721323265
2021-10-16 20:00:00,-8.589403018842617,1.5123092720524607,64.1046123397962,600.3752,513.6304,513.6305,270.78070333333335,1.6115616666666668,0.0007,0.000759999999999975,0.0002,0.0042,0.013045,0.0,362.3671875,371.4296875,100195.459375,-5.163019475000001e-07,0.0,243.52402375,467.08198489751885
2021-11-11 17:00:00,-17.222734070984142,0.7059607102712675,20.58459358033339,1301.7473,1114.0356000000002,775.708,267.836665,8.512248333333334,0.00309,0.0022483333333333253,0.0004,0.021419999999999974,0.02424,86.51666666666667,856.859375,1014.0273125,101149.51625,-4.123663625e-05,0.0474014280625,277.63205,1141.3987774181949
2021-11-09 20:00:00,-16.652202422289594,1.3849257215363269,61.51382306856255,653.6716,515.2198,95.0248,274.31211333333334,9.11525,0.0028,0.0055433333333333,0.0004,0.02300499999999995,0.0330283333333333,100.0,308.43359375,380.08984375,101009.8125,-1.2884848e-06,0.67486572125,275.69897499999996,174.74289823804384
2021-12-27 21:00:00,-23.33956277459816,1.8457839272840628,69.03897802942933,486.7446,362.7858,30.2133,254.16789666666668,15.228605,0.0005,0.0001,0.0001,0.009484999999999976,0.026119999999999977,100.0,159.76171875,239.3203125,101440.740625,-1.56922321875e-05,0.91883469375,279.26437125,42.27076591154261
2022-02-11 21:00:00,-14.289328586144947,1.8479092814868257,69.0642569075366,484.7725,367.0516,175.8963,264.48015,8.945603333333333,0.00109666666666665,0.002,0.0,0.0109633333333333,0.047869999999999954,82.86666666666667,223.56640625,249.1796875,100960.975,-2.00349313625e-05,0.0132713315,279.36774375,353.140956490471
2021-07-15 14:00:00,21.663912209970434,1.1338973158324845,54.36282631316098,804.2944,689.6933,630.0944,274.5931233333333,2.6158783333333333,0.002039999999999975,0.0007750000000000001,0.00109166666666665,0.015719999999999977,0.03271666666666662,7.466666666666665,678.4628749999999,695.374975,101522.078125,-1.656269875e-06,0.0,264.76935249999997,665.5231930960086
2021-11-03 12:00:00,-14.83025116777634,1.0639004241235845,51.609443080698604,862.4051,723.6721,372.4,277.3157916666667,5.634951666666667,0.001075,0.00143,0.0001,0.009436666666666649,0.0141766666666666,82.33333333333334,651.05859375,750.6796875,101610.33687500001,-2.8629147125e-06,0.019969940000000002,277.49578,707.3372887450557
2021-05-09 18:00:00,17.13836016387596,1.0815918588877653,52.348849731043,837.6188999999999,699.9652,533.5500999999999,242.85140166666667,5.762106666666666,0.002468333333333325,0.001288333333333325,0.0014,0.026414999999999977,0.03151833333333332,66.9,502.1171875,606.41015625,100837.196875,-8.487258875e-07,0.276958465,260.545025,594.6943545487235
2021-07-28 16:00:00,19.175893145969926,0.9119903459680556,43.56874817380104,994.7271,875.2917,875.2918,284.9488816666667,2.1468166666666666,0.003304999999999975,0.00084666666666665,0.0017,0.018291666666666626,0.03939999999999995,0.0,806.1504062500001,823.234375,101307.490625,-1.6123230625e-06,0.0,260.92549875000003,855.1959726717008
2022-02-05 14:00:00,-16.172484795464626,0.7691555576384789,30.77363529574902,1204.2094,1022.5325,705.4999,266.43449,8.310126666666665,0.0015,0.0033,0.0001,0.0177,0.05132666666666665,77.56666666666666,889.3984375,1049.921875,101594.64937500001,-0.00010137478400000001,0.13331222474999999,277.40329375,980.6652283351312
2022-01-13 13:00:00,-21.614433766280886,0.88308217827049,41.55810526058639,1045.0778,870.7549,870.7551,257.5145,7.3220366666666665,0.0061,0.0001,0.0001,0.05365833333333327,0.02087,0.0,898.21875,917.859375,102065.23375,-7.447606e-05,0.0,276.52990625,869.2394822006472
2022-03-02 17:00:00,-7.499171310722627,0.7093203261413575,21.295835667724216,1298.2205000000001,1081.9995,624.2612,257.6557816666667,15.276598333333334,0.00317666666666665,0.000568333333333325,0.0001,0.05627666666666665,0.038371666666666596,81.51666666666667,865.31640625,1017.375,101239.165625,-4.3665640875000004e-05,0.33509064125,281.705625,1155.6005034160373
2021-11-05 10:00:00,-15.455033828294374,3.316103150135083,78.52799289139702,351.12980000000005,244.5156,51.3242,272.62488333333334,9.845759999999999,0.0019,0.00238666666666665,0.0002,0.03385,0.03240999999999995,64.3,280.953125,316.9765625,101595.55562500001,-2.5687623000000003e-06,0.00040054321249999997,278.95514375,163.70010787486515
2022-04-15 20:00:00,9.480770957900935,1.8432761600182277,69.00907025629456,491.453,414.1447,414.1447,242.93519,1.3375016666666666,0.0009,0.000738333333333325,0.0006,0.006731666666666625,0.0174433333333333,0.0,280.8984375,288.39453125,100371.134375,-3.915283875e-07,0.0,242.22805499999998,378.2308522114347
2021-08-20 13:00:00,12.708712404038568,1.2103196759449653,56.91874790632391,758.9374,671.0539,671.054,267.5891916666667,0.789145,0.002061666666666625,0.0012,0.000753333333333325,0.00915666666666665,0.0456383333333333,0.0,696.1425624999999,696.5019625,101814.3125,-1.1829833999999999e-06,0.0,256.9633725,650.3110391945343
2021-12-28 20:00:00,-23.298866337354657,1.1735012039843382,55.73860220455139,779.9712,615.833,256.9753,252.661445,15.499975,0.001503333333333325,0.0001,0.0001,0.03028666666666665,0.0315316666666666,100.0,295.53125,492.26171875,101480.265,-3.544226625e-05,0.7480392475,279.4598125,437.6591154261057
2021-08-06 12:00:00,16.921849289144873,2.0763986289354253,71.46137930849963,451.96569999999997,380.499,321.0878,273.08541833333334,0.8042433333333333,0.00161499999999995,0.00224166666666665,0.00143,0.007843333333333275,0.024449999999999975,32.83333333333333,431.927725,432.74413125,102487.396875,-6.706395675e-07,0.0,253.60216624999998,361.7170082704063
2021-11-23 18:00:00,-20.196769243998993,0.7846093433041557,32.620208962396745,1170.8573,968.9706,644.3684000000001,257.472625,14.120448333333334,0.003918333333333325,0.002326666666666625,0.000213333333333325,0.04487166666666662,0.03977166666666662,100.0,681.05078125,863.8046875,101099.13375000001,-3.5788397875e-05,0.8416862374999999,276.06005749999997,721.9237684286227
2021-10-09 20:00:00,-5.952169923211082,1.549730479123458,64.77518005178305,586.3864,470.6484,237.2215,264.812545,5.8051216666666665,0.0015,0.000123333333333325,0.00132,0.012314999999999975,0.022174999999999976,72.46666666666667,314.44140625,337.49609375,100009.203125,-8.0160680625e-07,0.006214141875,247.710575,348.04027328299173
2021-09-27 13:00:00,-1.3089028703320174,0.9485024093544551,45.84220068555341,964.5412,827.926,827.926,262.62113666666664,2.9351716666666667,0.004259999999999975,0.0021616666666666503,0.00094,0.027179999999999975,0.04129166666666665,0.0,849.69140625,850.0546875,101922.4975,-2.264016075e-06,0.0,272.58789875,800.8683926645091
2021-08-18 19:00:00,13.355994618466495,1.2610148468614104,58.40822008867893,721.4863,623.7408,623.7407,271.3658966666667,1.1858583333333332,0.0023983333333333,0.000808333333333325,0.00149666666666665,0.01374999999999995,0.08079166666666662,0.0,505.02734375,505.25,100956.40625,-8.966017124999999e-07,0.0,243.3070425,602.8335131247752
2022-01-26 19:00:00,-18.92240212955681,0.8737096110817889,40.85950769400433,1056.5571,862.5621,76.2844,255.805735,17.570933333333333,0.0013,0.0,0.0001,0.0257233333333333,0.021214999999999973,100.0,200.58984375,744.59375,101363.685,-3.0271447124999998e-05,0.99864578125,280.33316875,593.8960805465659
2021-09-19 17:00:00,1.8013605201454888,0.7761746604718123,31.63345515886579,1172.5831,1006.2389000000001,696.3099,277.807105,6.582835,0.0021,0.0003,0.0011,0.022449999999999977,0.02046499999999995,94.78333333333333,752.08203125,920.29296875,100415.21875,-2.474058425e-06,0.8964576687500001,263.62108125,1001.4401294498382
2021-11-26 11:00:00,-20.806526282480835,1.516391144140461,64.17955232127424,602.3623,469.981,108.0233,265.5785833333333,10.969365,0.0015,0.0005,0.0003,0.016619999999999975,0.020274999999999974,100.0,441.43359375,518.12109375,102016.11624999999,-3.1469361125e-05,0.2549133225,279.14559499999996,342.84609852571015
2022-03-22 21:00:00,0.32893462043704336,2.7988833117316068,76.36484384129146,355.84,258.51013333333333,37.2804,247.07426666666666,8.450099999999999,0.0008177777777777667,0.0014,0.0001,0.009248888888888833,0.04096666666666663,57.355555555555554,133.0,154.640625,100973.84375,-1.4057149875000002e-06,0.1153793325,281.03924,235.2175476447321
2022-01-04 19:00:00,-22.797932977796375,0.8849760768064807,41.69632277737938,1043.3763999999999,891.1652,671.7103999999999,258.9241116666667,5.63975,0.0005,0.0006,0.0001,0.005471666666666625,0.01148499999999995,86.44999999999999,703.8203125,774.546875,100434.084375,-6.47970585e-06,0.2779808025,267.1315575,866.3843941028406
2021-11-06 19:00:00,-15.761050291893833,0.9917859291453233,48.22465419988386,920.0734,770.6783,679.1652,279.73888166666666,6.828103333333333,0.001558333333333325,0.0025966666666666248,0.0001,0.01208666666666665,0.012699999999999951,15.0,542.625,632.38671875,100845.55374999999,-7.458001875e-06,0.21046828875,274.96892625,760.1941747572815
2022-02-08 16:00:00,-15.250505772288365,0.6696976117365818,9.29340630508142,1384.1327,1180.7393,695.66,261.77853333333337,10.707793333333335,0.0018,0.002683333333333325,0.0,0.0201,0.04295166666666665,68.66666666666667,932.30078125,1138.203075,101608.11624999999,-0.0001298944975,0.10167312625,280.73697625,840.7497303128371
2021-12-05 13:00:00,-22.274409999983057,0.8334208090764518,37.5424071699777,1107.9569999999999,912.4272,357.3755,256.91438166666666,16.056333333333335,0.003673333333333325,0.0001,0.0,0.02258,0.014836666666666625,100.0,195.8828125,914.65234375,102317.453125,-4.9084744875e-05,1.0,281.0019875,719.9802229413879
2022-03-04 19:00:00,-6.733640141580796,0.9400430058275357,45.33901330537771,971.7922,801.8093,234.4069,256.76704666666666,10.98106,0.002255,0.000468333333333325,0.0002,0.027934999999999974,0.022631666666666626,97.8,577.74609375,687.35546875,100896.046875,-5.5528416875e-06,0.61054992625,274.94851375,535.7173678532902
2021-05-07 18:00:00,16.58781459482518,1.0707240386849397,51.89841674085899,846.0673,714.6901,714.6901,243.9423766666667,4.258165,0.002928333333333325,0.0003,0.001849999999999975,0.028811666666666624,0.0189883333333333,0.0,628.47265625,629.02734375,101096.0625,-9.786454e-07,0.0,261.3397775,698.6857245595108
2022-01-08 12:00:00,-22.34501797811082,1.1364200341464814,54.454039207536795,806.2845,639.3663,272.4841,259.9987033333333,15.21591,0.0013,0.00077666666666665,0.000245,0.0300333333333333,0.0342633333333333,100.0,581.796875,685.08984375,101834.0875,-1.983818925e-05,0.01837158225,281.30313125,376.90758719884934
2022-01-21 21:00:00,-20.08592570514902,1.7542350544764562,67.88734642385543,514.4973,389.8306,33.3085,261.5252683333333,14.058988333333332,0.0012,0.0,0.0,0.0117383333333333,0.00732666666666665,100.0,229.23046875,267.70703125,100924.40625,-1.945259225e-05,0.16706466625,278.45276,371.80690399136995
2021-07-02 20:00:00,23.11206262226696,2.6788037144955923,75.73962415897861,352.1372,286.2386,286.2386,260.32293833333335,1.1705616666666665,0.00103166666666665,0.0003,0.001553333333333325,0.009379999999999975,0.0173233333333333,0.0,180.73828125,180.9609375,101344.35250000001,-3.96190445e-07,0.0,241.91867125000002,266.977705861201
2021-09-27 19:00:00,-1.3089028703320174,1.0889402818976852,52.64681344147432,835.9214,699.9523,699.9523,261.08087666666665,3.71055,0.005,0.002634999999999975,0.0012,0.0318,0.05072,0.0,561.38671875,576.33984375,100940.0625,-1.1051724875e-06,0.0,266.125995,688.8673139158576
2021-05-04 12:00:00,15.727950717208849,1.8339318482777385,68.89685580588052,502.5893,413.5459,272.1201,244.41103999999999,2.1375766666666665,0.00118666666666665,0.0004,0.002484999999999975,0.01322499999999995,0.02710999999999995,92.96666666666667,425.96875,469.890625,101742.546875,-7.13509525e-07,0.9552307062500001,253.81313749999998,413.4681769147788
2022-02-12 13:00:00,-13.960779933652848,0.9381308824613313,45.22340490206358,985.0423,818.511,634.5849000000001,263.60396,9.166291666666666,0.0015,0.000644999999999975,0.0,0.017048333333333276,0.045718333333333326,86.25,540.32421875,851.671875,101842.27249999999,-8.04504375e-05,0.86337279375,279.9136125,859.9514563106796
2021-09-11 11:00:00,4.868093435556078,2.7711105533731906,76.22520234231992,378.2009333333333,303.7724,111.95120000000001,276.32109999999994,1.1654866666666666,0.0028,0.0008,0.0012,0.0168444444444444,0.0301533333333333,74.44444444444444,373.851565,374.195315,101914.0,-1.1856900499999998e-06,0.165130615,259.66403,281.675656238763
2021-06-30 19:00:00,23.235529226093274,1.5751899360099633,65.21119286519428,583.4576,505.8545,505.8545,256.622225,1.0594766666666664,0.0008500000000000001,0.0002,0.00183666666666665,0.0073733333333332995,0.01454999999999995,0.0,387.203125,387.5234375,101573.875,-9.98988975e-07,0.0,243.15422999999998,487.24919093851133
2021-07-21 15:00:00,20.636710882632716,0.9741939609191139,47.29284626745198,932.6049,801.3888,801.3889,267.06669666666664,4.401616666666667,0.000893333333333325,0.0003,0.0005,0.00561666666666665,0.01269166666666665,0.0,780.28711875,780.57421875,102153.46875,-2.54038605e-06,0.0,265.3382375,760.598705501618
2021-08-09 13:00:00,16.085804128930004,1.3021690525889786,59.51644901853126,706.3797,614.5563,465.24490000000003,274.17118833333336,0.8379683333333333,0.0034383333333333254,0.00153666666666665,0.003063333333333325,0.02389999999999995,0.05102999999999995,98.6,648.68359375,647.6523374999999,102084.86,-1.1545198125e-06,0.21600341624999997,257.92963875,606.6037396619921
2021-09-12 16:00:00,4.488693923545192,0.7555489726243408,28.993114762486606,1204.1707999999999,1064.051,644.4359000000001,276.9712916666667,2.5186416666666664,0.003613333333333325,0.0011,0.003013333333333325,0.02756999999999995,0.049068333333333276,100.0,978.77734375,1015.0155937499999,100833.921875,-2.93841005e-06,0.59285735,254.54293,610.3883495145631
2021-12-30 16:00:00,-23.19418976492388,0.6611849593327808,1.6455608145411629,1403.828,1203.7091,502.5186,254.77605,10.136441666666666,0.00089,0.0005,0.000333333333333325,0.0128783333333333,0.021778333333333302,55.6,1122.5390499999999,1157.6640750000001,101140.959375,-0.0001194596975,0.32938766249999996,277.21017374999997,1210.84142394822
2022-04-14 15:00:00,9.120518783238186,0.8165456465969273,35.972420048963365,1116.8624,964.548,963.739,241.87565,5.589838333333334,0.000619999999999975,0.0001,0.0003,0.00774666666666665,0.014626666666666625,0.0,677.4609375,936.609375,101772.18125,-1.6514677625e-06,0.0,271.6315925,957.6896799712333
2022-02-11 11:00:00,-14.289328586144947,2.1774691816080867,72.35238312479554,416.176,302.1876,153.5273,262.76367166666665,8.262853333333334,0.0013,0.00267,0.0,0.016906666666666598,0.07869666666666665,100.0,299.7109375,383.21875,101662.10062499999,-3.89639175e-05,0.0,279.65332375,173.85652642934195
2022-03-29 21:00:00,3.077709846778854,3.185032552667406,78.04782659034367,318.0056,241.0076,228.73799999999997,252.87054,3.5292355555555552,0.0005,0.0001,0.0001,0.005486666666666633,0.010217777777777768,8.88888888888889,141.109375,141.7890625,100595.935,-5.8906153e-07,0.0073394775,265.604865,223.35131247752608
2021-09-13 17:00:00,4.107991960456648,0.7906850681817872,33.30220204388873,1149.9697999999999,1009.3119,881.1922999999999,279.19677333333334,2.698285,0.003215,0.000783333333333325,0.002004999999999975,0.025658333333333325,0.05031999999999995,100.0,902.5605375,925.62890625,100543.36812500001,-2.1783635125e-06,0.8760681125,260.3875575,944.2394822006472
2022-01-16 15:00:00,-21.091538598017067,0.6831864492219125,14.674906106112687,1358.5588,1157.4103,950.1955,256.3086333333333,10.919041666666667,0.001533333333333325,0.0024133333333333246,0.0001,0.015306666666666649,0.02779499999999995,26.849999999999998,1104.121075,1141.609325,101078.165625,-3.9926380625e-05,0.063056945625,274.33871375,1158.8457389428263
2022-03-08 12:00:00,-5.185025855076702,1.3900672707735349,61.62888454403624,664.5665,516.5892,207.07059999999998,258.03442666666666,14.049375000000001,0.001838333333333325,0.0003,0.0001,0.03735499999999997,0.021444999999999974,100.0,356.13671875,575.3359375,101913.9375,-7.1341638625e-06,1.0,277.989405,301.38619201726
2021-08-25 14:00:00,11.034046063021137,0.939192166011442,45.28765753952248,971.6584,859.4779,859.4779,275.00989500000003,1.8135266666666665,0.0026899999999999997,0.000743333333333325,0.00105166666666665,0.014014999999999951,0.038079999999999975,0.0,860.05663125,861.8144625,100888.66500000001,-1.34270525e-06,0.0,248.101725,824.9964041711614
2021-05-18 16:00:00,19.37175806556018,0.9161793681214392,43.84365138548118,987.3914,854.1446000000001,791.7318,250.22436499999998,3.2992066666666666,0.00204166666666665,0.00084,0.003398333333333325,0.01767999999999995,0.032785,60.96666666666667,810.515625,814.37890625,101383.24312500001,-1.2842247375000001e-06,0.5488319375,264.92854875,793.9230492628551
2021-08-03 19:00:00,17.717056492932677,1.3581341352190632,60.898021941135205,672.0012,537.5843,143.8564,283.06721,7.5432266666666665,0.003525,0.00087,0.00381,0.028918333333333324,0.06394833333333327,100.0,302.91992375,433.4765625,101812.1875,-5.421374137499999e-06,0.73841856875,270.01503749999995,200.23552678892486
2022-03-29 14:00:00,3.077709846778854,0.8598128327835332,39.77628540261147,1067.8047,938.486,938.4857,253.91975166666666,2.735965,0.0005,0.000663333333333325,0.0001,0.0045849999999999745,0.011736666666666624,0.0,954.78908125,955.0586125,101075.290625,-5.45420335e-06,0.0,262.40786125,910.7874865156418
2021-10-12 21:00:00,-7.091951953457417,3.2105784546242484,78.1445552047579,360.87940000000003,275.6044,275.6044,265.0576633333333,2.8076566666666665,0.00264999999999995,0.0032633333333333,0.0002,0.01461666666666665,0.01805666666666665,0.0,160.32421875,163.8671875,100337.546875,-2.480810425e-07,0.00125122075,269.212955,228.22366055375764
2021-09-20 13:00:00,1.4140132769246216,0.9858072108683066,47.913234734813166,928.2129,768.1523,575.4929999999999,279.265065,9.25341,0.0035933333333333,0.0004,0.0006,0.02828999999999995,0.017664999999999976,79.8,794.28125,801.96484375,101402.80374999999,-2.8392823875e-06,0.46574401499999996,268.62954375,679.8741459906508
2022-04-05 21:00:00,5.7763220001740265,3.695800776828269,79.72326872404538,320.2048,217.8264,20.6752,238.14030666666667,12.225769999999999,0.00199,0.0009933333333333,0.0002,0.0226,0.06587,100.0,82.00390625,125.6953125,101375.84375,-1.02656488125e-06,0.55895995,278.49776125,178.28478964401296
2022-03-20 18:00:00,-0.4610330930446514,0.8317766393059183,37.39469005223564,1098.0629,922.7414,883.8256,251.70237166666666,10.104933333333333,0.0014,0.00017333333333332501,0.0002,0.0161533333333333,0.04213666666666665,16.483333333333334,545.21875,811.6953125,101201.04000000001,-1.7759088375e-05,0.9618186975,277.099465,829.153182308522
2022-01-22 16:00:00,-19.865473276652246,0.6630650310943516,4.619481320190066,1400.4682,1185.4654,769.4547,264.4144366666667,13.654546666666668,0.0021,0.0,0.0001,0.02774499999999995,0.010841666666666624,77.75,931.8671875,1141.35545,100887.51625,-7.36899385e-05,0.22027588125,278.0325,1026.4347357065803
2021-05-17 19:00:00,19.144405595444194,1.4892802006788834,63.673190826969815,611.5034,503.1059,503.1059,250.06662666666665,4.105966666666666,0.0013,0.0007,0.0018,0.0091783333333333,0.021488333333333325,0.0,322.7734375,393.09375,101477.73375,-5.0183735625e-07,0.10841751124999999,268.72715,479.7123336929162
2021-11-19 21:00:00,-19.296742271078454,2.3478748019378997,73.67285955998216,376.33490000000006,274.9581,186.0831,271.588185,8.90448,0.001,0.00269666666666665,0.0003,0.012528333333333325,0.024058333333333324,62.916666666666664,162.015625,165.6484375,101228.265625,-1.2997770875e-07,0.036052703874999995,273.675675,221.37360661632505
2021-11-23 20:00:00,-20.196769243998993,1.3131298086513286,59.797856743843795,689.8487,525.0258,38.3839,254.45759999999999,16.390125,0.00442499999999995,0.001689999999999975,0.0003,0.05970999999999997,0.0543033333333333,100.0,273.61328125,405.76953125,101168.31875,-1.3252079875e-05,0.8135337825,279.00631375,238.61380798274
2021-12-25 12:00:00,-23.397584244285124,1.0928156725009723,52.801869477514046,840.0102,669.2428,116.658,247.41334833333332,17.786926666666666,0.001304999999999975,0.0,0.0001,0.02308,0.01016,100.0,269.27734375,713.265625,101912.48375,-3.6187295624999995e-05,0.9859733625,279.89236,74.54153182308522
2021-10-22 19:00:00,-10.773749884875478,1.0251316922587075,49.86999919547418,889.5254,762.7304,261.9528,272.22496666666666,3.519855,0.0005416666666666499,0.0009383333333332999,0.0001,0.002739999999999975,0.009843333333333325,96.7,464.7421875,631.0703125,99822.396875,-1.3060634975e-06,0.46507263125,252.7041375,238.21646889608053
2022-01-02 14:00:00,-22.979341669118796,0.739380759290172,26.64322596712509,1252.8668,1110.5218,1110.5217,259.22266833333333,2.69855,0.0004,0.001389999999999975,0.0001,0.00402,0.018818333333333277,0.0,1113.546925,1116.5703125,101082.52249999999,-6.28088025e-05,0.0,267.08774374999996,1091.9633225458467
2021-11-30 20:00:00,-21.527774228720276,1.279544307753847,58.9176196276434,708.9651,567.7807,330.3562,265.53315,10.249271666666667,0.0009,0.00273166666666665,0.0001,0.010403333333333325,0.018628333333333275,91.11666666666667,391.55078125,431.6171875,100572.990625,-2.3923639875000002e-06,0.21054077375,275.9875,491.85005393743256
2021-05-09 17:00:00,17.13836016387596,0.9339450400587914,44.967852170831485,969.0968,823.1734,767.4484,242.970185,5.479096666666667,0.002468333333333325,0.00136666666666665,0.00145666666666665,0.027051666666666627,0.031248333333333326,15.016666666666666,711.60546875,752.19921875,100926.19625000001,-1.189153375e-06,0.26164245625000004,260.05429,807.6123696512045
2021-07-20 18:00:00,20.822789380160284,1.1213211612244016,53.90038693443458,811.4187,681.5197000000001,681.5198,268.28917333333334,4.191893333333333,0.00290666666666665,0.001004999999999975,0.002975,0.02738999999999995,0.04465999999999995,0.0,596.421875,599.68359375,101160.30625,-1.995707875e-06,0.008102416875,249.26735499999998,685.7353469974829
2022-01-12 19:00:00,-21.774833262915585,0.8777969252533693,41.16719465109855,1052.6221,870.6666,870.6666,254.27211666666665,10.513020000000001,0.004273333333333325,0.0002,0.0001,0.04100999999999995,0.025538333333333302,0.0,712.6328125,759.3828125,101501.0775,-5.819867e-05,0.1913108825,277.20318875,653.8295577130528
2021-09-21 11:00:00,1.0260736532584147,2.349892247309894,73.68729498491506,394.8521,283.3542,37.0412,276.58044,14.129886666666668,0.003128333333333325,0.00017166666666665,0.0004,0.02562166666666665,0.022219999999999976,100.0,76.876953125,341.25195125,102340.3375,-2.3885746875000003e-05,1.0,278.42629750000003,82.20783890686803
2021-07-05 13:00:00,22.876262887000895,1.5020551161540832,63.91434325171905,612.2445,532.3691,532.3691,268.90529833333335,0.320825,0.0024499999999999748,0.0026733333333333,0.0026,0.018996666666666627,0.0456683333333333,0.0,563.4257875000001,563.68165,102105.05625,-1.6400299625e-06,0.0152435299375,253.8210275,501.3430420711974
2022-04-01 19:00:00,4.242295024068458,1.0929591696837249,52.80758365168773,830.6272,679.7018,679.7018,253.27085499999998,8.688688333333333,0.00227666666666665,0.001548333333333325,0.00022166666666665,0.026129999999999973,0.0447833333333333,0.0,485.75,565.91015625,101015.35,-1.4155229875e-06,0.0,274.78864749999997,663.4250269687162
2021-12-11 12:00:00,-22.931570495687936,1.0609620256155214,51.48349952999465,866.7243000000001,707.5913,320.8678,258.81517833333334,10.910776666666667,0.0007,0.0038783333333332753,0.0001,0.01023499999999995,0.0317333333333333,100.0,585.5546875,758.28515625,101164.265625,-8.2030570625e-05,0.6010284475,278.49992249999997,529.8993167925206
2021-05-30 19:00:00,21.65366402283894,1.5722682305065212,65.16195102006608,581.4741,483.7593,332.45169999999996,255.5017433333333,1.8119866666666669,0.00435166666666665,0.001958333333333325,0.003304999999999975,0.0237433333333333,0.05160166666666663,83.56666666666666,356.8828125,379.55078125,101150.99312500001,-6.9625094375e-07,0.7835464375,244.68336125,400.9870550161812
2021-07-10 16:00:00,22.35062859666447,0.964266261687174,46.74553377778768,940.4126,837.919,837.919,260.11874166666666,1.0703799999999999,0.0029,0.0009,0.00664166666666665,0.02871999999999995,0.048968333333333273,0.0,790.46875,790.9902187499999,101415.6725,-2.9772054749999997e-06,0.0,239.82122875,813.1787126932758
2021-05-23 15:00:00,20.425130778346663,0.9582459344449407,46.40564865969163,944.8721,837.7045,782.8606,271.46154333333334,1.3749533333333332,0.0028,0.0012,0.00509499999999995,0.023659999999999976,0.04735666666666662,59.833333333333336,811.86328125,820.7265625,101507.990625,-1.099164325e-06,0.8752632124999999,246.07543125,812.1790722761597
2022-03-26 13:00:00,1.9038988831184545,1.0459400958974987,50.82498548528576,880.388,737.8335999999999,583.7193,245.69681166666666,5.559331666666667,0.00065166666666665,0.001215,0.0002,0.0083766666666666,0.07709833333333327,25.25,711.26171875,778.78515625,101653.53125,-1.4530000000000001e-05,0.0,273.3370275,700.2858683926645
2022-04-21 16:00:00,11.584477881689722,0.8171649845749684,36.032245506870346,1112.4414000000002,986.6764000000001,948.9747,247.05416666666667,2.28369,0.0008,0.00128166666666665,0.0002,0.0096,0.04766499999999995,59.083333333333336,920.08203125,933.62890625,100906.84375,-2.256623625e-06,0.33259582625,255.19590624999998,961.4706939949658
2021-12-25 10:00:00,-23.397584244285124,3.4636673865449983,79.02423607813617,327.1986,223.1678,23.419600000000003,246.40487000000002,17.72985,0.0014166666666666499,0.0,0.0001,0.02509666666666665,0.01017666666666665,100.0,82.171875,291.74609375,101951.8775,-2.1509768125e-05,0.9898147500000001,280.04845,9.830996044588277
2022-02-05 20:00:00,-16.172484795464626,1.149539572897196,54.92032537539651,795.5007,643.6375,288.9653,266.749215,9.465444999999999,0.0014,0.003319999999999975,0.0001,0.01588499999999995,0.04463666666666662,100.0,318.45703125,507.9609375,101311.2125,-4.1980238375e-05,0.29284286875,280.056325,602.3175116864437
2021-05-08 19:00:00,16.86541417011425,1.4138292228406049,62.14822958541888,642.577,535.4944,147.38160000000002,242.80271499999998,3.05309,0.001,0.000838333333333325,0.00165666666666665,0.012871666666666625,0.018686666666666626,100.0,359.390625,426.3984375,100913.765625,-4.9875234375e-07,0.90243910625,260.322775,270.83603020496224
2021-08-16 19:00:00,13.989313624567798,1.2730269188140901,58.74045110259586,714.9148,612.9555,612.9555,284.68907666666667,1.8468416666666665,0.002684999999999975,0.0014,0.002018333333333325,0.016316666666666597,0.0402883333333333,0.0,490.48632625,490.84961125,100843.525,-9.1217228125e-07,0.0,241.62939375,587.9431859043509
2021-10-04 13:00:00,-4.0291293252405,0.916738764633403,43.88006804257537,998.1225,874.1112,874.1113,278.41666666666663,2.197405,0.00361666666666665,0.00172,0.0014550000000000001,0.0212933333333333,0.030784999999999976,0.0,888.796875,897.9375,101340.15625,-4.884030375e-06,0.0,270.0353325,876.2855088097806
2021-10-19 17:00:00,-9.692013480165492,0.7260409820448127,24.460331851859276,1260.4276,1090.3088,1090.3088,272.99572166666667,6.046901666666667,0.001933333333333325,0.0033783333333333,0.0002,0.015239999999999976,0.022201666666666627,0.0,967.8319999999999,1004.33203125,101178.9375,-7.963506625e-06,0.0,270.1023575,1076.2315713772023
2021-12-20 16:00:00,-23.405930796463227,0.661491771426585,2.3988846675131,1401.5852,1179.1517,811.7704,251.682885,16.07228333333333,0.0028,0.0,0.0,0.029686666666666625,0.009759999999999974,91.06666666666666,741.84765625,1122.6991874999999,101550.00625,-9.765382687500001e-06,0.22212600375000002,279.23165874999995,899.6224379719524
2022-02-22 14:00:00,-10.481698530653333,0.7897498401519089,33.19871208381752,1171.6129,982.7177,618.7547,254.82061666666664,12.50315,0.0009633333333333249,0.0011383333333333,0.0003,0.015109999999999976,0.02904999999999995,100.0,349.40625,980.5234375,101907.4225,-3.9543316e-05,0.96104051,280.8329075,643.9050701186624
2022-01-12 15:00:00,-21.774833262915585,0.6816456308345203,14.171627049278335,1361.6255,1153.8131,1025.0525,254.57163833333334,11.541103333333332,0.0033966666666666503,0.0002,0.0001,0.036528333333333274,0.0237283333333333,5.9,952.90234375,1144.6913875,101806.59375,-0.00010809741875,0.056991577,278.137335,807.3858324343762
2022-01-01 13:00:00,-23.058629169260467,0.8642460368805988,40.12827686920564,1068.2179,915.8298,915.8297,259.78715,5.01332,0.000719999999999975,0.0012,0.00015166666666665,0.0084583333333333,0.018244999999999973,0.0,948.5703125,948.83984375,101358.759375,-7.30739575e-05,0.001167297375,275.920725,894.6242358863718
2021-06-18 18:00:00,23.40001518935459,1.2051965007494665,56.75979310154329,755.1229,640.0142,603.102,251.462625,3.2424866666666663,0.001414999999999975,0.0005,0.0007700000000000001,0.014091666666666624,0.018196666666666625,8.233333333333334,545.4375,544.03125,100858.25625,-1.1744850887499999e-06,0.0,263.831725,605.8594030924128
2021-07-18 12:00:00,21.177287444932837,2.3737723422489148,73.85622117686661,397.2691,313.0171,196.93370000000002,267.23985833333336,2.3755016666666666,0.002444999999999975,0.00047166666666665,0.002369999999999975,0.017215,0.028154999999999975,62.35,370.8046875,370.359375,102697.42874999999,-7.069611625000001e-07,0.0,262.474235,302.36785329018335
2021-09-14 11:00:00,3.726075309064946,2.629518160114498,75.46593962167444,394.9228,307.95773333333335,131.9172,277.6396422222222,1.7843466666666667,0.002955555555555533,0.0008,0.0051066666666666335,0.0250488888888888,0.05211333333333327,100.0,361.359375,380.453125,101796.9375,-5.80446795e-07,0.7802429000000001,264.42244,273.287786168045
2021-11-06 14:00:00,-15.761050291893833,0.724953750300845,24.270634214775697,1269.1495,1105.4093,959.0132,280.41674666666665,5.015585,0.0012,0.00091,0.0001,0.0094833333333333,0.009973333333333275,78.25,968.6484375,1079.0078125,101399.290625,-6.59227965e-06,0.29811095374999996,274.68531874999996,1080.3685724559512
2021-12-31 18:00:00,-23.13025603340483,0.7516341612680048,28.449618080837404,1232.1369,1043.3275,707.6079000000001,253.35665333333333,9.601626666666668,0.002164999999999975,0.0004,0.0004,0.025999999999999975,0.02527999999999995,43.583333333333336,769.52734375,936.41015625,101154.11624999999,-5.6004297375000006e-05,0.53734207125,281.7453575,1060.3739661992088
2021-10-18 14:00:00,-9.326646848826442,0.7470682023881491,27.796029207343025,1226.6538,1079.5795,857.6962,271.00832833333334,3.254013333333333,0.001058333333333325,0.00106666666666665,0.0001,0.008768333333333274,0.014309999999999976,83.66666666666667,1023.04689375,1073.0859375,101520.64125,-1.9165454375e-06,0.7112502875,270.660345,1050.6112909025528
2021-09-20 15:00:00,1.4140132769246216,0.7496607575255452,28.169821846448297,1216.2412,1028.2968,775.3574,278.339615,10.138261666666667,0.0045966666666666,0.0003,0.00067666666666665,0.0373733333333333,0.020394999999999976,32.4,989.43359375,1008.0703125,101148.33499999999,-9.1023394375e-06,0.57677077625,272.17170125,1025.8576051779935
2022-04-14 20:00:00,9.120518783238186,1.8233440115843496,68.76821377657966,496.6393,392.93580000000003,364.6324,239.88222333333334,6.101751666666667,0.0007,0.000495,0.000225,0.008538333333333325,0.0122,4.616666666666666,250.0,269.79296875,101437.853125,-2.93221095e-07,0.0,276.56036875,362.01546206400576
2021-10-27 15:00:00,-12.521944252047032,0.6833669749633076,14.732624681375052,1343.2571,1165.6845,1165.6845,289.1044166666667,5.576668333333334,0.003819999999999975,0.00105666666666665,0.0002,0.029891666666666625,0.02151999999999995,0.0,1011.3515625,1132.296875,101650.18062500001,-2.2232998125000003e-06,0.043697357375,269.0321975,1151.9597267170084
2022-04-15 15:00:00,9.480770957900935,0.8198069227328469,36.28547946594339,1112.1069,985.7396,985.7393999999999,243.28429166666666,2.46291,0.0009,0.000653333333333325,0.0005949999999999999,0.008614999999999975,0.015738333333333326,0.0,941.12890625,955.640625,101122.640625,-2.11651785e-06,0.0,264.133095,961.6684645810858
2021-08-13 19:00:00,14.911569018678192,1.2916425345190368,59.24090687676137,704.999,590.1648,549.4633,275.2982083333333,3.18917,0.002,0.0003,0.00135166666666665,0.0177,0.02671999999999995,14.183333333333334,471.875,474.220705,100827.859375,-6.9808446125e-07,0.0,258.27364875,582.4128011506652
2021-05-14 12:00:00,18.43034973210218,1.962575144147805,70.34147903124851,470.7276,388.0803,386.75440000000003,246.59144166666664,2.0368,0.00092,0.00055666666666665,0.0017833333333333,0.0063116666666666495,0.022283333333333325,0.0,443.6484375,443.6953125,102275.00875000001,-6.748596187500001e-07,0.0,261.91773125,351.925566343042
2021-12-27 11:00:00,-23.33956277459816,1.6419960747463205,66.28452285228242,551.0402,418.9379,318.1692,255.294955,13.77367,0.0009,0.0001,0.0002,0.01768166666666665,0.025509999999999998,82.95,397.015625,481.703125,102020.88187499999,-4.6465836875e-05,0.044296264625,278.37936125,384.30240920532185
2021-09-07 14:00:00,6.370917587138424,0.8758406235476067,41.02052243750587,1041.9345,893.1768999999999,893.1768999999999,272.77056000000005,5.223048333333333,0.00211999999999995,0.00035166666666665,0.001129999999999975,0.017619999999999924,0.020813333333333302,0.0,898.9394625,898.28711875,100876.75687499999,-2.246611975e-06,0.47440719374999996,260.3235375,789.0812657317512
2022-01-12 11:00:00,-21.774833262915585,1.784781709669623,68.28577547434811,504.3046,369.3153,271.22950000000003,256.2436466666667,11.541225,0.003733333333333325,0.0003,0.0001,0.05779999999999995,0.036953333333333296,59.31666666666667,378.42578125,452.2734375,102244.046875,-3.7402322375000005e-05,0.0,278.76767500000005,392.1467098166127
2022-04-20 11:00:00,11.241196996341696,3.6554221498670048,79.60816270514147,334.9186,265.5674,177.26659999999998,245.87538666666669,1.4230800000000001,0.0009,0.0011,0.0003,0.0086,0.0280233333333333,100.0,337.296875,340.63671875,101826.0875,-1.1826632375e-06,0.49952316249999995,257.230275,241.46709816612727
2022-02-16 19:00:00,-12.608992829198627,0.8949657347451466,42.409749641835376,1026.0419,840.1868,635.2972,263.518545,13.630401666666668,0.0025,0.0004,0.0,0.0301283333333333,0.06560833333333332,93.38333333333333,665.43359375,734.07421875,101385.578125,-5.004805275e-05,0.6587600499999999,276.20773375,401.59654800431497
2021-05-13 17:00:00,18.181926282060996,0.9502212559745681,45.94282867508508,952.3244,809.2979,450.69160000000005,250.81028999999998,5.42198,0.001915,0.0019683333333333003,0.00177166666666665,0.013634999999999975,0.05038166666666662,97.06666666666666,622.12890625,741.05859375,100820.2975,-9.683717775e-07,0.0,260.34748,625.2049622437971
2022-01-05 11:00:00,-22.69589488082858,1.7160758471434314,67.36800692543778,525.4495,399.52420000000006,101.2958,260.7670166666667,11.445028333333333,0.0012,0.001,0.0004,0.01608999999999995,0.028018333333333298,100.0,231.80078125,458.24609375,101795.815,-1.2179196437500001e-05,0.11004639125,278.64456125,167.79755483638976
2022-01-09 11:00:00,-22.213317133126424,1.7541663668150589,67.88643359068273,513.436,383.7297,68.8269,258.50000666666665,15.47293,0.0008,0.0009,0.0002,0.015764999999999973,0.027846666666666624,100.0,221.3828125,437.66796875,101852.4525,-3.4191995125e-05,0.7534103624999999,280.3568475,126.99748291981301
2022-02-08 15:00:00,-15.250505772288365,0.6957526352018142,18.213744551232757,1332.3839,1133.9231,588.6375,261.37393333333335,10.341215,0.0018,0.0026,0.0,0.0201,0.042238333333333274,96.75,820.24609375,1120.5507625,101767.84375,-0.000115664646875,0.18654251,279.88473749999997,656.3088816972312
2022-02-24 18:00:00,-9.749847095018675,0.7683527047017037,30.672890076018945,1197.3295,1005.4236,389.74519999999995,255.04816333333332,11.623011666666667,0.00181166666666665,0.003563333333333325,0.0001,0.0259466666666666,0.04058166666666663,97.25,680.4921875,905.33203125,101091.31875,-1.816273675e-05,0.969974525,277.8952625,1026.7529665587917
2021-10-24 18:00:00,-11.481805530408202,0.8189493477200399,36.203626128199616,1116.6396,974.1482,974.1482,296.40025,3.1768566666666667,0.00177166666666665,0.002198333333333325,0.0001,0.008733333333333326,0.01283999999999995,0.0,758.98828125,850.89453125,101517.44,-2.0846491375000003e-06,0.07849502624999999,266.88561375,968.5185185185185
2021-09-13 13:00:00,4.107991960456648,1.0286112587128227,50.033318864606485,890.0597,766.9288,598.7045,278.09269333333333,2.2667149999999996,0.003638333333333325,0.00120166666666665,0.003029999999999975,0.029604999999999975,0.05636166666666662,62.58333333333333,777.3456874999999,799.25390625,101427.67125,-1.883629025e-06,0.81599809375,262.942675,736.8985976267529
2021-06-07 20:00:00,22.68170014727632,2.8243111938388066,76.49021662039014,332.6192,261.1446,144.2,261.29905833333333,1.4009049999999998,0.001915,0.0008,0.00152166666666665,0.014638333333333326,0.03853666666666665,76.69999999999999,148.611328125,164.43359375,101245.8375,-1.861881175e-07,0.7785873400000001,246.64501125,147.46314275440488
2022-03-20 19:00:00,-0.4610330930446514,1.0153072065101796,49.40064051411949,895.8817,735.5823,564.4209,250.9420183333333,10.773266666666668,0.001498333333333325,0.0001,0.0002,0.016826666666666625,0.04203833333333332,79.43333333333334,441.62890625,609.0625,101263.103125,-1.6997499375e-05,0.9882240375,277.5172625,660.2193455591514
2022-04-19 15:00:00,10.894860095244674,0.8332446941587549,37.52663604466585,1092.9973,967.8978,967.8977,241.41044666666664,2.5137066666666668,0.0005,0.00094,0.0002,0.00601166666666665,0.01251,0.0,946.40625,947.61328125,101067.875,-2.479355325e-06,0.6606140137500001,259.48077375,943.3656957928802
2021-12-06 21:00:00,-22.402341078636915,2.0693440512157086,71.3957584022111,429.2925,316.8829,26.306,258.36879999999996,15.23051,0.0007,0.0001,0.0,0.0071083333333333,0.00563666666666665,100.0,89.2890625,193.60546875,101826.96875,-1.1638796525000001e-05,0.9374466124999999,279.9772925,136.60913340524988
2021-08-12 13:00:00,15.21124284412728,1.277290467916942,58.856593224326105,719.8932,589.637,451.0295,272.334675,4.70505,0.005191666666666625,0.0013866666666666,0.0012,0.03218166666666665,0.061011666666666624,34.1,629.4902500000001,632.1113437500001,101779.2525,-1.3317912750000001e-06,0.0,266.39673125,631.3628191298094
2021-08-07 12:00:00,16.64759119582359,2.0579355461971347,71.28863127384922,455.8243,378.4983,353.58689999999996,272.49892166666666,1.05,0.00246,0.00138166666666665,0.0032,0.011301666666666625,0.03684166666666663,15.95,436.1953125,436.55078125,101963.18125,-5.4030898125e-07,0.0,257.12543,359.76447321107514
2021-12-30 15:00:00,-23.19418976492388,0.677342803875139,12.64914365244569,1369.7425,1176.67,980.1632999999999,255.22721,9.080341666666666,0.0009,0.0005,0.0003,0.012196666666666625,0.02024666666666665,42.166666666666664,1141.953075,1156.171925,101234.41312499999,-0.000123836915,0.15426635375,277.2070025,1180.6724199928083
2022-04-15 13:00:00,9.480770957900935,1.1285050300570525,54.16613782764087,812.0156,696.7471,668.6662,243.2653533333333,2.8434,0.00072666666666665,0.0005,0.0005,0.0070233333333333,0.01341666666666665,12.65,709.22265625,728.9921875,101730.88187499999,-1.628941375e-06,0.0,269.987975,684.9065084501977
2021-11-19 17:00:00,-19.296742271078454,0.7011405179486613,19.508219195239796,1312.7469999999998,1132.119,1132.119,272.51386333333335,7.36656,0.0008,0.001779999999999975,0.0002,0.0103816666666666,0.022058333333333326,0.0,862.484375,1040.2148750000001,101065.9375,-9.996583625e-07,0.48948670375,267.8147875,1098.3872707659116
2022-01-15 21:00:00,-21.272709360526417,1.7581665288009842,67.9394655711775,513.5827,371.63,162.77270000000001,257.9149366666667,12.38328,0.007768333333333325,0.0002,0.0001,0.07640666666666665,0.02837,76.5,143.90625,268.015625,101048.353125,-8.6139771e-06,0.7529411375,277.4223375,116.05537576411363
2022-02-19 17:00:00,-11.559033782461245,0.6946341020154552,17.9310832779758,1329.7486,1145.1754999999998,1080.7928,255.11732666666666,7.681655,0.000938333333333325,0.0022,0.0001,0.01231,0.0470316666666666,13.716666666666667,963.8515625,1072.8086250000001,100535.765,-6.9485336e-05,0.44536972,272.19666125,1104.1621718806184
2021-12-05 14:00:00,-22.274409999983057,0.7228803761458249,23.903348410950407,1279.4513,1069.4886999999999,319.6935,256.834745,15.901468333333334,0.003166666666666625,0.0001,0.0,0.02013666666666665,0.015769999999999975,100.0,313.2421875,1046.78515625,102259.93062500001,-5.8793346875e-05,1.0,281.15915125000004,689.5792880258899
2021-06-15 19:00:00,23.28592529697329,1.6100820591693625,65.78401977473496,570.1881,456.6769,452.7275,238.36213166666664,4.6901,0.0021749999999999747,0.0004,0.00116,0.0217333333333333,0.06568499999999997,5.0,351.81640625,357.359375,101340.025,-9.417126637499999e-07,0.0019454956249999999,269.0653125,442.4829198130169
2022-02-28 11:00:00,-8.257657921815415,2.4522240527966352,74.38709263502136,374.02840000000003,271.4007,219.4752,258.8098683333333,10.609738333333333,0.0014,0.0002,0.0001,0.018049999999999948,0.018431666666666652,100.0,298.65234375,350.27734375,101645.63375000001,-6.932881749999999e-06,0.9365158,280.65841875,257.1233369291621
2021-09-04 19:00:00,7.48008085874097,1.1727243103758171,55.712719607883045,774.8874000000001,679.6258,679.6257,266.6227333333334,1.2631366666666666,0.002715,0.0009,0.0006,0.014333333333333325,0.032048333333333304,0.0,541.08984375,542.41796875,100802.24375,-1.33554566875e-06,0.0,242.5873725,643.2740021574973
2021-06-17 12:00:00,23.368867490578037,2.404459015211745,74.0681665131747,389.8361,318.1993,184.2634,242.526985,1.52031,0.00122,0.00034666666666665,0.00113166666666665,0.01037999999999995,0.01796666666666665,78.6,366.18359375,368.39453125,101990.985,-5.352485375e-07,0.0,258.9164625,290.2732829917296
2021-11-28 20:00:00,-21.180550001136528,1.288928297947022,59.16899984960857,703.4621,558.58,310.1613,266.92461833333334,11.936331666666666,0.00159,0.0026,0.0001,0.015954999999999976,0.015641666666666627,59.283333333333324,324.28515625,420.640625,100871.2975,-1.6462000125e-06,0.45554351875,277.66611874999995,497.5260697590794
2021-10-31 12:00:00,-13.862959575349032,1.0717027616635435,51.9394699156723,855.7645,697.2426,591.2511,267.030745,8.18904,0.004543333333333325,0.0045000000000000005,0.0001,0.03810666666666662,0.0456183333333333,7.199999999999999,677.3125,745.8203125,102000.01625,-5.082111e-06,0.0,275.93809375,676.9399496583962
2021-08-25 16:00:00,11.034046063021137,0.8111454467589794,35.44315884682086,1119.4956,1005.5709999999999,1005.571,277.05988,1.6059700000000001,0.002748333333333325,0.0007,0.000965,0.01340666666666665,0.035468333333333296,0.0,941.35546875,942.78125,100644.671875,-1.4961988125e-06,0.0,248.13705875,930.1869830996045
2021-12-25 19:00:00,-23.397584244285124,0.8977139216190381,42.60155594969086,1026.6236,837.996,182.0953,251.143545,17.649115000000002,0.0011,0.0,0.0001,0.0168333333333333,0.0093083333333333,100.0,287.109375,713.1953125,101500.11875,-2.7195986625e-05,1.0,279.89147625,224.81661272923407
2022-02-25 11:00:00,-9.38018590845197,2.401752116115412,74.04969737417528,381.0716,265.8609,186.1004,257.13195833333333,13.147486666666666,0.002125,0.00055166666666665,0.0001,0.04672166666666665,0.036706666666666624,73.98333333333333,320.30078125,355.95703125,102123.515,-1.0327669000000001e-05,0.3644104,279.30731875000004,153.59942466738585
2021-08-12 14:00:00,15.21124284412728,1.0077783191113774,49.03246221018681,905.6297,764.0704000000001,757.3883000000001,271.94642999999996,4.770045,0.004614999999999975,0.001059999999999975,0.0012,0.028331666666666623,0.05557666666666665,2.4,763.8203125,779.99413125,101571.97125,-1.282867725e-06,0.0,263.302925,683.8852930600503
2022-04-20 20:00:00,11.241196996341696,1.9469920515167158,70.17732309972384,466.2875,382.49719999999996,382.49719999999996,243.60818333333333,2.1769333333333334,0.0007,0.000638333333333325,0.0001,0.006745,0.019748333333333326,0.0,254.6953125,259.7265625,100636.646875,-4.0550367125000003e-07,0.0,243.10284625,347.2833513124775
2021-10-08 19:00:00,-5.569627024419794,1.0587850219809607,51.38959630338617,860.6187,716.5971999999999,258.9046,266.18676166666665,6.085378333333334,0.002838333333333325,0.0013383333333333001,0.0019,0.023748333333333274,0.031118333333333324,100.0,491.97265625,590.4921875,99959.38187499999,-1.1401425749999999e-06,0.6959228562499999,261.934455,437.36605537576406
2021-09-17 17:00:00,2.573918316855676,0.7808280925292548,32.183822626776966,1165.2149,1018.1439,1016.8633,275.50855,3.2934166666666664,0.0029,0.0009,0.00165166666666665,0.022728333333333326,0.03279999999999995,0.0,930.63085,931.37890625,100775.015,-3.0448136125e-06,0.013553619000000001,257.83237125,1021.1794318590435
2021-08-26 14:00:00,10.690138206932069,0.9340560445050179,44.97467351169158,976.9937000000001,885.7898,885.7898,279.62025166666666,0.346265,0.003715,0.0007,0.001293333333333325,0.01771999999999995,0.05033166666666662,0.0,888.11131875,888.728525,101494.640625,-1.4517863625e-06,0.0,252.84459750000002,865.3541891405969
2021-10-20 12:00:00,-10.055061249212018,1.1126945965494675,53.57551282212538,823.1648,712.3321,710.3809,282.28755,2.3242249999999998,0.0006733333333333249,0.00198499999999995,0.0001,0.006314999999999999,0.0118033333333333,0.0,748.04296875,752.0234375,101834.759375,-1.6622653124999999e-06,0.2553482009275,269.82124875,678.620999640417
2022-03-04 14:00:00,-6.733640141580796,0.8051179775657854,34.83561993245565,1147.5658,960.668,960.6681,255.94095,11.111618333333334,0.0028,0.0005,0.0002,0.03459999999999995,0.0269383333333333,0.0,882.33203125,982.19529375,101373.99375,-1.61233765e-05,0.034015655,279.07711875,961.4706939949658
2022-02-09 12:00:00,-14.934310707534713,1.2646983646873653,58.51089583993124,726.5946,592.3213000000001,338.95889999999997,264.70991,7.047581666666667,0.0007,0.0028583333333333247,0.0,0.007129999999999975,0.0266133333333333,98.6,287.76171875,636.078125,101862.40625,-5.17287125e-05,0.011917114375,279.17069,432.430780294858
2022-03-25 13:00:00,1.5110235864182393,1.0425222963142842,50.67163182191424,883.4818,732.6636,465.7693,249.290925,8.422511666666665,0.0007,0.00042500000000000003,0.0002,0.00846666666666665,0.05062166666666662,73.45,558.3203125,765.484375,101694.490625,-2.6838825e-05,0.0,277.34863,371.1938151743977
2021-12-05 16:00:00,-22.274409999983057,0.662746801032564,4.265233735607749,1395.4446,1175.5756999999999,540.3363,257.4080133333333,16.013893333333332,0.0027166666666666502,0.0001,8.833333333333333e-05,0.019484999999999975,0.01907499999999995,100.0,359.54296875,1102.7930000000001,102083.71875,-6.8507623625e-05,1.0,280.63330125,630.9654800431499
2021-08-14 18:00:00,14.607964320866348,1.0080362189626921,49.04519914233789,900.4563,780.3844,780.3843,284.65636333333333,2.281275,0.00287166666666665,0.0006149999999999749,0.00122666666666665,0.0292833333333333,0.0424216666666666,0.0,670.24609375,683.72265625,101094.490625,-1.3920362375e-06,0.74528504375,249.59443,767.5746134483998
2021-08-02 20:00:00,17.9726549263364,2.170086972414709,72.29025951155703,426.4689,323.1058,246.1205,281.912125,6.17825,0.001799999999999975,0.00044,0.002955,0.0174883333333333,0.05210166666666665,78.05,198.953125,218.21875,101855.64,-1.940934525e-07,0.017417907500000003,269.7064825,209.95145631067962
2022-03-09 12:00:00,-4.794858618214097,1.3950778462176652,61.740080365395634,662.2315,523.2589,433.2045,253.28942999999998,10.467211666666666,0.00163666666666665,0.0003,0.0002,0.029719999999999948,0.018364999999999975,41.68333333333333,481.65625,583.84765625,101679.39749999999,-2.940272675e-06,0.0,278.95623875,457.64113628191296
2021-09-28 18:00:00,-1.6984268908927718,0.862532460096826,39.99295516501371,1056.1797,882.3732,776.6367,258.07049333333333,7.4963750000000005,0.008863333333333275,0.0006,0.001209999999999975,0.0601083333333333,0.034615,13.3,738.68359375,783.79296875,100899.64,-1.3815879e-06,0.432430275,272.50188,864.185544768069
2022-01-15 14:00:00,-21.272709360526417,0.7495885265235255,28.159504212156182,1235.8573000000001,1036.5293000000001,1036.5292,263.64151833333335,8.98635,0.0083683333333333,0.0002,0.0001,0.07025166666666663,0.022989999999999976,0.0,1042.74998125,1068.0898625,101488.56937499999,-5.6063406874999996e-05,0.014221191499999999,273.9142475,1023.606616325063
2021-12-31 11:00:00,-23.13025603340483,1.6729162890000542,66.74950179852127,539.9909,415.1229,336.8444,256.07490333333334,9.809513333333333,0.001393333333333325,0.0004,0.00031499999999999996,0.02009499999999995,0.020784999999999974,37.13333333333333,399.6328125,476.1640625,101909.2875,-3.2492243875e-05,0.0,281.28793125,402.3750449478605
2021-11-21 20:00:00,-19.758862746599252,1.3230712974634449,60.04838524724681,684.4875,541.0065,209.9262,260.0403,13.053508333333333,0.000838333333333325,0.0005549999999999999,0.00018,0.01220666666666665,0.02016499999999995,86.83333333333334,271.90625,403.78515625,101065.525,-1.5697733125000001e-06,0.54709244375,275.6889875,168.0762315713772
2021-11-09 17:00:00,-16.652202422289594,0.7072999956125982,20.871712221788144,1298.7867999999999,1113.1135,857.8746,275.9286616666667,7.802648333333333,0.002894999999999975,0.0039983333333333,0.0005,0.0238733333333333,0.02794499999999995,93.26666666666667,812.734375,1016.97265625,101017.953125,-4.941248375e-06,0.79860686875,272.30529375,650.1761956130888
2021-07-25 14:00:00,19.835145474903577,1.0965777412996978,52.9510421878972,832.1039,697.8323,671.6227,271.75009666666665,6.006103333333333,0.0012683333333333249,0.000388333333333325,0.001294999999999975,0.012416666666666649,0.030349999999999974,1.1,496.1738375,704.0214687499999,101865.24312500001,-1.5707628625e-06,0.23221969375,266.66965,666.6019417475728
2021-08-15 16:00:00,14.300516543806014,0.8466897256652253,38.69651660154199,1071.9124,962.461,962.461,289.586105,1.5524133333333334,0.00189166666666665,0.00040500000000000003,0.001383333333333325,0.009076666666666601,0.030543333333333325,0.0,905.2792812499999,905.61328125,101231.921875,-2.1269079875e-06,0.0,248.86695625,940.7946781733189
2022-01-05 16:00:00,-22.69589488082858,0.661229280255468,1.7743047576843007,1404.3286,1197.6664,1008.2365,258.0901,11.826525,0.0011,0.00078666666666665,0.0003,0.01417999999999995,0.02365666666666665,47.8,933.578125,1149.2460624999999,101305.50687499999,-4.5600289375e-05,0.083667754375,276.6793275,1128.9913700107875
2021-11-23 13:00:00,-20.196769243998993,0.8282185935584346,37.071278812685854,1113.6134,925.6065,858.3831,260.86222166666664,11.836148333333334,0.0034083333333332997,0.0021966666666666497,0.0002,0.03390166666666662,0.027698333333333325,7.183333333333334,887.83984375,945.16795,101561.046875,-4.281979625e-05,0.7469863875,278.79589999999996,939.5235526788924
2022-02-22 17:00:00,-10.481698530653333,0.6980442376779499,18.77728385114178,1322.1973,1120.9484,801.0486999999999,255.6783,12.924503333333334,0.00077666666666665,0.0006299999999999999,0.0002,0.010879999999999975,0.0213416666666666,93.11666666666667,803.39453125,1046.90234375,101457.15625,-4.0355923625e-05,0.8707160875,276.5995625,1057.9665587918016
2022-03-26 15:00:00,1.9038988831184545,0.762987171151165,29.986197962780352,1202.366,1045.4567000000002,1045.4566,247.80336166666666,4.958661666666667,0.00043666666666665,0.001,0.0002,0.004098333333333325,0.037081666666666624,0.0,1003.60935625,1026.20310625,101300.55625,-2.4212175e-05,0.0,268.48083625,1046.2783171521035
2021-12-07 15:00:00,-22.522986529463115,0.6719709606196975,10.411962987678498,1377.3862,1159.9078,834.2928999999999,257.115775,16.381798333333332,0.001323333333333325,0.0004,0.0001,0.014693333333333301,0.00822166666666665,96.51666666666667,498.015625,1118.5195125,101870.6875,-9.201525375e-05,0.8397483875,281.06748,885.8252427184466
2021-11-13 18:00:00,-17.773343755449314,0.7950410156413048,33.77735992728887,1153.4548,983.8297,584.9556,261.0351416666667,6.713721666666666,0.0027283333333333,0.006983333333333325,0.0001,0.017284999999999974,0.026686666666666622,90.65,773.75390625,862.60546875,100267.40625,-1.3336772125e-05,0.329189305,268.7988875,622.4092053218267
2021-07-24 20:00:00,20.043981873185853,2.3167417324398665,73.44676594926197,402.10990000000004,304.0568,101.5342,267.55817666666667,6.120903333333334,0.0018,0.000669999999999975,0.0015166666666666501,0.01678666666666665,0.0375,100.0,170.826171875,202.798828125,101042.94625000001,-4.1836756375e-07,0.0,255.47485125,341.19561308881697
2021-06-07 16:00:00,22.68170014727632,0.971022038554804,47.119721802602264,931.9419,834.9524,567.0302,262.2779033333333,1.11747,0.0017,0.0009,0.001279999999999975,0.01175666666666665,0.03434999999999995,100.0,747.74609375,783.7734375,101516.82125000001,-1.8913415625000002e-06,0.73306275,243.70736125,619.6745774901115
2021-06-24 14:00:00,23.441880878089584,1.1627605225923425,55.376980578431834,782.8821,694.8429,694.8429,280.449385,0.8822433333333334,0.001289999999999975,0.00029499999999999996,0.0012333333333332998,0.004816666666666625,0.0451766666666666,0.0,694.7890625,696.6132749999999,101837.078125,-1.9115977625e-06,0.0,257.39547625,666.6289104638619
2022-03-24 16:00:00,1.1175063137884538,0.7322641161851846,25.510286315706175,1251.5203999999999,1139.2385,1012.6062,250.80496833333333,1.31311,0.0009,0.0023,0.0003,0.006826666666666649,0.026424999999999976,5.983333333333333,1020.30075,1037.2070625000001,101031.05374999999,-8.491071624999999e-06,0.0,268.642425,1081.0140237324704
2022-01-28 12:00:00,-18.415527261388707,1.2132749660442526,57.009700630317056,755.6795999999999,593.6868,338.8716,264.81363500000003,16.347083333333334,0.002703333333333275,0.0,0.0,0.0313466666666666,0.0096933333333333,100.0,183.3203125,641.85546875,101814.3125,-4.2332452874999993e-05,0.39617919149999997,279.35592499999996,355.68860122258184
2021-08-09 15:00:00,16.085804128930004,0.9028324140515518,42.95386119451511,1006.9683,902.6003000000001,832.9899,275.00553666666667,0.90095,0.004209999999999975,0.00203166666666665,0.0034833333333333253,0.0277583333333333,0.0619633333333333,16.883333333333333,882.5859375,882.0332187500001,101641.384375,-1.7799902625e-06,0.0,252.7811425,887.3247033441207
2022-02-23 17:00:00,-10.117057019753185,0.6992773530894294,19.07239360800907,1319.5046,1117.6715,1108.8124,253.60762333333332,12.80235,0.0013,0.000493333333333325,0.0001,0.017225,0.020274999999999974,4.866666666666666,963.2890625,1050.5038749999999,101019.3125,-3.3810589125e-05,0.14706421125,276.4250775,1031.4617044228694
2021-11-30 13:00:00,-21.527774228720276,0.830418759620579,37.27187442831098,1111.565,936.5411,727.1979,267.09796,9.160498333333333,0.001374999999999975,0.001134999999999975,0.0001,0.018561666666666626,0.01717166666666665,10.666666666666668,841.28515625,954.2617,101278.9,-6.150250625e-06,0.43416214125,275.6645375,970.6400575332614
2022-01-17 15:00:00,-20.903602854067646,0.6835924659605727,14.80436811254822,1357.7409,1157.6559,969.7774,257.28897,11.691956666666666,0.0005,0.0002,0.0,0.0057783333333333,0.009481666666666624,41.46666666666667,1076.6484375,1133.660175,101082.9975,-7.8178418125e-05,0.1061172475,278.50353625,1114.2017259978425
2021-08-14 15:00:00,14.607964320866348,0.8823173938000293,41.502015690372936,1030.5475999999999,910.0606,889.6307,285.36694666666665,1.947405,0.0028,0.000943333333333325,0.0014,0.029039999999999976,0.04363499999999997,8.616666666666667,888.3300624999999,889.2089687499999,101643.40375,-2.3192551375e-06,0.8151588274999999,258.46907125,891.6756562387629
2022-03-22 17:00:00,0.32893462043704336,0.7527287215897438,28.603099865421445,1215.8813,1045.0263,1019.4476,248.46629833333333,7.091049999999999,0.001073333333333325,0.0010266666666666501,0.0001,0.011529999999999974,0.0349083333333333,2.916666666666667,922.265625,960.17578125,100584.765,-1.20182520625e-05,0.149894715,272.48260125,1018.8655160014382
2021-11-27 17:00:00,-20.996845647858695,0.6969919644745025,18.521028460238785,1322.7413999999999,1141.2598,1141.2599,265.43074333333334,7.823895,0.0005,0.0002,0.0001,0.0064600000000000005,0.00820666666666665,0.0,937.109375,1047.2305000000001,100295.60062499999,-3.7771998999999994e-05,0.46208574249999995,257.17200625,1131.8590435095289
2022-02-25 18:00:00,-9.38018590845197,0.7701450607091097,30.897106880917544,1194.1773,1001.0153,1001.0153,258.41012166666667,12.408015,0.0019,0.000215,0.0001,0.0303183333333333,0.020276666666666623,0.0,895.58984375,912.515625,101265.485,-2.7008354374999996e-05,0.133235926875,274.70685125,1003.6317871269327
2021-09-17 12:00:00,2.573918316855676,1.381733215889159,61.441884200237766,665.6306,548.8591,435.40160000000003,274.6465066666667,3.257633333333333,0.00268,0.001,0.00255666666666665,0.021064999999999973,0.037259999999999946,58.416666666666664,600.609375,600.94725625,101901.109375,-2.4901110125e-06,0.32846831875,270.83988750000003,550.3919453434016
2022-02-02 18:00:00,-17.052092343725047,0.7450302988530696,27.497071365611617,1241.9448,1038.4241,649.2437,251.883085,14.587763333333333,0.002269999999999975,3.8333333333333334e-05,0.0001,0.02078166666666665,0.0300766666666666,90.31666666666666,798.20703125,942.0,101184.35875,-9.737530249999999e-05,0.51916885,282.42578249999997,858.4627831715209
2021-12-02 19:00:00,-21.84754604183108,0.9376524781943276,45.194370170787785,976.9988999999999,809.8265,628.403,267.55351833333333,10.252516666666665,0.00151166666666665,0.0012,0.0001,0.016259999999999976,0.01602499999999995,75.31666666666666,545.0703125,679.04296875,101016.02249999999,-3.1919043625000004e-06,0.8289985624999999,277.1366325,842.6663070837828
2021-07-07 19:00:00,22.685710345625814,1.5402080807994634,64.60798523500397,596.3807,505.0051,505.0051,265.7620933333333,1.871065,0.0017,0.0006,0.001225,0.013,0.02565166666666665,0.0,392.2890625,392.58984375,101394.3275,-1.04334325e-06,0.0,252.19492375,498.0888169723121
2022-02-26 21:00:00,-9.008190068387895,2.0511652367638242,71.22446142565703,433.1871,314.9441,28.86,259.80550500000004,12.834864999999999,0.002168333333333325,0.0002,0.0001,0.03621333333333328,0.0204083333333333,100.0,162.96875,209.9453125,101214.45375,-3.3109099750000002e-06,0.65817260625,277.05584375,327.18985976267527
2021-09-24 14:00:00,-0.14039254123672726,0.8081549648864628,35.14400970900476,1130.1167,975.9344,975.9344,277.4112183333333,3.850138333333333,0.0055233333333333,0.0014,0.0012366666666666498,0.033624999999999974,0.0471883333333333,0.0,960.17578125,975.59765625,101942.990625,-1.3331969625e-05,0.0030441285000000003,273.3190125,970.6580366774542
2021-12-31 14:00:00,-23.13025603340483,0.7379193557399704,26.416025632898542,1255.3247999999999,1066.5707,1042.7042,254.03993499999999,9.181866666666668,0.002004999999999975,0.0005,0.0005,0.025308333333333276,0.026491666666666625,5.383333333333333,937.73046875,1067.4609375,101559.69,-8.368070125e-05,0.07834243875,280.55310125,1060.0503416037395
2021-05-03 12:00:00,15.432596053257022,1.8219378327759868,68.75100776581641,505.8149,419.77880000000005,410.7457,244.92025,1.642,0.0015400000000000001,0.000648333333333325,0.003015,0.014966666666666625,0.03416166666666665,0.2666666666666667,480.078125,480.22265625,101746.95999999999,-1.1870288375e-06,0.0,264.60015500000003,400.58791801510245
2021-09-25 19:00:00,-0.5297921459661097,1.0949548427504658,52.88685312817277,831.1702,705.3118,705.3119,267.23607,2.950048333333333,0.0032,0.0018,0.0007,0.022841666666666625,0.030823333333333324,0.0,576.85546875,581.40625,100923.35250000001,-3.890920325e-06,0.0,243.53548999999998,705.5231930960085
2021-08-10 20:00:00,15.798447655414824,2.0524469844367,71.23664435532095,448.5951,354.8316,278.509,271.9322583333333,2.4678683333333336,0.003288333333333325,0.0008783333333333249,0.003066666666666625,0.0276,0.037381666666666626,42.91666666666667,241.703125,245.142578125,100870.525,-4.2587635874999995e-07,0.3033714225,244.6200725,305.9942466738583
2021-09-15 17:00:00,3.343031949961012,0.785664407037534,32.74030437003021,1157.6745,1039.0418,1039.0419,275.90792166666665,1.6005983333333333,0.0032433333333333004,0.0007,0.001729999999999975,0.020938333333333302,0.04017666666666665,0.0,928.43163125,939.65625,100703.81875,-2.212415e-06,0.17070388375,257.4728,1042.4667385832433
2022-02-13 20:00:00,-13.628352259311125,1.1710492184678454,55.65676899261706,778.7477,627.2241,536.8274,259.1224583333333,10.087061666666667,0.0012,0.0014,0.0,0.015308333333333325,0.05403499999999997,30.5,435.84375,501.921875,101003.03812499999,-4.631798825e-05,0.90304947125,277.70037,613.8960805465659
2021-10-10 18:00:00,-6.333474705121404,0.8399286657344566,38.1167101558242,1086.6864,955.1795999999999,955.1795999999999,266.67661166666664,2.4375999999999998,0.00315,0.0004,0.002173333333333325,0.0206133333333333,0.029038333333333298,0.0,827.8984375,843.29296875,100242.04000000001,-2.0651496e-06,0.0,246.724715,940.3991370010787
2022-01-18 15:00:00,-20.70898601338795,0.6840076450166254,14.93545999209573,1356.9012,1143.5991,484.4773,264.45966999999996,13.694125,0.001628333333333325,0.000703333333333325,0.0,0.028519999999999948,0.048123333333333275,98.16666666666667,917.93359375,1134.96875,101322.29000000001,-0.00012313687875,0.99438094375,277.64147,542.5278676734988
2022-02-11 18:00:00,-14.289328586144947,0.75108147486103,28.37165932338495,1229.4421,1051.5683,965.3714,264.39685000000003,7.750503333333333,0.000958333333333325,0.0019,0.0,0.009419999999999974,0.04171999999999995,5.066666666666666,864.40625,948.46484375,100790.178125,-0.00010782125375,0.061054229375,277.54476999999997,1012.1790722761596
2021-05-10 13:00:00,17.406567916208562,1.2725509632901921,58.727428549527005,717.1771,580.9057,448.73839999999996,243.39709666666664,6.788548333333333,0.004316666666666625,0.00085166666666665,0.0017083333333333,0.0385083333333333,0.04291999999999995,49.333333333333336,593.4609375,624.08984375,101916.609375,-1.405278475e-06,0.0,275.53483875,578.1229773462783
2022-03-18 20:00:00,-1.2516042922501336,1.4035700382077658,61.92646784601162,643.2187,523.4439,409.17,248.27104666666668,4.8494866666666665,0.0009,0.0003,0.0001,0.008886666666666626,0.04925833333333332,28.1,383.03125,398.34375,101240.07125000001,-2.8392242125e-06,0.0,272.549155,502.8766630708378
2021-10-29 11:00:00,-13.199388829168585,1.6135712194821479,65.83980021965384,566.1194,432.9084,246.0041,267.2675466666667,9.0319,0.004278333333333325,0.00052666666666665,0.0001,0.0383,0.04306833333333332,41.95,440.59765625,501.7578125,102352.0,-7.53090725e-07,0.0,276.65313125,397.6734987414599
2022-04-30 14:00:00,14.521556918387134,0.974377126016115,47.30279434414477,934.3819,801.752,801.7520999999999,237.34745,4.099241666666667,0.0013,0.001419999999999975,0.0,0.0144,0.01411,0.0,802.0390625,802.29296875,101410.5775,-2.1012383624999997e-06,0.0,269.99291875,761.9687162891046
2022-02-13 17:00:00,-13.628352259311125,0.6890553568590289,16.43632422170252,1342.4891,1149.6496000000002,1149.6497,260.7018,9.085483333333332,0.0012,0.0015,0.0,0.0154933333333333,0.05006499999999997,0.0,989.6484062499999,1075.7070625000001,101240.20375,-0.00011803620125,0.8099441625,277.75682500000005,1141.4419273642575
2022-04-09 17:00:00,7.28344677986025,0.8109115695839066,35.41992176457951,1122.9559,966.9452,951.5461,246.406345,6.202106666666666,0.0004,0.00084166666666665,0.0001,0.0045,0.0210233333333333,5.5,853.7421875,886.40234375,100759.91500000001,-3.1682721124999996e-06,0.7876663125000001,267.2042325,962.3876303487954
2021-10-11 19:00:00,-6.713437096439046,1.051235907004831,51.059984975150606,866.9952,724.4416,724.4416,264.2601466666667,5.765358333333333,0.00328666666666665,0.002,0.001658333333333325,0.020496666666666625,0.024123333333333323,0.0,576.30078125,597.63671875,100862.57125000001,-1.0943913249999998e-06,0.0,273.60024,718.3962603380079
2021-05-03 19:00:00,15.432596053257022,1.3685672525928594,61.14112703125081,663.109,563.452,563.4521,242.64594499999998,2.1787099999999997,0.001085,0.0002,0.003278333333333275,0.010964999999999975,0.032689999999999976,0.0,450.69140625,451.0390625,100589.040625,-5.327401625e-07,0.0,243.64403375,539.5289464221503
2021-10-18 18:00:00,-9.326646848826442,0.8273683401914919,36.99322237990814,1104.4287,948.9663,883.5732,272.9315683333333,5.461166666666667,0.001505,0.0007583333333333251,0.0002,0.012079999999999974,0.0188933333333333,4.0,789.49609375,836.703125,100835.9625,-1.1576048625e-06,0.7693939125,272.124635,942.2473930240919
2021-08-26 19:00:00,10.690138206932069,1.2163529896072016,57.10386195852379,747.2643,660.8116,660.8115,278.42892,0.754475,0.002298333333333325,0.0007,0.001043333333333325,0.010966666666666625,0.03427166666666665,0.0,527.66015625,529.5390625,100577.290625,-6.792833887499999e-07,0.0,244.54757999999998,634.2376842862279
2021-10-10 13:00:00,-6.333474705121404,0.8938288576376003,42.32985092534631,1024.1479,889.9488,889.9489,268.8000616666667,2.78497,0.00283999999999995,0.000873333333333325,0.00204,0.0199283333333333,0.0264033333333333,0.0,919.0,918.671875,101392.40625,-2.14256575e-06,0.0,260.22207375,883.9446242358863
2021-12-14 17:00:00,-23.15892481426692,0.6895587014668102,16.57758361402496,1341.8020000000001,1148.8166,674.6361999999999,256.239695,9.667300000000001,0.0008433333333333251,0.001828333333333325,0.0002,0.011426666666666651,0.015574999999999926,100.0,930.5546875,1067.90234375,101125.66500000001,-5.35318675e-05,0.60582351375,273.25463625,896.9902912621359
2022-03-11 20:00:00,-4.011667131882717,1.3314691004073882,60.256616329123396,678.9656,538.2577,190.5235,260.1743783333333,13.305798333333334,0.0007,0.0003,0.0001,0.010573333333333325,0.009693333333333325,100.0,185.5859375,399.45703125,101487.08687500001,-8.9650566125e-06,0.7251129125,278.12932625,439.06148867313914
2022-01-03 11:00:00,-22.89242968405637,1.6982144727773003,67.11619546891795,531.3444,407.5015,311.8035,257.300415,8.724906666666666,0.0014,0.0015,0.0002,0.02270999999999995,0.028998333333333275,21.4,431.17578125,473.234375,101881.578125,-1.0618910624999999e-05,0.0062561035,280.40624749999995,350.81085940309237
2022-01-27 11:00:00,-18.67182297963725,1.962941117556277,70.3453009485664,458.7138,307.91499999999996,150.2271,264.35064666666665,17.532721666666667,0.00628666666666665,0.00010166666666665001,0.000475,0.12600999999999996,0.047349999999999975,100.0,40.53125,388.109375,102569.2025,-1.7975353375e-05,1.0,277.28866500000004,89.99460625674219
2021-12-03 19:00:00,-21.996945080171198,0.9357043546414322,45.07567838963004,979.2798,803.6412,209.6089,264.4569266666667,14.302828333333334,0.0006,0.0007983333333333251,0.0002,0.00970666666666665,0.017503333333333326,100.0,322.63671875,671.68359375,101050.234375,-2.4223991625e-06,0.99032974375,277.9649425,109.64760877382237
2021-06-29 20:00:00,23.287060087617615,2.7188989966677344,75.95472172872533,347.209,276.4721,266.2489,266.56093333333337,1.1309983333333333,0.0020466666666666498,0.0008,0.0019,0.012343333333333276,0.04215333333333333,10.6,172.328125,172.5390625,102204.759375,-4.1566089625e-07,0.0,256.2307125,268.9572096368213
2022-04-25 18:00:00,12.925228092035313,1.0035456165866876,48.82212984348671,904.191,811.343,743.4528,242.69359833333334,1.1268116666666668,0.0006,0.00071666666666665,0.0006,0.006589999999999975,0.014033333333333274,17.116666666666667,689.3515625,700.60546875,100750.32875,-1.4456891e-06,0.95261001875,250.77310749999998,714.6026609133405
2022-04-08 19:00:00,6.909511809950204,1.1462972883360605,54.8063311486735,791.5821,655.297,538.3263,247.60549833333332,6.857616666666667,0.0008,0.00066666666666665,0.0002,0.0111783333333333,0.030799999999999952,26.866666666666667,513.7265625,537.578125,100768.28125,-1.380249185e-06,0.1883392325,269.83283374999996,645.6742179072276
2022-02-14 18:00:00,-13.292165303316013,0.7541181274018395,28.796210180897173,1223.5122000000001,1024.3685,837.3770999999999,261.74832333333336,12.90704,0.0018,0.0013,0.0,0.023938333333333298,0.06731499999999997,44.45,718.26953125,925.8515625,101124.46875,-6.0558144375000004e-05,0.65134810625,280.4378125,1036.4796835670622
2022-02-12 16:00:00,-13.960779933652848,0.6723215799608396,10.573427439006393,1377.8067,1177.9735,1012.0158,261.2177316666667,10.327398333333333,0.0016,0.000388333333333325,0.0,0.015574999999999974,0.03812166666666665,100.0,956.83984375,1129.0430000000001,101575.603125,-0.0001261400725,0.2211341875,279.99354875,1059.6889608054655
2021-12-04 21:00:00,-22.13925604196169,2.097613722530236,71.65591240578588,423.07689999999997,307.8484,26.767,257.26133333333337,16.498101666666667,0.0008033333333333251,0.00043833333333332503,0.0,0.01067499999999995,0.01804499999999995,100.0,77.44921875,188.5546875,101659.765,-1.208120375e-05,0.99080276875,280.0290875,22.779575692197053
2021-05-30 13:00:00,21.65366402283894,1.40192955484975,61.890663501349515,652.1220000000001,560.4126,427.2367,259.0836,1.2627083333333333,0.0025233333333333,0.000994999999999975,0.0033933333333333,0.019499999999999976,0.04247166666666665,98.6,574.03125,593.29100625,102125.428125,-1.75184685e-06,0.9474334687499999,261.68345250000004,465.16001438331534
2021-12-12 10:00:00,-23.01496090956468,3.145397775625297,77.89457014945275,357.35979999999995,279.8602,165.2448,264.3852366666667,2.1281,0.0005,0.0073766666666666494,0.0001,0.00499666666666665,0.011986666666666649,57.63333333333334,352.5546875,356.35546875,101356.08687500001,-4.135660225e-05,0.04145050125,268.01798625000004,263.3656957928803
2021-10-09 12:00:00,-5.952169923211082,1.1757102166184163,55.81196638266506,778.8552,632.2943,589.9925000000001,267.0799783333333,9.157983333333334,0.0030816666666666,0.001339999999999975,0.00178166666666665,0.022554999999999974,0.024349999999999948,6.05,660.5234375,684.41796875,101504.1,-2.1212036125000003e-06,0.015056609875,273.433415,611.7943185904351
2022-03-21 12:00:00,-0.06592403700579391,1.4592625796718974,63.08783533494677,633.2613,496.34360000000004,144.1834,246.54556833333334,11.116533333333333,0.001289999999999975,0.00023333333333332498,0.000125,0.020836666666666625,0.0451233333333333,100.0,339.64453125,546.9453125,101782.27875,-1.249744675e-05,0.0,279.70476874999997,138.15893563466378
2021-12-08 12:00:00,-22.636286803525202,1.055981984752991,51.26793676086256,871.0262,707.7423,398.17409999999995,263.21855,12.926715,0.001034999999999975,0.0009033333333333001,0.000394999999999975,0.012058333333333275,0.0234133333333333,92.43333333333334,513.60546875,741.23046875,101808.13125,-6.84711575e-05,0.93174745,281.7644075,627.5188781014024
2021-12-17 11:00:00,-23.317297340193075,1.5789560749938993,65.27436915050424,575.2905000000001,441.0722,311.6466,256.59454833333336,13.36429,0.0016,0.000483333333333325,0.0001,0.021575,0.016138333333333324,65.68333333333334,337.59375,497.2421875,102116.490625,-1.5076860875e-05,0.0,278.7577475,258.2254584681769
2022-04-07 12:00:00,6.533617825091418,1.570891020932401,65.13866946632157,587.3176000000001,459.8593,249.7257,241.03100999999998,8.123608333333333,0.0012,0.0015333333333333,0.0004,0.020048333333333276,0.06791,81.98333333333333,492.3203125,518.11328125,101759.42874999999,-3.3460673e-06,0.55702591125,277.36976125,436.9003955411722
2021-09-13 15:00:00,4.107991960456648,0.7702493288087283,30.910073270121107,1182.7541,1044.7169,950.9726,279.1160083333333,2.4545916666666665,0.00344,0.0009,0.0023483333333333247,0.026573333333333324,0.0521033333333333,90.5,996.078125,1017.63283125,100940.32875,-2.608983775e-06,0.5128593475,263.3262625,1032.398417835311
2022-01-09 17:00:00,-22.213317133126424,0.681352111199995,14.0734926527158,1362.5795,1142.8126,790.0478,256.14864166666666,15.698156666666668,0.0015166666666666501,0.0008366666666666501,0.0003,0.0324533333333333,0.04170333333333327,49.1,603.8359375,1063.1601875000001,101299.5025,-5.7248515125e-05,0.8519973875,281.13424375,1158.4501977705859
2022-03-26 21:00:00,1.9038988831184545,3.0064310750013443,77.3245233390021,334.2302666666667,247.14853333333335,234.2596,248.4779222222222,4.756213333333334,0.0004,0.0015000000000000002,0.0002,0.004084444444444433,0.0440933333333333,8.88888888888889,139.84375,148.6328125,100971.815,-1.5073455574999999e-06,0.0,270.57398,240.27088577250387
2021-07-19 17:00:00,21.003003804078357,0.9824745181473801,47.737322787887464,923.6228,794.0037,794.0038,266.9639833333333,2.97796,0.00296666666666665,0.0009,0.002098333333333325,0.027854999999999977,0.032676666666666625,0.0,727.078125,727.53515625,101263.72750000001,-2.3583415625e-06,0.006637573125,261.76329875,786.7493707299532
2021-08-21 15:00:00,12.380055548465378,0.8537813217191708,39.28722140257211,1065.2800000000002,951.3012,951.3011,262.12388999999996,1.6427649999999998,0.003329999999999975,0.0013,0.001,0.0178933333333333,0.04318999999999997,0.0,916.109375,916.44140625,101326.49312500001,-2.129672825e-06,0.0,257.53393125,916.9363538295577
2021-09-11 14:00:00,4.868093435556078,0.8581866931128583,39.64560199323391,1063.4539,960.4234,960.4233,274.75766166666665,1.043295,0.0027,0.000443333333333325,0.0011,0.01826999999999995,0.028451666666666625,0.0,958.61328125,958.95705,101510.6725,-2.4429755375e-06,0.004291534374999999,250.68423,888.2775979863358
2021-10-11 16:00:00,-6.713437096439046,0.6962670106272888,18.34201706220168,1313.3207,1157.2681,1157.2681,265.93618000000004,3.5260683333333334,0.00250666666666665,0.00191166666666665,0.0016849999999999999,0.016391666666666624,0.023198333333333276,0.0,1065.65234375,1084.5898625,101127.75687499999,-3.5031116875e-06,0.0,270.953845,1128.0115066522833
2021-11-02 19:00:00,-14.511719037234068,1.0005208987499612,48.67031579607387,911.8086999999999,753.1711,454.0686,270.699045,9.233149999999998,0.002448333333333325,0.002339999999999975,0.0002,0.0191233333333333,0.019109999999999974,94.5,503.76953125,623.22265625,100862.078125,-1.995515075e-06,0.3451194825,277.95593,714.0758719884933
2021-08-26 15:00:00,10.690138206932069,0.833962959362242,37.59087965708616,1090.8589,996.423,996.4229,279.58463333333333,0.41395666666666664,0.0036033333333333,0.0007,0.001318333333333325,0.01719999999999995,0.04965,0.0,964.5058437499999,967.2285312500001,101241.234375,-1.6311241874999998e-06,0.0,251.8864375,973.5706580366774
2021-07-04 18:00:00,22.96156848261638,1.1801557529717814,55.95858474602324,771.69,683.899,683.899,268.8307516666667,0.8156100000000001,0.0014,0.001358333333333325,0.004171666666666625,0.013954999999999974,0.03572666666666662,0.0,583.921875,584.27734375,101233.72125,-2.0421575875e-06,0.17697524750000002,241.94810125,660.341603739662
2022-01-15 11:00:00,-21.272709360526417,1.8171226895254906,68.69187260198967,495.1272,357.1023,279.833,265.35049000000004,9.2353,0.00962166666666665,0.0002,0.000175,0.08472666666666662,0.026908333333333274,39.1,453.109375,453.16796875,101970.10250000001,-2.0439911125e-05,0.0,275.62378125,340.46925566343043
2022-01-13 18:00:00,-21.614433766280886,0.7449071599801053,27.478858357533404,1244.5396,1053.4602,718.1075000000001,255.30363666666665,8.337325,0.0058433333333333245,0.0001,0.0001,0.04775,0.020738333333333275,72.6,912.63671875,964.5430000000001,101433.52437500001,-6.521222475000001e-05,0.191287995,274.48581,890.4530744336569
2021-08-29 12:00:00,9.6420465502539,1.6568445050394698,66.51018466280186,559.9522999999999,459.0668,368.658,282.27281,2.5373366666666666,0.0031,0.001029999999999975,0.0011233333333333251,0.0121,0.04154499999999998,21.166666666666664,518.4375,518.0703125,102603.13187499999,-1.7589190875e-06,0.0,262.3087125,443.2164688960805
2022-01-02 19:00:00,-22.979341669118796,0.887219756641693,41.858824561537695,1040.4244,886.4286,886.4286,260.49119833333333,5.84916,0.0004,0.002444999999999975,0.0001,0.004225,0.02237999999999995,0.0,734.16015625,770.3828125,100423.765625,-3.131607075e-05,0.0,263.62435125,867.5080906148867
2021-09-29 18:00:00,-2.08780417253818,0.8604443431825193,39.82680692991593,1058.9137,891.5702,809.2794,260.4856,6.6410833333333334,0.0075683333333333,0.001,0.00100666666666665,0.04667833333333333,0.0333283333333333,22.96666666666667,730.48046875,790.90625,100555.34375,-4.265806625e-06,0.5776977400000001,270.56021625,745.1060769507371
2021-10-07 15:00:00,-5.1859494117029605,0.7105825797240017,21.555577256006337,1286.5578,1101.1675,1101.1676,266.0370566666667,9.877646666666665,0.001,0.0005,0.000558333333333325,0.007763333333333325,0.015079999999999951,0.0,935.75390625,1067.2383,101099.19375,-1.7736863625000003e-05,0.1422462435,274.19345125,1013.9014742898237
2021-10-07 19:00:00,-5.1859494117029605,1.0613553190077614,51.500409796706485,858.4625,706.6414,367.5153,265.4001383333333,9.905380000000001,0.001326666666666625,0.0005,0.00089666666666665,0.010448333333333325,0.019358333333333276,95.6,418.91796875,582.06640625,100324.01625,-1.3688404625000001e-06,0.47613907624999996,268.21618624999996,184.82560230133043
2022-03-29 13:00:00,3.077709846778854,1.0565612233458066,51.29314721385728,870.8987999999999,751.956,751.9558,253.70583666666664,2.797076666666667,0.0005,0.000519999999999975,0.0001,0.004725,0.012231666666666599,0.0,794.5957187500001,794.8769374999999,101272.72750000001,-4.1873717875e-06,0.0,265.75813,721.9830996044589
2021-07-22 15:00:00,20.444836636669194,0.9709487419178991,47.11570212305806,935.7621,810.0360000000001,810.0360000000001,262.15297166666664,2.902665,0.0022,0.0007,0.00124166666666665,0.016985,0.025086666666666625,0.0,790.95118125,791.2851625000001,102107.28375,-2.46361015e-06,0.0,262.0775075,769.9946062567421
2022-04-06 13:00:00,6.155857075258399,1.0877972449823752,52.60080756187775,844.1613,679.9376,505.1017,235.44625,11.895481666666667,0.002289999999999975,0.00141,0.0003,0.03588666666666662,0.08658833333333327,61.93333333333333,615.0703125,718.61328125,101808.415625,-2.6286870125e-06,0.838851925,277.75243875,658.9194534340165
2021-08-21 18:00:00,12.380055548465378,0.9785267799034122,47.526751452080376,927.3998,821.3761,821.3761,261.61455166666667,1.468665,0.00324,0.001364999999999975,0.001,0.0158,0.04704166666666662,0.0,710.6328125,710.99609375,100700.9,-1.4932011e-06,0.0,241.94522375,802.3516720604099
2022-03-17 21:00:00,-1.6468657664223034,2.5810538900542452,75.18627348300426,382.5184,283.66360000000003,200.2764,255.66485777777777,5.220988888888889,0.0006,0.00010444444444443334,0.0001,0.0049,0.07625777777777777,42.22222222222222,180.1015625,184.578125,100779.8925,-2.64600385e-06,0.0,251.66098,273.3932638139758
2021-06-17 13:00:00,23.368867490578037,1.4881850691698588,63.6523017762128,616.2102,529.7443000000001,465.50059999999996,243.487,1.5027533333333334,0.00147666666666665,0.00041666666666665,0.0013083333333332998,0.01221499999999995,0.02141999999999995,6.483333333333333,555.08984375,556.5488375,101887.15375,-1.0532385125e-06,0.0,257.8284525,498.0348795397339
2021-06-05 13:00:00,22.46364309335607,1.4362697648459972,62.620748779932974,637.1581,541.3457,411.17600000000004,265.43397833333336,1.8682999999999998,0.0012,0.0002,0.001339999999999975,0.01139,0.04576666666666662,23.549999999999997,534.7890625,570.51171875,101769.22750000001,-1.663865975e-06,0.0,246.77395875,518.0402732829917
2021-12-12 14:00:00,-23.01496090956468,0.7259787576089758,24.449527642134672,1274.8793,1140.9742999999999,1140.9744,264.44661833333333,2.2682716666666662,0.0005,0.00404166666666665,0.0001,0.004234999999999975,0.012138333333333326,0.0,1134.964825,1136.6835624999999,100937.75,-0.000126723115,0.109348296875,268.20542,1137.4145990650845
2021-06-05 12:00:00,22.46364309335607,2.2693195492853153,73.08991600455285,410.881,330.9131,201.7628,264.87843833333335,1.7697933333333333,0.00115666666666665,0.0002,0.0009833333333333,0.010190000000000001,0.04279999999999995,69.5,364.9296875,384.8125,101865.6875,-1.0242220125e-06,0.0,250.94714249999998,305.6040992448759
2021-09-21 17:00:00,1.0260736532584147,0.7717020905347545,31.08986382189557,1179.7746,987.9697,746.2538,276.29420333333337,12.620461666666667,0.0051933333333333,0.0002,0.000728333333333325,0.034299999999999976,0.0199533333333333,61.75,747.8046875,902.30078125,101474.88375000001,-1.0505114875e-05,0.74912644375,277.84739249999996,891.7583603020496
2022-02-10 21:00:00,-14.613878629738002,1.8390302851084834,68.958234009812,487.36769999999996,360.6613,282.30469999999997,259.30146333333334,8.593328333333334,0.0014,0.0034883333333333,0.0,0.010586666666666626,0.11792833333333327,54.733333333333334,242.51171875,253.71875,100688.615625,-2.4747586999999998e-05,0.050960541875,278.06438875000003,331.19741100323625
2021-11-03 20:00:00,-14.83025116777634,1.4166724149685892,62.20903994069456,639.2702,521.2349,494.09380000000004,273.458025,5.46365,0.000863333333333325,0.00212166666666665,0.0001,0.005266666666666624,0.010205,4.216666666666667,337.875,378.6875,100367.5375,-3.3565447875000004e-07,0.40861512175000003,269.99970125,521.7457749011147
2022-02-03 19:00:00,-16.76379142181507,0.8774032090616004,41.13776317114137,1050.4782,863.159,675.3627,253.93301499999998,13.680686666666666,0.0013,0.00157166666666665,0.0001,0.01433999999999995,0.10093666666666665,33.1,458.23828125,740.2578125,101250.31875,-6.373230775000001e-05,0.8835830625000001,283.0719375,624.0686803308163
2022-02-16 12:00:00,-12.608992829198627,1.2958761351816361,59.35235824671444,710.3446,554.6388,385.5333,265.15061000000003,12.326501666666665,0.0027,0.0005,0.0,0.0344233333333333,0.07193166666666662,72.86666666666666,528.46484375,625.921875,102184.1225,-5.0248693125e-05,0.0,280.13753875,385.5088097806544
2021-06-22 15:00:00,23.455568693844302,1.020450103261396,49.64787373342292,888.6415999999999,780.2517,724.4256,264.84423333333336,1.8538316666666668,0.0017466666666666499,0.0004,0.0024,0.0215433333333333,0.03264499999999998,9.916666666666668,760.63671875,760.8867124999999,101526.05374999999,-2.5575864375e-06,0.49378967125,252.31765125,731.1506652283351
2022-02-10 20:00:00,-14.613878629738002,1.1616684494136837,55.33974865380561,785.8918000000001,633.4703999999999,610.293,259.85645166666666,8.296063333333333,0.00131166666666665,0.0030283333333333,0.0,0.009683333333333325,0.10603333333333327,4.25,460.49609375,515.06640625,100502.00687499999,-5.4480109375e-05,0.052181243875,275.5713275,623.620999640417
2021-05-04 15:00:00,15.727950717208849,0.8879726142702363,41.913052646880146,1021.2827,888.2893,888.2893,244.68481666666665,2.9843183333333334,0.0014,0.0005,0.002805,0.017074999999999976,0.03556999999999995,0.0,839.0332125,875.21875,101199.2525,-1.44235675e-06,0.8735427875,253.8994225,858.4771664868751
2022-02-23 16:00:00,-10.117057019753185,0.6822401250097673,14.368122253785714,1354.6531,1151.3372,1151.3371,253.53107666666665,12.395735,0.0013,0.00056666666666665,0.0001,0.01718166666666665,0.020733333333333298,0.0,953.7265625,1112.3203250000001,101175.703125,-3.579587775e-05,0.068489075,276.58409875,1180.6544408486156
2022-01-28 19:00:00,-18.415527261388707,0.8741776185582462,40.89498142099576,1055.6473,867.8641,322.59159999999997,261.418765,16.126853333333333,0.0013,0.0001,0.0,0.012753333333333325,0.00852999999999995,100.0,677.21484375,747.5859375,100883.578125,-7.378481499999999e-05,0.22196197625,281.21741,438.14814814814815
2021-07-07 14:00:00,22.685710345625814,1.1536674342197935,55.064300371256664,790.0569,702.5977,702.5975,267.7734916666667,0.875295,0.00162666666666665,0.0007,0.000994999999999975,0.012796666666666625,0.024223333333333277,0.0,700.2363124999999,700.5742250000001,101956.1875,-2.2990279874999996e-06,0.0,254.62151375000002,673.5778496943545
2021-07-07 16:00:00,22.685710345625814,0.970332870594812,47.08189261077187,934.4152,836.0694,836.0695000000001,267.3358733333333,1.2653699999999999,0.00161666666666665,0.0006299999999999999,0.000913333333333325,0.012576666666666625,0.024456666666666627,0.0,776.23828125,776.5625,101604.5475,-2.6941997999999997e-06,0.0,255.44215125,804.8004314994606
2021-12-07 14:00:00,-22.522986529463115,0.7236682061717918,24.04377764756539,1278.3425,1069.4451999999999,631.4952000000001,257.59496333333334,16.340691666666668,0.0014,0.00047166666666665,0.0001,0.015218333333333299,0.00843,96.25,352.34765625,1051.79296875,102001.0,-7.97486865e-05,0.7295952025,280.80240000000003,636.0104279036318
2021-05-20 15:00:00,19.810005539497073,0.9478033735204878,45.80112273344746,955.344,844.4188,844.4189,257.033885,2.0918916666666667,0.00094166666666665,0.0002,0.002265,0.0082033333333333,0.0163,0.0,823.7421875,823.9921875,101212.11875,-1.3844692125e-06,0.0,257.28306,814.4192736425746
2021-07-07 15:00:00,22.685710345625814,1.0094655542459707,49.11562756671751,899.3397,805.3031000000001,805.303,267.76129166666664,1.0790366666666666,0.0016,0.0007,0.000804999999999975,0.01226666666666665,0.023544999999999948,0.0,773.25390625,773.5761562499999,101785.00875000001,-2.7033966125e-06,0.0,255.60639875,771.9201725997842
2022-03-23 18:00:00,0.7234441253853318,0.84280968978133,38.36582179571159,1082.8093999999999,941.1028,941.1028,249.55434833333334,3.4736599999999997,0.0008,0.001813333333333325,0.0003,0.0072566666666666,0.041071666666666624,0.0,830.765625,836.48046875,100181.95375,-7.798953225e-06,0.0,261.79123749999997,907.8568860122258
2022-04-16 15:00:00,9.838422368291791,0.8231084318048578,36.59754660980169,1107.3408,999.0162,999.0162,244.1915833333333,1.6092983333333333,0.0004,0.0003,0.0002,0.004401666666666625,0.00776666666666665,0.0,945.90234375,964.1015625,101118.00687499999,-2.1996675125e-06,0.0,250.4572875,981.643293779216
2021-11-15 10:00:00,-18.30313281994917,3.098847720087891,77.70945095057682,328.83279999999996,237.49986666666666,46.5876,271.10966666666667,6.60742,0.00136,0.0030222222222222,0.0002,0.013995555555555499,0.019164444444444432,100.0,278.046875,308.578125,101681.5,-8.089701000000001e-07,0.921051,278.193865,154.66618722282155
2021-07-03 20:00:00,23.040179273357914,2.6645455173938637,75.6615228573081,353.9104,276.2308,276.2308,264.19229333333334,1.4229633333333334,0.002698333333333325,0.0008,0.002409999999999975,0.020189999999999975,0.05649999999999995,1.5333333333333334,179.328125,179.61328125,101298.890625,-4.2753527125e-07,0.00450134275,251.05720499999998,270.0215749730313
2021-11-07 20:00:00,-16.06266126691407,1.3954758906534288,61.74887466217449,648.79,526.2857,117.5644,279.000185,5.96995,0.0013299999999999749,0.0014866666666666002,0.0002,0.010738333333333275,0.011761666666666601,100.0,367.92578125,385.08984375,100642.5,-1.38729227625e-06,0.0023460388124999995,274.3214525,515.0791082344481
2021-10-26 20:00:00,-12.17831133185726,1.4592004405799484,63.0865954275084,621.2469,504.27639999999997,504.27639999999997,295.0997,5.967813333333333,0.000503333333333325,0.0002,0.0,0.0031133333333333,0.007593333333333275,0.0,358.37890625,368.27734375,101534.321875,-3.4237746250000003e-07,0.335292825,267.67255625,458.2937792161093
2022-01-09 18:00:00,-22.213317133126424,0.7465457217747865,27.719820301508715,1241.6566,1031.6173,370.5267,255.18062833333332,15.84141,0.0016,0.00073,0.0003,0.0334983333333333,0.0410866666666666,98.73333333333333,539.0234375,926.91015625,101236.759375,-3.636724425e-05,0.8516121,281.05670125,954.7105357784969
2022-03-28 15:00:00,2.6873378451490937,0.7678420219070473,30.608541860936217,1193.996,1051.0053,1051.0054,257.5474566666667,3.3622433333333333,0.000255,0.0,0.0001,0.002884999999999975,0.006849999999999975,0.0,1036.79296875,1037.04296875,101559.640625,-5.66765085e-06,0.010814666625,265.67600625,1043.9050701186623
2021-07-28 15:00:00,19.175893145969926,0.9499701738614043,45.928162721750574,956.6469,841.251,841.251,285.95260666666667,1.9738266666666664,0.0034533333333333248,0.0009,0.0017,0.018909999999999975,0.04089999999999998,0.0,806.09180625,817.5761562499999,101573.4975,-1.5914847749999999e-06,0.0,261.384355,805.9870550161811
2022-03-15 19:00:00,-2.43683372683265,0.9883415388187514,48.045888766297544,921.417,767.1553,605.4249,252.38307833333332,9.117291666666667,0.0007,0.0001,0.0001,0.00943166666666665,0.015633333333333325,65.2,410.73046875,653.26953125,101561.259375,-7.709371875e-06,0.9871635375,269.6041525,572.7094570298453
2022-02-06 12:00:00,-15.869710715406242,1.251580646301811,58.14196374009935,733.7138,589.7116,468.30060000000003,261.4273933333333,8.298201666666667,0.001558333333333325,0.0025,0.0,0.01834166666666665,0.0501933333333333,47.88333333333333,336.87109375,646.671875,102264.58499999999,-5.4488134375e-05,0.0,276.242975,618.2380438691118
2021-10-01 18:00:00,-2.8657367511039054,0.8563879938606689,39.5000499939094,1064.2742,878.1313,318.24030000000005,265.4863233333333,9.991311666666666,0.00879999999999995,0.0015400000000000001,0.001875,0.0679483333333333,0.04697666666666665,100.0,686.5,774.921875,100915.36624999999,-1.96574545875e-05,0.321216585,279.694945,474.2664509169363
2022-03-31 18:00:00,3.8552830125226754,0.8755678846091375,40.999987615708285,1040.2712000000001,887.9968,887.9968,251.80296666666666,6.21349,0.0008,0.0009133333333333,0.0001,0.0098933333333333,0.018964999999999975,0.0,712.32421875,782.3515625,100813.71625,-4.3031469375e-06,0.048488617250000005,274.50361375,882.1646889608055
2021-05-19 16:00:00,19.593649658139718,0.9195893266495172,44.06458147945566,983.6940999999999,875.5716,875.3516,256.5390666666667,1.6674483333333334,0.001093333333333325,0.000993333333333325,0.006679999999999975,0.012679999999999974,0.032583333333333304,0.0,827.1328125,827.16796875,101192.603125,-1.4494289875e-06,0.1878814725,248.7461,845.7389428263215
2021-11-22 12:00:00,-19.980892348271666,1.0428291596189616,50.68545534239079,881.9789,722.2026,590.677,255.39390833333334,11.447683333333334,0.0009633333333333249,0.0010599999999999499,0.0001,0.011331666666666625,0.0197166666666666,20.849999999999998,747.10546875,761.06640625,101416.00875000001,-9.452924125e-07,0.028324127375,276.22210125000004,699.074074074074
2021-09-18 11:00:00,2.1880253905616205,2.4616761681463837,74.44867979137304,378.2004,289.1746,95.0756,273.299855,2.9684416666666666,0.00209,0.0009699999999999999,0.0012,0.019489999999999976,0.02751999999999995,84.55000000000001,350.53515625,362.4042875,101876.61624999999,-2.600892925e-06,0.1410560575,268.85073875,257.2384034519957
2021-09-29 17:00:00,-2.08780417253818,0.7555635453841062,28.99511007110514,1206.6855,1033.6007,1033.6006,260.8178,6.060511666666667,0.007054999999999975,0.001,0.000998333333333325,0.04289999999999997,0.032426666666666625,0.0,906.90234375,951.7265625,100667.009375,-2.6728375749999997e-06,0.5388717562500001,270.92072375,1006.1668464581086
2021-09-11 18:00:00,4.868093435556078,0.9050200929338413,43.10252211239106,1004.088,903.6980000000001,903.6979000000001,273.222865,0.9701283333333333,0.0026,0.0004,0.00132666666666665,0.019766666666666627,0.03093499999999995,0.0,781.55078125,784.01171875,100671.40625,-1.7533020499999998e-06,0.596622475,243.6681525,849.4786048184105
2021-05-10 19:00:00,17.406567916208562,1.4314217889188807,62.52009262012022,634.9932,497.209,491.3299,241.50663666666665,7.999798333333333,0.0061799999999999754,0.00135,0.002,0.05634833333333333,0.05360333333333332,5.0,340.18359375,406.25,100959.9975,-4.77855805e-07,0.25074386625,269.38872,510.27687882056813
2021-08-03 14:00:00,17.717056492932677,1.0544010813188482,51.19894395250739,865.5797,723.3136999999999,584.1484,284.9178116666667,5.7928049999999995,0.003263333333333325,0.001,0.003445,0.02610999999999995,0.05586166666666665,91.3,656.9706874999999,738.0254062500001,102322.22562499999,-1.7340352875e-06,0.14747238000000001,270.52702375,653.2434376123697
2021-06-16 19:00:00,23.330833093414007,1.6097830344928916,65.77922694452886,570.3959,481.3435,481.3435,239.89396833333333,2.0574083333333335,0.00106,0.0003,0.0011783333333333249,0.0094133333333333,0.0204333333333333,0.0,363.74609375,369.08203125,101034.5,-8.0227616375e-07,0.0,255.665275,463.4142394822006
2021-08-22 17:00:00,12.048172409254994,0.8577602410604261,39.611188779660615,1057.6355,965.8181,965.818,261.08196833333335,0.4502183333333333,0.001955,0.0007,0.0009,0.009659999999999974,0.05797833333333327,0.0,879.7753749999999,880.140625,100771.978125,-2.0356673875e-06,0.0,243.06837375,933.4232290542969
2021-12-27 14:00:00,-23.33956277459816,0.73509275494358,25.968736189309837,1260.0673000000002,1060.9895,934.3427,255.19464666666667,13.76483,0.00041166666666665004,4.8333333333333334e-05,6.833333333333333e-05,0.00824166666666665,0.014666666666666599,16.7,860.23046875,1060.53904375,101602.03125,-0.00010470358937499999,0.008277893125,280.449585,1039.9065084501976
2021-09-27 18:00:00,-1.3089028703320174,0.8646617600660226,40.160968841328476,1053.4103,907.0097000000001,907.0099,261.876645,3.27309,0.005,0.002573333333333325,0.0012,0.031885,0.052,0.0,793.30078125,798.78125,100982.625,-2.0035076624999998e-06,0.0,265.31373874999997,890.3991370010787
2021-08-28 20:00:00,9.994050798362174,1.840471173412877,68.97551413376198,496.11580000000004,425.84069999999997,425.84069999999997,289.16738,0.4095966666666666,0.0017366666666666498,0.0009633333333333249,0.0009,0.006444999999999975,0.026119999999999977,0.0,290.71484375,290.98241875,101420.865625,-3.597233365e-07,0.0,238.93864875,400.6921970514203
2021-08-06 18:00:00,16.921849289144873,1.0439207164798123,50.73453965697986,869.9823,771.5089,771.5089,273.6129583333333,1.2016883333333332,0.00256166666666665,0.002953333333333325,0.00178666666666665,0.01235,0.0427133333333333,0.0,667.1171875,667.48046875,101462.70375,-9.20175825e-07,0.0,240.10933,757.0855807263574
2022-01-24 19:00:00,-19.405991243746065,0.8735265982768377,40.84561855602034,1057.0765999999999,870.2832,569.7713,254.10672833333334,15.714266666666667,0.0007,0.0,3e-05,0.01424666666666665,0.00814,61.666666666666664,461.6484375,750.76171875,101200.2875,-3.015482825e-05,0.9628143375,279.23974375,892.0658036677454
2021-10-22 11:00:00,-10.773749884875478,1.6818015300780609,66.8796635207099,543.2614,444.154,257.1407,275.80980166666666,2.9332450000000003,0.00103666666666665,0.002,0.0001,0.006306666666666625,0.01079166666666665,83.86666666666666,510.68359375,511.203125,101695.078125,-1.3306271125e-06,0.0,268.95988374999996,415.2984537935994
2021-10-05 19:00:00,-4.415599318817538,1.0665857174451956,51.72374131965519,854.1013,729.9994,670.6919,269.02700333333337,2.7817083333333334,0.0028,0.001,0.0007,0.01954666666666665,0.025376666666666624,20.416666666666668,545.41015625,599.109375,99925.478125,-1.48487741875e-06,0.94618225625,252.03272375,591.0931319669183
2021-06-22 14:00:00,23.455568693844302,1.1615348701085824,55.335188595212095,783.5332000000001,681.2041,612.2615000000001,265.0246916666667,1.7406783333333333,0.0018,0.0004,0.0024,0.022218333333333326,0.03311999999999995,30.083333333333336,686.4667812499999,688.9023500000001,101739.18125,-2.1703890625e-06,0.4692344675,253.73595,655.2678892484718
2021-07-24 18:00:00,20.043981873185853,1.103657145690846,53.22821716915676,824.04,690.5226,315.7697,267.279625,5.7367566666666665,0.0017,0.0008,0.0015,0.015339999999999951,0.03391666666666662,96.15,490.49609375,597.40625,100979.53375,-1.2703530625e-06,0.0,261.52278125,469.9532542250989
2022-03-07 11:00:00,-5.574096889266962,2.5734287120188393,75.1412793510766,398.7544,287.68666666666667,204.43506666666667,261.15389555555555,11.860399999999998,0.00188,0.0009000000000000001,0.0001,0.027877777777777765,0.0232733333333333,42.68888888888889,370.28125,370.625,101384.4375,-1.8146819999999999e-06,0.2759552,279.98622500000005,262.21263334531943
2022-01-14 13:00:00,-21.44703391225614,0.8847460211904256,41.67958475675454,1043.1127,857.8611,857.8611,260.88118,8.832155,0.0074833333333333,0.0002,0.0003,0.0741083333333333,0.0305183333333333,0.0,892.3515625,913.53125,101883.14937500001,-6.1604369e-05,0.023937225375,276.49804875,856.0212153901473
2022-03-02 11:00:00,-7.499171310722627,2.4863418942535884,74.60710445480127,369.40869999999995,244.31740000000002,135.5533,256.1832616666667,15.64474,0.0045,0.0015,0.0002,0.0802233333333333,0.05611666666666663,79.31666666666666,211.3984375,329.40234375,101863.63375000001,-1.3347133249999999e-05,0.33712386875,281.60985625,118.85832434376123
2022-04-08 14:00:00,6.909511809950204,0.8900259380042576,42.06019847947146,1028.408,870.3876,698.8414,248.53036833333334,7.430706666666667,0.0008849999999999999,0.0006,0.0003,0.015034999999999951,0.03648999999999995,53.766666666666666,780.6015625,877.9375,101573.56937499999,-2.97211225e-06,0.71572111875,274.5894425,837.6519237684286
2022-01-17 21:00:00,-20.903602854067646,1.7555181292022655,67.904383790149,514.3319,391.29650000000004,33.2145,258.4398816666667,13.148715,0.0005,0.0001,0.0,0.007278333333333275,0.01570666666666665,100.0,103.15234375,266.078125,100926.36812500001,-1.3508600937500001e-05,0.99897767375,279.65994,43.71449119021935
2021-11-17 13:00:00,-18.811219532670908,0.8284782977877723,37.09506068113472,1112.2059,939.4482,670.7236,261.19528333333335,8.836078333333333,0.001225,0.00206166666666665,0.0001,0.012988333333333324,0.030026666666666625,36.85,568.9765625,947.49609375,101284.97750000001,-3.3214746875e-06,0.08765030175,277.3116,892.1179431859043
2022-04-19 19:00:00,10.894860095244674,1.2400163796985058,57.808983700286404,731.8081,633.9108,619.0945,240.03982833333333,2.0168666666666666,0.0005,0.001215,0.0002,0.004939999999999975,0.013704999999999974,4.733333333333333,502.6796875,512.58984375,100399.30374999999,-8.921197137500001e-07,0.16139984,243.75270749999999,601.8518518518518
2021-12-10 15:00:00,-22.840630034428266,0.672451051784395,10.632395813015966,1377.0027,1166.8629,923.451,254.24201166666666,14.007828333333332,0.00095666666666665,0.000433333333333325,0.0001,0.01379166666666665,0.009386666666666649,83.45,890.734375,1128.8554875,101059.65875,-9.21552125e-05,0.8932456987499999,281.6163325,1037.1772743617403
2021-06-18 20:00:00,23.40001518935459,2.8199481332895986,76.46886981447916,334.7709,258.8423,111.2561,252.2412,2.737545,0.001124999999999975,0.0006,0.00066166666666665,0.01045166666666665,0.013674999999999975,96.7,160.04296875,160.34765625,100970.084375,-4.5349587250000004e-07,0.0,259.85502375,184.65659834591872
2021-08-25 18:00:00,11.034046063021137,0.9626946787114044,46.65740127157747,942.6592,840.3631,653.1596999999999,277.97268166666663,1.400445,0.002354999999999975,0.000659999999999975,0.000711666666666625,0.01039666666666665,0.0272666666666666,12.183333333333332,719.3203125,722.91796875,100541.3275,-1.0648509274999999e-06,0.0,243.59911375,686.7439769866953
2022-01-15 12:00:00,-21.272709360526417,1.1616977628447658,55.340749166090575,788.4926,621.3340000000001,607.4337,264.6666266666667,9.166273333333333,0.009249999999999975,0.0002,0.0001,0.08070166666666663,0.025921666666666624,4.216666666666667,701.48046875,701.46875,101829.4225,-3.4660072e-05,0.0,275.01891875,610.8000719165767
2021-12-31 10:00:00,-23.13025603340483,3.6920836708153164,79.712779454326,309.65099999999995,213.8864,164.7624,255.60408,10.251090000000001,0.0014,0.0003,0.0004,0.0214833333333333,0.02165999999999995,82.6,265.32421875,289.09765625,101962.25625,-2.0324078125e-05,0.0,281.54693625000004,187.0873786407767
2021-06-10 17:00:00,22.958939285626407,1.0308830010045393,50.13914361854048,878.8548000000001,781.2175,781.2173,253.32357833333333,1.41661,0.0014,0.0014,0.0021433333333333252,0.0104683333333333,0.022699999999999977,0.0,700.046875,699.98828125,101752.0625,-1.7496058875e-06,0.0,253.027695,779.2179072276159
2022-03-07 19:00:00,-5.574096889266962,0.9517437800580059,46.031517699225276,958.9756,783.6199,126.4014,262.73219,12.751231666666667,0.0021633333333333253,0.0006,0.0001,0.0367783333333333,0.027386666666666625,100.0,530.76953125,673.53515625,100714.928125,-2.0548177125000003e-06,0.925617225,277.20684875,439.5810859403092
2021-12-08 10:00:00,-22.636286803525202,3.0882605033286104,77.66655046134849,324.87613333333337,227.2512,32.261199999999995,263.9965466666667,13.680031111111111,0.0008,0.0006,0.0002,0.0092,0.018935555555555535,100.0,153.78125,290.140625,101918.52999999998,-2.7869594999999998e-05,0.79789735,281.36584,127.6663070837828
2021-08-09 19:00:00,16.085804128930004,1.317496725330071,59.908448213663156,691.7366,597.9171,547.2975,274.48963000000003,1.1070666666666666,0.003293333333333325,0.0017,0.0027066666666666498,0.0207683333333333,0.050731666666666626,16.133333333333333,478.69140625,481.1816425,101035.28375,-8.32398675e-07,0.0,242.156745,593.4268248831356
2021-10-26 21:00:00,-12.17831133185726,2.867380487480738,76.69735383426804,350.7164,262.43013333333334,217.51613333333333,294.7088933333334,6.11274,0.0005355555555555334,0.00017555555555553334,0.0,0.0034333333333333,0.0074999999999999,25.799999999999997,143.5703125,153.21875,101673.875,-1.452281175e-07,0.57187654,267.70227500000004,51.99328778616805
2022-04-19 14:00:00,10.894860095244674,0.9293344283761871,44.68235546360301,981.9707999999999,861.3368,861.3368,241.81779666666665,2.578285,0.00056166666666665,0.0009,0.0002,0.006234999999999975,0.01288666666666665,0.0,869.43359375,870.23046875,101315.634375,-2.2654421875000004e-06,0.62324906,263.9828375,824.7033441208198
2021-10-08 17:00:00,-5.569627024419794,0.7405282693730009,26.819752881901838,1233.2724,1061.3348999999998,621.6825,267.58824833333335,6.474171666666667,0.002809999999999975,0.00195,0.001778333333333325,0.024076666666666625,0.029251666666666627,100.0,843.97265625,975.2265625,100174.20999999999,-2.5237968625000003e-06,0.9428253125,264.49125125,738.8079827400215
2022-03-29 20:00:00,3.077709846778854,1.5465230089397826,64.71911876703393,583.4929999999999,482.1091,482.1092,253.620935,3.0505449999999996,0.0005,0.000148333333333325,0.0001,0.005358333333333325,0.01025,0.0,353.53515625,354.59765625,100481.75687499999,-1.048727415e-06,0.00040054321249999997,251.6559125,457.5242718446602
2021-10-07 21:00:00,-5.1859494117029605,3.337386607876838,78.6023297711659,351.185,251.51960000000003,25.1254,264.97920666666664,10.621286666666666,0.0016,0.0004,0.001,0.01249999999999995,0.023553333333333253,100.0,104.3671875,146.19140625,100738.065,-3.5102130250000004e-07,0.0081977844375,276.34778125,27.06220783890687
2021-09-26 19:00:00,-0.9193266638834702,1.0919236470567715,52.76630488905659,833.5567,697.6528000000001,697.6528000000001,263.552675,4.24491,0.004111666666666651,0.00145166666666665,0.00082666666666665,0.023703333333333274,0.05249666666666662,0.0,541.59375,569.375,101261.546875,-1.32940476e-06,0.0,264.39495625,710.059331175836
2021-10-08 20:00:00,-5.569627024419794,1.5551316117373617,64.86900255895372,584.4057,463.3114,52.8647,265.41749500000003,5.999468333333334,0.0029449999999999997,0.000916666666666625,0.0019,0.0245033333333333,0.03256,100.0,262.78125,335.77734375,100008.04625,-6.462214374999999e-07,0.21402740750000002,257.00214,323.1948939230492
2022-03-30 16:00:00,3.4670564910287975,0.7475339475377268,27.863711453399247,1223.6197,1045.6455,1015.215,250.61775666666668,8.924693333333334,0.0013,0.0001,0.0001,0.014693333333333301,0.01759666666666665,1.9166666666666665,927.38671875,997.0234375,101082.640625,-3.1575618625e-06,0.09093094,271.801675,1046.242358863718
2021-11-18 21:00:00,-19.05685437654019,2.366869363121882,73.80775504066112,373.30359999999996,278.1016,257.6024,261.39495166666666,7.1212583333333335,0.0005,0.00307666666666665,0.0001,0.0055,0.01709999999999995,12.816666666666666,131.984375,163.25390625,100930.4125,-1.2744931125e-07,0.0,276.20597250000003,255.8450197770586
2021-07-22 13:00:00,20.444836636669194,1.4343172672216251,62.580302888787415,641.8466,534.4961,442.9491,262.079735,2.9801,0.001984999999999975,0.0006,0.00113,0.0150083333333333,0.022001666666666624,28.083333333333332,567.45703125,567.7949125,102469.234375,-1.6306876125e-06,0.0,265.32674375,497.21323265012586
2022-01-04 20:00:00,-22.797932977796375,1.156526563125038,55.16327423105771,792.7487,657.7977,208.074,258.72515500000003,6.122775,0.000538333333333325,0.0006,0.0001,0.0058799999999999495,0.01203999999999995,100.0,501.296875,529.89453125,100497.0625,-5.663576375e-06,0.43196487499999997,270.4252025,670.1402373247033
2022-03-07 21:00:00,-5.574096889266962,2.2536706468355505,72.96871022990105,392.7233,281.0612,26.3092,261.2629116666667,12.362451666666667,0.002,0.00042,0.0001,0.03305333333333332,0.02560166666666665,100.0,108.625,180.41796875,100933.90625,-4.803878375e-07,0.6331024,278.66723625000003,109.20532182668106
2021-09-24 19:00:00,-0.14039254123672726,1.098035647952144,53.00849761729864,828.7603,683.8555,683.8555,274.5941183333333,5.242031666666667,0.0067999999999999745,0.0019083333333333,0.0011,0.042843333333333324,0.04474499999999995,0.0,535.0,562.19140625,101208.31875,-5.079104175e-06,0.0,269.96271,679.6745774901115
2021-07-08 13:00:00,22.580541066900103,1.4955894634078464,63.792868281647216,615.0769,523.3866,466.3732,269.143545,1.4029116666666668,0.003126666666666625,0.001219999999999975,0.001599999999999975,0.02091999999999995,0.03966666666666663,6.566666666666666,550.7714812500001,550.21095,102135.384375,-2.3742613875e-06,0.0,262.66107875,494.3096008629989
2021-12-11 13:00:00,-22.931570495687936,0.838367857617188,37.98045561197409,1101.6612,923.587,563.6269,260.34685,10.59148,0.0007,0.003361666666666625,0.0001,0.0096583333333333,0.02765999999999995,88.05000000000001,783.640625,953.97265625,101020.59375,-0.000107424741875,0.73311614875,277.482875,752.8389068680331
2022-02-24 13:00:00,-9.749847095018675,0.9635650622609944,46.706262645370124,959.4225,793.6381,793.6382,253.50015,9.887175,0.001473333333333325,0.00397166666666665,0.0001,0.019614999999999973,0.03266499999999995,0.0,835.03515625,836.37109375,101274.275,-3.3140183125e-05,0.082790376875,277.22873500000003,758.7486515641855
2021-11-16 20:00:00,-18.55994333065872,1.348455360156129,60.668604409183544,671.3484,528.7767,38.2727,260.54627,12.327855,0.0016,0.001594999999999975,0.0002,0.017,0.024791666666666625,100.0,279.58984375,390.88671875,100953.72125,-5.906913375e-07,0.9726448062499999,276.43510000000003,449.0722761596548
2022-02-06 19:00:00,-15.869710715406242,0.8801097070413586,41.339204789484484,1046.469,879.2514,717.74,257.06893333333335,8.338545,0.001463333333333325,0.0012183333333333,0.0,0.015429999999999975,0.03205499999999995,86.06666666666666,652.82421875,757.5703125,101479.040625,-7.290326375e-05,0.0,277.64838,864.6889608054656
2021-05-25 16:00:00,20.80622616311848,0.9388870652485428,45.26920819701955,963.3976,833.7362,833.7364,263.0649166666667,3.547293333333333,0.00074166666666665,0.0001,0.001,0.00657166666666665,0.024949999999999976,0.0,790.95703125,791.62109375,101584.21625,-1.3890676125e-06,0.0,249.38535125,811.7943185904351
2021-06-21 18:00:00,23.452046074516133,1.2038234496388303,56.71691267432426,756.1865,655.4753,509.7922,263.37162333333333,1.8879916666666667,0.0012,0.0003,0.0015,0.018739999999999975,0.02387166666666665,65.13333333333333,532.0546875,557.57421875,101192.6875,-1.5865080375e-06,0.6288642875,258.61168250000003,516.9705142035239
2021-12-10 18:00:00,-22.840630034428266,0.7683674223456844,30.674741488583223,1200.2105000000001,1002.9281000000001,764.5583,254.61782166666666,15.048676666666667,0.0006116666666666499,0.00019166666666665,0.0001,0.00998499999999995,0.0079933333333333,87.11666666666667,504.24609375,885.51171875,101081.93125,-4.2900210125e-05,0.9803276125,281.04925000000003,933.7792161093132
2021-09-30 17:00:00,-2.476939456228148,0.7537361024730996,28.74330260326207,1209.8353000000002,1058.1436,1058.1437,262.35852166666666,3.5475883333333336,0.0032,0.0019,0.0011,0.01980999999999995,0.030849999999999975,0.0,924.421875,967.23046875,100415.56,-3.589171625e-06,0.048271177500000005,259.19167500000003,1050.8791801510247
2022-04-14 14:00:00,9.120518783238186,0.9106919819519094,43.482746322683845,1003.3619,859.4525,786.5602,242.33619,5.456775,0.0006,0.0001,0.0003,0.0074766666666666245,0.0152283333333333,5.95,545.23046875,858.95703125,101983.88375000001,-1.557142225e-06,0.0,271.28840625,626.9489392304926
2021-05-13 13:00:00,18.181926282060996,1.2921197198225702,59.253511966270494,706.3281000000001,580.4467,553.4856,251.07147666666663,6.168733333333334,0.001724999999999975,0.0006949999999999749,0.001433333333333325,0.012831666666666651,0.033713333333333304,15.95,619.09375,619.1504,101749.65,-1.1944212e-06,0.0,271.52368,559.8543689320388
2022-01-30 18:00:00,-17.886215231561284,0.7439448617348687,27.335934319883723,1244.4169,1052.05,747.8372,259.035705,11.091775,0.0011,0.0005,0.0002,0.013504999999999975,0.04178333333333328,70.0,686.73828125,946.0,100963.94375,-8.2925106875e-05,0.51232529375,281.56079124999997,995.2085580726356
2021-10-04 21:00:00,-4.0291293252405,3.414795101984429,78.86472643372066,345.5468,277.6222,277.6222,271.67029333333335,0.8176166666666667,0.0022233333333333003,0.0011,0.0011,0.01306666666666665,0.02469,0.0,143.89453125,147.38671875,100717.71625,-1.63243385e-07,0.0,276.19392375,258.42862279755485
2021-05-29 19:00:00,21.49645869329683,1.5673502426042216,65.0786049900442,583.1254,480.64829999999995,284.4578,258.28132166666666,2.8910283333333333,0.0016,0.0002,0.0029833333333333,0.0121983333333333,0.0292333333333333,100.0,367.30859375,374.8203125,101027.83687500001,-7.46775175e-07,0.13589096374999998,239.507875,279.67817331895003
2022-01-29 15:00:00,-18.153621876160354,0.6893178810027926,16.510171732243656,1345.9189000000001,1143.737,1005.3857,255.541505,12.105250000000002,0.0011,0.000523333333333325,0.0001,0.0127333333333333,0.021364999999999974,37.4,792.56640625,1119.8672000000001,101233.084375,-0.000121483055,0.11655044624999998,282.71356000000003,1047.0945702984536
2021-08-28 13:00:00,9.994050798362174,1.1450129622801335,54.760953059886035,801.2954,717.1921,717.192,290.1535866666667,0.3610583333333333,0.0027933333333333,0.0015,0.0011,0.009998333333333276,0.03945,0.0,749.552725,749.921875,102103.22750000001,-1.1997763125e-06,0.0,244.5595225,693.4304207119741
2022-04-04 14:00:00,5.39510524901996,0.877308794743712,41.130698912888064,1044.5765999999999,891.1269,891.1270000000001,244.44815666666665,5.95005,0.001448333333333325,0.00173166666666665,0.0001,0.01684999999999995,0.0305033333333333,0.0,764.828125,890.9765625,101607.9975,-6.82432425e-06,0.0,273.59223499999996,878.6048184106436
2022-02-19 19:00:00,-11.559033782461245,0.9013130853394157,42.84994691074071,1017.817,852.4909,634.3295,255.58831666666666,8.360608333333333,0.0008,0.0023,0.000175,0.01101999999999995,0.0577,56.78333333333333,649.71484375,737.1484375,100365.56937499999,-3.7421065000000004e-05,0.22327804750000002,270.6166025,806.1254944264653
2021-08-01 13:00:00,18.223378839539592,1.3657593598865339,61.07612072656006,673.9432,554.7173,455.13,283.37879999999996,4.8197,0.00186166666666665,0.00048666666666665,0.002,0.011091666666666649,0.0386083333333333,15.75,511.4453125,590.1738375,103100.334375,-7.404451e-07,0.013271331875,268.433045,533.8906868033082
2021-06-18 17:00:00,23.40001518935459,1.037028058390267,50.422273935269516,874.2472,751.0345,751.0344,250.95524333333333,3.270143333333333,0.0015,0.0005,0.0008,0.014844999999999976,0.019578333333333302,0.0,680.6972812500001,679.4785312500001,100953.14749999999,-1.45405645e-06,0.0,265.28497500000003,756.4293419633225
2021-06-25 18:00:00,23.424679586459934,1.1994883547986024,56.58074350716074,759.115,671.1209,671.1209,275.46154333333334,0.9116083333333334,0.0016,0.0007683333333333251,0.002125,0.014459999999999975,0.029574999999999976,0.0,551.3828125,568.3125,100826.25,-1.6615086e-06,0.7093315,240.37242750000001,664.9586479683567
2022-04-23 20:00:00,12.26150872079164,2.0121035592431986,70.84529544380571,451.901,374.79089999999997,366.3094,253.7242983333333,1.8491749999999998,0.0004,0.00110666666666665,0.0001,0.0036,0.00833166666666665,6.666666666666667,247.8828125,251.72265625,100495.86,-3.5354971124999997e-07,0.0,252.90401,325.7443365695793
2022-01-23 11:00:00,-19.63879582684111,1.911518580808289,69.79299102607263,470.7292,349.2972,268.6119,269.04785166666665,12.802336666666667,0.00209666666666665,0.0001,0.0,0.027013333333333275,0.010239999999999975,39.61666666666667,413.40625,424.82421875,101590.084375,-3.96518735e-05,0.0,281.12835375,268.7594390507012
2021-11-20 20:00:00,-19.530779184666265,1.3280910075838448,60.17322219097252,681.8281999999999,544.8638,165.2156,271.3745833333333,9.148166666666668,0.0013,0.002205,0.0002,0.014531666666666625,0.022984999999999974,100.0,376.82421875,406.9765625,101117.2125,-2.5110785249999997e-07,0.037090302125,275.57465,556.8788205681409
2022-03-03 19:00:00,-7.117229867887649,0.9363813564123806,45.117009307303235,975.8939,803.6454,777.4476999999999,256.032555,11.333076666666667,0.002753333333333325,0.0004,0.0002,0.0317983333333333,0.0219833333333333,1.4666666666666666,641.5078125,693.5703125,100829.90625,-1.8302642124999998e-05,0.18847656125,274.8584,725.6724199928083
2021-12-13 16:00:00,-23.090758690794445,0.6619414710686583,3.1962274914269098,1399.1401,1235.0138,1235.0139,261.34798,3.9303350000000004,0.0006,0.00480166666666665,0.0001,0.00619999999999995,0.018476666666666627,0.0,1145.2148625,1173.2538875,100762.0475,-9.04205075e-05,0.37492752500000004,270.9769325,1225.9978425026968
2022-04-05 12:00:00,5.7763220001740265,1.556025818942203,64.88446596714107,593.0559,463.1821,319.6988,238.86907833333333,9.847023333333334,0.001575,0.0008483333333333251,0.0002,0.01941999999999995,0.0503633333333333,92.85,334.33203125,514.734375,101965.9375,-5.6629941875e-06,0.071792601875,278.42442625,453.61021215390144
2022-01-22 14:00:00,-19.865473276652246,0.755614197689782,29.002043833288422,1226.0176999999999,1027.0023999999999,882.7614,265.378845,13.144283333333334,0.00220666666666665,0.0,0.0001,0.027114999999999948,0.01047,47.68333333333333,944.5234375,1038.95705,101173.11812500001,-7.262971375e-05,0.075649263125,279.18804875,660.5771305285868
2022-03-27 18:00:00,2.296035656487048,0.8585917403389406,39.67823320716292,1061.8287,907.6798,907.6797,254.68457666666666,6.15961,0.0005,0.0006,0.0002,0.0061,0.03578166666666665,0.0,772.73828125,806.8984375,101170.35,-1.06264198125e-05,0.1843414325,265.79303375,886.2459546925566
2021-08-23 20:00:00,11.713151095675128,1.8921103335742067,69.57619910949053,483.4283,401.4356,401.4356,266.06517833333334,0.7183833333333334,0.0031,0.0011083333333333251,0.0021416666666666502,0.0167,0.06717166666666663,0.0,278.84375,279.140625,100164.79625,-4.8274523375e-07,0.0,242.8892475,395.5879180151025
2021-10-22 13:00:00,-10.773749884875478,0.8592968946465307,39.73491483726589,1067.0709,936.5415,936.5415,275.24426166666666,2.7397,0.00074166666666665,0.0016150000000000001,0.0001,0.00415666666666665,0.00989,0.0,959.51953125,959.8515625,101287.678125,-2.16189075e-06,0.0,262.74992375,906.2387630348795
2021-06-04 15:00:00,22.34476268708092,0.9941958202508716,48.348698814504054,910.9484,809.6328,779.6209,267.0147616666667,1.3383983333333334,0.001938333333333325,0.0005,0.001914999999999975,0.016709999999999975,0.03629666666666665,3.2499999999999996,785.1465000000001,785.3711000000001,101239.334375,-2.300541375e-06,0.4521637,254.47866125000002,736.0086299892125
2021-05-07 14:00:00,16.58781459482518,1.0051893074791989,48.90409889704172,903.8941,764.5198,764.5198,245.90223333333333,3.8876133333333334,0.003354999999999975,0.0003,0.005056666666666625,0.03990499999999995,0.0613683333333333,0.0,793.94921875,792.3046875,101817.165625,-1.564068925e-06,0.078197480625,266.32183,758.3387270765911
2022-02-01 19:00:00,-17.335338734678597,0.8760132455061026,41.03350836373566,1052.6174999999998,874.2610999999999,215.88,252.62128333333334,12.18763,0.001743333333333325,0.0001,0.0001,0.01468666666666665,0.019971666666666624,100.0,547.05078125,745.17578125,101356.72750000001,-4.3791893625e-05,0.5085869,280.257295,419.61344839985617
2021-08-06 16:00:00,16.921849289144873,0.8797836506160125,41.31504505791578,1031.3009,930.3921,930.3921,274.42037,1.0366233333333335,0.0026,0.00314166666666665,0.0018,0.01238666666666665,0.04143499999999995,0.0,875.8203375,876.13671875,101778.06937499999,-1.2748350875000001e-06,0.0,242.555325,912.2797554836388
2021-09-30 21:00:00,-2.476939456228148,3.5201105407680946,79.20284187529748,338.2014,243.26420000000002,21.6082,262.31671,4.134933333333334,0.004006666666666599,0.00274666666666665,0.0013,0.02935666666666665,0.045939999999999995,100.0,91.875,144.19921875,100204.14875,-2.6024645e-07,0.88412475625,251.42324125,272.2473930240921
2021-06-23 20:00:00,23.45217923065783,2.784271435559274,76.29173291954366,339.2615,269.50890000000004,68.4545,276.12083333333334,1.7351433333333333,0.001139999999999975,0.0003,0.00097166666666665,0.00932166666666665,0.017039999999999975,100.0,166.58984375,167.203125,101048.515625,-6.6185020625e-07,0.016960144125,244.6799425,162.89464221503056
2021-06-20 13:00:00,23.441610939803866,1.496455405606095,63.80920561507199,613.1341,527.891,403.2964,260.46451333333334,0.978275,0.002124999999999975,0.000638333333333325,0.0018199999999999501,0.0208933333333333,0.035143333333333304,53.66666666666667,558.2265625,558.51368125,101999.41500000001,-1.254957125e-06,0.139411926875,258.05185625,508.7360661632506
2021-10-01 13:00:00,-2.8657367511039054,0.9296783183020859,44.70379717244448,984.1191,818.8311,785.37,267.47707833333334,7.961169999999999,0.0055399999999999495,0.001383333333333325,0.001553333333333325,0.0406833333333333,0.0346033333333333,0.9166666666666666,792.5078125,844.2421875,101473.1875,-4.205736375e-06,0.05949783375,278.67308,818.2452355267889
2022-03-08 16:00:00,-5.185025855076702,0.6999824405026385,19.238716023296835,1315.728,1110.5011,674.2262000000001,260.02156333333335,13.180395,0.00156166666666665,0.0003,0.0001,0.032499999999999946,0.022436666666666598,97.25,924.93359375,1070.5078125,101323.30625,-4.10457155e-06,0.9110488999999999,276.00466875,867.2114347357066
2021-06-29 18:00:00,23.287060087617615,1.1924407656357117,56.356794950754,763.7117,676.4358,676.4358,267.4205083333333,0.821815,0.001685,0.0007750000000000001,0.00174166666666665,0.0100933333333333,0.0423,0.0,567.0703125,567.08203125,102141.78125,-1.592125025e-06,0.0,254.26718625,671.0625674217907
2021-12-25 11:00:00,-23.397584244285124,1.6277495063706366,66.06376042182954,556.3133,418.8057,34.4138,246.85217,17.779445,0.0014,0.0,0.0001,0.02422166666666665,0.0102,100.0,155.1328125,476.0703125,101952.57875,-2.9475457375e-05,0.98640441,279.8974825,26.400575332614167
2021-12-02 21:00:00,-21.84754604183108,2.1271016827971323,71.91950961701397,416.8172,305.17150000000004,25.5118,266.3905316666667,12.016891666666666,0.00172166666666665,0.0012749999999999999,0.0001,0.01786499999999995,0.016578333333333327,100.0,121.26171875,190.55078125,101124.6625,-9.834184187500001e-07,0.8358268725,277.1876125,118.03667745415318
2021-10-03 14:00:00,-3.641929609448319,0.7805169287077641,32.14748716429222,1171.2526,1059.3078,1059.3078,280.22345333333334,0.8382966666666667,0.0054583333333333255,0.00529999999999995,0.002205,0.02964666666666665,0.06144166666666665,0.0,1031.7695125,1057.7578125,100963.24312500001,-3.1111413125e-06,0.0,240.620265,1041.4958647968356
2021-07-17 16:00:00,21.345575275899424,0.9467474124598984,45.73890096540362,958.0262,849.3357,766.3358,266.8173366666666,1.5030000000000001,0.0022,0.001328333333333325,0.0076,0.023986666666666625,0.04926999999999995,57.833333333333336,787.2715000000001,789.484375,101779.5775,-2.14145985e-06,0.67929840625,264.32218125,827.2923408845738
2021-12-07 20:00:00,-22.522986529463115,1.2482746419154251,58.047523714903825,728.235,573.0271,305.24830000000003,256.5141733333333,17.28635166666667,0.0012,0.0003,0.0001,0.0133383333333333,0.009176666666666625,100.0,225.5625,438.25390625,101392.271875,-2.6508553749999997e-05,0.947216035,280.2449,220.60050341603738
2022-03-02 14:00:00,-7.499171310722627,0.801803166846972,34.49357273214545,1152.7168,944.2591,685.3012,258.31591333333336,15.558248333333333,0.0035833333333333,0.000864999999999975,0.00011666666666665001,0.07333999999999995,0.05057999999999997,73.06666666666666,712.49609375,969.66796875,101541.59375,-5.0873465624999995e-05,0.0394973755,281.98184375,1047.4074074074074
2022-02-17 20:00:00,-12.262246901258074,1.1861700014790348,56.15479498492333,767.6577,604.4833,45.8733,262.24862333333334,13.747565,0.00208166666666665,0.000485,0.0001,0.03165,0.07643166666666662,100.0,338.828125,484.2578125,101479.30625,-2.05604575e-05,0.9810981875,278.48746125,216.4311398777418
2021-09-13 14:00:00,4.107991960456648,0.849740275264842,38.95274899453466,1074.0931,942.0924,787.4146000000001,278.76144166666666,2.351351666666667,0.003543333333333325,0.0010383333333333251,0.00263,0.0277333333333333,0.05381999999999997,41.05,927.76953125,946.26171875,101199.315,-2.3415777749999997e-06,0.64045334125,263.5092525,910.0143833153542
2021-09-15 11:00:00,3.343031949961012,2.585409894161873,75.21185381256252,361.4862,275.5408,99.7947,275.2281783333333,2.4449199999999998,0.0034,0.0005883333333333249,0.0022,0.021185,0.041248333333333276,98.73333333333333,292.59961125,345.84961125,102021.88187499999,-1.48688555e-06,0.6049614,272.59432625,201.77094570298453
2021-11-23 19:00:00,-20.196769243998993,0.9557416418517763,46.262432076560515,956.6566,769.0988,240.7842,255.96510833333332,15.255283333333335,0.00418,0.002009999999999975,0.0003,0.05228999999999995,0.04703999999999997,100.0,374.421875,651.640625,101092.0475,-2.1749292250000002e-05,0.79804609375,277.838775,293.12117943185905
2022-02-06 17:00:00,-15.869710715406242,0.6844640337818398,15.07809738752932,1353.4654,1165.9216999999999,1121.6073999999999,257.56447833333334,7.752306666666667,0.00147166666666665,0.00169999999999995,0.0,0.015749999999999976,0.03535166666666662,55.68333333333333,819.578125,1089.5430000000001,101612.734375,-0.00012054990125,0.002948761,277.63704375000003,1142.6285508809779
2021-05-02 17:00:00,15.1330201628331,0.9044867337729757,43.06638267341349,1001.2584999999999,903.1036,894.2821,244.132115,1.146895,0.001,0.0005,0.0022,0.009604999999999926,0.019271666666666624,2.2,814.56640625,814.859375,101035.59125,-1.5207915875e-06,0.0,242.60834875,875.3505933117583
2021-09-03 15:00:00,7.845917462718833,0.8039281764240273,34.71351064279006,1132.1869,968.7937,968.7935,267.7046833333334,4.710143333333333,0.008886666666666626,0.0016433333333333,0.0009,0.0525883333333333,0.0578033333333333,0.0,917.125,951.05078125,101478.88187499999,-3.4839031375000002e-06,0.0,273.5738875,923.9122617763394
2021-09-19 12:00:00,1.8013605201454888,1.3581116945217122,60.89749439635022,676.754,546.8974000000001,499.38890000000004,277.57280000000003,7.638566666666666,0.00172666666666665,0.0002,0.00073666666666665,0.0177383333333333,0.01622999999999995,9.266666666666666,591.85546875,594.6699249999999,101486.31875,-1.7462880625e-06,0.55925750625,275.98469125,532.1215390147429
2021-07-09 14:00:00,22.46883222892618,1.1496799232159673,54.925241790704796,792.9207,705.5892,705.5891,266.14497,0.7669333333333334,0.00195166666666665,0.0006,0.0013,0.014915,0.030466666666666625,0.0,711.73243125,711.937525,101842.165625,-2.0683800875e-06,0.0,255.47555625,676.2279755483639
2022-03-22 16:00:00,0.32893462043704336,0.7275602152905669,24.722178359588057,1260.4137,1091.3079,1070.7394,248.33742166666667,6.21001,0.001,0.001209999999999975,0.0001,0.010988333333333275,0.03204166666666663,1.65,1002.8984375,1029.203125,100730.95999999999,-1.32007408125e-05,0.037338257812500004,272.469835,1064.2754404890327
2022-01-15 19:00:00,-21.272709360526417,0.8759337038878439,41.02752569909987,1054.8801,860.9737,417.8994,259.89765,11.400105,0.007978333333333325,0.0002,0.0001,0.07670666666666662,0.027034999999999976,71.45,642.37109375,761.6875,100908.00875000001,-2.3993983875e-05,0.52733993125,276.44283624999997,650.9978425026968
2021-07-27 17:00:00,19.401025123164494,0.9545265887644416,46.192550181300355,950.4376,837.4590000000001,837.4590000000001,276.95020999999997,2.02285,0.0027949999999999997,0.0007,0.001799999999999975,0.01442666666666665,0.027639999999999998,0.0,736.0625,757.69140625,100999.19375,-1.2773380375e-06,0.0,263.3134125,814.0057533261416
2021-12-03 11:00:00,-21.996945080171198,1.526177895914133,64.35740700885785,597.7733000000001,467.56629999999996,326.3342,268.4088366666667,11.658550000000002,0.0005,0.0009,0.0001,0.007396666666666625,0.01366499999999995,36.56666666666667,416.23828125,515.89453125,101588.05374999999,-2.8322101625e-06,0.49868012,278.84135749999996,432.58719884933475
2022-02-11 16:00:00,-14.289328586144947,0.6716205164552834,10.24789339560636,1379.4871,1193.5588,1188.0387,263.062815,7.301506666666667,0.001,0.00165,0.0,0.00954166666666665,0.03918499999999998,0.13333333333333333,1094.2734500000001,1146.484325,101002.234375,-0.00014258559875000002,0.00024032592749999998,278.10350625,1111.5695792880258
2021-09-22 14:00:00,0.6376320969376367,0.8150846215175996,35.830587165363156,1120.3265000000001,961.6103,633.7468,279.10594000000003,5.28997,0.0031,0.00178499999999995,0.00084,0.027609999999999975,0.0331933333333333,99.2,736.78125,963.8007625,101575.72562499999,-3.093917625e-05,0.93907165,271.90776,819.1441927364257
2021-10-03 20:00:00,-3.641929609448319,1.5825122987569429,65.33371888874889,574.5219,485.5372,485.53729999999996,278.4631083333333,0.9977066666666667,0.003606666666666625,0.0019733333333333,0.00122166666666665,0.018468333333333302,0.04787666666666662,0.0,339.66796875,348.67578125,100023.22562499999,-7.8891753875e-07,0.0,243.831005,468.9913700107875
2021-07-25 16:00:00,19.835145474903577,0.9221371604472269,44.22802054477323,983.7408,834.4789000000001,625.5131,272.089615,6.715321666666666,0.0013416666666666499,0.0004,0.00146,0.015136666666666625,0.03691499999999995,44.666666666666664,604.5683750000001,787.01953125,101527.1225,-7.9405143e-06,0.83750915,266.11670000000004,686.254944264653
2022-04-24 15:00:00,12.595077537552207,0.8508414393270973,39.044444865193384,1069.0768,968.4630999999999,915.5904,251.85170666666664,1.236855,0.0005,0.002159999999999975,0.0003,0.0041,0.01138666666666665,12.533333333333333,944.62890625,941.71484375,101149.4375,-2.1529558749999997e-06,0.0,247.13248875,919.3455591513844
2021-06-18 13:00:00,23.40001518935459,1.4911811877329373,63.70936937384439,615.0817,515.2614,391.7102,249.30287333333334,2.643235,0.0013466666666666499,0.000408333333333325,0.000895,0.01238,0.0202283333333333,33.25,546.2265625,545.42578125,101748.31,-9.767536375000001e-07,0.0,263.43546375,487.1449119021934
2022-04-03 18:00:00,5.012299701517073,0.8890536057207783,41.990655995597685,1023.8346,890.9305,890.9305,250.2543,3.184973333333333,0.00056666666666665,0.0012366666666666249,0.0001,0.0053699999999999755,0.016484999999999975,0.0,788.5859375,791.83203125,100659.27437500001,-2.232616675e-06,0.0,243.37524,885.54476806904
2021-07-18 19:00:00,21.177287444932837,1.4705336178962756,63.31078062742888,623.3565,510.3425,509.4708,263.89664666666664,3.058495,0.00731166666666665,0.00094166666666665,0.0008100000000000001,0.0295083333333333,0.02777166666666665,0.0,399.70117375,407.34375,101736.27437500001,-8.995120875e-07,0.5266304,266.157575,521.2621359223301
2021-08-05 13:00:00,17.191569488467835,1.3346174458653386,60.33389673364099,689.4725,582.6697,486.3834,277.296565,2.563105,0.0027383333333333,0.0007733333333332999,0.001,0.01017999999999995,0.03305666666666662,6.483333333333333,591.81835,608.078125,102527.828125,-4.1033781375e-06,0.0,271.47943124999995,574.4947860481841
2022-01-18 11:00:00,-20.70898601338795,1.8511554769187235,69.10274679685921,485.9467,365.5597,266.8521,262.1625266666667,12.884941666666666,0.00056666666666665,0.000375,0.0,0.00876,0.021734999999999977,100.0,247.21484375,436.7578125,101821.70375,-4.616202225e-05,0.9928359874999999,278.4256275,152.20064724919092
2022-04-08 13:00:00,6.909511809950204,1.0963153700901018,52.94068140925966,837.1862,694.0437000000001,516.1703,249.437325,7.441983333333333,0.0007983333333333251,0.00064666666666665,0.0003,0.014179999999999976,0.037504999999999976,45.31666666666666,552.59375,725.21875,101761.915625,-2.2415478875e-06,0.351654055,276.21569500000004,485.0449478604818
2021-12-11 15:00:00,-22.931570495687936,0.6726307449212184,10.713668743132105,1376.8242,1179.966,856.2659,262.6280116666667,10.039453333333334,0.0006,0.002461666666666625,0.0001,0.008248333333333274,0.020298333333333276,80.45,1034.027325,1157.5,100737.1225,-0.00015103749874999998,0.878833775,275.746025,866.130888169723
2022-03-24 12:00:00,1.1175063137884538,1.476838533762626,63.43382280452253,625.6264,547.7001,484.5928,246.91759666666667,0.6263916666666667,0.00078666666666665,0.0020133333333333,0.0004,0.005506666666666625,0.023203333333333298,24.28333333333333,566.69140625,578.91796875,101606.428125,-5.0597882625e-06,0.0,261.61053375,518.0348795397339
2021-05-18 13:00:00,19.37175806556018,1.3250711707725167,60.09825290466921,688.9247,572.3908,424.3818,250.55863666666664,3.5388733333333335,0.0023150000000000002,0.00143666666666665,0.003494999999999975,0.02080166666666665,0.03295499999999995,81.75,599.171875,611.984375,102155.18062500001,-1.1243574e-06,0.29801941125,273.07553,507.18626393383676
2021-09-28 20:00:00,-1.6984268908927718,1.6108198657942847,65.79583711183189,564.6103,422.9207,422.9207,258.2036766666667,8.4054,0.01144999999999995,0.00074,0.0016283333333333,0.0791083333333333,0.044179999999999976,0.0,180.72265625,313.0546875,101099.64,-2.8469367249999997e-07,0.937461855,275.38358874999994,412.66630708378284
2021-08-23 13:00:00,11.713151095675128,1.1854801614014043,56.13241339927824,774.5113,678.2511999999999,678.2511999999999,265.33098333333334,0.9549383333333333,0.003328333333333325,0.0011783333333333249,0.001483333333333325,0.016329999999999973,0.06927666666666663,0.0,706.52734375,706.80663125,101263.71875,-2.04090605e-06,0.0,261.343125,659.1010427903632
2022-04-29 16:00:00,14.209846623471503,0.8464297947800954,38.67453181301995,1072.1761000000001,914.1898,914.1898,237.14136666666667,6.914926666666666,0.00147666666666665,0.0006,0.0001,0.020428333333333274,0.028406666666666625,0.0,809.265625,864.37890625,101474.60062499999,-1.76468165e-06,0.43345641749999997,273.71978125,883.7108953613808
2021-10-28 20:00:00,-12.862342290550107,1.4485681820304677,62.87267140870193,625.6265,494.3386,348.1253,266.3117266666667,9.189338333333334,0.00180666666666665,0.000643333333333325,0.000118333333333325,0.013996666666666624,0.026153333333333327,71.85,287.734375,360.23046875,101745.05374999999,-3.9004953750000004e-07,0.48566055625000004,274.26662999999996,95.80726357425387
2022-02-16 20:00:00,-12.608992829198627,1.1821009799433935,56.022314335029485,770.594,608.0022,234.3898,262.6755,13.803416666666667,0.0025,0.0004,0.0,0.030611666666666624,0.06477499999999997,100.0,366.5234375,491.3203125,101413.02437500001,-2.77336515e-05,0.67461393875,276.1440025,276.63250629270044
2021-08-14 12:00:00,14.607964320866348,1.9267810478001592,69.96019995668874,485.25010000000003,395.7033,292.9903,284.21244333333334,1.769095,0.002504999999999975,0.0018883333333333,0.00117,0.024011666666666626,0.03845666666666665,100.0,451.33788125,453.2246,102231.75,-8.4575731875e-07,0.9011345125,259.87283875,304.77705861201
2022-03-13 19:00:00,-3.2253778251555234,0.9784434471939253,47.52228053623397,931.2252,769.2488000000001,471.4055,253.22882333333334,11.219748333333332,0.0009,0.0006149999999999749,0.0001,0.013241666666666624,0.013859999999999975,72.76666666666667,452.7265625,655.72265625,101321.921875,-2.6210705625e-05,0.2534408525,273.38747125,44.090255303847535
2021-12-13 21:00:00,-23.090758690794445,1.9800056236644465,70.5218404766459,450.385,343.21,313.1095,261.13925666666665,7.616965,0.0007,0.004873333333333275,0.0002,0.0071366666666666,0.017989999999999975,7.516666666666667,222.06640625,224.79296875,100715.328125,-1.422505e-05,0.004325866687499999,277.48244375,332.8784609852571
2022-03-05 20:00:00,-6.348514071462508,1.2803382334596756,58.93905598820106,707.2152,568.245,528.0353,259.82945333333333,9.954258333333334,0.0011016666666666501,0.0002,0.0001,0.015355,0.0136,12.25,398.2734375,443.62109375,100721.796875,-2.0715524375e-06,0.6777381874999999,272.0340675,568.6893203883495
2022-03-21 19:00:00,-0.06592403700579391,1.0210829212055252,49.67806066030316,890.6247,729.2659,612.5496,248.99495833333333,11.109128333333333,0.0015283333333333251,0.0003,0.0001,0.018999999999999975,0.04722499999999995,40.66666666666667,526.96875,610.31640625,100802.06937499999,-1.5684578124999998e-05,0.36956786875000003,278.3135775,626.6073354908306
2022-01-25 13:00:00,-19.167159414951204,0.9038528348657289,43.02334356911455,1021.3443,840.8977,396.8411,262.5963033333333,13.49935,0.00121,0.0,4.666666666666667e-05,0.0197633333333333,0.02182,81.45,779.9765625,880.41015625,101607.28812499999,-6.2919512875e-05,0.045398711625,279.40988125,613.0204962243796
2022-02-08 21:00:00,-15.250505772288365,1.822768664966684,68.76117728413314,492.2119,364.07500000000005,78.0567,259.79934333333335,13.594643333333334,0.00148166666666665,0.0035483333333333252,0.0,0.0186233333333333,0.05267166666666665,100.0,163.46875,247.0390625,101486.109375,-1.7749640250000002e-05,0.42623903375,279.10091124999997,360.74253865516005
2022-01-31 17:00:00,-17.61341714283341,0.6819795793802708,14.28237340778501,1359.7304,1156.0919,513.9181,249.64467666666667,12.733153333333334,0.0008,0.00010666666666665001,0.000175,0.008831666666666625,0.013243333333333274,81.71666666666667,201.86328125,1063.33203125,101632.165625,-4.946801375e-05,0.2698898375,278.74231249999997,301.14167565623876
2022-02-15 11:00:00,-12.952338884611105,2.239539462282823,72.85773541471671,405.7155,290.0168,210.7991,263.44072833333337,10.466149999999999,0.002,0.0007683333333333251,0.0001,0.028511666666666623,0.0615833333333333,50.85,304.4921875,378.00390625,102166.08687500001,-3.5657606250000004e-05,0.048789977875,277.9255375,243.68212873067245
2021-05-09 16:00:00,17.13836016387596,0.8838347373955282,41.61314322612774,1024.2014,876.0063,876.0061000000001,242.96168,5.123845,0.0024,0.00146166666666665,0.00157666666666665,0.0280133333333333,0.03225999999999995,0.0,826.265625,831.87109375,101101.90625,-1.5843834125e-06,0.106063843125,259.09838249999996,837.0855807263574
2021-11-10 18:00:00,-16.939901750996164,0.7983269635263207,34.1285565034253,1148.1678,975.9622,678.934,278.0265066666667,7.3819833333333325,0.0026,0.00351499999999995,0.0003,0.019254999999999974,0.025273333333333276,52.15,687.03125,859.31640625,100818.540625,-2.62055255e-05,0.08090209925,276.318925,920.0341603739663
2021-09-17 20:00:00,2.573918316855676,1.6788329042098933,66.83634282963598,542.1717,434.6334,290.7107,273.81232,3.5047766666666664,0.0028,0.0007683333333333251,0.0017,0.02121999999999995,0.03286499999999998,65.21666666666667,300.5390625,306.03515625,100522.9375,-6.7541259375e-07,0.126945496875,245.19556875,366.36641495864797
2021-12-11 16:00:00,-22.931570495687936,0.6621094130246782,3.44682437335828,1398.3114,1200.9567,758.3572,262.595315,9.893293333333334,0.000528333333333325,0.0022033333333333,0.0001,0.007148333333333276,0.0178033333333333,94.31666666666666,1034.0390312499999,1149.35545,100525.04625,-0.00013637691375,0.6663475000000001,274.76089875,618.8223660553758
2021-12-18 13:00:00,-23.35461933037622,0.8457042939748894,38.61304195818843,1092.1398,911.2028,838.2091,259.08716499999997,11.157646666666666,0.0018,0.0004,0.0,0.0231983333333333,0.016119999999999975,1.2,848.34375,938.16404375,101878.38125,-1.434926525e-05,0.0,274.893795,833.685724559511
2021-12-27 16:00:00,-23.33956277459816,0.66123343416712,1.7858946546055445,1403.3222,1190.8626,1034.3407,255.47229,14.287008333333333,0.000309999999999975,5e-06,0.0,0.0072250000000000005,0.015256666666666651,33.61666666666667,907.890625,1132.2695625000001,101356.671875,-0.000105018785625,0.1259384175,281.62771499999997,1244.3185904350953
2021-11-13 10:00:00,-17.773343755449314,3.129766107280928,77.83303492495959,326.2256,227.88426666666666,132.54639999999998,264.4941777777778,8.387842222222222,0.0030600000000000002,0.0049755555555555,0.0001,0.0260844444444444,0.027522222222222198,74.42222222222222,249.171875,299.703125,101711.21749999998,-6.35022275e-06,0.8329315249999999,278.18591,158.50173798393863
2022-02-16 14:00:00,-12.608992829198627,0.7818072661926193,32.297737349221286,1184.1369,987.8506,954.9123,264.72630333333336,12.39335,0.002525,0.0005,0.0,0.0308883333333333,0.06902666666666663,0.55,935.546875,1014.34765625,101908.25875000001,-0.00010315171375,0.0,279.5906125,1026.5821646889608
2021-09-30 15:00:00,-2.476939456228148,0.7247989958454313,24.243473220869934,1259.8018,1106.6836,1106.6835,263.59460666666666,3.4348266666666665,0.0031,0.002,0.0011,0.018691666666666624,0.02843,0.0,1062.6992375,1071.3008,100881.165625,-4.14557875e-06,0.0,261.64635,1098.9931679252068
2021-11-26 21:00:00,-20.806526282480835,2.222817839206349,72.72450711982856,397.9719,290.452,24.412,261.46778,11.724248333333334,0.0012,0.0005,0.0003,0.01305666666666665,0.022449999999999998,100.0,141.84765625,178.953125,101148.375,-1.1750293124999999e-05,0.698329925,273.17541375,171.26752966558792
2022-03-01 21:00:00,-7.879351793739763,2.1106630696668605,71.77352026153821,420.3705,305.6865,202.0675,252.09603833333333,13.850891666666666,0.001759999999999975,0.0002,0.0001,0.025838333333333276,0.0185383333333333,40.53333333333333,168.29296875,199.92578125,101011.640625,-8.316739699999999e-06,0.87150956,278.27324375,74.26645091693635
2022-01-05 17:00:00,-22.69589488082858,0.682222766398793,14.36242693299314,1360.5284,1155.6005,1039.5239,257.874,12.383018333333334,0.0011,0.0007,0.00026166666666664997,0.013589999999999975,0.021471666666666625,27.716666666666665,875.0546875,1081.1328125,101208.8275,-4.3708394999999996e-05,0.089679718375,276.947385,1253.4519956850054
2022-01-31 16:00:00,-17.61341714283341,0.6657676532545345,6.925867967933941,1393.7767,1187.5438,583.8235999999999,250.08019499999997,12.628691666666667,0.0008,0.0002,0.000225,0.0095183333333333,0.01698666666666665,63.016666666666666,236.27734375,1122.9257499999999,101694.04625,-4.013557875e-05,0.19687271125,278.21490875,114.90111470693994
2021-08-11 16:00:00,15.506898185987577,0.8613756215862323,39.90107802940383,1053.4843,907.2805,907.2805,275.6628783333333,4.6338783333333335,0.00311666666666665,0.0006,0.00089666666666665,0.022473333333333276,0.0204983333333333,0.0,859.49609375,862.40234375,101204.0625,-1.838023275e-06,0.0013542175,263.60336374999997,901.294498381877
2022-02-22 18:00:00,-10.481698530653333,0.7649753357427244,30.243419074179183,1203.3461,1010.6505,798.0663,255.25583333333333,13.41675,0.0007,0.0005,0.0002,0.01041666666666665,0.02075666666666665,67.56666666666666,762.625,912.59765625,101354.39749999999,-2.9596703875e-05,0.72707368625,277.1193325,852.9018338727077
2022-03-19 11:00:00,-0.856293179789177,2.7965838222102186,76.35339043578657,372.36546666666663,268.4449333333334,44.59706666666667,247.43146444444446,7.872106666666666,0.0016,0.0001,0.0001,0.019431111111111066,0.0622222222222222,83.33333333333333,237.15625,339.546875,102247.125,-5.97559845e-06,0.5265960700000001,278.11415,237.7370250509409
2021-06-19 18:00:00,23.42426561686686,1.204921500716711,56.75121435301619,755.3677,666.5118,666.5117,252.69477,1.244595,0.001,0.0003,0.0014316666666666501,0.008986666666666625,0.02111999999999995,0.0,559.81640625,560.0,101154.58687500001,-1.307023925e-06,0.28184889750000003,259.48155625000004,667.5512405609493
2021-12-19 20:00:00,-23.384169426366487,1.2015685006070145,56.64623193513422,759.6201,604.5945,339.6431,257.13461,12.111451666666666,0.0033,0.0001,0.0,0.0313083333333333,0.011631666666666625,81.6,429.48046875,479.18359375,101099.85062499999,-3.6210114e-06,0.002708435,274.51303375000003,626.70801869831
2021-06-26 16:00:00,23.400584056892775,0.983769826490581,47.805893786464736,921.0862999999999,824.5203,738.9825,265.86288833333333,1.0564516666666668,0.001428333333333325,0.0007,0.0042,0.017119999999999976,0.03474499999999997,98.16666666666667,770.615225,774.3534999999999,101008.521875,-2.50959425e-06,0.136268613125,244.98656499999998,681.6918374685365
2021-12-27 12:00:00,-23.33956277459816,1.0983976466556273,53.02273346798031,835.4932,673.3291,565.3735,255.32897,13.696918333333333,0.000789999999999975,0.0001,0.00015166666666665,0.015336666666666625,0.0226666666666666,35.06666666666666,635.984375,719.0,101887.303125,-7.0247886625e-05,0.00923538225,279.83526500000005,596.9345559151384
2021-12-13 14:00:00,-23.090758690794445,0.7264933116964489,24.538681527312686,1274.0804,1128.1725999999999,1128.1727,260.78049166666665,2.7906633333333333,0.0006,0.00503,0.0001,0.00553166666666665,0.0182783333333333,0.0,1101.390575,1118.6835624999999,101010.0025,-9.274246937500001e-05,0.02690505975,271.421025,1101.5821646889608
2021-07-30 15:00:00,18.709874177214118,0.9424941130283874,45.48618919678565,964.3,836.4738,783.5599,284.0216316666667,3.057575,0.0013,0.0004,0.0012533333333333,0.010584999999999975,0.018998333333333277,49.83333333333334,823.853525,828.26171875,101691.515625,-2.2680615e-06,0.78055953125,258.500495,767.2743617403811
2021-11-07 11:00:00,-16.06266126691407,1.5549703672731556,64.8662120784198,587.5621,471.88829999999996,182.4121,280.65569,5.278988333333333,0.0015400000000000001,0.000853333333333325,0.0002,0.0141133333333333,0.0131933333333333,80.06666666666666,504.96875,526.16015625,101802.396875,-2.1533633250000003e-06,0.57979582,275.92723624999996,292.6231571377202
2021-10-31 21:00:00,-13.862959575349032,2.7500408440479207,76.1173251892568,362.88573333333335,251.97199999999998,212.46693333333334,268.90917333333334,9.916815555555557,0.005,0.0028177777777777663,0.0001,0.03924,0.042626666666666625,16.8,121.015625,152.390625,101378.03125,-3.878376425e-07,0.14839934925,278.44413749999995,244.18554476806904
2021-06-01 20:00:00,21.949247130337106,2.7804961492508067,76.2727145308093,336.4402,263.81,263.8101,253.71145,1.3627533333333335,0.0022,0.0009,0.0034,0.01552999999999995,0.0430683333333333,0.0,169.39453125,169.24609375,101055.27875,-2.972083075e-07,0.0,240.92103125,233.24883135562746
2022-01-01 18:00:00,-23.058629169260467,0.7509868428863063,28.35827985885062,1233.37,1069.5083,1069.5083,257.6323083333333,5.459436666666667,0.000285,0.001104999999999975,0.0001,0.003263333333333325,0.013799999999999975,0.0,896.0,968.5234375,100511.21875,-6.3658401e-05,0.282802582375,267.4722025,1064.3473570658036
2021-10-07 12:00:00,-5.1859494117029605,1.1898098329854139,56.27236191029202,769.7234,621.8978,584.2728,266.10891000000004,10.495916666666666,0.002311666666666625,0.00066166666666665,0.000955,0.018293333333333276,0.029153333333333302,2.566666666666667,546.62109375,667.8515625,101718.359375,-5.004054499999999e-06,0.054447174249999994,277.64325125,594.5613088816972
2022-01-31 18:00:00,-17.61341714283341,0.7442586131948339,27.382650084054056,1243.6833000000001,1049.1347,502.5708,249.15039499999997,12.907085,0.0008,0.00013166666666665,0.0001,0.008603333333333324,0.012016666666666625,100.0,275.14453125,935.171875,101615.1875,-6.4014545e-05,0.3870964125,279.24139375,655.7802948579648
2021-06-17 17:00:00,23.368867490578037,1.036754307700134,50.40975697939042,874.4076,775.5045,775.5045,244.351865,1.5490133333333334,0.001488333333333325,0.0004,0.001174999999999975,0.01202166666666665,0.0204133333333333,0.0,690.87890625,693.1640625,100994.0,-1.4502729625e-06,0.0,249.582495,782.8604818410643
2021-06-20 20:00:00,23.441610939803866,2.8079662284933207,76.40989568749276,336.3218,264.569,62.603,260.2987333333333,1.2257699999999998,0.002275,0.0005,0.0021,0.0219033333333333,0.03472666666666663,100.0,159.0546875,167.01171875,101027.33499999999,-4.0058512249999995e-07,0.95147705625,252.0400625,165.4638619201726
2021-05-10 12:00:00,17.406567916208562,1.909342953499709,69.76892336901149,483.3316,373.0801,238.0821,243.20866,6.537553333333333,0.00254999999999995,0.0006683333333333,0.00155166666666665,0.027431666666666625,0.033426666666666625,77.48333333333333,390.75,435.03515625,102088.553125,-2.056367525e-06,0.0,276.39053,363.9338367493707
2021-05-26 13:00:00,20.98787474349141,1.377117915952168,61.3372071000709,663.4714,539.3948,463.2481,258.16966333333335,5.929211666666666,0.0019333333333333,0.00064166666666665,0.00295666666666665,0.0189233333333333,0.04920666666666662,26.5,581.20703125,581.03125,102072.75,-1.0064395749999999e-06,0.010391235125,261.89909375,521.6217188061848
2021-06-03 14:00:00,22.219372079272322,1.1192191661900348,53.82181164366423,811.6663000000001,711.5105,711.5105,269.48133666666666,1.22319,0.003784999999999975,0.0008500000000000001,0.002446666666666625,0.021708333333333274,0.05247499999999997,0.0,716.37694375,716.90234375,101682.54625,-2.2531021e-06,0.0,264.23039,708.8295577130528
2021-10-27 13:00:00,-12.521944252047032,0.8490359179317039,38.893875608493936,1080.9484,922.2504,922.2504,291.43784500000004,5.260473333333334,0.003479999999999975,0.000853333333333325,0.000185,0.02747499999999995,0.020404999999999975,0.0,939.515625,944.160175,101999.83687500001,-1.752574425e-06,0.1065559390125,269.3257175,907.8928443006112
2021-07-27 20:00:00,19.401025123164494,2.2665175417712193,73.06834228865357,410.1003,330.0551,257.26030000000003,277.642245,1.8130616666666666,0.0028,0.0008666666666666499,0.0014383333333333249,0.01401666666666665,0.0276,23.68333333333333,210.49023125000002,215.271484375,100877.35250000001,-3.4851836875e-07,0.0,259.837045,318.0960086299892
2021-11-16 13:00:00,-18.55994333065872,0.8287346273132983,37.1185061198407,1111.6666,941.645,941.6449,264.5889166666667,8.00708,0.0015,0.0036233333333333,0.000118333333333325,0.01374999999999995,0.025404999999999976,0.0,929.84375,950.29295,101227.75,-1.20617915e-06,0.41583251875,274.73829375,461.4203523912262
2021-08-09 14:00:00,16.085804128930004,1.0235981266315843,49.79754057451889,891.645,791.6937,655.0054,274.7839716666667,0.8510733333333333,0.00402999999999995,0.0018999999999999501,0.0034000000000000002,0.027024999999999952,0.059181666666666626,48.28333333333333,799.67578125,798.937525,101887.85875,-1.5433178875e-06,0.08665085,254.59211,777.5026968716289
2021-07-01 18:00:00,23.177188441312605,1.1879662618574656,56.21292458963239,766.6144,681.098,681.098,257.5935166666667,0.5850566666666667,0.0023,0.0005,0.00291666666666665,0.01750166666666665,0.03898833333333332,0.0,581.9824375000001,582.3359375,101304.09375,-1.99896755e-06,0.0,241.39654125,660.5807263574253
2021-05-16 17:00:00,18.911668338477188,0.9619805337078825,46.61721528460133,940.6243999999999,838.157,838.1571,253.81476999999998,1.4483266666666665,0.00166,0.0012,0.00404166666666665,0.0105983333333333,0.030298333333333323,0.0,747.6953125,754.89453125,101295.36624999999,-1.6078993499999999e-06,0.0,245.99562375,792.6033800791081
2021-08-15 18:00:00,14.300516543806014,1.003694465557755,48.82956805971345,904.308,796.6844,796.6844,288.15270833333335,1.8245716666666665,0.00204166666666665,0.0005,0.0012366666666666498,0.009644999999999999,0.0320933333333333,0.0,690.3984375,690.76171875,100890.453125,-1.42501085e-06,0.0,242.6803625,777.9413879899316
2021-06-01 18:00:00,21.949247130337106,1.1817369443406336,56.01040737961051,768.3813,676.0503,676.0502,253.89628,1.02925,0.002295,0.001,0.0034,0.016164999999999975,0.04361999999999998,0.0,581.02734375,581.03125,101067.796875,-1.183896525e-06,0.0,244.47447375,670.51959726717
2022-01-28 11:00:00,-18.415527261388707,1.9762118447852184,70.48287240624566,455.74109999999996,329.7652,166.4085,265.203125,16.424425,0.0029,0.0,0.0,0.03569166666666662,0.010501666666666624,100.0,118.42578125,391.57421875,101863.4,-2.24484245e-05,0.40823363749999997,279.28824125,157.33549083063645
2021-10-13 15:00:00,-7.46891326631733,0.7004148570369314,19.339873196970036,1306.7225,1152.4517999999998,1023.0235,272.43411333333336,3.74628,0.001,0.0011,0.0001,0.0071033333333333,0.010726666666666624,82.16666666666666,1117.3437,1123.7773124999999,100421.553125,-3.0740338625e-06,0.3145866375,260.60463500000003,1114.3653362099965
2021-06-25 14:00:00,23.424679586459934,1.1631140271473834,55.38901401595804,782.7305,697.7238,697.7239,276.58265,0.68697,0.001433333333333325,0.000865,0.002064999999999975,0.013149999999999974,0.026731666666666626,0.0,698.23046875,698.8261625,101652.00875000001,-1.9077852125e-06,0.13695144625,253.82454125,666.8158935634664
2021-06-27 15:00:00,23.369605731633786,1.0202103109623084,49.63642175012744,889.218,801.0118,801.0115999999999,268.27936666666665,0.7820550000000001,0.00111,0.0006,0.001854999999999975,0.008621666666666625,0.0263483333333333,0.0,753.34180625,768.96484375,101147.94437499999,-2.217653675e-06,0.022731781375,249.441565,790.0467457749011
2021-07-03 15:00:00,23.040179273357914,1.0153658925026956,49.40348101189769,893.8702000000001,795.7656999999999,795.7658,265.6664416666666,1.00233,0.0025,0.0008,0.0038050000000000002,0.021319999999999974,0.05012499999999995,0.0,772.734375,773.0566249999999,101874.02437500001,-3.0941737375e-06,0.011703491275,253.9869775,772.6932758000719
2022-02-07 12:00:00,-15.562345168274216,1.2559358928524411,58.265471703408366,731.3291,582.7423,200.0982,258.66523333333333,9.58948,0.001873333333333325,0.0022033333333333002,0.0001,0.023624999999999976,0.05292499999999995,100.0,583.828125,645.6015625,102264.625,-5.84344675e-05,0.27537155775,278.49346875,173.20028766630708
2022-04-16 12:00:00,9.838422368291791,1.6449779164289324,66.33019823676783,560.5161,484.2341,482.6631,245.69092833333332,1.0655833333333335,0.0005,0.00038666666666665,0.00036666666666665003,0.0051933333333333,0.00957999999999995,0.0,497.01171875,528.4375,101774.26625,-1.7263227875e-06,0.0,268.46270625,465.3110391945343
2021-06-16 16:00:00,23.330833093414007,0.9827365204529264,47.75121325947963,921.3962,812.2751000000001,812.2751000000001,240.47937666666664,2.1204983333333334,0.0011,0.0003,0.0015400000000000001,0.00969666666666665,0.02070499999999995,0.0,753.16015625,758.0,101279.19437499999,-1.8493738249999998e-06,0.0,260.19348125,804.6026609133405
2021-08-15 15:00:00,14.300516543806014,0.8782109293194228,41.19809563588527,1035.4029,930.0676000000001,930.0675,290.42147166666666,1.4052433333333334,0.00177166666666665,0.0004,0.0014,0.00867999999999995,0.02928666666666665,0.0,901.1230375,901.4511562499999,101479.265625,-2.0680309375e-06,0.0,252.7937325,906.2567421790723
2022-02-03 17:00:00,-16.76379142181507,0.6830665677748289,14.636437097407548,1356.9448,1151.949,1075.8544,254.46520666666663,11.993465,0.00125166666666665,0.0012983333333333,0.0001,0.01287999999999995,0.07137999999999997,2.5,802.01953125,1073.40625,101176.22125,-0.0001032817825,0.32489014,284.3287675,926.9723121179431
2021-09-12 17:00:00,4.488693923545192,0.7932648202486331,33.584954171826894,1146.0585,1005.0754000000001,569.8108,277.18003500000003,2.6869899999999998,0.0037,0.0011,0.0031,0.028169999999999952,0.0501933333333333,100.0,917.37890625,927.09375,100580.00687499999,-2.521672325e-06,0.563404085,251.3484575,673.4483998561668
2022-01-17 19:00:00,-20.903602854067646,0.8749706136528597,40.95494404709197,1055.9796,879.0026,216.1746,258.2934666666667,12.281649999999999,0.0005,0.0002,0.0,0.0064,0.012461666666666624,100.0,514.4453125,754.4609375,100705.071875,-3.3136341125e-05,0.8675155725,278.943855,696.4958647968357
2022-01-28 18:00:00,-18.415527261388707,0.7434563911806721,27.26297813385375,1245.6199,1040.0902,666.5676,262.25025500000004,16.151336666666666,0.0013,0.0001,0.0,0.012571666666666651,0.0077333333333333,100.0,789.2265625,939.91796875,100989.234375,-9.8485353125e-05,0.07035446312499999,281.23681750000003,936.9201725997841
2022-02-28 18:00:00,-8.257657921815415,0.7759451377081448,31.605915067066846,1184.1584,991.43,516.7293,261.24557000000004,11.590431666666666,0.0026,0.0003,0.0001,0.03891,0.034323333333333275,97.43333333333334,865.7890625,912.8359375,100800.640625,-1.3552053e-05,0.8283233812499999,271.0265425,1004.638619201726
2022-01-26 21:00:00,-18.92240212955681,1.7605025594838433,67.97031478141544,512.1394,378.3688,32.5991,254.92082666666664,17.872453333333333,0.0014433333333333251,0.0,0.0001,0.027264999999999977,0.01987999999999995,100.0,65.9453125,260.015625,101300.428125,-2.1049025250000002e-05,1.0,280.17553625,92.4289823804387
2022-03-24 20:00:00,1.1175063137884538,1.4768678052283295,63.434391288026156,610.9651,501.6606,501.6606,251.81546500000002,3.344265,0.0009,0.00295166666666665,0.0003,0.0082033333333333,0.03062499999999995,0.0,354.76171875,367.015625,100664.484375,-2.1251326124999997e-06,0.0,269.88249,478.3980582524272
2022-02-10 16:00:00,-14.613878629738002,0.6709499654141843,9.925986304715398,1381.1015,1192.629,1173.6713,260.7296,7.445174999999999,0.000945,0.00260166666666665,0.0,0.008281666666666649,0.07255499999999995,55.25,1081.6171875,1151.910175,100862.578125,-0.00015470100125,0.01585006725,277.29430625,1023.009708737864
2021-12-16 12:00:00,-23.272224064091127,1.0707879223696721,51.90109937709097,858.3219,693.8525999999999,217.3163,258.19601,13.161200000000001,0.0016,0.001008333333333325,0.0002,0.019696666666666647,0.022275,95.6,513.30859375,730.1796875,101895.796875,-2.38558565e-05,0.606216415,279.08301625,341.18302768788203
2022-02-09 14:00:00,-14.934310707534713,0.7735079691290402,31.311126395435767,1197.2765,1029.4727,761.965,265.07970666666665,6.1637900000000005,0.000825,0.003075,0.0,0.00911666666666665,0.03237833333333327,25.5,670.3359375,1024.7617375,101657.265625,-0.00011470942999999999,0.057647704375,280.23785499999997,1081.6936353829556
2021-11-15 11:00:00,-18.30313281994917,1.526065488011567,64.35537866792646,598.8144,480.68870000000004,304.2605,271.5020116666667,5.534233333333333,0.0012549999999999749,0.00280666666666665,0.0002,0.012771666666666626,0.01792999999999995,100.0,500.12890625,534.87109375,101607.796875,-1.2237869875000001e-06,0.9607353,276.92810000000003,290.07191657677095
2021-12-26 19:00:00,-23.372473325587706,0.8962804886927807,42.501745456203935,1028.4984,849.4205,228.2491,258.1576316666667,12.668691666666668,0.00103,0.0001,0.0002,0.01987999999999995,0.02337166666666665,100.0,601.88671875,720.82421875,101347.17125,-5.2385208625e-05,0.1769714375,280.93496875,369.5523193096009
2021-08-07 14:00:00,16.64759119582359,1.034020367957221,50.28426183143319,882.6594,787.5904,787.5905,274.943595,1.0282499999999999,0.00219166666666665,0.00108666666666665,0.0031,0.00987499999999995,0.04016499999999998,0.0,795.5429750000001,795.89649375,101664.875,-1.4081014999999998e-06,0.05542373625000001,252.14982874999998,767.752606975908
2021-12-25 21:00:00,-23.397584244285124,1.8613603419379376,69.22280735078198,482.2018,356.5146,30.4521,250.86559999999997,17.47190833333333,0.0011,0.0,0.0001,0.017779999999999976,0.010198333333333325,100.0,64.6875,231.71875,101632.178125,-1.5041615999999999e-05,0.99279784375,280.45138249999997,165.46206400575332
2021-10-19 19:00:00,-9.692013480165492,1.0320562840340803,50.19355271905072,883.4673,735.6482,735.6482,272.4753566666667,6.897963333333333,0.0021,0.002956666666666625,0.0002,0.0167733333333333,0.0232,0.0,551.12109375,606.44921875,101186.94,-6.1755418125e-07,0.2474212625,272.69924875000004,702.1503056454512
2022-02-26 15:00:00,-9.008190068387895,0.7132262746431912,22.08726351543499,1296.1704,1094.3905,1009.9590000000001,263.2928733333333,11.458495,0.00269666666666665,0.0003,0.0001,0.04451999999999995,0.022039999999999976,93.85,1062.2694999999999,1095.9414375000001,101592.46187500001,-3.7537363625e-05,0.070846558125,275.77743875,1019.4516361021215
2022-03-30 11:00:00,3.4670564910287975,3.0313171993465735,77.43054377661946,347.81080000000003,256.5568,125.81439999999999,251.51150222222222,7.125037777777777,0.0006,0.0004,0.0001,0.009359999999999967,0.021717777777777735,55.333333333333336,249.421875,324.421875,101768.40499999998,-4.798523e-06,0.0,278.11929499999997,250.2025650245715
2021-07-20 19:00:00,20.822789380160284,1.4567225091197933,63.037054055640866,628.9457,509.6535,508.8636,267.86865,4.391741666666666,0.003184999999999975,0.00116,0.003104999999999975,0.03132666666666665,0.049460000000000004,2.533333333333333,399.484375,413.05859375,101191.92874999999,-1.158623485e-06,0.172061918125,244.06738124999998,216.44192736425742
2021-10-12 16:00:00,-7.091951953457417,0.6948774115182628,17.993012390317073,1316.2096,1167.1107,1167.1108,264.916295,2.8545616666666667,0.0030800000000000003,0.00198166666666665,0.0002,0.0169283333333333,0.015334999999999975,0.0,1103.7304374999999,1108.6952999999999,100640.875,-4.0367594875e-06,0.0,259.26839,1156.5264293419632
2021-12-24 15:00:00,-23.41488559973962,0.6756394423809414,11.988150890080705,1372.6390999999999,1154.912,1084.4756000000002,250.18609833333332,15.657666666666668,0.002,0.0,0.0,0.025761666666666648,0.0074,12.316666666666666,953.5546875,1130.3438,101235.25,-6.930311937500001e-05,0.1078262334375,279.93640125,1043.1355627472133
2021-06-28 20:00:00,23.331758781090016,2.731267811604271,76.01976170152986,345.7025,283.49490000000003,265.6376,265.68641,0.46497499999999997,0.00136166666666665,0.0005,0.000833333333333325,0.0088933333333333,0.0290166666666666,9.966666666666665,174.75390625,177.38671875,101427.40875,-1.4438409875e-07,0.0,242.500355,264.4354548723481
2021-10-02 13:00:00,-3.2540993104322586,0.9252535973319587,44.426068012875014,988.8552999999999,854.707,803.4748000000001,272.78488500000003,2.5581133333333335,0.005748333333333325,0.001814999999999975,0.00288166666666665,0.03535166666666663,0.03532999999999997,12.200000000000001,822.68359375,881.546875,101231.36624999999,-6.370799475e-06,0.09587860125,265.1652175,874.4336569579287
2022-02-24 20:00:00,-9.749847095018675,1.2203617809258316,57.22563622868043,744.1889,587.2085000000001,44.7057,253.98805999999996,13.022625,0.001985,0.00333666666666665,0.0001,0.0311733333333333,0.0503633333333333,100.0,181.35546875,462.83203125,101134.165625,-9.345132625e-06,0.998405455,278.6040675,597.1269327580007
2021-08-04 12:00:00,17.45666672309083,2.112898841612952,71.79351656909718,444.5221,337.1472,207.0542,284.62897,7.795528333333333,0.0018383333333333,0.000745,0.001764999999999975,0.015229999999999948,0.042233333333333324,100.0,235.87890625,391.96875,102718.384375,-4.1280873249999996e-07,0.974411,272.262695,187.22222222222223
2021-10-13 13:00:00,-7.46891326631733,0.8838205140833236,41.61210443316516,1036.0773,899.6532,705.3397,271.71742,3.36598,0.001,0.001536666666666625,0.0001,0.007296666666666625,0.011561666666666625,76.83333333333333,914.625,926.9296875,100941.7125,-2.3184111625e-06,0.33063125625,262.12656125,883.9805825242719
2022-01-06 11:00:00,-22.586362240552145,1.725303535810457,67.49588010391811,522.4699,401.27160000000003,111.3701,266.9665,10.177038333333332,0.0009,0.00116,0.0002,0.011034999999999975,0.0173,100.0,400.17578125,468.01171875,101937.93125,-1.11133849375e-05,0.0,277.4449175,141.5947500898957
2021-05-21 14:00:00,20.020752196833463,1.067748131902752,51.772985117645256,850.2798,750.4661,750.4661,264.7879066666667,1.5824533333333333,0.00154166666666665,0.0003,0.00138166666666665,0.010153333333333299,0.024023333333333275,0.0,756.26171875,756.57421875,101547.19375,-1.0363291875e-06,0.0,258.163925,734.4606256742179
2022-04-13 20:00:00,8.757757177857268,1.8037006902131625,68.5252410549901,501.8689,426.9411,426.9411,244.422645,1.1012766666666667,0.00041166666666665004,0.000764999999999975,0.000248333333333325,0.004356666666666625,0.019039999999999925,0.0,288.65234375,296.34375,100606.875,-3.82657165e-07,0.0,247.4830825,388.93743257820927
2021-10-03 15:00:00,-3.641929609448319,0.7183892915988648,23.08137826766982,1271.6774,1154.1746,1154.1747,280.47703,0.9315833333333333,0.00600666666666665,0.00549999999999995,0.00223666666666665,0.03169666666666662,0.06893166666666663,0.0,1100.8788749999999,1125.23045,100688.64125,-3.3317774125e-06,0.0,241.9581375,1139.4102840704782
2021-08-03 17:00:00,17.717056492932677,0.9283291930744331,44.61954074870728,977.0686000000001,822.0196,736.1602,284.18019333333336,6.76694,0.003613333333333325,0.00094,0.00375,0.028913333333333298,0.06163999999999995,37.18333333333333,582.48046875,756.88671875,101712.5625,-1.564389125e-06,0.4467468275,266.85471375,801.1524631427544
2022-01-08 21:00:00,-22.34501797811082,1.7775420209317274,68.19268385469228,507.61039999999997,378.9546,102.9719,257.837005,15.550858333333334,0.001,0.00029666666666664995,0.0001,0.01990999999999995,0.01761499999999995,100.0,148.75390625,257.00390625,101449.4225,-9.167648375e-06,0.9693641625,279.23474999999996,105.81265731751168
2022-01-02 15:00:00,-22.979341669118796,0.6782569927508628,12.988948663584521,1368.0945,1212.7887,1212.7887,259.2911916666667,3.129996666666667,0.0004,0.001544999999999975,0.0001,0.004,0.020044999999999976,0.0,1187.18755,1194.6992,100912.8275,-6.559124625000001e-05,0.0,266.39234375,1195.1276519237683
2021-06-16 20:00:00,23.330833093414007,2.828669749628693,76.5114737368134,333.5585,262.2502,249.7314,239.50033833333333,2.1284833333333335,0.001,0.0003,0.00107666666666665,0.00903499999999995,0.0196733333333333,5.5,158.140625,161.97265625,101074.66312499999,-3.73023795e-07,0.0,253.98244,239.2610571736785
2022-03-22 13:00:00,0.32893462043704336,1.0326179249081624,50.21953894347755,892.5504,752.7495,721.8380999999999,247.63501333333335,5.209885,0.00115666666666665,0.0015,0.0001,0.012869999999999951,0.03320499999999998,0.7333333333333333,718.75390625,770.375,101355.24375,-9.648909e-06,0.0035133361874999996,278.5367,757.9647608773822
2021-08-31 16:00:00,8.93055449957544,0.7911902203201427,33.35788121948016,1148.3013,1038.766,1038.7658999999999,275.80253500000003,1.34551,0.00230166666666665,0.0004,0.0011,0.015228333333333325,0.024586666666666625,0.0,970.203125,970.71484375,101197.20999999999,-2.9315706e-06,0.0,256.70117,989.2484717727435
2021-06-08 18:00:00,22.78079610405873,1.1977345098467669,56.52531255714901,758.8755,659.3382,485.4579,258.86565,1.7764566666666668,0.001693333333333325,0.002269999999999975,0.002994999999999975,0.0135533333333333,0.02823999999999995,100.0,530.359375,565.609375,101246.515625,-1.1613883875e-06,0.93346786875,247.02117125,619.1352031643294
2021-09-14 18:00:00,3.726075309064946,0.8964816275665161,42.515781533259606,1014.054,892.794,745.0851,272.39532499999996,2.199933333333333,0.002,0.0005,0.00218166666666665,0.01746999999999995,0.031601666666666625,72.9,745.6328125,773.77734375,100488.065,-1.4976248875e-06,0.841110225,248.30518,790.4548723480762
2022-02-11 17:00:00,-14.289328586144947,0.6875429119301902,16.00329533865569,1346.0442,1161.5103,1049.5513,263.89817,7.465698333333333,0.000945,0.001809999999999975,0.0,0.009344999999999975,0.040071666666666624,5.466666666666667,1021.54684375,1083.9062187499999,100874.08499999999,-0.00013082253125,0.0230598450875,277.5938375,1132.5674217907226
2021-12-27 13:00:00,-23.33956277459816,0.857124783519389,39.559799529671956,1077.3282,893.3061,780.4991,255.26180833333333,13.730871666666665,0.00060166666666665,0.0001,0.0001,0.011788333333333324,0.0186666666666666,16.266666666666666,800.03125,917.72265625,101735.734375,-8.466569e-05,0.0035209655,280.5362875,885.6886012225817
2022-04-19 12:00:00,10.894860095244674,1.6725354791321678,66.74388947976107,551.2496,457.4315,316.8684,242.36161333333334,2.5818383333333332,0.0006,0.0009,0.0003,0.00664166666666665,0.014215,51.699999999999996,493.5625,513.57421875,101755.05562500001,-1.3372337125000001e-06,0.2584114075,271.131675,428.71808701905786
2022-04-29 19:00:00,14.209846623471503,1.3316353883357415,60.2607087239662,682.1799,554.5461,530.9201,237.22422333333333,7.268176666666667,0.0013,0.00045666666666665,0.0001,0.018158333333333325,0.025339999999999974,4.5,414.54296875,442.69921875,101159.81875,-6.3053449e-07,0.29975510000000005,271.9813625,508.93203883495147
2022-04-01 20:00:00,4.242295024068458,1.5921686887158997,65.49339679891023,566.9285,437.4108,437.4108,252.43649666666664,9.594126666666666,0.002488333333333325,0.001356666666666625,0.0003,0.0287816666666666,0.0474133333333333,0.0,307.875,321.5234375,101157.36624999999,-5.876936375000001e-07,0.0,276.55546875000005,425.3523912261776
2021-06-12 12:00:00,23.110135027499748,2.3544371693776025,73.71972074026738,397.2699,328.1174,204.9363,253.14379166666666,0.9089600000000001,0.0017783333333333,0.000664999999999975,0.00185166666666665,0.01175499999999995,0.0237933333333333,84.33333333333333,377.05078125,377.34375,102635.64749999999,-6.393238375000001e-07,0.0,262.25005,297.8353110391945
2022-04-18 13:00:00,10.545558035999763,1.1434567794412038,54.70579890496837,800.9205999999999,694.1569,692.6999000000001,240.72121666666666,2.396351666666667,0.00044,0.0004,0.00019500000000000002,0.005606666666666625,0.008508333333333324,0.0,721.2734375,719.00390625,102058.35062499999,-1.4970137375e-06,0.0,269.60181124999997,662.6015821646889
2022-01-02 20:00:00,-22.979341669118796,1.160908966959914,55.31380452277725,789.4299,651.2725,651.2723,260.62801333333334,6.6235800000000005,0.0004,0.002688333333333325,0.0001,0.0044433333333333,0.025306666666666627,0.0,474.1171875,525.85546875,100343.55374999999,-1.8977298250000002e-05,0.0,264.63982875,640.3164329377921
2022-04-29 15:00:00,14.209846623471503,0.8691605001853555,40.51135768111563,1045.4082,888.5019,877.3655,236.98974833333332,7.011321666666667,0.0015383333333333252,0.00066166666666665,0.0001,0.02173999999999995,0.030193333333333273,0.36666666666666664,779.5078125,867.51953125,101712.428125,-1.7615384375e-06,0.6993636999999999,274.655825,863.6461704422869
2022-01-01 16:00:00,-23.058629169260467,0.6611769115508824,1.6210851522758067,1404.0756000000001,1234.9369000000002,1234.9370000000001,257.98266666666666,4.6762266666666665,0.0003,0.0011,0.0001,0.0033466666666666497,0.012284999999999975,0.0,1149.453125,1183.2265750000001,100816.671875,-8.636314375000001e-05,0.43272780625,268.05545125,1222.0424307802948
2022-03-02 20:00:00,-7.499171310722627,1.2582118570789165,58.32960928431243,720.3185,564.798,78.32939999999999,254.6285883333333,13.814253333333333,0.00265,0.0004,0.0001,0.040511666666666626,0.028699999999999948,100.0,247.6640625,443.140625,101282.578125,-1.45504598125e-05,0.94518279375,278.13384874999997,200.10967277957567
2021-09-27 16:00:00,-1.3089028703320174,0.7201413370064332,23.4065058704273,1266.3941,1111.5089,1111.5089,262.687775,3.0102700000000002,0.0048449999999999995,0.002585,0.00111,0.0310616666666666,0.04907166666666665,0.0,1046.5663749999999,1047.7812187499999,101280.615625,-3.404536975e-06,0.0,267.0972925,1086.4077669902913
2021-06-29 14:00:00,23.287060087617615,1.162774377356499,55.377452370810204,783.2927,698.9630999999999,698.9632,268.27328666666665,0.61222,0.001454999999999975,0.0009,0.00141666666666665,0.008149999999999949,0.04030499999999995,-0.5,696.609375,696.67774375,102775.1,-1.7567363125e-06,0.0,262.964805,685.0755124056094
2021-11-27 20:00:00,-20.996845647858695,1.2936872084525068,59.29484095490582,700.7203,564.0729,286.3517,264.75912166666666,9.856003333333334,0.0005,0.0002,0.0001,0.0070333333333333,0.008525000000000001,87.45,378.6171875,427.60546875,100146.084375,-1.3902841500000002e-05,0.33457946875,266.26697125,358.39985616684646
2022-01-28 20:00:00,-18.415527261388707,1.1385148698905279,54.529395813687216,804.8757,642.7207,50.608000000000004,260.587275,16.10237,0.00121166666666665,0.00014666666666665,0.0,0.012944999999999974,0.009324999999999925,100.0,413.61328125,512.078125,100907.9375,-3.915856325e-05,0.38977431875,281.494845,85.00539374325781
2021-10-10 11:00:00,-6.333474705121404,1.8567910528604241,69.16922451416379,493.23889999999994,392.6403,285.47,270.29757166666667,3.1404666666666667,0.0024483333333333,0.001211666666666625,0.00187166666666665,0.01793499999999995,0.022834999999999973,43.33333333333333,466.015625,465.6328125,101783.82875,-1.2275704675e-05,0.0,266.50793875,386.3232650125854
2022-03-16 19:00:00,-2.0419762587084924,0.9934802316248966,48.31195300134944,916.4198,758.3062,504.6049,251.470395,9.658776666666668,0.00135,0.00019166666666665,0.0004,0.0192133333333333,0.0189033333333333,90.2,551.05859375,647.8828125,100917.421875,-8.9624665125e-06,0.07526016125,266.906125,583.0636461704423
2021-05-12 17:00:00,17.92843372099769,0.9462085169428539,45.707067956449144,956.3958,798.0952,798.0951,248.40682166666664,6.711955,0.00470499999999995,0.001128333333333325,0.001158333333333325,0.0479583333333333,0.08006666666666662,0.0,667.2109375,735.83984375,101202.696875,-4.35419498125e-06,0.34377289375000003,271.45248625,770.7119741100323
2022-01-17 11:00:00,-20.903602854067646,1.8396256457264264,68.96537750864333,489.0047,367.6562,286.1744,258.2357566666667,12.195108333333334,0.000975,0.0009,0.0,0.0104833333333333,0.03161,48.93333333333333,397.05078125,437.91796875,101584.540625,-3.2259325750000003e-05,0.18509292775,278.681185,339.4498381877022
2021-12-26 10:00:00,-23.372473325587706,3.4976877441348115,79.13259123757278,324.40520000000004,223.22199999999998,27.111600000000003,258.57537,11.114116666666668,0.0019,0.0001,0.0002,0.03008999999999995,0.02317999999999995,100.0,82.87109375,281.0078125,102206.78125,-1.478008925e-05,0.0008125305,281.09508875,82.07838906868034
2021-09-29 15:00:00,-2.08780417253818,0.7270424832513086,24.63336090696851,1255.7123000000001,1083.6873,1083.6873,261.34364166666666,5.456235,0.0065199999999999755,0.0011,0.0009,0.03993166666666662,0.03184166666666662,0.0,1044.7109249999999,1053.1015750000001,101147.1275,-3.2297393625e-06,0.13671875187500002,273.8573725,1044.2107155699387
2021-08-22 19:00:00,12.048172409254994,1.2379944113681982,57.74999800441096,734.4920999999999,649.2553,649.2554,260.606805,0.5339316666666667,0.0019,0.000718333333333325,0.001,0.00996166666666665,0.058230000000000004,0.0,520.38671875,520.7421875,100592.571875,-9.786745225000001e-07,0.0,242.2750475,618.8349514563106
2021-07-15 16:00:00,21.663912209970434,0.9521916822972539,46.057529456467385,952.4979,827.7276,827.7274,273.09044166666666,2.7929466666666665,0.00186666666666665,0.000725,0.00086,0.01441,0.02959999999999995,0.0,760.3496,778.48046875,101015.45999999999,-1.831911475e-06,0.0,262.09572000000003,804.7159295217548
2021-08-06 14:00:00,16.921849289144873,1.0391805781004502,50.52038753029973,878.2751999999999,785.0719,785.0719,274.48980166666666,0.8921100000000001,0.002376666666666625,0.003166666666666625,0.001753333333333325,0.0115683333333333,0.036914999999999976,0.0,788.1465000000001,788.4784999999999,102206.35,-1.055246675e-06,0.0,252.0936675,773.1517439769867
2022-01-04 18:00:00,-22.797932977796375,0.7491595069966251,28.098109343916438,1236.8265000000001,1074.0971,884.3327,259.12307,5.15671,0.00047666666666665,0.0006,0.0001,0.005061666666666625,0.010941666666666624,31.8,919.41796875,976.27734375,100441.19437499999,-9.565614125e-06,0.180912015,266.2834125,1082.7220424307802
2021-12-29 12:00:00,-23.250401559270067,1.104209681360145,53.249658775766804,830.8480999999999,677.0763,400.90229999999997,257.81708333333336,10.124948333333332,0.0009,0.0006,0.00018,0.014434999999999976,0.02114499999999995,82.03333333333333,485.16796875,717.6875,102046.96625,-6.9772155375e-05,0.0,280.83652,525.2786767349874
2021-09-12 19:00:00,4.488693923545192,1.139517512664153,54.565340505667805,797.7892,670.4232999999999,180.8952,277.63642833333336,2.974283333333333,0.0037,0.000858333333333325,0.0028566666666666497,0.0288983333333333,0.04923666666666662,100.0,545.4765625,551.8671875,100333.665625,-1.1379597625e-06,0.7257499625,243.48208625,322.70406328658754
2021-07-20 13:00:00,20.822789380160284,1.4458969381620146,62.81836577758488,636.6757,524.5505,467.5799,269.0164983333333,3.8083666666666667,0.002124999999999975,0.0006,0.001859999999999975,0.017984999999999973,0.02865666666666665,21.233333333333334,564.4238375,564.3379,101808.64749999999,-2.06418915e-06,0.0012817382999999998,260.27856875,505.58791801510245
2021-12-31 21:00:00,-23.13025603340483,1.8182182292530893,68.70535663083389,495.0021,368.38890000000004,30.7465,251.97302,11.283371666666667,0.00277666666666665,0.0004,0.0005,0.0341933333333333,0.02909666666666665,97.0,143.80078125,250.69140625,101350.45999999999,-1.0762945875e-05,0.7649917562499999,279.26145,103.50952894642214
2021-11-24 10:00:00,-20.40639665128032,3.0237758317661037,77.39860478059,334.6125333333334,232.89079999999998,138.5824,265.1952622222222,12.439817777777778,0.0023,0.0010022222222222002,0.0002,0.02205777777777777,0.019699999999999968,100.0,207.6875,300.46875,101981.5,-3.4661614499999997e-05,0.9968719500000001,279.21106000000003,168.7162891046386
2021-09-18 14:00:00,2.1880253905616205,0.8297944169194803,37.215153269745976,1100.1692,961.2975,931.3364,274.59799166666664,2.851751666666667,0.0022,0.0009,0.00139166666666665,0.02314499999999995,0.030611666666666624,9.75,956.1875,964.11716875,101351.14,-3.366410875e-06,0.58117294375,259.2217125,976.2135922330096
2021-11-08 14:00:00,-16.35975054890701,0.7237547319095892,24.059135124668998,1271.8005,1143.73,1143.73,279.62604166666665,1.9959083333333334,0.001,0.0034266666666666248,0.0002,0.006614999999999975,0.013251666666666625,0.0,1098.6289375000001,1109.9804374999999,101149.80374999999,-4.5855122375e-06,0.014625549375,268.35761875000003,1098.8673139158575
2021-12-10 12:00:00,-22.840630034428266,1.0592229538161495,51.40852701641284,868.2239,702.9059,254.4931,253.33387333333332,14.314835000000002,0.001,0.0010383333333333,0.0002,0.0136733333333333,0.01240499999999995,100.0,520.82421875,737.3046875,101509.92874999999,-5.352869625e-05,0.8268852125,280.26419250000004,359.3545487234808
2021-08-05 16:00:00,17.191569488467835,0.8834451535310455,41.584670385850494,1027.0037,893.9577,893.9576,275.0626933333333,3.2714166666666666,0.001934999999999975,0.0005,0.00095166666666665,0.00822666666666665,0.026556666666666624,0.0,798.92578125,842.51953125,101873.303125,-1.30984695e-06,0.0,262.50164,895.2175476447321
2021-05-22 15:00:00,20.225817502480506,0.9548134175392627,46.20907010187931,948.2826,860.482,860.4822,265.92865,0.7501083333333334,0.0007,0.0002,0.0009,0.005578333333333325,0.014361666666666625,0.0,830.5859375,834.1152500000001,101254.40625,-1.105625425e-06,0.0,239.2846275,839.5900755124055
2021-08-02 14:00:00,17.9726549263364,1.0593718276077646,51.41495776241095,861.5081,726.4155000000001,688.5069,283.5488716666667,4.479411666666667,0.0027,0.00074,0.003175,0.021651666666666652,0.055581666666666626,0.49999999999999994,721.8789125000001,737.1367124999999,102684.96875,-1.122913075e-06,0.022651672375,269.927115,694.4336569579287
2022-02-17 21:00:00,-12.262246901258074,1.912459799536059,69.80338504292875,466.868,336.8185,30.2237,261.2258233333333,13.927573333333333,0.002,0.0004,0.0001,0.031764999999999974,0.0772416666666666,100.0,115.76171875,227.796875,101534.41500000001,-1.07334342625e-05,0.9976768487500001,279.02475125,44.94426465300252
2021-05-02 18:00:00,15.1330201628331,1.0429512618687697,50.69095276008207,868.5796,774.0104,774.0103,243.69498499999997,1.2345766666666667,0.001,0.0005,0.0021233333333333,0.009269999999999974,0.018836666666666627,0.0,662.5234375,662.8125,100925.17125,-1.0600852e-06,0.0,243.01456375,734.8705501618123
2021-10-01 20:00:00,-2.8657367511039054,1.5936989956540044,65.51850580336796,570.5653,428.05469999999997,71.8606,266.83314,10.771094999999999,0.007971666666666625,0.00181666666666665,0.00166,0.0620933333333333,0.04375999999999998,100.0,241.53515625,312.33984375,100883.79625,-7.165654e-07,0.06652831875,278.16311375,178.15533980582524
2021-11-21 13:00:00,-19.758862746599252,0.8280701178211759,37.057669881600546,1113.4845,936.8602,856.8036999999999,263.7967733333333,9.756296666666668,0.001225,0.0011250000000000001,0.0002,0.015608333333333274,0.0247633333333333,15.966666666666665,949.37109375,954.671875,101507.29000000001,-1.14910655e-06,0.15504837124999998,273.06553125,899.2089176555196
2021-11-01 21:00:00,-14.189249384945942,2.7270213533778414,75.99750077681735,365.416,268.02680000000004,214.67279999999997,273.8977,7.061942222222222,0.0023288888888888665,0.0030622222222222,0.0001,0.0163,0.0171155555555555,47.555555555555564,137.9140625,158.84375,101106.81,-2.392225725e-07,0.042945861849999996,276.37798000000004,120.43869111830276
2021-08-11 13:00:00,15.506898185987577,1.2856192540276359,59.08085067180073,715.3137,593.492,482.3372,275.1049533333333,3.853628333333333,0.003771666666666625,0.00105,0.0013383333333333,0.02781999999999995,0.02738999999999995,47.083333333333336,615.9004062500001,631.021475,101878.915625,-1.2690725375e-06,0.46334457375000004,268.2186325,584.5631067961165
2021-06-13 14:00:00,23.175556231549724,1.1478737690731637,54.86185839904088,792.0939,701.6982,701.6982,251.56808166666667,0.6326233333333333,0.00335166666666665,0.001098333333333325,0.0032083333333333,0.022074999999999925,0.05163833333333327,0.0,708.97850625,709.28515625,101966.03125,-1.7286220125e-06,0.0,249.250795,678.915857605178
2022-01-17 20:00:00,-20.903602854067646,1.138198548264382,54.51803921974683,806.2801,652.4203,49.0222,258.72759666666667,12.445451666666667,0.0005,0.000145,0.0,0.0064,0.013246666666666625,100.0,325.15234375,518.50390625,100846.53125,-1.9598286625e-05,0.9738769625,279.434965,96.74757281553397
2021-10-14 21:00:00,-7.8442141660105555,3.1604915010168004,77.95339682578225,324.56333333333333,258.05626666666666,258.05626666666666,270.279,1.5441244444444446,0.0006,0.0006977777777777333,0.0002,0.0036000000000000003,0.013582222222222167,0.0,143.4921875,146.296875,100037.73625,-2.467422775e-07,0.0,243.6860375,223.38487354668587
2022-03-26 12:00:00,1.9038988831184545,1.4889896021810074,63.66765117758961,620.4269,492.8139,273.3481,244.509725,5.9314,0.0007750000000000001,0.001328333333333325,0.0002,0.011203333333333275,0.10341499999999995,59.58333333333333,466.4453125,560.08984375,101754.0625,-9.088835125e-06,0.0,275.74643,471.13807982740025
2022-01-30 21:00:00,-17.886215231561284,1.7722175309041495,68.12369443727879,508.15070000000003,380.1281,48.301,255.54118666666665,13.064594999999999,0.001,0.0005,0.00028666666666665,0.01453666666666665,0.053594999999999976,65.26666666666667,122.62109375,257.13671875,101152.765,-1.90020075e-05,0.690151225,281.170905,66.40776699029126
2022-04-01 14:00:00,4.242295024068458,0.8683263953427833,40.44685617951702,1056.3591000000001,899.9793,816.6795,255.110105,6.018208333333334,0.0016033333333333,0.002304999999999975,0.00019666666666665002,0.01811999999999995,0.04131166666666662,18.53333333333333,744.4296875,906.16796875,101780.4225,-2.7752248125e-06,0.0,275.47441125,745.5160014383315
2022-04-03 16:00:00,5.012299701517073,0.7586652468754091,29.41526271672802,1204.1619,1070.282,1070.2819,250.23600333333331,2.5989533333333332,0.0006,0.00148166666666665,0.0001,0.0055,0.0157333333333333,0.0,1016.98434375,1022.6015625,101019.25,-3.5403354375e-06,0.05556869325,244.74877500000002,1071.3592233009708
2021-10-10 14:00:00,-6.333474705121404,0.7629963146528764,29.98738857056907,1199.3478,1055.2249,1055.2249,267.4634316666667,2.79938,0.0031699999999999498,0.0007516666666666501,0.00217666666666665,0.0217083333333333,0.029251666666666624,0.0,1053.68751875,1055.4296875,101133.75687499999,-2.695334875e-06,0.0,256.74773500000003,1050.0179791441926
2021-09-06 11:00:00,6.742493857141795,3.0411601873058536,77.47198632047449,350.6332,249.89866666666668,90.44439999999999,272.75527111111114,5.43236,0.005477777777777733,0.0013866666666666333,0.0008,0.04118222222222217,0.04956,71.62222222222222,329.53125,330.03125,101952.25,-2.3340108e-06,0.06517029,276.985075,241.51504255064125
2021-08-26 18:00:00,10.690138206932069,0.9588650792610048,46.440888896960445,946.4436000000001,853.7465,853.7464,278.68723,0.7062683333333334,0.0025,0.000619999999999975,0.0011116666666666501,0.012048333333333276,0.03665999999999998,0.0,736.359375,738.625,100584.97125,-1.0268704125e-06,0.0,247.97971375,828.2506292700467
2022-03-22 11:00:00,0.32893462043704336,2.8568885883658277,76.64748584313426,365.7696,270.03586666666666,120.74279999999999,247.27836222222223,5.832628888888888,0.0013,0.0014266666666666666,0.0001,0.016071111111111067,0.03955999999999996,77.95555555555556,254.015625,333.65625,101640.59500000002,-4.1949098e-06,0.0,280.425915,137.29353949418675
2022-03-24 18:00:00,1.1175063137884538,0.8466412050765765,38.69241458527166,1077.6282,959.6948,959.6947,252.01126333333332,1.934835,0.0009,0.00243666666666665,0.0003,0.007274999999999975,0.02764999999999995,0.0,810.19921875,828.4453125,100739.35875,-5.9436133125e-06,0.033836365,267.69102499999997,920.532182668105
2022-03-09 19:00:00,-4.794858618214097,0.9601497914151294,46.51380119384221,950.0244,783.8485000000001,709.9694999999999,254.6822283333333,10.377168333333334,0.0019950000000000002,0.0002,0.0002,0.030931666666666628,0.016909999999999925,1.85,636.3203125,668.4453125,100727.553125,-4.4136831249999994e-06,0.369236,272.84106875000003,746.3052858683926
2021-11-12 21:00:00,-17.500585684430142,2.4863810058289997,74.60735307207027,395.18773333333337,286.14453333333336,23.60693333333333,265.2262733333334,9.987873333333335,0.0034,0.0021,0.0002,0.024826666666666598,0.021159999999999967,100.0,132.59375,173.9609375,101302.3125,-4.88391375e-06,0.98040771,276.55615,201.54141196212393
2022-01-27 12:00:00,-18.67182297963725,1.20913176424765,56.88203655736479,758.1693,573.0886,258.2116,264.5315816666667,17.85996,0.0057033333333333,0.0001,0.00038166666666665,0.1124683333333333,0.04204999999999995,100.0,79.7109375,633.90234375,102537.315,-2.723420125e-05,1.0,278.02392375,177.9665587918015
2021-05-16 18:00:00,18.911668338477188,1.1177889101406082,53.76813259836631,810.8466,712.652,712.6519,253.451665,1.4999950000000002,0.0017,0.0012,0.00400666666666665,0.011068333333333324,0.0308,0.0,603.17578125,610.55859375,101231.04625,-1.1467782249999999e-06,0.0,243.77900375000002,669.8777418194893
2022-02-25 16:00:00,-9.38018590845197,0.68451739834754,15.094677330028018,1349.4886,1144.0408,1144.0409,258.042055,12.247073333333333,0.0019316666666666501,0.0003,0.0001,0.0315116666666666,0.021684999999999975,0.0,1040.0898750000001,1109.0820125,101535.8375,-3.720133125e-05,0.0044555664,275.04065249999996,1174.2898238043867
2021-10-05 17:00:00,-4.415599318817538,0.7451957700665836,27.521518621626374,1224.852,1087.4232,942.168,270.77965666666665,2.4500116666666667,0.0029,0.0011,0.00065166666666665,0.020096666666666624,0.024663333333333325,68.7,980.7382499999999,993.640625,100096.92125,-3.5368138875e-06,0.91891860625,251.44610624999999,1083.8547285149225
2022-02-01 14:00:00,-17.335338734678597,0.7650426545119892,30.252070526891345,1210.7952,1021.1667,555.2985,254.9932983333333,11.754235000000001,0.001326666666666625,0.0002,0.0001,0.010869999999999975,0.019131666666666602,100.0,593.6171875,1025.7890625,101766.640625,-0.000101969955,0.0015220642500000001,278.94031,636.4581085940308
2021-05-06 12:00:00,16.305646767304136,1.8584260831052528,69.18843054101053,496.14459999999997,404.8585,248.4119,244.9139,2.431075,0.001203333333333325,0.00057,0.0015266666666666501,0.0176233333333333,0.020159999999999977,100.0,394.42578125,463.5078125,102047.290625,-1.285807225e-06,0.9698409987500001,271.01319875,240.72276159654797
2021-07-05 12:00:00,22.876262887000895,2.4671263501774225,74.48396873577603,382.0804,310.8606,233.5423,269.53699666666665,0.28668666666666665,0.00269166666666665,0.003094999999999975,0.0026,0.0204683333333333,0.050843333333333296,49.83333333333333,368.9746075,369.28125,102152.57125000001,-8.15372925e-07,0.01876831,253.4599225,291.65228335131246
2021-10-01 11:00:00,-2.8657367511039054,2.0501642850503874,71.21493623717058,448.7538,333.5208,153.5412,266.79947333333337,7.861296666666666,0.00473,0.00154166666666665,0.0013333333333333248,0.034879999999999974,0.0364083333333333,79.15,336.3203125,403.0390625,101849.21187500001,-8.9819365e-06,0.0,279.95523625,319.2071197411003
2022-03-03 18:00:00,-7.117229867887649,0.7823931802854938,32.36559425825858,1173.3123,983.2942,904.5025,256.6152416666667,11.482378333333333,0.00292666666666665,0.0004,0.0002,0.0346183333333333,0.0239833333333333,6.283333333333333,871.92578125,894.6953125,100876.890625,-2.7987814875e-05,0.047046661875,275.38624625,868.2973750449478
2021-12-26 11:00:00,-23.372473325587706,1.6347712449276255,66.17309592506918,553.6998,423.3713,144.34629999999999,258.8738133333334,10.588036666666666,0.0019,0.0001,0.0002,0.029511666666666624,0.02251999999999995,100.0,144.51171875,463.8671875,102208.02437500001,-2.1485612e-05,0.0,281.73623,238.2182668104998
2021-07-04 16:00:00,22.96156848261638,0.9754230509617086,47.35949869422159,929.4049,837.0423000000001,837.0423000000001,269.2814,0.77101,0.00145,0.0015266666666666501,0.0045,0.0144783333333333,0.03720999999999995,0.0,785.59765625,785.9316249999999,101494.4525,-2.9438524125e-06,0.24278259125,240.70365875,806.3286587558432
2021-10-27 11:00:00,-12.521944252047032,1.630870077933393,66.11247849037817,560.1197999999999,441.8354,242.09879999999998,293.410125,5.372458333333333,0.0032266666666666503,0.000693333333333325,0.0001,0.026546666666666625,0.0200583333333333,80.15,501.23046875,508.53125,102331.671875,-7.93923375e-07,0.0,268.99575000000004,420.2427184466019
2021-07-28 13:00:00,19.175893145969926,1.395050122869697,61.739467638527245,659.9014,561.1961,491.9039,286.3258333333333,1.7493666666666665,0.0035,0.0009,0.0017,0.018884999999999975,0.04227833333333328,12.5,585.1777187499999,592.4042812499999,101977.44437499999,-1.02867489375e-06,0.0,262.24593749999997,530.1941747572815
2022-04-14 12:00:00,9.120518783238186,1.6274323623678104,66.05879770967607,566.6051,458.6083,269.9594,243.71054333333333,5.163133333333334,0.0006,0.0001,0.0003,0.006776666666666625,0.015693333333333323,97.25,277.72265625,504.2109375,102290.39125,-3.1122763e-06,0.0,273.48503125,413.47716648687526
2022-02-17 11:00:00,-12.262246901258074,2.271212072278044,73.10445574335644,400.6244,279.467,25.294,261.42436,12.579901666666668,0.0024,0.00041,9.166666666666667e-05,0.0361533333333333,0.08329999999999999,100.0,320.1796875,365.40234375,102066.07875,-2.4629785625e-05,0.088378905,279.5769375,250.00179791441929
2022-03-16 21:00:00,-2.0419762587084924,2.54232492784677,74.95484815100903,387.7742666666666,284.6748,26.117333333333335,251.36675555555553,9.98254,0.0011711111111111,0.0001,0.0005,0.0176622222222222,0.017899999999999968,100.0,145.9921875,181.875,101094.95375,-1.398730125e-06,0.15773010499999998,271.492435,74.02373247033441
2022-02-04 14:00:00,-16.470550440292612,0.768106153317816,30.641849462140364,1205.8859,1026.4403,981.4805,266.56863,7.883245,0.000953333333333325,0.0033,0.0001,0.00983999999999995,0.0668433333333333,3.033333333333333,856.42578125,1030.8554875,101372.44625000001,-0.00014637067125,0.0,280.5346675,965.6346637900036
2022-04-05 13:00:00,5.7763220001740265,1.0836479208563559,52.4327463825878,847.6084,694.031,542.6193000000001,239.10650166666667,9.76905,0.00164666666666665,0.00103166666666665,0.00023166666666665,0.01981166666666665,0.051091666666666646,97.11666666666666,615.8886625,725.90234375,101868.34375,-8.30536e-06,0.21417618125000001,277.043525,656.3825961884214
2021-10-01 15:00:00,-2.8657367511039054,0.7226090988148319,23.854742484336132,1263.8262,1074.3468,1074.3465,267.4391016666667,8.43102,0.006809999999999975,0.001293333333333325,0.001759999999999975,0.05022666666666663,0.03517999999999995,0.0,998.203125,1048.3476375,101039.15375,-4.189758375e-06,0.11515808312499999,275.28691875,1001.0661632506292
2021-08-08 20:00:00,16.368880793813542,2.0805532889169602,71.49980557954537,443.0715,360.3602,359.78290000000004,272.7448033333333,1.809555,0.002093333333333325,0.0013416666666666499,0.0016,0.014224999999999974,0.02995,0.0,241.91015625,242.1953125,100980.609375,-3.7721474624999996e-07,0.0,241.05174625,346.12189859762674
2021-12-14 19:00:00,-23.15892481426692,0.9153679722466451,43.790707514928386,1004.0106000000001,834.543,302.4907,256.66134999999997,10.63572,0.0008316666666666501,0.00232,0.0002,0.0114,0.017581666666666624,100.0,531.39453125,704.87890625,101030.334375,-3.225563e-05,0.55062866125,272.83560875,805.1959726717008
2021-11-26 10:00:00,-20.806526282480835,3.0200495758672177,77.38276308719742,334.5774666666667,235.0909333333333,27.3916,265.34030888888884,11.619691111111111,0.0015133333333333333,0.0005,0.0003,0.018019999999999967,0.021339999999999998,100.0,239.890625,298.40625,102093.27999999998,-1.8639955999999997e-05,0.448074335,279.43579,185.1612129929282
2022-04-10 20:00:00,7.655330656380791,1.7465636822681967,67.78491606786505,517.7900999999999,426.1411,183.4624,247.92432666666667,2.5176800000000004,0.0003,0.000883333333333325,0.0001,0.0034,0.02443,100.0,295.6953125,299.5390625,100113.94437499999,-6.333866625e-07,0.0,243.8838075,209.49119021934555
2022-01-22 15:00:00,-19.865473276652246,0.6857691835307347,15.477899726638732,1353.3008,1143.7546,903.0291,264.73618833333336,13.204076666666667,0.0021,0.0,0.0001,0.0264033333333333,0.01059666666666665,50.08333333333333,1012.7109375,1127.6367500000001,101017.19,-7.890738125e-05,0.087810515625,278.8666075,1021.8554476806903
2021-12-21 10:00:00,-23.419890406297718,3.342236066101912,78.61913237246907,337.7622,233.48020000000002,30.989600000000003,256.1564333333333,16.078256666666668,0.0015,0.0,0.0,0.02226666666666665,0.0102,100.0,117.3671875,295.87890625,101734.435,-8.750037499999998e-06,0.26108169625,280.157655,125.09888529306005
2022-01-07 17:00:00,-22.46938536754984,0.681761390929126,14.210124247666686,1361.6281,1143.9083,782.2438,263.1343683333333,14.296636666666666,0.0021,0.001393333333333325,0.0004,0.03996666666666662,0.04073833333333328,77.56666666666666,895.32421875,1076.9413749999999,101073.30625,-3.3549556875e-05,0.24894332749999998,277.54074375,810.2642934196332
2021-06-30 17:00:00,23.235529226093274,1.0293983838249887,50.07005698934536,881.373,791.5035,791.5036,257.35447666666664,1.0727033333333333,0.0008,0.0002,0.0015,0.00653666666666665,0.013476666666666625,0.0,707.70703125,708.05078125,101744.85,-2.2889580499999997e-06,0.0,241.92106125,770.7587198849335
2021-08-20 14:00:00,12.708712404038568,0.9653030033782986,46.803446416235346,945.4175,850.1172,850.1170999999999,267.38041,0.7713116666666666,0.0024816666666666,0.0012,0.000919999999999975,0.010871666666666625,0.057016666666666646,0.0,848.34375,848.6972812500001,101629.04000000001,-1.6943376875e-06,0.0,257.20239375,828.6192017259979
2022-03-30 12:00:00,3.4670564910287975,1.514461036211477,64.14417331460902,609.7518,488.0002,389.2585,251.66792666666663,7.612276666666666,0.000739999999999975,0.00034,0.0001,0.010581666666666625,0.0218583333333333,65.83333333333333,425.26171875,538.2734375,101697.28125,-3.9459553750000004e-06,0.0,277.1640375,485.6508450197771
2021-05-26 16:00:00,20.98787474349141,0.9418766717334202,45.44922235992589,960.3476,812.2686,812.2686,259.09648500000003,6.280086666666667,0.00237166666666665,0.0007,0.00217166666666665,0.020303333333333298,0.04956166666666663,0.0,761.52734375,774.609375,101496.05562500001,-1.3672106375e-06,0.031230926375,257.3984825,671.6684645810859
2021-07-09 20:00:00,22.46883222892618,2.5717574413356363,75.13138072539336,365.7745,296.6044,283.354,262.90624333333335,0.827755,0.002,0.0006,0.002325,0.01636,0.03186166666666662,3.5500000000000003,189.52148749999998,189.75390625,101260.603125,-3.5678385875e-07,0.0,241.49285125,285.4171161452715
2021-05-28 18:00:00,21.333052559931044,1.16896254039774,55.586793953057594,776.3606,657.2189000000001,453.4035,265.362185,4.256493333333333,0.00048499999999997503,0.0001,0.000435,0.0034966666666666497,0.012579999999999949,37.95,437.48046875,559.45703125,100948.94625000001,-1.18050956e-06,0.0,255.60292,751.2261776339445
2022-01-21 16:00:00,-20.08592570514902,0.6628558902085834,4.389923582688354,1400.978,1190.6449,980.2396,262.69988,13.308438333333333,0.00115166666666665,0.0,0.0,0.011769999999999975,0.0072,32.81666666666666,1092.8671875,1150.9921875,101122.97562499999,-0.000110949565625,0.22585678025,279.059625,1242.0406328658755
2021-07-23 17:00:00,20.247236515646932,0.9688738292510689,47.00154960471883,936.4846,814.3579,814.3579,265.2871083333333,2.7976266666666665,0.0016,0.0006,0.0007,0.010429999999999976,0.020849999999999976,0.0,738.80078125,739.11328125,101180.78375,-2.2265594375e-06,0.0,253.25582250000002,782.0280474649406
2021-11-26 17:00:00,-20.806526282480835,0.6974814345123183,18.640745772160138,1321.5331,1126.8952,1107.0523,264.4779,10.480761666666666,0.001243333333333325,0.0005,0.0003,0.013214999999999975,0.020611666666666625,4.333333333333332,961.04296875,1030.6991874999999,101164.171875,-5.935708875e-05,0.5025558375,275.95576875,913.9859762675296
2022-01-19 21:00:00,-20.507774526977382,1.754197614903317,67.88684887561278,514.6393,389.7759,33.193,254.03592,12.56066,0.00158666666666665,0.0002,0.0,0.01953666666666665,0.014174999999999976,100.0,159.24609375,265.52734375,101619.15875,-1.6652409750000002e-05,0.9464416625000001,280.11767499999996,381.20819848975185
2021-11-14 20:00:00,-18.040896407164666,1.3587843689840584,60.91329915343359,666.2085,523.1566,309.2077,263.6355633333333,11.056191666666667,0.00316,0.0015400000000000001,0.0001,0.028456666666666627,0.0253183333333333,45.3,253.12890625,385.14453125,100822.053125,-5.3842084875e-07,0.610980975,277.2611375,499.2161093131966
2021-12-28 17:00:00,-23.298866337354657,0.6844934543361918,15.087240638789197,1354.8901,1145.6144,741.9177,253.09743666666665,13.380300000000002,0.0013,0.000128333333333325,0.0001,0.02324666666666665,0.024028333333333297,62.666666666666664,942.96484375,1068.21484375,101446.46875,-0.00011397924125,0.322917946875,280.20923125,962.7723840345199
2021-08-29 11:00:00,9.6420465502539,3.578102342587881,79.38037397213387,346.1094,263.4352,203.0824,282.47425,2.473203333333333,0.0030600000000000002,0.0011,0.00119666666666665,0.0119333333333333,0.04094999999999995,36.666666666666664,338.6484375,337.66015625,102668.19437499999,-1.8643913624999998e-06,0.0,262.02841125,255.1168644372528
2021-09-20 11:00:00,1.4140132769246216,2.3858965195135013,73.9406384135911,389.3141,286.1305,94.6676,279.719675,8.739326666666667,0.00299666666666665,0.0004,0.0005,0.0218,0.0153233333333333,97.25,356.6621,358.0,101637.19625000001,-8.696224375e-07,0.33378219249999996,271.35923125,271.5480043149946
2022-04-14 16:00:00,9.120518783238186,0.7929434621770846,33.54994678401618,1148.4373,993.4305,993.4306,241.64174500000001,5.70915,0.0007,0.000138333333333325,0.0003,0.007925,0.013641666666666625,0.0,742.09765625,935.87109375,101544.046875,-1.6783596625e-06,0.0,271.09178125,987.0280474649406
2022-04-22 15:00:00,11.924612000927205,0.8437050771154948,38.442619240429494,1078.6327,982.5491999999999,982.549,248.447695,1.03255,0.0003,0.000655,0.0002,0.002698333333333325,0.008243333333333325,0.0,952.42578125,952.70703125,100948.72125,-1.8243445000000001e-06,0.0,251.90379375,950.3236245954693
2022-01-25 12:00:00,-19.167159414951204,1.200923523828946,56.62595591806489,763.1703,608.0835999999999,200.6683,263.78828666666664,13.92935,0.0011116666666666501,0.0,0.0,0.01679999999999995,0.0170633333333333,92.8,570.63671875,664.24609375,101738.040625,-4.572067375e-05,0.0803527825,279.7366025,139.14599065084502
2021-11-15 16:00:00,-18.30313281994917,0.6673501633530133,7.967172518087743,1380.1956,1215.382,898.0759,268.484215,4.083476666666667,0.0016,0.002023333333333325,0.0002,0.012173333333333326,0.021464999999999977,94.2,1098.1953125,1141.910175,100614.82125000001,-3.200839275e-06,0.98746871875,264.1827525,1160.1222581805105
2022-01-25 11:00:00,-19.167159414951204,1.9368926047618107,70.06943027635718,464.6986,345.55510000000004,83.618,264.12962333333337,13.788588333333333,0.00102,0.0,0.0,0.0154733333333333,0.0147,100.0,361.54296875,412.94921875,101845.83687500001,-2.7320278625e-05,0.075279235625,280.2726775,91.16145271485077
2021-07-28 19:00:00,19.175893145969926,1.4002559586918546,61.85403763871651,652.8507,552.5714,552.5713,282.27776666666665,2.0993666666666666,0.002741666666666625,0.0007,0.0017,0.015671666666666625,0.03436499999999995,0.0,426.18359375,435.39453125,100898.125,-7.28876325e-07,0.0,258.00659499999995,546.6846458108594
2022-01-18 21:00:00,-20.70898601338795,1.754690095026529,67.89339178742769,514.5414,379.8659,32.285399999999996,260.01140166666664,14.769538333333333,0.001933333333333325,0.0004,0.0,0.03243166666666662,0.042521666666666624,100.0,152.8203125,265.828125,101304.821875,-1.8866994749999998e-05,1.0,279.24066125,73.9284430061129
2021-11-27 12:00:00,-20.996845647858695,1.04430801406389,50.75192245604405,880.9864,738.7487,702.9491,266.47732833333333,6.13963,0.000999999999999975,0.0004,0.0001,0.009356666666666624,0.009436666666666624,2.383333333333333,778.28515625,778.70703125,101286.25687499999,-3.5073259e-05,0.033763885,272.99339499999996,709.9856166846457
2021-07-01 20:00:00,23.177188441312605,2.69263600729129,75.81457661779534,350.4281,282.10720000000003,282.1073,257.834485,0.69848,0.0023,0.0005,0.0031349999999999998,0.017883333333333275,0.03668999999999997,0.0,179.94921875,180.19140625,101303.03812499999,-3.3367541875000004e-07,0.0,241.20912875,263.9805825242718
2021-07-20 15:00:00,20.822789380160284,0.977357403701626,47.46391376127707,929.5447,795.4894999999999,795.4894999999999,269.99878333333334,3.9267733333333332,0.0026,0.000743333333333325,0.0024583333333333,0.0215033333333333,0.03493499999999995,0.0,787.87109375,787.9667812499999,101466.334375,-3.1155068375e-06,0.014652252374999999,258.73968875,775.2085580726357
2022-02-28 17:00:00,-8.257657921815415,0.7061933121232216,20.63481177197527,1304.7334,1102.6957,985.7092,261.42496833333337,11.528308333333333,0.0026,0.0003,0.0001,0.03894999999999995,0.0354,26.766666666666666,1009.30078125,1049.2616874999999,100872.359375,-1.9671482749999997e-05,0.809207925,269.8651375,1110.6616325062926
2022-02-17 12:00:00,-12.262246901258074,1.3003927553090742,59.47032014322822,708.0552,552.1831,161.6629,262.00975,12.38601,0.00236166666666665,0.00046333333333332504,0.0,0.03359166666666665,0.07994666666666662,98.8,512.19921875,619.11328125,101961.365625,-4.1121645625000003e-05,0.09573745875,279.33310500000005,401.74757281553394
2021-07-28 20:00:00,19.175893145969926,2.2500380589328506,72.94032223639876,412.7976,330.97139999999996,257.0496,281.50075,1.8947466666666664,0.00252166666666665,0.0007,0.0017,0.0145433333333333,0.0324983333333333,50.166666666666664,211.98046875,216.833984375,100966.375,-3.9685982e-07,0.0,256.454135,318.8475368572456
2021-12-25 15:00:00,-23.397584244285124,0.6759116049880823,12.096379194773714,1372.194,1150.8044,460.8468,249.15019166666667,17.669043333333335,0.0011116666666666501,0.0,0.0001,0.019494999999999926,0.0095616666666666,84.13333333333333,563.1953125,1131.9023750000001,101655.521875,-4.6866131e-05,0.99077606875,279.21719375,422.7723840345199
2021-12-22 19:00:00,-23.426039035075107,0.9022004764357893,42.91070703884261,1020.7889,835.5839,551.1057000000001,255.418885,15.733518333333333,0.00116666666666665,0.0001,0.0,0.0201383333333333,0.014873333333333301,83.26666666666667,592.01953125,719.2265625,101100.68062500001,-9.2731791375e-06,0.86961364,278.68054500000005,728.7612369651204
2022-03-03 15:00:00,-7.117229867887649,0.7198347124257373,23.3500279089487,1282.8402999999998,1083.5608,1083.5607,257.47559,11.161926666666666,0.003245,0.0005,0.0002,0.0407883333333333,0.027758333333333274,0.0,1012.99220625,1083.6640625,101358.165625,-4.5756052750000006e-05,0.158889771875,278.03274500000003,1093.0061129090254
2022-03-27 21:00:00,2.296035656487048,3.0636215812163297,77.56553526593758,328.8181333333333,240.21506666666667,173.62293333333332,254.62608888888892,7.032435555555556,0.0005,0.0005,0.0002,0.0062711111111111,0.0267644444444444,38.22222222222222,142.0703125,144.828125,101395.1875,-5.83415405e-07,0.0013961792250000002,271.50888,225.96428143353705
2021-12-03 17:00:00,-21.996945080171198,0.694195064157954,17.818698459576343,1329.7819,1128.451,929.6406000000001,266.569305,12.606776666666665,0.0006,0.0011183333333333,0.0002,0.009019999999999974,0.016953333333333275,21.5,851.82421875,1033.52734375,100976.10250000001,-2.2910273375e-05,0.7014312625,276.5924875,1098.2847896440128
2021-10-26 19:00:00,-12.17831133185726,1.0160613597665653,49.4371086074569,897.5839,759.3115,759.3114,295.28403333333335,5.3947416666666665,0.0006,0.00023166666666665,0.0,0.003309999999999975,0.0077933333333333,0.0,621.96875,629.875,101448.19625000001,-7.202906987500001e-07,0.12249374375000001,267.17995625,725.2409205321826
2022-03-16 12:00:00,-2.0419762587084924,1.4314762774928889,62.521228240344556,645.592,513.7809,362.4911,251.25846666666666,8.585306666666666,0.0015366666666666502,0.0002,0.00033666666666665,0.022684999999999948,0.025621666666666598,100.0,526.81640625,582.97265625,102009.66500000001,-1.2497796125e-05,0.077259063875,272.7011725,400.7443365695793
2021-06-26 17:00:00,23.400584056892775,1.0341309766164817,50.28935638286888,877.1712,781.5635,665.6449,265.38955500000003,1.134905,0.00138166666666665,0.0006116666666666499,0.0042,0.01569666666666665,0.031893333333333274,91.5,703.9706874999999,704.734375,100834.25687499999,-2.2616296e-06,0.159297940625,250.85130125,631.4509169363538
2021-12-26 21:00:00,-23.372473325587706,1.8534227525857698,69.12954390892091,484.5054,361.0911,29.8309,258.0249933333333,13.194921666666666,0.0011,0.0001,0.0002,0.02083166666666665,0.023336666666666624,100.0,147.328125,237.8046875,101576.453125,-1.66637185e-05,0.58283996375,279.16705,313.43941028407045
2021-08-27 13:00:00,10.343443884966485,1.152990807045403,55.04078834983958,795.8695,707.8528,676.1202000000001,292.749875,0.5296033333333333,0.003821666666666625,0.00123166666666665,0.001326666666666625,0.011691666666666625,0.043901666666666624,2.0166666666666666,731.4219,731.7969,101812.64,-1.145031975e-06,0.0,254.0676725,680.1636102121538
2022-02-14 20:00:00,-13.292165303316013,1.1745435791451972,55.7732631862999,776.1404,611.9796,590.3564,261.69337666666667,14.402051666666667,0.001915,0.0012,0.0,0.025436666666666625,0.07721499999999998,0.55,252.515625,488.32421875,101206.5625,-3.1682575125e-05,0.6208381625,280.12266625,551.4527148507731
2021-08-15 19:00:00,14.300516543806014,1.2791541064719008,58.90707248576196,711.6156,611.9996,611.9996,287.79202,1.92739,0.002,0.0005,0.0010833333333333,0.0096,0.03141333333333333,0.0,489.66796875,490.01171875,100810.265625,-8.797506125e-07,0.0,241.8386325,593.61380798274
2021-06-21 17:00:00,23.452046074516133,1.0369957469403392,50.420796990596095,874.4724,769.5309,654.1827,263.87469999999996,1.8134616666666667,0.0012,0.0003,0.0014550000000000001,0.01778499999999995,0.023144999999999975,82.36666666666666,658.0078125,691.9277187499999,101316.165625,-2.0707666875e-06,0.46614073749999996,257.41743875,698.6156058971592
2022-02-21 16:00:00,-10.843653972722851,0.6801161665061147,13.651730929487252,1359.5185,1175.8765,1068.503,259.32173166666666,6.990305,0.0017,0.0007,0.0002,0.0183983333333333,0.02514,35.56666666666666,1072.1484375,1136.1484375,101134.13187499999,-4.8950257375e-05,0.0,267.59463125,1100.307443365696
2021-06-07 14:00:00,22.68170014727632,1.132144056342469,54.29913332478872,802.6572,711.0663,676.3995,263.47091166666667,1.0162283333333333,0.0018,0.00105666666666665,0.0015233333333333,0.012496666666666625,0.03672499999999997,6.816666666666666,694.79296875,717.09569375,101886.859375,-1.6067642875e-06,0.52033615625,244.28648375,687.6968716289105
2021-12-06 15:00:00,-22.402341078636915,0.6718323795468436,10.347410671758857,1377.4601,1163.4586,737.9326,260.16960666666665,15.854215,0.0006,0.0,0.0,0.00567,0.0053,97.93333333333334,761.3359375,1130.91795,101945.109375,-0.0001088049325,0.0696640004375,280.19546375,573.6030204962243
2021-11-30 16:00:00,-21.527774228720276,0.6634733477377528,5.037287440383306,1392.5606,1196.7614,1016.4592,267.25340000000006,9.600908333333333,0.0009,0.0007,0.0001,0.0107,0.01254666666666665,43.0,978.83984375,1132.39455,100765.25,-8.506991125e-06,0.377429965,274.70324750000003,1180.6346637900035
2021-12-14 20:00:00,-23.15892481426692,1.219852781003032,57.21022802372324,746.9679,599.9039,102.03229999999999,256.87135,11.19732,0.0009,0.002604999999999975,0.0002,0.01133,0.018673333333333274,100.0,353.19140625,465.91796875,101053.44437499999,-1.88495616875e-05,0.72666931875,274.64977,621.3052858683926
2021-06-18 15:00:00,23.40001518935459,1.0181609901857547,49.538250528059315,890.3435999999999,769.5547,769.5547,249.70429333333334,2.8758566666666665,0.0015,0.0005,0.0008,0.014219999999999976,0.020586666666666625,0.0,753.34569375,750.3125,101317.265625,-1.5413970625e-06,0.0,261.9853325,766.7062207838906
2021-09-20 17:00:00,1.4140132769246216,0.7739159142238615,31.360772589771116,1176.2016,984.413,605.3441,277.383065,11.576441666666668,0.0060483333333333,0.000298333333333325,0.0007983333333333251,0.04768166666666662,0.022754999999999997,100.0,647.96875,902.94140625,101358.83687500001,-3.9438135125e-05,0.61205673375,277.99955625,870.3829557713052
2022-02-02 20:00:00,-17.052092343725047,1.1442472208113776,54.733837128397354,799.8747000000001,640.3077,59.6554,251.34375666666665,13.961974999999999,0.0018299999999999749,0.0001,0.0,0.016424999999999974,0.028024999999999953,92.0,366.7109375,508.19140625,101240.81,-2.715972825e-05,0.7317886337499999,281.36785,612.7939590075512
2021-10-22 14:00:00,-10.773749884875478,0.7406600715403832,26.83992488198866,1238.2526,1098.9835,1098.9835,274.7359366666667,2.746548333333333,0.000616666666666625,0.001395,0.0001,0.00324499999999995,0.00949,0.0,1094.9140625,1095.2265625,101041.359375,-2.8379436125e-06,0.0,261.84752875,1071.143473570658
2021-08-27 16:00:00,10.343443884966485,0.8043560578763435,34.75750890858936,1129.1144,1029.4141,1029.4141,294.77460833333333,0.5406533333333333,0.005346666666666651,0.0012,0.001835,0.014693333333333326,0.058631666666666624,0.0,966.09375,966.45703125,101219.71875,-1.7437560000000002e-06,0.0,249.10875375,993.3477166486875
2022-03-30 13:00:00,3.4670564910287975,1.0602284714458092,51.4519150565323,867.6671,719.7713,719.7714,251.52622833333334,8.452376666666666,0.000959999999999975,0.00028166666666664997,0.0001,0.01273999999999995,0.0212333333333333,0.0,602.8359375,750.20703125,101592.09375,-2.365413775e-06,0.0,276.16354375,716.7331895001797
2021-09-28 21:00:00,-1.6984268908927718,3.573931331337189,79.36780083052302,334.58820000000003,218.7756,108.756,258.22032,8.658666666666665,0.012230000000000001,0.0008233333333333001,0.0017,0.08525666666666665,0.046766666666666595,63.333333333333336,77.0078125,133.57421875,101198.40875,-1.1714292e-07,0.84269713875,278.65404,212.6105717367853
2022-04-02 18:00:00,4.6279984902454006,0.8844885628412409,41.660836166754,1029.3331,864.0069,864.0069,253.213145,9.2378,0.00119666666666665,0.0005,0.0001,0.014388333333333276,0.039314999999999975,0.0,697.94140625,772.65234375,100359.853125,-4.455505425e-06,0.0910949675,259.446125,831.4437252786767
2022-03-24 13:00:00,1.1175063137884538,1.0391635747343497,50.519614637364924,886.5401,796.1945,796.1944,247.9704483333333,0.7933316666666667,0.0008,0.00215,0.0004,0.0059433333333332745,0.02429999999999995,0.0,764.765625,790.6796875,101479.24312500001,-7.6728174375e-06,0.0,266.94635625,758.1032002876663
2022-03-05 13:00:00,-6.348514071462508,0.9847345594386697,47.856799433458725,938.3716999999999,776.5048,628.1965,257.3973,9.615976666666667,0.00161166666666665,0.0003,0.0001,0.0234933333333333,0.019628333333333324,26.65,718.4296875,821.10546875,101669.03812499999,-7.1112881875e-06,0.004440307500000001,278.64203125,722.2419992808342
2022-01-02 16:00:00,-22.979341669118796,0.6611809616870564,1.6334487174787151,1404.1698999999999,1241.7549,1241.7549999999999,259.689105,3.7530083333333333,0.0004,0.00176666666666665,0.0001,0.0039266666666666495,0.019231666666666626,0.0,1184.0117500000001,1195.5937,100764.525,-6.227468875e-05,0.0,265.37048125,1226.5012585400937
2021-08-12 15:00:00,15.21124284412728,0.890535758041423,42.09656351241341,1020.9690999999999,872.6677,785.7139,271.50726833333334,4.807811666666667,0.0043,0.0008366666666666501,0.001298333333333325,0.027096666666666623,0.051951666666666646,26.799999999999997,801.3671875,860.2909999999999,101325.15,-1.286622125e-06,0.0,262.41254875,781.3843941028407
2021-07-25 18:00:00,19.835145474903577,1.0991445522950458,53.052068020270454,827.327,686.1658,198.6529,272.40742666666665,7.496065,0.00141,0.0004,0.001498333333333325,0.017456666666666624,0.04258999999999995,100.0,374.72265625,594.25390625,101327.43125,-1.14380961875e-06,0.9200134375,264.7274625,391.1021215390147
2022-01-11 13:00:00,-21.928159652146032,0.8797943725937288,41.3158399910346,1048.9996,866.0771,731.656,254.25367,11.009134999999999,0.0029,0.0001,0.0002,0.0432433333333333,0.029816666666666623,31.700000000000003,716.1875,909.9140625,101877.6,-6.44307275e-05,0.19864654375000002,278.99191125000004,847.3193096008629
2022-03-10 20:00:00,-4.403703272840077,1.322286709334112,60.028773175852066,683.8465,539.4707999999999,356.0568,256.94255499999997,13.012375,0.001303333333333325,0.00027166666666665,0.0001,0.0235133333333333,0.0171,97.8,256.95703125,415.8984375,100963.9975,-1.365435275e-06,0.76729201875,277.31317,113.72168284789643
2021-06-13 16:00:00,23.175556231549724,0.9799235321612838,47.60152864474259,923.8399,830.6066000000001,830.6067,250.13503833333334,0.6135583333333333,0.0032,0.001,0.00300166666666665,0.02151666666666665,0.05110333333333333,0.0,779.937525,780.24024375,101586.2875,-2.1485029375e-06,0.0,239.34868125,817.0622078389068
2021-07-21 20:00:00,20.636710882632716,2.3678649212542138,73.81476307427418,394.3016,307.613,303.1431,264.21957166666664,4.057348333333334,0.0011,0.0003,0.0006,0.0060583333333333,0.01548,0.8666666666666667,197.8984375,198.291015625,101708.55625,-4.042813075e-07,0.0,259.99852375,291.82308522114346
2022-02-14 14:00:00,-13.292165303316013,0.7793384478568031,32.00927469454352,1188.0378,997.1367,956.5162,261.0874766666667,11.273230000000002,0.0016983333333333,0.001649999999999975,0.0,0.021701666666666626,0.059486666666666625,7.383333333333333,952.5429875,1015.65623125,101507.8125,-0.00010638477625,0.0246353150625,280.4486225,960.5843221862639
2021-05-31 12:00:00,21.80461176025619,2.2016062714785316,72.55245105664521,422.531,355.1367,289.1469,259.3461066666666,0.6004966666666667,0.001339999999999975,0.000393333333333325,0.002561666666666625,0.011853333333333299,0.019001666666666625,39.916666666666664,407.53125,408.46875,102631.9375,-8.996285125e-07,0.0,253.55328875,318.32434376123695
2021-10-11 18:00:00,-6.713437096439046,0.8382625533753123,37.97122957927348,1089.01,935.1457,935.1457,264.64644499999997,5.001251666666667,0.002901666666666625,0.002,0.001784999999999975,0.0187183333333333,0.02423666666666665,0.0,801.05859375,823.0625,100831.275,-1.9366561625e-06,0.0,271.0613125,935.6526429341961
2021-07-15 13:00:00,21.663912209970434,1.4709735266179274,63.3194041170419,625.6876,523.6127,387.80920000000003,275.01856833333335,2.5535216666666667,0.001804999999999975,0.000653333333333325,0.001,0.0141133333333333,0.029554999999999974,57.81666666666666,539.0078,553.68163125,101738.05625,-1.2573145625e-06,0.0,264.7170525,495.6130888169723
2021-09-24 20:00:00,-0.14039254123672726,1.6344538451301356,66.16817594834912,556.5953999999999,431.9676,431.9676,274.39684666666665,5.81816,0.00665,0.0020883333333333,0.0011,0.042788333333333324,0.0433033333333333,0.0,284.1171875,310.19921875,101455.60250000001,-2.56903695e-06,0.0,274.28706999999997,437.1269327580007
2022-01-19 13:00:00,-20.507774526977382,0.8932539697085123,42.2893241743816,1033.2491,850.2187,469.37780000000004,253.54002666666668,12.564494999999999,0.0023,0.0002,0.0,0.03465166666666662,0.02682666666666665,99.33333333333333,321.84375,877.73046875,102004.90625,-7.8878395e-05,0.9180107125,280.64273000000003,590.5267889248471
2021-06-14 16:00:00,23.234160110071496,0.9809863455644314,47.65822582936164,922.9057,828.8383,828.8383,246.69165333333333,1.0742316666666667,0.0013,0.0002,0.00165166666666665,0.014411666666666649,0.02,0.0,776.51953125,776.83203125,101591.171875,-2.2889871625e-06,0.22354889,246.79313624999998,819.8669543329737
2021-05-15 12:00:00,18.67362357896368,1.9761979028027676,70.48272890690261,467.6251,386.7953,349.8854,250.57284833333333,1.73485,0.001253333333333325,0.00034666666666665,0.001498333333333325,0.0086333333333333,0.024939999999999976,9.116666666666667,434.66015625,437.8203125,102104.65,-1.27922975e-06,0.008125305,266.43875625,355.2588996763754
2021-08-20 20:00:00,12.708712404038568,1.9256894196211443,69.9483344489916,475.60970000000003,391.4106,391.4106,264.39607333333333,1.0782983333333334,0.0033483333333333247,0.00154166666666665,0.0012,0.014389999999999976,0.06649166666666662,0.0,266.47265625,269.4472625,101030.47125,-3.5599806500000003e-07,0.0,245.86485,374.98381877022655
2021-08-05 12:00:00,17.191569488467835,2.094727529755916,71.62969168164446,448.19800000000004,357.5238,234.8365,277.16495,2.58431,0.003063333333333325,0.000933333333333325,0.001078333333333325,0.0112433333333333,0.0357633333333333,47.13333333333333,392.2578125,408.57421875,102665.078125,-7.5580612499999995e-06,0.0,272.2035075,432.0262495505214
2021-08-16 14:00:00,13.989313624567798,0.9865186488260989,47.950570246940096,925.1188,818.7342,818.7343000000001,289.1245666666667,1.531125,0.00282499999999995,0.001584999999999975,0.001849999999999975,0.01527166666666665,0.03713999999999998,0.0,822.0820249999999,822.4199375000001,101614.78812499999,-1.8977153124999999e-06,0.0,258.16655625,802.6159654800431
2021-10-14 18:00:00,-7.8442141660105555,0.8334358508519099,37.543753593185244,1095.7926,984.4914,984.4914,271.58225333333337,1.6513833333333332,0.0007,0.001178333333333325,0.000205,0.004193333333333325,0.0145633333333333,0.0,856.21484375,858.8828125,99866.396875,-1.8236751e-06,0.0,245.40483875,949.0471053577849
2022-02-04 11:00:00,-16.470550440292612,2.0734388269604636,71.43390500026409,435.4201,316.09799999999996,215.56310000000002,264.97042166666665,8.723406666666666,0.0009,0.0032599999999999747,0.0001,0.011761666666666625,0.1026183333333333,82.21666666666667,315.7890625,394.37890625,101677.34125,-4.7824403749999994e-05,0.033153534125,280.77746875,300.111470693995
2022-02-10 12:00:00,-14.613878629738002,1.2691046900618266,58.63279008713055,724.2442,583.1699,413.359,260.55219,8.582953333333334,0.0006,0.00372499999999995,0.0,0.006351666666666625,0.053979999999999945,81.43333333333334,473.3125,643.5390625,101529.9225,-7.3190575e-05,0.0,278.85242,475.8306364617044
2021-12-21 21:00:00,-23.419890406297718,1.8961009015965689,69.62116155959889,472.39,348.4136,28.7135,252.89418999999998,15.496828333333333,0.0014,0.0001,0.0,0.022243333333333327,0.016004999999999974,100.0,129.3828125,231.34375,101004.81,-2.835033225e-06,0.34296417375,277.90396250000003,101.5066522833513
2021-10-04 18:00:00,-4.0291293252405,0.8505892875686041,39.023484679116436,1072.0524,956.0246999999999,956.0247999999999,273.8397116666667,1.635485,0.0034899999999999497,0.0019733333333333,0.0012,0.018001666666666624,0.0287833333333333,0.0,822.76171875,838.01953125,100098.390625,-3.2615498125e-06,0.0297660825,245.48101250000002,947.7705861201007
2021-05-17 12:00:00,19.144405595444194,2.00376592498078,70.76233328317912,461.4937,368.7794,183.6441,251.56194999999997,3.432711666666667,0.001128333333333325,0.0009,0.00191,0.00747999999999995,0.018836666666666627,78.58333333333334,387.52734375,423.28515625,102530.46187500001,-1.6655249124999999e-06,0.0,269.22471375,339.6853649766271
2021-07-27 13:00:00,19.401025123164494,1.402018986445848,61.89261785686561,656.6353,558.978,412.9200000000001,275.72024333333337,1.8727349999999998,0.003149999999999975,0.0009,0.0021,0.0163133333333333,0.0322333333333333,64.26666666666667,579.0371250000001,590.656275,101862.96187500001,-1.0064850375e-06,0.0,263.3423,532.5116864437252
2021-05-31 17:00:00,21.80461176025619,1.0111721289435367,49.19935821537832,895.2754,808.7857,673.0525,256.6559183333334,0.7614866666666666,0.001,0.0002,0.0016,0.0088,0.013573333333333324,63.66666666666667,722.14453125,724.4375,101719.603125,-1.7120910125e-06,0.0,243.85970125,680.348795397339
2022-02-04 13:00:00,-16.470550440292612,0.9224168066693907,44.245875284995336,1001.3157,834.8989,661.5001,265.97908,7.994948333333333,0.0009,0.00323666666666665,0.0001,0.01038499999999995,0.08055499999999997,5.1,703.84765625,867.04296875,101481.5,-0.00011742606812500001,0.0,280.84353875,887.0855807263574
2021-08-24 18:00:00,11.375079655697107,0.9665765157775168,46.87434023817318,938.8609,845.6359,845.6358,269.101115,0.80153,0.001998333333333325,0.0006,0.0009,0.011711666666666625,0.03688999999999998,0.0,731.24609375,731.453125,100127.5375,-1.3881945e-06,0.0,240.79357625,821.2081984897518
2021-06-28 19:00:00,23.331758781090016,1.5833000084626339,65.34682508193521,580.495,506.2332,504.6307,267.108095,0.44919333333333333,0.001488333333333325,0.0005,0.0009,0.009749999999999976,0.0309933333333333,1.2,385.8359375,390.65234375,101331.22750000001,-6.75994645e-07,0.0,243.28154375000003,486.96152463142755
2021-10-05 21:00:00,-4.415599318817538,3.3888622970991853,78.77818198778971,347.4128,259.0678,208.5592,267.4706566666666,3.4290333333333334,0.00268,0.0009,0.0007,0.01925,0.0261,27.5,105.76953125,148.2265625,100353.08625,-1.79745254375e-07,1.0,273.7859675,128.554476806904
2021-05-21 15:00:00,20.020752196833463,0.9513313200753214,46.00753248252147,951.7737,851.3223,851.3224,264.84237,1.350435,0.0015383333333333252,0.0003,0.001348333333333325,0.0099133333333333,0.02582999999999995,0.0,825.8359375,826.21875,101360.63375000001,-1.1296360875e-06,0.0,255.0121075,842.9881337648327
2021-12-03 14:00:00,-21.996945080171198,0.7221800609221221,23.777604117665017,1280.3817,1087.0703,939.3652999999999,268.1418683333333,11.397488333333335,0.000568333333333325,0.001634999999999975,0.0001,0.0074,0.015896666666666625,28.916666666666664,787.63671875,1071.1680000000001,101122.79625,-5.68976975e-06,0.031211853,276.26203625,1006.7655519597267
2021-10-23 18:00:00,-11.1291639254225,0.8203014488982447,36.33253074655314,1114.6582,971.7709,654.4282000000001,274.7797166666667,3.6440866666666665,0.0008,0.000393333333333325,0.0003,0.003774999999999975,0.01904166666666665,57.86666666666667,738.28515625,855.82421875,100028.02249999999,-1.3797834625e-06,0.0,255.0397325,891.051779935275
2021-10-19 13:00:00,-9.692013480165492,0.8665810043516147,40.31120511307352,1057.574,916.3986,916.3987999999999,275.43851166666667,3.7793299999999994,0.001064999999999975,0.00229666666666665,0.0001,0.00830999999999995,0.014414999999999975,0.0,863.8554875,940.1640625,101986.384375,-1.7157290124999999e-06,0.0,271.97316,888.9068680330817
2021-10-02 17:00:00,-3.2540993104322586,0.7502022717533637,28.246999604307348,1215.9884,1096.0061,1049.9624,273.38528833333334,1.4748066666666668,0.003815,0.00198,0.002578333333333325,0.023776666666666623,0.036378333333333304,18.28333333333333,997.35546875,1000.453125,100207.359375,-5.4635456625e-06,0.7943802,245.48451125,1069.1298094210715
2021-09-26 20:00:00,-0.9193266638834702,1.6225075178606008,65.9814594130775,560.6167,442.3025,442.3025,263.17815333333334,4.95321,0.0041,0.001264999999999975,0.0009,0.024786666666666627,0.0529583333333333,0.0,298.6953125,314.72265625,101448.0625,-5.8807199875e-07,0.0,267.26306124999996,452.14850773103194
2022-01-27 17:00:00,-18.67182297963725,0.6809742628235964,13.94604201829932,1362.4275,1137.0262,532.2405,263.92905,17.764281666666665,0.003045,0.0,0.0001,0.03580999999999995,0.012621666666666649,100.0,327.1640625,1056.93359375,102062.03812499999,-4.4005137250000003e-05,0.930446625,278.8477375,646.0068320747932
2022-01-15 17:00:00,-21.272709360526417,0.6804917552808721,13.781400842999927,1364.4184,1150.156,960.8599,261.65126000000004,10.143996666666668,0.008283333333333325,0.0002,0.0001,0.0764083333333333,0.025638333333333273,5.8,1052.7421562499999,1097.2890625,101044.4625,-4.6551547625e-05,0.14009857,273.81426250000004,939.066882416397
2021-10-30 18:00:00,-13.53296696505293,0.8112067280965117,35.44924310723839,1128.1685,955.1537,793.0581,277.42633333333333,7.21015,0.004064999999999975,0.0024749999999999998,0.0001,0.030403333333333303,0.0373366666666666,16.45,781.38671875,845.3984375,100993.109375,-3.1536619375e-06,0.12639999125,265.4500425,861.643293779216
2021-11-16 17:00:00,-18.55994333065872,0.7028564976880163,19.899512165708053,1308.7638,1112.3822,745.7405,261.78375,11.046261666666666,0.0016,0.002773333333333325,0.0002,0.016506666666666624,0.02874666666666665,100.0,804.4921875,1020.06253125,100901.27249999999,-1.0182556999999999e-06,0.965251925,272.27695,234.0039554117224
2022-04-19 18:00:00,10.894860095244674,0.9702600435142155,47.07789055449749,935.7259,825.2284,825.2284,240.048925,2.135785,0.0005,0.00111666666666665,0.0002,0.0052583333333333,0.012808333333333324,0.0,710.3359375,721.15234375,100475.953125,-1.44494695e-06,0.17581939900000002,243.84055,795.7695073714491
2021-11-21 14:00:00,-19.758862746599252,0.7202082686368452,23.418810699157653,1281.4638,1091.3075,1033.8799,263.39037333333334,10.019248333333334,0.0011200000000000001,0.0011,0.0002,0.0140633333333333,0.02327499999999995,7.5,1041.714825,1084.6875,101284.09625,-1.3167154875e-06,0.28062438875,271.1093425,1042.2509888529305
2022-02-07 20:00:00,-15.562345168274216,1.1538817102332366,55.07173906520854,792.0047999999999,630.3004,192.6219,256.3785916666667,12.563131666666667,0.0024,0.002398333333333325,0.0001,0.02910999999999995,0.05408833333333332,91.75,346.28125,505.6328125,101452.071875,-3.7997315374999996e-05,0.57706451625,279.47293125,495.9421071556993
2021-10-18 21:00:00,-9.326646848826442,3.061314999408575,77.555993430297,332.8530666666667,245.30093333333335,66.2808,272.6642888888889,5.541033333333334,0.0012155555555555333,0.0005999999999999667,0.0002,0.01034,0.0173,96.57777777777778,119.4375,140.953125,101666.5475,-1.0895892249999999e-06,0.3930587749999999,275.62845999999996,197.1856646290303
2021-10-15 15:00:00,-8.217746934617427,0.6974237802747837,18.62669165523956,1312.8498,1216.9828,1216.9826,276.65842,0.5047316666666667,0.00078166666666665,0.0029033333333333,0.0002,0.003663333333333325,0.0165883333333333,0.0,1129.7069999999999,1161.96875,100737.59375,-2.2275780500000003e-06,0.0,242.58009125,1165.6598345918733
2022-01-02 21:00:00,-22.979341669118796,1.8062335473316926,68.55689017577481,498.6743,386.54159999999996,386.5415,260.576025,7.086138333333333,0.00042,0.002563333333333275,0.0001,0.0053533333333333,0.025901666666666625,0.0,237.19140625,268.04296875,100481.428125,-8.89430525e-06,0.0,269.99969375,382.207838906868
2021-09-14 14:00:00,3.726075309064946,0.8456157682874974,38.60552607489426,1079.373,953.1147000000001,775.7405,275.7398983333334,2.202483333333333,0.002231666666666625,0.00052666666666665,0.0039866666666666245,0.0204833333333333,0.042679999999999954,36.6,928.1328125,955.25,101334.765625,-1.88237755e-06,0.7956009125000001,252.97443625,879.8274002157497
2022-02-02 19:00:00,-17.052092343725047,0.876667718282186,41.08266566479819,1051.6007,866.3752,323.634,251.61342000000002,14.274868333333334,0.0020483333333333248,0.0001,3.1666666666666666e-05,0.018599999999999974,0.02904999999999995,96.5,618.5546875,746.61328125,101183.985,-5.677368875e-05,0.68098448625,282.44820625,518.462783171521
2022-02-24 14:00:00,-9.749847095018675,0.7925946124322677,33.51187583941704,1167.137,985.9202,975.4332,254.20900666666665,9.504308333333334,0.0015,0.00408,0.0001,0.019753333333333324,0.03301999999999998,5.5,988.41795,1001.70310625,101174.11624999999,-4.1505701125e-05,0.073768615625,275.692375,975.710176195613
2021-10-19 14:00:00,-9.692013480165492,0.7453717738317794,27.547488140449875,1229.685,1078.4868999999999,1078.4869,274.93136833333335,3.6946399999999997,0.001289999999999975,0.0022,0.0001,0.0098933333333333,0.01616999999999995,0.0,1064.68755,1075.4921875,101749.60062499999,-2.2179155875e-06,0.0,270.32817250000005,1047.8425026968716
2021-08-28 16:00:00,9.994050798362174,0.8010111599912904,34.410985459702495,1133.9207,1043.8784,1043.8784,288.70361833333334,0.345085,0.00216666666666665,0.001335,0.001,0.008144999999999951,0.032779999999999976,0.0,983.4609375,983.81640625,101612.74312500001,-1.9810686e-06,0.0,239.46452375,1004.5487234807622
2021-10-03 12:00:00,-3.641929609448319,1.2206308575368496,57.23377531947891,750.6034999999999,662.7361,662.7361,278.5159116666667,0.5489066666666667,0.0029233333333333,0.003126666666666625,0.0016599999999999749,0.01730166666666665,0.034591666666666625,0.0,688.19921875,704.609375,101335.96875,-1.86171385e-06,0.0,246.66103875,635.5573534699748
2022-04-03 15:00:00,5.012299701517073,0.7835246731181663,32.49599323280826,1167.8333,1042.2038,1042.2038,250.17963833333334,2.2664483333333334,0.0006,0.001503333333333325,0.0001,0.0055,0.015146666666666624,0.0,1019.3632625,1022.07421875,101217.28125,-3.5004050124999997e-06,0.15134811375,251.44668375,1044.1567781373606
2021-12-29 11:00:00,-23.250401559270067,1.6570529890214187,66.51332161422602,545.5927,420.443,120.0765,257.8383216666667,10.148731666666666,0.00096,0.0006,0.000185,0.0160133333333333,0.0219283333333333,100.0,290.30078125,473.40625,102150.14749999999,-3.575306625e-05,0.0,280.77859374999997,234.7249190938511
2021-10-17 19:00:00,-8.9590730469046,1.036743390785457,50.40925763124942,879.4045,780.7412999999999,780.7412999999999,267.35636999999997,1.4776533333333333,0.0006,0.0004,0.0002,0.00449,0.010664999999999975,0.0,615.6875,637.453125,100180.29000000001,-9.361247012499999e-07,0.334854125,244.59026875,733.5616684645811
2022-02-06 20:00:00,-15.869710715406242,1.1516275210538338,54.99331124169988,793.8109,646.3399000000001,518.7393999999999,256.92813333333334,8.772516666666666,0.0015,0.001003333333333325,0.0,0.015718333333333324,0.03158999999999997,89.3,405.67578125,513.37890625,101535.328125,-4.253268675e-05,0.0,277.359,617.3013304566703
2021-11-21 17:00:00,-19.758862746599252,0.7000494730838928,19.254438942413454,1315.3233,1118.1058,870.7277,262.464745,11.433893333333332,0.001,0.000828333333333325,0.0002,0.0142183333333333,0.02487166666666665,56.41666666666667,958.53125,1028.82421875,100902.05374999999,-1.05207435e-06,0.6161384625,270.86767,855.0197770586119
2022-02-26 13:00:00,-9.008190068387895,0.9680854329886261,46.95799141761738,954.9065,782.2661,601.3196,263.9191883333333,12.105435,0.001973333333333275,0.0002,0.0001,0.0345233333333333,0.01883666666666665,93.2,783.53125,832.80078125,101982.00875000001,-2.766193925e-05,0.011730194375,278.8193375,872.5206760158216
2021-05-29 14:00:00,21.49645869329683,1.1008441760146082,53.118630119129236,824.9407,715.0294,641.8928000000001,261.39482833333335,2.3267983333333335,0.0014,0.0002,0.00407666666666665,0.012284999999999975,0.024831666666666648,60.083333333333336,707.24805625,718.3594,101974.490625,-1.8056598625e-06,0.4177818375,259.79564999999997,685.0251708018698
2021-05-17 20:00:00,19.144405595444194,2.547634824281493,74.98700864834669,362.56600000000003,276.9375,274.1823,249.59316666666666,4.3206050000000005,0.0013,0.0007,0.0018,0.00934,0.02122166666666665,1.9333333333333333,155.4765625,177.8515625,101582.59625,-2.2284803e-07,0.07175445625,270.7499575,249.8561668464581
2022-01-09 12:00:00,-22.213317133126424,1.1399048313861553,54.57920464075788,803.7549,640.1522,185.5131,258.406475,15.411478333333333,0.00085666666666665,0.0009,0.0002,0.0172666666666666,0.028733333333333298,100.0,391.15234375,680.19921875,101781.235,-4.5830122125e-05,0.66769028625,280.6340375,226.35382955771308
2022-01-27 18:00:00,-18.67182297963725,0.7432795997359083,27.236505058897563,1246.0918,1031.8199,393.6476,262.9223083333333,17.763453333333334,0.00295666666666665,0.0,0.0001,0.03259666666666665,0.011338333333333325,100.0,265.42578125,928.375,101923.6625,-4.147991375e-05,0.90245055625,279.165525,591.5102481121899
2021-08-02 19:00:00,17.9726549263364,1.3650778663394165,61.060296787311295,668.7570000000001,543.4816,515.3668,282.23134,5.953250000000001,0.001973333333333325,0.0005,0.003063333333333325,0.018199999999999952,0.0522,5.216666666666667,333.2734375,433.75390625,101698.42874999999,-5.28583775e-07,0.006843567,268.03685625,430.61488673139155
2022-02-18 19:00:00,-11.912220737160919,0.8990950890508004,42.697248406483794,1020.6634999999999,851.1270000000001,747.0802,255.11970000000002,10.721411666666668,0.0006,0.0002,0.0002,0.0086,0.0258383333333333,21.5,606.23828125,726.765625,100887.09375,-4.20005875e-05,0.283584595,278.860075,842.5548363897879
2021-07-08 16:00:00,22.580541066900103,0.9684156643750943,46.976248799489596,936.307,830.101,830.1011,268.82477,1.22626,0.0044133333333333,0.0017633333333333249,0.00215166666666665,0.0291933333333333,0.05410833333333327,0.0,773.23046875,773.54296875,101477.396875,-2.854416375e-06,0.0,258.97971625,785.5447680690398
2021-07-17 14:00:00,21.345575275899424,1.1274494135806472,54.127355652938924,808.994,714.8523,714.8523,268.07341,0.8889050000000001,0.0020133333333333,0.001373333333333325,0.00704166666666665,0.022801666666666623,0.046796666666666625,0.18333333333333332,711.58984375,713.52734375,102093.90625,-1.9536237250000002e-06,0.4445533775,263.96664875,676.5803667745415
2021-09-30 19:00:00,-2.476939456228148,1.0802595119873655,52.2942625518621,842.8856000000001,709.947,414.7309,262.21878833333335,3.696015,0.003448333333333325,0.002329999999999975,0.0012,0.023446666666666626,0.038254999999999977,49.55,465.6875,585.4921875,100091.84625,-1.45251395e-06,0.44860839875,250.87520625000002,296.63070837828116
2021-06-11 13:00:00,23.03792050545629,1.4655985685180666,63.21363940732417,625.046,527.9759,473.70950000000005,260.12841166666664,2.1413233333333332,0.00238666666666665,0.000844999999999975,0.00135,0.0125033333333333,0.030544999999999975,6.333333333333333,528.29296875,554.31055625,102850.775,-1.4972174625e-06,0.0,266.5316075,500.76051779935267
2022-04-18 18:00:00,10.545558035999763,0.9648153666270034,46.776229266114456,941.1153999999999,819.8589,819.8589,237.94220666666666,2.8616650000000003,0.0004,0.000674999999999975,0.0001,0.003786666666666625,0.007763333333333325,0.0,709.05078125,710.81640625,101015.16312499999,-1.2942473249999999e-06,0.0,266.15061249999997,778.1355627472132
2022-01-25 14:00:00,-19.167159414951204,0.7583302554451334,29.3703138929701,1221.6149,1024.0216,682.7285,261.40433333333334,13.069316666666667,0.00130666666666665,0.0,0.0001,0.02274999999999995,0.02657666666666665,78.0,999.191425,1041.214825,101434.2875,-7.446989125e-05,0.0209083555625,279.08566874999997,834.1765551959726
2021-11-30 10:00:00,-21.527774228720276,3.0257182050670557,77.40684667054508,333.1064,232.9592,26.356399999999997,267.4749444444444,9.497504444444443,0.0019733333333333334,0.002191111111111067,0.0001,0.027006666666666634,0.02379999999999997,100.0,288.40625,306.15625,101688.09500000002,-2.01934015e-06,0.37924194499999997,277.620965,257.11854249071075
2021-06-03 15:00:00,22.219372079272322,0.9916516871593009,48.217719549723355,913.2429,808.9775999999999,808.9777,268.94158,1.1851800000000001,0.00414666666666665,0.000965,0.0027,0.023669999999999976,0.0572333333333333,0.0,788.0273374999999,787.265625,101469.259375,-2.46014675e-06,0.0,259.61575,817.7633944624235
2021-12-12 15:00:00,-23.01496090956468,0.6728194306423053,10.798311968656847,1376.6224,1230.4767,1230.4767,264.27968166666665,2.62674,0.0005,0.00335166666666665,0.0001,0.00436999999999995,0.01253499999999995,0.0,1200.1796749999999,1202.3320125,100774.41312499999,-0.00013282965,0.29125595,267.97288875000004,1228.1553398058252
2022-04-14 18:00:00,9.120518783238186,0.9434421758316924,45.542811016243284,962.9456,819.8770999999999,819.8772,241.00914666666665,5.930843333333333,0.0007,0.000258333333333325,0.0003,0.008258333333333326,0.0122,0.0,655.83984375,713.17578125,101200.815,-1.656648225e-06,0.0,271.80960125,797.4919093851132
2021-09-27 21:00:00,-1.3089028703320174,3.6011952263745126,79.44944918590286,332.79380000000003,236.46120000000002,236.46120000000002,259.8029333333333,4.616446666666667,0.00509999999999995,0.00267666666666665,0.0012,0.03273999999999995,0.048106666666666645,0.0,133.5078125,136.16015625,101222.96625,-1.62282961875e-07,0.0,274.88201749999996,233.93024092053219
2021-08-16 13:00:00,13.989313624567798,1.2437889391482373,57.91842439701971,738.9141,642.7188,612.3007,288.65833499999997,1.4557833333333332,0.0024816666666666503,0.001399999999999975,0.00149499999999995,0.013226666666666626,0.032154999999999975,8.8,670.656225,671.009775,101826.446875,-1.3716053375e-06,0.0,258.51319875,625.0647249190938
2021-12-10 13:00:00,-22.840630034428266,0.8374506094706465,37.89995055562644,1102.8423,915.6856,446.2739,253.63562666666667,14.132718333333333,0.001,0.0008183333333333001,0.00014166666666665,0.014003333333333274,0.011329999999999951,100.0,749.26171875,930.2773625,101369.646875,-7.4841693125e-05,0.7298087875,280.62491249999994,621.866235167206
2021-05-17 16:00:00,19.144405595444194,0.9127234872657419,43.61714263195534,991.1733,858.1419000000001,858.1419000000001,251.873645,3.68494,0.001389999999999975,0.0008366666666666501,0.00193666666666665,0.00925,0.02358166666666665,0.0,795.23828125,806.84375,101748.171875,-1.5563273e-06,0.01019668575,269.9857225,825.7461344839985
2021-10-29 18:00:00,-13.199388829168585,0.812456370883267,35.57291591656374,1126.2852,937.4633999999999,633.0561,269.34035,10.968855,0.0031,0.000643333333333325,0.0001,0.033996666666666626,0.0852033333333333,49.61666666666667,714.18359375,836.328125,101095.146875,-8.091039499999999e-06,0.32831954375,275.038675,466.45631067961165
2021-05-08 14:00:00,16.86541417011425,1.0096716065151001,49.12575787726589,899.7818,777.0285,589.7892999999999,243.76808499999999,2.9321616666666666,0.001,0.00040666666666665,0.002168333333333325,0.012214999999999976,0.01865166666666665,85.18333333333334,751.65819375,789.20703125,101634.35062499999,-1.3727985875e-06,0.97478864875,263.35036375,623.9194534340165
2022-04-04 15:00:00,5.39510524901996,0.7863012235465968,32.81244714538554,1163.3378,999.2873,999.2869999999999,243.97147166666664,6.37588,0.001604999999999975,0.00165166666666665,0.000105,0.018531666666666623,0.03191833333333328,0.0,876.16796875,970.23046875,101425.6625,-1.01468174375e-05,0.0,273.52045,982.529665587918
2021-09-23 11:00:00,0.24877954527974486,2.281456688806532,73.18272439917854,405.8743,294.5202,100.43459999999999,278.23024833333335,6.352571666666667,0.0061433333333333,0.00269666666666665,0.0006,0.04526833333333333,0.049678333333333276,100.0,161.1816425,362.8828125,102065.084375,-5.960843e-06,0.99975967375,278.49950624999997,171.55699388709098
2021-10-23 17:00:00,-11.1291639254225,0.7216792860919773,23.687152081093537,1268.9506000000001,1117.7877,986.9892,274.6470483333334,3.5853816666666667,0.0008,0.00041666666666665,0.0003,0.00376666666666665,0.018229999999999975,4.0,959.55078125,1025.44921875,100095.6625,-1.6679696e-06,0.0,251.1700525,1005.039554117224
2021-09-28 11:00:00,-1.6984268908927718,2.1295156021158297,71.94074741283555,432.9567,315.9882,101.7148,259.98211,6.317806666666667,0.007778333333333325,0.001,0.0009,0.06404999999999994,0.03192666666666665,100.0,399.33203125,397.12109375,102066.6875,-1.9227445375e-06,0.0,278.57249375000004,289.5577130528587
2021-09-15 18:00:00,3.343031949961012,0.8937404794225549,42.32362613741412,1017.305,904.3116,904.3116,275.58367666666663,1.5929783333333334,0.003063333333333325,0.0007,0.0016,0.020049999999999974,0.03828499999999997,0.0,767.8613124999999,781.68359375,100591.89749999999,-1.72655565e-06,0.27985,252.370225,888.482560230133
2021-05-05 17:00:00,16.018996635501978,0.917206650310395,43.91047479315565,987.0754,830.0085,813.5291,242.64937333333333,6.148541666666667,0.005313333333333275,0.0013,0.00315,0.0466183333333333,0.05504499999999995,8.783333333333333,745.671875,764.296875,100639.35062499999,-1.54829465e-06,0.10193252500000001,261.816185,639.4066882416397
2021-10-11 20:00:00,-6.713437096439046,1.5389809033198818,64.58627093080224,590.3566999999999,467.7584,467.7584,263.87384833333334,6.529465,0.003673333333333275,0.002,0.0015366666666666502,0.02227499999999995,0.024009999999999976,0.0,325.0625,339.390625,101032.24375,-4.39031285e-07,0.0,277.07105,460.2031643293779
2022-01-07 20:00:00,-22.46938536754984,1.150692744232252,54.960676189881134,797.1649,630.6985,420.4704,262.169135,14.245191666666665,0.00195,0.00111,0.0003,0.0382533333333333,0.0359533333333333,83.61666666666667,397.51171875,508.74609375,101130.46875,-1.3517011749999998e-05,0.76060865,278.73797625,157.31211794318588
2021-09-30 18:00:00,-2.476939456228148,0.8583964949415415,39.66251058681519,1061.6121,916.9866,906.4087,262.10592,3.6158566666666667,0.003293333333333325,0.002044999999999975,0.001128333333333325,0.021208333333333274,0.033716666666666624,0.2,752.15625,807.0,100196.8275,-2.4916370625e-06,0.24153899875,256.8331,772.2743617403811
2021-05-18 19:00:00,19.37175806556018,1.49694312621165,63.818397887230596,608.5509999999999,502.7558,378.2666,250.13470666666666,2.8749666666666664,0.0017383333333333248,0.00084666666666665,0.00302166666666665,0.01488999999999995,0.03513499999999997,100.0,384.39453125,397.70703125,100993.515625,-4.5863271125e-07,0.8827667125,256.3894825,451.7511686443725
2021-10-24 11:00:00,-11.481805530408202,1.6600579955843509,66.55844062774972,550.3153,457.8648,350.67249999999996,289.21434,2.1829216666666666,0.001979999999999975,0.000793333333333325,0.0001,0.0084333333333333,0.009826666666666624,32.58333333333333,432.16796875,504.97265625,102166.985,-4.636763999999999e-06,0.0,273.59540499999997,439.7123336929162
2021-08-21 19:00:00,12.380055548465378,1.2436216377421954,57.913587880827365,731.2609,633.1758,633.1758,261.256615,1.4407583333333336,0.0033,0.001478333333333325,0.001,0.0158,0.04879499999999998,0.0,507.71875,508.0683575,100632.6875,-9.216019025e-07,0.0,241.678965,611.6918374685365
2022-02-03 20:00:00,-16.76379142181507,1.145851980041707,54.79061181092348,798.5321,630.2314,536.995,253.62308166666665,14.551074999999999,0.0013,0.001789999999999975,0.0002,0.015213333333333301,0.119115,24.25,303.65234375,508.6171875,101191.67874999999,-3.4634245875e-05,0.92177961875,281.68419875,635.7874865156418
2022-03-07 12:00:00,-5.574096889266962,1.385096470987599,61.51765995937054,666.8928000000001,523.9203,403.6983,261.6458133333333,11.870605,0.0019133333333333001,0.0009,0.0001,0.028326666666666625,0.023019999999999975,61.91666666666667,592.2734375,592.55859375,101292.546875,-3.401131875e-06,0.40998077499999996,279.07470750000005,511.86084142394816
2022-01-12 16:00:00,-21.774833262915585,0.6616043911730402,2.6215221117813408,1403.8482,1193.6904,1192.5004999999999,254.79463333333334,11.172825,0.00368499999999995,0.0002,0.0001,0.03783499999999995,0.023964999999999976,0.0,1000.328125,1152.9960624999999,101716.64937500001,-0.00010975136124999999,0.024463653625000005,278.1083975,917.7364257461344
2022-04-02 14:00:00,4.6279984902454006,0.8712680163616425,40.67340707223066,1052.4670999999998,888.7546,813.2828999999999,254.74855,8.212616666666666,0.0013,0.001456666666666625,0.0001,0.01524166666666665,0.0353166666666666,9.633333333333333,895.55859375,903.4140625,101216.328125,-6.851827375e-06,0.3449706975,268.79701125,866.2459546925566
2022-04-21 14:00:00,11.584477881689722,0.9371349822736715,45.16291306973679,973.3304,858.4555,699.7966,246.36843666666664,2.0062499999999996,0.00078666666666665,0.0011,0.0002,0.009144999999999976,0.04820499999999997,100.0,848.58984375,863.90625,101379.90375,-2.2162566874999997e-06,0.37311935,260.13716375,735.7784969435454
2022-01-02 18:00:00,-22.979341669118796,0.750358098409828,28.26915191803166,1234.5639999999999,1071.8987000000002,1071.8987000000002,260.35438,5.074738333333333,0.0004,0.002204999999999975,0.0001,0.00400666666666665,0.019466666666666625,0.0,960.0937187499999,975.6835624999999,100493.203125,-4.3555861375e-05,0.0,265.06738125,1070.2624955052138
2021-08-08 14:00:00,16.368880793813542,1.0288246772653546,50.043287425924625,887.1170999999999,775.7869000000001,713.213,272.9355366666666,2.14879,0.0019,0.00084666666666665,0.0019,0.013744999999999976,0.024743333333333277,45.33333333333333,778.4570375000001,778.81640625,101567.828125,-1.38842735e-06,0.0,252.1546325,750.0521395181588
2022-01-23 17:00:00,-19.63879582684111,0.6804269073643173,13.759108269080665,1364.0437,1155.4034,704.2513,262.46799,13.683078333333334,0.00096666666666665,0.0,0.0,0.012608333333333326,0.007609999999999975,60.233333333333334,754.6875,1083.2422187500001,101152.52875,-6.9739471875e-05,0.66164398125,280.08276,464.53793599424665
2021-11-09 19:00:00,-16.652202422289594,0.9852944504230402,47.88627852053156,926.3514,764.8602000000001,310.5555,274.89284999999995,8.675,0.00286166666666665,0.0049666666666666505,0.0004,0.023673333333333275,0.0313183333333333,100.0,534.984375,630.64453125,100979.546875,-2.077809775e-06,0.881858835,273.97859374999996,478.50053937432574
2021-05-21 19:00:00,20.020752196833463,1.5188143511199317,64.22382766192341,600.3202,523.2209,523.2208,262.60485,0.764175,0.0011816666666666499,0.0002,0.001053333333333325,0.00591166666666665,0.025366666666666624,0.0,407.79296875,407.93359375,101056.34375,-4.330067875e-07,0.0,239.14715124999998,492.15749730312837
2022-04-09 20:00:00,7.28344677986025,1.7281321935893068,67.53478141325552,523.1652,417.6719,417.6721,244.86898833333333,5.52389,0.000323333333333325,0.000653333333333325,0.0001,0.0044,0.02300999999999995,0.0,280.70703125,296.9765625,100519.97562499999,-7.0579702e-07,0.48830795250000003,259.89082625000003,395.73175116864434
2022-04-22 16:00:00,11.924612000927205,0.8207468304777025,36.37481283279631,1107.3312999999998,1008.7227,1008.7227,247.72481,1.118865,0.0003,0.0005766666666666499,0.0002,0.00279666666666665,0.0082,0.0,948.9921875,949.54296875,100777.36,-1.8996070125e-06,0.0,246.72617875,968.2308522114347
2021-05-12 12:00:00,17.92843372099769,1.935693033145921,70.05653547788218,476.99490000000003,369.223,242.4601,248.96034333333336,5.3969933333333335,0.0018800000000000002,0.00052,0.0019399999999999752,0.021944999999999975,0.05584666666666663,62.05,427.8203125,434.31640625,101969.4375,-9.82399825e-07,0.0,274.3491375,353.35850413520313
2022-03-12 16:00:00,-3.618856729348031,0.7069229951169081,20.791383137917308,1301.2595000000001,1119.5898,998.94,260.22761,7.656575,0.00213666666666665,0.000528333333333325,0.0001,0.02163499999999995,0.011238333333333326,31.566666666666666,927.9921875,1067.8203125,101163.275,-3.179544125e-05,0.08805847375,275.37267499999996,1106.2927004674577
2022-03-16 18:00:00,-2.0419762587084924,0.8181509781860647,36.127125285760286,1117.6203,943.6223,757.6566,251.40267166666666,9.389523333333335,0.0014550000000000001,0.0002,0.00034833333333332496,0.019961666666666624,0.019254999999999977,91.41666666666667,772.96875,852.20703125,100961.86875,-1.3060926125e-05,0.07146453825,267.2190925,854.8453793599424
2021-09-05 16:00:00,7.112243968801179,0.7755957740205972,31.56392276037871,1172.0043,995.9124999999999,995.9125,269.28824166666664,6.640718333333333,0.008798333333333325,0.002274999999999975,0.001,0.051238333333333275,0.06440999999999998,0.0,903.60546875,951.640625,101276.0475,-2.6180641875e-06,0.011943817249999999,273.9436375,974.8831355627472
2022-02-16 13:00:00,-12.608992829198627,0.9463263650149139,45.714033912028306,976.7284,797.1152,628.2005,264.93845833333336,12.359921666666668,0.0026016666666666497,0.0005,0.0,0.032654999999999976,0.07047999999999997,14.416666666666668,738.5625,847.4609375,102044.75625,-7.659152875e-05,0.0,280.28533749999997,709.2664509169363
2021-07-26 15:00:00,19.62080143004742,0.9572248957161476,46.34738875315416,949.329,817.3835,817.3835,273.10385333333335,3.446838333333333,0.0029,0.0008,0.0011250000000000001,0.01777999999999995,0.030838333333333273,0.0,799.26953125,799.48828125,101605.1275,-1.7278653375e-06,0.0,263.04678625,791.596548004315
2021-12-25 16:00:00,-23.397584244285124,0.661287561215734,1.9305541571398537,1402.9018,1179.1004,522.7061,249.99416,17.68884,0.0011,0.0,0.0001,0.017924999999999976,0.009121666666666625,100.0,580.87109375,1132.535175,101565.13187499999,-4.725635525e-05,0.9992179999999999,279.1749875,330.18158935634665
2021-11-06 16:00:00,-15.761050291893833,0.6715200515651089,10.200344713903714,1369.0228,1196.5677,1041.7115000000001,280.43352999999996,5.402138333333333,0.0013,0.0014333333333333,0.0001,0.01016,0.010228333333333301,91.98333333333333,1037.9882499999999,1112.015575,101046.7025,-9.0667455e-06,0.14765548562500003,272.48920625,1124.1765551959725
2022-04-11 15:00:00,8.025071516006154,0.8070114407219315,35.028441197535905,1131.0387,1040.6957,1040.6959,250.73714833333332,0.58595,0.0003,0.0011,0.0001,0.002634999999999975,0.0108733333333333,0.0,1004.15625,1000.74609375,100960.40875,-3.0643132125e-06,0.0,248.33487374999999,1009.9964041711614
2022-03-21 13:00:00,-0.06592403700579391,1.0294282404770179,50.07144901908485,895.5033000000001,733.9129,403.0415,247.371975,10.695516666666666,0.0015533333333333,0.0003,0.0001,0.0228166666666666,0.04735999999999997,93.73333333333333,503.19921875,764.1796875,101617.615625,-2.068313175e-05,0.0,279.06879375,532.4829198130169
2021-09-16 15:00:00,2.958950114236246,0.7611102976906591,29.740278219296084,1197.3552,1035.695,940.2698,277.7979816666667,5.25645,0.0031499999999999497,0.0003,0.0013416666666666499,0.022753333333333275,0.030438333333333276,95.6,984.1328125,1008.859375,101473.02437500001,-2.5686168125e-06,0.848537425,269.19889624999996,1043.383674937073
2021-06-05 14:00:00,22.46364309335607,1.125901250844744,54.07031184728608,806.9742,700.7175,699.5264,265.9895183333333,1.9668066666666664,0.00128666666666665,0.0002,0.00168999999999995,0.01259,0.04873499999999995,0.0,669.38671875,703.421875,101612.15,-2.2101448625e-06,0.0,246.15829000000002,686.70801869831
2021-12-24 18:00:00,-23.41488559973962,0.7566238141574475,29.139742506680278,1222.5722,1014.6574999999999,828.8039,249.05675166666666,16.836248333333334,0.002098333333333325,0.0,0.0,0.02814666666666665,0.00758,36.45,652.4140625,911.234375,100952.959375,-4.4753833125e-05,0.58864594875,280.30985,621.4131607335491
2021-07-09 17:00:00,22.46883222892618,1.0115893429301974,49.21976921838561,897.1015,805.8651,805.8649,264.1568316666667,0.77926,0.002009999999999975,0.0006,0.001783333333333325,0.0160033333333333,0.03326333333333327,0.0,727.6640625,727.98828125,101329.43062500001,-2.20758375e-06,0.0,240.67919625,776.183027687882
2021-05-27 19:00:00,21.163504364849103,1.5567030994560203,64.89616496700633,586.7628,462.4619,113.4417,258.84021333333334,9.177175,0.0013416666666666499,0.0002,0.003304999999999975,0.0172983333333333,0.042158333333333325,100.0,251.05078125,365.05859375,100827.33687500001,-5.921465362499999e-07,0.8628883375,267.84579375,336.3052858683926
2021-06-20 14:00:00,23.441610939803866,1.1596287310651914,55.269975916706215,784.6467,690.4481,559.8487,260.43010499999997,0.966,0.002589999999999975,0.00071166666666665,0.002264999999999975,0.0264866666666666,0.04280166666666663,75.66666666666667,695.83984375,696.6992250000001,101794.0475,-1.807085925e-06,0.354236605,256.39670375000003,650.0880978065444
2021-12-15 11:00:00,-23.219423861684025,1.5688332846893875,65.10379933219497,579.4221,445.3621,317.0604,260.58675500000004,11.518406666666667,0.0016,0.0011899999999999999,0.0002,0.0223433333333333,0.0310933333333333,50.38333333333333,324.2109375,499.78125,101810.81,-1.8187070750000002e-05,0.45275498750000004,280.78993125,459.4857964760877
2021-12-05 21:00:00,-22.274409999983057,2.0833264286601265,71.52536416182905,426.19140000000004,307.7746,26.2211,256.73273666666665,16.344128333333334,0.0024,0.0002,0.0001,0.020856666666666624,0.017705,100.0,79.171875,190.86328125,101932.0625,-1.0886753549999999e-05,1.0,279.80719375,142.8443006112909
2022-03-28 20:00:00,2.6873378451490937,1.531953716525799,64.46118209962272,589.0093,491.6844,491.68449999999996,258.53555,2.7003033333333333,0.0003,0.0,0.0001,0.0032,0.0074999999999999,0.0,356.9375,359.44921875,101051.94375,-1.0411895625e-06,0.010143280000000001,260.11200125,469.1621718806185
2021-07-22 17:00:00,20.444836636669194,0.9723535263503703,47.192591383117424,933.162,806.1383,806.1383,261.468715,3.0141183333333332,0.0022,0.0007,0.0011,0.016768333333333323,0.024403333333333298,0.0,734.33984375,734.671875,101746.5625,-2.086686425e-06,0.0,255.5011,780.9349154980222
2022-03-01 14:00:00,-7.879351793739763,0.800193710252728,34.325390452628035,1155.2268,959.6405,838.9544,252.53864166666665,14.56875,0.00198666666666665,0.0002,0.0001,0.0294283333333333,0.0203083333333333,97.25,312.06640625,966.59376875,102089.55625,-4.8842106875e-05,1.0,279.43499875000003,973.0312837108953
2021-07-22 20:00:00,20.444836636669194,2.350748439612709,73.69341348660774,396.88120000000004,307.3401,303.8147,261.3881866666667,3.444703333333333,0.0024,0.0006,0.001,0.017421666666666648,0.024445,0.4666666666666667,202.548828125,202.771484375,101597.39125,-4.0204032500000003e-07,0.0,251.14198000000002,295.30384753685723
2022-02-11 15:00:00,-14.289328586144947,0.698075858799911,18.78492035001135,1327.5072,1145.7236,1145.1505,262.22746166666667,7.137313333333333,0.001,0.001493333333333325,0.0,0.009738333333333325,0.038296666666666604,0.0,1030.2383,1129.0663875,101159.65625,-0.0001488098325,0.0,278.69851875,1130.3200287666307
2021-10-30 16:00:00,-13.53296696505293,0.6760963415384438,12.169252168306283,1357.7566,1172.0228,1172.0228,278.0726016666667,6.725648333333334,0.004,0.0025833333333333246,0.0001,0.029694999999999975,0.036739999999999974,0.0,1052.9765625,1122.2070625000001,101221.009375,-5.97961475e-06,0.19114303624999998,265.51210625,1013.9931679252068
2022-02-15 14:00:00,-12.952338884611105,0.7805624688353245,32.15280911137179,1186.1028,997.689,997.689,266.24564333333336,10.840718333333333,0.001565,0.00058666666666665,3.8333333333333334e-05,0.020034999999999976,0.04844166666666665,0.0,980.96484375,1021.3788875,101892.134375,-0.0001108651625,0.00040054321249999997,278.72616875,1055.9151384394102
2022-04-06 14:00:00,6.155857075258399,0.8835610906359351,41.59314797049797,1036.5522,855.24,828.8923,234.82524999999998,11.815356666666666,0.002669999999999975,0.0015,0.0003,0.0404133333333333,0.09226999999999998,7.15,811.24609375,871.046875,101602.06937499999,-3.4655095625e-06,0.71350861,276.01791625,849.9011147069399
2022-01-31 13:00:00,-17.61341714283341,0.914855577135708,43.757198816870904,1009.3572999999999,837.2685,393.4336,250.82003666666665,11.87113,0.0007,0.0002,0.00025166666666665,0.0092883333333333,0.020611666666666625,98.0,168.6796875,852.015625,101790.09375,-3.6596845e-05,0.042846679625,278.40216875,529.9514563106795
2021-09-29 14:00:00,-2.08780417253818,0.7920839914763961,33.45602077650487,1153.6061,987.9825000000001,915.8137,261.718835,5.343251666666666,0.006474999999999975,0.0011,0.0009,0.04173666666666662,0.03293166666666665,9.366666666666667,950.3632625,984.96095625,101430.96187500001,-2.874934575e-06,0.010173797625000001,276.04195,956.2081984897518
2021-06-06 16:00:00,22.575969425671758,0.9691367357286546,47.01605233952266,933.7008000000001,824.2454,824.2454,263.37955166666666,1.7217,0.00312,0.0009,0.00137666666666665,0.017099999999999997,0.043714999999999976,0.0,765.29296875,767.8886875000001,101194.10250000001,-2.0614825e-06,0.0,246.89659875,829.5577130528586
2021-10-04 15:00:00,-4.0291293252405,0.7163589182448703,22.697064640189037,1275.5019,1138.7413999999999,1138.7413999999999,276.7010783333333,2.233175,0.00397,0.001883333333333325,0.0013299999999999749,0.0217316666666666,0.0298,0.0,1095.9257625,1108.6640625,100785.134375,-6.175978325e-06,0.0,261.00018875,1139.1585760517798
2021-10-02 18:00:00,-3.2540993104322586,0.8544179130325525,39.33940652357863,1066.902,955.5642,904.5565,273.3627266666667,1.3209916666666666,0.0033683333333333,0.00177499999999995,0.0023683333333333247,0.02117999999999995,0.035874999999999976,11.25,832.73046875,836.72265625,100068.07125000001,-3.881345025000001e-06,0.7588615624999999,246.5969025,938.816972312118
2022-03-04 15:00:00,-6.733640141580796,0.7212632247882226,23.611657069313438,1279.993,1083.1157,1083.1156,256.1820816666667,10.969516666666667,0.002773333333333325,0.0005,0.0002,0.03443499999999995,0.026931666666666652,0.0,1012.51953125,1075.859325,101203.61624999999,-1.6698410125000003e-05,0.0704574575,277.83148124999997,1075.9079467817332
2022-01-10 14:00:00,-22.074343173490874,0.7455190796920127,27.569196507334162,1242.5861,1038.5576,767.0732,249.91971666666666,12.419486666666668,0.00327,0.0003,0.000309999999999975,0.050181666666666624,0.03264666666666665,67.18333333333334,792.33984375,1044.9765625,101798.759375,-0.00011607634937499999,0.38995361125,284.7088625,933.212873067242
2022-01-17 13:00:00,-20.903602854067646,0.8898139899475729,42.04506060363704,1037.2006000000001,862.1734,763.2695,257.70129833333334,11.810736666666667,0.000738333333333325,0.0005183333333332999,0.0,0.007961666666666626,0.02005999999999995,45.266666666666666,811.66015625,892.47265625,101373.45375,-5.64768275e-05,0.06921386725,278.2971825,853.2020855807264
2022-01-21 13:00:00,-20.08592570514902,0.8967411839721448,42.533879320570904,1029.2892,851.9596,715.1291,262.214975,12.830931666666666,0.0011,0.0,0.0,0.01306,0.00794999999999995,6.300000000000001,798.4453125,892.09375,101577.9375,-8.397264375e-05,0.7287673775,279.8096,880.2319309600863
2021-08-15 20:00:00,14.300516543806014,1.9861845543799639,70.58496924433805,462.26180000000005,376.9885,370.7979,287.4313333333333,2.0302100000000003,0.001915,0.0005,0.0009466666666666499,0.009533333333333324,0.030736666666666624,2.466666666666667,255.66796875,255.953125,100813.55562500001,-3.9572478125e-07,0.0,241.492,378.0744336569579
2021-06-18 16:00:00,23.40001518935459,0.9839782803132447,47.81690510595357,920.3697,795.4816000000001,795.4815,250.32976833333333,3.073,0.0015,0.0005,0.0008,0.014531666666666625,0.020083333333333276,0.0,753.1757749999999,750.38868125,101117.96875,-1.5711411875e-06,0.0,263.13533,804.3869111830277
2022-03-15 16:00:00,-2.43683372683265,0.7126147436749327,21.96571245756496,1289.681,1110.5833,1055.8334,252.95705,8.078496666666666,0.0007,0.0001,0.0001,0.008919999999999949,0.015299999999999975,5.216666666666667,1039.61328125,1077.2539375000001,101695.61812500001,-2.3747154125e-05,0.4708099375,266.6566625,1038.6695433297375
2022-02-28 21:00:00,-8.257657921815415,2.090007983810042,71.58665048531347,424.7231,307.873,28.341,260.180415,11.381796666666666,0.002698333333333325,0.0003,0.0001,0.037974999999999974,0.028763333333333325,100.0,187.69921875,206.46484375,101032.4975,-1.18571916375e-06,0.43821335625,277.81930625,263.54728514922687
2022-03-06 14:00:00,-5.961962845709774,0.8085659535162468,35.18538514857494,1142.2373,950.5595000000001,794.6917,261.13505,13.73889,0.001664999999999975,0.0003,0.0001,0.027579999999999976,0.020591666666666626,88.95,959.5117,985.22658125,101286.234375,-5.600857625e-06,0.9554710375,271.43133750000004,796.9507371449118
2022-01-03 14:00:00,-22.89242968405637,0.740122802022648,26.75756365371299,1251.6184,1073.6034,958.3062,255.43176333333332,7.41537,0.000915,0.0014,0.0002,0.01294,0.01959499999999995,58.983333333333334,1016.1679875,1073.4140750000001,101441.90625,-3.750799875e-05,0.056518555,275.0813,1062.7472132326502
2021-09-03 13:00:00,7.845917462718833,1.0986714398955841,53.03349257944156,834.3527,691.8778,536.6123,268.98691166666663,4.969315,0.006693333333333275,0.001029999999999975,0.0008,0.0408833333333333,0.0530033333333333,34.28333333333333,584.865225,723.31836875,101975.640625,-2.3211177750000003e-06,0.0,277.34581875000003,672.1574973031284
2022-03-29 16:00:00,3.077709846778854,0.7448690250140342,27.473214478300548,1228.3866,1091.9498,1091.9498,254.73815,2.672128333333333,0.0005,0.000575,0.0001,0.004809999999999975,0.011108333333333324,0.0,1048.3319999999999,1048.9218437499999,100695.69,-5.2247487375e-06,0.0,254.32060875,1051.9597267170082
2022-02-21 12:00:00,-10.843653972722851,1.3186215404314157,59.93679539630956,698.9358,561.5009,268.8499,259.7365733333333,6.4803500000000005,0.0018,0.000873333333333325,0.0003,0.0315033333333333,0.047478333333333324,91.18333333333334,542.3671875,627.796875,101658.85250000001,-2.2445019375e-05,0.0,277.02644375,531.1344839985616
2022-02-12 19:00:00,-13.960779933652848,0.8878971708992837,41.90762520889857,1035.5161,859.5689,417.7559,258.63082833333334,11.289076666666666,0.0016,0.00034666666666665,0.0,0.016229999999999974,0.04118833333333327,100.0,532.71484375,738.08984375,101310.765625,-6.0380656375e-05,0.5750770625,279.745865,700.828838547285
2021-10-12 18:00:00,-7.091951953457417,0.8366256369725114,37.8272688752058,1091.3016,957.9364,957.9365,265.20353666666665,2.65017,0.002665,0.002416666666666625,0.0002,0.014186666666666601,0.016853333333333276,0.0,833.8671875,841.38671875,100198.93125,-2.5386689249999998e-06,0.0,253.36928375,941.603739661992
2021-12-29 16:00:00,-23.250401559270067,0.6611965017608035,1.6800414014589329,1403.6768,1200.5921,1140.7568999999999,258.25848,11.113949999999999,0.0008,0.0005,0.0002,0.0108583333333333,0.020449999999999975,59.9,1098.839825,1151.9882499999999,101467.30374999999,-0.0001387694775,0.01739120525,279.83896125,1239.0507011866234
2022-03-27 20:00:00,2.296035656487048,1.5177053083909087,64.20358351673585,594.5177,476.1713,476.17139999999995,254.72393499999998,6.87121,0.0005,0.0005,0.0002,0.006153333333333325,0.029148333333333276,0.0,349.2265625,352.8203125,101255.640625,-2.9601215124999997e-06,0.10119628961249999,267.94557375,457.2384034519957
2021-07-17 13:00:00,21.345575275899424,1.461641050759022,63.1352052934651,629.7457,545.0681,481.30760000000004,268.006805,0.78702,0.00172499999999995,0.001253333333333325,0.005813333333333325,0.019294999999999975,0.040068333333333275,28.4,570.5527374999999,572.0449249999999,102255.865625,-1.4354009375e-06,0.45134353625,262.80815625,508.91765551959725
2021-12-19 15:00:00,-23.384169426366487,0.6743557161254801,11.462862750629553,1374.6188,1172.9578000000001,879.5326,258.066885,10.691163333333334,0.002146666666666625,0.0001,0.0,0.022171666666666624,0.0096533333333333,19.849999999999998,1089.0078250000001,1149.9492375,101431.42125,-1.1042371375e-05,0.34812926875,273.1289675,1189.2089176555196
2021-10-21 20:00:00,-10.415677747676234,1.4857568273783803,63.605861000320125,610.6251,501.8962,455.7801,273.41145,3.650228333333333,0.0008,0.00164166666666665,0.0001,0.00475666666666665,0.0170083333333333,8.9,370.9375,374.2578125,100582.859375,-5.3358962875e-07,0.06499099696249999,268.4891125,475.0755124056095
2021-05-25 19:00:00,20.80622616311848,1.545022270761381,64.69279947670702,590.8444000000001,485.53630000000004,485.53630000000004,261.174145,3.7817133333333333,0.0008,0.0001,0.001089999999999975,0.00721,0.0266833333333333,0.0,378.9609375,381.23828125,101204.390625,-5.068432075e-07,0.0,246.57394625,453.4088457389428
2021-05-12 14:00:00,17.92843372099769,1.0276859336724815,49.99003312855763,883.6898,737.7121999999999,737.7121999999999,249.38767166666668,5.713683333333334,0.0034866666666665998,0.0010983333333333,0.0015166666666666501,0.03641499999999995,0.0709733333333333,0.0,740.1796875,754.7246250000001,101621.96625,-1.4217221125000002e-06,0.00040054321249999997,271.93528749999996,719.1819489392306
2021-07-01 13:00:00,23.177188441312605,1.5067087059062725,64.00105124692158,610.0541,526.9736,525.7434000000001,259.71197333333333,0.44843999999999995,0.003626666666666625,0.0004,0.00246166666666665,0.02527499999999995,0.05002999999999995,0.0,564.4921875,564.8496,102128.896875,-1.31625165e-06,0.0,248.99897,504.376123696512
2022-04-13 14:00:00,8.757757177857268,0.9071163229599093,43.24391306639479,1007.5913,919.4102,919.4102,247.34036833333332,0.58417,0.0005,0.00100166666666665,0.000383333333333325,0.004988333333333275,0.018508333333333276,0.0,879.45703125,902.13671875,101470.84125,-1.9008585e-06,0.0,254.88896749999998,872.6357425386551
2021-07-11 20:00:00,22.225977219521173,2.5387754576779105,74.9332723041718,370.1433,284.6552,250.5602,258.1294416666667,3.7700316666666667,0.001593333333333325,0.0003,0.0009,0.012501666666666625,0.019700000000000002,23.78333333333333,181.90625,182.248046875,100866.75,-5.3440452e-07,0.03491210975,250.4567325,274.185544768069
2021-11-23 21:00:00,-20.196769243998993,2.2746883132196896,73.13109681403662,388.6222,261.7086,21.8745,253.60811333333334,16.947376666666667,0.0044183333333333,0.001709999999999975,0.0003,0.06064333333333327,0.05747833333333328,100.0,98.890625,167.6875,101359.92874999999,-1.15084985e-05,0.88035201875,279.706335,66.84645810859402
2022-01-05 21:00:00,-22.69589488082858,1.7905182456309923,68.35896189249763,503.5513,379.4167,43.5143,257.51296333333335,13.645579999999999,0.001,0.0005,0.0002,0.01286666666666665,0.018703333333333325,100.0,204.640625,257.453125,101312.44625000001,-5.51142145e-06,0.19009018125,278.65305250000006,184.39230492628553
2022-01-11 21:00:00,-21.928159652146032,1.7673447248468925,68.06016370857591,510.7908,373.374,42.4426,250.97107499999998,13.108463333333333,0.0042733333333333,0.0001,0.0002,0.056656666666666654,0.035736666666666625,95.8,186.72265625,261.8671875,101477.725,-1.8947525375e-05,0.5075493,279.71670625,228.9697950377562
2021-05-16 15:00:00,18.911668338477188,0.9333064176239743,44.928560793654455,970.37,867.9304999999999,867.9304999999999,254.82736999999997,1.4087,0.0014533333333333251,0.0012,0.004353333333333325,0.009491666666666626,0.0284033333333333,0.0,836.3456874999999,836.55078125,101587.69625000001,-1.8244609124999999e-06,0.0,255.03573125,830.0251708018698
2022-01-25 16:00:00,-19.167159414951204,0.663793528360397,5.341827431271476,1398.6738,1187.5376999999999,1021.2082,261.75357833333334,12.798169999999999,0.0014,0.0,0.0001,0.0233083333333333,0.026674999999999977,91.06666666666666,1106.5937,1149.0351249999999,101146.82125000001,-7.560322500000001e-05,0.0136566165,278.12930500000004,1175.7749011147068
2021-10-04 16:00:00,-4.0291293252405,0.7071449419946484,20.83872048225034,1291.3443,1157.5295999999998,1157.5297,275.71171833333335,2.073785,0.0039,0.00199,0.0013,0.020698333333333277,0.02970166666666665,0.0,1075.734325,1095.6132625,100515.74312500001,-5.6099961875e-06,0.0,256.79587625,1155.3398058252426
2021-08-26 12:00:00,10.690138206932069,1.7080326941320985,67.25532293914515,544.0252,467.20029999999997,433.8762,279.148135,0.29006499999999996,0.0033499999999999997,0.0007,0.001033333333333325,0.0161066666666666,0.043613333333333296,18.333333333333332,518.8769625,523.28711875,101782.02437500001,-7.050111875e-07,0.0,254.13434875000002,455.67062207838904
2022-02-12 17:00:00,-13.960779933652848,0.6882782986257346,16.215487762697286,1344.3094,1145.4928,905.979,259.85654999999997,10.782615,0.0016,0.0003,0.0,0.015719999999999974,0.03790999999999998,100.0,947.859375,1068.90625,101458.30562500001,-0.00011187512125,0.27212524875,280.06430625,1158.5329018338725
2021-06-13 15:00:00,23.175556231549724,1.0123094336154634,49.25494330270871,895.1425,802.4266,802.4266,250.92446333333334,0.6186333333333334,0.003268333333333325,0.001,0.0031,0.0216983333333333,0.0512,0.0,780.5663999999999,780.86328125,101768.66312499999,-2.0752777000000003e-06,0.0,242.96704,787.5638259618842
2022-03-08 14:00:00,-5.185025855076702,0.8121534989606353,35.54301096443559,1136.7307,944.9539,510.7944,259.72802333333334,13.452396666666667,0.001635,0.0003,0.0001,0.03567333333333327,0.022899999999999948,100.0,756.6484375,960.9921875,101668.48375,-1.2400298125000001e-05,0.99472426875,276.27102875,592.4829198130169
2021-10-17 16:00:00,-8.9590730469046,0.6885132245019342,16.282612640023498,1329.7128,1216.6778,995.9886,267.36528,1.3324216666666666,0.0007,0.0003,0.0002,0.00497666666666665,0.010888333333333274,43.41666666666667,1113.7890625,1141.1328250000001,100562.796875,-1.9468134625e-06,0.5800056499999999,244.3930775,977.188061848256
2022-03-01 15:00:00,-7.879351793739763,0.7170863519544756,22.835709238074987,1288.3542,1082.1291,1000.4506,253.19476833333334,14.427043333333334,0.0019,0.0002,0.0001,0.0273683333333333,0.01999499999999995,74.76666666666667,503.6796875,1065.5430000000001,101873.91500000001,-4.4026441375e-05,0.99729919375,279.76093125,977.1934555915138
2022-03-09 13:00:00,-4.794858618214097,0.9949310573215145,48.386376758313794,928.3639000000001,764.1809,764.1809,253.89485333333334,10.26562,0.0018216666666666498,0.0003,0.0002,0.03151999999999995,0.018683333333333302,0.0,730.4140625,805.58984375,101493.4125,-5.6062416875e-06,0.0,279.007075,688.5041352031643
2021-05-17 14:00:00,19.144405595444194,1.0501381559839231,51.01153142279213,864.5759,740.0208,738.7834,252.68876,3.5552116666666667,0.00135166666666665,0.001,0.0020933333333333247,0.009129999999999975,0.024001666666666626,0.0,735.9453125,745.546875,102209.703125,-1.4159304875000002e-06,0.0,271.1705,700.262495505214
2022-01-29 16:00:00,-18.153621876160354,0.665026438237861,6.378301158344435,1395.615,1188.879,942.1173,255.65373166666666,12.303249999999998,0.0011,0.0005,0.0001,0.013189999999999976,0.021619999999999976,55.849999999999994,852.109375,1135.1366874999999,101131.61812500001,-0.00011567303,0.25279998875,283.4294425,1089.3006112909025
2022-04-10 12:00:00,7.655330656380791,1.594231199740022,65.52722564370616,578.5581,473.2515,442.913,246.61026166666664,3.518091666666667,0.000384999999999975,0.0011,0.0001,0.005219999999999975,0.03370499999999995,5.316666666666666,517.6171875,527.55078125,101389.78812499999,-2.1281885e-06,0.0,274.03074875,466.4473211075153
2021-11-03 14:00:00,-14.83025116777634,0.7271210425090371,24.646865284981306,1264.5436,1104.1692,1102.1405,275.72467166666667,4.7725349999999995,0.000709999999999975,0.001588333333333325,0.0001,0.004936666666666625,0.0100283333333333,0.0,1051.546875,1081.390575,101136.634375,-2.2683816375e-06,0.062751769375,273.290245,910.5789284430061
2021-12-18 10:00:00,-23.35461933037622,3.265492404169937,78.34725070457468,344.9812,242.52659999999997,138.31560000000002,260.96618666666666,11.33618333333333,0.0018,0.0004,0.0,0.0244433333333333,0.0169866666666666,64.26666666666665,259.6171875,313.140625,102248.63187499999,-3.836903425e-06,0.5556907687499999,278.655125,194.83998561668463
2022-04-16 11:00:00,9.838422368291791,3.5102259448633144,79.17198607522245,345.3958,282.01419999999996,145.50959999999998,245.90474,1.0809199999999999,0.0005,0.0004,0.0004,0.005386666666666651,0.01,50.166666666666664,312.53515625,345.5546875,101855.009375,-1.6783887875000001e-06,0.0,271.50851250000005,259.6943545487235
2021-09-02 18:00:00,8.209666695702609,0.9335694478745161,44.94475356488423,972.4461,838.2763,838.2764,273.7678183333333,2.9679816666666667,0.0042,0.0008,0.0005,0.02505666666666665,0.0331,0.0,729.1894687500001,734.38671875,100831.71875,-2.3801403625e-06,0.0,256.50259125,801.7098166127292
2021-05-28 19:00:00,21.333052559931044,1.5621595681537912,64.99000670609674,584.8883,480.9076,329.9365,265.223765,4.035356666666666,0.0006933333333333,0.0001,0.000575,0.00524166666666665,0.01467999999999995,58.766666666666666,342.8125,371.60546875,100992.7525,-7.89237675e-07,0.0,255.0087775,506.0967277957569
2021-08-21 12:00:00,12.380055548465378,1.7969827996240253,68.44083238464599,518.4485999999999,427.6728,343.5512,260.47788,2.1036433333333333,0.0023633333333332998,0.000783333333333325,0.0008100000000000001,0.0130266666666666,0.0324033333333333,12.5,474.58984375,475.0175875,101981.77437500001,-2.6758061625e-06,0.0,271.149685,403.77562028047464
2022-02-04 20:00:00,-16.470550440292612,1.1476152512976163,54.85276586547125,797.0743,648.4149,647.6279999999999,267.03999166666665,8.279251666666667,0.0010383333333333251,0.00465666666666665,0.0001,0.0093,0.055958333333333325,0.0,426.41796875,520.86328125,100620.77875,-5.9436512125e-05,0.47715758750000004,280.48296375,638.3351312477525
2022-02-08 17:00:00,-15.250505772288365,0.6855791087462156,15.420398119034168,1350.7447,1148.5737,1099.5124,262.18313333333333,11.07437,0.00177166666666665,0.0027,0.0,0.02005,0.043666666666666645,34.81666666666666,952.9921875,1075.3984062499999,101478.7475,-0.00011436501275000001,0.22812653125,281.21881875,1049.7518878101403
2022-01-30 12:00:00,-17.886215231561284,1.2216349739991226,57.264109854883884,750.7265,602.347,80.6802,261.328795,9.077855,0.001614999999999975,0.000838333333333325,0.000398333333333325,0.0206933333333333,0.0517966666666666,100.0,600.859375,658.1796875,101512.41312499999,-6.3316750875e-05,0.0,279.98035,181.96691837468535
2021-08-07 17:00:00,16.64759119582359,0.91310701397177,43.6424111085218,993.2968,893.6360999999999,868.0123,275.0100316666667,1.0188466666666667,0.0022,0.001,0.0032300000000000002,0.00995,0.0519433333333333,17.78333333333333,815.6699375000001,816.41015625,101053.828125,-1.411332025e-06,0.35946655125000004,241.11766624999998,858.1625314635023
2022-02-20 20:00:00,-11.202805231933917,1.1995750769714497,56.58347927253503,758.2116,611.261,514.2191,256.1663,10.2641,0.0011,0.001,0.0001,0.015756666666666627,0.02960999999999995,36.05,387.234375,484.3515625,100826.8275,-1.4919933675e-05,0.60211181875,272.52948625,611.4940668824164
2022-01-18 14:00:00,-20.70898601338795,0.7521210971760048,28.518045967748773,1231.7068,1030.7917,803.2413,264.36149,13.313466666666667,0.0013800000000000002,0.00069166666666665,0.0,0.0241733333333333,0.04342,99.33333333333333,868.1640625,1047.96875,101464.8375,-0.000112684530625,0.99784850625,277.9436,659.3149946062567
2022-04-12 12:00:00,8.392577575298015,1.6105242969468903,65.79110446181924,572.6198999999999,502.1146,502.1146,251.971005,0.49296166666666663,0.0004,0.0001,0.0003,0.0031,0.0131483333333333,0.0,460.95703125,543.63671875,101669.43062500001,-2.6744382999999998e-06,0.0,267.38662625,465.11506652283356
2021-07-03 17:00:00,23.040179273357914,1.0245071669834218,49.840526848811194,885.6774,788.0336,788.0336,265.30385333333334,1.000125,0.0025,0.00089166666666665,0.003229999999999975,0.0201483333333333,0.05143999999999995,0.0,710.66796875,711.01953125,101420.46875,-2.86230355e-06,0.0072021484,242.46748125,767.3013304566701
2021-08-10 12:00:00,15.798447655414824,2.001967049424216,70.74433773390741,467.9302,385.1935,279.7657,273.736495,1.238305,0.0028,0.0007,0.002979999999999975,0.0231533333333333,0.03669166666666662,100.0,436.5625,441.0859375,102078.91500000001,-1.0112998875e-06,0.30707931625,267.36399375,348.9428263214671
2021-10-10 21:00:00,-6.333474705121404,3.2610124751465213,78.3309758637187,356.9528,277.12739999999997,277.12739999999997,267.33495000000005,2.0358866666666664,0.00266,0.00035666666666665,0.0018833333333333,0.01661999999999995,0.02509999999999995,0.0,156.4140625,160.8125,100364.9825,-2.6944326999999996e-07,0.0,244.60369125,258.9248471772744
2021-06-22 19:00:00,23.455568693844302,1.6016125105299799,65.64750483748061,573.7416000000001,474.4317,342.7365,263.00627166666663,2.5471666666666666,0.00141,0.0003,0.003006666666666625,0.019414999999999974,0.030388333333333302,43.33333333333333,368.91796875,369.2890625,100967.19375,-1.1609226725e-06,0.669635765,251.76728625,371.9147788565264
2021-08-27 20:00:00,10.343443884966485,1.8503808736815675,69.09357555040116,493.6135,411.0818,405.4962,294.48868333333337,0.6643233333333334,0.0055,0.001128333333333325,0.001645,0.0151,0.0601,2.4,285.34375,285.69140625,100863.05374999999,-3.285822425e-07,0.0,239.58741375,393.3135562747213
2021-10-22 12:00:00,-10.773749884875478,1.103704953305453,53.230073468864056,830.023,713.1297999999999,711.1956,275.7525866666667,2.7328433333333333,0.000863333333333325,0.00183999999999995,0.0001,0.005066666666666625,0.010289999999999975,0.0,759.0703125,759.4140625,101484.10062499999,-1.5558616750000002e-06,0.0,264.987255,675.1312477526069
2022-02-12 18:00:00,-13.960779933652848,0.7520339018480369,28.50581019684245,1227.5648,1036.6659,751.1552,258.99424666666664,11.103175,0.0016,0.0003,0.0,0.015929999999999975,0.03893166666666665,100.0,760.58203125,933.50390625,101370.36875,-8.82288025e-05,0.41554260374999996,280.461735,967.6555195972671
2021-07-13 18:00:00,21.957530533506088,1.149983579563187,54.93587363080345,791.6750999999999,652.8821,370.7142,265.3736916666667,7.188095000000001,0.002959999999999975,0.0007,0.001,0.026478333333333326,0.0324183333333333,100.0,490.9453125,564.57421875,100976.05374999999,-1.8936698499999999e-06,0.108039855625,263.4548075,316.17044228694715
2021-08-13 14:00:00,14.911569018678192,1.0024728951078299,48.76843388436153,910.417,790.9725000000001,789.7096,274.61765,2.5189700000000004,0.0019450000000000001,0.000273333333333325,0.001533333333333325,0.017374999999999974,0.028334999999999975,0.0,793.478525,793.8379,101769.696875,-1.37815365e-06,0.080440521125,264.36723375,789.599065084502
2022-03-25 11:00:00,1.5110235864182393,2.91971727925019,76.94061120212149,359.11026666666663,260.3002666666667,33.43613333333334,250.12037777777778,8.301731111111112,0.0007,0.0006,0.0002,0.008993333333333266,0.05254,95.35555555555555,221.96875,330.90625,101846.315,-1.3698008500000002e-05,0.0,279.785235,223.56637728806012
2021-12-04 16:00:00,-22.13925604196169,0.6628760141381844,4.412536775828755,1394.9064,1179.0058,882.5073,262.15353166666665,15.400461666666667,0.0008,0.0006,0.0001,0.0121083333333333,0.015169999999999951,69.23333333333333,529.19921875,1099.578175,101686.021875,-0.000108795356,0.37711715749999997,280.19394250000005,1053.1499460625673
2021-12-16 11:00:00,-23.272224064091127,1.5737896727370075,65.18761836187015,577.3897999999999,442.41769999999997,133.3897,258.41925000000003,13.29998,0.0016,0.001035,0.0002,0.02010499999999995,0.0226083333333333,100.0,324.25,493.63671875,101984.1875,-1.8918304249999998e-05,0.7448844625,279.30420125,282.2527867673499
2021-11-03 19:00:00,-14.83025116777634,0.99832829887761,48.55946844951738,913.8643999999999,774.715,600.0606,273.70395,5.17865,0.00078666666666665,0.001893333333333325,0.0001,0.0048399999999999745,0.00992999999999995,20.116666666666667,563.91796875,634.34375,100242.27249999999,-7.5035495625e-07,0.50890350625,264.17712375,769.566702624955
2022-01-01 15:00:00,-23.058629169260467,0.6779475655097652,12.87502368617097,1368.6586,1204.0364,1204.0362,258.09450333333336,4.351063333333333,0.0003,0.0011,0.0001,0.003478333333333325,0.012165,0.0,1167.3203125,1179.3398625,100974.828125,-8.719542725e-05,0.4957428,270.59054375,1191.190219345559
2021-10-21 14:00:00,-10.415677747676234,0.7421683962900619,27.06927346961424,1235.4852,1128.7361999999998,1128.7363,276.54578000000004,1.1274033333333333,0.0007,0.0014933333333333,0.0001,0.003869999999999975,0.015474999999999975,0.0,1105.3867500000001,1105.71875,101250.91312499999,-3.536144525e-06,0.0,259.18006125,1096.7277957569218
2021-08-18 20:00:00,13.355994618466495,1.9491996869246746,70.20074876114802,470.3159,381.8055,381.8054,270.711355,1.2800833333333332,0.002704999999999975,0.00090666666666665,0.001525,0.015656666666666652,0.08500666666666662,0.0,265.91015625,266.16796875,100928.83499999999,-3.9226142249999997e-07,0.0,242.51733875,371.4742898238044
2021-09-29 13:00:00,-2.08780417253818,0.9388646224863405,45.26785038469048,974.4522,818.6441,594.0166,262.20629333333335,5.4194233333333335,0.00665,0.0011,0.00095166666666665,0.04682333333333327,0.03540499999999998,57.15,721.90234375,842.12890625,101692.334375,-2.17658815e-06,0.0,277.564965,764.4696152463142
2022-03-14 20:00:00,-2.83133541238714,1.3606653252450494,60.95739721557339,663.9597,526.8758,103.0279,251.234645,11.830718333333333,0.0007,0.0006183333333333249,0.0002,0.0104783333333333,0.022181666666666624,94.31666666666666,288.81640625,405.6328125,101452.34375,-6.9187080124999995e-06,0.52685165,272.58150625,295.4710535778497
2022-02-14 16:00:00,-13.292165303316013,0.6738180028447772,11.235021850099832,1374.2395,1167.3022,1095.8519999999999,261.35232333333335,11.890428333333332,0.0017,0.0014399999999999999,0.0,0.021918333333333276,0.06034999999999995,21.816666666666666,1079.3633,1127.0819999999999,101279.53375,-0.00012076590875,0.0967674275,280.1365075,1255.070118662352
2021-11-30 17:00:00,-21.527774228720276,0.6955653695377888,18.166780526033953,1326.3038999999999,1135.0462,1051.8526,267.27670333333333,9.646066666666666,0.0009,0.0007916666666666501,0.0001,0.0107,0.012799999999999999,13.799999999999999,975.4140625,1042.2734687500001,100618.890625,-7.75055375e-06,0.22895050125,274.39492375,1103.2380438691118
2021-10-16 11:00:00,-8.589403018842617,1.7590684919433754,67.95138724568851,519.7910999999999,420.13849999999996,254.6918,272.622015,3.485828333333333,0.0011116666666666501,0.0022,0.0002,0.0060666666666666005,0.01232,46.4,421.55859375,486.01171875,102106.38125,-1.0858057e-06,0.0,273.09207875000004,348.3387270765911
2021-10-04 20:00:00,-4.0291293252405,1.5769759295572505,65.24119420156764,576.4977,494.8962,494.8962,272.2878833333333,0.8386133333333333,0.002351666666666625,0.0012583333333333249,0.0011,0.013416666666666625,0.0253883333333333,0.0,333.69140625,341.25390625,100453.35062499999,-7.620256225e-07,0.0,256.75513875,471.77633944624233
2022-02-18 14:00:00,-11.912220737160919,0.7843618199531152,32.59193007734521,1180.1049,999.347,745.213,256.08154,10.006691666666667,0.000755,0.0002,0.0002,0.010146666666666599,0.021473333333333275,66.06666666666666,901.41796875,1004.875,101525.125,-7.605008375e-05,0.061477659125,279.7349875,941.0158216468894
2021-05-20 19:00:00,19.810005539497073,1.5117196889680953,64.09375066235883,602.9585,506.1084,506.1084,256.6253,2.4764383333333333,0.0010266666666666501,0.0002,0.00219166666666665,0.009849999999999975,0.017208333333333298,0.0,395.75,396.88671875,100732.9225,-4.8725634e-07,0.297504425,249.87196,473.8025889967637
2022-01-28 17:00:00,-18.415527261388707,0.6811805464432675,14.015781075278483,1361.8582000000001,1146.0698,935.7312999999999,262.73017833333336,16.122471666666666,0.001318333333333325,0.0001,0.0,0.012661666666666625,0.007394999999999975,84.05,920.86328125,1073.8203125,101106.109375,-0.000115061584375,0.007839202875,281.33587750000004,1085.4674577490111
2021-05-29 12:00:00,21.49645869329683,2.1735991543064577,72.31987092896223,427.5748,344.5446,200.3667,261.89721166666664,2.1900766666666667,0.001278333333333325,0.0002,0.004335,0.012038333333333325,0.024395,98.93333333333334,367.00390625,397.72265625,102203.11624999999,-7.67467975e-07,0.61872101125,261.838745,301.49946062567426
2022-02-18 16:00:00,-11.912220737160919,0.6772070019244267,12.597817489369849,1366.2613999999999,1171.3843,1170.3247999999999,255.80169166666667,10.030078333333334,0.0007,0.0002,0.0002,0.008944999999999974,0.022046666666666652,0.0,952.54296875,1114.671825,101201.265625,-9.139047875e-05,0.03729629625,280.52682250000004,1072.0801869830996
2022-02-19 13:00:00,-11.559033782461245,0.9526467530407853,46.08392083791255,970.3634999999999,814.6284,814.6284,253.8520683333333,7.206918333333333,0.000864999999999975,0.00183666666666665,0.0001,0.01182,0.032929999999999945,0.0,802.6171875,855.4609375,101186.09375,-5.8017468749999994e-05,0.0,278.14065750000003,797.687882056814
2022-02-03 12:00:00,-16.76379142181507,1.2386254661474034,57.76843217983489,740.9382,591.2255,279.4281,256.74748166666666,9.722555,0.0013,0.0015,0.0001,0.01583499999999995,0.07010166666666665,99.13333333333333,486.4609375,646.265625,101662.525,-7.320148875e-05,0.0,279.98818625,393.07263574253864
2021-05-28 17:00:00,21.333052559931044,1.0029580626436543,48.79273903117543,902.4473,772.2558,604.9067,265.54006666666663,4.689778333333333,0.0004,0.0001,0.0003,0.00267666666666665,0.011039999999999975,47.45,559.14453125,697.62890625,100974.74375,-1.3662211e-06,0.0,260.0931675,800.9295217547644
2021-06-23 12:00:00,23.45217923065783,2.4481498197675826,74.36039373524329,383.7906,289.5814,182.8415,265.0518,5.32779,0.001865,0.00033499999999997497,0.00115166666666665,0.026403333333333275,0.021631666666666625,67.78333333333333,330.44921875,348.19140625,101611.853125,-9.872019125e-07,0.9653053125,259.8131475,281.3268608414239
2022-01-20 18:00:00,-20.300057321192305,0.7432038037307203,27.225144085057284,1247.1204,1052.1482,408.7363,256.407005,12.732216666666668,0.000689999999999975,0.0001,0.0,0.009644999999999975,0.00845666666666665,83.96666666666667,755.16015625,947.7890625,101376.55374999999,-9.097703125e-05,0.13297653375000001,279.85367499999995,454.93707299532537
2021-05-22 13:00:00,20.225817502480506,1.3513480715808377,60.737569155814136,675.7789,597.9094,586.7414,266.02427166666666,0.70242,0.0008,0.0003,0.0009,0.00636499999999995,0.015226666666666624,0.2,624.8417875,628.24609375,101733.315,-8.0041355e-07,0.0,236.5205275,562.0586120100683
2022-02-21 19:00:00,-10.843653972722851,0.9060620753516447,43.17293220950342,1011.8142,849.9519,782.9427000000001,258.2636816666667,7.886615,0.001525,0.00115166666666665,0.0002,0.0169116666666666,0.02416666666666665,11.95,688.1953125,735.0703125,100779.5,-2.2633030749999997e-05,0.0046043395,267.6419975,847.1395181589356
2021-09-15 20:00:00,3.343031949961012,1.6924051797321202,67.03304772959909,537.9158,445.7127,170.7831,274.72778666666665,1.8036599999999998,0.00279666666666665,0.00053166666666665,0.00149166666666665,0.01873499999999995,0.034843333333333296,100.0,298.3828125,309.3515625,100612.42874999999,-5.55039155e-07,0.31115341125,241.96795125,396.7367853290183
2022-01-28 16:00:00,-18.415527261388707,0.6646880849692698,6.111690058421284,1396.4546,1177.8572,945.2511999999999,262.8585333333333,16.040255000000002,0.0014,0.0,0.0,0.01302499999999995,0.00752333333333325,64.7,863.83984375,1134.3866874999999,101256.796875,-0.0001183487175,0.0,280.89285625,755.9115426105717
2021-11-24 21:00:00,-20.40639665128032,2.25710603852392,72.99546915727679,391.7282,283.5018,23.7062,263.20282499999996,12.737953333333333,0.001379999999999975,0.001018333333333325,0.0001,0.013814999999999949,0.01936999999999995,100.0,83.18359375,173.75,100955.2475,-1.6867532874999998e-05,0.995098125,278.43251250000003,12.829917295936712
2021-09-13 20:00:00,4.107991960456648,1.706447195791701,67.23297386528516,533.587,428.1295,56.8552,279.100955,2.7225449999999998,0.0032,0.0007,0.0025766666666666247,0.024366666666666627,0.049181666666666624,100.0,281.21484375,299.44140625,100402.29625,-4.9700613e-07,0.98881913125,250.80109625,260.5933117583603
2021-07-10 15:00:00,22.35062859666447,1.0037182853360131,48.830758088204654,904.657,806.1934,806.1934,260.66650500000003,0.88855,0.0028033333333333252,0.00080166666666665,0.006753333333333325,0.0281533333333333,0.04820666666666663,0.0,786.8574375000001,785.88475625,101607.39,-2.95430075e-06,0.0,239.07452,778.5203164329378
2021-08-11 12:00:00,15.506898185987577,1.9831900369006568,70.55442711383209,472.1377,369.0034,224.1003,274.3256983333333,3.707785,0.004034999999999975,0.00129999999999995,0.001578333333333325,0.03029166666666665,0.031076666666666652,38.9,418.0019625,430.50390625,102046.63375000001,-9.5035648125e-07,0.38087463,269.13090625,363.60481841064365
2022-03-21 15:00:00,-0.06592403700579391,0.7516569922542083,28.452831814424773,1222.4154,1035.121,1001.8936,248.75037,10.145703333333334,0.001905,0.0003,0.0001,0.025031666666666626,0.05004499999999995,14.166666666666664,894.66015625,1013.625,101247.78125,-3.2638461124999995e-05,0.0,277.74648875,1026.7529665587917
2021-09-08 12:00:00,5.997602243167686,1.5007963400491442,63.890785627275605,615.0861,530.3346,429.50440000000003,273.953745,0.82143,0.0025983333333333,0.0015849999999999749,0.001949999999999975,0.016939999999999976,0.0359183333333333,24.983333333333334,548.07421875,571.41796875,101835.66312499999,-9.423238250000001e-07,0.79869460625,258.156525,489.53434016540814
2021-06-25 15:00:00,23.424679586459934,1.020722938366989,49.66089486581499,888.6262,799.0332999999999,794.0555999999999,276.717335,0.7448683333333334,0.0015,0.0009,0.0022,0.01384666666666665,0.028101666666666626,0.4666666666666667,766.08203125,772.4277187499999,101441.40875,-2.3139e-06,0.34949493625000005,248.98325125,775.3110391945343
2021-12-16 20:00:00,-23.272224064091127,1.212324851902876,56.98051827983076,752.1196,597.8811000000001,154.61169999999998,254.6140883333333,14.391091666666666,0.0015,0.0004,0.0001,0.01523499999999995,0.01432999999999995,92.03333333333333,259.72265625,465.74609375,101284.34625,-1.3620127124999999e-05,0.71995925625,278.1576725,109.7339086659475
2021-12-17 10:00:00,-23.317297340193075,3.2424688175550274,78.26312117925133,347.2414,243.2006,147.62619999999998,256.3907333333333,13.498586666666668,0.0016,0.0004,0.0001,0.02173666666666665,0.0161,75.16666666666666,216.57421875,310.3046875,102177.31,-9.6394503125e-06,0.0,279.09155,223.91226177633945
2022-02-04 21:00:00,-16.470550440292612,1.7959229777627157,68.42745380436645,500.48810000000003,380.79269999999997,367.11199999999997,266.725325,7.870811666666667,0.0011,0.0048216666666666495,0.0001,0.009626666666666624,0.057749999999999975,2.933333333333333,224.66796875,262.11328125,100673.646875,-2.572376965e-05,0.5460128625,279.13086375,369.297015462064
2022-02-18 18:00:00,-11.912220737160919,0.7590290626026619,29.463963573197525,1214.2167,1029.915,1029.9151,255.677895,10.35573,0.000688333333333325,0.0002,0.0002,0.008666666666666649,0.0238166666666666,0.0,810.421875,923.703125,100953.603125,-6.455724025e-05,0.14490509125,279.9638925,1023.1499460625673
2021-08-08 18:00:00,16.368880793813542,1.034791928673611,50.319768811880266,877.5128,770.0853,720.6546,272.365395,1.9368033333333334,0.00179666666666665,0.00116666666666665,0.0016,0.012684999999999974,0.0259833333333333,29.833333333333332,664.63671875,664.9921875,100911.4125,-1.1224765125e-06,0.0,242.14774,736.6091334052498
2021-10-01 17:00:00,-2.8657367511039054,0.7519491931728695,28.49391603957137,1212.9364,1018.3473999999999,552.9682,265.60751500000003,9.523299999999999,0.008570000000000001,0.001425,0.0019,0.06557499999999998,0.045261666666666624,79.81666666666666,780.89453125,938.08203125,100819.1,-1.49581464375e-05,0.2229423525,278.25595,540.0773103200288
2021-11-03 16:00:00,-14.83025116777634,0.6733225236091925,11.020630262956251,1364.4941,1199.4092,1199.4091,274.69986833333337,4.65404,0.0006,0.0016,0.0001,0.004018333333333325,0.009255,0.0,1059.1405937499999,1119.3438,100676.02437500001,-1.78269695e-06,0.38675308375,263.43915749999996,1183.1355627472133
2021-09-21 19:00:00,1.0260736532584147,1.1075935527363978,53.38037650637425,821.3831,662.8216,360.8927,275.9880933333333,12.04904,0.004713333333333325,0.00038166666666665,0.0008,0.0316933333333333,0.023271666666666625,96.06666666666666,363.37109375,535.93359375,101507.178125,-6.2726905125e-06,0.6951942375,278.00913,561.8770226537216
2021-07-30 12:00:00,18.709874177214118,2.2005421883042895,72.54372814244205,427.5685,339.2857,212.69819999999999,283.63795666666664,2.5560883333333333,0.00215166666666665,0.000658333333333325,0.002446666666666625,0.014709999999999975,0.02880999999999995,60.78333333333333,393.796875,400.65234375,102162.8375,-9.3082234375e-07,0.4064140325,262.37993,316.93994965839624
2021-10-16 19:00:00,-8.589403018842617,1.0391110932283045,50.517228861599826,877.3621,777.1977999999999,777.1976999999999,271.0230266666667,1.5501166666666666,0.0007,0.00098166666666665,0.0002,0.0042,0.013171666666666651,0.0,617.5703125,636.4375,100173.2475,-1.0103394975e-06,0.0,244.4604325,732.0981661272923
2021-07-11 12:00:00,22.225977219521173,2.4384013618560783,74.2961345872656,386.7995,298.0046,194.34890000000001,258.22096500000004,3.5343166666666663,0.001689999999999975,0.00042166666666665,0.0025449999999999752,0.015781666666666624,0.028201666666666625,100.0,309.09375,352.97265625,102347.935,-2.5046883625e-06,0.6238288875,271.5409175,267.64473211075153
2022-04-21 17:00:00,11.584477881689722,0.8580880306098445,39.637645528242764,1058.4219,932.8737,932.8734999999999,247.539885,2.4069416666666665,0.00088166666666665,0.0014149999999999749,0.0002,0.009573333333333324,0.04720333333333328,0.0,843.453125,853.546875,100659.52249999999,-1.9071739875e-06,0.371585845,252.71058,907.1377202445163
2021-12-28 18:00:00,-23.298866337354657,0.7536799946319397,28.735520064488252,1228.2227,1027.1589000000001,890.3267,252.84400166666666,13.935475,0.00137666666666665,0.0001,0.0001,0.025394999999999973,0.025799999999999976,65.9,819.87109375,927.62890625,101373.75,-7.977968125e-05,0.7640228375,280.4566975,950.7047824523552
2022-04-16 17:00:00,9.838422368291791,0.8377993647226514,37.9305979897792,1085.1474,952.2419,952.2417,244.56257499999998,3.0588683333333333,0.0005,0.0003,0.0003,0.0055583333333333,0.008406666666666625,0.0,867.80859375,882.8203125,100623.735,-1.756649e-06,0.0,250.73566375000001,946.7457749011147
2021-12-15 16:00:00,-23.219423861684025,0.6617922123285173,2.9556277042619756,1399.91,1189.5304999999998,1119.943,260.449625,12.53856833333333,0.0019,0.00093,0.0002,0.0226,0.026649999999999976,54.96666666666667,944.1484375,1133.1523750000001,101394.9,-4.96516875e-05,0.23210907,278.6978675,1215.7209636821287
2021-11-21 21:00:00,-19.758862746599252,2.3107162230811222,73.40227290848163,382.4483,276.1614,85.7984,259.2615016666667,13.48531,0.0008,0.0005200000000000001,0.0001,0.01172666666666665,0.019001666666666625,100.0,123.53125,165.12109375,101217.203125,-9.371142325000001e-07,0.621135725,276.76578125000003,80.56454512765191
2021-11-08 16:00:00,-16.35975054890701,0.6704407627683628,9.674009516739757,1371.8056000000001,1216.4969999999998,1216.4969999999998,278.25336000000004,3.123285,0.0013433333333333,0.0037,0.0002,0.00915999999999995,0.0147733333333333,0.0,1112.453075,1138.8359500000001,100845.15,-4.12316875e-06,0.06349945125,266.21092625,1209.52894642215
2021-11-02 14:00:00,-14.511719037234068,0.7279454150752616,24.78798460548256,1262.8374,1085.0452,1071.274,271.0844216666667,7.3677,0.00223,0.0011733333333333248,0.0001,0.017329999999999974,0.015169999999999951,0.13333333333333333,1021.39841875,1074.5390750000001,101454.64749999999,-2.306187475e-06,0.175704958125,272.9019125,1096.2064005753325
2022-03-13 16:00:00,-3.2253778251555234,0.7087733891643977,21.182056187985722,1297.4675,1111.4822,984.1974,253.19283666666666,9.379575,0.0009,0.0004,2e-05,0.012593333333333324,0.01183499999999995,10.483333333333333,984.6875,1066.359375,101386.70375,-4.6222965e-05,0.0883102415,272.504755,1165.203164329378
2021-08-16 12:00:00,13.989313624567798,1.889297106494521,69.54437988723596,494.3827,413.0365,400.9673,288.1921033333333,1.3804400000000001,0.002148333333333325,0.00121666666666665,0.001139999999999975,0.01117166666666665,0.027169999999999975,3.2,462.97265,463.3027375,102001.74312500001,-8.0800965e-07,0.0,258.5979125,395.07011866235166
2022-02-14 11:00:00,-13.292165303316013,2.22385844035511,72.73285931607904,408.29449999999997,288.3695,211.79149999999998,261.71529,11.601268333333335,0.0021,0.002238333333333325,0.0,0.02942499999999995,0.0797633333333333,29.766666666666666,351.359375,375.57421875,101784.875,-3.636971825e-05,0.0008125305000000001,280.83465,287.56023013304565
2022-03-06 15:00:00,-5.961962845709774,0.7242319040523322,24.143597803040812,1274.1141,1072.5342,954.3113,260.990405,13.436023333333333,0.0016,0.0003,0.0001,0.026049999999999976,0.01949499999999995,95.05,1055.6327999999999,1078.3047000000001,101114.171875,-6.3352928125e-06,0.96370696875,271.6380625,1045.2409205321828
2022-01-01 14:00:00,-23.058629169260467,0.7386462230849017,26.529367632876358,1254.1023,1094.7464,1094.7465,258.6959933333333,4.463428333333334,0.000461666666666625,0.001158333333333325,0.0001,0.005189999999999975,0.014154999999999975,0.0,1098.8671875,1099.0,101159.90625,-8.338032375e-05,0.21255112062499998,273.1120375,1071.8446601941746
2021-09-19 15:00:00,1.8013605201454888,0.7524433085428605,28.563194382214707,1211.5883000000001,1040.0943,1040.0943,278.7957,7.021908333333334,0.002255,0.0003,0.0011,0.0238683333333333,0.021636666666666624,0.0,998.40625,1014.17970625,100866.94437499999,-3.2503739875e-06,0.9138679562500001,268.1611175,964.8993167925206
2021-11-01 18:00:00,-14.189249384945942,0.8087515381303442,35.20404084782396,1131.897,969.0976,795.6443,274.28571666666664,6.2975866666666676,0.002084999999999975,0.00142999999999995,0.0001,0.014413333333333299,0.013749999999999974,14.966666666666667,779.69921875,852.5234375,100673.10062499999,-4.5245851999999995e-06,0.20967865,269.13118125,714.0507011866234
2021-11-16 19:00:00,-18.55994333065872,0.970349827332427,47.08282430845782,941.2842,772.8697,160.0414,260.9781466666667,11.995905,0.0016,0.001961666666666625,0.0002,0.016964999999999977,0.02636999999999995,100.0,474.71875,639.84765625,100841.22125,-8.46775935e-07,0.96229934375,274.64565,588.3782811938152
2021-06-20 12:00:00,23.441610939803866,2.4287882611883784,74.23224244884642,386.4039,315.7634,220.3305,260.49892166666666,0.990545,0.001666666666666625,0.00056666666666665,0.0013816666666666,0.01530166666666665,0.027481666666666626,96.88333333333333,367.98828125,368.30078125,102086.81875,-6.624613625e-07,0.037548065,257.89406375,295.44588277597984
2021-07-22 14:00:00,20.444836636669194,1.1090291996243526,53.43552744184249,822.654,703.6927000000001,703.6928,262.24260000000004,2.9099000000000004,0.00215,0.000693333333333325,0.00123166666666665,0.016361666666666625,0.024173333333333276,0.0,711.50390625,711.8320249999999,102294.49312500001,-2.173037475e-06,0.0,264.3203725,661.9039913700108
2021-08-14 16:00:00,14.607964320866348,0.850347786537105,39.003389302150154,1067.2589,943.8413,943.8413,285.12524333333334,2.0431766666666666,0.0028,0.00083,0.0013466666666666499,0.02883166666666665,0.04284499999999995,0.0,892.125,894.87890625,101422.803125,-2.2859603375e-06,0.7616004974999999,255.40402500000002,929.0722761596548
2021-08-29 18:00:00,9.6420465502539,0.9476964304614784,45.79483048794295,957.7031,820.9338,820.9338,277.50446,3.9552933333333335,0.00251666666666665,0.0008316666666666501,0.000945,0.012179999999999976,0.04578333333333327,0.0,675.810545,718.1894625,101568.35250000001,-1.1353986e-06,0.0,260.65831249999997,809.8309960445882
2021-10-10 12:00:00,-6.333474705121404,1.1689787808930736,55.5873397556668,783.3063,664.1304,664.1304,270.1366933333333,2.77056,0.0025066666666666,0.001008333333333325,0.00188166666666665,0.0181483333333333,0.023556666666666625,0.0,716.2265625,715.47265625,101620.553125,-2.611544875e-06,0.0,264.08388125,662.1035598705502
2021-10-09 19:00:00,-5.952169923211082,1.0562426519182004,51.27928641358935,862.7589,723.0469,390.4574,264.96287333333333,6.052426666666666,0.0015,0.0002,0.0013,0.0120433333333333,0.02154499999999995,94.6,537.453125,592.671875,100107.046875,-1.3423560000000001e-06,0.07392883125000001,245.44559,601.3034879539733
2021-06-11 12:00:00,23.03792050545629,2.3432160679648066,73.63942585711784,398.9981,319.2481,205.6128,260.20146,2.1913616666666664,0.0019433333333333,0.00052499999999995,0.00095999999999995,0.0097933333333333,0.02286999999999995,84.75,322.73828125,368.70703125,102972.82125000001,-1.2082455375e-06,0.0,267.2251925,289.0704782452355
2021-08-30 20:00:00,9.287518646569767,1.8212537258264831,68.7426266950202,501.0675,407.6379,407.6379,277.59524999999996,1.987455,0.00251,0.0013,0.00165166666666665,0.018149999999999975,0.05102999999999998,0.0,281.91601875,283.205078125,101002.80374999999,-4.376924875e-07,0.0,243.70004625,398.99676375404533
2021-09-18 13:00:00,2.1880253905616205,0.9974829774660762,48.51655211733938,917.4551,789.0765,662.3808,274.2003133333333,2.8328416666666665,0.002175,0.000908333333333325,0.0013,0.021806666666666648,0.029491666666666624,11.266666666666666,811.29296875,819.15234375,101565.53812499999,-2.494925875e-06,0.4222412125,261.748245,748.351312477526
2022-01-11 20:00:00,-21.928159652146032,1.1443634222393004,54.737954896418096,801.9011,632.1185,318.30060000000003,251.00681833333334,13.121846666666666,0.004365,0.00018333333333332501,0.0002,0.05833666666666665,0.03710166666666665,61.96666666666667,363.21875,514.1796875,101371.46625,-3.8115249624999995e-05,0.3124466,279.90389999999996,486.27831715210357
2022-01-17 16:00:00,-20.903602854067646,0.6621700192911207,3.532871768961616,1402.6149,1198.5571,630.056,257.43029,11.829553333333333,0.0005,0.0002,0.0,0.00600666666666665,0.01020499999999995,80.8,1029.546875,1145.9258125000001,100903.6625,-7.6328345e-05,0.2002220125,278.82375625,1211.0931319669182
2021-11-01 19:00:00,-14.189249384945942,1.0027197250771143,48.78080324496555,909.7595,761.7004,473.8807,274.20519666666667,6.5645500000000006,0.002193333333333325,0.002056666666666625,0.0001,0.015161666666666625,0.014955,55.53333333333333,563.22265625,630.04296875,100748.685,-2.6950838374999997e-06,0.162033077625,272.1192525,368.83135562747213
2022-04-21 13:00:00,11.584477881689722,1.1591037689568737,55.25196922736904,789.6799,686.2151,518.546,246.45412666666664,1.8211333333333333,0.0007,0.001158333333333325,0.00010833333333332501,0.008094999999999975,0.04790499999999995,100.0,703.30859375,718.2421875,101593.20375,-1.7296697749999999e-06,0.401226045,259.967575,576.0230133045666
2021-10-15 13:00:00,-8.217746934617427,0.8776688415933417,41.1576248045677,1043.6022,957.2822,957.2822,277.0185183333333,0.32766,0.0008,0.0035683333333333,0.0003,0.0038,0.017406666666666626,0.0,930.578125,959.91015625,101225.96875,-1.6827543625e-06,0.0,240.43824125,908.594030924128
2021-06-09 15:00:00,22.873220569233247,1.0053839114856797,48.91377907942035,901.0617,803.4967,676.0751,261.56215833333334,1.2812716666666666,0.00149666666666665,0.00084666666666665,0.0016766666666666499,0.0120533333333333,0.027433333333333275,95.81666666666666,780.0840000000001,780.302725,101634.203125,-1.6859557875e-06,0.23898697375,255.75893749999997,678.9877741819489
2022-03-18 12:00:00,-1.2516042922501336,1.4423846360589365,62.746615028623225,640.7138,539.9870999999999,538.8072999999999,252.18520999999998,2.2300966666666664,0.0007,0.0006,0.0001,0.0057,0.03697999999999995,0.0,593.8984375,596.546875,101930.79000000001,-7.961498625e-06,0.18506240624999998,270.35561875,518.331535418914
2021-10-19 20:00:00,-9.692013480165492,1.4963736902877802,63.80766483558087,606.4879,481.9278,481.9278,272.35272166666664,7.1460566666666665,0.0021,0.0025133333333332997,0.0002,0.01718666666666665,0.023115,0.0,334.46875,349.828125,101295.1275,-2.9199873250000003e-07,0.0,273.4867125,452.47752606975905
2022-04-15 12:00:00,9.480770957900935,1.6361241248324336,66.19404326004066,563.5701,464.4184,313.4922,243.18870333333334,3.055981666666667,0.00058666666666665,0.00040500000000000003,0.00043833333333332503,0.0058616666666666505,0.011924999999999976,95.43333333333334,488.13671875,520.0859375,101933.65625,-1.8929713875e-06,0.0,272.700475,442.36245954692555
2022-03-02 12:00:00,-7.499171310722627,1.360764084716268,60.95970869241667,678.4245000000001,512.9023,138.54309999999998,256.67945833333334,15.705825,0.004286666666666625,0.001403333333333325,0.0002,0.07944499999999995,0.05537999999999997,95.05,425.95703125,582.84765625,101777.009375,-2.7519097624999998e-05,0.1205558775,281.66214125,313.43401654081265
2021-06-05 16:00:00,22.46364309335607,0.96714296903801,46.90578721041806,935.5743,820.2452000000001,820.245,264.4505183333333,2.1272783333333334,0.0013,0.000203333333333325,0.00222166666666665,0.013983333333333275,0.0549883333333333,0.0,735.96875,769.70118125,101240.6225,-2.5945482625e-06,0.08245468125,243.58744875,802.1215390147428
2021-10-20 21:00:00,-10.055061249212018,3.012238861618212,77.34942646438655,337.1478666666667,272.68426666666664,256.26786666666663,281.89430444444446,1.2786866666666665,0.0004,0.0004599999999999667,1.1111111111111112e-05,0.002,0.0082,7.2,153.8984375,157.1875,100528.48375,-2.438319e-07,0.001625061,243.82715499999998,242.95337408606017
2021-07-09 16:00:00,22.46883222892618,0.9663925380028181,46.86411519564566,938.3052,846.0786,846.0787,264.921695,0.7769616666666667,0.002,0.0006,0.001609999999999975,0.015566666666666625,0.032303333333333274,0.0,795.125,795.4277500000001,101482.021875,-2.491491625e-06,0.0,246.00364875,810.8953613807982
2021-11-09 16:00:00,-16.652202422289594,0.6699358246789064,9.417159170949478,1373.1299,1184.8849,810.1111000000001,276.25808166666667,7.378685,0.0027916666666666498,0.00378166666666665,0.000403333333333325,0.022258333333333276,0.0263133333333333,98.73333333333333,939.23046875,1117.0663749999999,101172.4375,-4.0487851e-05,0.8044700625,272.713355,1035.4710535778495
2021-09-11 16:00:00,4.868093435556078,0.758279144766903,29.363446907102183,1199.6705,1093.4448,1093.4448,273.88229333333334,0.9952050000000001,0.0027,0.0004,0.0012,0.019059999999999973,0.029411666666666624,0.0,1028.06640625,1028.42578125,101071.546875,-2.7537170999999998e-06,0.3664360025,242.42112375,1025.8899676375404
2022-02-18 21:00:00,-11.912220737160919,1.9252304700315832,69.94334158736497,463.51149999999996,348.8441,37.5488,253.69513833333332,11.243356666666667,0.0006,0.0002,0.0002,0.00859166666666665,0.030543333333333277,82.58333333333334,158.19921875,229.453125,100999.396875,-1.097403425e-05,0.668167125,276.72153125,284.10284070478247
2021-06-27 14:00:00,23.369605731633786,1.1632963959335536,55.395218381694846,782.7773,698.7347,641.9664,268.50445,0.7171233333333333,0.0012,0.0006,0.0018133333333333,0.009144999999999976,0.026969999999999977,4.516666666666667,679.08984375,693.9277500000001,101406.228125,-1.7855491125e-06,0.0116500857125,253.26839999999999,660.1941747572815
2022-04-11 17:00:00,8.025071516006154,0.8183859482521247,36.149670457242664,1112.1562,1015.2124,1015.2124,252.28724333333332,0.95675,0.0003,0.0011,0.0001,0.00282666666666665,0.011611666666666624,0.0,916.953125,918.046875,100477.5775,-2.4196342875e-06,0.0,243.57427875000002,982.0927723840344
2022-02-21 13:00:00,-10.843653972722851,0.9569526844871638,46.331825981891065,966.0423000000001,809.2237,614.7799,259.7613733333333,6.54155,0.0018,0.0008,0.00028666666666665,0.026586666666666627,0.03912166666666665,30.333333333333332,763.984375,853.25,101539.70375,-3.5113101875e-05,0.0,275.357715,767.2114347357066
2021-11-17 18:00:00,-18.811219532670908,0.7907794055955005,33.31261181342334,1160.4402,978.1351,861.0445,258.7504783333333,10.211698333333334,0.001689999999999975,0.00163,0.0001,0.016058333333333324,0.0323583333333333,15.616666666666667,727.02734375,856.890625,100518.2025,-3.26210873875e-05,0.37349701375,278.72375625,940.5789284430061
2021-05-31 18:00:00,21.80461176025619,1.178777434685281,55.913271805640214,770.2040999999999,687.2727,580.9899,256.20664166666666,0.8228666666666666,0.000968333333333325,0.0002,0.00158166666666665,0.00868666666666665,0.013374999999999975,51.7,579.2890625,580.1796875,101605.71875,-1.229200275e-06,0.0,244.1491075,611.7943185904351
2021-09-16 14:00:00,2.958950114236246,0.837568345203767,37.91030198198552,1089.8414,937.4285,865.2827,278.6030666666667,4.796996666666667,0.0030733333333333,0.0003,0.001399999999999975,0.022689999999999974,0.0306283333333333,40.46666666666667,909.0,937.3515625,101699.740625,-2.2950116375e-06,0.8472099375,268.91908875,947.536857245595
2021-10-02 12:00:00,-3.2540993104322586,1.2288976554964393,57.481738508115086,745.6579,618.7273,527.8192,272.1178683333334,3.0124783333333336,0.00590666666666665,0.001564999999999975,0.0026833333333332998,0.037421666666666645,0.03365,43.33333333333333,574.80078125,672.23046875,101424.00625,-5.4590928125e-06,0.0,273.3547575,635.1600143833153
2021-08-10 19:00:00,15.798447655414824,1.3109295561208196,59.74180917260761,695.0518,587.7087,587.7087,272.2766266666667,2.1799,0.003124999999999975,0.0008,0.003678333333333275,0.0276,0.0404333333333333,0.0,473.24609375,476.0,100821.67125,-8.902861875e-07,0.3182907125,246.14602875,543.4735706580366
2021-06-26 18:00:00,23.400584056892775,1.1979731374389821,56.53286609897241,760.1098000000001,668.793,513.4491,264.89062,1.1817900000000001,0.001293333333333325,0.000568333333333325,0.00417166666666665,0.014613333333333301,0.029341666666666624,100.0,569.20703125,570.48828125,100747.39,-1.7622951499999998e-06,0.30629729749999995,246.73585375,393.25602301330457
2021-12-13 17:00:00,-23.090758690794445,0.6899576779256887,16.688582237969225,1340.7612,1174.6475,1174.6476,261.83072333333337,4.571643333333333,0.0006,0.004609999999999975,0.0001,0.006616666666666625,0.018061666666666625,0.0,1036.9805000000001,1085.9921562499999,100648.975,-7.868913375000001e-05,0.34292602875,271.27806375,1171.8087019057893
2021-11-03 11:00:00,-14.83025116777634,1.5773237805989697,65.24702869883507,579.1713,461.6059,61.0891,277.427765,6.351801666666667,0.00122666666666665,0.0014,0.0001,0.011676666666666625,0.016191666666666625,100.0,419.23828125,508.66796875,101786.578125,-9.690964099999999e-06,0.011981964000000001,278.738525,293.34771664868754
2021-06-12 13:00:00,23.110135027499748,1.4698761820898296,63.2978821354674,623.3346,541.8118,540.496,253.13525499999997,0.88679,0.00200166666666665,0.000835,0.0019316666666666501,0.013611666666666624,0.027054999999999975,0.0,566.5234375,566.8359375,102517.89,-1.1998927125000001e-06,0.0,260.106855,507.0640057533261
2021-09-24 16:00:00,-0.14039254123672726,0.7263888038403393,24.520608866616342,1254.8447,1091.1167,1091.1166,276.24545666666666,4.070956666666667,0.0063483333333333,0.001503333333333325,0.001215,0.0386616666666666,0.04757666666666665,0.0,1008.88671875,1032.2383125000001,101460.28125,-1.4340941812499999e-05,0.0154380795,268.38632375000003,1091.9813016900396
2021-08-13 13:00:00,14.911569018678192,1.268935815219205,58.62813693116497,724.5458,614.2151,478.1422,274.20365000000004,2.573336666666667,0.0021283333333333,0.0003,0.0016,0.0188733333333333,0.029878333333333274,63.33333333333333,644.234375,645.0058750000001,101943.63375000001,-9.899486e-07,0.2160759,265.6933825,610.1438331535419
2021-12-06 17:00:00,-22.402341078636915,0.692874090186905,17.475462030591768,1333.1774,1123.287,941.4506,259.662455,15.721074999999999,0.0006,0.0001,0.0,0.00587166666666665,0.0053,44.63333333333333,735.8671875,1035.0585624999999,101741.8275,-8.962705125000001e-05,0.5282592875000001,280.9598775,1032.371449119022
2021-10-10 20:00:00,-6.333474705121404,1.5443477442908171,64.68095139845157,588.3701,489.3729,489.3729,267.170565,2.1625533333333333,0.0027933333333333248,0.0003,0.002,0.017738333333333325,0.026188333333333275,0.0,345.03515625,353.84375,100220.15375,-7.096968875e-07,0.0,245.209485,468.173318950018
2021-10-23 16:00:00,-11.1291639254225,0.6820870834594394,14.31782322789354,1343.882,1190.1526,1190.1526,274.8569233333334,3.4195916666666664,0.0008,0.000586666666666625,0.00022666666666664999,0.003614999999999975,0.016501666666666623,0.0,1122.734375,1126.6836250000001,100306.77249999999,-2.0191073875000002e-06,0.0,253.4411,1162.4415677813736
2021-07-04 17:00:00,22.96156848261638,1.0226345778062076,49.75186343496412,887.3257,796.1414,796.1414,269.0333933333333,0.7861983333333333,0.0014,0.001423333333333325,0.0045,0.014174999999999976,0.03639499999999995,0.0,718.03515625,718.37890625,101334.03375,-2.7171627e-06,0.18364333875,241.43478125000001,763.3369291621719
2022-03-16 16:00:00,-2.0419762587084924,0.7146062556388434,22.35849500774143,1285.6879,1099.0518,998.664,251.42829833333332,9.134158333333334,0.00163166666666665,0.0002,0.0004,0.022954999999999975,0.023196666666666622,49.03333333333333,1051.6015625,1064.734375,101335.234375,-2.226079275e-05,0.30744934375,267.55666875,1121.938151743977
2021-12-16 16:00:00,-23.272224064091127,0.6617240921281429,2.8390185073733822,1400.2736,1186.4482,747.2152,256.669195,13.975126666666666,0.0017,0.00091166666666665,0.0001,0.0180933333333333,0.01917999999999995,75.23333333333333,881.31640625,1129.265625,101430.86,-4.3517239375e-05,0.17752075125,277.8312275,876.1974110032362
2021-06-13 17:00:00,23.175556231549724,1.034239814773935,50.29436795556115,876.2347,784.3785,784.3783,249.34562166666666,0.6084816666666666,0.00316666666666665,0.00096166666666665,0.00291666666666665,0.021334999999999976,0.0511,0.0,706.9277500000001,707.2402500000001,101427.89749999999,-1.892884e-06,0.0,239.67933125000002,781.4167565623876
2021-05-07 19:00:00,16.58781459482518,1.4049044969237086,61.95552260741908,646.5067,527.3062,527.3062,243.93634,4.786685,0.003134999999999975,0.00024166666666665,0.0015483333333333,0.03043999999999995,0.017798333333333326,0.0,426.28125,427.6015625,101052.75875000001,-5.494512125e-07,0.0,262.02526,515.8090614886731
2022-02-21 21:00:00,-10.843653972722851,1.9673138129141483,70.39084869066907,452.84080000000006,342.12620000000004,280.533,257.20486,8.571055000000001,0.0014,0.001724999999999975,0.0003,0.015909999999999976,0.024489999999999977,31.666666666666668,205.91015625,227.734375,101015.56937499999,-3.957364212500001e-06,0.02578353875,273.9810375,328.5454872348076
2021-11-04 17:00:00,-15.14472848078564,0.7109309699980804,21.62658318227723,1290.9394,1128.7073,1065.617,270.9744116666667,4.79195,0.0008,0.001385,0.0001,0.0048216666666666495,0.012106666666666651,5.266666666666667,821.01171875,1023.359375,100220.15875,-1.4188699250000002e-06,0.3481063875,263.02282875000003,986.7799352750808
2021-06-08 14:00:00,22.78079610405873,1.1350890870107717,54.405980175405254,800.6429,698.7986000000001,630.8619,260.679045,1.67727,0.001828333333333325,0.0033683333333332753,0.002938333333333275,0.015999999999999976,0.0351166666666666,3.25,665.68944375,707.7324062499999,101991.21187500001,-1.5496916625e-06,0.9599380399999999,254.523225,690.5735346997483
2021-08-26 20:00:00,10.690138206932069,1.8604962188426128,69.21269564684788,491.0929,415.4973,395.942,278.170605,0.802685,0.00209666666666665,0.0007,0.00097666666666665,0.00988499999999995,0.03188166666666665,12.35,283.21875,283.86328125,100631.65625,-3.238674265e-07,0.0,240.7091225,384.17116145271484
2022-03-20 11:00:00,-0.4610330930446514,2.8164309802391547,76.4516121679588,370.17173333333335,262.21026666666666,55.99186666666666,251.5852911111111,9.788537777777778,0.0016,0.0004,0.0003,0.02143999999999997,0.06967555555555549,100.0,190.984375,334.59375,102073.625,-5.93822915e-06,0.3276062,278.41101000000003,212.93299772264172
2021-12-15 18:00:00,-23.219423861684025,0.7639620234566044,30.11273670388809,1208.5394999999999,1011.3616,513.6599,260.32491666666664,13.296515000000001,0.00186166666666665,0.00087,0.0002,0.0219233333333333,0.0254683333333333,100.0,770.1875,902.6640625,101245.97562499999,-2.75548955e-05,0.7162780762500001,277.5025,134.67098166127292
2022-01-19 17:00:00,-20.507774526977382,0.6802836804939365,13.709730507846313,1364.675,1155.7383,516.0101999999999,254.07225499999998,12.798913333333333,0.0020266666666666497,0.0002,0.0,0.0257283333333333,0.0188633333333333,100.0,745.66015625,1076.0859375,101723.634375,-7.91082585e-05,0.97950745,280.79754,1029.9119021934555
2021-09-14 20:00:00,3.726075309064946,1.6993649432329183,67.13258856268202,535.7601999999999,438.9962,271.5422,271.940135,2.412485,0.002,0.0005,0.00179666666666665,0.0167333333333333,0.029443333333333276,100.0,282.72265625,304.06640625,100531.765625,-4.8026959e-07,0.7613983125,243.31835875000002,373.66055375764114
2022-03-23 20:00:00,0.7234441253853318,1.4638842636813414,63.179722296109496,616.4109,504.0946,504.0947,247.81898333333334,3.77901,0.0007,0.001648333333333325,0.0003,0.0064566666666666,0.04395666666666665,0.0,372.06640625,375.78515625,100062.365625,-2.6545895125e-06,0.0,258.192985,485.3685724559511
2021-06-21 19:00:00,23.452046074516133,1.6037121229516644,65.68149522117625,572.9397,481.269,311.171,262.989395,1.938215,0.0012,0.0003,0.0015,0.0195283333333333,0.0245966666666666,95.5,328.03515625,371.35546875,101144.65625,-9.6303666125e-07,0.69136049,259.55994499999997,441.79431859043507
2021-10-10 15:00:00,-6.333474705121404,0.7052714030558481,20.43488442010881,1296.9706,1148.8326,1148.8327,266.7547833333333,2.7565516666666667,0.0033,0.00065,0.0022500000000000003,0.022386666666666624,0.030521666666666624,0.0,1111.4609500000001,1117.535175,100857.81875,-3.037363125e-06,0.0,251.98004,1139.5181589356348
2021-10-18 20:00:00,-9.326646848826442,1.5016832003978817,63.90738756196459,604.4395000000001,487.5093,193.7322,272.8943733333333,5.560848333333333,0.001313333333333325,0.000538333333333325,0.0002,0.01110166666666665,0.0182133333333333,99.06666666666666,316.22265625,350.48046875,101363.9,-9.974755875e-07,0.4352683925,275.75514250000003,458.2038834951456
2022-03-26 11:00:00,1.9038988831184545,2.9412989163714887,77.03833234895399,356.872,252.82453333333333,69.29466666666666,243.55679111111112,6.34924888888889,0.0008,0.0014355555555555335,0.0002,0.012493333333333334,0.1166,90.66666666666667,277.390625,339.671875,101781.1875,-5.98677435e-06,0.0,276.492835,242.99412681289706
2021-08-05 20:00:00,17.191569488467835,2.1243726323326992,71.89543804511578,434.7634,347.8144,315.0825,272.7265066666667,2.704301666666667,0.00152166666666665,0.0004,0.0008,0.007325,0.022673333333333275,31.15,231.37109375,233.55859375,101371.65625,-3.30735928125e-07,0.0,239.59483875,273.88709097446963
2021-08-24 15:00:00,11.375079655697107,0.8418116427988493,38.27987260619307,1080.5778,987.3674,987.3673,270.1817,0.5248099999999999,0.0023499999999999997,0.00082,0.001105,0.01459166666666665,0.03774999999999995,0.0,955.8847499999999,956.125,100595.09375,-2.195534725e-06,0.0,246.28548874999998,956.4545127651922
2021-11-09 12:00:00,-16.652202422289594,1.052211223789435,51.102921914207975,872.7372,721.146,514.4802,275.95725000000004,6.859521666666666,0.0024133333333333246,0.0027799999999999748,0.0005,0.02814999999999995,0.02736166666666665,65.71666666666667,665.94140625,757.33984375,101743.64937500001,-1.9458530125000003e-06,0.47053146500000004,277.07154625,753.6587558432218
2021-06-14 14:00:00,23.234160110071496,1.150013617544237,54.936924962346055,790.6995999999999,703.1882,686.702,247.86492666666666,0.9511166666666667,0.0013,0.000213333333333325,0.00165666666666665,0.0139783333333333,0.020313333333333274,3.85,707.00585,707.32225625,101948.9225,-1.7750426375e-06,0.050876618750000005,252.72153375,681.6486875224739
2021-06-22 16:00:00,23.455568693844302,0.9849122500789029,47.866160225067894,919.764,808.3272000000001,603.3654,264.17723333333333,2.0012383333333332,0.001653333333333325,0.00036166666666665,0.0023033333333333248,0.02002499999999995,0.031079999999999976,93.26666666666667,761.26171875,761.4980625000001,101313.053125,-2.5950139125e-06,0.4260253875,254.10648874999998,617.9899316792521
2021-06-15 13:00:00,23.28592529697329,1.4815065129899232,63.52416080299705,618.767,505.89549999999997,374.3006,240.72931499999999,3.782133333333333,0.0021683333333333,0.00037833333333332504,0.0020033333333333,0.021838333333333276,0.05062999999999995,46.4,478.89845,541.23046875,102444.59375,-2.7799979e-06,0.096820831375,270.59185625,490.2193455591514
2022-02-11 19:00:00,-14.289328586144947,0.8863702646054522,41.79745625467846,1037.6144,872.0221,809.7483,264.5587683333333,8.155918333333334,0.001,0.001983333333333325,0.0,0.009756666666666625,0.04412,9.483333333333333,662.171875,750.96875,100819.03812499999,-7.371457275e-05,0.093688965,277.264645,857.5512405609493
2021-06-11 19:00:00,23.03792050545629,1.6081341823841666,65.7527635377374,570.3933000000001,481.13599999999997,479.5127,258.37459,1.581173333333333,0.00274666666666665,0.0012,0.001583333333333325,0.01543166666666665,0.03643999999999995,1.9833333333333334,363.6796875,363.9296875,101967.146875,-7.000635375e-07,0.0,255.43378249999998,452.45774901114714
2021-08-09 16:00:00,16.085804128930004,0.8687477299934941,40.47946419079048,1044.4813,938.5264999999999,864.7975,274.83589166666667,0.9876016666666667,0.003985,0.0019283333333333249,0.003338333333333325,0.026104999999999948,0.059376666666666626,22.549999999999997,889.88671875,889.55078125,101404.53812499999,-1.7925922625e-06,0.0,251.75486999999998,930.1690039554117
2022-04-07 13:00:00,6.533617825091418,1.092019451294513,52.77012814338756,840.6872,693.1416,572.7113,240.90609500000002,7.810765,0.00118666666666665,0.00135666666666665,0.0004,0.01848999999999995,0.062028333333333324,10.366666666666667,679.59375,726.265625,101609.81,-2.7894274875e-06,0.7315940937500001,275.99561375,675.9439050701186
2022-02-02 16:00:00,-17.052092343725047,0.6665996446986654,7.491903533889044,1391.7192,1174.9923,940.3648,251.96288833333332,14.433865,0.0027549999999999498,0.0001,0.0001,0.025684999999999975,0.0329133333333333,85.31666666666666,751.1328125,1136.0859249999999,101375.02875,-0.00012446919625000002,0.044410705625,280.56753375,1007.366055375764
2021-06-24 13:00:00,23.441880878089584,1.503974861914309,63.950185703297635,610.4977,531.2097,529.9802,278.50822166666666,0.9056616666666667,0.000979999999999975,0.0002,0.000956666666666625,0.0041766666666666254,0.0306933333333333,0.0,554.39453125,558.19335,102011.459375,-1.3151729625e-06,0.0,257.57470125,497.3282991729593
2022-02-05 16:00:00,-16.172484795464626,0.6680303842000724,8.373945279370423,1388.1992,1191.7772,669.4807,266.96254166666665,8.824935,0.0015,0.00298166666666665,0.0001,0.0178,0.04931499999999998,97.8,890.67578125,1150.8242500000001,101496.5,-0.0001215405975,0.09500503375,278.4606,862.4847177274362
2022-03-10 21:00:00,-4.403703272840077,2.338923118615287,73.60849421837088,378.0331,271.0551,26.4576,256.65758666666665,13.657433333333334,0.001203333333333325,0.00025166666666665,0.0001,0.0229,0.01716499999999995,100.0,126.36328125,169.44140625,101083.60875,-1.08155655e-06,0.573177325,278.52200125,119.65659834591872
2021-08-02 15:00:00,17.9726549263364,0.9309309695620372,44.78169842967936,976.3697,833.3788,833.3788,284.281515,4.648506666666666,0.002575,0.0007,0.0032833333333333247,0.021188333333333323,0.054283333333333295,0.0,791.6601499999999,816.5566562500001,102452.9375,-1.2954696625000001e-06,0.054855346875,269.5244375,804.3869111830277
2022-04-29 18:00:00,14.209846623471503,1.0260665327362526,49.914024959925484,884.1465000000001,740.6357,740.6357,237.320605,6.936281666666667,0.0013433333333333249,0.00052166666666665,0.0001,0.01836166666666665,0.025598333333333324,0.0,616.359375,643.125,101170.42874999999,-1.1104857475e-06,0.29641342,271.9644125,700.3326141675656
2022-01-09 15:00:00,-22.213317133126424,0.680566864735719,13.807171580942988,1363.7331,1146.1624,849.05,257.34663333333333,15.161801666666666,0.0014,0.00103,0.000283333333333325,0.027974999999999976,0.037753333333333326,52.11666666666666,598.26171875,1121.9609249999999,101516.31,-7.401115875000001e-05,0.85461425625,280.47146875,836.2459546925567
2021-09-12 11:00:00,4.488693923545192,2.7223179036124536,75.97276060416443,383.76546666666667,300.21160000000003,110.88533333333334,276.3525022222222,2.279,0.0022,0.0018000000000000002,0.0014377777777777668,0.016126666666666598,0.027137777777777733,100.0,339.109375,368.539065,101688.97000000002,-7.23288385e-07,0.69998168,251.46309499999998,171.56418554476807
2022-01-11 14:00:00,-21.928159652146032,0.7463184105919123,27.686571074026663,1241.2583,1043.1522,672.3353,253.87918166666665,11.035261666666667,0.0029,0.0001,0.0002,0.0418883333333333,0.030093333333333274,71.18333333333334,784.00390625,1062.78125,101744.625,-7.060781125e-05,0.2814483625,278.66555375,521.156058971593
2021-08-08 19:00:00,16.368880793813542,1.324128306564812,60.07476408110881,688.4259,590.7541,572.4129,272.55510000000004,1.87318,0.001948333333333325,0.0012549999999999749,0.0016,0.01345499999999995,0.02797166666666665,4.75,470.5078125,470.87109375,100906.359375,-7.622584312499999e-07,0.0,242.017075,567.4145990650844
2022-02-15 21:00:00,-12.952338884611105,1.8887033643320694,69.53765136279287,473.2695,350.8974,123.16149999999999,264.253035,12.062991666666667,0.0016,0.0003,0.0001,0.01907999999999995,0.047371666666666624,81.66666666666667,224.953125,239.640625,101422.978125,-1.8180842875e-05,0.13179779,276.42715625,333.5598705501618
2021-06-24 19:00:00,23.441880878089584,1.5965704801293115,65.5654772627087,575.6261999999999,486.8012,484.0636,279.93827166666665,1.4342783333333333,0.0014383333333333249,0.00034166666666664996,0.002566666666666625,0.0096283333333333,0.0548,1.3333333333333333,376.1015625,376.34765625,101013.828125,-1.0731164e-06,0.0,251.70983875000002,485.07371449119023
2022-03-10 15:00:00,-4.403703272840077,0.7306320405268057,25.240594193076856,1261.6287,1066.7529,924.8815999999999,258.18416666666667,11.462056666666667,0.0017,0.0004,0.0002,0.029755,0.020699999999999948,44.75,1019.28515625,1058.1992,101085.88187499999,-5.4867706125e-06,0.435714725,276.08263750000003,1065.7659115426106
2022-03-15 20:00:00,-2.43683372683265,1.3709586779671588,61.196249757341555,658.8465,527.8912,250.1112,251.82637333333332,9.575714999999999,0.0007,0.0001,0.0001,0.009376666666666651,0.015101666666666649,69.36666666666667,189.8515625,404.56640625,101611.484375,-4.7714857375e-06,0.984096525,269.95691,479.6709816612729
2021-07-24 12:00:00,20.043981873185853,2.2953386887856193,73.28761713717974,410.5169,315.7894,212.40300000000002,267.2834383333333,4.646836666666667,0.00171166666666665,0.0011,0.001638333333333325,0.01458999999999995,0.026596666666666626,87.31666666666666,365.84765625,372.623045,102002.71875,-1.04339961875e-06,0.0,258.18759,265.9600862998921
2021-05-13 16:00:00,18.181926282060996,0.8985100974251338,42.65677508043885,1007.102,859.6456,599.5983,251.59476666666666,5.611071666666667,0.0020266666666666497,0.0016016666666666,0.0017,0.014609999999999975,0.0460033333333333,41.61666666666666,715.63671875,815.6875,101000.29625,-1.17966555e-06,0.0,262.951355,696.3106796116505
2021-05-28 16:00:00,21.333052559931044,0.9476300264948756,45.79092240190763,954.5468,817.4938,707.8747,265.75741,5.3352216666666665,0.0004,0.0001,0.0003,0.0028133333333333,0.01005166666666665,36.71666666666667,664.86328125,770.5234375,101065.10875,-2.4154723875e-06,0.0,263.62741125,706.9795037756203
2021-09-07 20:00:00,6.370917587138424,1.7517960148733236,67.85488501309608,520.1254,409.257,37.3125,270.95181833333334,5.3467883333333335,0.0028766666666666498,0.00033666666666665,0.00136166666666665,0.02474999999999995,0.026304999999999974,100.0,252.265625,286.1484375,100214.90625,-4.2861211125e-07,0.8466339125,254.6454775,153.17331895001797
2021-09-23 21:00:00,0.24877954527974486,3.7131162833390516,79.77184989178232,325.6658,217.6024,20.3438,277.30296,9.143546666666666,0.0074999999999999,0.0017733333333333,0.0008,0.05180999999999995,0.05974999999999995,100.0,104.546875,126.43359375,101779.6275,-1.10294785e-06,0.0,277.39680250000004,112.45954692556634
2022-04-02 12:00:00,4.6279984902454006,1.534701798014274,64.51025177572652,601.504,476.3385,352.3358,254.32845,7.74224,0.0013,0.002006666666666625,0.0002,0.017208333333333325,0.039303333333333274,91.03333333333333,508.6796875,535.75,101663.734375,-2.08380515e-06,0.6120376624999999,275.6364125,334.76267529665586
2021-11-01 15:00:00,-14.189249384945942,0.6793133462176397,13.36993317460032,1352.7584,1176.8328,1059.6788999999999,274.90917,6.069663333333334,0.002,0.000835,0.0002,0.01375,0.0125883333333333,7.95,1098.5702999999999,1140.1484500000001,101155.27249999999,-9.10134975e-06,0.44693755625000003,270.31321125,1176.8248831355627
2022-04-20 19:00:00,11.241196996341696,1.248998545172348,58.06825394410856,726.5907,627.9488,627.9489,244.34432833333332,2.0049333333333332,0.0007,0.0007,0.0001,0.0066049999999999755,0.019921666666666626,0.0,497.671875,503.25390625,100611.64125,-9.267824012499999e-07,0.0,243.86901999999998,584.6619920891765
2021-12-19 10:00:00,-23.384169426366487,3.289775583953057,78.4346798980137,342.64639999999997,241.825,28.6844,257.7417233333333,9.986050000000002,0.0019,0.0002,1.3333333333333333e-05,0.02511666666666665,0.0162233333333333,100.0,265.23828125,317.1875,102149.935,-2.1799350875e-06,0.6706695375,278.5702825,46.58755843221862
2021-12-20 11:00:00,-23.405930796463227,1.5957064746650678,65.55136356761786,568.6082,429.75960000000003,104.3886,254.13162666666665,14.114423333333333,0.0023266666666666496,0.0,0.0,0.0386833333333333,0.014198333333333325,100.0,234.0234375,485.3828125,101925.53812499999,-1.0091869875e-05,1.0,279.186675,206.4599065084502
2021-07-26 17:00:00,19.62080143004742,0.9581701729266516,46.401331950418644,946.8546,813.6006,778.6163,271.2412,3.6711899999999997,0.0029,0.0007083333333333249,0.0013433333333333249,0.018813333333333276,0.03186499999999995,4.233333333333333,743.40234375,743.19921875,101185.8125,-1.4360703e-06,0.0,259.15063625,702.3948220064724
2022-02-27 19:00:00,-8.633975602118538,0.9229014844172313,44.27678166438249,991.4029,825.0305,314.55370000000005,255.34187666666668,10.643748333333335,0.0008,0.0001,3.6666666666666666e-05,0.012423333333333276,0.0122633333333333,97.06666666666666,598.48828125,709.30078125,100620.90625,-1.031291335e-05,0.947540275,269.3389825,950.0359582883855
2021-07-29 12:00:00,18.945483229572343,2.2172539247208096,72.67970988231828,424.47130000000004,331.7939,213.73669999999998,279.28211500000003,3.077,0.002419999999999975,0.000929999999999975,0.0016716666666666499,0.0165133333333333,0.0307733333333333,50.08333333333333,391.08399375,392.085925,102212.53812499999,-8.828064875e-07,0.0,265.9015,318.1715210355987
2021-05-03 14:00:00,15.432596053257022,0.9874352418748291,47.99856053524169,920.6241,813.4166,813.4166,244.18828166666668,1.714,0.0014,0.000345,0.00435999999999995,0.01458666666666665,0.031616666666666654,0.0,822.27734375,822.57225625,101393.54000000001,-1.3415701375000001e-06,0.0,249.67950125,780.9528946422149
2021-09-13 11:00:00,4.107991960456648,2.675137553641852,75.71962433833728,389.3405333333333,296.4056,117.66866666666665,277.00092,2.1585822222222224,0.0038,0.0015000000000000002,0.0037311111111110666,0.0325333333333333,0.06155111111111106,100.0,359.91406,373.445315,101589.4375,-7.44359545e-07,0.8591614,261.55664,282.33009708737865
2021-05-07 20:00:00,16.58781459482518,2.3308307069369674,73.54986330705671,392.8714,295.941,295.9409,243.93025,5.3152099999999995,0.00334166666666665,0.0002,0.00124499999999995,0.032069999999999974,0.01661,0.0,200.11328125,201.25390625,101149.55625,-2.1606683250000003e-07,0.0,265.25462500000003,285.69219705142035
2022-02-11 12:00:00,-14.289328586144947,1.2735272474858406,58.754128097086024,721.9044,578.7672,335.4212,262.87695333333335,7.942103333333334,0.001235,0.002289999999999975,0.0,0.015391666666666625,0.06910833333333327,90.93333333333334,536.984375,641.44921875,101584.8725,-6.7406276875e-05,0.0,279.5333,358.5059331175836
2022-01-11 19:00:00,-21.928159652146032,0.8785243918726355,41.22146025193433,1051.7139,860.8743000000001,581.246,251.61645166666665,12.794428333333332,0.00410666666666665,0.0002,0.0002,0.054658333333333295,0.03530999999999995,61.8,634.12109375,752.0703125,101338.02249999999,-5.491578487499999e-05,0.20297241125,280.12139625,580.4908306364617
2022-03-19 16:00:00,-0.856293179789177,0.7208668973858925,23.53944916426167,1273.3254,1089.6461,880.3123,251.627445,8.660555,0.001408333333333325,0.0001,0.0001,0.016173333333333324,0.053506666666666626,36.36666666666667,851.42578125,1029.9375312500001,101585.05562500001,-1.0614050250000001e-05,0.057758332499999995,276.826955,1062.1503056454512
2021-09-06 15:00:00,6.742493857141795,0.7933313180694127,33.59219060153463,1147.5812,988.6867,988.6867,274.53527166666663,4.668756666666667,0.00586499999999995,0.0018983333333333,0.000639999999999975,0.036256666666666625,0.039965,0.0,976.1816562500001,975.5390625,101026.95999999999,-2.943881575e-06,0.0,261.83245625,952.0316432937792
2022-02-06 16:00:00,-15.869710715406242,0.6685588982462086,8.67639331951576,1386.9058,1195.8979,1125.7748,258.13316333333336,7.881783333333333,0.0015366666666666502,0.00201166666666665,0.0,0.017249999999999974,0.04054666666666662,83.33333333333333,841.46484375,1148.6211125,101729.775,-0.0001191310875,0.0012817382999999998,277.4595325,1181.8950017979143
2021-06-10 14:00:00,22.958939285626407,1.1406038866479171,54.60419757419966,796.9139,707.3746,707.3745,254.67274666666665,1.0374050000000001,0.0015166666666666501,0.0012633333333333,0.00266166666666665,0.012333333333333325,0.0235383333333333,0.0,708.35546875,708.4707125,102256.10250000001,-1.5933801249999999e-06,0.0,254.98074499999998,678.0384753685724
2021-09-19 20:00:00,1.8013605201454888,1.6656901465501315,66.64252561062041,546.361,432.7935,131.2714,276.6957933333333,6.01673,0.00176166666666665,0.0002,0.00080666666666665,0.016776666666666648,0.016553333333333274,100.0,257.375,304.078125,100366.31875,-5.2707037e-07,0.168098448875,266.02393125000003,306.93815174397696
2021-12-26 17:00:00,-23.372473325587706,0.6851466510935624,15.288664367973734,1353.2278999999999,1149.1246999999998,672.7251,257.77981,12.1286,0.001,0.0001,0.0002,0.0183183333333333,0.022219999999999948,71.16666666666666,867.2109375,1057.2109375,101497.34125,-0.00010607694375,0.046665192499999994,282.56971250000004,988.7738223660554
2022-03-01 17:00:00,-7.879351793739763,0.7077305326247499,20.96298476129532,1301.5194000000001,1094.3195,1094.3194,253.01913166666668,14.424173333333334,0.0018,0.000243333333333325,0.0001,0.026923333333333327,0.019469999999999973,0.0,800.41015625,1027.1093437499999,101371.39125,-3.2673445625e-05,0.86251449375,279.24606125,1120.7119741100323
2022-04-12 14:00:00,8.392577575298015,0.903592794338627,43.00566039483766,1011.8007,925.2994,925.2994,252.28474166666666,0.55046,0.0004,0.0001,0.000218333333333325,0.0031,0.0121866666666666,0.0,906.1484375,913.68359375,101158.25687499999,-1.9896251625e-06,0.0,240.89698875000002,888.115785688601
2021-05-24 12:00:00,20.61862286041239,2.102578218583994,71.70083662350706,441.0154,364.3845,251.9135,268.326925,1.5264483333333332,0.0011,0.0004,0.0019033333333333,0.009704999999999974,0.01964999999999995,100.0,414.39453125,422.0859375,101996.36624999999,-6.723567e-07,0.7430648875,259.29653874999997,229.87774181948936
2022-03-13 15:00:00,-3.2253778251555234,0.7358543671146186,26.090296778114144,1251.6342,1072.2327,919.3344999999999,253.17641500000002,8.680173333333332,0.0009,0.0004,0.0,0.011599999999999975,0.010801666666666626,19.03333333333333,968.3984375,1052.3164375000001,101558.265,-4.2078085375e-05,0.039920806875,274.46444249999996,1164.2215030564544
2021-11-15 15:00:00,-18.30313281994917,0.6726446020451191,10.719909054716892,1370.3653,1206.6977,1066.9022,268.41329333333334,3.9981683333333335,0.0016,0.00215166666666665,0.0002,0.012221666666666652,0.021134999999999977,78.55,1137.7694999999999,1162.5,100820.15,-3.5193516125e-06,1.0,266.874955,1158.7019057892844
2021-10-27 20:00:00,-12.521944252047032,1.4538849036751538,62.98008735843979,623.4266,486.3055,355.6616,281.88774166666667,8.035268333333335,0.004858333333333325,0.001,0.0002,0.042741666666666595,0.0303433333333333,63.083333333333336,314.140625,364.23046875,101711.1875,-3.25992005e-07,0.039531708125,271.15475,447.3444804027328
2021-06-29 13:00:00,23.287060087617615,1.5073273826594398,64.01253361438074,609.6303,531.8452,507.00660000000005,268.3907433333333,0.5993783333333333,0.0016616666666666498,0.0009,0.0012599999999999998,0.008686666666666626,0.035398333333333275,6.966666666666667,556.671875,557.14453125,102925.74124999999,-1.0653457125e-06,0.0,263.61724875,514.6673858324343
2021-11-20 13:00:00,-19.530779184666265,0.8280821279882397,37.05877104534525,1113.294,957.2232,897.9514,269.670335,5.236031666666666,0.0009,0.00255166666666665,0.0001,0.00971166666666665,0.017708333333333298,2.2,958.19921875,966.58591875,101567.0,-1.4027173125e-06,0.0007820129375,271.75838250000004,780.8863718087018
2021-10-16 12:00:00,-8.589403018842617,1.1328771488783393,54.32579551883531,808.2909999999999,688.1234000000001,688.1234000000001,272.5954416666667,3.139658333333333,0.0011,0.002083333333333325,0.0002,0.0057,0.0111,0.0,729.24609375,734.859375,101908.57125000001,-1.1569936625e-06,0.0,270.3426625,666.2046026609133
2021-09-03 14:00:00,7.845917462718833,0.8944422617219572,42.37300082152311,1020.2344,863.8629999999999,824.9797,268.3829416666667,4.7941,0.008276666666666625,0.001324999999999975,0.000893333333333325,0.04966666666666662,0.057108333333333296,1.7500000000000002,765.8378749999999,872.5058750000001,101742.703125,-2.8004578875e-06,0.0,275.57789375000004,809.8921251348436
2021-07-01 12:00:00,23.177188441312605,2.4719028144582693,74.51476259959855,381.044,306.301,196.463,259.81444666666664,0.44154333333333334,0.0043733333333333,0.0004,0.002338333333333325,0.029774999999999975,0.0530866666666666,77.58333333333333,370.13671875,370.43359375,102184.24124999999,-5.895690375e-07,0.0,251.29194375,292.0136641495865
2021-08-19 20:00:00,13.034054821227372,1.93733082058677,70.07413663417415,472.9705,397.8867,397.8869,268.9880283333333,1.0100933333333333,0.0012,0.00056,0.00082166666666665,0.0068,0.03289999999999997,0.0,269.58203125,269.87890625,100709.05625,-3.626082515e-07,0.0,241.87512625,372.5458468176914
2021-06-24 12:00:00,23.441880878089584,2.453409688025851,74.39484492498829,383.1075,318.3722,204.8385,276.56706,0.9290866666666667,0.0006683333333333,0.00014000000000000001,0.0006783333333333,0.00352999999999995,0.016209999999999974,65.08333333333333,364.3359375,367.26171875,102086.63187499999,-6.9409724375e-07,0.0,255.1854525,288.3926645091693
2021-11-14 10:00:00,-18.040896407164666,3.113601417421253,77.7687363684168,327.5888,231.03013333333334,61.851866666666666,264.5042711111111,6.300795555555555,0.00318,0.0032999999999999995,0.0001,0.0302266666666666,0.031626666666666664,70.95555555555556,300.515625,306.34375,101519.72000000002,-2.1060696e-06,0.8798828,277.789995,207.2563825961884
2021-07-12 19:00:00,22.094927378872317,1.5102115983012796,64.06592449540051,607.7647,490.1171,249.83769999999998,257.9782083333333,5.865875,0.002,0.000518333333333325,0.0017933333333333,0.022348333333333276,0.028661666666666648,93.03333333333333,389.01171875,388.30859375,101005.196875,-1.1608354125e-06,0.0979805,255.2412675,314.7123336929162
2022-04-21 20:00:00,11.584477881689722,1.9684790132031555,70.40294956674016,461.4269,368.3099,243.7917,245.50009666666665,2.6282216666666667,0.00078166666666665,0.0011766666666666499,0.0001,0.008483333333333301,0.05179499999999997,46.28333333333333,244.18359375,253.390625,100421.1275,-3.9752921999999996e-07,0.6625289775000001,247.64891875,349.3491549802229
2022-04-06 21:00:00,6.155857075258399,3.781431497920035,79.95910857388495,314.9124,202.3404,20.413600000000002,235.09006333333332,13.73811,0.00266,0.0006,0.0003,0.04410666666666665,0.1197,100.0,101.5703125,122.6015625,101233.54875,-1.5785918e-07,0.10507965075,278.54820125,131.4527148507731
2022-04-14 17:00:00,9.120518783238186,0.8299167599687497,37.226280609385576,1095.9376,943.9116,943.9114,241.407835,5.828461666666667,0.0007,0.0002,0.0003,0.008103333333333325,0.01265666666666665,0.0,764.02734375,858.5703125,101336.18062500001,-1.516891625e-06,0.0,270.58160000000004,924.9568500539374
2021-07-27 18:00:00,19.401025123164494,1.0900361235776135,52.690802799255756,834.0454,727.0509999999999,727.0511,277.11956833333335,1.9845033333333333,0.0028,0.00078666666666665,0.0016783333333333249,0.014389999999999976,0.0276,0.0,609.29296875,623.296875,100889.03125,-1.0112707887500001e-06,0.0,262.7579875,713.8367493707299
2021-07-23 20:00:00,20.247236515646932,2.333702173434459,73.57071614417451,399.4847,310.4217,297.8144,264.3944433333333,3.5130816666666664,0.001988333333333325,0.0006,0.000805,0.013261666666666625,0.0254883333333333,4.133333333333334,202.439453125,204.072265625,100936.709375,-4.2574720625e-07,0.0,250.81629375,311.8392664509169
2021-10-11 11:00:00,-6.713437096439046,1.8389354088904974,68.95709516828937,497.85709999999995,406.408,136.2509,269.67039,1.9564366666666666,0.0033,0.002514999999999975,0.00172166666666665,0.018759999999999975,0.025105000000000002,74.78333333333333,332.55078125,462.58984375,102151.315,-3.8193248125e-06,0.0,278.0809925,350.47285149226894
2021-12-15 14:00:00,-23.219423861684025,0.727569269194464,24.723727782362047,1272.3876,1074.3977,778.2186,260.51163833333334,11.738663333333333,0.0019033333333333,0.00101,0.0002,0.02237499999999995,0.027373333333333298,49.266666666666666,882.3203125,1069.6171749999999,101566.64125,-4.7358946375e-05,0.078758239625,280.28545875000003,718.0834232290542
2022-01-10 17:00:00,-22.074343173490874,0.6811686692332367,14.011776076865475,1362.9956,1145.0946,426.8449,249.17023999999998,13.055198333333333,0.004174999999999975,0.0003,0.000393333333333325,0.060059999999999926,0.037763333333333274,100.0,763.34375,1069.1640312499999,101476.82875,-9.975887875e-05,0.45008850625,285.16238125,995.7011866235166
2021-11-07 15:00:00,-16.06266126691407,0.675676354330403,12.002890798274013,1361.8424,1195.4277000000002,1164.3713,278.83009333333337,4.656666666666666,0.0011,0.0005,0.0001,0.00875166666666665,0.00970166666666665,3.4833333333333334,1100.9101249999999,1148.7226375,100961.990625,-9.020325125e-06,0.15379714875,266.35931875,1188.5113268608413
2021-10-21 13:00:00,-10.415677747676234,0.8616287679167903,39.92121927778782,1064.0007,964.4512,964.4512,277.45913,1.0402166666666666,0.0007,0.0018316666666666499,0.0001,0.00379666666666665,0.015164999999999975,0.0,970.1211125,970.46484375,101410.615625,-2.7131173e-06,0.0,260.6403525,932.9557713052858
2021-12-31 12:00:00,-23.13025603340483,1.1102430520250282,53.482016178706466,826.0909,673.0364999999999,649.4424,255.91901499999997,9.448476666666668,0.00148166666666665,0.0004,0.000358333333333325,0.02039666666666665,0.0214633333333333,7.333333333333332,553.83203125,717.75,101802.8125,-4.9933731875e-05,0.00270080565,280.852715,674.4534340165408
2021-06-16 13:00:00,23.330833093414007,1.4849579669077069,63.59054528245388,617.439,519.7305,453.8548,239.81641166666665,2.5390816666666667,0.0011,0.0003,0.0017,0.00953666666666665,0.0205033333333333,10.0,539.359375,548.48046875,102086.540625,-2.5349436125e-06,0.0,268.32243374999996,499.51276519237683
2021-08-07 18:00:00,16.64759119582359,1.0393463341927558,50.52792024692848,873.7383,776.5914,744.3196,274.7281766666667,1.086865,0.0022,0.001,0.003179999999999975,0.0101133333333333,0.05264999999999995,21.96666666666667,675.00390625,675.92578125,100908.27437500001,-1.0639487225000002e-06,0.34431075749999995,241.77475124999998,755.9852571017619
2021-08-08 15:00:00,16.368880793813542,0.9069106505809317,43.23008576194193,1002.4094,887.3915,826.9355,273.2652366666667,2.057266666666667,0.00186,0.00086,0.00183666666666665,0.013196666666666624,0.024463333333333327,36.666666666666664,862.0273374999999,862.375,101369.84375,-1.4918914125e-06,0.0,251.288245,867.6914778856526
2021-10-03 17:00:00,-3.641929609448319,0.7484947782000382,28.00259955378282,1218.9922,1102.0661,1102.0662,279.78377666666665,1.0153033333333332,0.005655,0.004119999999999975,0.001814999999999975,0.02755499999999995,0.07203833333333332,0.0,998.9687812500001,1014.7695,100152.634375,-2.8560171e-06,0.0,244.37026,1096.3322545846818
2021-07-21 18:00:00,20.636710882632716,1.1169727227680568,53.737422038870434,814.4907000000001,693.0714,693.0713000000001,265.4671916666667,4.086095,0.001,0.0003,0.0005,0.0053733333333333,0.013023333333333276,0.0,592.640625,593.796875,101700.10250000001,-1.5698606e-06,0.0,262.47063875000003,675.2049622437971
2022-04-03 21:00:00,5.012299701517073,3.5347612031759215,79.24825224601842,330.8684,251.23739999999998,143.1634,249.71925,3.6132066666666667,0.0005,0.0005,0.0001,0.0046233333333333005,0.01576666666666665,50.333333333333336,142.875,144.74609375,100784.859375,-2.1775485875000002e-07,0.0,246.280605,229.25206760158216
2021-06-02 16:00:00,22.087517428904057,0.9605380864043879,46.53578274529362,941.8713,833.4630999999999,833.4630999999999,260.87855,1.6098883333333331,0.002409999999999975,0.0008849999999999999,0.0029033333333333,0.018309999999999976,0.04779499999999995,0.0,785.749975,786.0722812500001,101291.985,-2.3004540375e-06,0.0,248.6891575,829.4318590435096
2022-02-07 18:00:00,-15.562345168274216,0.7478479789966208,27.909213913595686,1235.966,1040.2635,820.8944,255.58999999999997,11.2442,0.0024,0.00219666666666665,0.0001,0.027144999999999975,0.049358333333333324,68.3,832.80078125,943.875,101501.86,-9.3085160375e-05,0.47085571249999997,280.2392675,850.5591513843941
2022-04-15 14:00:00,9.480770957900935,0.9143193433287462,43.72206897033385,999.1143999999999,875.7271,875.7271,243.34199999999998,2.6308283333333335,0.0008500000000000001,0.000558333333333325,0.00054666666666665,0.008178333333333326,0.014899999999999976,0.0,869.3203125,878.72265625,101443.990625,-1.9125291124999998e-06,0.0,266.8720275,857.7490111470694
2022-04-06 18:00:00,6.155857075258399,0.9031530333646006,42.975719429612965,1007.2528,827.377,439.1309,236.06433666666663,12.263066666666667,0.0027,0.00104166666666665,0.0003,0.037958333333333275,0.09704166666666662,92.83333333333334,690.68359375,738.3515625,101026.859375,-5.17728025e-06,0.24522781124999998,274.776145,369.6422150305645
2021-11-29 13:00:00,-21.357553846169253,0.8299542309423659,37.22968744265031,1112.0831,937.4084,553.6134999999999,269.54033166666665,9.058928333333332,0.0015999999999999751,0.002914999999999975,0.0001,0.01636666666666665,0.017514999999999975,100.0,713.421875,944.3476375,101269.884375,-4.164327375e-05,0.9287490725,276.75268875,786.8230852211434
2021-10-20 16:00:00,-10.055061249212018,0.685141973299452,15.287232464709794,1337.07,1204.0596,1204.0598,280.81943333333334,2.2278883333333335,0.00049666666666665,0.001634999999999975,0.0001,0.002805,0.009268333333333274,0.0,1120.21875,1123.296875,100804.328125,-3.2491516875e-06,0.0,259.6706475,1169.2017259978425
2021-11-25 12:00:00,-20.609679850301543,1.0434073108859958,50.71147029456366,881.671,728.3096,728.3097,262.412445,8.07375,0.0018,0.001824999999999975,0.0002,0.01842666666666665,0.02385999999999995,0.0,742.15234375,768.8984375,101188.46187500001,-8.032997625e-05,0.7999458374999999,278.07726875000003,726.7727436174038
2021-11-22 19:00:00,-19.980892348271666,0.9578039770729427,46.380452991075096,954.4328,777.637,60.527100000000004,255.38602333333333,13.586008333333334,0.001993333333333325,0.001058333333333325,0.0002,0.027713333333333298,0.0383983333333333,100.0,289.26171875,652.75,100961.146875,-1.0996911249999999e-05,0.99241638125,278.2575375,96.9363538295577
2021-06-08 17:00:00,22.78079610405873,1.0279628181134903,50.00299654037708,881.1983,776.0234,628.7411,259.26957166666665,1.74671,0.001698333333333325,0.0025933333333333,0.00318666666666665,0.014344999999999976,0.030301666666666626,85.68333333333334,665.78515625,704.59765625,101389.078125,-1.5505356625e-06,0.94063187625,248.75469375,708.6461704422869
2021-05-19 12:00:00,19.593649658139718,2.031702044897296,71.03746528185027,455.4747,380.0154,270.7509,255.5715633333333,1.0916,0.001013333333333325,0.0011,0.00467,0.011131666666666625,0.027249999999999976,100.0,436.765625,436.50390625,101941.79625,-5.9837475e-07,0.13853836,257.9013375,354.3293779216109
2021-09-23 16:00:00,0.24877954527974486,0.7285633968694699,24.893073425876366,1250.8867,1068.9045999999998,802.4226,279.03691,6.650425,0.007014999999999975,0.002915,0.0011,0.0507,0.05871166666666662,84.43333333333334,760.15625,1010.29296875,101298.859375,-2.641463625e-05,0.979259475,272.554375,1019.947860481841
2022-03-30 15:00:00,3.4670564910287975,0.7728830841599607,31.234839634449035,1185.4413,1008.0126,992.4902,251.0817133333333,9.449915,0.0013,0.00017333333333332501,0.0001,0.015549999999999975,0.0194,0.8833333333333333,911.69140625,991.109375,101262.65625,-3.0897499e-06,0.01913452125,272.53596125,1014.9946062567421
2022-03-10 16:00:00,-4.403703272840077,0.703361215152678,20.01284622827909,1308.6354999999999,1109.8263,1015.2115,257.49196666666666,11.644546666666667,0.00165,0.0004,0.0002,0.028524999999999974,0.0200583333333333,60.91666666666667,1018.73046875,1071.9179374999999,100900.959375,-5.5788259625e-06,0.2531623875,274.63668,1109.9424667385833
2021-05-21 13:00:00,20.020752196833463,1.3448097779916295,60.581201001125294,678.992,584.21,527.0939000000001,263.90956666666665,1.8823316666666665,0.001338333333333325,0.000248333333333325,0.0012733333333333249,0.009083333333333275,0.0211033333333333,27.083333333333332,617.03515625,617.34765625,101677.15375,-8.280039875e-07,0.0,259.69733375,561.0302049622438
2021-08-11 17:00:00,15.506898185987577,0.8979399778675392,42.61725001803862,1010.0602,864.8227999999999,864.8226999999999,275.25557,5.008203333333333,0.002948333333333325,0.0006,0.0008,0.02137499999999995,0.019591666666666625,0.0,790.203125,794.14453125,100999.97750000001,-1.5729747125e-06,0.0,263.00209125,820.026968716289
2022-03-25 20:00:00,1.5110235864182393,1.4901643361731882,63.69003009762921,605.4987,469.98470000000003,93.2136,244.14120833333334,10.312294999999999,0.000715,0.000525,0.0001,0.008899999999999974,0.09991499999999998,100.0,291.8125,350.96484375,101156.59375,-5.564679675e-06,0.00541687,278.25768875,300.20855807263575
2021-06-17 14:00:00,23.368867490578037,1.1555312986023476,55.12889045364971,787.1704,691.8049,627.768,244.447,1.4852,0.001714999999999975,0.0005,0.00148666666666665,0.014051666666666626,0.02487166666666665,1.0,691.25390625,692.8242250000001,101681.04625,-1.455453475e-06,0.0,256.004075,667.7364257461345
2022-01-06 14:00:00,-22.586362240552145,0.7423927381236919,27.103153217168554,1247.8071,1059.9775,1025.2059,263.3464783333333,9.543825,0.0013466666666666499,0.0012,0.0002,0.01650999999999995,0.0219533333333333,0.36666666666666664,826.69921875,1071.0117500000001,101414.11812500001,-2.8081675e-05,0.0,277.33206375,1055.8072635742537
2021-07-12 20:00:00,22.094927378872317,2.5220250913192372,74.83060378989245,372.3958,277.0701,167.4569,257.61706000000004,6.123055,0.002,0.0006,0.00217999999999995,0.023086666666666623,0.031024999999999976,90.75,181.25390625,182.4765625,100973.89937500001,-5.0908421125e-07,0.2166481075,256.6359125,70.93131966918375
2021-09-10 11:00:00,5.246102919693301,2.821568357511807,76.47680488838986,372.64933333333335,296.90546666666665,110.0828,280.5976244444444,1.114408888888889,0.004075555555555534,0.0015000000000000002,0.0006555555555555334,0.020566666666666667,0.03380888888888883,67.77777777777777,364.734375,365.07031,101989.0,-1.17335005e-06,0.0,268.46490500000004,285.48483758839745
2021-07-21 16:00:00,20.636710882632716,0.9349530691402692,45.02970746789413,970.1942,837.2744,837.2743,266.551655,4.278283333333333,0.00090666666666665,0.0003,0.0005,0.00545,0.012578333333333325,0.0,787.0058750000001,787.859375,101952.890625,-2.5545596125e-06,0.0,265.24030000000005,806.6882416396979
2022-01-10 21:00:00,-22.074343173490874,1.770432029386569,68.10045928417647,509.8314,366.6214,43.6294,248.4617,13.179861666666666,0.005454999999999975,0.0003,0.0004,0.07734666666666662,0.0450583333333333,100.0,149.76953125,256.7734375,101541.515625,-2.004788275e-05,0.8269500725000001,281.47888750000004,154.4750089895721
2021-05-15 15:00:00,18.67362357896368,0.9296038076047948,44.6991534274975,974.3013,866.3189,866.3188,251.76043666666666,1.7432816666666666,0.0016,0.0005,0.0017366666666666498,0.01,0.02869499999999995,0.0,836.3046625,837.08203125,101567.1875,-1.9498402e-06,0.0,257.815475,828.2452355267889
2022-03-30 19:00:00,3.4670564910287975,1.078771246172486,52.23308006865652,841.741,696.0569,696.0568000000001,247.79539,8.36975,0.00154166666666665,0.0001,0.0001,0.015316666666666626,0.0173033333333333,0.0,538.0703125,576.93359375,100728.78125,-1.35976004375e-06,0.0,274.795905,678.5976267529666
2021-12-14 11:00:00,-23.15892481426692,1.5640878993909988,65.0229970012558,581.3846,453.9276,202.4074,259.83224,9.242558333333335,0.0012,0.0021183333333333,0.0002,0.015634999999999975,0.021738333333333276,76.81666666666666,365.97265625,510.34765625,101750.02437500001,-2.8714973750000002e-05,0.9445915125,278.92250125000004,121.83027687882057
2022-02-11 20:00:00,-14.289328586144947,1.1646145239568506,55.439990879399325,783.6243999999999,637.3299999999999,563.6984,264.72075,8.561335,0.001,0.002,0.0,0.01009666666666665,0.04652,25.65,424.74609375,508.53125,100872.52875,-4.5302080375e-05,0.09552002125,277.825605,631.1938151743977
2021-05-06 20:00:00,16.305646767304136,2.3079878713589297,73.38204663603784,396.44100000000003,302.294,75.2418,245.00272,4.605373333333333,0.0025,0.0004,0.00178166666666665,0.0226366666666666,0.0234383333333333,100.0,170.68359375,201.75,101601.55562500001,-1.30121406375e-07,0.2908287035,275.5249025,272.20424307802944
2021-07-31 20:00:00,18.46914579768178,2.20154106837153,72.55191680303231,420.96880000000004,323.3026,175.0252,283.43802,4.727998333333334,0.00278666666666665,0.0005,0.001639999999999975,0.014979999999999976,0.03875166666666663,68.75,210.67578125,218.63086249999998,101289.84375,-4.48490025e-07,0.0,254.409575,328.4142394822006
2021-07-12 16:00:00,22.094927378872317,0.9597158714438403,46.48920626641974,944.9401,804.0548,714.0002000000001,259.74595,5.366801666666667,0.002,0.0005,0.0013,0.0213,0.0226683333333333,19.133333333333333,764.5625,764.234375,101372.078125,-2.932502e-06,0.0,256.1284225,825.8612010068321
2021-08-03 20:00:00,17.717056492932677,2.154646829809935,72.15887865348928,429.22929999999997,317.5118,28.142200000000003,282.4606316666667,7.929845,0.00343666666666665,0.0008,0.0039,0.0286283333333333,0.06473499999999997,100.0,128.59961249999998,217.25390625,101955.04000000001,-9.734358275e-07,0.8326873612500001,272.10402625,80.96727795756921
2021-09-11 17:00:00,4.868093435556078,0.7958909269981032,33.86878296633799,1142.1094,1037.7739,1037.7739,273.4940133333333,0.9746166666666667,0.002678333333333325,0.0004,0.0012616666666666499,0.019388333333333275,0.03025666666666665,0.0,942.53515625,943.01953125,100872.3125,-2.369371925e-06,0.508895875,243.3819975,968.3027687882056
2022-02-13 11:00:00,-13.628352259311125,2.208284468531631,72.60699476276365,410.8974,294.0968,199.4282,260.78766666666667,10.68465,0.00195166666666665,0.0024316666666666497,0.0,0.02638499999999995,0.06298999999999998,100.0,272.46875,377.01171875,102038.30562500001,-2.67681605e-05,0.8211517325,278.53109375,151.94354548723481
2021-07-22 16:00:00,20.444836636669194,0.9318360590209129,44.83778865214746,973.4567,844.8171,844.8169,261.810835,2.9583933333333334,0.0022,0.0007,0.0011716666666666499,0.016876666666666575,0.02474666666666665,0.0,798.8769687500001,799.2206874999999,101908.15,-2.4325854875e-06,0.0,258.62369875,817.5656238763033
2022-01-22 19:00:00,-19.865473276652246,0.8736174698188914,40.85251615844688,1057.2161,870.1257,86.8955,263.02220666666665,14.136331666666667,0.002,0.0,0.0001,0.028239999999999973,0.011045,100.0,374.1328125,753.8125,100804.28375,-3.0311464625000002e-05,0.8893546999999999,279.6168525,694.1226177633944
2021-05-02 12:00:00,15.1330201628331,1.8101159494240888,68.60521725303792,509.0407,437.77110000000005,331.3261,245.09024499999998,0.6675733333333334,0.00083,0.0005,0.001778333333333325,0.0078433333333333,0.01662,100.0,484.30078125,485.4296875,101971.77249999999,-1.7777201875e-06,0.8755302375,258.85999000000004,398.32254584681766
2022-03-26 18:00:00,1.9038988831184545,0.8545327249274057,39.34880388530769,1067.1343,920.1632999999999,920.1632999999999,249.341575,4.751761666666667,0.0004,0.001135,0.0002,0.0039,0.03596666666666665,0.0,760.06640625,811.91796875,100812.71625,-1.3875221875e-05,0.0,261.7927575,927.4541531823085
2021-08-23 19:00:00,11.713151095675128,1.2324535666454648,57.58716730776526,737.7094,646.0222,646.0223,266.10794,0.7071966666666667,0.00311666666666665,0.00097666666666665,0.002075,0.0167,0.06841833333333333,0.0,524.05859375,524.421875,100118.47562499999,-1.0109506249999999e-06,0.0,243.51449374999999,630.0053937432579
2022-02-20 14:00:00,-11.202805231933917,0.7870074893312962,32.89215706640004,1175.9326,1003.063,1001.3395,256.8979833333333,7.671493333333333,0.0011,0.0007,0.0001,0.015646666666666625,0.024639999999999974,0.0,932.45703125,1023.9453125,101235.33687500001,-5.7254045e-05,0.0,272.61741374999997,920.0611290902552
2021-09-01 19:00:00,8.571241434003953,1.1864994477617667,56.165472489353014,765.8736,637.7263,637.7263,270.91454999999996,3.138733333333333,0.0057233333333333,0.0018,0.0007,0.03755166666666663,0.04608999999999995,0.0,523.5449062499999,525.4511875000001,100434.828125,-1.10220025e-06,0.0,248.12233875,630.1024811218986
2022-03-18 17:00:00,-1.2516042922501336,0.7422323772425793,27.078941853496946,1234.5897,1088.1325,1088.1326,249.93015499999998,2.981978333333333,0.0008,0.000508333333333325,0.0001,0.006888333333333275,0.044773333333333304,0.0,995.3164375000001,1013.76565625,101099.14,-1.2196717125e-05,0.0073127745,259.570475,1060.1941747572814
2022-02-27 14:00:00,-8.633975602118538,0.7970667585467122,33.994587351603734,1160.1172000000001,979.4519,864.6983,256.246655,10.54298,0.000979999999999975,0.000123333333333325,7.500000000000001e-05,0.014046666666666624,0.01178666666666665,100.0,992.32421875,998.19140625,101262.328125,-3.2255396499999997e-05,0.7671623249999999,276.75241375,870.8594030924128
2021-07-26 14:00:00,19.62080143004742,1.0922223368429083,52.7782218318252,835.4534,709.9897000000001,708.6605,273.7755516666666,3.4717066666666665,0.002969999999999975,0.0008,0.001148333333333325,0.01864999999999995,0.0318233333333333,0.0,718.4159999999999,718.6640625,101836.27437500001,-1.5593250374999999e-06,0.0,265.30128875,680.2732829917296
2022-04-12 11:00:00,8.392577575298015,3.3795919943828636,78.74691597939672,317.01413333333335,259.74240000000003,174.56653333333335,251.8396288888889,0.5792,0.0004,0.0001,0.0003,0.003146666666666667,0.013637777777777768,41.11111111111111,234.953125,324.65625,101742.5625,-2.6113120999999997e-06,0.0,274.07345000000004,235.52199448639578
2022-01-13 21:00:00,-21.614433766280886,1.7621163894137504,67.99157505097511,512.3989,383.821,326.7899,254.01477666666665,9.000945,0.00546666666666665,0.0001,0.0002,0.046888333333333275,0.022475,18.616666666666667,266.11328125,274.9765625,101481.078125,-1.7223384875e-05,0.025417327875,272.95874375,321.9363538295577
2021-07-06 18:00:00,22.784297634856877,1.174268036596501,55.764108236169555,775.5367000000001,677.8344,677.8344,265.62779,1.0628266666666666,0.0039483333333333245,0.003779999999999975,0.00091166666666665,0.02595999999999995,0.053309999999999996,0.0,581.50390625,581.81640625,100845.98375,-2.0253937625e-06,0.0,242.49972875,656.1884214311399
2022-04-10 19:00:00,7.655330656380791,1.162519838882515,55.36878242107963,780.4852,668.9773,617.3444999999999,248.037905,2.6758083333333333,0.0003,0.001015,0.0001,0.0034,0.02323,26.166666666666664,540.125,545.74609375,100109.665625,-1.43068610125e-06,0.0,244.79136125,477.2168284789643
2021-05-13 20:00:00,18.181926282060996,2.4643435523423487,74.46597087986484,373.4882,280.1109,55.5313,248.28472333333332,4.9073,0.0017,0.00139499999999995,0.001525,0.011786666666666626,0.05367666666666665,100.0,153.390625,188.1015625,100878.69375,-2.2660060225e-07,0.0,255.531225,151.3628191298094
2022-03-04 13:00:00,-6.733640141580796,0.9822688105540592,47.72640953131071,940.8077,770.9261,694.2216000000001,255.81194999999997,11.429083333333335,0.0027,0.0005,0.0002,0.0331966666666666,0.025904999999999977,3.8833333333333333,750.10546875,817.12890625,101534.30562500001,-1.3125798625e-05,0.0087928770625,280.01901250000003,579.9748291981301
2021-12-04 10:00:00,-22.13925604196169,3.04848336268048,77.50264162999703,329.83413333333334,227.53426666666667,26.666533333333334,263.5484533333333,15.250046666666668,0.001,0.0011288888888888668,0.0001,0.01764,0.02118222222222217,100.0,22.453125,280.890625,101973.125,-2.4527078500000002e-05,1.0,279.81119,93.55148028287185
2021-05-26 18:00:00,20.98787474349141,1.1616796685943964,55.34013158901251,781.0309,646.0843,646.0844,258.617535,6.489531666666666,0.00214,0.000793333333333325,0.00208666666666665,0.017869999999999976,0.04631999999999997,0.0,534.73828125,560.01171875,101195.625,-8.6647921875e-07,0.048896789625,256.57634874999997,641.3897878460984
2022-04-27 15:00:00,13.574913808648922,0.8617596220611979,39.931622558220006,1054.8247999999999,933.8925,933.8926,237.07412166666666,2.3142733333333334,0.0009,0.0006216666666666499,0.0003,0.0111033333333333,0.021753333333333298,0.0,908.84375,915.71484375,101030.225,-2.6081398e-06,0.27342223625,256.65729,913.0708378281194
2022-03-13 17:00:00,-3.2253778251555234,0.7304010151213419,25.202102692069516,1256.5337,1070.6369,991.9331,253.2092583333333,10.078976666666666,0.0009,0.000453333333333325,0.0001,0.0135833333333333,0.012874999999999975,6.45,891.8203125,1000.17578125,101275.69375,-3.59505935e-05,0.18412017875,270.941125,1090.8845738942825
2021-07-19 14:00:00,21.003003804078357,1.1204585575843768,53.86818687933752,814.1354,689.6271,689.6272,267.7973083333334,3.0570883333333336,0.003141666666666625,0.000985,0.0021216666666666498,0.029401666666666625,0.03439666666666665,0.0,705.1328125,705.38868125,102059.69437499999,-2.2469611875000003e-06,0.0,268.23516374999997,673.3728874505573
2021-12-11 14:00:00,-22.931570495687936,0.7254807234839696,24.362823475603044,1275.6439,1085.1779000000001,809.6539,261.87852499999997,10.27218,0.000608333333333325,0.002844999999999975,0.0001,0.009084999999999975,0.023581666666666626,39.75,974.390625,1090.171875,100899.74124999999,-0.00014322818625,0.70100402875,276.601225,759.0291262135921
2021-10-14 16:00:00,-7.8442141660105555,0.6922165763515252,17.301661366313592,1321.7989,1207.9729,1207.9729,273.224775,1.3638516666666667,0.0007,0.00139666666666665,0.0003,0.0043,0.0141483333333333,0.0,1127.578175,1128.4101375,100251.28125,-2.92138425e-06,0.0,244.7277,1169.039913700108
2021-09-18 19:00:00,2.1880253905616205,1.117661994124999,53.763360885433876,813.7726,683.6375,423.13329999999996,272.3688233333333,3.9880466666666665,0.002698333333333325,0.00068,0.001314999999999975,0.024893333333333274,0.0272433333333333,78.43333333333334,543.88671875,558.08984375,100434.27249999999,-1.4769320974999998e-06,0.14121628125,252.6137975,548.232650125854
2021-09-13 19:00:00,4.107991960456648,1.135704668560704,54.42822573061956,800.5249,677.345,374.1034,279.14736,2.73721,0.0032,0.0007,0.002308333333333325,0.0247916666666666,0.0494583333333333,98.16666666666667,523.3671875,548.84375,100369.03812499999,-1.0292860875e-06,0.95249556375,257.00392875,520.9313196691836
2021-11-04 20:00:00,-15.14472848078564,1.4113645305149882,62.095288595377916,641.6188,522.4031,406.1565,270.34966833333334,5.4713883333333335,0.001015,0.00244999999999995,0.0001,0.006011666666666625,0.014796666666666625,23.21666666666667,360.703125,384.171875,100319.39749999999,-3.0323462500000004e-07,0.080299375,273.1900375,531.655879180151
2021-11-03 15:00:00,-14.83025116777634,0.677959043995972,12.879269394032567,1356.0599,1191.9888,1191.9886999999999,275.11788333333334,4.589301666666667,0.0006,0.0016,0.0001,0.003875,0.009079999999999975,0.0,1104.0507625,1140.2265499999999,100894.4375,-2.4964683625e-06,0.23176956125000003,269.02663,1187.7921610931317
2022-04-09 14:00:00,7.28344677986025,0.8933381455261785,42.29526338166185,1024.2934,874.4003,722.1556,246.69628,6.236816666666667,0.000413333333333325,0.00097666666666665,0.0001,0.00544999999999995,0.02698999999999995,90.25,687.546875,877.3515625,101481.28125,-3.1035742625e-06,0.99185943125,275.59986499999997,852.9234088457389
2022-01-21 17:00:00,-20.08592570514902,0.6803081142303955,13.718167894344571,1364.4766,1155.5436,862.2406,262.817845,13.71762,0.0012,0.0,0.0,0.012186666666666625,0.0072,63.983333333333334,1009.37890625,1087.90625,100966.365625,-9.3007663125e-05,0.06360626374999999,278.364065,1208.1445523193095
2021-09-30 20:00:00,-2.476939456228148,1.599356646378587,65.61087524251276,568.5836,453.8119,46.9498,262.331655,3.7761766666666667,0.0035999999999999747,0.00260999999999995,0.0012566666666666499,0.02568499999999995,0.042788333333333275,92.41666666666667,243.37890625,329.51953125,100087.05625,-7.263734125e-07,0.628341675,246.58261000000002,308.1391585760518
2021-10-02 15:00:00,-3.2540993104322586,0.7204726033033193,23.467324647593944,1267.7854,1137.2956,1098.1089,273.7053866666667,1.7962116666666668,0.005171666666666625,0.002158333333333325,0.003059999999999975,0.030549999999999952,0.03755666666666665,74.65,1100.734425,1097.953175,100715.44625000001,-7.691822374999998e-06,0.624660485,248.73531250000002,1113.6641495864797
2022-03-14 13:00:00,-2.83133541238714,1.0085219538191441,49.06916384022245,915.2215,761.5022,547.3148,254.82266666666666,8.841113333333332,0.0008,0.00131666666666665,0.0001,0.010433333333333301,0.01763999999999995,60.41666666666667,693.52734375,801.1953125,101921.15625,-1.9680795875e-05,0.030422210625,274.19583375,610.1923768428622
2021-09-29 21:00:00,-2.08780417253818,3.5469096578302013,79.28561728265281,336.3904,226.45620000000002,20.1878,259.54299000000003,8.687386666666667,0.0095,0.0011,0.00119666666666665,0.06168999999999995,0.036876666666666655,100.0,99.1015625,136.015625,100853.1175,-1.62166545e-07,0.20413589875,276.5228625,112.2437971952535
2022-04-30 19:00:00,14.521556918387134,1.3408943212351858,60.48671342715595,677.5757,562.4814,562.4814,237.89975,4.315148333333333,0.0012,0.00154666666666665,0.0001,0.0126,0.016976666666666626,0.0,425.89453125,448.359375,100455.08687500001,-9.371142375e-07,0.0067710875,261.04456500000003,476.62711254944264
2021-07-16 20:00:00,21.507804018929004,2.453887574841885,74.3979673925594,381.8018,311.8053,226.54850000000002,265.86583666666667,1.3137166666666666,0.0012,0.0004,0.0019,0.0096033333333333,0.01894999999999995,72.60000000000001,198.3828125,198.7890625,100787.30562500001,-4.1088787375e-07,0.00024032592749999998,246.34963374999998,250.4548723480762
2021-07-18 18:00:00,21.177287444932837,1.1298532320267534,54.215536432371984,805.4531,683.9653,613.7504,264.8291966666667,2.770735,0.00706166666666665,0.000873333333333325,0.000913333333333325,0.02844999999999995,0.027833333333333325,8.583333333333332,584.3203125,593.30859375,101736.09375,-1.502223325e-06,0.77288818375,265.3188375,681.4311398777418
2021-10-14 14:00:00,-7.8442141660105555,0.7545006679144025,28.849046698770387,1213.6698999999999,1107.1256,1107.1255,274.7577983333333,1.1783466666666667,0.0007,0.0015500000000000002,0.000218333333333325,0.004388333333333325,0.0131,0.0,1089.43755,1089.984375,100822.74375,-2.726650575e-06,0.0,243.1333325,1052.4811218985976
2021-12-22 21:00:00,-23.426039035075107,1.8869667844933602,69.51794574323766,474.9273,351.4277,150.6218,254.5474233333333,15.75423,0.001088333333333325,0.0001,0.0,0.018569999999999975,0.0140333333333333,97.5,202.3046875,235.26171875,101287.31937499999,-3.2472599e-06,0.9223556625,276.3197675,134.4336569579288
2021-12-17 21:00:00,-23.317297340193075,1.9356400545272725,70.05596559126062,461.7362,342.3495,95.7968,255.28285333333332,12.211713333333332,0.0019,0.00076666666666665,0.0001,0.022694999999999976,0.020133333333333274,86.94999999999999,128.890625,225.1171875,101447.15625,-5.083333325e-06,0.649509425,275.659365,340.24811218985974
2022-01-10 11:00:00,-22.074343173490874,1.7641779555194939,68.01867250352117,510.4006,373.80219999999997,122.0151,252.43376666666666,12.946471666666667,0.003043333333333325,0.0003,0.00043166666666665,0.05542833333333332,0.037706666666666624,100.0,315.90625,442.9609375,102068.99375,-4.7736772499999995e-05,0.52563094875,281.4927675,221.76555195972668
2021-07-11 13:00:00,22.225977219521173,1.486630760410489,63.622594830084736,618.9361,511.5924,380.0448,258.37683833333335,3.3659033333333332,0.001545,0.0004,0.0022449999999999753,0.014178333333333324,0.025468333333333273,61.76666666666667,509.6328125,543.615225,102217.959375,-2.8308713625e-06,0.63999175,271.32721000000004,474.44444444444446
2021-10-23 14:00:00,-11.1291639254225,0.7392130423986013,26.617288352475693,1240.9326,1095.1947,1095.1946,275.247595,3.119441666666667,0.000718333333333325,0.0009,0.000185,0.003268333333333325,0.0129933333333333,0.0,1092.6015625,1094.203125,100738.89125,-2.2184103625e-06,0.0675964375,261.84370625,1073.4448040273282
2021-06-12 15:00:00,23.110135027499748,1.0107581111748511,49.17908070698422,896.4515,804.2134000000001,804.2136,253.068375,0.8526716666666667,0.0023,0.00101166666666665,0.00202,0.016213333333333302,0.0314883333333333,0.0,775.0879,775.3847812500001,102095.4375,-2.0542066250000004e-06,0.0,256.22987125,787.5961884214311
2022-02-22 13:00:00,-10.481698530653333,0.9591355428384138,46.45626229681876,963.8548000000001,791.7391,487.96860000000004,254.70269,12.59335,0.0010949999999999751,0.0014433333333333,0.0003,0.017864999999999926,0.0341283333333333,100.0,232.87109375,815.140625,101990.50875000001,-4.2394851375e-05,0.9502716125,281.95804999999996,628.0996044588278
2021-10-06 21:00:00,-4.801239619491075,3.363062885051903,78.69073194719773,349.29200000000003,241.1976,21.5424,263.07978333333335,11.682263333333335,0.0031,0.00201,0.0006,0.02593,0.0486166666666666,100.0,52.19921875,139.94921875,101418.429375,-2.5885820125e-06,0.5908470162499999,277.680285,45.19956850053937
2021-11-29 16:00:00,-21.357553846169253,0.6636451147277113,5.202911080966236,1391.9225000000001,1195.248,733.0165,267.28919666666667,9.087818333333333,0.002,0.0040333333333333,0.0002,0.019571666666666574,0.02136166666666665,100.0,949.6875,1120.9179374999999,100809.046875,-2.41776e-05,0.9806785625000001,277.29870625,834.3851132686084
2021-09-12 20:00:00,4.488693923545192,1.7136570024562436,67.3342400286826,531.3933,421.83050000000003,33.8157,277.8711133333333,3.1096966666666663,0.0037,0.0006683333333333,0.002666666666666625,0.02918499999999995,0.048231666666666624,100.0,291.5078125,301.71484375,100422.36812500001,-5.264610125e-07,0.8640632625,243.0256,197.54764473211074
2021-09-18 17:00:00,2.1880253905616205,0.778478630081895,31.907832362805173,1168.9211,1020.8918,904.7750000000001,273.664985,3.3898166666666665,0.00241,0.0005883333333333249,0.0014,0.02526499999999995,0.02866666666666665,16.133333333333333,916.4140625,935.796875,100638.72562499999,-3.1662349000000002e-06,0.49078369,249.10701625000002,967.7687882056814
2022-01-11 11:00:00,-21.928159652146032,1.7743833997422689,68.15181157586547,507.356,376.4693,107.2939,254.77530833333333,10.938111666666668,0.003,0.0001,0.000235,0.04689166666666662,0.0305083333333333,100.0,378.59765625,455.0859375,102109.18062500001,-3.9178965375e-05,0.054798125,279.59637499999997,233.1032002876663
2021-11-19 20:00:00,-19.296742271078454,1.3331410240070016,60.29770881257153,679.1845000000001,543.3044,517.6188999999999,271.75571,8.985714999999999,0.000968333333333325,0.0024483333333333,0.0003,0.01251999999999995,0.02451999999999995,10.233333333333333,396.05859375,407.00390625,101066.40625,-2.5038025750000003e-07,0.0193710328125,272.64575125,513.3782811938152
2021-09-27 12:00:00,-1.3089028703320174,1.2737269401680846,58.7595833474385,720.0581999999999,599.3179,475.92580000000004,262.30121833333334,2.914505,0.00396166666666665,0.0018833333333333,0.0009,0.025149999999999974,0.03848166666666662,54.58333333333333,645.53515625,645.9296875,102119.9225,-1.4810066e-06,0.0,273.8629375,572.3930240920532
2021-09-29 20:00:00,-2.08780417253818,1.6050622726898338,65.7033008621108,566.599,430.6282,33.1967,259.68264,8.359083333333334,0.0091083333333333,0.001078333333333325,0.0011833333333333249,0.05885,0.0363633333333333,100.0,239.17578125,317.328125,100725.025,-5.9267040125e-07,0.5951194825,274.50665625,79.7878460985257
2022-03-07 20:00:00,-5.574096889266962,1.2963391627279766,59.364495716698784,698.0853,548.8892000000001,42.0663,262.11629,12.656068333333334,0.002045,0.000503333333333325,0.0001,0.03423499999999995,0.026276666666666625,100.0,242.0546875,429.03515625,100770.671875,-1.02011835e-06,0.7654113625,278.1291,124.60445882775979
2021-11-12 20:00:00,-17.500585684430142,1.3691928934147368,61.15556957028128,661.1387,522.5699,258.1462,265.594215,9.710406666666666,0.003293333333333325,0.00202,0.0002,0.023811666666666648,0.020471666666666652,100.0,289.93359375,385.6015625,101181.09375,-8.5717181125e-06,0.98671721875,276.33532125,379.79144192736425
2022-01-16 17:00:00,-21.091538598017067,0.6804096261064083,13.753160844842553,1364.5607,1161.0972,685.2826,257.4782333333333,11.304141666666666,0.0016733333333333249,0.0021816666666666503,0.0001,0.01763,0.02986666666666665,84.66666666666666,973.1054374999999,1088.828125,100735.43062500001,-2.874032375e-05,0.27087401874999995,274.51250500000003,929.8148148148148
2021-05-03 15:00:00,15.432596053257022,0.8841836422248788,41.638608231973045,1025.8251,914.0758,914.0758,243.85184166666664,1.7464666666666666,0.0013333333333333248,0.00028833333333332496,0.004554999999999975,0.0141233333333333,0.03118999999999995,0.0,893.19140625,893.4628749999999,101177.69,-1.4782417375e-06,0.0,244.0219975,880.42071197411
2022-03-27 12:00:00,2.296035656487048,1.495205893380933,63.78562486119845,617.7929,500.9106,499.65239999999994,249.10589,5.376553333333334,0.0005,0.0007,0.000193333333333325,0.0053699999999999755,0.0389233333333333,0.0,556.91796875,559.73828125,102011.953125,-9.5742871875e-06,0.0,275.25636499999996,487.2959367134124
2021-08-11 15:00:00,15.506898185987577,0.8946418072445396,42.387017422015866,1016.2503999999999,874.2049999999999,874.2049999999999,276.07018833333336,4.259553333333334,0.00328,0.000663333333333325,0.000958333333333325,0.023569999999999952,0.021408333333333276,0.0,855.125,856.82421875,101420.6,-1.8737919125e-06,0.1447410555,264.57136875000003,866.9363538295577
2021-11-28 14:00:00,-21.180550001136528,0.7208570094166857,23.537643962454084,1281.8379,1109.7849,1109.7849,272.54149666666666,5.971868333333333,0.0012,0.003014999999999975,0.0001,0.012224999999999975,0.0135,-0.24999999999999997,1004.6484687500001,1097.5390625,100674.834375,-9.473355125e-06,0.44447707375,262.824795,1085.8144552319309
2021-10-05 14:00:00,-4.415599318817538,0.7751604021689587,31.511469259980526,1179.6564,1038.2132,1005.8769,273.28595333333334,2.74702,0.002775,0.001218333333333325,0.0008,0.0210066666666666,0.024489999999999977,4.95,1039.80859375,1042.2890625,100786.9375,-3.913795775e-06,0.971477515,258.45892625,1007.5512405609493
2021-11-18 10:00:00,-19.05685437654019,3.062657422581814,77.56154853874348,331.8436,244.52973333333333,52.562533333333334,262.3491377777778,4.4447,0.0010222222222222,0.0017777777777777334,0.0001,0.0126022222222222,0.02527777777777777,93.44444444444444,273.3125,317.40625,101618.375,-1.2317905e-06,0.55052185,272.561915,235.11686443725276
2021-08-08 12:00:00,16.368880793813542,2.0393611584137497,71.11150248196938,459.7715,370.3221,237.1174,270.82097833333336,2.44397,0.002,0.001,0.002,0.015221666666666625,0.02628666666666665,58.05,425.541025,425.87109375,101871.71187500001,-7.0615715e-07,0.0,251.13421375000001,350.69938870909743
2022-04-02 15:00:00,4.6279984902454006,0.7807944592324733,32.17989833427135,1172.2933,998.5419,998.5417000000001,254.61911333333333,8.547473333333333,0.0013,0.00119166666666665,0.0001,0.01494666666666665,0.0353333333333333,0.0,969.375,985.3203125,100937.89749999999,-9.218172499999999e-06,0.32121277000000004,265.5697075,994.6062567421791
2021-06-09 16:00:00,22.873220569233247,0.9744572285468422,47.30714320282061,928.7699,829.9372000000001,779.9136000000001,260.7513783333334,1.3290366666666666,0.00139666666666665,0.0008,0.001578333333333325,0.0110733333333333,0.02580666666666665,92.55,778.6640625,777.2988124999999,101369.328125,-1.69556005e-06,0.24483108625,251.61220624999999,757.0064724919093
2022-02-27 12:00:00,-8.633975602118538,1.3465147189380986,60.622145486238345,685.2836,541.9788,412.4607,259.271335,11.3195,0.0017333333333332999,0.000235,0.0001,0.027698333333333325,0.01943166666666665,100.0,609.9609375,610.40625,101616.65625,-1.686278875e-05,0.59057616875,279.33319,305.8234448040273
2021-06-14 19:00:00,23.234160110071496,1.6100685326052535,65.78380301046728,570.0821,485.5894,485.5893,244.835345,1.5120016666666667,0.0013,0.0002,0.0012583333333333,0.0135233333333333,0.020179999999999976,0.0,373.55078125,374.61328125,101335.3125,-9.0312099e-07,0.032024383749999996,239.90344,447.66450916936355
2022-03-25 15:00:00,1.5110235864182393,0.7606292928844758,29.67675965989213,1206.4785000000002,1030.0751,892.8518,248.50448166666666,8.653408333333333,0.0007,0.0003,0.0002,0.00826166666666665,0.05441499999999998,17.183333333333334,876.56640625,1012.5234375,101346.565,-2.3877946625e-05,0.0,275.51538875,809.9658396260337
2021-08-09 17:00:00,16.085804128930004,0.9055058392606815,43.13537720553638,1001.6216,896.1536,823.6224,274.666245,1.0742516666666666,0.003756666666666625,0.001825,0.0031683333333333,0.024451666666666625,0.05679166666666662,65.73333333333333,819.9296875,820.26171875,101212.865625,-1.5827536375e-06,0.0,250.76094,888.8349514563106
2021-11-30 12:00:00,-21.527774228720276,1.0463970039615573,50.845385378242035,879.2716,722.5369,488.7326,267.01763666666665,8.91205,0.0017133333333332998,0.001449999999999975,0.0001,0.02379999999999995,0.020504999999999975,41.916666666666664,696.7265625,762.54296875,101450.63375000001,-5.0136295625e-06,0.51715470125,276.317925,607.5943905070119
2022-02-14 19:00:00,-13.292165303316013,0.8912366007851393,42.146444560167,1030.9942,845.4446,799.4257,261.72085,13.654546666666667,0.001863333333333325,0.001265,0.0,0.024686666666666624,0.07226499999999993,4.233333333333333,496.31640625,729.40625,101131.28125,-4.2490428375e-05,0.69037245,280.04283,879.1477885652642
2021-11-13 12:00:00,-17.773343755449314,1.0471259860925657,50.87788367490371,877.4641,724.2721,455.2442,264.0693816666667,7.4333816666666666,0.0029449999999999997,0.006379999999999975,0.0001,0.02302999999999995,0.027011666666666625,100.0,715.26171875,762.53125,101475.61,-1.4758057375000001e-05,0.31067276125,276.69871,557.0999640417116
2022-01-30 16:00:00,-17.886215231561284,0.6653860565556707,6.649727461032696,1394.7226,1195.5032,978.7224,259.80311,9.774723333333334,0.001235,0.0005,0.0002,0.013858333333333299,0.03964999999999998,27.083333333333332,1007.65625,1143.96875,101023.021875,-0.000137393885,0.040477752875,280.33599375,1218.6443725278677
2022-01-28 15:00:00,-18.415527261388707,0.6887692193081923,16.355400488365174,1347.0677,1132.7575,743.3455,262.98689,15.95804,0.00146666666666665,0.0,0.0,0.013379999999999951,0.00764166666666665,100.0,644.4453125,1115.6913875,101437.946875,-0.00010035777975,0.0013542175,280.01721125,730.9762675296655
2021-11-07 18:00:00,-16.06266126691407,0.8016999359614468,34.48282729949843,1142.8220999999999,986.0412,775.1543,279.5774983333333,5.1999933333333335,0.0012,0.000829999999999975,0.0002,0.00939499999999995,0.010234999999999975,38.68333333333334,799.8671875,861.55078125,100473.4375,-4.1102176e-06,0.17365265000000002,262.87389375000004,962.200647249191
2022-03-30 14:00:00,3.4670564910287975,0.8625991723348019,39.99824064472093,1064.0289,896.7258,869.5685000000001,251.384535,9.292476666666667,0.00117666666666665,0.0002,0.0001,0.014898333333333276,0.020611666666666625,1.95,810.05078125,905.85546875,101446.03125,-2.791988625e-06,0.0,274.2761925,900.2157497303128
2021-12-11 11:00:00,-22.931570495687936,1.5511287541529146,64.79953896496224,586.8347,454.1126,79.67349999999999,257.9007466666667,11.436088333333332,0.000715,0.00403666666666665,0.0001,0.011291666666666625,0.03469999999999995,100.0,406.9140625,517.12109375,101289.053125,-5.726554e-05,0.6565055875000001,279.56311625,256.5120460266091
2022-04-12 15:00:00,8.392577575298015,0.8101471522841287,35.343785959767736,1126.3298,1035.1925999999999,1035.1928,252.8087033333333,0.628125,0.0004,0.00014666666666665,0.0002,0.0031,0.012188333333333275,0.0,988.015625,995.265625,100871.25625,-2.1368905125e-06,0.0,241.940295,1006.4005753326142
2021-05-14 17:00:00,18.43034973210218,0.9541900903376929,46.17315104159916,948.3373,839.5195,839.5194,247.4577,1.789175,0.0015,0.0008,0.0026516666666666503,0.009871666666666626,0.041126666666666624,0.0,760.46484375,760.67578125,101359.85250000001,-1.52090795e-06,0.0,256.75097,796.0302049622438
2021-08-10 14:00:00,15.798447655414824,1.0183452587340938,49.54709982044696,896.2415,792.1865,691.3144,274.02116666666666,1.3350233333333335,0.0029,0.0007,0.0037333333333333,0.024438333333333298,0.0419283333333333,20.6,793.97265625,797.02930625,101703.10062499999,-1.7292040625e-06,0.40562056875,258.11128125000005,768.7234807623156
2021-09-25 15:00:00,-0.5297921459661097,0.7365550380237997,26.201446561894713,1238.738,1108.1441,1108.1441,271.7816516666667,2.0915616666666663,0.0031,0.001204999999999975,0.000735,0.02060999999999995,0.0289,0.0,1074.589825,1075.3086250000001,101545.990625,-9.75790325e-06,0.0,249.272575,1095.2535059331176
2021-08-23 18:00:00,11.713151095675128,0.9705097737219618,47.09161035998449,935.0504,837.9666,837.9665,266.1507016666667,0.6960083333333333,0.0032,0.000858333333333325,0.002,0.0167,0.06966833333333332,0.0,733.29296875,733.62890625,100174.584375,-1.6078410999999999e-06,0.0,243.47633,823.955411722402
2021-11-06 20:00:00,-15.761050291893833,1.400765014101167,61.86518866329919,646.3792,518.712,466.2899,279.31038333333333,7.375703333333334,0.00164166666666665,0.0030183333333333,0.0001,0.012761666666666626,0.013796666666666626,11.0,359.26171875,379.66015625,100940.6,-3.95678205e-06,0.17573165612500002,277.83152,529.5163610212154
2022-02-04 17:00:00,-16.470550440292612,0.6834967901386932,14.773974762051374,1355.8632,1163.1866,970.1197999999999,266.90602,8.681933333333333,0.001,0.004004999999999976,0.0001,0.009388333333333325,0.06152499999999995,26.166666666666664,900.33984375,1084.1680000000001,100962.28812499999,-0.0001493257,0.18706894375,280.0781125,1159.1459906508449
2021-08-27 11:00:00,10.343443884966485,3.7356891839638093,79.83449424234017,335.8132,269.97360000000003,104.7798,291.04775333333333,0.6632066666666667,0.00249666666666665,0.00132,0.0007,0.0091,0.0306233333333333,58.70000000000001,336.40038749999997,336.72851249999997,101937.25,-5.586189187500001e-07,0.0,257.81174875,255.55195972671697
2022-04-13 16:00:00,8.757757177857268,0.7896218239043249,33.18450479348991,1153.58,1051.5606,1051.5604,247.41040999999998,1.0809766666666667,0.0005,0.0012733333333333,0.00034,0.005529999999999975,0.021348333333333323,0.0,965.8515625,990.78125,101009.9625,-1.996289975e-06,0.0,241.89574,1020.6939949658396
2021-05-25 15:00:00,20.80622616311848,0.9649471718655035,46.783589806742754,938.3028,810.3567,810.3566,263.53662333333335,3.4854433333333334,0.0008,0.0001,0.00107166666666665,0.006753333333333325,0.025768333333333275,0.0,795.796875,796.9140625,101784.99124999999,-1.3995741e-06,0.0040626525,253.838475,799.7123336929162
2022-03-06 13:00:00,-5.961962845709774,0.9872324417992601,47.98795327707093,935.9096999999999,762.3235999999999,540.5249,261.39605,13.782053333333334,0.001794999999999975,0.0003,0.0001,0.0291933333333333,0.021681666666666627,100.0,800.3203125,820.44140625,101437.90625,-4.37389815e-06,0.9541168124999999,273.28024125,504.6404171161453
2021-12-08 20:00:00,-22.636286803525202,1.2440281856456685,57.92533806912573,730.9612999999999,575.342,44.0419,259.31762833333335,13.772286666666666,0.001863333333333325,0.0012,0.0005499999999999999,0.025509999999999977,0.038726666666666604,100.0,258.34375,442.1875,101350.9,-2.0841282e-05,0.99407577375,279.49097125000003,416.39518158935635
2022-03-14 19:00:00,-2.83133541238714,0.9833294256397885,47.78260847892415,926.3526,765.4994,443.6022,252.17649,11.047333333333334,0.0007,0.00072666666666665,0.0002,0.01020666666666665,0.0209033333333333,97.93333333333334,498.3203125,653.54296875,101339.271875,-1.6651115999999998e-05,0.41793442125,271.0211875,666.2297734627831
2021-07-30 14:00:00,18.709874177214118,1.0739071301320895,52.031575730844324,849.8017,730.773,730.7728999999999,284.2402333333333,2.864281666666667,0.00146999999999995,0.000428333333333325,0.0013683333333333,0.01105166666666665,0.020269999999999976,0.0,746.5,748.07421875,101896.34375,-2.036627825e-06,0.48715209875,259.79508125,688.8115785688601
2021-08-09 18:00:00,16.085804128930004,1.03026036785721,50.11020211588944,881.3066,779.6610000000001,704.385,274.55082999999996,1.1140750000000001,0.003519999999999975,0.0017383333333333248,0.00296999999999995,0.022671666666666625,0.05390999999999995,53.81666666666666,678.0703125,679.87109375,101080.55562500001,-1.2377568375e-06,0.0,247.64037374999998,767.7633944624235
2022-03-24 21:00:00,1.1175063137884538,2.898592497380404,76.84351110371992,345.0492,258.6764,185.92759999999998,251.63636222222223,3.86322,0.0009000000000000001,0.0029711111111111,0.0003,0.008608888888888833,0.032213333333333295,42.22222222222222,151.25,154.71875,100773.4375,-8.621719e-07,0.0,272.8597425,240.95649047105357
2021-07-24 15:00:00,20.043981873185853,0.9642278756610111,46.743386076100734,942.3616,803.8818,803.8818,267.5254816666667,5.127305,0.001545,0.0009,0.0014,0.012963333333333299,0.024069999999999973,0.0,773.16796875,784.3476499999999,101479.52437500001,-2.2450694625e-06,0.0,260.94415125,764.9946062567421
2022-01-06 20:00:00,-22.586362240552145,1.1525365896293154,55.024985537163914,795.7721,639.6931,507.3229,260.0118033333333,11.552383333333333,0.001638333333333325,0.000863333333333325,0.0002,0.021734999999999977,0.025023333333333276,35.38333333333333,386.453125,511.8828125,101088.978125,-1.3646786125e-05,0.4116821275,277.599575,396.6289104638619
2021-07-07 18:00:00,22.685710345625814,1.1711340848943208,55.6596084077249,777.5935999999999,679.6348,679.6347000000001,266.385865,1.6535950000000001,0.0017,0.0006,0.0011250000000000001,0.013,0.025765,0.0,578.8828125,579.1953125,101379.71625,-1.7051643124999999e-06,0.0,252.3953075,669.8561668464581
2021-07-31 13:00:00,18.46914579768178,1.3732771338844765,61.2494795597143,670.2891,552.9429,488.598,285.66402,4.307286666666666,0.0023883333333333,0.0005,0.0012783333333333,0.013459999999999975,0.03740666666666662,9.583333333333334,592.77149375,592.4257875000001,102012.15375,-1.274660475e-06,0.0,263.70315125,530.3865516001438
2021-05-15 16:00:00,18.67362357896368,0.90568789492267,43.1476769003301,998.9822,890.8871,890.887,251.69481666666667,1.688025,0.0016,0.0005,0.00165,0.01,0.02905999999999995,0.0,834.7441249999999,833.1640625,101392.796875,-1.91593425e-06,0.0,255.75917124999998,847.3570658036678
2022-01-22 18:00:00,-19.865473276652246,0.7430284285967642,27.198831615345693,1247.2179,1042.6749,212.7492,263.62860666666666,14.265615,0.00208666666666665,0.0,0.0001,0.029249999999999998,0.01115666666666665,100.0,635.9296875,945.80859375,100756.40875,-5.3844239875000005e-05,0.818241125,279.0396725,857.3840345199568
2021-12-06 12:00:00,-22.402341078636915,1.0530668545818491,51.140503041999985,873.5504,703.6839,374.3537,260.2955383333333,16.284305,0.001956666666666625,0.0,0.0,0.014649999999999976,0.004945,100.0,424.8125,739.28125,102280.13125,-6.501941375e-05,0.16034698725000002,279.70077375000005,606.7763394462423
2022-03-04 20:00:00,-6.733640141580796,1.2727163176893073,58.73195409618994,711.6642999999999,566.5355,45.2247,256.56818499999997,10.933333333333334,0.00212,0.0004,0.0002,0.026488333333333326,0.0215133333333333,100.0,318.31640625,444.43359375,100906.078125,-2.822273025e-06,0.5514144937500001,274.10229375,632.1053577849694
2021-11-29 15:00:00,-21.357553846169253,0.6712236709260613,10.05869180391459,1377.0972,1183.6949,789.3325,267.44122333333337,8.663863333333333,0.001905,0.0035933333333333,0.000138333333333325,0.01868999999999995,0.01942999999999995,100.0,945.74609375,1135.859325,100968.025,-2.7067086e-05,0.9293937625,276.66735,869.1999280834232
2021-10-17 15:00:00,-8.9590730469046,0.6946254009378231,17.928863972913312,1318.6751,1208.2075,1138.7666,267.20448,1.2310766666666666,0.000603333333333325,0.0003,0.0002,0.004893333333333325,0.010414999999999975,12.749999999999998,1138.8359375,1161.4063,100797.46875,-2.0580773625e-06,0.44321822499999997,243.46201250000001,972.418194893923
2021-06-04 14:00:00,22.34476268708092,1.1226127536620054,53.94848357857212,809.2744,711.7763,711.7763,267.407365,1.3037999999999998,0.0022133333333333,0.0006599999999999751,0.0019183333333333001,0.017576666666666622,0.037241666666666624,0.0,715.23243125,715.35743125,101482.09125,-2.0619481875000003e-06,0.1132011451875,259.15738625,692.5044947860481
2021-07-12 18:00:00,22.094927378872317,1.1537624298168567,55.067598612870235,789.1317,658.1961,395.7002,258.33935333333335,5.608695,0.002,0.0005,0.0014066666666666251,0.021599999999999973,0.026301666666666626,70.31666666666666,570.91015625,569.8515625,101084.13375000001,-1.8964347e-06,0.024581908212499996,255.676085,659.1118302768788
2021-09-20 14:00:00,1.4140132769246216,0.8222986428796335,36.52144737084665,1110.3375,933.5112,787.194,278.8075216666667,9.603615000000001,0.004019999999999975,0.00037,0.0006,0.03262999999999995,0.019091666666666625,40.53333333333333,929.640625,942.078125,101238.00625,-3.3238902625000003e-06,0.5031051624999999,270.2472375,807.0909744696152
2021-06-09 12:00:00,22.873220569233247,2.319742963563633,73.46883732954092,402.67830000000004,325.9146,245.9889,261.07871,1.298695,0.00180166666666665,0.00107666666666665,0.003568333333333275,0.018244999999999977,0.0350083333333333,95.75,373.03515625,383.796875,102154.3375,-5.090550962500001e-07,0.29403304875,255.15672750000002,292.8568860122258
2021-12-26 20:00:00,-23.372473325587706,1.1791614643705646,55.925910066592465,775.7785,619.9379,44.9388,258.4256833333334,12.904783333333334,0.0011,0.0001,0.0002,0.020569999999999977,0.023499999999999976,100.0,338.90234375,484.2109375,101430.9,-2.9018003375e-05,0.382808685,280.1660175,366.67925206760157
2021-10-21 16:00:00,-10.415677747676234,0.6840893220993158,14.961098567372794,1339.4003,1219.9488999999999,1219.949,275.32316499999996,1.5599066666666666,0.0008,0.00156666666666665,0.0001,0.00419166666666665,0.017246666666666598,0.0,1133.5078125,1140.7813,100816.65,-3.7485151875e-06,0.0,257.23435,1179.809421071557
2022-03-11 16:00:00,-4.011667131882717,0.7051190486480918,20.40161333670575,1304.982,1106.0752,903.8534999999999,263.8338233333333,12.812635,0.000805,0.0006416666666666249,0.0001,0.012881666666666625,0.01174999999999995,41.93333333333334,760.65625,1056.1914375000001,101311.734375,-1.905366625e-05,0.18320083625,277.677285,809.0956490471053
2021-06-30 13:00:00,23.235529226093274,1.5071599227074717,64.00942667278298,609.7862,528.9916000000001,502.25329999999997,261.39916500000004,1.2349633333333334,0.00088166666666665,0.0002,0.0014,0.006554999999999975,0.014171666666666624,6.783333333333333,554.57225625,554.921875,102537.9,-1.0540825e-06,0.0,258.01403625,503.63358504135203
2021-10-21 18:00:00,-10.415677747676234,0.8230647000389522,36.59344425381356,1110.6344,985.4408999999999,985.4408999999999,274.328065,2.2891,0.0008,0.001798333333333325,0.0001,0.00453666666666665,0.0184883333333333,0.0,852.58984375,869.28515625,100346.59125,-2.304324875e-06,0.023448945000000002,258.77830125,948.975188781014
2021-11-27 11:00:00,-20.996845647858695,1.517068373867662,64.1919421520825,602.0186,484.1414,308.2672,266.5140333333333,6.013113333333333,0.0011,0.00045666666666665,0.0001,0.010139999999999951,0.010156666666666625,74.61666666666666,539.91796875,541.6953125,101457.459375,-2.2442487499999996e-05,0.016521453499999998,276.42643125,455.55375764113626
2021-06-12 14:00:00,23.110135027499748,1.145589602869605,54.781342775647225,793.5957,704.8942999999999,704.8944,253.126715,0.8646166666666666,0.002223333333333325,0.000975,0.002013333333333325,0.015469999999999975,0.030314999999999974,0.0,703.52734375,703.83399375,102322.478125,-1.702690525e-06,0.0,258.63359375,674.7716648687522
2021-11-28 18:00:00,-21.180550001136528,0.7796470428958172,32.04555866320131,1179.5353,992.0368,930.7833,268.52474166666667,11.331341666666667,0.0017,0.00267,0.0001,0.0170833333333333,0.016724999999999948,20.683333333333334,677.2578125,877.46875,100621.03125,-6.2708566375e-06,0.4384231575,275.7736075,613.567062207839
2021-07-09 19:00:00,22.46883222892618,1.5286268018504676,64.40151365461627,600.7383,519.4399,519.4399,263.2535066666667,0.808815,0.002,0.0006,0.00214666666666665,0.0163,0.0326133333333333,0.0,404.26758,404.59375,101226.2525,-9.7506560625e-07,0.0,240.74206125,506.34843581445523
2021-10-02 20:00:00,-3.2540993104322586,1.588085456693861,65.4261383079306,572.5440000000001,486.1465,486.1465,273.5925666666667,1.0271466666666667,0.002909999999999975,0.001144999999999975,0.002053333333333325,0.01756999999999995,0.0350283333333333,0.0,344.95703125,346.85546875,100102.19625000001,-1.1938100025e-06,0.68395995875,243.39761625,468.8097806544408
2021-06-08 15:00:00,22.78079610405873,1.0033614323750313,48.81292164491226,902.8235999999999,796.1509,790.6753,260.0535166666667,1.7050866666666666,0.0018416666666666499,0.00344999999999995,0.0032483333333333253,0.016249999999999952,0.03527499999999995,1.6,736.2617124999999,778.34375,101785.9625,-1.8093851000000001e-06,0.9614562987499999,251.88384875,784.9550521395181
2021-11-21 15:00:00,-19.758862746599252,0.6715169703769169,10.198882737056733,1374.3864,1176.2649999999999,1143.8509999999999,263.04269,10.40736,0.00106666666666665,0.00100666666666665,0.0002,0.01347666666666665,0.0229933333333333,2.25,1060.3984249999999,1142.21875,101102.7975,-1.2952659375e-06,0.43410873125,269.89984375,1149.4066882416396
2021-10-26 18:00:00,-12.17831133185726,0.8163006597971035,35.94870649408939,1120.5465,969.3486,969.3487,295.46836666666667,4.821676666666667,0.000678333333333325,0.0003,0.0,0.003504999999999975,0.0079933333333333,0.0,854.35546875,859.12890625,101430.25625,-1.17998567375e-06,0.03849792375,265.8104625,964.1316073354908
2021-05-02 13:00:00,15.1330201628331,1.2221129425364787,57.278528236367485,747.0375,663.9967,529.0292999999999,245.388775,0.7738066666666666,0.00092,0.0005,0.001971666666666625,0.008888333333333276,0.018058333333333326,100.0,686.46875,687.1796875,101793.63125,-1.1082738375e-06,0.623523705,250.66648875,599.848975188781
2021-06-06 20:00:00,22.575969425671758,2.819265488438839,76.46552374030739,332.9989,262.8672,240.6047,260.931535,1.3267166666666665,0.00259666666666665,0.000693333333333325,0.001,0.013394999999999975,0.03321166666666665,33.38333333333333,160.66796875,164.66015625,100983.475,-4.2781177250000004e-07,0.0004692077625,246.59467875,231.38619201725996
2021-08-24 12:00:00,11.375079655697107,1.7431145718469172,67.73854418937478,533.6349,454.7504,453.1564,269.2349433333333,0.41491500000000003,0.002969999999999975,0.001209999999999975,0.001463333333333325,0.0178583333333333,0.05039833333333332,0.0,510.62890625,511.13475625,101096.11875,-1.0539661375e-06,0.0,253.74726750000002,443.65695792880257
2021-12-02 14:00:00,-21.84754604183108,0.7218648219270036,23.720716873909375,1280.7757000000001,1101.9222,891.4695,266.865725,7.410661666666666,0.0008,0.0014,0.0001,0.01124666666666665,0.01574999999999995,7.933333333333334,1030.2421875,1091.734325,101251.39,-6.841932212499999e-06,0.020851135125,275.68875,1032.4415677813736
2022-04-19 16:00:00,10.894860095244674,0.8100848828636176,35.337571319383535,1122.6987,998.602,998.602,240.86765666666668,2.3863233333333334,0.0005,0.001,0.0002,0.0057783333333333,0.012463333333333326,0.0,944.8046875,946.76171875,100842.8125,-2.3347965875e-06,0.5137252800000001,253.01374125,969.363538295577
2021-12-23 11:00:00,-23.424371287267974,1.614317425616003,65.85169520220863,561.3919,425.4221,92.62180000000001,252.2614733333333,17.015668333333334,0.00101666666666665,0.0,0.0,0.017128333333333273,0.012149999999999975,100.0,106.44921875,471.07421875,102049.265625,-2.2011692000000003e-05,0.478359225,279.70882625,174.4354548723481
2021-06-01 17:00:00,21.949247130337106,1.0136916570032637,49.3222685043516,893.1111000000001,798.1741999999999,798.1741,254.50320333333335,0.9243566666666667,0.0023,0.0010400000000000001,0.0031933333333333,0.015989999999999976,0.04315166666666662,0.0,724.39453125,724.515625,101162.334375,-1.608772425e-06,0.0,247.51079,792.3696512046026
2021-05-04 16:00:00,15.727950717208849,0.8651517261440524,40.19943054081993,1046.9768,909.5824,819.0550000000001,244.29981666666666,3.3915333333333333,0.0014,0.0005,0.00258166666666665,0.0168683333333333,0.03613499999999995,36.55,833.1894687500001,869.16796875,101032.03375,-1.3388052875e-06,0.77683641125,255.68054875,893.1643293779216
2021-10-09 16:00:00,-5.952169923211082,0.6991671221278205,19.046234482050664,1307.3536,1130.4562,800.8254999999999,266.331195,7.187435,0.0015,0.000438333333333325,0.0014,0.012239999999999949,0.02013499999999995,79.21666666666667,992.203125,1070.3007499999999,100516.57875,-3.1426607125000004e-06,0.35966492,253.29744875,682.5710176195613
2022-01-07 18:00:00,-22.46938536754984,0.7475212992117449,27.86187650557673,1239.8763000000001,1031.4759,688.3534,262.963275,14.474205000000001,0.0021,0.0013,0.00039000000000000005,0.040689999999999976,0.040928333333333275,80.41666666666667,723.42578125,939.3125,101051.00875000001,-2.6581284875e-05,0.47383117500000005,278.157775,1043.6389787846097
2022-03-21 20:00:00,-0.06592403700579391,1.4388461482756314,62.67392794633265,627.2284,490.649,188.2244,248.69538999999997,11.479054999999999,0.00142,0.0003,0.0001,0.017499999999999974,0.04755499999999995,100.0,294.60546875,366.546875,100931.31,-1.09919349e-05,0.630325325,278.759985,352.17188061848253
2021-08-16 20:00:00,13.989313624567798,1.9736255424832359,70.45621573114933,464.9607,377.1445,377.1445,283.46420666666666,1.977388333333333,0.002369999999999975,0.0014,0.0019433333333333251,0.014638333333333274,0.03871666666666662,0.0,255.767575,256.468753125,100861.66500000001,-3.9485166375e-07,0.0,241.07206250000002,364.14419273642574
2022-03-14 17:00:00,-2.83133541238714,0.7326530273991504,25.57398411472132,1252.2827,1068.4659000000001,698.8575,253.87652,9.73357,0.0007,0.000955,0.0002,0.009718333333333301,0.018683333333333302,47.300000000000004,873.88671875,1000.6875,101346.053125,-2.5424088125e-05,0.49512483,269.5620025,764.1747572815533
2021-06-05 19:00:00,22.46364309335607,1.5957188209417976,65.5515653651927,573.9297,473.4404,406.25530000000003,262.07618,2.4062683333333332,0.001338333333333325,0.0002,0.002184999999999975,0.013724999999999975,0.06074499999999997,37.449999999999996,363.26171875,372.53515625,100969.475,-1.0099320025e-06,0.10213089249999999,249.701995,403.89608054656594
2021-10-29 12:00:00,-13.199388829168585,1.077671874583183,52.18774384210676,850.7910999999999,692.4254999999999,410.5888,267.6187933333333,8.877241666666666,0.0039983333333333,0.00049666666666665,0.0001,0.035826666666666625,0.0420833333333333,82.08333333333334,690.8046875,741.03125,102180.19625000001,-1.499662125e-06,0.0129089355,276.38689375,702.7238403451995
2021-12-14 16:00:00,-23.15892481426692,0.6618646122646139,3.074697645120011,1399.5322,1203.6493,908.049,256.02642333333336,9.415208333333332,0.0009,0.0016716666666666499,0.0002,0.01137166666666665,0.014851666666666624,69.63333333333334,921.796875,1154.3711250000001,101203.375,-6.2062755e-05,0.86471938625,273.97678125,974.6242358863717
2021-12-25 13:00:00,-23.397584244285124,0.8544202534866152,39.33959813390406,1080.8202,885.7129,210.3108,247.93929333333332,17.735813333333333,0.0012549999999999749,0.0,0.0001,0.02196,0.010015,100.0,357.13671875,913.21484375,101834.884375,-4.1391089375e-05,0.982719425,280.02727500000003,241.82308522114346
2022-01-22 20:00:00,-19.865473276652246,1.1363675183602955,54.45214559927919,807.2208,644.9657,47.8071,262.4158033333333,14.007056666666667,0.002,0.0,0.0001,0.027233333333333297,0.01093166666666665,100.0,242.02734375,517.35546875,100972.09625,-2.3395113875e-05,0.9492950375,279.53398500000003,477.7813736066163
2021-09-21 18:00:00,1.0260736532584147,0.8783522477292073,41.208632523549646,1036.0263,857.5764,472.8275,276.1002833333333,12.294376666666665,0.00492166666666665,0.000273333333333325,0.0008,0.032549999999999975,0.0204083333333333,100.0,587.53125,748.30859375,101416.45375,-8.25352625e-06,0.690086375,278.36740125,867.3498741459906
2021-07-26 12:00:00,19.62080143004742,2.2653001915186413,73.05895204591734,415.7879,319.589,197.0219,274.599685,3.795536666666666,0.003423333333333325,0.0009,0.00145666666666665,0.02314999999999995,0.03678666666666665,46.266666666666666,377.08398625,377.25,102153.3775,-8.085899125e-07,0.0,268.11595124999997,302.910823444804
2021-08-03 13:00:00,17.717056492932677,1.350385409701868,60.71465643117632,681.5286,553.1992,407.5263,284.361915,5.808131666666666,0.00293999999999995,0.00095666666666665,0.0035,0.024894999999999952,0.0555233333333333,100.0,515.8085874999999,593.07815,102530.228125,-1.3494282125e-06,0.4793128775,272.07195,420.1006832074793
2021-06-11 14:00:00,23.03792050545629,1.1431649724587751,54.695435786281,795.2027,687.7564,687.7564,260.05536333333333,2.0912816666666663,0.002826666666666625,0.0011633333333333248,0.001741666666666625,0.015213333333333275,0.0382183333333333,0.0,681.0019625,688.4140875,102676.24124999999,-1.57710745e-06,0.0,266.216045,670.7425386551599
2021-11-05 17:00:00,-15.455033828294374,0.7101701551561319,21.47114085174786,1292.5636,1102.3059,791.414,274.12814333333336,9.374836666666667,0.00197,0.0021116666666666497,0.0001,0.023701666666666624,0.022434999999999976,51.800000000000004,856.6640625,1005.3398750000001,100821.78812499999,-6.397021675000001e-06,0.20714950624999998,276.30255625,970.9421071556993
2021-05-31 19:00:00,21.80461176025619,1.5769070538925094,65.24003861387406,579.9356,503.9437,357.3474,255.95039999999997,0.9046299999999999,0.0009,0.0002,0.0015,0.008538333333333325,0.013089999999999975,58.63333333333333,382.66015625,384.953125,101551.77437500001,-7.29916795e-07,0.0,244.67279375,396.04279036317865
2022-01-10 16:00:00,-22.074343173490874,0.6614537258710705,2.3188309578126916,1404.1209,1185.0045,617.079,249.27546666666666,12.791881666666667,0.0038383333333333,0.0003,0.0003,0.055928333333333274,0.035523333333333275,100.0,875.40234375,1135.9492,101562.39937500001,-0.000114543711,0.38798904375,285.22881375,848.8870909744696
2021-05-08 12:00:00,16.86541417011425,1.8835738673615274,69.47933285614663,489.7208,395.7934,232.8311,243.48548166666666,3.0293416666666664,0.0009,0.0003,0.002025,0.009911666666666624,0.016189999999999975,100.0,420.13671875,455.46875,102016.94375,-7.3775299375e-07,0.950576775,268.328425,241.19201725997843
2021-08-19 19:00:00,13.034054821227372,1.2551326944889725,58.24277109345389,724.7567,639.546,639.546,269.2371166666667,0.8872416666666667,0.0012,0.000495,0.0009,0.0068,0.03402666666666662,0.0,510.52734375,510.890625,100691.52437500001,-8.393544625000001e-07,0.0,242.6798075,604.7123336929162
2022-02-23 20:00:00,-10.117057019753185,1.2148432937580214,57.05775026368453,747.8427,595.4358,105.5389,252.8651033333333,13.698866666666667,0.0012,0.000375,0.0001,0.018424999999999976,0.02256666666666665,100.0,426.234375,469.8515625,100829.415625,-1.1097066737500001e-05,0.41678619125,277.0894975,618.804386911183
2021-09-25 18:00:00,-0.5297921459661097,0.8690475202269915,40.50263314232049,1047.7621,914.8335999999999,914.8335999999999,267.52387,2.6585883333333333,0.00310166666666665,0.0018,0.000675,0.021826666666666626,0.02953499999999995,0.0,797.4921875,804.81640625,101017.875,-6.0292078125e-06,0.0,244.02240625,914.8507731032003
2021-05-13 18:00:00,18.181926282060996,1.1026897859453455,53.190611745488155,821.7657,688.5482,288.56510000000003,249.99138833333333,5.2434,0.001804999999999975,0.00200499999999995,0.0017349999999999748,0.012874999999999949,0.052793333333333275,100.0,511.0625,603.08984375,100727.56,-7.266244225e-07,0.0,258.7797825,472.01725997842505
2021-05-12 15:00:00,17.92843372099769,0.9183631803168895,43.98543032377711,986.4764,831.0319,831.032,249.27697,5.976675,0.00405,0.0012,0.00136166666666665,0.04161999999999992,0.07581499999999997,0.0,806.33006875,820.5703125,101426.52875,-1.543492525e-06,0.04258346624999999,271.06041374999995,818.0690399137001
2022-03-01 16:00:00,-7.879351793739763,0.6895504751948257,16.575286039261687,1338.2575000000002,1127.9428,1123.3573000000001,253.10694999999998,14.425605,0.001878333333333325,0.0002,0.0001,0.027144999999999975,0.019728333333333323,8.066666666666666,684.34765625,1085.371075,101616.09625,-3.8151280625e-05,0.9239044175,279.54440125,949.9424667385831
2022-01-07 21:00:00,-22.46938536754984,1.78156090376176,68.24446158054191,506.3522,372.3571,84.5776,261.23895500000003,14.307476666666666,0.0019,0.00102,0.0003,0.0389783333333333,0.036518333333333326,100.0,197.6875,259.2421875,101260.78125,-8.2394688625e-06,0.7458724812499999,278.9005475,62.64293419633225
2021-07-16 15:00:00,21.507804018929004,0.9891207545286571,48.086483265753856,918.313,821.9581000000001,677.7217,268.47616833333336,1.304615,0.0012,0.0003,0.00149666666666665,0.008589999999999976,0.017089999999999973,81.66666666666667,793.1152500000001,793.3711000000001,101405.828125,-2.1606392875e-06,0.4755020125,258.43697625,437.38942826321465
2021-10-30 13:00:00,-13.53296696505293,0.8439569822919983,38.464172466839095,1088.0761,921.4496,718.5079000000001,278.8510416666667,6.608585,0.00318999999999995,0.0024533333333333,7.500000000000001e-05,0.027399999999999952,0.03517666666666662,22.166666666666668,944.29685625,954.0703125,101742.14749999999,-6.2409089999999994e-06,0.0,271.71608625,949.2089176555195
2021-09-14 12:00:00,3.726075309064946,1.4190974787278419,62.260688065872216,648.8238,545.1326,392.0852,277.0721183333333,1.8816899999999999,0.0028483333333333,0.00073166666666665,0.004833333333333301,0.0245166666666666,0.050784999999999976,100.0,573.015625,597.58006875,101710.109375,-9.7660814375e-07,0.83633802625,262.75889625,505.86479683567063
2022-02-19 16:00:00,-11.559033782461245,0.6781406549275635,12.946243171095086,1364.087,1178.4261999999999,1176.0755,254.30065166666668,7.379989999999999,0.001033333333333325,0.00218,0.0001,0.0135583333333333,0.045184999999999975,0.5333333333333333,1085.0741874999999,1134.8359249999999,100694.9225,-7.960817125000001e-05,0.2126693725,273.51386249999996,1167.188061848256
2021-06-18 14:00:00,23.40001518935459,1.1570588564457858,55.18163340754553,786.2164,673.9215,591.0286,249.36199499999998,2.7325983333333332,0.00145166666666665,0.0005,0.0008,0.013501666666666625,0.020634999999999952,8.7,681.43359375,679.98046875,101555.428125,-1.3437238125e-06,0.0,263.0904325,653.9931679252068
2021-12-19 12:00:00,-23.384169426366487,1.0775402706503832,52.18230865074524,852.6287,695.6741,493.7955,257.79139499999997,9.954305,0.002,0.0002,0.0,0.023544999999999948,0.013649999999999975,84.63333333333334,745.125,747.36328125,101942.64125,-6.1554891875e-06,0.78101729375,276.70108125,753.5257101761956
2021-10-20 18:00:00,-10.055061249212018,0.8244773180675306,36.72553943914598,1108.5899,984.8578,947.9545,280.69399999999996,2.264013333333333,0.000533333333333325,0.001714999999999975,0.0001,0.002801666666666625,0.0099366666666666,11.416666666666666,846.65234375,864.15234375,100231.44375,-2.105021775e-06,0.0006980896125,250.50730375,915.6040992448759
2021-08-25 20:00:00,11.034046063021137,1.8708207295097377,69.33285525854116,488.5551,412.9005,148.6492,277.40360999999996,1.12625,0.001729999999999975,0.00099666666666665,0.00042166666666665,0.006761666666666625,0.0192333333333333,100.0,276.16015625,278.4609375,100755.91500000001,-3.41418855e-07,0.0,237.9140625,327.30672419992806
2021-06-09 19:00:00,22.873220569233247,1.6052579697359064,65.70645811991193,571.1333999999999,488.8721,396.7537,259.59997666666663,1.3195766666666666,0.0012,0.00055666666666665,0.00144166666666665,0.009378333333333325,0.02345166666666665,59.53333333333333,373.47265625,374.21484375,101051.65875,-7.2718832e-07,0.100097655,248.37296125,384.0956490471053
2022-04-06 16:00:00,6.155857075258399,0.7674977194469926,30.565040815155506,1189.2185,996.1204,950.4826,235.36881833333334,11.86888,0.002773333333333325,0.0013316666666666498,0.0003,0.039588333333333295,0.09350999999999995,16.85,895.54296875,956.44140625,101131.4625,-3.4260738124999997e-06,0.059978485,272.984685,914.8669543329737
2021-10-27 17:00:00,-12.521944252047032,0.7177344923772138,22.95833831208574,1276.8361,1096.7835,826.5257,286.9019183333333,6.436006666666666,0.00427666666666665,0.001,0.0002,0.036308333333333276,0.027024999999999952,43.416666666666664,864.9296875,1012.44140625,101409.6625,-1.565204e-06,0.1036109925,270.9657625,345.1420352391226
2022-02-23 12:00:00,-10.117057019753185,1.3278398965031297,60.167003346002716,694.3889,550.562,296.1519,254.97444,12.203585,0.00109,0.0008,0.0001,0.016864999999999925,0.023858333333333325,70.18333333333334,466.9609375,609.23828125,101827.1875,-1.5704543250000002e-05,0.829048175,278.2995975,250.7964760877382
2021-09-03 18:00:00,7.845917462718833,0.9301761004073033,44.734791719409266,976.0749999999999,824.5067,824.5068,265.57637,4.714681666666666,0.007764999999999975,0.002733333333333275,0.000793333333333325,0.0439083333333333,0.05004666666666665,0.0,700.9765625,725.94921875,100850.74375,-2.208573275e-06,0.0,266.92064875,804.5307443365696
2021-12-08 21:00:00,-22.636286803525202,2.0422946086424556,71.13970313352374,435.4412,314.4716,26.0758,258.67237166666666,13.760913333333333,0.0019,0.00115166666666665,0.0005066666666666501,0.02609999999999995,0.039923333333333276,100.0,79.015625,201.19140625,101434.83499999999,-1.2649456124999999e-05,0.99055861875,279.34283625,125.34160373966198
2021-12-05 20:00:00,-22.274409999983057,1.2569406312819789,58.29381973829391,722.7514,566.7818,53.0775,256.78124833333334,16.295285,0.0024,0.0002,0.0001,0.02058166666666665,0.018496666666666623,100.0,188.2734375,429.54296875,101857.59375,-1.9768776749999998e-05,1.0,280.37203875,322.19705142035235
2021-08-21 14:00:00,12.380055548465378,0.9600335039557808,46.50721309169936,950.5977,839.4892,839.4889,261.84754999999996,1.7605633333333333,0.0031633333333333,0.001206666666666625,0.001,0.01725999999999995,0.04055999999999995,0.0,832.87890625,833.2128749999999,101595.821875,-1.8610444375e-06,0.0,264.05063125000004,810.9151384394103
2022-02-23 21:00:00,-10.117057019753185,1.9986958331267035,70.71152512121247,445.2492,327.6329,29.730600000000003,252.03403833333334,14.115028333333333,0.0012,0.000413333333333325,0.0001,0.018901666666666626,0.0241033333333333,100.0,178.8125,215.375,100919.109375,-3.9106307375e-06,0.4958724875,278.30828875,211.83207479323983
2021-09-13 18:00:00,4.107991960456648,0.899274910968399,42.70967279474459,1010.7672,875.9716,722.7265,279.19376166666666,2.7518783333333334,0.0032,0.0007,0.002049999999999975,0.0252133333333333,0.049733333333333324,84.33333333333334,751.1113124999999,766.453125,100432.884375,-1.619191625e-06,0.9369773625,258.99190625,664.0237324703344
2021-06-20 17:00:00,23.441610939803866,1.0371485222016046,50.42777920407088,874.2795,775.2164,769.7416000000001,260.3572,1.1602983333333334,0.0025083333333333,0.00068,0.00214666666666665,0.024769999999999952,0.0384583333333333,3.933333333333333,694.5761562499999,698.6894687500001,101095.065,-1.9302824875e-06,0.97403335,242.30116,804.6386192017259
2021-07-02 13:00:00,23.11206262226696,1.5059728022061696,63.98737945038647,610.4322999999999,536.0757,511.7355,260.110715,0.5355,0.0012,0.000323333333333325,0.001713333333333325,0.010366666666666649,0.01873999999999995,1.8333333333333333,562.9140625,563.23243125,102202.109375,-1.5838013124999998e-06,0.0,247.89505,503.5670622078389
2021-11-05 20:00:00,-15.455033828294374,1.4060616582626795,61.98066614499772,643.9883,507.6157,257.6571,274.17047333333335,10.041113333333334,0.00181666666666665,0.0026333333333333,0.0001,0.020234999999999927,0.0215966666666666,77.13333333333333,273.578125,368.39453125,101066.05562500001,-1.4711986025e-06,0.085819243625,277.198325,528.3818770226537
2021-09-16 17:00:00,2.958950114236246,0.7832232842743463,32.46134202996764,1161.4659,992.9678,964.2781,275.9255066666667,6.684378333333333,0.004204999999999975,0.0003,0.001533333333333325,0.028324999999999975,0.034736666666666624,8.016666666666666,849.0351499999999,909.61328125,101096.52437500001,-8.150062000000001e-06,0.712387075,272.2138,927.8065444084862
2022-03-22 20:00:00,0.32893462043704336,1.4512112512384152,62.92618168759955,621.8329,495.7846,286.1504,247.49164499999998,8.042043333333332,0.000823333333333325,0.001338333333333325,0.0001,0.009128333333333275,0.03916833333333328,83.3,288.890625,364.515625,100836.709375,-3.51367645e-06,0.1185836775,280.23328625,483.140956490471
2021-07-04 20:00:00,22.96156848261638,2.649892249842855,75.58035293658872,355.74490000000003,286.7172,260.7334,268.51623333333333,0.9028633333333334,0.0015,0.0013,0.003056666666666625,0.013686666666666649,0.034681666666666625,16.15,182.53125,182.75390625,101196.88187499999,-3.673485475e-07,0.0,242.09896125,265.25889967637534
2021-09-01 13:00:00,8.571241434003953,1.113804155593328,53.6176568770112,823.2577,689.3686,614.251,272.51851166666665,3.843655,0.0052283333333333,0.00100666666666665,0.0013,0.037791666666666626,0.03776499999999995,28.48333333333333,723.9492124999999,724.90234375,101703.990625,-2.2547028e-06,0.39963913125,274.3193,658.423229054297
2021-10-25 19:00:00,-11.83155980206098,1.0183137563853286,49.54558726467677,895.568,755.7712,503.0484,294.69413166666664,5.17115,0.0019,0.0006,0.0001,0.01006499999999995,0.0125183333333333,46.33333333333333,614.7578125,634.08984375,101322.0475,-8.37637325e-07,0.0,266.0631125,672.2419992808343
2021-05-28 15:00:00,21.333052559931044,0.9745327047154009,47.311239958227524,929.1035,791.1176,460.7808,265.9747516666667,5.980658333333333,0.0004,0.0001,0.00022,0.00293666666666665,0.00906666666666665,63.78333333333333,706.3203125,772.8144687500001,101236.61624999999,-3.254128375e-06,0.0,266.0054325,856.4221503056453
2021-05-18 17:00:00,19.37175806556018,0.9695485914426794,47.03874889621561,933.2736,803.952,751.3451,250.06420166666666,3.183245,0.001955,0.000725,0.0034,0.0168233333333333,0.03343999999999995,22.816666666666666,730.83203125,738.12890625,101185.790625,-1.0709445875e-06,0.7397804125,262.79370625,735.0701186623517
2021-10-30 12:00:00,-13.53296696505293,1.0746089776584966,52.060797763699775,853.3322000000001,704.3165,446.6132,279.2060833333333,6.675865,0.002624999999999975,0.0022533333333333,0.0,0.025571666666666625,0.0335983333333333,44.666666666666664,756.640625,757.7421875,101906.625,-4.3378386e-06,0.0,274.136925,684.4480402732829
2022-04-25 15:00:00,12.925228092035313,0.8544540031830783,39.342360979747085,1064.313,968.4256,968.4255,243.95334499999998,0.9532750000000001,0.000678333333333325,0.0013933333333333,0.0006,0.007498333333333275,0.0144983333333333,0.0,925.2734375,939.3828125,101257.38125,-2.420973025e-06,0.8516387937500001,247.67924374999998,937.4505573534699
2022-01-03 20:00:00,-22.89242968405637,1.1586694955075183,55.23705794052192,791.1255,657.3105,127.7104,256.79104666666666,5.8595500000000005,0.0004,0.0013,0.0001,0.004931666666666625,0.013724999999999975,100.0,481.53125,518.41015625,100613.47750000001,-9.3359269e-06,0.3003501925,272.96533,495.6868033081625
2021-10-15 17:00:00,-8.217746934617427,0.7308615795038066,25.278759741523505,1251.2101,1151.3807,1151.3807,275.227205,0.7850366666666666,0.0007,0.0020733333333333,0.0002,0.0035,0.015889999999999974,0.0,1015.371125,1042.9687812500001,100300.7475,-1.98784985e-06,0.0,243.84780625,1123.606616325063
2021-11-18 17:00:00,-19.05685437654019,0.7017014557974166,19.637164226072752,1311.4362999999998,1168.3179,1168.318,263.196415,2.6572816666666665,0.0005,0.003678333333333325,0.0001,0.00469166666666665,0.0150833333333333,0.0,1037.05078125,1063.2187812500001,100449.35,-1.6806589249999998e-06,0.0,259.412785,1123.6965120460266
2021-12-02 10:00:00,-21.84754604183108,3.034979267553826,77.44599459112335,331.68879999999996,236.68626666666668,25.347333333333335,264.60762,8.899191111111113,0.0009000000000000001,0.0015688888888888669,0.00017777777777776665,0.013546666666666632,0.019468888888888865,100.0,250.84375,305.390625,101840.5,-2.97056975e-06,0.13099670500000002,278.996925,92.37444564305406
2022-03-08 13:00:00,-5.185025855076702,0.99232944777339,48.252704368440114,930.9064,756.6782,352.4119,258.8812233333333,13.750874999999999,0.0017366666666666498,0.0003,0.0001,0.03651166666666662,0.02217166666666665,100.0,566.03125,797.08984375,101789.14749999999,-9.8441669375e-06,0.99975967375,276.61261375,563.0420711974109
2021-05-22 19:00:00,20.225817502480506,1.525700878208281,64.34879718314872,597.7891999999999,520.9716999999999,520.9716,263.842365,0.96889,0.0007,0.0002,0.00067166666666665,0.005348333333333325,0.01177666666666665,-0.43333333333333335,401.29296875,402.75390625,100738.14,-4.3897306875e-07,0.0,241.09223874999998,482.6321467098166
2021-10-15 20:00:00,-8.217746934617427,1.5176282930055562,64.20217647303596,598.3573,519.7023,519.7023,274.1080583333333,0.9739916666666666,0.00058666666666665,0.000624999999999975,0.0002,0.00320666666666665,0.013141666666666624,0.0,363.14453125,372.859375,100164.20375,-5.38741015e-07,0.0,242.99317875,472.11614527148504
2021-10-04 17:00:00,-4.0291293252405,0.7468261393632878,27.760759147406436,1221.9468,1094.3020000000001,1094.3018,274.72235333333333,1.9143983333333332,0.0038016666666666503,0.002103333333333325,0.00120666666666665,0.019664999999999974,0.029670000000000002,0.0,981.6952812499999,1002.7773124999999,100258.853125,-4.578149e-06,0.0,249.8265575,1087.9539733908666
2022-04-30 12:00:00,14.521556918387134,1.7869963081824003,68.31408929557186,516.1877999999999,412.878,266.91380000000004,240.31155,4.704293333333334,0.0012,0.001844999999999975,0.0001,0.0145,0.013938333333333325,80.08333333333334,441.80859375,465.29296875,101913.765625,-1.4001561625000001e-06,0.0,276.03679375,389.77885652642937
2021-12-05 11:00:00,-22.274409999983057,1.5310766237829645,64.44547943276201,595.5694,452.6543,116.5382,256.890715,16.379065,0.0044,0.0001,0.0,0.026099999999999974,0.01367499999999995,100.0,50.44921875,492.51953125,102328.88375000001,-2.0228966375e-05,0.99549865625,280.6489875,234.53793599424665
2022-02-01 20:00:00,-17.335338734678597,1.142798472816791,54.68241068157657,801.1024,646.4762000000001,50.3033,251.82288,12.074273333333334,0.0018,0.0001,0.0001,0.014783333333333325,0.019693333333333327,100.0,304.26171875,509.328125,101461.99375,-2.13974565e-05,0.58142854375,278.96432374999995,172.16468896080542
2022-03-12 15:00:00,-3.618856729348031,0.7340723331067995,25.804633513198777,1255.0255,1075.749,908.7371,259.6977516666667,7.7994433333333335,0.002309999999999975,0.00037666666666665,0.0001,0.023094999999999977,0.010331666666666624,28.633333333333333,840.71484375,1057.8398124999999,101346.86812500001,-2.7895032500000002e-05,0.035167695,274.9115725,898.5634663790004
2021-10-18 17:00:00,-9.326646848826442,0.7272014622234656,24.660679274813546,1258.191,1094.9989,1094.999,272.5946533333333,5.093305,0.00147666666666665,0.0008433333333333251,0.0002,0.01180666666666665,0.018356666666666625,0.0,957.24609375,1003.41796875,100821.68062500001,-5.4003614e-06,0.5327339125,270.4560225,1095.019777058612
2022-04-20 12:00:00,11.241196996341696,1.6820605778498214,66.88343584794958,548.1272,465.4351,314.0955,246.1804883333333,1.37282,0.0009,0.00106666666666665,0.0003,0.00812666666666665,0.02659999999999995,92.61666666666666,520.96484375,522.8515625,101775.321875,-1.395965225e-06,0.27629470749999996,256.99914375000003,435.18158935634665
2021-05-16 13:00:00,18.911668338477188,1.3118703730723222,59.765801751959124,695.7698,604.8151,504.85609999999997,255.00617499999998,1.465088333333333,0.0014,0.0012,0.0033183333333332747,0.00871499999999995,0.024293333333333327,21.166666666666668,626.38671875,629.1796875,101982.9625,-1.2555975e-06,0.0,264.14441875,567.9090255303847
2021-12-22 11:00:00,-23.426039035075107,1.6079082077506013,65.74913207837163,563.8532,424.6764,115.71979999999999,260.788835,15.945511666666667,0.0019,0.0002,0.0,0.030208333333333323,0.01900666666666665,100.0,261.1484375,480.42578125,101784.38375000001,-1.188577175e-05,0.09595871125,279.42709,203.56886012225817
2021-10-11 17:00:00,-6.713437096439046,0.7361831897747073,26.1425400806696,1241.2496,1083.4684,1083.4683,265.20512333333335,4.25482,0.002643333333333325,0.002,0.001798333333333325,0.01734999999999995,0.023928333333333326,0.0,966.375,988.2969062500001,100950.23375,-2.843356925e-06,0.0,270.343405,1070.5681409564904
2021-09-04 15:00:00,7.48008085874097,0.8003517382682402,34.341965769138504,1137.3326000000002,1033.3906,1033.3905,267.78414166666664,0.99378,0.003,0.00100666666666665,0.000753333333333325,0.015348333333333325,0.03580166666666665,0.0,999.5449375000001,999.8984375,101269.06875,-2.959888625e-06,0.0,249.02639250000001,976.1236965120461
2022-02-16 11:00:00,-12.608992829198627,2.255324844098047,72.98160574453837,403.1587,282.96029999999996,134.8922,265.3389066666667,12.018701666666667,0.002758333333333325,0.0005,0.0,0.0357433333333333,0.07377666666666663,100.0,289.17578125,370.8046875,102314.21625,-2.6918307375e-05,0.0,280.20208625,204.85436893203882
2021-10-19 21:00:00,-9.692013480165492,3.0367324012192323,77.45337780695678,334.98693333333335,241.14213333333336,235.624,272.56742888888886,7.170031111111111,0.00202,0.0021799999999999667,0.0002,0.017042222222222198,0.022699999999999998,7.377777777777777,132.5703125,141.8046875,101475.28250000002,-1.2345844875e-07,0.0,273.935395,217.87126932757997
2022-02-18 12:00:00,-11.912220737160919,1.304925259811003,59.58773368435397,705.7699,564.8074,502.8051,257.822135,10.484390000000001,0.000948333333333325,0.0002,0.00016166666666665,0.013963333333333276,0.0222216666666666,16.900000000000002,578.07421875,619.6640625,101787.459375,-4.5316264375e-05,0.61934280375,280.25582375,505.0862998921251
2021-05-09 14:00:00,17.13836016387596,1.0141656052430792,49.345295660321774,895.7027,760.1451999999999,667.4986,243.00848499999995,4.353746666666667,0.0021533333333333,0.00143666666666665,0.001715,0.027233333333333297,0.0320083333333333,38.5,764.84765625,771.7754,101546.890625,-1.589913175e-06,0.030952452499999998,260.12562625,735.8558072635742
2021-10-24 14:00:00,-11.481805530408202,0.7378265771500748,26.401509864231656,1243.5226,1108.2169999999999,1108.2169,294.746495,2.4051299999999998,0.00173166666666665,0.001524999999999975,0.0001,0.007979999999999949,0.01071999999999995,0.0,879.72265625,1079.035175,101867.03125,-5.7012076875e-06,0.0,267.59944375,1102.8766630708378
2022-03-19 18:00:00,-0.856293179789177,0.8282536714103236,37.074492627569704,1103.0412999999999,926.3637,717.164,251.72716166666666,10.179658333333334,0.0015,0.0001,0.0001,0.016089999999999976,0.05303666666666662,35.7,698.98046875,822.84765625,101386.85,-1.3903743875000001e-05,0.13925933750000002,277.64129375,869.9856166846458
2021-10-25 13:00:00,-11.83155980206098,0.852865127206712,39.21187637621451,1075.6946,933.4110000000001,933.4111,296.6429166666667,3.467261666666667,0.00224499999999995,0.00094166666666665,0.0001,0.010548333333333274,0.0125383333333333,0.0,964.5742,964.89453125,102022.99375,-2.1176237625e-06,0.0,268.1169125,903.685724559511
2022-03-14 11:00:00,-2.83133541238714,2.7006193038750235,75.85747476289481,383.3025333333333,283.57733333333334,60.4232,254.25066666666666,8.834817777777777,0.0009000000000000001,0.0014,0.0001,0.011955555555555534,0.018395555555555533,100.0,247.8125,355.15625,102071.77999999998,-9.12381815e-06,0.011428833,276.704835,103.3105597506892
2021-06-10 13:00:00,22.958939285626407,1.4611332484259854,63.12510644555335,626.8473,546.2166,544.9074,256.1819,0.872985,0.001433333333333325,0.001039999999999975,0.002768333333333325,0.01243666666666665,0.022846666666666623,0.0,572.59765625,573.3515625,102423.4125,-1.0213425125e-06,0.0,255.30817374999998,512.5961884214311
2021-12-28 11:00:00,-23.298866337354657,1.6494234881884684,66.39795876890294,548.3366,419.92740000000003,40.7124,255.8070483333333,12.882246666666667,0.0007,0.0001,0.0,0.013999999999999974,0.018371666666666626,100.0,205.83984375,470.640625,102180.75,-3.76419925e-05,0.0,279.260225,89.7195253505933
2021-12-02 11:00:00,-21.84754604183108,1.5240719043878328,64.31935005460926,598.732,472.9635,71.02359999999999,265.10674500000005,8.222661666666667,0.0009,0.0015,0.0001,0.0131683333333333,0.0192066666666666,100.0,456.015625,526.4453125,101773.48375,-3.633293075e-06,0.08008193925,278.53996625,192.3750449478605
2021-07-29 19:00:00,18.945483229572343,1.3931765564457923,61.69799435538327,655.9833,546.5081,546.5081,277.052595,3.0550483333333336,0.001773333333333325,0.0004,0.0019866666666666,0.012319999999999975,0.028616666666666624,0.0,431.0859375,433.5078125,100963.31937499999,-9.2657862375e-07,0.0,256.762365,547.6663070837828
2021-05-08 20:00:00,16.86541417011425,2.3535556483842734,73.71344173520365,389.39689999999996,303.4245,32.335300000000004,242.88215333333335,3.21226,0.001,0.000958333333333325,0.001503333333333325,0.01266166666666665,0.0182583333333333,100.0,157.5625,199.73046875,101002.296875,-2.0727748125e-07,0.90183258125,264.3894125,124.04350952894643
2022-01-21 19:00:00,-20.08592570514902,0.8737621569718976,40.86349369261121,1057.1477,874.8294,185.0957,262.215615,13.782005,0.0012,0.0,0.0,0.01200166666666665,0.0072,100.0,672.96875,759.70703125,100831.296875,-5.4136355e-05,0.457298275,277.798675,643.0690399137001
2021-05-22 12:00:00,20.225817502480506,2.0741108383546596,71.44015020279073,446.68899999999996,379.23130000000003,279.2492,265.79005166666667,0.6845883333333334,0.00089666666666665,0.0003,0.0009,0.00687166666666665,0.015551666666666625,36.833333333333336,432.29296875,434.23046875,101884.64937500001,-5.08822275e-07,0.0,241.27259375,349.14599065084496
2022-01-12 13:00:00,-21.774833262915585,0.8814315281435497,41.436846411739,1047.0403000000001,861.5289,568.8407,255.20508999999998,11.728860000000001,0.0034533333333333248,0.0002,0.0001,0.04609333333333328,0.030103333333333298,40.43333333333333,650.625,906.4296875,101994.28125,-7.127243000000001e-05,0.005401611375,277.9909625,755.9061488673138
2021-10-12 19:00:00,-7.091951953457417,1.0487687450042749,50.95089818940998,869.092,748.6127,748.6127,265.23994166666665,2.600678333333333,0.0026,0.00276666666666665,0.0002,0.01385499999999995,0.0173016666666666,0.0,605.734375,616.109375,100111.86624999999,-1.54206643125e-06,0.0,249.2339425,728.2560230133046
2021-06-02 17:00:00,22.087517428904057,1.016096632440414,49.43881245371947,891.0595000000001,783.8142,783.8142,260.2551033333333,1.7178,0.00220166666666665,0.000783333333333325,0.0026299999999999752,0.016654999999999948,0.04486999999999995,0.0,710.2519374999999,710.8359375,101187.3275,-1.9454164125e-06,0.0,248.9462125,785.539374325782
2021-07-15 20:00:00,21.663912209970434,2.471044115136178,74.50923568044487,379.3953,295.9939,264.1317,271.1314266666667,3.1445716666666668,0.000969999999999975,0.00037999999999997503,0.0005,0.0076249999999999755,0.01881,19.416666666666664,185.998046875,190.88671875,100829.071875,-4.3277397500000005e-07,0.0,259.93758125,280.3451995685005
2021-11-20 16:00:00,-19.530779184666265,0.6657045869926214,6.8810128320574995,1385.0572,1208.4807,1208.4807,270.92426666666665,5.803885,0.00091666666666665,0.0020899999999999747,0.0001,0.010271666666666625,0.01819666666666665,0.0,1095.9453125,1141.2538875,100988.42874999999,-1.6090343625e-06,0.0024375915,266.97598875,1149.3617403811577
2022-03-08 15:00:00,-5.185025855076702,0.727353338263727,24.68673949235896,1267.9922000000001,1066.0144,748.6365000000001,260.10813666666667,13.262228333333335,0.0016,0.0003,0.0001,0.0343333333333333,0.022986666666666624,90.5,910.75,1054.46875,101516.72125,-4.661880749999999e-06,0.9790229725,276.265105,745.1312477526069
2021-06-23 13:00:00,23.45217923065783,1.5024862757680468,63.922402112421466,610.9972,496.2895,374.1191,266.01529999999997,4.974005,0.001798333333333325,0.0004,0.00145666666666665,0.0243833333333333,0.022099999999999974,41.85,503.7109375,533.92578125,101505.06937499999,-1.5551340625e-06,0.9819412224999999,259.98444,483.93563466379
2021-06-18 19:00:00,23.40001518935459,1.6082585978966468,65.75476244105954,571.1166,471.1647,336.5518,251.85191166666664,2.990013333333333,0.0012599999999999998,0.00051,0.0007,0.01226999999999995,0.015934999999999973,39.983333333333334,361.51171875,362.078125,100855.95999999999,-7.9532036875e-07,0.0,262.41851375,384.70693994965836
2022-04-07 18:00:00,6.533617825091418,0.9079830177287377,43.3020730863628,1001.7073,845.5002,577.4209,244.38847666666666,7.148348333333333,0.00098666666666665,0.001388333333333325,0.000383333333333325,0.01294666666666665,0.0573833333333333,100.0,666.7890625,740.44921875,100818.04000000001,-6.233691375e-06,0.8028907875,271.6331375,815.571736785329
2022-03-19 20:00:00,-0.856293179789177,1.4150284903232289,62.17391354084108,637.9245000000001,498.293,114.147,249.60585333333333,12.013811666666667,0.0014,0.0001,0.0001,0.016368333333333325,0.0587933333333333,100.0,286.87890625,371.72265625,101573.8125,-5.7019933500000004e-06,0.71623610625,278.46004,258.43401654081265
2021-05-08 15:00:00,16.86541417011425,0.9031871848700044,42.97804626813276,1003.5044,875.2686,680.9153,243.64620333333332,2.89228,0.001,0.0005,0.002145,0.01285666666666665,0.0193,73.9,817.7792812499999,859.04296875,101409.6625,-1.4868564875e-06,0.98813629375,259.98946375,600.7011866235166
2022-03-15 12:00:00,-2.43683372683265,1.4261156816956113,62.40903340811355,648.0078,520.697,386.4245,250.9607,8.244253333333333,0.00079,0.0003,0.0001,0.011068333333333274,0.017134999999999997,95.13333333333333,543.60546875,589.796875,102334.509375,-1.4251505625e-05,0.23001861875000001,273.2430925,501.504854368932
2021-09-19 14:00:00,1.8013605201454888,0.8260115117371516,36.86803310635767,1105.2749,940.6205,940.6205,278.74879999999996,7.233055,0.00218166666666665,0.0003,0.001035,0.0229283333333333,0.02078999999999995,0.0,937.265625,942.8203125,101097.321875,-3.0057563125e-06,0.83272169875,270.86006499999996,925.8180510607694
2021-10-06 19:00:00,-4.801239619491075,1.0639550394678274,51.61177530742027,856.2902,700.3739,359.512,264.147545,9.27706,0.003,0.0019916666666666503,0.0006,0.02365499999999995,0.0417933333333333,94.5,400.1953125,577.3359375,100971.6725,-9.6090372375e-06,0.88859175,275.3844625,181.3430420711974
2022-03-15 18:00:00,-2.43683372683265,0.8149389431195622,35.816390454141676,1122.3538,953.2543,869.2433,252.93978333333334,8.658871666666666,0.0007,0.0001,0.0001,0.0095,0.01616166666666665,33.85,677.4140625,859.75,101527.24312500001,-1.16176673125e-05,0.99090576,267.72215,961.6684645810859
2021-12-25 18:00:00,-23.397584244285124,0.7558667055511156,29.036573073427174,1224.026,1016.5464999999999,411.1083,251.221255,17.6954,0.0011,0.0,0.0001,0.015991666666666626,0.008748333333333275,97.0,352.8359375,912.078125,101457.79625,-3.5257631249999996e-05,1.0,279.904755,630.5609492988133
2021-09-30 16:00:00,-2.476939456228148,0.7143038251017407,22.299410472845672,1277.4385,1122.8272,1122.8271,262.97655,3.4912083333333332,0.003195,0.00197,0.0011,0.0192516666666666,0.029631666666666598,0.0,1017.89846875,1057.1562812500001,100661.41312499999,-4.202476775e-06,0.0,260.19679375,1114.7608773822367
2022-04-10 13:00:00,7.655330656380791,1.1051313205121118,53.285362745667015,830.1095,708.1218,708.1218,247.14355666666665,3.3768783333333334,0.0003,0.0011,0.0001,0.004448333333333275,0.02708166666666665,0.0,735.81640625,738.234375,101245.928125,-2.4683249625e-06,0.0,269.35708999999997,704.0237324703344
2021-09-05 15:00:00,7.112243968801179,0.7968190937930428,33.968154175792606,1142.4645,969.3121,969.3123,269.7659516666667,6.554903333333334,0.0082583333333333,0.00208166666666665,0.001,0.04835499999999995,0.06768166666666663,0.0,813.9824375000001,951.4453125,101568.94625000001,-2.410466575e-06,0.0061912537499999995,275.30449999999996,941.873426824883
2022-03-31 19:00:00,3.8552830125226754,1.0858046090708424,52.520306776561426,836.1909,695.102,695.1022,250.62081,7.249313333333333,0.000893333333333325,0.001171666666666625,0.0001,0.01055,0.02218999999999995,0.0,468.3125,573.046875,100843.428125,-5.0972159e-06,0.002708435,276.34080375,682.4919093851133
2021-07-12 15:00:00,22.094927378872317,0.9992931285939181,48.60832883835406,908.769,770.7277,694.0747,260.56329666666664,5.291266666666667,0.002055,0.00051666666666665,0.00137166666666665,0.021389999999999975,0.021031666666666626,15.633333333333333,758.5019374999999,758.66796875,101559.65625,-2.8994691249999996e-06,0.0,259.62814375,615.1420352391226
2021-09-02 12:00:00,8.209666695702609,1.5915855923904478,65.48381543198182,581.7066,470.87170000000003,352.1057,270.55736333333334,3.1634916666666664,0.004634999999999975,0.000648333333333325,0.0006,0.028131666666666624,0.0300666666666666,61.55,524.58203125,525.08203125,101792.28125,-3.6176934500000003e-06,0.0,267.0793875,451.8626393383675
2022-02-16 15:00:00,-12.608992829198627,0.7024278654121765,19.80264558150022,1318.4153000000001,1111.4176,1111.4176,264.64737333333335,12.570198333333332,0.0025,0.0005,0.0,0.029903333333333275,0.06805999999999998,0.0,1054.4257625,1110.6875,101734.80625,-0.000115039175,0.0,279.04206,1175.125854009349
2022-01-24 14:00:00,-19.405991243746065,0.7574151427909535,29.247000709723164,1223.0961,1018.2268,456.0451,252.02591833333332,16.157205,0.001,0.0,0.0001,0.0224933333333333,0.009,47.766666666666666,738.66796875,1028.4257625,101617.5875,-7.22517725e-05,0.5323181125,278.98516875,338.5113268608414
2021-05-27 20:00:00,21.163504364849103,2.7203798407380213,75.96254071561765,342.5086,246.4232,23.1411,259.58192833333334,9.157235,0.0014,0.0002,0.003098333333333325,0.01716,0.04088,100.0,113.40234375,160.16015625,100902.759375,-3.213936025e-07,0.80194090625,269.10812,199.92628550880977
2021-11-19 13:00:00,-19.296742271078454,0.8281533174053045,37.06529688476743,1113.0184,953.1409,914.0292,270.1682016666667,5.946315,0.0008,0.0022,0.0002,0.00986499999999995,0.02327166666666665,0.55,872.80078125,971.07421875,101732.478125,-1.014734175e-06,0.7375068687499999,270.30363750000004,937.7921610931319
2022-03-23 12:00:00,0.7234441253853318,1.4708966358681088,63.31789725388262,628.1935,509.1614,358.12940000000003,252.24087833333334,4.15747,0.0013,0.0013,0.00015999999999999999,0.015739999999999976,0.05878,58.699999999999996,480.05078125,567.828125,101503.046875,-6.429152625e-06,0.0,278.0080375,529.618842143114
2022-03-10 11:00:00,-4.403703272840077,2.627082843069507,75.45214105470114,392.09200000000004,281.9644,188.312,254.34092222222225,11.849148888888891,0.0016,0.0004,0.0002,0.031482222222222196,0.021773333333333266,24.333333333333332,331.328125,363.328125,101682.69,-1.5557743500000001e-06,0.45530701,278.59485,276.6870430300851
2021-11-13 14:00:00,-17.773343755449314,0.72156377223435,23.666223387755963,1277.0187,1096.7801,905.5551,262.0827433333333,6.96898,0.003003333333333325,0.006809999999999975,0.0001,0.02144499999999995,0.025529999999999976,98.16666666666667,1055.4101875000001,1085.78125,101035.43062500001,-2.2878288125e-05,0.5829353275,273.7772475,910.3146350233728
2021-12-17 12:00:00,-23.317297340193075,1.0729698756627255,51.992474519953554,856.4748999999999,691.7364,577.2705,256.64188666666666,13.222788333333334,0.001766666666666625,0.000553333333333325,0.0001,0.023436666666666627,0.01764999999999995,14.266666666666666,487.5859375,735.52734375,101971.6875,-2.4888286875000002e-05,0.0,277.777895,754.848975188781
2022-02-25 19:00:00,-9.38018590845197,0.9168466954065614,43.88708644329915,998.5976,822.5143,822.5143,258.8226,12.348645,0.0018316666666666499,0.0002,0.0001,0.029794999999999974,0.019651666666666623,0.0,689.15625,712.19140625,101220.21625,-1.7474230875e-05,0.3679580625,275.02563625000005,820.2535059331176
2022-04-03 13:00:00,5.012299701517073,1.0755642823750846,52.100492811545905,854.4172,745.183,745.1831,251.3594,2.1373033333333336,0.0007633333333333251,0.001959999999999975,0.000138333333333325,0.00737166666666665,0.02006999999999995,0.0,780.94140625,782.4296875,101569.72125,-2.2300228e-06,0.10980224499999999,257.71607500000005,734.1819489392306
2021-12-16 14:00:00,-23.272224064091127,0.7281293746584977,24.819329459573385,1271.4974,1069.5303,578.8166,257.50721,13.384473333333332,0.001705,0.0011883333333333249,0.0002,0.019345,0.02247666666666665,81.05,865.26953125,1067.79295,101653.13187499999,-4.0475424375e-05,0.1026039125,277.67375625,945.7137720244516
2021-07-28 12:00:00,19.175893145969926,2.2336343876255875,72.81092593355154,421.475,337.9817,204.14090000000002,286.24008333333336,1.6573866666666666,0.0035,0.0009,0.0017,0.018665,0.0426883333333333,64.33333333333333,389.677725,393.7949125,102052.259375,-6.218615425e-07,0.0,262.443155,321.43833153541885
2022-03-29 15:00:00,3.077709846778854,0.770339238618159,30.92124736546589,1189.7404999999999,1054.8138,1054.8139,254.26385666666667,2.694315,0.0005,0.00068666666666665,0.0001,0.004623333333333325,0.011365,0.0,1041.7109500000001,1042.1015750000001,100889.74312500001,-5.8024306875e-06,0.0,258.35309125000003,1026.1057173678532
2021-05-05 13:00:00,16.018996635501978,1.2406582621631737,57.82766078125499,735.7278,591.5597,459.2966,242.4982033333333,8.448146666666666,0.005619999999999975,0.000844999999999975,0.00229999999999995,0.04207999999999995,0.04426666666666665,97.66666666666667,525.49609375,631.26171875,101765.765625,-2.1398009499999997e-06,0.26544952374999997,277.196375,513.9374325782094
2021-10-07 17:00:00,-5.1859494117029605,0.7420474456146811,27.05098290679021,1230.5149000000001,1051.293,631.8527,265.77153,9.341135,0.00109,0.0005,0.0007,0.008419999999999976,0.015528333333333274,87.86666666666667,831.20703125,959.98828125,100493.56937499999,-2.8545910125e-06,0.32138061375,271.41180625,542.8263214670981
2021-05-20 20:00:00,19.810005539497073,2.6055855230189167,75.32917974094784,355.451,277.8974,234.85660000000001,256.7333933333333,2.53693,0.001,0.0002,0.00227666666666665,0.010208333333333274,0.017724999999999977,15.583333333333334,176.8125,178.17578125,100768.6225,-2.286979e-07,0.14819336374999997,249.15075000000002,241.58935634663789
2022-03-27 17:00:00,2.296035656487048,0.7671311663244118,30.518623950011257,1191.2697,1029.606,1029.6059,254.32414666666665,5.8858500000000005,0.0005,0.00062666666666665,0.0002,0.0061,0.037971666666666626,0.0,944.59765625,952.03515625,101218.64749999999,-1.53685395e-05,0.22938919125,265.85452,1012.8730672419993
2021-06-25 16:00:00,23.424679586459934,0.9842492720880208,47.83121007950737,920.5761,828.9769,731.4585,276.3326783333333,0.8000483333333334,0.001563333333333325,0.000825,0.0022,0.0142566666666666,0.028981666666666624,22.783333333333335,757.1171875,774.23046875,101196.353125,-2.4544132625e-06,0.51406479125,241.9164075,780.0449478604818
2021-06-25 19:00:00,23.424679586459934,1.5936406915917087,65.51755013605388,576.7081,495.8135,495.8135,274.87325166666665,0.9691866666666666,0.0016,0.0007,0.001994999999999975,0.013634999999999975,0.02812166666666665,0.0,360.48046875,380.4375,100715.88187499999,-1.00611945e-06,0.598525985,240.93006,485.2624955052139
2021-08-18 18:00:00,13.355994618466495,0.9909115911135123,48.1794405595371,915.8679,814.1658,814.1658,272.020435,1.0916316666666668,0.002091666666666625,0.0007083333333333249,0.0014,0.011843333333333326,0.0765733333333333,0.0,709.11328125,709.33984375,101065.859375,-1.455016925e-06,0.0,243.8037075,787.0118662351672
2021-11-10 19:00:00,-16.939901750996164,0.9831418090527567,47.772679682909306,928.4593,771.0364,637.0096,277.09725000000003,7.887983333333333,0.00255666666666665,0.0029683333333333,0.0003,0.01986499999999995,0.026004999999999973,20.666666666666668,550.08203125,634.859375,100797.015625,-1.1129159e-05,0.0013542175,277.81380125,744.507371449119
2021-08-17 16:00:00,13.674443608872464,0.8394141459013422,38.07189556748363,1081.2962,986.6981000000001,986.698,278.2562566666667,0.7938533333333333,0.00108666666666665,0.0002,0.000984999999999975,0.0062199999999999755,0.0292733333333333,0.0,924.9081874999999,925.2421875,101357.83687500001,-2.1566811e-06,0.0,250.98665,958.5041352031642
2021-08-25 19:00:00,11.034046063021137,1.2216326353576876,57.26403927403857,744.0957999999999,653.0278,402.5406,277.68814333333336,1.26335,0.002039999999999975,0.00084,0.000558333333333325,0.008578333333333299,0.0232433333333333,37.083333333333336,515.1875,518.46484375,100559.3375,-7.1219983625e-07,0.0,239.06468125,531.5875584322187
2021-11-19 18:00:00,-19.296742271078454,0.7886948303566083,33.08132745553655,1163.9169,991.3592,936.4596,272.33249333333333,7.934571666666667,0.000838333333333325,0.00185499999999995,0.0002,0.01094999999999995,0.02262999999999995,1.8499999999999999,789.90625,875.2265625,101015.296875,-7.300987e-07,0.10494231874999999,268.8039425,958.982380438691
2021-10-25 10:00:00,-11.83155980206098,3.7944262296699565,79.99395309274516,318.73199999999997,234.35340000000002,35.7578,297.51516333333336,3.6206,0.0030233333333332998,0.0014933333333333,0.0001,0.015226666666666649,0.015819999999999952,83.0,318.41015625,318.6875,102573.45375,-3.4444383375000004e-07,0.0,267.53715124999997,211.47428982380438
2022-03-03 16:00:00,-7.117229867887649,0.6923150771522402,17.327826771187233,1332.1909,1129.1354999999999,1129.1354999999999,257.24799,11.319968333333334,0.003148333333333325,0.0005,0.0002,0.03888499999999993,0.026651666666666626,0.0,1028.1250312500001,1099.652325,101167.109375,-4.5117543750000004e-05,0.069641113625,277.27063125,1097.0388349514562
2021-08-25 12:00:00,11.034046063021137,1.7254838362463778,67.49836383056949,538.8049,449.4119,289.5362,271.030225,2.0958566666666667,0.001506666666666625,0.00039166666666665,0.0006383333333333,0.00807999999999995,0.02366166666666665,12.049999999999999,499.8125,501.953125,101071.4,-7.705621e-07,0.0,251.15467625,427.5278676734987
2021-11-13 19:00:00,-17.773343755449314,0.9767183715850155,47.42948430737341,934.8333,783.2301,700.5766,260.81666666666666,6.325168333333334,0.00254666666666665,0.006855,0.0001,0.015809999999999977,0.025999999999999947,14.683333333333332,573.9453125,644.4453125,100368.9375,-8.44110055e-06,0.016792296999999998,272.30046125,691.957928802589
2021-12-13 10:00:00,-23.090758690794445,3.1624765981553473,77.96109085809375,355.501,270.5824,198.2256,261.1632533333333,3.1308966666666667,0.0006,0.0047,0.0001,0.00596999999999995,0.01472666666666665,20.233333333333334,328.8984375,345.765625,101368.609375,-2.9023387750000002e-05,0.0,270.27931375000003,252.49910104279036
2021-09-28 12:00:00,-1.6984268908927718,1.264287017704863,58.49946506086197,725.2855999999999,582.6113,293.543,259.9708066666667,6.015766666666667,0.00740499999999995,0.000935,0.00092166666666665,0.05967833333333328,0.03132499999999998,99.13333333333333,644.2734375,642.0859375,101935.203125,-1.79288325e-06,0.0,277.30464374999997,472.4217907227616
2022-02-21 14:00:00,-10.843653972722851,0.7883662247443687,33.04462568957281,1173.7919000000002,1003.6462,788.5762,259.78617333333335,6.60275,0.001703333333333325,0.000725,0.0002,0.02166999999999995,0.030764999999999976,61.7,956.05466875,1021.2382625,101421.04625,-4.5367866e-05,0.0,273.29341,384.0435095289464
2021-11-26 19:00:00,-20.806526282480835,0.9496117900420309,45.90720942999421,963.38,795.4197,630.8486,262.93123333333335,11.438143333333333,0.0012,0.0005,0.0003,0.0131,0.021806666666666627,43.55,582.984375,664.671875,101003.275,-3.311355325e-05,0.47076416,272.5910675,521.0625674217907
2021-06-24 18:00:00,23.441880878089584,1.2008337451415083,56.62313145999193,758.2231,663.3779,663.3779,280.5736616666667,1.3028883333333334,0.0014,0.0003,0.002049999999999975,0.007836666666666624,0.0548,-0.24999999999999997,562.85546875,563.1171875,101066.21875,-1.65821985e-06,0.0,257.32615,665.2966558791801
2022-04-11 18:00:00,8.025071516006154,0.9279110020663904,44.5933483199561,979.5147,884.2999,884.3001,252.244185,1.11009,0.0003,0.0010433333333333,0.0001,0.0029,0.0118,0.0,761.171875,762.91015625,100323.15,-1.7681450124999998e-06,0.0,244.30129,854.8543689320388
2021-11-08 17:00:00,-16.35975054890701,0.7079927340898251,21.018331047792998,1297.2704,1139.1318,1139.1317,277.596605,3.84539,0.00154166666666665,0.0037,0.0002,0.010956666666666625,0.0154966666666666,0.0,1002.0898124999999,1033.0194999999999,100696.515625,-3.48157485e-06,0.14133834750000002,265.34179125,1134.8435814455231
2021-11-18 13:00:00,-19.05685437654019,0.8282849512841041,37.07735804284725,1112.6556,982.1798,982.1797,263.18709666666666,2.453238333333333,0.000723333333333325,0.003214999999999975,0.0001,0.0073716666666666245,0.020139999999999974,0.0,979.03908125,992.84375,101166.6875,-1.6042322125000002e-06,0.12054824750000001,263.003775,961.7943185904351
2022-04-18 15:00:00,10.545558035999763,0.8298283582915805,37.21824091798028,1097.7834,975.2195,975.2194,239.89026,2.4296166666666665,0.0003,0.00045833333333332503,0.0001,0.00319166666666665,0.00715,0.0,942.015625,942.4609375,101566.85875,-2.1613087e-06,0.0,267.09676375,945.4512765192376
2021-05-23 20:00:00,20.425130778346663,2.658662887110592,75.62904780667375,349.2724,274.8712,168.7335,267.70201333333335,1.5348566666666668,0.002396666666666625,0.00099166666666665,0.003116666666666625,0.0171233333333333,0.032171666666666654,66.75,173.126953125,177.58984375,100941.64937500001,-1.909793325e-07,0.22308349562500002,243.1745075,169.43185904350952
2021-10-23 12:00:00,-11.1291639254225,1.0994763871963775,53.06508435563583,833.3024,714.3893,661.8403,275.55097666666666,2.9135766666666667,0.000528333333333325,0.001078333333333325,0.0001,0.00286166666666665,0.009331666666666625,4.0,760.1171875,760.46875,101116.80562500001,-1.3827812125000001e-06,0.1954917925,263.0828475,679.7015462064005
2022-02-11 14:00:00,-14.289328586144947,0.7757846873455374,31.58664039975447,1193.6637,1019.9412,983.4319,262.02321666666666,7.232596666666667,0.001065,0.0015899999999999751,0.0,0.010948333333333275,0.04410333333333333,3.45,895.046875,1032.63671875,101324.328125,-0.00013292348125,0.0,279.1077,1061.8446601941746
2021-12-24 14:00:00,-23.41488559973962,0.7330652707104478,25.641268673297155,1263.4449,1056.2851,732.4453,250.52564833333332,15.376973333333332,0.00190666666666665,0.0,0.0,0.023658333333333302,0.0070299999999999755,44.06666666666666,860.453125,1056.2929875,101386.5,-5.424814375e-05,0.0134620666875,279.6357125,960.0539374325782
2021-06-09 13:00:00,22.873220569233247,1.4564880792289552,63.03235723204676,628.7388,540.6679,415.8527,261.43424166666665,1.2821683333333334,0.001698333333333325,0.001,0.002833333333333275,0.0159616666666666,0.03230499999999995,96.5,562.546875,573.2265625,102037.515625,-1.054373575e-06,0.30822754375,255.96722625,453.90507011866237
2021-06-03 17:00:00,22.219372079272322,1.0183840557811972,49.54896244895612,889.1242,787.7259,787.7257999999999,267.2857,1.09998,0.00381,0.001,0.0026,0.022264999999999976,0.054776666666666654,0.0,713.1074062499999,711.8828125,101119.63187499999,-2.1150626875000003e-06,0.0,247.98604375,795.0485436893204
2021-11-02 20:00:00,-14.511719037234068,1.4219841789321677,62.321906586555016,636.9421,503.4686,135.0082,270.43310833333334,9.431245,0.0023883333333333248,0.00278999999999995,0.0002,0.017979999999999975,0.019413333333333324,100.0,303.21875,369.0,100979.3125,-1.01146181625e-06,0.29300689375,275.91454375,373.0942107155699
2022-01-13 17:00:00,-21.614433766280886,0.6807115354798935,13.856661026235768,1363.9868999999999,1165.4492,994.7006,255.75779166666666,8.089453333333333,0.005943333333333325,0.0001,0.0001,0.048621666666666626,0.02015999999999995,22.200000000000003,1061.2226249999999,1098.6992375,101526.015625,-8.02417325e-05,0.22442245624999999,274.93682875,1094.6296296296296
2022-01-11 12:00:00,-21.928159652146032,1.1470048444492669,54.831276460363824,798.6781,637.6304,465.67539999999997,254.62815666666665,10.983013333333334,0.002998333333333325,0.0001,0.0002,0.044598333333333275,0.029549999999999976,63.86666666666667,582.06640625,700.984375,102017.82875,-5.6149233749999995e-05,0.12069702,279.23687625,391.7691477885652
2021-06-10 18:00:00,22.958939285626407,1.2007094811679149,56.6192212386205,757.2068999999999,662.631,644.2882,253.18809499999998,1.56947,0.00141166666666665,0.0015383333333333,0.002,0.0102533333333333,0.02272166666666665,5.25,559.8203125,561.12890625,101661.22750000001,-1.2939562750000001e-06,0.0,252.30199000000002,665.3991370010788
2021-06-05 17:00:00,22.46364309335607,1.0225949312349114,49.749981480268744,885.6016999999999,771.0153,719.7432,263.239335,2.2014283333333333,0.00136166666666665,0.0003,0.00246999999999995,0.0145133333333333,0.05817499999999998,34.36666666666667,686.31640625,698.0918125000001,101084.52875,-2.248532875e-06,0.2840576175,244.4101175,794.6943545487235
2021-10-27 16:00:00,-12.521944252047032,0.6784776332194254,13.069525113009943,1352.1462000000001,1170.7306,1170.7305000000001,288.0031666666667,6.006338333333334,0.004048333333333326,0.001,0.0002,0.03309999999999998,0.024269999999999976,0.0,932.11328125,1109.015625,101502.485,-1.99227365e-06,0.064453125625,269.93627,956.5498022294138
2021-12-22 14:00:00,-23.426039035075107,0.7317627137135104,25.427844141196438,1265.5976,1056.6013,544.4150999999999,258.91299,15.919671666666668,0.001313333333333325,0.0001,0.0,0.02354999999999995,0.015779999999999975,100.0,740.82421875,1059.15234375,101508.9525,-1.8415012124999998e-05,0.14422225875,277.397765,516.103919453434
2021-12-05 10:00:00,-22.274409999983057,3.056826510364431,77.53738322697993,328.74693333333335,223.83413333333337,24.596666666666664,256.6402511111111,16.537313333333334,0.0044,0.0001,0.0,0.025857777777777768,0.014073333333333299,100.0,33.03125,280.296875,102270.75,-1.3673911000000001e-05,0.9963989249999999,280.284545,59.333573055255904
2022-04-12 20:00:00,8.392577575298015,1.784352552469935,68.28027988993969,507.1398,430.03110000000004,425.58770000000004,254.46596333333332,1.3516883333333332,0.0004,0.0003,0.0002,0.0033899999999999746,0.015624999999999976,4.133333333333334,288.1328125,294.66796875,100421.775,-4.2402461875e-07,0.0,241.86636,372.2150305645451
2021-12-12 18:00:00,-23.01496090956468,0.7665815313143667,30.448820092332333,1203.5749,1048.4202,811.0632,263.5667666666667,4.284561666666667,0.0006,0.0030933333333333,0.0001,0.0057083333333333,0.0154166666666666,74.61666666666667,931.52734375,941.984375,100370.49312500001,-9.034643875e-05,0.124317166875,266.65072499999997,1053.1283710895361
2021-10-02 14:00:00,-3.2540993104322586,0.7833016239588223,32.470354613302625,1166.9437,1033.4048,907.9298,273.451905,2.1037416666666666,0.0055866666666666495,0.0020783333333333,0.00308,0.033279999999999976,0.03701166666666662,23.566666666666666,1028.69533125,1027.91408125,100986.475,-7.407332375e-06,0.37757873124999997,257.04854875,1020.1546206400575
2022-02-06 13:00:00,-15.869710715406242,0.9262683154059042,44.49011522875495,997.2756999999999,831.6193,706.8878,260.4509116666667,8.20932,0.0016,0.0025,0.0,0.018808333333333302,0.04944999999999995,93.4,438.2890625,867.32421875,102151.38125,-7.493799875e-05,0.0,277.070305,773.9230492628551
2022-01-02 17:00:00,-22.979341669118796,0.6830015602529491,14.615529622078148,1358.6278,1193.6648,1193.6647,260.087015,4.3760200000000005,0.0004,0.001979999999999975,0.0001,0.0039,0.0184133333333333,0.0,1109.5117,1120.56245,100619.53125,-5.4414848875e-05,0.0,265.42174875,1188.6551600143832
2022-01-11 18:00:00,-21.928159652146032,0.7456718382095077,27.591682753189758,1243.216,1038.3886,665.9034,252.22608666666665,12.467013333333334,0.003859999999999975,0.0002,0.0002,0.05098,0.03351499999999995,90.46666666666667,770.578125,948.20703125,101357.296875,-8.8191302e-05,0.07758712625,280.04097624999997,609.5217547644731
2022-01-05 13:00:00,-22.69589488082858,0.8702742853810367,40.59716234684147,1060.6411,883.037,651.2719,259.6071483333333,11.116573333333331,0.0012,0.00093666666666665,0.0004,0.015381666666666651,0.02713166666666665,40.81666666666667,410.21875,905.05859375,101700.678125,-2.06412225e-05,0.0024604797375,277.41711250000003,772.0909744696153
2021-09-07 18:00:00,6.370917587138424,0.9171578820103756,43.90730769083448,990.3238,843.4199,765.688,271.98016,5.375255,0.002354999999999975,0.00023,0.00114,0.02154,0.023046666666666625,44.91666666666667,626.359375,736.5859375,100197.35,-1.4142133e-06,0.8611869999999999,259.71887749999996,920.8198489751887
2021-09-23 17:00:00,0.24877954527974486,0.7674078608208323,30.553671953509774,1186.7832,1007.8813,848.817,278.7036033333334,6.841361666666667,0.006866666666666649,0.002804999999999975,0.00116,0.0507,0.059828333333333275,52.85,693.01953125,924.7734375,101263.16500000001,-3.1369330125e-05,0.8511886625,273.60118875,857.7454153182307
2022-04-03 14:00:00,5.012299701517073,0.8742620636697287,40.90137539332833,1048.5391,930.936,930.9358,250.55410166666667,2.112563333333333,0.000643333333333325,0.001689999999999975,0.0001,0.006119999999999975,0.016591666666666626,0.0,937.5859375,939.43359375,101415.196875,-2.977903925e-06,0.19327545000000002,255.27284875,926.8608414239482
2021-05-04 17:00:00,15.727950717208849,0.9129768073541397,43.63383619744647,991.741,855.1953,732.2396,243.91481666666667,3.7987483333333327,0.0014,0.0005,0.002356666666666625,0.016659999999999973,0.0366933333333333,30.516666666666666,758.5234375,787.48828125,100933.3375,-1.0988442375e-06,0.52689361875,258.55901125,839.4462423588636
2021-10-18 19:00:00,-9.326646848826442,1.0343921313685631,50.30137915913953,881.4393,741.6938,638.7409,272.91297,5.511008333333333,0.00141,0.000648333333333325,0.0002,0.011591666666666625,0.01855166666666665,44.166666666666664,568.76171875,610.33984375,101050.54000000001,-8.176430125e-07,0.614276875,274.3974075,618.1984897518878
2021-07-20 16:00:00,20.822789380160284,0.9380062187314151,45.2158432221267,967.0176,829.8284,829.8285,269.3990416666667,3.99285,0.0026933333333333254,0.0008033333333333251,0.00264666666666665,0.023069999999999976,0.037869999999999945,0.0,795.2421875,795.44336875,101316.34375,-3.1888484749999996e-06,0.00490188625,256.27011250000004,820.8917655519597
2021-11-21 12:00:00,-19.758862746599252,1.0428497609246494,50.686382996912656,881.8854,724.8834999999999,555.3068000000001,264.2031733333333,9.493343333333334,0.0013316666666666498,0.0012,0.0002,0.017149999999999974,0.026249999999999975,89.11666666666666,761.4609375,763.15625,101711.546875,-8.123752250000001e-07,0.037994385,274.53246875,689.9766271125494
2021-11-22 10:00:00,-19.980892348271666,3.0320157520205244,77.43349402745946,334.1702666666667,236.14706666666666,140.0644,255.64224888888887,11.864602222222222,0.0009000000000000001,0.0009000000000000001,0.0001,0.011393333333333299,0.020128888888888866,100.0,298.078125,304.703125,101737.34500000002,-6.285263200000001e-07,0.55155946,277.97700499999996,149.85736545607094
2021-11-23 17:00:00,-20.196769243998993,0.6989965706630787,19.00567596196544,1317.844,1107.4798,785.1816,258.487805,13.290771666666668,0.00378666666666665,0.0025,0.0002,0.04025999999999995,0.035038333333333324,95.6,979.7187187499999,1025.9179374999999,101054.09375,-4.6299914875e-05,0.7349471999999999,274.77921375,645.0467457749011
2021-09-16 16:00:00,2.958950114236246,0.7450864981148719,27.505377892027976,1221.7843,1053.9615,943.2363,276.86174166666666,5.97045,0.00367499999999995,0.0003,0.0014383333333333249,0.02553999999999995,0.032584999999999975,43.983333333333334,967.7167875,1000.09375,101236.259375,-4.68123475e-06,0.7934684725,270.5108775,1091.477885652643
2021-07-31 12:00:00,18.46914579768178,2.1835245567169617,72.40301155858577,430.765,333.0127,207.1651,284.54142,4.2641,0.002545,0.0005,0.001448333333333325,0.015511666666666625,0.041496666666666626,40.56666666666666,394.734375,394.634775,102068.95375,-8.681963750000001e-07,0.0,262.8399375,321.77274361740376
2022-04-24 17:00:00,12.595077537552207,0.8705793906130095,40.62060287000717,1042.676,941.6178,845.4883,250.26130666666666,1.3300883333333333,0.0004,0.001723333333333325,0.0003,0.0041,0.01109166666666665,76.65,858.31640625,857.33203125,100746.078125,-1.7434067375e-06,0.0,246.679245,891.5498022294138
2021-09-06 20:00:00,6.742493857141795,1.7598767966863436,67.96205975780936,517.8115,406.6008,221.9798,273.29528500000004,4.2223733333333335,0.004793333333333325,0.001496666666666625,0.0007,0.0325883333333333,0.03743,64.18333333333334,251.189453125,281.72265625,100367.578125,-4.9290249e-07,0.16246414,261.45276875,350.74253865516
2021-07-27 12:00:00,19.401025123164494,2.2496582232750075,72.9373483480593,418.58000000000004,335.7822,212.3446,275.0292533333333,1.7876616666666667,0.003414999999999975,0.001,0.00219166666666665,0.017789999999999973,0.035078333333333274,53.849999999999994,383.8769625,392.19336875,102016.609375,-5.90331185e-07,0.0,262.9101625,315.9654800431499
2022-04-08 20:00:00,6.909511809950204,1.7100144438478082,67.28319414977436,528.5678,416.0387,350.057,247.0093333333333,6.8035499999999995,0.0008,0.0007,0.0002,0.01050499999999995,0.03379999999999995,16.299999999999997,284.4453125,295.56640625,100937.234375,-5.1452661625e-07,0.1508865375,275.7095825,401.3304566702625
2021-08-07 15:00:00,16.64759119582359,0.9109731728854318,43.50140436743234,997.9096999999999,899.1029,874.1659,275.44581500000004,1.0220183333333335,0.00212666666666665,0.001,0.0031,0.009606666666666649,0.043184999999999946,5.5,878.5917812499999,878.9590000000001,101447.58687500001,-1.69017585e-06,0.22948455625,248.059775,865.5339805825242
2021-08-23 16:00:00,11.713151095675128,0.818058547549011,36.11824976494447,1109.8861,1007.3376,1007.3376,266.149025,0.7388683333333332,0.00346666666666665,0.00093166666666665,0.0019,0.0172933333333333,0.0743483333333333,0.0,953.51756875,953.8671875,100529.3725,-2.5006301875e-06,0.0,242.43149499999998,982.2725638259618
2021-09-20 16:00:00,1.4140132769246216,0.7353655040314752,26.01235924955235,1238.7047,1045.5612,643.3131000000001,277.86134,10.85735,0.005321666666666626,0.0003,0.0007,0.04252999999999997,0.02157499999999995,72.26666666666667,900.3984375,994.75,101221.803125,-3.2842508624999995e-05,0.7141380325,274.74040625,997.7238403451995
2021-06-01 13:00:00,21.949247130337106,1.4138239409824287,62.14811635735497,646.8441,564.6564,564.6564,258.17511833333333,0.9217833333333333,0.00157999999999995,0.0009483333333333249,0.0014983333333333,0.010278333333333275,0.027018333333333276,0.0,595.1484375,596.26171875,102069.171875,-1.1544616625e-06,0.0,253.33748125,541.5983459187343
2022-04-01 15:00:00,4.242295024068458,0.7781107296891004,31.864270157730935,1176.716,1011.0631,1011.063,255.18413666666666,6.149941666666667,0.0018,0.00245,0.00019,0.019933333333333324,0.043289999999999954,0.24999999999999997,904.8046875,992.33203125,101525.021875,-3.5783159625e-06,0.0050468445,274.42254249999996,1001.4203523912261
2021-08-04 17:00:00,17.45666672309083,0.9245283020099642,44.38015757595267,981.0664,828.0917,379.99789999999996,280.8600833333333,7.9169,0.001525,0.0004,0.001758333333333325,0.0099,0.03232833333333333,100.0,592.1953125,754.3125,101923.50625,-2.627522875e-06,0.68458175,271.96416375,828.8763034879539
2021-06-12 16:00:00,23.110135027499748,0.978737483330645,47.53805116438543,924.8947000000001,832.0664,832.0664,252.96025333333333,0.8509433333333334,0.00226166666666665,0.00094166666666665,0.002,0.015839999999999976,0.030576666666666627,0.0,774.6543125000001,774.95703125,101879.00687499999,-2.1170708875e-06,0.0,252.77684625,825.4225098885292
2021-07-14 18:00:00,21.81384026311456,1.1461153572709566,54.799910843833075,794.292,670.7922,670.7921,271.418405,4.659738333333333,0.001,0.00026833333333332497,0.0007,0.008281666666666649,0.0141883333333333,0.0,575.4375,575.640625,100788.171875,-1.692067625e-06,0.0,258.84879375,663.7989931679251
2021-11-02 17:00:00,-14.511719037234068,0.7125086753403609,21.944543349748866,1287.6039,1101.7885999999999,834.7602,271.07881833333334,8.651720000000001,0.0025050000000000003,0.001579999999999975,0.00019500000000000002,0.0202233333333333,0.017914999999999976,54.483333333333334,762.3125,1009.13284375,100895.334375,-1.6100791937500002e-05,0.41075515625000003,271.6982875,644.769866954333
2022-02-05 19:00:00,-16.172484795464626,0.8791228144669196,41.265988602721855,1047.9128,874.6702,465.8392,267.21584666666666,9.400433333333332,0.00141,0.0030633333333333,0.0001,0.016678333333333323,0.04562999999999995,100.0,468.4609375,747.1640625,101336.515,-6.4471766875e-05,0.2885589625,279.99715625,843.4286227975549
2021-12-16 18:00:00,-23.272224064091127,0.7631059516481996,30.001659233781734,1210.1680999999999,1011.1629,596.3466,255.72552166666662,14.48619,0.0016083333333333251,0.000563333333333325,0.0001,0.0165933333333333,0.01552999999999995,80.3,598.171875,905.98046875,101279.89749999999,-2.9351969625e-05,0.49607084999999995,278.04633125,410.0
2022-04-09 16:00:00,7.28344677986025,0.77672871682569,31.69978026414701,1174.0476,1014.6709,940.8034,246.53473,6.165581666666666,0.0004,0.0009,0.0001,0.0045,0.021866666666666625,21.566666666666666,922.37890625,961.4609375,100979.88125,-3.614579325e-06,0.896579725,270.4460575,1005.2319309600863
2021-05-16 16:00:00,18.911668338477188,0.9092251754633347,43.385126769567215,995.0376000000001,891.1326,891.1324999999999,254.32107,1.428515,0.00155666666666665,0.0012,0.00419666666666665,0.010046666666666624,0.02934999999999995,0.0,829.2890625,832.375,101415.80625,-1.862150375e-06,0.0,249.618625,857.0837828119381
2021-10-03 16:00:00,-3.641929609448319,0.7088687608303301,21.201950968782768,1287.9574,1169.7930000000001,1169.7930000000001,280.13040166666667,0.9734366666666666,0.00583666666666665,0.004809999999999975,0.0020249999999999747,0.02962499999999995,0.0704833333333333,0.0,1091.097675,1110.421825,100407.14,-3.2605312125e-06,0.0,243.51989,1159.277238403452
2021-09-22 11:00:00,0.6376320969376367,2.31509172376186,73.43460614745871,400.3734,297.3124,31.4177,276.7758216666667,6.009025,0.0032,0.00284999999999995,0.0007,0.028093333333333276,0.0347233333333333,100.0,236.4140625,370.42381875,102008.96875,-8.50981475e-06,0.98882674875,277.12616,134.9119021934556
2021-11-24 11:00:00,-20.40639665128032,1.5157833422261031,64.16842213119364,602.7236,467.2238,217.7939,265.631685,11.922873333333335,0.0023,0.000958333333333325,0.000193333333333325,0.02106499999999995,0.0184883333333333,100.0,390.54296875,519.19140625,101926.640625,-5.4459670625e-05,0.9713478125,279.51300000000003,291.5839626033801
2021-06-11 17:00:00,23.03792050545629,1.0321399099591404,50.19742437115639,877.8625,771.8664,771.8664,259.8795783333333,1.6990783333333332,0.003,0.0013,0.001725,0.016268333333333322,0.03939999999999995,0.0,685.8515625,686.02734375,102116.259375,-1.616223e-06,0.0,262.29158125,771.5354189140596
2021-09-09 11:00:00,5.622634954300004,2.8737456704278013,76.72742511763835,367.1144,290.14079999999996,95.47346666666665,276.9087511111111,1.3270111111111111,0.0031711111111111003,0.0012,0.00122,0.01990666666666663,0.037737777777777766,77.77777777777777,310.390625,352.085935,102137.40499999998,-1.0440126e-06,0.04588318035,273.076445,277.35586719405484
2022-04-11 16:00:00,8.025071516006154,0.7830945811579416,32.44652663202517,1163.8395,1068.9458,1068.9458,251.51219500000002,0.77135,0.0003,0.0011,0.0001,0.0027300000000000002,0.011244999999999976,0.0,1001.1171875,1000.44921875,100722.0475,-2.9140792625000003e-06,0.0,244.31982375,1036.227975548364
2021-08-23 12:00:00,11.713151095675128,1.7609151043401354,67.9757535753158,528.5169,441.99240000000003,440.36429999999996,264.8009833333333,1.066685,0.0030633333333333,0.001229999999999975,0.0012683333333333,0.015306666666666649,0.0631983333333333,0.0,495.74023125,496.04883125,101449.15,-2.4298205625e-06,0.0,266.7539075,425.6454512765192
2021-11-16 16:00:00,-18.55994333065872,0.6669870502433535,7.74098564676117,1381.2376,1182.5708,844.4039,262.09935,10.142843333333333,0.0016,0.00327999999999995,0.0002,0.0157333333333333,0.0288,100.0,1057.2890625,1115.7148625,100964.59375,-2.0684383124999998e-06,0.9713821625,272.91465750000003,795.7173678532902
2021-11-30 21:00:00,-21.527774228720276,2.1578036166205146,72.18590069582146,410.5336,303.2998,25.8591,264.71505,10.09855,0.000935,0.003366666666666625,0.0001,0.010253333333333326,0.020208333333333325,100.0,173.74609375,188.37109375,100827.125,-1.0314106725e-06,0.3415412925,278.02472625,258.6749370729953
2022-04-05 11:00:00,5.7763220001740265,3.179754060561485,78.02764167411793,333.86133333333333,234.862,60.58240000000001,238.6999488888889,9.989786666666667,0.0015000000000000002,0.0007533333333333333,0.0002,0.019511111111111066,0.04943777777777777,55.51111111111111,145.265625,303.8125,102003.125,-4.25253525e-06,0.013626098499999998,279.13265,178.92844300611287
2022-04-05 15:00:00,5.7763220001740265,0.7891239143383728,33.129151398756285,1158.8085,979.3756000000001,964.3796,239.435365,9.925556666666665,0.0018,0.0012549999999999749,0.0003,0.020773333333333276,0.052789999999999976,4.766666666666667,943.12109375,962.64453125,101388.84375,-1.0780407875e-05,0.151817325,273.36238249999997,949.514563106796
2021-12-08 11:00:00,-22.636286803525202,1.5401116227221308,64.60627985107055,591.5837,458.558,208.42579999999998,263.880135,13.128021666666665,0.00087666666666665,0.000648333333333325,0.0002,0.00927166666666665,0.019159999999999976,100.0,287.5,506.515625,101874.34125,-4.680836e-05,0.89336395,281.50275,326.1021215390147
2021-11-18 16:00:00,-19.05685437654019,0.6663130972998034,7.30204142959376,1383.2147,1242.2124000000001,1242.2124000000001,263.2852833333333,2.4127,0.0005,0.0038733333333333,0.0001,0.0047,0.01567499999999995,0.0,1132.3515625,1164.6367375,100614.52875,-2.1639862e-06,0.0554657,258.8183975,1201.5102481121899
2021-11-16 18:00:00,-18.55994333065872,0.7918328717849932,33.42849495008803,1158.6994,972.3594,261.8417,261.41002,11.66395,0.0016,0.002336666666666625,0.0002,0.0168999999999999,0.027949999999999975,100.0,519.53515625,856.73046875,100824.0775,-1.39174515e-06,0.927253715,272.1287375,105.90974469615246
2022-04-02 17:00:00,4.6279984902454006,0.7862460827450514,32.80621062324977,1160.3193999999999,983.8889,983.8888,253.68129166666665,9.416531666666668,0.0013,0.000671666666666625,0.0001,0.015724999999999975,0.039461666666666624,0.0,854.78125,915.30078125,100499.47750000001,-4.397792387499999e-06,0.16580581625,261.177835,962.5782092772384
2021-11-25 14:00:00,-20.609679850301543,0.7203922079043085,23.452583281862278,1282.0474,1090.4544,1090.4544,262.03095,9.984960000000001,0.0018,0.001498333333333325,0.0001,0.0187133333333333,0.022515,0.0,1051.18751875,1081.8476875000001,101014.0625,-0.0001197172675,0.65872573125,278.41054375,1090.5609492988133
2021-09-29 11:00:00,-2.08780417253818,2.10214185788204,71.6968969242994,438.2665,322.6269,33.4337,262.76956,5.8238,0.007136666666666625,0.0011116666666666501,0.001,0.057246666666666626,0.039654999999999954,96.7,270.5371075,392.61328125,102103.75687499999,-1.693988425e-06,0.0,278.7226575,95.37935994246673
2022-01-27 21:00:00,-18.67182297963725,1.7628552236101653,68.00129425138142,511.3192,377.37030000000004,33.0815,259.44229666666666,17.60931,0.00275666666666665,0.0,0.0001,0.031735,0.010929999999999999,100.0,132.2734375,256.89453125,101659.828125,-1.084802175e-05,0.591514585,278.7461525,110.18518518518518
2022-04-13 17:00:00,8.757757177857268,0.8260325013430654,36.86997564767001,1101.3424,995.2229,995.2227,247.44089333333332,1.3853766666666667,0.0005,0.00143666666666665,0.0003,0.005703333333333325,0.022376666666666625,0.0,892.83984375,915.4140625,100755.59375,-1.7395650625e-06,0.0,242.64529124999999,971.6468896080546
2021-05-18 12:00:00,19.37175806556018,2.0176929404514405,70.90050456946996,458.4692,359.5154,232.8294,250.62131499999998,3.5826883333333335,0.00241,0.0017133333333333,0.00363,0.02203666666666665,0.0337283333333333,89.35,397.41796875,421.71875,102327.803125,-1.268759675e-06,0.18830871875,274.60433625,317.6375404530744
2021-05-24 19:00:00,20.61862286041239,1.5388135393964766,64.58330652117237,593.0504,507.3696,185.4872,266.8491383333333,1.4724,0.00120166666666665,0.0005,0.0021650000000000003,0.010314999999999975,0.02147499999999995,100.0,392.05859375,394.7578125,100882.04000000001,-4.5742488625e-07,0.0013542175,244.32636375,395.348795397339
2022-01-23 14:00:00,-19.63879582684111,0.7565098967269613,29.124253741584656,1224.5637000000002,1030.7429,835.1276,264.94429,12.24244,0.001419999999999975,0.0001,0.0,0.017826666666666626,0.008263333333333275,62.8,879.515625,1043.03125,101367.165625,-8.51441015e-05,0.0946540825,278.29476750000003,1108.8457389428263
2022-04-17 12:00:00,10.193381776133345,1.6539962171752287,66.46724122480722,557.4449,464.23720000000003,184.6418,247.52005166666666,2.552895,0.000508333333333325,0.000705,0.0002,0.0062583333333333,0.008894999999999976,99.2,453.27734375,509.6953125,102218.521875,-1.5629630125e-06,0.0,273.47308125,114.9856166846458
2022-01-26 11:00:00,-18.92240212955681,1.9498338156016302,70.20746718414568,461.6995,336.38800000000003,202.9857,260.440215,16.70182666666667,0.0012,0.0,0.0001,0.0247766666666666,0.023888333333333303,100.0,239.2421875,403.75,101768.390625,-2.1630054375e-05,0.067428589375,280.54297499999996,183.3009708737864
2021-09-25 14:00:00,-0.5297921459661097,0.8047973376129764,34.80278503027287,1134.9312,1009.404,1009.4041,272.9158616666667,2.0341750000000003,0.003168333333333325,0.001214999999999975,0.0008,0.020849999999999952,0.0298583333333333,0.0,1004.1796875,1004.503925,101765.59125,-9.138893625e-06,0.0,256.22249,1007.0118662351671
2021-05-10 20:00:00,17.406567916208562,2.3985319746815383,74.02766987136377,382.7374,271.9002,179.8952,240.99970499999998,8.241853333333333,0.005801666666666625,0.001509999999999975,0.002,0.054403333333333276,0.052579999999999974,83.91666666666667,148.76953125,188.1015625,101139.21625,-1.9613071375000002e-07,0.49709701249999994,274.1742675,284.89392304926287
2022-03-02 19:00:00,-7.499171310722627,0.9328374072759107,44.89965333179391,979.9074,796.3189,556.2007,255.75392166666666,14.379611666666667,0.0028433333333333,0.00049166666666665,0.0001,0.04557666666666665,0.03166499999999995,87.65,370.015625,683.71875,101253.25625,-2.6735447875e-05,0.9008903375,278.698025,640.2840704782452
2022-02-22 19:00:00,-10.481698530653333,0.9085955689616079,43.34307407315656,1008.6591999999999,831.0712,468.2319,254.09140666666667,14.21475,0.0007,0.0005,0.0002,0.010629999999999975,0.021659999999999974,97.06666666666666,571.9140625,714.88671875,101286.225,-2.0591367875e-05,0.6168022187500001,277.402675,871.6756562387629
2022-01-08 17:00:00,-22.34501797811082,0.6815499113321529,14.139707098976105,1362.1233,1147.2451,983.5514,258.71035,14.874478333333334,0.001215,0.0004,0.0001,0.02278166666666665,0.019978333333333275,60.63333333333333,877.99609375,1070.0429374999999,101335.775,-3.4455558875e-05,0.40792846875000005,279.45751875,397.64293419633225
2022-01-28 21:00:00,-18.415527261388707,1.765587659073302,68.03716240299862,510.3812,382.8692,33.9158,259.52285666666666,16.320813333333334,0.0012,0.000243333333333325,0.0,0.013386666666666651,0.010961666666666625,100.0,204.03125,260.0703125,101043.38187499999,-1.723715085e-05,0.5078315725,281.6499625,71.1596548004315
2021-11-12 17:00:00,-17.500585684430142,0.7053130547824015,20.443968782823738,1303.1925999999999,1122.3788,753.7089,267.0117816666667,7.224811666666666,0.00255166666666665,0.0015366666666666502,0.00017333333333332501,0.0174983333333333,0.017303333333333323,100.0,876.6328125,1023.1484375,101078.54000000001,-2.79232045e-05,1.0,273.00378125,876.8176914778857
2021-07-18 17:00:00,21.177287444932837,0.9857292273567498,47.909137627829715,920.5934,794.8818,654.9717,265.7216383333333,2.6040916666666667,0.007069999999999976,0.0008,0.0011566666666666249,0.02865499999999995,0.029829999999999975,88.18333333333334,719.0879062500001,724.94140625,101802.709375,-2.0270527e-06,0.74996566875,265.42791250000005,781.6001438331534
2022-04-09 15:00:00,7.28344677986025,0.8008703570574405,34.396267777197345,1140.3952,983.4275,925.8382,246.66311833333333,6.12906,0.0004,0.0009,0.0001,0.004488333333333325,0.022704999999999975,34.516666666666666,861.91015625,958.60546875,101235.69437499999,-3.5747652875e-06,0.9765624875000001,273.26264375,894.5127651923768
2021-09-05 17:00:00,7.112243968801179,0.8126177430518456,35.58883146872003,1117.699,943.9841,943.9842,268.8105283333333,6.726533333333333,0.009341666666666625,0.002468333333333325,0.001,0.0541133333333333,0.06112999999999995,0.0,860.83399375,872.609375,101043.6625,-2.3244938e-06,0.002708435,272.9125675,923.121179431859
2021-06-21 16:00:00,23.452046074516133,0.9848735303883775,47.864120866876036,919.7343000000001,814.6596,679.5462,264.4987,1.7146183333333331,0.0012,0.00029666666666664995,0.001328333333333325,0.0166666666666666,0.02241166666666665,100.0,744.17578125,762.5702875,101505.82125000001,-2.3307511750000002e-06,0.3962783775,257.50154375,716.8302768788205
2021-09-21 20:00:00,1.0260736532584147,1.6529372055790437,66.45123325330228,550.491,420.1227,284.287,275.8759033333333,11.8037,0.0045033333333333245,0.00049166666666665,0.0008,0.030834999999999974,0.026133333333333276,52.43333333333333,161.2109375,292.40234375,101651.046875,-4.8628717125e-06,0.6775550874999999,277.74815625,318.6731391585761
2021-08-29 16:00:00,9.6420465502539,0.7977011266106815,34.06213621138752,1138.7224999999999,995.4011,995.4011,280.0327633333334,3.3246149999999997,0.0027933333333333,0.0007,0.00090666666666665,0.011945,0.043626666666666626,0.0,946.73828125,949.77734375,101812.98375,-1.9116851125e-06,0.0,261.69790125,975.2606975907945
2021-12-18 17:00:00,-23.35461933037622,0.6880071902097087,16.137629492495854,1345.8449,1143.3908000000001,954.7771,258.089585,11.601665,0.00174,0.00032166666666664996,0.0,0.0222783333333333,0.01605166666666665,25.966666666666665,955.11328125,1067.4453125,101255.4625,-1.4787423125000001e-05,0.0,272.26229875,1085.8989572096366
2022-02-14 21:00:00,-13.292165303316013,1.87768654786828,69.4119781130158,476.31100000000004,344.3555,238.485,261.38099,14.683738333333332,0.0019266666666666499,0.001128333333333325,0.0,0.0259983333333333,0.08378999999999992,46.99999999999999,157.7734375,235.14453125,101317.94625000001,-1.56055901875e-05,0.6102027875,280.89446375,106.9705142035239
2021-10-07 16:00:00,-5.1859494117029605,0.7022316978481988,19.758122043762512,1301.1357,1115.6841,781.7906,265.90429166666667,9.60939,0.001,0.0005,0.0006283333333333249,0.00808999999999995,0.015303333333333325,66.80000000000001,919.07421875,1051.2148750000001,100800.265625,-1.02596238375e-05,0.1641540525,272.97937125,1021.242358863718
2021-09-19 19:00:00,1.8013605201454888,1.1142461813241384,53.634416480814174,816.3364,678.3011,530.6101,277.04146000000003,6.199265,0.001879999999999975,0.000205,0.000918333333333325,0.01890499999999995,0.018001666666666652,63.1,488.9140625,551.36328125,100203.94437499999,-1.1354277125e-06,0.6415367275,261.36408125,501.5408126573175
2021-09-19 18:00:00,1.8013605201454888,0.8832846526286777,41.572928187217315,1029.9357,874.688,768.8833999999999,277.3871233333333,6.381798333333333,0.00201666666666665,0.0003,0.0010283333333333251,0.021031666666666626,0.01944999999999995,27.866666666666667,698.9609375,764.45703125,100251.46875,-1.8107821375e-06,0.8786621125,261.19371875,677.0550161812298
2021-09-26 16:00:00,-0.9193266638834702,0.7221779619562827,23.77722593159613,1262.5989,1118.6285,1118.6286,265.57722,2.5707483333333334,0.0042,0.001958333333333325,0.000788333333333325,0.022238333333333325,0.0515383333333333,0.0,1047.0937812500001,1049.09375,101368.1875,-3.9697624875e-06,0.0,254.73722500000002,1114.599065084502
2022-01-08 11:00:00,-22.34501797811082,1.7443495480392137,67.75517077927246,516.4612999999999,382.0903,65.6726,260.45580666666666,15.126574999999999,0.0013,0.0008849999999999999,0.0003,0.0312083333333333,0.03654666666666665,100.0,313.9140625,442.10546875,101898.16500000001,-1.5285739000000002e-05,0.1101150495,281.04566125,136.7943185904351
2021-05-27 14:00:00,21.163504364849103,1.0929287633018026,52.80637300630067,830.8288,691.5331,326.23,257.5607,7.557705,0.001073333333333325,0.000258333333333325,0.0023,0.0123333333333333,0.02632999999999995,100.0,606.44921875,700.5917875,101613.45999999999,-1.2135423875e-06,0.951278685,267.9013975,282.64293419633225
2021-09-06 19:00:00,6.742493857141795,1.1639530979992212,55.41754009350927,780.7745,651.9194,595.7273,273.7439,3.689296666666667,0.00457166666666665,0.00196,0.0007,0.030149999999999975,0.038474999999999954,3.4833333333333334,471.34375,525.234375,100320.4375,-1.0138610250000001e-06,0.171237945,261.48624,624.1172240201366
2021-05-07 17:00:00,16.58781459482518,0.925619048133784,44.44915921418124,977.9447,838.5577000000001,838.5576,244.29597833333332,3.982253333333333,0.00293166666666665,0.0003,0.0025349999999999748,0.03024999999999995,0.027256666666666624,0.0,775.54296875,775.7734375,101213.96875,-1.3882236e-06,0.0,261.6356875,824.7932398417835
2022-01-05 18:00:00,-22.69589488082858,0.7485912988080455,28.01649696513392,1237.891,1041.7237,884.06,257.77414999999996,12.8173,0.0011,0.0006133333333333249,0.0002,0.01313499999999995,0.0200233333333333,16.35,753.65625,942.0390625,101137.821875,-3.4650351124999995e-05,0.19792175125,277.6175875,968.0151024811217
2021-09-01 18:00:00,8.571241434003953,0.9370183158378917,45.15581407614088,968.7933,828.4324,828.4325,271.11094333333335,3.097608333333333,0.006076666666666625,0.0018,0.0007750000000000001,0.03963166666666663,0.04497999999999998,0.0,730.90038125,732.03711875,100535.25,-1.7355486999999998e-06,0.0,255.44454875,808.1625314635023
2022-03-02 15:00:00,-7.499171310722627,0.718442623532226,23.091362445496653,1285.6281,1067.3084,698.2744,258.51117999999997,15.472401666666666,0.003365,0.0007,0.0001,0.06870999999999995,0.0471833333333333,56.0,815.73828125,1063.2929875,101420.984375,-5.4152420375e-05,0.07073593162500001,282.21026625,1144.6637900035958
2021-09-26 14:00:00,-0.9193266638834702,0.8015113703717732,34.46318454114288,1139.6904,1014.6944,1014.6944,267.72434999999996,1.8516033333333333,0.004018333333333325,0.00208666666666665,0.0008,0.021783333333333325,0.0486683333333333,0.0,997.98439375,997.9726375,101659.67874999999,-4.5444759375e-06,0.0,254.6452925,1010.8773822366055
2021-07-09 18:00:00,22.46883222892618,1.1645105891085592,55.43646510826669,781.9638,694.1535,694.1536,263.6007666666667,0.7898783333333333,0.0020150000000000003,0.0006,0.0019583333333333,0.016248333333333323,0.03336166666666662,0.0,593.1796875,593.5234375,101249.59625,-1.6696867000000001e-06,0.0,240.79093625,677.0100683207479
2022-02-23 19:00:00,-10.117057019753185,0.9112367013915847,43.5188741880091,1005.4045,828.585,309.90930000000003,253.17741999999998,13.421586666666666,0.0012,0.0004,0.0001,0.017959999999999948,0.021558333333333277,100.0,681.3359375,713.87890625,100839.42125,-1.8698018e-05,0.34634780125,276.64445,847.2132326501257
2022-04-29 17:00:00,14.209846623471503,0.8917240566322643,42.18106377713549,1017.1701,863.9327,863.9326,237.292985,6.81853,0.0014,0.0006,0.0001,0.0191183333333333,0.026618333333333275,0.0,753.28515625,787.6640625,101289.6625,-1.5182594875e-06,0.22185134875,272.4764725,823.1679252067602
2021-08-01 15:00:00,18.223378839539592,0.934826914910361,45.021977268448246,972.2708,831.9529,816.8133,281.97932333333335,4.8742133333333335,0.001693333333333325,0.0004,0.002058333333333325,0.010823333333333275,0.038011666666666596,0.36666666666666664,731.16796875,814.96484375,102699.2875,-9.377545187499999e-07,0.37148665625,266.40459625,794.980222941388
2021-08-04 20:00:00,17.45666672309083,2.1394067950700295,72.02724366263998,431.9946,327.2636,105.3947,277.72430833333334,8.227936666666666,0.001865,0.0004,0.0019,0.0116283333333333,0.03585166666666665,100.0,167.72070000000002,218.1953125,102072.015625,-1.0242336687500001e-05,0.37898255,274.02598125000003,158.35311039194534
2021-05-17 13:00:00,19.144405595444194,1.3184710285764698,59.93300552440447,692.3264,580.2951,444.40279999999996,252.12535499999998,3.4939633333333333,0.00124,0.00091666666666665,0.002,0.008304999999999976,0.021419999999999974,41.583333333333336,581.125,611.86328125,102394.603125,-1.3910467249999999e-06,0.0,270.3937875,544.3851132686084
2021-05-16 20:00:00,18.911668338477188,2.52738992268547,74.86364016692481,365.1441,290.1603,290.1603,253.01184666666666,1.6670233333333333,0.0018,0.001269999999999975,0.0042033333333333246,0.01184666666666665,0.0309,0.0,185.27734375,187.89453125,101311.734375,-2.4659675500000003e-07,0.0,250.56671125,261.2387630348795
2021-11-18 18:00:00,-19.05685437654019,0.7897334682132794,33.19689567713818,1162.1791,1016.3697000000001,1016.3696,262.8330016666667,3.5107749999999998,0.0005,0.00351666666666665,0.0001,0.004784999999999975,0.015115,0.0,861.87109375,892.21484375,100373.42874999999,-1.1401444025e-06,0.0,264.819505,984.5019777058612
2022-01-05 20:00:00,-22.69589488082858,1.154481732549974,55.092550850927275,794.2991,637.585,281.0363,257.80665999999997,13.44139,0.001,0.000558333333333325,0.0002,0.0125033333333333,0.0185733333333333,96.15,363.83203125,507.34765625,101211.09375,-1.2347387349999998e-05,0.22798920125000002,278.2774375,466.79791441927364
2021-10-20 13:00:00,-10.055061249212018,0.8640564466806643,40.11334992314933,1060.8345,940.3334,940.3334,281.8715833333333,2.1947599999999996,0.00056,0.00170166666666665,0.0001,0.004844999999999975,0.010379999999999924,0.0,951.5663875,952.46875,101613.53812499999,-2.384505975e-06,0.00040054321249999997,267.61675,900.1438331535419
2021-07-29 15:00:00,18.945483229572343,0.9462579159007545,45.70998822221938,960.4323999999999,832.3586,832.3586,279.4167,3.0534616666666667,0.0017,0.0004,0.0014,0.011204999999999975,0.022951666666666627,0.0,816.4746,816.80859375,101674.25687499999,-2.1333980749999997e-06,0.0,263.3756125,794.5523193096009
2022-03-08 21:00:00,-5.185025855076702,2.2809852445454473,73.17913871495428,387.8845,280.9372,26.9966,255.27381833333334,12.645513333333334,0.00129666666666665,0.00021666666666665001,0.0001,0.021384999999999977,0.01638166666666665,100.0,125.859375,176.9765625,101152.2125,-7.17584025e-07,0.7462425125000001,276.90245625,322.9395900755124
2021-06-04 12:00:00,22.34476268708092,2.25612124305252,72.98780711847294,413.0934,332.2597,252.8994,266.71643,1.2557999999999998,0.0030733333333333,0.001188333333333325,0.0024133333333333,0.02119499999999995,0.050074999999999974,22.566666666666666,389.86328125,390.50390625,101868.0625,-1.605396375e-06,0.0,266.22709875,305.97806544408485
2022-02-13 21:00:00,-13.628352259311125,1.8672244194128613,69.29116198863129,479.2423,358.24109999999996,150.9939,258.2610133333333,10.561575,0.0012,0.0014,0.0,0.015151666666666626,0.05346166666666662,64.13333333333333,228.8515625,243.40625,101084.2025,-2.09356655e-05,0.8687324625,278.24077,337.0244516361021
2021-10-25 12:00:00,-11.83155980206098,1.0915389054785396,52.7509423141665,839.5533,710.8491,671.2779,297.048985,3.5993933333333334,0.002591666666666625,0.001138333333333325,0.0001,0.012418333333333299,0.013636666666666625,3.116666666666667,765.26953125,765.57421875,102238.44,-1.2415984875e-06,0.0,269.31878125000003,676.130888169723
2022-04-07 16:00:00,6.533617825091418,0.7705313121541283,30.945097579763363,1184.1837,1014.4413,981.8154999999999,242.474425,7.317503333333334,0.0011,0.001218333333333325,0.0004,0.01493999999999995,0.054793333333333326,30.4,912.88671875,959.17578125,101005.15875,-3.770779625e-06,0.8138770875,271.755,970.873786407767
2022-03-03 17:00:00,-7.117229867887649,0.7109631799988324,21.633133233910428,1294.8365,1094.6,1094.6,257.020385,11.478006666666666,0.003053333333333325,0.000423333333333325,0.0002,0.03698166666666665,0.025548333333333274,0.0,982.70703125,1034.3515312499999,100998.953125,-3.812683275e-05,0.044010162625,276.1707175,1090.4800431499461
2022-01-08 15:00:00,-22.34501797811082,0.6802201405008262,13.6877623375016,1364.4024,1148.7816,686.2488000000001,258.13471333333337,14.818081666666666,0.0013,0.00049666666666665,0.0001,0.026003333333333302,0.023669999999999976,100.0,826.15234375,1125.2265499999999,101526.921875,-4.1200313625e-05,0.09682845875,280.69192625,459.3869111830277
2021-08-31 19:00:00,8.93055449957544,1.1912596556083999,56.31894663896952,762.8235999999999,661.9952000000001,661.995,274.2561366666667,1.6694683333333333,0.003133333333333275,0.0004,0.0012,0.01781999999999995,0.026611666666666624,0.0,526.16796875,529.98632625,100916.5625,-1.013171625e-06,0.0,255.03471875000002,636.3628191298094
2021-11-10 15:00:00,-16.939901750996164,0.6743132949938819,11.445063726635224,1365.4946,1177.9432,828.7076,278.98483166666665,7.619833333333333,0.002235,0.0026083333333332998,0.0003,0.018341666666666624,0.02344166666666665,100.0,963.3359375,1139.0116874999999,101036.328125,-3.993057175e-05,0.16262817,271.09843,1034.5523193096008
2021-07-18 20:00:00,21.177287444932837,2.4194653185131463,74.16977439753528,386.7143,292.7818,250.6567,262.9640933333334,3.3462549999999998,0.0075733333333333,0.00101166666666665,0.0007066666666666499,0.0305683333333333,0.0277,52.233333333333334,193.26367499999998,195.6484375,101828.20375,-3.9971201875e-07,0.085994718,267.3897875,285.78029485796475
2021-08-20 16:00:00,12.708712404038568,0.8286336397188442,37.109272433050386,1095.5282,994.0889999999999,994.0891,266.47159666666664,0.82882,0.00290666666666665,0.0012,0.001055,0.012483333333333275,0.06538499999999994,0.0,932.68165,933.140625,101223.5,-2.441200175e-06,0.0,251.588575,970.3883495145631
2021-08-07 19:00:00,16.64759119582359,1.3308211575510733,60.240658913052584,685.1209,593.4779,593.4780000000001,274.38236333333333,1.22448,0.0022,0.00106666666666665,0.00300666666666665,0.01025166666666665,0.0496033333333333,0.0,476.53515625,477.1171875,100809.728125,-6.9348607e-07,0.22819137312499999,241.89714375,561.9813016900395
2022-03-15 11:00:00,-2.43683372683265,2.719417315330434,75.95745949586558,381.1148,282.502,201.84146666666666,250.40175777777776,8.600171111111111,0.0008,0.00030888888888886665,0.0001,0.011906666666666633,0.0183444444444444,100.0,330.9375,363.875,102429.5,-9.8358143e-06,0.22790527500000002,275.21311999999995,177.51887810140238
2021-08-18 16:00:00,13.355994618466495,0.8358009106048392,37.75434622245475,1086.0221999999999,980.3390999999999,980.3390999999999,273.76752833333336,1.0993266666666668,0.0019,0.0007,0.0013,0.010669999999999975,0.07135499999999997,0.0,922.3886875000001,922.72265625,101404.08499999999,-2.2742897375e-06,0.0,251.58632375,952.930600503416
2021-06-23 17:00:00,23.45217923065783,1.0362670494307218,50.387455653935845,875.206,749.2821,538.8693000000001,270.30709666666667,3.468875,0.0016,0.0004,0.0015400000000000001,0.018329999999999975,0.022109999999999977,92.0,671.05859375,678.91796875,100981.49124999999,-2.0409934625e-06,0.25145721775,257.00265375000004,675.8881697231211
2021-12-13 19:00:00,-23.090758690794445,0.9171214531798723,43.904941597702226,1001.8185000000001,848.9051999999999,760.1952,261.807905,6.14585,0.0007,0.004864999999999975,0.00011,0.0069,0.01791333333333325,1.25,644.97265625,722.3359375,100495.72750000001,-4.56742125e-05,0.1637763975,270.3241625,856.7889248471772
2021-12-29 15:00:00,-23.250401559270067,0.6770473500308817,12.537186400205757,1370.2629,1170.343,1081.7611000000002,258.22668999999996,10.915878333333332,0.0008,0.0005,0.0002,0.010633333333333325,0.019933333333333275,60.349999999999994,1102.2773750000001,1149.8984500000001,101618.203125,-0.0001352186375,0.00375366225,280.03912125,1119.2286947141315
2021-12-27 17:00:00,-23.33956277459816,0.6848164548914453,15.187217127273264,1354.0702,1144.2957000000001,932.8628,255.67976999999996,14.623813333333333,0.0004,0.0001,0.0,0.007725,0.016971666666666625,38.38333333333333,900.88671875,1058.63671875,101300.86624999999,-8.638831749999999e-05,0.31626510625000004,282.202425,1090.3164329377923
2022-02-25 17:00:00,-9.38018590845197,0.7018919122986289,19.680714014471814,1313.857,1110.9414,1110.9414,258.14993833333335,12.374156666666668,0.0019,0.0003,0.0001,0.030891666666666626,0.020953333333333275,0.0,989.171875,1047.3788749999999,101397.29000000001,-3.4561002625e-05,0.018188476375,274.82791375,1035.5303847536857
2021-12-20 10:00:00,-23.405930796463227,3.3153466495281694,78.52533272934217,340.23940000000005,233.207,27.053800000000003,255.21231,14.36742,0.00215666666666665,0.0,0.0,0.0349333333333333,0.0133433333333333,100.0,127.921875,303.33203125,101944.19437499999,-6.0100576125e-06,0.99624633625,279.31356375,99.91729593671342
2022-02-05 12:00:00,-16.172484795464626,1.247243423926912,58.01794333799809,736.1106,591.8909,297.7552,268.13527166666665,8.162833333333333,0.0015,0.0033,0.0001,0.0176,0.0505533333333333,91.5,589.3046875,662.171875,101740.571875,-7.698306474999999e-05,0.2180252075,276.8763825,272.64113628191296
2021-06-21 13:00:00,23.452046074516133,1.4987217682092557,63.85186387246061,612.316,522.02,359.2056,265.4569,1.574938333333333,0.0014149999999999749,0.0003,0.001504999999999975,0.0205633333333333,0.025243333333333298,100.0,536.7109375,553.2324125,102001.88187499999,-1.3792159749999999e-06,0.5133056487500001,257.66369875,356.9453434016541
2022-01-29 17:00:00,-18.153621876160354,0.6814162974530532,14.095016895115997,1361.2199,1156.3751,795.8142,255.76595833333334,12.501191666666665,0.0011,0.0005,0.0001,0.0136433333333333,0.021888333333333326,51.75,796.02734375,1070.7421875,101044.20375,-0.000119909235,0.40511321875,283.9009375,995.893563466379
2021-12-28 16:00:00,-23.298866337354657,0.661212730346093,1.7273552331781168,1403.5079,1191.9255,595.9634,253.51303666666666,13.052201666666665,0.00121666666666665,0.0002,0.0001,0.021396666666666626,0.023356666666666623,97.3,966.94140625,1141.609375,101594.5625,-0.00013602615375,0.025279998749999998,279.84835625,680.5052139518159
2022-04-23 11:00:00,12.26150872079164,3.7752700271819926,79.94250184318724,326.9,259.3116,209.7296,253.61758,1.7069066666666668,0.0006,0.0003,0.0001,0.0073533333333333,0.012246666666666649,32.63333333333333,313.70703125,323.703125,101813.46187500001,-2.3992324874999998e-06,0.0,267.77116875,238.17331895001803
2021-07-23 13:00:00,20.247236515646932,1.4282245290598494,62.45328479557884,644.5939,546.0059,519.9857999999999,265.8931416666667,2.35725,0.00164666666666665,0.0005,0.00088166666666665,0.010409999999999975,0.01974166666666665,1.1,574.50390625,574.8320249999999,102081.9375,-1.6770209375e-06,0.0,265.6908625,513.0654440848616
2021-10-16 21:00:00,-8.589403018842617,3.1107369753181997,77.7572710890281,328.6612,261.5772,261.5772,270.56376222222224,1.5633466666666667,0.0007,0.0007933333333333,0.0002,0.0042,0.012664444444444431,0.0,148.2734375,151.015625,100371.29625,-1.9889557499999998e-07,0.0,243.3809325,227.05261896200406
2021-07-24 16:00:00,20.043981873185853,0.9254245752577392,44.43687479487916,980.232,838.0029,838.0029,267.39928333333336,5.332666666666666,0.0016,0.0009,0.00149,0.01376999999999995,0.02765,0.0,765.34765625,791.3496250000001,101281.26625,-2.0035950000000003e-06,0.0,261.03795625,749.9712333692917
2021-10-17 12:00:00,-8.9590730469046,1.127549500371287,54.131036661273164,812.1496,720.9367,720.9367,270.2109066666667,1.1638216666666668,0.0008,0.000789999999999975,0.0002,0.0049,0.010604999999999976,0.0,758.4375,759.07421875,101530.509375,-1.4047837e-06,0.15641403250000002,257.82603625,687.8874505573534
2021-09-06 17:00:00,6.742493857141795,0.8097151644579251,35.30063321312294,1121.8447,975.469,975.4691,274.440515,3.2455,0.00455666666666665,0.00250666666666665,0.0007,0.0284433333333333,0.04,0.0,878.88086875,893.48046875,100493.546875,-2.287968475e-06,0.025348663125000004,257.045225,939.9856166846457
2021-08-01 19:00:00,18.223378839539592,1.3720589601165862,61.22153712726938,665.531,542.2844,461.8148,278.5695216666667,5.823175,0.0019,0.0004,0.002333333333333325,0.01422166666666665,0.05002499999999995,27.65,387.0859375,434.45508,102133.275,-3.792229125e-07,0.9159317,268.89135125,536.1416756562387
2021-06-12 19:00:00,23.110135027499748,1.6090958749335378,65.768205572537,570.184,491.3586,491.3588,252.59458333333333,0.8802933333333334,0.0019399999999999999,0.0006949999999999749,0.0017633333333333249,0.01336999999999995,0.025964999999999974,0.0,373.9296875,374.23046875,101592.5875,-8.048664125000001e-07,0.0,238.79931249999998,452.45235526788923
2021-08-01 17:00:00,18.223378839539592,0.9359034761495603,45.0878440390715,969.2059999999999,827.0526,764.4243,280.323465,5.0614566666666665,0.00186166666666665,0.0004,0.002404999999999975,0.013473333333333299,0.04870499999999997,26.5,627.5546875,754.98828125,102291.4,-7.906637625e-07,0.839599615,265.07830625,791.4778856526428
2021-12-02 17:00:00,-21.84754604183108,0.6946460414532012,17.934128039458667,1328.6318999999999,1141.5541,931.0292,268.08537,8.377706666666667,0.0011833333333333249,0.0013,0.0001,0.013946666666666649,0.015471666666666625,33.81666666666666,908.9062812500001,1049.1406562500001,101007.39,-8.1668547375e-06,0.8415375,275.68199749999997,1164.4786048184105
2022-01-06 19:00:00,-22.586362240552145,0.8829023433626594,41.54493041210426,1046.0904,869.4818,619.8448,260.68272833333333,10.869906666666667,0.00155666666666665,0.0009,0.0002,0.019784999999999976,0.023581666666666626,17.599999999999998,650.4296875,751.2890625,101009.04000000001,-1.7996819375e-05,0.3066596975,275.76656875,667.7292340884574
2022-02-15 18:00:00,-12.952338884611105,0.7552517332074565,28.952372385920448,1221.3364000000001,1027.6257,1027.6256,266.1908883333333,11.907353333333333,0.0015,0.0004,0.0,0.01847166666666665,0.0453066666666666,0.0,921.1328125,938.734375,101341.39937500001,-8.6328014625e-05,0.097427366875,277.36804125,1030.2409205321826
2021-11-14 18:00:00,-18.040896407164666,0.7939634009211072,33.66084618883542,1155.2069999999999,972.0113,710.4711,264.04325833333337,9.786656666666666,0.003015,0.00177666666666665,0.0001,0.027768333333333277,0.0259683333333333,49.349999999999994,666.1484375,851.12890625,100749.82125000001,-1.6715785375e-06,0.6745872375,274.223395,836.0104279036317
2021-08-12 12:00:00,15.21124284412728,1.964387069054938,70.36038642815633,476.4278,364.2972,230.7461,272.722915,4.640063333333334,0.0057683333333333,0.0017200000000000002,0.0012,0.036026666666666624,0.06644999999999995,31.299999999999997,427.67774375,431.16211875,101993.47125,-1.564709225e-06,0.0,270.67168875,370.72995325422505
2021-06-15 20:00:00,23.28592529697329,2.8317601613659247,76.52650519701892,333.0837,244.4915,191.1285,238.159995,4.45533,0.0018449999999999751,0.00033499999999997497,0.001053333333333325,0.0189133333333333,0.0588683333333333,70.35,153.453125,156.12890625,101463.45999999999,-4.3717591125e-07,0.0,270.5819125,230.61129090255304
2021-10-25 14:00:00,-11.83155980206098,0.7364999277277431,26.192727767623715,1246.0244,1095.6741,1095.674,296.23684833333334,3.335138333333333,0.001896666666666625,0.00074666666666665,0.0001,0.0086783333333333,0.01144499999999995,0.0,1097.7460624999999,1099.0117375,101817.171875,-3.1495291875000003e-06,0.0,266.39693,1066.9363538295577
2021-08-19 16:00:00,13.034054821227372,0.8322067632599821,37.433438128413684,1090.767,998.935,998.935,270.280215,0.5988216666666667,0.0011216666666666502,0.0003,0.001,0.0060983333333333,0.03609666666666665,0.0,940.67578125,941.01953125,101136.5475,-2.1771411500000003e-06,0.0,251.96739374999999,967.0981661272923
2021-05-05 16:00:00,16.018996635501978,0.8689024368490492,40.49142390298203,1042.3111,876.1808,876.1808,242.2678633333333,6.865858333333334,0.00695999999999995,0.0013,0.00303166666666665,0.05339166666666663,0.056376666666666624,0.0,818.95703125,837.953125,100904.984375,-1.7699203125e-06,0.057449338749999995,266.14977999999996,870.5142035239122
2022-03-12 21:00:00,-3.618856729348031,2.401547180251068,74.04829733457323,367.9706,269.43690000000004,147.37130000000002,259.209275,8.652845,0.00163166666666665,0.0015966666666666501,0.0001,0.01741499999999995,0.01674666666666665,60.66666666666666,111.71875,166.90234375,101156.765,-4.1115853625e-06,0.0,277.96913125000003,180.95649047105357
2022-01-13 15:00:00,-21.614433766280886,0.6820191410172559,14.295430296238134,1360.8877,1163.5371,1163.5369,256.48524999999995,7.706045,0.0061,0.0001,0.0001,0.051734999999999975,0.01927666666666665,0.0,1152.878925,1154.527325,101756.93062500001,-9.438508875e-05,0.030017853750000004,275.66959375,1157.9288025889966
2022-04-01 18:00:00,4.242295024068458,0.879992957817389,41.33055743656823,1034.8136,871.4435,871.4431999999999,254.10521,7.783246666666667,0.00206666666666665,0.00173666666666665,0.00016166666666665,0.0234833333333333,0.04215333333333328,0.0,642.98046875,774.24609375,101009.6225,-2.3817701875e-06,0.00450134275,273.128695,858.5041352031643
2022-01-24 16:00:00,-19.405991243746065,0.6635331689230767,5.095588267570546,1399.3165,1180.1943999999999,1171.0198,252.92116833333333,16.00977,0.000883333333333325,0.0,0.0,0.018594999999999976,0.008449999999999975,63.36666666666667,877.828125,1135.8632499999999,101439.35062499999,-7.143226625e-05,0.785335525,278.14098875,862.9863358504135
2021-06-07 19:00:00,22.68170014727632,1.6011152585285815,65.63944048683851,572.3114,486.6065,168.6643,261.35243833333334,1.3256883333333334,0.001808333333333325,0.000895,0.001363333333333325,0.0134,0.03628833333333328,100.0,350.5703125,375.32421875,101214.6275,-5.90254795e-07,0.7150001525,242.76206375,417.1467098166127
2021-10-09 21:00:00,-5.952169923211082,3.286368615439973,78.4224930073904,355.01520000000005,263.0966,27.4506,264.7670733333333,5.968,0.0015933333333333,0.00019999999999995,0.00131666666666665,0.0125,0.022246666666666602,100.0,130.43359375,152.1015625,100039.914375,-5.859474187500001e-07,0.014499664374999999,251.7610275,143.70729953254224
2021-09-20 18:00:00,1.4140132769246216,0.8807944426847341,41.38984569195034,1033.0003000000002,850.6675,399.2962,277.08389666666665,12.19102,0.00618999999999995,0.00029666666666664995,0.000825,0.04923666666666662,0.02394999999999995,100.0,409.03515625,741.109375,101365.78375,-7.730443275e-06,0.5853996375,278.71715374999997,741.123696512046
2021-12-07 11:00:00,-22.522986529463115,1.5368775153347043,64.54896272384654,593.0002,454.6545,86.59299999999999,259.15110999999996,16.184215,0.0014,0.0007,0.0001,0.015978333333333275,0.008974999999999976,100.0,106.171875,492.5078125,102219.296875,-2.6877969500000002e-05,0.16977310375,280.45266250000003,143.12297734627833
2021-09-26 13:00:00,-0.9193266638834702,0.953491248017319,46.13279882810508,959.4993,845.9279,845.9279,269.0931,1.636735,0.003784999999999975,0.0018583333333333,0.000773333333333325,0.020563333333333326,0.043483333333333304,0.0,855.4921875,856.0,101788.28125,-3.5777048749999996e-06,0.0,258.77092625,838.9212513484357
2022-04-20 18:00:00,11.241196996341696,0.9757395071365801,47.376621102941336,930.3694,823.9540999999999,823.5263,245.08047,1.8329333333333333,0.0007,0.000703333333333325,0.0001,0.00646166666666665,0.02009166666666665,0.0,712.3203125,714.48828125,100704.53375,-1.523032575e-06,0.0,243.92368249999998,778.3549083063646
2022-01-26 16:00:00,-18.92240212955681,0.6640723349051365,5.593339486101402,1397.9827,1174.8383,736.1823,257.58092666666664,17.130455,0.001048333333333325,0.0,4.3333333333333334e-05,0.021508333333333275,0.020886666666666623,100.0,786.49609375,1131.6523750000001,101250.735,-4.4297427e-05,0.6479454,281.074005,1086.222581805106
2021-10-02 16:00:00,-3.2540993104322586,0.7106362733370056,21.566539682744033,1284.5111,1157.9112,1089.973,273.54534,1.63551,0.00449499999999995,0.00207,0.0028149999999999746,0.0271633333333333,0.03696833333333328,81.05,1089.6836250000001,1088.8711250000001,100425.259375,-6.9102680625e-06,0.7361488375,244.03063125,1132.7939590075512
2021-09-24 21:00:00,-0.14039254123672726,3.6846582621980435,79.69176134332078,327.4424,227.6818,219.15840000000003,274.2006533333333,6.115153333333334,0.00639999999999995,0.0021333333333333,0.0011,0.04166,0.0419233333333333,6.533333333333333,127.71875,130.16015625,101689.83812500001,-1.2814216449999998e-06,0.0,274.97358499999996,105.89356346637899
2021-09-02 17:00:00,8.209666695702609,0.821595938691045,36.45517868859169,1105.1063,966.0957000000001,966.0957000000001,274.08750499999996,2.82877,0.0042,0.0008,0.0005899999999999999,0.02532499999999995,0.032799999999999975,0.0,879.06836875,885.67578125,100956.046875,-3.0598893625e-06,0.0,257.59767999999997,918.8781014023732
2021-07-24 13:00:00,20.043981873185853,1.4219402366095593,62.32097681749158,647.4479,531.5409,400.33,267.40549833333336,4.797951666666666,0.001639999999999975,0.00101,0.001553333333333325,0.013779999999999975,0.024869999999999975,43.766666666666666,563.197275,565.1699187500001,101853.60250000001,-1.6980320999999999e-06,0.0,259.69761375,502.64293419633225
2022-03-31 17:00:00,3.8552830125226754,0.7796578858574567,32.046832366614034,1170.7783,1012.6792,1012.6792,252.562955,5.598301666666667,0.0008,0.00074666666666665,0.0001,0.0096,0.017411666666666648,0.0,910.15234375,933.69921875,100880.9225,-3.140361525e-06,0.06246948375,273.76220125,1011.183027687882
2021-05-15 19:00:00,18.67362357896368,1.4734533801715302,63.3679079794078,617.7163,527.5887,527.5886,251.25414833333332,1.6808083333333332,0.0016,0.00059166666666665,0.0013466666666666499,0.0095783333333333,0.02842499999999995,0.0,409.3359375,412.8984375,101116.0,-6.591144325e-07,0.0,248.01138,494.5343401654081
2021-12-08 18:00:00,-22.636286803525202,0.7701824379344432,30.901755939700635,1196.8105,996.3590999999999,371.298,260.32056166666666,14.128486666666667,0.0018,0.00135666666666665,0.0007800000000000001,0.0273033333333333,0.0450116666666666,100.0,520.40234375,883.46875,101282.11624999999,-6.044819e-05,0.9636573875,281.34756875,958.797195253506
2021-11-17 20:00:00,-18.811219532670908,1.343324952261123,60.5454444606126,673.9440999999999,533.5281,446.978,258.7129116666667,10.445700000000002,0.0016,0.0016,0.0001,0.016163333333333325,0.03575833333333332,35.0,289.91015625,394.578125,100807.65625,-6.434565899999999e-07,0.19376373125000002,278.648515,341.0913340524991
2021-10-05 11:00:00,-4.415599318817538,1.9565230619164649,70.27805555842379,469.1254,369.7336,232.0802,274.6825533333333,3.2663966666666666,0.002448333333333325,0.002013333333333325,0.0008,0.017788333333333274,0.022084999999999976,100.0,444.515625,444.59375,101375.3125,-1.1776283125e-06,0.033531188375,268.24734375,320.78748651564183
2022-02-17 15:00:00,-12.262246901258074,0.7033761495686739,20.016187897166308,1316.4424,1108.9883,339.4031,262.7172483333334,12.950216666666666,0.0021349999999999997,0.0007,5.833333333333333e-05,0.02725499999999995,0.07323666666666664,100.0,841.4453125,1098.6601875000001,101690.50687499999,-7.93824425e-05,0.705581675,278.33211875,951.814095649047
2021-10-25 21:00:00,-11.83155980206098,2.8912478447460486,76.8094098602153,348.37893333333335,256.0752,181.77506666666667,294.03670666666665,6.4182911111111105,0.0020466666666666333,0.0005,0.0001,0.011928888888888834,0.013226666666666631,67.95555555555556,145.078125,152.953125,101620.33,-2.2619497e-07,0.032066345,269.5010525,229.15498022294136
2021-07-17 15:00:00,21.345575275899424,0.9863205997520404,47.94018445514377,920.9671000000001,819.0581,760.0319000000001,267.67691833333333,1.1275600000000001,0.0022,0.0014,0.00761666666666665,0.024366666666666627,0.04986499999999998,20.916666666666668,784.52930625,787.4921875,101918.88187499999,-2.1784217375e-06,0.54350280625,264.4300325,791.1344839985616
2021-11-02 10:00:00,-14.511719037234068,3.416567870982796,78.87059371110276,343.6332,245.81099999999998,29.8528,271.5105933333333,8.56484,0.002,0.00176666666666665,0.0002,0.01878999999999995,0.020429999999999948,100.0,201.83203125,309.5859375,102068.53125,-8.5376756875e-06,0.007629394375,277.83166874999995,138.41423948220063
2021-10-24 19:00:00,-11.481805530408202,1.0205758283099071,49.6538751740256,893.5543,762.6961,762.696,295.78254000000004,3.435896666666667,0.001908333333333325,0.002404999999999975,0.0001,0.00927999999999995,0.013706666666666626,0.0,516.6015625,623.37109375,101675.853125,-2.242473775e-06,0.17964554,271.06792,725.2085580726357
2021-05-11 19:00:00,17.66995348916075,1.4400704456058864,62.699123080211145,631.3432,501.8591,120.9401,243.300835,7.9627799999999995,0.00171166666666665,0.0009,0.0055899999999999995,0.026966666666666625,0.053621666666666595,100.0,251.62109375,402.7109375,100709.33687500001,-5.262845674999999e-07,0.97556304625,263.1853075,151.38798993167924
2021-06-01 14:00:00,21.949247130337106,1.1121359691036372,53.5542541372237,816.7193,726.9935,726.9935,257.59623,0.8517816666666667,0.0019933333333333,0.0011933333333333,0.00207499999999995,0.01296666666666665,0.035738333333333275,0.0,731.38475625,733.5136625,101830.53125,-1.508829875e-06,0.0,253.4130075,715.2445163610212
2021-12-18 20:00:00,-23.35461933037622,1.205080716815096,56.756181749958486,757.1528000000001,605.4356,394.962,257.8051116666667,12.108720000000002,0.0016,0.0003,0.0,0.020788333333333277,0.016335,83.0,427.83203125,479.859375,101158.265,-5.2080140875e-06,0.0051307679375,274.66195749999997,594.8076231571378
2021-12-28 15:00:00,-23.298866337354657,0.6767564801176191,12.425899946267625,1370.768,1163.1626,659.0796,253.92863666666665,12.724105,0.00115666666666665,0.0002,8.333333333333334e-05,0.019546666666666625,0.022685,93.08333333333333,867.33984375,1138.4453125,101739.6875,-0.00011356856125,0.003982543874999999,279.7055625,885.6850053937433
2022-03-09 14:00:00,-4.794858618214097,0.8140016178474817,35.72480714708746,1133.9091,952.6756,832.1298,254.50027833333334,10.06402,0.0020066666666666497,0.0003,0.0002,0.03331999999999995,0.019003333333333275,20.03333333333333,859.43359375,970.9765625,101320.625,-7.5941496874999995e-06,0.0,277.54314750000003,986.4545127651924
2021-12-19 21:00:00,-23.384169426366487,1.9152690889876913,69.83434358052534,467.15909999999997,345.062,58.092,256.5147366666667,12.272776666666667,0.003234999999999975,0.0001,0.0,0.03162999999999998,0.01200999999999995,97.06666666666666,198.0078125,231.18359375,101259.59125,-1.7496640900000001e-06,0.0,274.70529250000004,352.18806184825604
2021-08-25 13:00:00,11.034046063021137,1.1691289421565878,55.5923854149044,785.115,681.168,679.5735999999999,273.02006,1.9546899999999998,0.002098333333333275,0.000559999999999975,0.000844999999999975,0.01104999999999995,0.03088,0.0,709.08203125,710.99609375,100996.65625,-1.0796647875e-06,0.0,248.3693575,657.32650125854
2021-06-06 17:00:00,22.575969425671758,1.0245130924817232,49.84080671153463,884.0156999999999,780.0936,780.0937,262.271005,1.5158966666666667,0.00323166666666665,0.0009,0.0012133333333333,0.01608499999999995,0.0413583333333333,0.0,693.2734375,699.4765625,101032.259375,-1.7838319624999998e-06,0.0,242.1415225,786.3394462423589
2021-11-28 13:00:00,-21.180550001136528,0.8295377525617659,37.19178921943536,1112.5285,952.7868,952.7866,272.91667666666666,5.723026666666667,0.0012,0.00359499999999995,0.0001,0.012689999999999976,0.0145,0.0,944.26564375,968.19921875,100746.50687499999,-8.513539625e-06,0.5789298875,256.2737625,936.5875584322187
2021-08-16 18:00:00,13.989313624567798,0.9993919146431652,48.61332411375797,908.1608,798.5011,798.5011,285.91394333333335,1.7162966666666666,0.0030083333333333,0.00142166666666665,0.0021,0.017998333333333276,0.04186166666666665,0.0,691.92578125,692.28125,100891.22750000001,-1.4784455125e-06,0.0,245.5362525,779.9460625674218
2021-09-01 11:00:00,8.571241434003953,3.3600561006415903,78.68045098426053,323.7408,236.99120000000002,160.21626666666666,272.4452733333333,4.25204,0.002717777777777767,0.0004311111111111,0.0014,0.020479999999999967,0.03044888888888883,100.0,301.46875,308.984375,101999.46749999998,-3.8681318000000004e-06,0.61187745,274.65583,200.88217667505694
2021-05-02 14:00:00,15.1330201628331,0.9830539508140674,47.768028325814655,924.8639000000001,833.4827,718.1446,245.68730333333332,0.8800383333333333,0.00101166666666665,0.000585,0.0021616666666666503,0.009933333333333301,0.019496666666666624,100.0,829.70703125,830.0859375,101591.24124999999,-1.330859925e-06,0.1768608075,244.935685,782.8694714131607
2022-03-10 12:00:00,-4.403703272840077,1.400130554948712,61.851289205756494,659.8884,518.1605,420.9121,255.03512,11.717435,0.00161,0.0004,0.0002,0.0312,0.02152666666666665,49.516666666666666,542.08203125,584.05859375,101578.6275,-2.683227625e-06,0.59694289375,278.2226875,521.5354189140596
2021-05-02 16:00:00,15.1330201628331,0.8576487858421982,39.60218496591574,1056.4555,957.8226999999999,927.7472,244.81389666666666,1.0614,0.001,0.00053166666666665,0.0022,0.00994666666666665,0.019649999999999973,21.65,896.7578125,897.0390625,101185.35062499999,-1.7143611625e-06,0.16759872499999998,241.84938,924.4156778137361
2021-06-09 18:00:00,22.873220569233247,1.199313379962691,56.575222228098916,757.9823,666.1599,591.3569,259.55679833333335,1.37365,0.0012,0.00066166666666665,0.0014,0.009538333333333326,0.0234,53.38333333333334,564.30078125,564.0703125,101035.09625,-1.1301017625e-06,0.22621536,251.22529,581.7170082704063
2021-08-18 14:00:00,13.355994618466495,0.9758903018107459,47.38477454769592,935.1774,832.5172,832.5171,275.41814,1.20464,0.001963333333333325,0.0007,0.00120666666666665,0.0111933333333333,0.06537999999999998,0.0,835.0234375,835.3710874999999,101835.81,-2.0759762375e-06,0.0,258.40000749999996,808.9464221503056
2021-10-29 15:00:00,-13.199388829168585,0.6816274802396561,14.165580402572482,1347.2756,1152.9238,1070.1331,267.75941,9.172906666666666,0.002838333333333325,0.0005,0.0001,0.02541999999999995,0.04596999999999995,4.616666666666667,1067.5820625000001,1122.3711250000001,101473.71875,-2.1078449375e-06,0.46667097625,274.1018,1010.6023013304566
2021-06-15 18:00:00,23.28592529697329,1.2049109852075395,56.75088622257294,755.0547,625.7687,625.2561000000001,238.56427166666666,4.924868333333333,0.0025133333333332997,0.0004,0.001265,0.02455999999999995,0.07250499999999996,0.0,536.31640625,541.640625,101362.515,-1.460983225e-06,0.001167297375,267.36006499999996,643.1247752606976
2021-05-12 13:00:00,17.92843372099769,1.2855702987500597,59.07954254143189,709.9152,579.3701000000001,488.2891,249.17400666666666,5.555338333333333,0.0026816666666666248,0.0008083333333333,0.001728333333333325,0.029178333333333327,0.06340499999999998,40.38333333333333,611.15625,622.24024375,101814.85062499999,-1.1578959250000001e-06,0.00024032592749999998,273.26213,556.6001438331534
2022-02-19 21:00:00,-11.559033782461245,1.9386179948434323,70.08794753784593,460.0532,343.1351,62.9516,255.33389999999997,9.05161,0.0007566666666666501,0.0022283333333333252,0.0002,0.01111499999999995,0.06745000000000001,36.66666666666667,205.3125,232.75,100564.66500000001,-8.82503825e-06,0.23833846375,277.54830875,187.39661992089177
2021-06-19 19:00:00,23.42426561686686,1.607040158145904,65.73517187854009,571.6267,491.1966,487.3544,252.91719999999998,1.2857666666666667,0.00094166666666665,0.0003,0.001286666666666625,0.0082383333333333,0.019426666666666627,1.5333333333333334,370.078125,372.48828125,101112.0475,-7.335329624999999e-07,0.26575851250000004,257.9729125,464.16936353829556
2022-02-17 13:00:00,-12.262246901258074,0.9484156058477431,45.837104635413105,974.6212,795.2984,458.89590000000004,262.23026,12.520678333333333,0.002255,0.0005549999999999999,0.0,0.03021166666666665,0.07498833333333328,96.7,686.40234375,839.7578125,101863.03125,-5.9911746875e-05,0.20436478125000002,278.94284375,595.7497303128371
2021-12-22 17:00:00,-23.426039035075107,0.6865321685484852,15.706336554751434,1349.6682,1134.0450999999998,817.8709,256.5619716666667,15.864466666666667,0.0012,0.0001,0.0,0.02159666666666665,0.015431666666666625,47.56666666666666,892.67578125,1057.6991874999999,101181.92125,-1.5204451874999999e-05,0.515956875,278.11123625000005,812.0981661272923
2021-07-13 16:00:00,21.957530533506088,0.9572978047520675,46.35155489748944,947.3593000000001,797.7206,742.9903,265.27238,7.042306666666667,0.00272,0.0006,0.0009,0.025131666666666625,0.0269533333333333,22.25,742.38868125,757.3222812500001,101358.11,-3.052758925e-06,0.078834533125,266.75995125,775.2319309600863
2022-04-04 12:00:00,5.39510524901996,1.5487914836978025,64.75879467560736,595.8938,480.1655,349.15070000000003,245.11358166666668,5.539641666666666,0.0010883333333333001,0.00164666666666665,0.0002,0.013578333333333276,0.0266333333333333,82.56666666666666,410.3457125,530.458975,101960.9625,-1.844338825e-06,0.0,275.50425,457.7939590075512
2021-07-23 18:00:00,20.247236515646932,1.1081358653630662,53.401231086779696,820.8035,702.144,702.1439,264.97146333333336,3.0274249999999996,0.001718333333333325,0.0006,0.00079,0.01117999999999995,0.02225499999999995,0.0,605.12109375,605.3984375,101032.44,-1.6516714875e-06,0.0,249.5806475,688.3117583603021
2021-09-25 21:00:00,-0.5297921459661097,3.656535451116575,79.61137100845589,329.2216,241.4814,241.4812,266.83503333333334,3.277583333333333,0.0033133333333333,0.0017533333333333,0.0007,0.0244,0.032886666666666606,0.0,135.8125,138.38671875,101055.32625,-7.766357125e-07,0.0,249.85754624999998,242.2294138798993
2021-07-14 20:00:00,21.81384026311456,2.4881348490681896,74.6184932418155,377.0235,290.476,228.1502,271.02338833333334,4.621051666666666,0.001,0.0003,0.0007,0.008363333333333325,0.013598333333333299,52.18333333333333,182.77929375000002,186.234375,100789.4375,-5.4575503125e-07,0.0,256.27929375,258.14635023372887
2021-12-13 12:00:00,-23.090758690794445,1.0646703422940775,51.64229170442416,863.5379,752.0372,752.0372,261.4069883333333,2.0798216666666667,0.00056166666666665,0.00477,0.0001,0.005398333333333325,0.015004999999999975,0.0,766.55859375,782.98046875,101238.540625,-6.455671937500001e-05,0.0,269.18328625,719.8579647608774
2021-08-24 14:00:00,11.375079655697107,0.9443608657333942,45.59751794060577,966.3487,876.0866,876.0866,270.118365,0.4663649999999999,0.00252166666666665,0.000938333333333325,0.001223333333333325,0.015656666666666624,0.04049666666666665,0.0,875.8671625,875.5370937499999,100815.240625,-2.0234147e-06,0.0,247.63031625,851.2046026609132
2022-02-13 14:00:00,-13.628352259311125,0.7781345612993782,31.867094863712538,1189.942,1004.2345,915.9527,260.19454666666667,9.804034999999999,0.001418333333333325,0.00171499999999995,0.0,0.018916666666666623,0.053869999999999946,35.2,861.2421875,1024.1796875,101691.18062500001,-9.5626222875e-05,0.6579895,278.84499875,1010.9672779575692
2022-03-12 11:00:00,-3.618856729348031,2.663538792212479,75.6559757399916,387.68773333333337,288.45640000000003,94.54826666666668,258.9348244444445,9.061882222222224,0.001,0.0005,0.0001,0.010777777777777733,0.0100866666666666,97.31111111111112,150.765625,358.0625,102009.40750000002,-5.3299591e-06,0.08216857999999999,275.457155,79.05789284430061
2022-01-14 20:00:00,-21.44703391225614,1.1407627995390557,54.609873745423684,804.5178,632.5343,185.4726,261.1775366666667,9.731418333333332,0.0094,0.0002,0.00020666666666665002,0.0850133333333333,0.036059999999999974,100.0,509.52734375,527.96875,101289.125,-2.4115171875e-05,0.09202194,272.65735,674.8993167925206
2021-07-03 16:00:00,23.040179273357914,0.9768913073439117,47.4388079749304,927.96,828.9539,828.9538,265.4851483333333,1.0012283333333334,0.0025,0.0008,0.0035166666666666497,0.020734999999999976,0.05078499999999995,0.0,777.80859375,778.14453125,101616.3375,-3.215216575e-06,0.0072021484,246.85569375,806.0949298813376
2021-10-24 17:00:00,-11.481805530408202,0.7206556339627176,23.500840510409436,1270.9787000000001,1122.5964,1122.5964,296.55128833333333,2.9562033333333333,0.0017,0.00203166666666665,0.0001,0.008339999999999976,0.012151666666666651,0.0,877.44921875,1019.45315625,101477.47750000001,-1.7491692875e-06,0.0,265.28551250000004,1130.348795397339
2022-04-11 11:00:00,8.025071516006154,3.3489556633039923,78.64233264839909,319.4604,262.336,229.8104,248.03576888888884,0.44869333333333333,0.0004,0.0015177777777777666,0.0002,0.0039422222222222,0.014233333333333334,24.444444444444443,328.984375,330.390625,101589.8125,-1.1306256500000001e-06,0.0,257.605615,239.52055615486037
2022-03-13 12:00:00,-3.2253778251555234,1.4155665887896045,62.18542154049388,652.7964999999999,525.3924,456.724,255.24565,7.898423333333333,0.00098666666666665,0.00056666666666665,4.8333333333333334e-05,0.01291999999999995,0.0139083333333333,8.733333333333333,406.328125,575.4140625,101983.359375,-1.3637502125e-05,0.004886627375,276.97604125,524.4336569579287
2022-01-14 11:00:00,-21.44703391225614,1.8061525572428847,68.55587965035504,498.1886,366.0399,284.94259999999997,260.52893166666667,8.902371666666667,0.006491666666666625,0.0002,0.0003,0.0645,0.026976666666666625,32.43333333333333,452.875,454.87890625,102165.47125,-2.4679728375000002e-05,0.0837554925,277.03225625000005,359.0309241280115
2022-01-19 11:00:00,-20.507774526977382,1.862868705089604,69.24043365701209,482.89149999999995,354.0441,135.5247,253.79754166666666,13.074956666666667,0.00240166666666665,0.0002,0.0,0.040356666666666596,0.03221999999999998,100.0,168.21484375,423.125,102092.953125,-3.91574275e-05,0.96117782625,280.5780625,217.378640776699
2021-11-11 11:00:00,-17.222734070984142,1.5380167372662676,64.56918342873232,594.1092,465.81319999999994,207.9573,273.207575,9.090786666666666,0.0021,0.0018,0.0004,0.016234999999999975,0.02281999999999995,91.5,278.62109375,510.453125,101969.5775,-2.6011839625e-05,0.0,278.60992375,419.1010427903632
2021-05-07 16:00:00,16.58781459482518,0.8763884928832997,41.06170800940684,1033.1405,888.5078,888.5079000000001,244.9971033333333,3.9589499999999997,0.003143333333333325,0.0003,0.00360166666666665,0.034749999999999975,0.042611666666666624,0.0,854.96875,855.20703125,101387.63125,-1.6882259125e-06,0.0,262.95029,881.0320028766631
2022-03-16 20:00:00,-2.0419762587084924,1.3815383660999216,61.43748115917833,653.6834,519.7458,167.9577,251.53812166666668,9.928023333333334,0.0012449999999999749,0.0001,0.000465,0.018469999999999976,0.018549999999999976,100.0,312.1953125,400.046875,100972.9375,-4.61676975e-06,0.13207626375,268.0464425,309.8363897878461
2021-07-23 19:00:00,20.247236515646932,1.4356840724285698,62.60862929390542,637.6425,529.6991,529.6991,264.68295333333333,3.2702533333333332,0.00185166666666665,0.0006,0.0008,0.01221999999999995,0.0238733333333333,0.0,417.58203125,418.515625,100958.0475,-9.833893000000001e-07,0.0,248.46835125,522.3552678892485
2022-04-11 12:00:00,8.025071516006154,1.6023023586620153,65.65868354186925,575.5985000000001,505.6669,505.6669,248.53049666666664,0.39115999999999995,0.0004,0.00147666666666665,0.0002,0.003643333333333275,0.01359166666666665,0.0,549.41796875,550.98046875,101526.52437500001,-1.46735695e-06,0.0,258.4360425,475.2085580726357
2021-09-18 20:00:00,2.1880253905616205,1.6722103323033737,66.73909530440254,544.274,433.5335,86.7217,271.65563000000003,4.316386666666667,0.0028566666666666497,0.000773333333333325,0.0012449999999999749,0.024449999999999975,0.0266283333333333,100.0,293.6796875,306.62109375,100520.709375,-6.340851525e-07,0.17562866500000002,259.6328175,286.6900395541172
2022-01-28 13:00:00,-18.415527261388707,0.9093040699329119,43.39038988485449,1015.3614,828.5039,528.1313,264.1086,16.17502,0.0022183333333333,0.0,0.0,0.0242333333333333,0.0089,100.0,249.93359375,859.984375,101739.0625,-6.73363675e-05,0.07252502450000001,279.7694625,786.8752247393024
2021-06-09 17:00:00,22.873220569233247,1.0294900695151707,50.07433137534823,879.9667,782.7461000000001,718.7907,259.9406,1.3768116666666665,0.00129666666666665,0.000735,0.00148166666666665,0.010093333333333326,0.024179999999999976,49.33333333333333,703.44140625,702.71484375,101148.18062500001,-1.4840916499999999e-06,0.25038147,248.5690625,777.4793239841783
2021-12-01 21:00:00,-21.6911308272899,2.142301276715776,72.05239622621733,413.6776,306.36609999999996,211.10070000000002,264.72179666666665,10.176175,0.0008,0.00275499999999995,0.0002,0.00962666666666665,0.01830499999999995,33.983333333333334,157.82421875,191.02734375,100833.43062500001,-9.3606652375e-07,0.043922422749999995,278.627825,245.22114347357063
2021-11-25 21:00:00,-20.609679850301543,2.2398151019664687,72.85991409135754,394.8457,286.2621,129.46710000000002,257.77909166666666,11.638449999999999,0.001978333333333325,0.000684999999999975,0.0001,0.020581666666666623,0.0187633333333333,65.18333333333334,97.9296875,173.8515625,101014.03812499999,-1.389314975e-05,0.86833954875,279.41471875,286.93815174397696
2021-12-14 18:00:00,-23.15892481426692,0.7648268734020409,30.224326167153738,1206.8966,1022.5101999999999,545.1057999999999,256.45135,10.07412,0.0008,0.002033333333333325,0.0002,0.011435,0.016481666666666624,100.0,715.74609375,909.640625,101073.51625,-4.34156095e-05,0.4158515925,272.84026875,891.5498022294137
2022-02-11 13:00:00,-14.289328586144947,0.9361197225786304,45.10104718651982,987.0971999999999,825.4265,678.5675,262.450085,7.58735,0.00115,0.001944999999999975,0.0,0.013171666666666625,0.056608333333333274,11.45,726.44140625,865.36328125,101465.31875,-0.00010014843562499998,0.0,279.237555,563.8511326860842
2021-05-17 15:00:00,19.144405595444194,0.936981211280235,45.15355576045968,966.5059,835.1361999999999,835.1360999999999,252.60485833333334,3.61885,0.0014,0.00092666666666665,0.00206166666666665,0.009444999999999974,0.024724999999999976,0.0,807.9296875,812.3125,101963.59375,-1.5663099375e-06,0.0,271.046635,806.4365336209996
2021-11-08 20:00:00,-16.35975054890701,1.3901956508447995,61.63174504695126,651.2209,521.0637,316.4167,274.783645,7.079555,0.0025233333333333,0.00299166666666665,0.0002,0.0204783333333333,0.017256666666666625,94.11666666666667,262.0703125,386.5390625,100773.2525,-7.366179524999999e-07,0.34230806225,273.02191875,424.91370010787483
2021-05-04 18:00:00,15.727950717208849,1.0541391402191527,51.187486034631576,859.3478,726.8868,708.1958999999999,243.50009333333333,4.64815,0.001348333333333325,0.0005,0.002108333333333325,0.016241666666666627,0.0379833333333333,2.933333333333333,611.09765625,636.234375,100952.00875000001,-7.4724085125e-07,0.20148850375,266.14635625,711.7853290183388
2021-08-25 17:00:00,11.034046063021137,0.8474266898808697,38.75871818870089,1070.7024999999999,960.9008,949.8946,277.76325833333334,1.5146549999999999,0.00258666666666665,0.000619999999999975,0.000845,0.012006666666666626,0.0313316666666666,0.4,863.97265625,867.97265625,100579.08499999999,-1.3378739499999999e-06,0.0,246.104155,844.2934196332254
2021-12-30 14:00:00,-23.19418976492388,0.7372003461225709,26.303241867748,1256.5334,1074.4482,1045.7526,255.53545666666668,8.444731666666666,0.0009,0.000593333333333325,0.0003,0.011744999999999974,0.0197283333333333,19.549999999999997,1078.4882625,1080.4961125,101381.071875,-0.00011916778625,0.04628372125,278.72653125,1075.29665587918
2021-06-24 15:00:00,23.441880878089584,1.0207707437273286,49.66317541480006,888.511,795.0908000000001,795.0908000000001,281.331865,0.93164,0.0014,0.0003,0.001445,0.00544,0.05281999999999995,0.0,768.31836875,768.9765875,101636.828125,-2.270215175e-06,0.0,258.84953874999997,777.6321467098165
2021-12-12 11:00:00,-23.01496090956468,1.555234456672261,64.87078204757017,585.0932,493.6154,348.3399,264.59852,1.8196283333333332,0.0005,0.007044999999999975,0.0001,0.00485,0.01204666666666665,48.6,551.515625,554.51953125,101333.06937499999,-6.104875e-05,0.0843887325,268.071825,479.73570658036675
2021-12-02 20:00:00,-21.84754604183108,1.2703496626191915,58.66704863412488,714.4826,569.1247,96.69359999999999,267.075635,11.362106666666666,0.0016683333333333,0.0012,0.0001,0.017398333333333325,0.016339999999999973,100.0,340.80859375,433.5234375,101005.56,-1.7832207875e-06,0.7720527475,277.520195,395.38834951456306
2021-10-24 13:00:00,-11.481805530408202,0.854916187794833,39.38015845531707,1072.9180000000001,949.3256,949.3256,292.7150883333333,2.2143383333333335,0.001875,0.001266666666666625,0.0001,0.008386666666666626,0.01042166666666665,0.0,795.90234375,945.09765625,101985.025,-4.7485810625e-06,0.0,269.27619250000004,938.331535418914
2021-08-05 17:00:00,17.191569488467835,0.9207223458427435,44.13743369307552,985.1052,851.9545,851.9545,273.44182666666666,3.7648333333333333,0.0017249999999999748,0.0005,0.001,0.007998333333333324,0.024928333333333302,0.0,698.453125,773.04296875,101652.578125,-9.444774874999999e-07,0.0,257.9563525,848.7648327939589
2021-08-04 16:00:00,17.45666672309083,0.8870932052653586,41.84969444128686,1022.7597000000001,866.6318,599.8937,282.604335,7.9394,0.001425,0.0004,0.001519999999999975,0.00986166666666665,0.03096666666666665,92.18333333333334,693.0605312499999,818.97265625,102083.61,-5.1416572375e-06,0.7637634275,271.62567249999995,868.83674937073
2021-12-06 19:00:00,-22.402341078636915,0.9299489060222363,44.72065161162751,986.1149,808.8838,594.0472,259.1262566666667,15.413185,0.0006,0.0001,0.0,0.00635,0.0053750000000000004,94.68333333333334,431.171875,674.73828125,101698.890625,-3.9486825625e-05,0.71160506875,280.59539374999997,415.1887810140237
2022-02-15 12:00:00,-12.952338884611105,1.2913751953333836,59.23384018451695,712.6406999999999,563.3318,482.7406,264.11205,10.48287,0.001873333333333325,0.0007,0.0001,0.026663333333333275,0.05814999999999998,31.833333333333336,567.1171875,634.82421875,102088.4625,-6.39033975e-05,0.0261383055,278.16458625,531.1236965120461
2022-01-04 15:00:00,-22.797932977796375,0.6788904400298196,13.218844521940639,1366.9234,1199.9222,1142.6964,257.760805,4.658468333333333,0.0004,0.0005,0.0001,0.004543333333333325,0.009869999999999976,22.81666666666667,1160.8866874999999,1176.3046875,100891.21187500001,-1.424795525e-05,0.00270080565,268.82379,1163.81157856886
2021-07-14 12:00:00,21.81384026311456,2.414602440500924,74.13699170421152,390.6257,295.7667,182.6628,267.93359999999996,5.761208333333333,0.0019183333333333001,0.000435,0.0025116666666666,0.017801666666666598,0.025901666666666625,46.666666666666664,346.671875,353.51171875,101890.47750000001,-3.1398668125e-06,0.038299560625,271.3387375,275.3703703703703
2022-03-31 12:00:00,3.8552830125226754,1.5210936012620848,64.26532896150313,607.025,489.3415,334.89279999999997,250.51326499999996,5.359158333333333,0.001155,0.0005,0.0001,0.0179566666666666,0.0292833333333333,92.86666666666666,385.8984375,544.765625,101840.99375,-2.9185612125e-06,0.0,277.17619375000004,482.60877382236606
2022-03-18 11:00:00,-1.2516042922501336,2.7769719694877795,76.2549130535885,374.5554666666667,291.6474666666667,252.50066666666666,252.47745333333333,2.4687288888888888,0.0007,0.0005822222222222,0.0001,0.005886666666666633,0.03822666666666664,2.6666666666666665,364.703125,368.875,102058.34500000002,-4.8241346e-06,0.027786255,272.551035,269.55291861440725
2021-12-18 15:00:00,-23.35461933037622,0.6741158333274085,11.361821126954789,1374.9633,1171.3659,1171.3659,257.20602833333334,11.203033333333332,0.00184666666666665,0.0004,0.0,0.0233583333333333,0.016394999999999976,0.0,1078.0546875,1149.2695125,101552.853125,-1.7484154875000002e-05,0.0,272.19744375,1043.678532901834
2022-02-04 16:00:00,-16.470550440292612,0.6675281478310933,8.075654537860245,1389.4321,1196.0955,1031.3119,266.888975,8.340116666666667,0.001,0.00374166666666665,0.0001,0.009453333333333324,0.0609133333333333,28.5,890.015625,1141.5702999999999,101093.234375,-0.00016940277124999998,0.07707977437500001,279.90755,1228.8924847177273
2022-03-13 21:00:00,-3.2253778251555234,2.434727216662307,74.27177682518193,362.8684,263.3705,25.3091,252.90114999999997,11.751533333333333,0.0008,0.0009283333333333,0.0001,0.011814999999999975,0.014063333333333325,97.5,121.63671875,161.7890625,101473.5625,-3.7663558125e-06,0.3180694575,277.0093,254.94246673858322
2021-09-09 13:00:00,5.622634954300004,1.0554431543978737,51.24445216694107,867.8213000000001,763.5181,763.5181,278.49522,1.4412516666666666,0.002908333333333325,0.0008683333333333,0.0013,0.019571666666666626,0.036631666666666625,0.0,747.828125,774.39453125,101761.43062500001,-1.7126439999999999e-06,0.20278167625,271.16168,735.0665228335131
2022-02-08 20:00:00,-15.250505772288365,1.156304793496308,55.15561904088449,790.0826999999999,629.8085,427.5259,260.3817633333333,13.233683333333333,0.001505,0.0033033333333333,0.0,0.019093333333333275,0.051668333333333274,73.91666666666667,333.97265625,502.265625,101417.4625,-3.7499529e-05,0.428874975,279.9791075,630.1600143833153
2021-10-22 15:00:00,-10.773749884875478,0.688444025775665,16.262873399027423,1331.9106000000002,1184.7425,1184.7424,274.0899383333333,2.9096466666666667,0.000593333333333325,0.0013,0.0001,0.0029133333333333,0.00969666666666665,0.0,1152.5117375,1154.03125,100777.21875,-3.4218246625e-06,0.0,261.19829500000003,1156.7601582164689
2021-07-23 12:00:00,20.247236515646932,2.309686147620242,73.39464244614426,408.0393,325.6308,296.8658,265.72585833333335,2.4249650000000003,0.0017683333333333249,0.00045166666666665003,0.000973333333333325,0.01114999999999995,0.0210183333333333,18.73333333333333,378.421875,378.720705,102206.671875,-9.99087225e-07,0.0,267.85377125,305.4153182308522
2021-09-15 13:00:00,3.343031949961012,1.015831560516472,49.4260041972485,901.0889,782.6149,592.4359999999999,275.94491833333336,2.1338850000000003,0.003618333333333325,0.0006,0.0022,0.0224433333333333,0.04348999999999997,96.33333333333333,790.60546875,805.9238124999999,101675.24124999999,-1.8674763624999999e-06,0.23413086125,264.84299999999996,707.6555195972671
2022-03-18 18:00:00,-1.2516042922501336,0.824808353766098,36.75637057266968,1107.9616,964.2497000000001,957.9176,249.59567333333334,3.4670183333333333,0.0008,0.00042500000000000003,0.0001,0.007481666666666625,0.046371666666666624,0.5333333333333333,847.578125,867.91796875,101010.821875,-8.9801325e-06,0.0170631405,261.43951125,939.5181589356346
2022-01-08 18:00:00,-22.34501797811082,0.7470212591965666,27.789194304122013,1240.7930999999999,1036.2087,745.9637,258.75662666666665,14.984395000000001,0.0012,0.00034833333333332496,0.0001,0.02169999999999995,0.018856666666666626,96.25,664.55859375,934.5234375,101269.640625,-2.7083035624999998e-05,0.5901145875,278.99334625,327.41639697950376
2022-04-03 11:00:00,5.012299701517073,3.1282433106962273,77.82700668509327,338.5610666666667,261.47293333333334,137.1764,252.53617777777777,2.361893333333333,0.0009711111111111,0.002326666666666633,0.0002,0.0092,0.025033333333333335,67.5111111111111,341.0,342.9375,101712.875,-1.38836915e-06,0.1456604025,261.289735,255.94630228934435
2022-02-17 18:00:00,-12.262246901258074,0.7577063415312357,29.286323955128662,1216.6887,1011.0672,250.9004,263.24841166666664,14.019823333333331,0.002293333333333325,0.000655,0.0001,0.03658666666666665,0.09660333333333329,100.0,748.546875,921.90625,101346.42874999999,-5.122844625e-05,0.95970153125,279.004455,669.7734627831715
2022-03-04 17:00:00,-6.733640141580796,0.7126595602878765,21.974649234820852,1291.3688,1094.272,944.0027,256.88869166666666,11.03602,0.0025366666666666498,0.0005,0.0002,0.03097499999999995,0.024834999999999947,8.716666666666665,966.49609375,1025.8476875000001,100921.47125,-1.2837438e-05,0.07275390625,276.31350875,1083.923049262855
2022-03-24 17:00:00,1.1175063137884538,0.7583198647241357,29.368918038876576,1206.1869000000002,1091.7692,1053.8761,251.64179833333333,1.4926899999999999,0.0009,0.0023,0.0003,0.006963333333333325,0.026739999999999976,1.3,953.5078125,969.12109375,100879.435,-7.4014825624999996e-06,0.020301819,268.272025,1038.457389428263
2021-10-17 21:00:00,-8.9590730469046,3.0859838774241144,77.65728596354504,330.7450666666667,265.4070666666667,106.182,266.8391066666667,1.4077777777777778,0.0006,0.0006444444444444,0.0001,0.0038533333333333336,0.009782222222222199,62.24444444444445,145.8984375,151.3046875,100399.735,-1.9307481149999998e-07,0.009750366,246.856265,232.7028646769747
2021-10-08 18:00:00,-5.569627024419794,0.8433520787505521,38.412377512759754,1081.9424,921.9134,513.3402,266.95603,6.171284999999999,0.002733333333333325,0.00176499999999995,0.001893333333333325,0.022986666666666624,0.02967666666666665,100.0,712.5625,811.7421875,100045.115625,-1.770938975e-06,0.943408985,264.07634875,465.18698309960445
2021-10-21 21:00:00,-10.415677747676234,2.987837824654954,77.24412986515742,339.3353333333334,254.90600000000003,69.3276,273.00976444444444,4.33334,0.0008511111111110999,0.0015644444444444334,0.0001,0.0051644444444443995,0.0163133333333333,91.68888888888888,150.1484375,153.828125,100950.57875,-2.011074675e-07,0.14868164,272.19307,143.69651204602658
2021-10-08 13:00:00,-5.569627024419794,0.9010317191199052,42.83064210117787,1015.7824,852.8688999999999,816.5096,267.6254,8.100075,0.0026383333333332747,0.001555,0.0013216666666666498,0.023569999999999973,0.026699999999999953,9.166666666666664,850.12109375,887.30078125,101154.03125,-2.8552603875e-06,0.7713546712499999,269.68615625,835.532182668105
2022-01-18 16:00:00,-20.70898601338795,0.6623201817042937,3.7374902212662806,1402.2638,1183.69,355.0552,263.76489000000004,14.087425,0.0017583333333333249,0.0006183333333333249,0.0,0.0310283333333333,0.04892999999999995,100.0,952.765625,1146.8320125,101217.49375,-0.00012552065749999998,0.98493576875,277.672695,476.26033800791083
2021-10-28 15:00:00,-12.862342290550107,0.6824770894404638,14.445621103726808,1345.3029999999999,1168.9465,1070.879,269.9123,6.260556666666666,0.0018,0.001584999999999975,0.00013666666666665002,0.011886666666666625,0.021715,43.016666666666666,1114.5390625,1136.5703125,101802.375,-9.13423725e-06,0.30369948625,271.74556125,1054.888529306005
2021-12-20 12:00:00,-23.405930796463227,1.079926231201857,52.280580448715675,850.6335,680.7201,300.3902,253.2695,14.195116666666667,0.002495,0.0,0.0,0.039421666666666626,0.014024999999999975,100.0,372.79296875,717.33203125,101895.428125,-2.2086023749999998e-05,0.9956512375,279.38401,410.74253865516
2022-01-15 15:00:00,-21.272709360526417,0.6827891629179146,14.546986376239758,1359.3553,1150.8143,1150.8143,263.03844000000004,9.181880000000001,0.008191666666666651,0.0002,0.0001,0.06939333333333328,0.02293166666666665,0.0,1109.1562,1154.6172000000001,101349.6625,-5.7941477e-05,0.02569198575,273.48575125,1217.241999280834
2021-08-18 12:00:00,13.355994618466495,1.8520711712745574,69.11357793536885,503.80649999999997,417.2672,404.8238,276.34131,1.4066783333333333,0.002319999999999975,0.0008,0.001063333333333325,0.0141083333333333,0.053934999999999976,0.7333333333333333,474.4121,474.7773375,102175.39,-1.0044313875e-06,0.0,263.19063000000006,407.9467817331895
2021-09-05 18:00:00,7.112243968801179,0.923556096687683,44.31844567548502,983.2555,818.0867000000001,818.0866,268.45493,6.64074,0.009844999999999951,0.00286999999999995,0.001,0.05691499999999998,0.059394999999999976,0.0,710.3496250000001,722.12890625,100854.47750000001,-1.7619749875e-06,0.015106201125,271.66706750000003,805.3434016540812
2021-09-28 14:00:00,-1.6984268908927718,0.7951546890805353,33.78961147828248,1149.0294,980.9268999999999,856.0042,259.67719,5.953783333333334,0.0061083333333333,0.000663333333333325,0.001048333333333325,0.0431033333333333,0.0292633333333333,16.25,978.6523625,985.9961125,101522.78125,-2.3834582125000003e-06,0.0,275.14829875,805.3146350233728
2021-08-28 11:00:00,9.994050798362174,3.6556293935497406,79.60876008897667,340.9362,273.5912,100.168,291.72739333333334,0.43749666666666664,0.0032,0.0015033333333333001,0.0012,0.0111,0.04225999999999995,91.73333333333333,348.52734375,348.86914375000003,102208.22750000001,-5.01342575e-07,0.0,249.74145,263.0456670262495
2021-12-15 12:00:00,-23.219423861684025,1.0686764852482318,51.812212489587566,860.1164,698.3687,451.29510000000005,260.58651,11.373536666666666,0.001653333333333325,0.0011,0.0002,0.021494999999999976,0.028138333333333276,63.93333333333333,493.515625,735.453125,101760.56,-2.6150081875e-05,0.199646,281.12108750000004,681.0787486515642
2022-03-20 13:00:00,-0.4610330930446514,1.02629212786082,49.92463295802495,898.4211,740.3694,308.4293,251.79156999999998,9.145345,0.0015,0.0004,0.0002,0.01928999999999995,0.058230000000000004,100.0,570.61328125,769.59375,101833.14749999999,-1.7523125375e-05,0.7665023875,278.31020624999996,634.7195253505932
2021-09-11 20:00:00,4.868093435556078,1.7209994267176385,67.43642107533724,529.1801,446.3692,212.7397,272.9148216666666,0.9933483333333333,0.0026,0.0004,0.0015,0.020611666666666625,0.031956666666666626,88.08333333333334,308.3984375,309.17578125,100591.509375,-5.0913695125e-07,0.6441345175,242.517705,368.34412081984897
2021-11-20 17:00:00,-19.530779184666265,0.7005900086003523,19.380667302936775,1314.0426,1139.2162,1139.2163,271.42115666666666,6.224031666666667,0.001,0.001963333333333325,0.0001,0.01086999999999995,0.0193583333333333,0.0,979.59765625,1045.8554374999999,100876.13125,-1.2603413625e-06,0.010276794375,268.00923624999996,954.8471772743616
2021-11-11 16:00:00,-17.222734070984142,0.6689920269371764,8.916326019033564,1375.6485,1184.7313,804.4885,268.69295,8.19652,0.002844999999999975,0.002168333333333325,0.0004,0.0197783333333333,0.02364,71.66666666666667,961.48046875,1110.5703250000001,101278.88375000001,-4.3813925e-05,0.2036819479375,276.18613000000005,1237.0370370370372
2021-12-01 14:00:00,-21.6911308272899,0.7215740119363929,23.66807958271853,1281.1201999999998,1126.3588,1126.3588,265.9749483333334,3.62592,0.0006,0.0025866666666666,0.000185,0.007213333333333275,0.014326666666666626,0.0,1077.9765625,1099.0390625,100951.38375000001,-8.576753374999999e-06,0.0878715525,274.40923125,1100.143833153542
2022-04-01 17:00:00,4.242295024068458,0.7829254127301151,32.42703656698309,1165.5643,995.8216,995.8216,254.65473999999998,7.094411666666667,0.00191166666666665,0.001949999999999975,0.0001,0.02171,0.0413283333333333,0.0,838.85546875,923.4921875,101116.74124999999,-3.2172829625e-06,0.0629730244,272.76485625,984.2322905429702
2021-10-30 11:00:00,-13.53296696505293,1.6055398747909644,65.71100471470345,568.9548,444.4669,246.4653,279.2981,6.847733333333333,0.00238166666666665,0.002225,0.0,0.024431666666666626,0.0326633333333333,64.63333333333333,516.20703125,515.03515625,102059.025,-2.560613225e-06,0.0,275.54040125,414.14958647968353
2021-07-25 12:00:00,19.835145474903577,2.2805352579632854,73.17571478619415,413.0999,316.2951,183.56289999999998,271.72049,5.750853333333334,0.001368333333333325,0.0005766666666666499,0.00112666666666665,0.012178333333333326,0.03094999999999995,99.26666666666667,222.41015625,370.404295,102097.015,-8.274219124999999e-07,0.002574920625,262.91835625,248.37468536497664
2021-11-07 17:00:00,-16.06266126691407,0.7087016226344509,21.167070203807537,1295.7282,1130.8557,1118.7481,279.54348166666665,4.937338333333334,0.00113666666666665,0.0006216666666666499,0.0002,0.0090033333333333,0.00980166666666665,0.8,935.4609375,1028.0702812499999,100590.646875,-5.934533e-06,0.044147491875,262.48180625,1135.0233728874505
2022-02-15 16:00:00,-12.952338884611105,0.6746147270252557,11.570904257388174,1372.3515,1168.5963000000002,1168.5962,266.6618066666667,11.380956666666666,0.0015,0.000465,0.0,0.0184,0.045521666666666655,0.0,1089.6758,1134.7695625000001,101584.41312499999,-0.00011899694749999999,0.006214141875,278.31298875,1130.0593311758357
2022-04-01 12:00:00,4.242295024068458,1.5278393139810529,64.38734760137972,604.2755999999999,484.4145,130.9032,254.28459333333333,6.435734999999999,0.000974999999999975,0.0012083333333333,0.0001,0.0126433333333333,0.03143666666666663,100.0,349.06640625,535.0078125,102113.70999999999,-2.9109942500000003e-06,0.0,277.05123125,119.32218626393383
2022-01-17 12:00:00,-20.903602854067646,1.1692742457019842,55.59726632367901,783.4010000000001,630.72,525.2243,258.0232833333333,11.93579,0.0008666666666666499,0.00074666666666665,0.0,0.00949499999999995,0.02735499999999995,50.516666666666666,610.125,683.2734375,101490.55562500001,-4.3827865625e-05,0.064804077,278.10123000000004,616.7727436174038
2021-06-26 20:00:00,23.400584056892775,2.7543268059525956,76.1394071549137,342.9032,274.6077,25.8047,263.84155166666665,1.212425,0.0011,0.00042166666666665,0.004,0.013128333333333301,0.02484999999999995,100.0,166.8828125,172.59765625,100836.54625,-5.2392715875e-07,0.5784416212500001,239.57038875,148.03847536857245
2022-03-14 16:00:00,-2.83133541238714,0.7106705426429144,21.573532681414996,1293.6078,1107.8191000000002,846.5477,254.45108,9.456201666666667,0.0007,0.001079999999999975,0.0002,0.00954166666666665,0.018064999999999977,12.333333333333334,946.35546875,1067.2109375,101473.64749999999,-2.9795803124999998e-05,0.28946686875,269.87170625,1103.7504494786049
2021-06-23 15:00:00,23.45217923065783,1.0206796790310126,49.65883093380484,888.5158,757.2087,573.833,268.02985666666666,4.248435000000001,0.0016733333333333249,0.0004,0.0018433333333333249,0.020738333333333324,0.02266499999999995,85.03333333333333,718.03711875,742.1894374999999,101151.485,-2.179615e-06,0.7793388375,261.79463875000005,654.7231211794318
2022-02-20 17:00:00,-11.202805231933917,0.6957232525020706,18.20638512863681,1327.3189,1141.1623,1066.8426,256.9267316666667,8.356278333333332,0.0011,0.0008,0.0001,0.014616666666666625,0.02189,8.55,973.7890937500001,1073.8749687499999,100849.98375,-5.5101234999999996e-05,0.0859107975,267.86940000000004,1123.3279395900756
2021-08-27 17:00:00,10.343443884966485,0.8407241098601538,38.18579768606269,1079.3826,979.4031,979.4032,295.1893316666667,0.6037783333333333,0.005464999999999999,0.0012,0.001745,0.01492499999999995,0.059559999999999946,0.0,888.1953125,888.55078125,100997.03125,-1.5061232375e-06,0.0,247.33142625,940.2912621359221
2021-11-20 21:00:00,-19.530779184666265,2.3291558538243824,73.53767560103667,379.3834,276.067,26.4393,270.92830166666664,9.599333333333334,0.00131666666666665,0.0022083333333333,0.0002,0.014784999999999975,0.023261666666666625,97.86666666666667,154.79296875,166.15234375,101324.97750000001,-1.1990777974999999e-07,0.014419555624999999,276.639275,274.17655519597264
2022-03-27 16:00:00,2.296035656487048,0.7396826151767109,26.68981989269279,1237.7851,1074.0761,1074.0761,253.62296999999998,5.694131666666667,0.0005,0.0007,0.0002,0.0061,0.03903499999999997,0.0,1006.3671875,1024.5702812499999,101328.25,-1.9501341749999998e-05,0.22174835125,267.47032624999997,1066.6127292340884
2021-05-18 15:00:00,19.37175806556018,0.9406246841998577,45.3740431983189,962.7121999999999,830.037,809.6865,250.38453166666665,3.415165,0.00212666666666665,0.00095666666666665,0.0033,0.018521666666666624,0.03212499999999995,17.116666666666667,816.15234375,817.76171875,101621.271875,-1.294683925e-06,0.45706939625,267.86643125,796.6738583243438
2022-03-09 20:00:00,-4.794858618214097,1.3133732908952216,59.80404552833452,688.6612,546.2907,466.3442,253.89081999999996,10.565851666666667,0.002,0.0002,0.0002,0.0320033333333333,0.017,15.916666666666666,376.55078125,423.16015625,100786.44437499999,-2.8351495100000004e-06,0.55816651875,275.11091250000004,475.0107874865156
2021-10-14 13:00:00,-7.8442141660105555,0.8806932272689925,41.38236827515154,1039.8837,935.8996999999999,935.8998,275.0015916666667,1.3615683333333333,0.0007,0.0017383333333333,0.0002,0.00459,0.012299999999999974,0.0,946.26564375,951.05859375,101051.64937500001,-2.176646375e-06,0.0,246.6763425,902.5170801869831
2021-06-03 13:00:00,22.219372079272322,1.4252924235944628,62.39171802268247,641.8508,551.1161,516.0396000000001,269.73293666666666,1.256605,0.0028966666666666,0.000664999999999975,0.0019333333333332752,0.017078333333333324,0.04172499999999998,1.5,578.9609375,580.8359375,101928.86624999999,-2.5612826e-06,0.0,267.7385625,531.767349874146
2021-07-31 16:00:00,18.46914579768178,0.9014892729548367,42.86202561170028,1006.3573,866.0412,789.0097000000001,286.9600733333333,4.4702,0.002343333333333325,0.00042166666666665,0.001199999999999975,0.011133333333333275,0.032299999999999954,4.466666666666667,741.76953125,822.76953125,101456.8125,-1.583161075e-06,0.0,259.114295,858.8151743976986
2021-05-30 12:00:00,21.65366402283894,2.18764902425714,72.4373273139466,425.0274,349.6289,249.2853,259.44359333333335,1.2530783333333333,0.0016083333333333,0.00052166666666665,0.0025349999999999748,0.01199999999999995,0.0304,89.4,391.1796875,403.453125,102240.89125,-2.0393344625e-06,0.93126676875,266.04940250000004,283.8457389428263
2021-05-12 20:00:00,17.92843372099769,2.4426695236909786,74.32433474542401,376.472,254.7542,146.516,245.86320833333332,9.151208333333333,0.006233333333333325,0.001035,0.0016833333333333249,0.06737,0.13347499999999995,71.31666666666666,115.5390625,181.46484375,101434.203125,-1.594016775e-07,0.40666579875,275.52478874999997,50.728155339805824
2022-01-19 20:00:00,-20.507774526977382,1.1370898942423968,54.4781736861653,806.9627,649.4518,48.3368,254.23020166666663,12.529443333333331,0.00167,0.0002,0.0,0.020621666666666625,0.014921666666666649,100.0,336.1171875,516.83984375,101580.89,-3.136648075e-05,0.978801725,280.30056625,663.5904350952894
2021-11-09 10:00:00,-16.652202422289594,3.209486156033958,78.14045146734915,359.5016,255.4766,37.622,275.90059999999994,7.803753333333334,0.0024333333333333,0.0027,0.0005,0.03108333333333325,0.0289366666666666,100.0,299.390625,328.8046875,101975.328125,-8.940696749999999e-07,0.990547175,278.2664375,220.43869111830276
2021-11-25 19:00:00,-20.609679850301543,0.9516450999519748,46.02578206463674,961.1312,789.4071,548.2528,258.4477333333333,12.09017,0.0021,0.000893333333333325,0.0001,0.0221133333333333,0.02168499999999995,46.0,405.359375,656.890625,101071.55562500001,-4.0039827625e-05,0.89277266,280.34772999999996,413.8331535418914
2021-11-07 19:00:00,-16.06266126691407,0.9896165228157174,48.11226442783468,922.1584,778.8419,536.3324,279.28883833333333,5.584971666666666,0.0012733333333333249,0.0011566666666666249,0.0002,0.01006999999999995,0.010996666666666625,50.93333333333334,581.60546875,640.19921875,100479.390625,-2.4586042874999998e-06,0.20816803125000002,267.02553625,825.8378281193815
2022-04-17 14:00:00,10.193381776133345,0.9217270634918784,44.20180688930942,990.5699,872.6385,872.6385,244.09258999999997,2.37285,0.0007,0.00085166666666665,0.0003,0.00829666666666665,0.01003499999999995,0.0,829.07421875,865.890625,101827.49375,-2.013490275e-06,0.0,269.36406750000003,855.2139518158936
2021-07-26 19:00:00,19.62080143004742,1.4144401535441316,62.16131970506172,646.6711,533.4424,388.6232,269.8371783333333,3.558795,0.003,0.0008,0.00146666666666665,0.019624999999999976,0.032569999999999974,63.95,406.9140625,423.86328125,100980.30625,-7.2884723125e-07,0.0,252.46354625,219.34735706580366
2022-02-01 11:00:00,-17.335338734678597,2.030872203488262,71.02940806772668,444.0139,329.865,164.9178,255.03146833333335,11.917321666666666,0.002458333333333325,0.0002,0.0001,0.015731666666666623,0.015613333333333299,100.0,136.84765625,394.0390625,102110.06875,-2.966288625e-05,0.006637573125,277.0403125,124.44624235886371
2022-02-28 15:00:00,-8.257657921815415,0.7157652842802813,22.583113862736298,1291.0201,1091.7701,1091.7703999999999,261.26919166666664,11.020855000000001,0.0026,0.0003,0.0001,0.037884999999999974,0.0353,0.0,1072.2812,1092.4609500000001,101150.15875,-2.6863329875e-05,0.878845225,269.87818250000004,1109.6727795756922
2021-12-07 19:00:00,-22.522986529463115,0.928062145540218,44.60281896778598,988.3857,805.9252,470.5059,256.429565,16.98755,0.0012,0.0003,0.0001,0.013024999999999974,0.008514999999999974,100.0,478.01171875,677.2734375,101403.91312499999,-3.766894125e-05,0.9357414125,280.5826425,608.8475368572455
2021-10-23 13:00:00,-11.1291639254225,0.857059736627671,39.55453175825587,1070.0432,934.8149,932.9497,275.399285,3.0165083333333333,0.0006233333333333249,0.000988333333333325,0.0001,0.003064999999999975,0.0111633333333333,0.0,959.94921875,960.26171875,100952.3775,-1.8714636125e-06,0.121696475,262.577475,910.5357784969435
2021-11-18 20:00:00,-19.05685437654019,1.3382195904556595,60.421798036657414,676.5561,550.866,550.866,261.55707666666666,6.435586666666667,0.0005,0.00324166666666665,0.0001,0.005319999999999975,0.016426666666666624,0.0,365.87890625,408.72265625,100717.36624999999,-2.5928420125e-07,0.0,276.34540875000005,526.9723121179431
2022-04-11 14:00:00,8.025071516006154,0.9001217479367641,42.768077239295,1015.9882,930.7716,930.7716,249.98579833333332,0.4728333333333333,0.0003,0.00114666666666665,0.00016666666666665002,0.00279999999999995,0.01126999999999995,0.0,923.0859375,919.90234375,101184.07125000001,-2.8124196124999997e-06,0.0,252.92406875,889.0327220424308
2022-02-14 13:00:00,-13.292165303316013,0.9421974441237242,45.4684363039756,980.9063,805.3811000000001,805.3812,261.37726,11.324545,0.00185166666666665,0.00188166666666665,0.0,0.0245616666666666,0.06681166666666663,0.0,814.14453125,850.99609375,101588.271875,-8.9381385625e-05,0.0125160218125,281.31230000000005,789.2988133764832
2021-07-24 19:00:00,20.043981873185853,1.4286160183141225,62.46148334642984,640.6175000000001,520.5817000000001,173.8823,267.41890166666667,5.92883,0.00172166666666665,0.00073,0.0015,0.0160633333333333,0.03570833333333327,100.0,333.5234375,413.9453125,100976.36875,-8.058268274999999e-07,0.0,257.75583625,500.9744696152463
2021-11-10 16:00:00,-16.939901750996164,0.6694531347227861,9.164583757141234,1374.4102,1186.9204,761.3842,278.78735333333333,7.423500000000001,0.002363333333333325,0.003079999999999975,0.0003,0.018588333333333325,0.024026666666666627,100.0,916.84765625,1119.6288875,100876.39749999999,-4.2165076875e-05,0.266826625,271.88256375000003,975.920532182668
2022-04-16 18:00:00,9.838422368291791,0.9540421524706524,46.164616093960646,951.9824,820.7511,820.7513,244.25825833333332,3.948155,0.0005,0.0003,0.0003,0.0063016666666666004,0.008906666666666625,0.0,721.5703125,733.7421875,100468.1,-1.2898817375e-06,0.0,261.60997375,808.0744336569578
2021-05-23 17:00:00,20.425130778346663,0.9872894003273481,47.99093305548424,916.5768,811.0636,744.7409,270.2925633333333,1.4355166666666668,0.0027,0.0013,0.004278333333333275,0.020723333333333302,0.039958333333333276,50.2,732.453125,739.203125,101087.58499999999,-9.7663725e-07,0.882537825,240.4084525,756.0625674217906
2022-04-11 19:00:00,8.025071516006154,1.170781746347605,55.6478167321623,774.9621,686.2196,686.2197,251.38302166666665,1.2313699999999999,0.0003,0.000838333333333325,0.0001,0.0029,0.0118,0.0,544.578125,550.1484375,100267.5625,-1.1040829e-06,0.0,244.15854000000002,652.8425026968716
2021-07-09 12:00:00,22.46883222892618,2.450824762425061,74.37793333073711,384.7958,315.75,241.6021,266.44890499999997,0.7406133333333333,0.002,0.0007,0.0014,0.015024999999999926,0.0288933333333333,58.08333333333333,371.97265625,372.1875,102096.19,-9.390678374999999e-07,0.0,256.869055,295.12944983818767
2021-11-17 19:00:00,-18.811219532670908,0.9682401662877808,46.96654832777337,943.4523,778.4721999999999,702.8747000000001,258.73169666666666,10.3287,0.0016,0.0016,0.0001,0.0161,0.0340583333333333,22.65,476.30078125,641.8359375,100607.05625,-7.8204902625e-07,0.29184723125,279.449875,485.8432218626393
2022-04-10 14:00:00,7.655330656380791,0.8967034623063023,42.531250183535676,1020.1529,887.8763,887.8763,247.676845,3.2356633333333336,0.0003,0.0011,0.0001,0.00367499999999995,0.020458333333333276,0.0,889.96875,890.8359375,101064.40625,-3.2814859875e-06,0.011638641375000001,264.0663375,879.9172959367133
2022-02-16 21:00:00,-12.608992829198627,1.900289388157356,69.66813687002175,470.12210000000005,340.4775,30.4987,261.90482499999996,14.117899999999999,0.0025,0.0004,0.0,0.031134999999999947,0.06607166666666665,100.0,132.1953125,234.90234375,101550.071875,-1.26775121875e-05,0.5323181162499999,277.227495,79.58108594030924
2021-12-10 19:00:00,-22.840630034428266,0.9225062189038449,44.25158055317372,995.1523,815.7903,506.6651,253.83175,15.647541666666669,0.0006,0.0002,0.0001,0.009409999999999974,0.008476666666666625,74.75,260.48828125,681.09375,100949.64749999999,-3.0633993625000004e-05,0.98490525125,280.7325075,347.81193815174396
2021-10-22 17:00:00,-10.773749884875478,0.7227289916670154,23.87624019001227,1266.8816000000002,1116.6641,1116.6642,272.522605,3.5483266666666666,0.0007,0.0014,0.0001,0.00341666666666665,0.011316666666666624,0.0,1025.5390625,1029.6328437500001,100230.40375,-2.7221686124999998e-06,0.08315277,259.4478825,1097.1413160733548
2022-03-08 20:00:00,-5.185025855076702,1.3047252952442854,59.58257381933536,693.4087999999999,548.6821,122.9476,256.53678333333335,12.618185,0.0013216666666666498,0.0002,0.0001,0.02320999999999995,0.017394999999999952,100.0,332.43359375,423.8671875,101071.94,-1.5624682375e-06,0.8680801524999999,276.43548875,472.6663070837828
2021-11-24 15:00:00,-20.40639665128032,0.6712619781306693,10.077118405423214,1375.7295,1175.0254,862.1004,264.907425,11.152316666666668,0.00136,0.001,0.0001,0.012615,0.015335,100.0,962.12109375,1131.0117375,101369.72125,-0.00013597053624999999,0.9457092362499999,279.8377375,1045.8558072635742
2022-01-20 19:00:00,-20.300057321192305,0.8739711787796446,40.87934164328158,1056.9881,877.4642,287.7548,255.81416666666667,13.090235,0.0007,0.0001,0.0,0.010001666666666624,0.008555,100.0,599.27734375,754.01953125,101301.8725,-5.694615425e-05,0.31628418125,279.52008624999996,400.111470693995
2021-12-11 17:00:00,-22.931570495687936,0.6907686752767689,16.911637736505952,1338.6457,1146.6707999999999,460.6991,262.562615,9.747135,0.0005,0.0019483333333333,6.666666666666667e-06,0.006046666666666625,0.01531166666666665,97.43333333333334,918.5703125,1066.1405937499999,100290.259375,-0.00012393755875,0.42772291625000003,272.66604624999997,843.51492268968
2021-05-11 18:00:00,17.66995348916075,1.092261061554768,52.77976623162497,829.5129,682.633,275.1782,243.28112166666665,8.125725,0.001933333333333325,0.0009,0.005834999999999975,0.028524999999999974,0.05229666666666662,100.0,408.98828125,597.44921875,100717.665625,-7.640628625e-07,0.5350151062499999,260.339695,279.8831355627472
2021-08-01 20:00:00,18.223378839539592,2.185720772815754,72.42130110584544,423.7147,321.6413,195.2663,277.6762083333333,6.299778333333333,0.0019,0.0004,0.0022283333333333252,0.0143,0.04911999999999995,84.0,197.1875,217.83398749999998,102334.17874999999,-1.4522811175e-07,0.860618585,269.83077375,270.6742179072276
2021-11-04 16:00:00,-15.14472848078564,0.6726963390959159,10.743173999900286,1366.0520999999999,1202.5194999999999,1202.5194999999999,271.27022,4.400318333333334,0.000893333333333325,0.001545,0.0001,0.004663333333333325,0.01190666666666665,0.0,1039.1444999999999,1121.4375,100373.75875000001,-1.61252685e-06,0.46318053625,264.06272375000003,1180.3128371089535
2021-06-13 18:00:00,23.175556231549724,1.2037890119076093,56.71583565442103,755.5725,667.0665,667.0665,248.94868,0.623225,0.003088333333333325,0.000928333333333325,0.002833333333333325,0.020846666666666624,0.0508416666666666,0.0,567.9765625,568.2890625,101342.240625,-1.3984099125e-06,0.0,239.9386275,659.3347716648688
2021-11-25 15:00:00,-20.609679850301543,0.6712176276896187,10.055781631115316,1376.0868,1174.9115000000002,1174.9114,261.4731,10.730226666666667,0.001828333333333325,0.001363333333333325,0.0001,0.01944499999999995,0.0225033333333333,0.0,1108.0313,1137.359375,100933.140625,-0.000119540081875,0.57514573125,278.62988625,1177.0945702984538
2022-03-07 13:00:00,-5.574096889266962,0.9897636611387949,48.1199090094263,933.4218,763.9772,678.1262,262.27790166666665,11.880488333333334,0.002053333333333325,0.0009,0.0001,0.0304333333333333,0.023344999999999977,30.2,812.04296875,812.8515625,101169.83687500001,-5.587178875e-06,0.49330902249999997,277.69037000000003,754.7716648687523
2021-06-04 16:00:00,22.34476268708092,0.9650434012645585,46.78896181709192,937.5612,834.2287,649.9074,265.88409,1.3835066666666667,0.001799999999999975,0.000453333333333325,0.002164999999999975,0.0168,0.040821666666666624,33.166666666666664,775.8125,783.0644374999999,101021.390625,-2.2479216625e-06,0.6358642624999999,249.68534,513.4483998561668
2021-05-02 20:00:00,15.1330201628331,2.216001720030365,72.66959537461719,411.64639999999997,338.6644,300.7126,243.31002333333333,1.4142966666666665,0.0009,0.0005,0.001719999999999975,0.008626666666666626,0.0178533333333333,20.71666666666667,221.421875,221.7265625,100947.7975,-2.4857763375000004e-07,0.0,245.45324374999998,307.9953254225099
2021-11-18 15:00:00,-19.05685437654019,0.6719708786613654,10.41192493557453,1372.6099,1237.3313,1237.3312,263.3741483333333,2.16812,0.0005,0.004068333333333325,0.0001,0.0047799999999999995,0.016266666666666624,0.0,1157.9960624999999,1186.4648124999999,100811.4975,-2.3329921375000003e-06,0.1147613575,261.3466075,1196.9075871988493
2021-12-26 12:00:00,-23.372473325587706,1.0955773499857278,52.91150351283994,837.7682,679.6284,373.37190000000004,258.8774883333333,10.397526666666668,0.0017349999999999748,0.0001,0.0002,0.026884999999999975,0.02129499999999995,98.53333333333333,303.35546875,701.25,102172.39125,-3.928467125e-05,0.0,282.64733624999997,462.2060409924487
2022-03-19 21:00:00,-0.856293179789177,2.6631541733221535,75.65385532290823,371.91586666666666,263.12613333333337,24.399199999999997,248.9013422222222,12.635875555555556,0.0014,0.0001,0.0001,0.016357777777777766,0.060122222222222195,100.0,92.078125,161.90625,101659.17125,-2.7810455750000004e-06,0.6650161625000001,279.4987475,242.97494905909141
2021-09-02 15:00:00,8.209666695702609,0.807547261838181,35.08267521124201,1127.0313,987.5065999999999,987.5065,274.68442166666665,2.7888383333333335,0.0042,0.00071666666666665,0.0007,0.026274999999999975,0.03178999999999998,0.0,955.40234375,963.23828125,101270.78375,-3.469001975e-06,0.0,259.62288625,935.8504135203162
2022-02-13 18:00:00,-13.628352259311125,0.7530458158534526,28.647339823135027,1225.588,1040.7465,1040.7465,260.48900833333335,9.19823,0.0012,0.0014433333333333251,0.0,0.015134999999999975,0.050518333333333325,0.0,805.16015625,941.68359375,101102.96625,-0.00010416386,0.8451461650000001,277.50230625,1022.3121179431857
2022-04-07 11:00:00,6.533617825091418,3.233564028913607,78.23025431466263,329.1124,229.3808,48.37866666666667,240.81174222222225,8.535337777777778,0.0012,0.0015533333333333334,0.0004,0.022077777777777734,0.0719755555555555,93.64444444444445,281.625,307.703125,101862.875,-4.1762832e-06,0.49098205,278.25281,131.55219944863956
2021-11-27 19:00:00,-20.996845647858695,0.9475890830114652,45.78851234458757,965.6363,806.5387000000001,795.863,265.01433166666664,9.162319999999998,0.0005,0.0002,0.0001,0.00683166666666665,0.0085,3.466666666666667,623.4453125,675.14453125,100119.42874999999,-2.2419728125e-05,0.23958587374999998,262.35820625,439.8040273282992
2021-10-06 18:00:00,-4.801239619491075,0.8469031578967847,38.71455060943628,1077.0652,909.9917,527.31,264.83558833333336,7.706691666666666,0.0029216666666666497,0.0019,0.0005949999999999999,0.022069999999999975,0.03672999999999995,100.0,634.30859375,801.8671875,100678.58687500001,-5.981302875e-06,0.6104049625,267.95556999999997,460.0862998921251
2021-10-21 19:00:00,-10.415677747676234,1.0274269638237343,49.97789990345772,887.51,763.3045,763.3045,273.8697583333333,2.9696599999999997,0.0008,0.0017,0.0001,0.00464666666666665,0.01774999999999995,0.0,627.9375,638.95703125,100330.06875,-1.2940145274999998e-06,0.0393219009275,261.8606125,647.0136641495865
2022-03-04 12:00:00,-6.733640141580796,1.370400744512201,61.18340911860231,673.8295,529.3033,331.8021,255.68294999999998,11.746543333333333,0.00261166666666665,0.000488333333333325,0.0002,0.0317966666666666,0.024874999999999953,45.78333333333333,514.83984375,596.43359375,101696.78125,-8.4380155e-06,0.005546569825,280.33831749999996,386.5875584322186
2021-08-24 20:00:00,11.375079655697107,1.8813577299242612,69.45403176613269,486.0002,408.04589999999996,402.0727,267.9286666666667,0.9967583333333333,0.001803333333333325,0.0005,0.0009,0.01051,0.03893666666666665,1.4666666666666666,278.06640625,278.265625,100126.86812500001,-4.6993955124999997e-07,0.0,239.96791000000002,389.4588277597986
2021-10-23 20:00:00,-11.1291639254225,1.4751382236440942,63.400757371783435,614.8224,506.6064,219.04070000000002,275.73012,3.547345,0.0008,0.00066666666666665,0.0003,0.003488333333333325,0.0188283333333333,69.38333333333333,357.70703125,369.265625,100138.39125,-5.090841925e-07,0.0,258.81036374999996,449.7806544408486
2022-02-10 14:00:00,-14.613878629738002,0.7746374803921162,31.448285899056756,1195.4827,1019.1252,751.5373999999999,260.9514633333333,7.650523333333334,0.0007700000000000001,0.003184999999999975,0.0,0.008124999999999976,0.06243333333333327,85.63333333333333,837.03125,1035.7617,101234.609375,-0.00014324535625,0.0,278.59075624999997,788.7108953613808
2021-11-04 15:00:00,-15.14472848078564,0.6773362477983105,12.646670971943117,1357.6063,1197.6213,1197.6213,271.56602833333335,4.008681666666667,0.0009,0.0016983333333333,0.0001,0.00453166666666665,0.01170666666666665,0.0,1125.5078250000001,1145.2383125000001,100548.59375,-1.7466373125e-06,0.477314,266.30161250000003,1178.9644012944984
2021-11-29 10:00:00,-21.357553846169253,3.022685243831834,77.39397243171966,333.64573333333334,235.9032,28.179333333333332,271.56674,10.592577777777777,0.0014,0.0026,0.0001,0.015217777777777733,0.017179999999999935,100.0,199.953125,296.859375,101568.0,-5.76593445e-06,0.920104975,278.24501499999997,39.06029006352631
2021-06-27 20:00:00,23.369605731633786,2.7430871949742004,76.08134756743549,344.2666,280.5154,35.530899999999995,264.81927333333334,1.0304683333333333,0.0008,0.0004,0.00149166666666665,0.006568333333333325,0.018109999999999977,96.23333333333332,167.78515625,173.595703125,100777.60062499999,-4.97791915e-07,0.21039199625000002,248.8853625,257.42179072276156
2022-02-22 21:00:00,-10.481698530653333,1.9826592314306752,70.5490030162737,449.0916,331.6816,111.0872,252.00220833333333,14.96475,0.0007,0.000615,0.0002,0.01109666666666665,0.023373333333333274,78.43333333333334,139.0859375,217.16796875,101428.14749999999,-4.8255896875e-06,0.95983504875,278.3403475,320.8522114347357
2022-04-22 12:00:00,11.924612000927205,1.7016306378201078,67.16480194949281,541.8341,467.83729999999997,385.4716,250.758475,0.9811449999999999,0.0004,0.001229999999999975,0.000323333333333325,0.0031416666666666503,0.01033499999999995,27.716666666666665,519.5234375,519.7265625,101495.134375,-8.108327125e-07,0.0,259.552405,450.8558072635742
2021-06-29 15:00:00,23.287060087617615,1.0191430438897122,49.58536223682726,890.2905000000001,802.1734,802.1732999999999,268.11803499999996,0.63965,0.0014,0.0009,0.001513333333333325,0.0081583333333333,0.04268166666666665,0.0,770.87694375,771.0547125,102552.53125,-2.2914319e-06,0.0,260.66267500000004,792.9000359582883
2021-09-28 19:00:00,-1.6984268908927718,1.0860029758167788,52.52833775327614,838.2636,676.3358000000001,675.413,258.137085,7.95088,0.010154999999999975,0.000689999999999975,0.001418333333333325,0.0696083333333333,0.03939666666666662,0.0,453.70703125,563.6328125,100958.11,-8.5961072e-07,0.92713166375,271.827855,661.4904710535778
2021-12-07 17:00:00,-22.522986529463115,0.6924437688403179,17.361943194425052,1334.2908,1120.5869,666.5864,256.465275,16.507833333333334,0.00125166666666665,0.00039000000000000005,0.0001,0.012979999999999974,0.00766166666666665,84.38333333333333,711.09375,1029.203125,101494.334375,-8.891307625e-05,0.8843498187500001,281.14755249999996,922.3570658036678
2021-12-23 16:00:00,-23.424371287267974,0.6613577488809557,2.103345252242543,1402.4197,1182.02,445.297,246.61619833333333,17.268361666666664,0.0006,0.0,0.0,0.0083233333333333,0.00536,24.43333333333333,384.21484375,1117.0117,101661.42874999999,-3.4350349e-05,0.0,279.8232,891.695433297375
2021-06-23 19:00:00,23.45217923065783,1.5992299257333253,65.60881423514975,574.637,480.16790000000003,265.08230000000003,274.02306166666665,2.3506816666666666,0.00131166666666665,0.0003,0.001164999999999975,0.0126833333333333,0.0190166666666666,94.0,367.47265625,369.546875,100895.24375,-1.17323359875e-06,0.03800201425,240.70426375,355.13664149586475
2021-07-18 15:00:00,21.177287444932837,0.983424315795853,47.78762809308886,923.7244000000001,797.5787,797.5786,267.42628833333333,2.5130266666666667,0.0076183333333333,0.0008,0.001938333333333275,0.0315883333333333,0.037649999999999975,0.0,784.8828375,783.8964687499999,102130.27437500001,-2.3628235375e-06,0.39822006249999997,266.9743125,783.863718087019
2022-01-20 15:00:00,-20.300057321192305,0.6848672993066145,15.2028876567129,1355.1509,1155.6208000000001,600.6936000000001,255.94836333333333,11.431428333333333,0.0006,0.0001,0.0,0.0095,0.008855,74.0,998.1015625,1133.3242500000001,101686.15625,-0.00011667763562499999,0.055809022374999996,279.98354874999995,845.2948579647608
2022-04-25 12:00:00,12.925228092035313,1.7323057940235964,67.59192732373782,532.2907,459.4572,345.635,243.01238,0.7406633333333333,0.0007,0.0014,0.000408333333333325,0.008818333333333275,0.0140183333333333,99.13333333333333,478.60546875,511.96875,101895.18062500001,-8.129572875e-07,0.94847870625,257.910935,405.9403092412801
2021-06-05 18:00:00,22.46364309335607,1.1919190957428638,56.340089498961156,762.2493,652.2424,576.4697,262.44789,2.294425,0.0014,0.00023999999999999998,0.0024499999999999748,0.014424999999999976,0.0600933333333333,45.1,554.703125,562.23046875,100990.15375,-1.6652920875e-06,0.28938675125,250.1321775,651.774541531823
2022-01-29 13:00:00,-18.153621876160354,0.911143388336131,43.512690080082685,1013.3625999999999,837.5029,476.7201,256.5134733333333,12.260143333333332,0.001366666666666625,0.0005,0.0001,0.016746666666666625,0.023108333333333324,100.0,661.796875,867.375,101458.47562499999,-8.587708124999999e-05,0.48065185625,282.03597875,585.2157497303128
2021-09-07 11:00:00,6.370917587138424,2.9834836031826364,77.22515456268816,356.10293333333334,260.72706666666664,90.8084,270.9463666666667,6.046900000000001,0.0031599999999999667,0.0011177777777777668,0.0006,0.0249133333333333,0.027022222222222197,62.08888888888888,332.6875,333.609375,101221.315,-2.5961781e-06,0.0,268.9379,248.4334172360062
2021-11-20 12:00:00,-19.530779184666265,1.042980096035867,50.69225071180427,881.6911,741.5891,432.706,269.331275,5.277588333333333,0.0009,0.002735,0.0001,0.009931666666666651,0.01854166666666665,63.63333333333333,703.828125,772.296875,101763.078125,-9.94536075e-07,0.0028152465125000003,274.06438625,765.2966558791802
2021-10-23 21:00:00,-11.1291639254225,2.939330037329212,77.02947838161279,343.7972,261.62466666666666,26.15133333333333,276.23076444444445,3.4525866666666665,0.0008,0.0007,0.0003,0.0033222222222222,0.018626666666666635,64.24444444444444,149.4453125,152.859375,100270.70125,-2.442393475e-07,0.0,255.861495,228.83375284669785
2021-09-24 17:00:00,-0.14039254123672726,0.7653267111700514,30.288534612052647,1190.2187,1027.8747,1027.8747,275.3418383333333,4.275525,0.006798333333333275,0.0016,0.0012,0.041518333333333275,0.04712499999999997,0.0,906.5703125,941.42578125,101278.50687499999,-1.20389739375e-05,0.00541687,266.44684625,1029.7734627831715
2022-03-07 14:00:00,-5.574096889266962,0.81034187863094,35.363207834695515,1139.5069,951.7338,905.5364,262.909995,11.890369999999999,0.00219666666666665,0.000905,0.0001,0.03254166666666662,0.023674999999999977,6.866666666666666,973.1445125,976.0234375,101009.32875,-6.8700173875e-06,0.37657547125,276.41169249999996,943.6713412441568
2021-06-26 15:00:00,23.400584056892775,1.0205361097636374,49.651979440790846,888.8616999999999,793.8087,734.472,266.33621833333336,0.9779983333333333,0.0015,0.000753333333333325,0.0042883333333333246,0.018541666666666626,0.037596666666666625,55.25,763.54296875,773.22850625,101218.39125,-2.4409965e-06,0.12508010625,243.1970425,799.6314275440488
2022-03-10 17:00:00,-4.403703272840077,0.7239851211606209,24.099964225797923,1268.8461,1072.9192,971.4168,256.79976666666664,11.82704,0.0016,0.0004,0.0002,0.027299999999999998,0.0194133333333333,59.916666666666664,970.28125,1005.3515625,100739.33687500001,-4.8522778875e-06,0.4258003275,273.17064999999997,1074.6494066882415
2022-01-14 15:00:00,-21.44703391225614,0.6824001924028631,14.420522623907743,1360.1312,1148.1282999999999,764.2497000000001,261.22141,8.83585,0.008804999999999976,0.0002,0.0003,0.08889999999999995,0.037074999999999976,26.633333333333333,1034.92966875,1154.8203125,101639.42874999999,-7.067949625e-05,0.05365371675,274.51745625,1041.1057173678532
2021-07-05 15:00:00,22.876262887000895,1.0126745873513305,49.272753661130324,896.3705,809.5545,809.5545999999999,267.83930833333335,0.399105,0.0021,0.002073333333333325,0.002513333333333325,0.0168,0.038063333333333324,0.0,781.7246,781.8769625,101723.9625,-2.8940849375e-06,0.0,251.515515,777.3660553757641
2022-04-26 14:00:00,13.251870187254678,0.9574255159479896,46.35885030373822,951.6549,851.9117,851.9117,239.90686666666664,1.3727466666666666,0.00080666666666665,0.000723333333333325,0.0006,0.00916666666666665,0.017906666666666623,0.0,848.0,859.53515625,101188.7125,-2.0884326750000002e-06,0.858592975,252.24567125,705.2930600503415
2022-01-20 12:00:00,-20.300057321192305,1.1809034827162743,55.9831123956908,775.7822,623.829,216.895,254.4909833333333,12.181615,0.00095666666666665,0.0001,0.0001,0.016131666666666624,0.011424999999999949,100.0,606.36328125,672.63671875,102037.49312500001,-6.618051e-05,0.031558990625,280.4482475,447.569219705142
2021-07-05 17:00:00,22.876262887000895,1.0206456483431536,49.657207139470046,889.0785,800.8681,800.8681,267.36554333333333,0.5073883333333333,0.0022,0.002198333333333325,0.002093333333333325,0.0168,0.03871166666666663,0.0,717.83203125,718.0078125,101381.93062500001,-2.6740599375e-06,0.0,242.303925,767.6591154261057
2022-02-20 11:00:00,-11.202805231933917,2.319462849732948,73.46677986537023,393.14840000000004,285.3449,216.18959999999998,256.41436166666665,8.873108333333334,0.0012749999999999999,0.00071166666666665,0.0002,0.0238466666666666,0.04496499999999998,54.18333333333333,294.125,366.84765625,101616.09625,-1.6834557375e-05,0.0,278.89248125,227.9881337648328
2022-02-09 20:00:00,-14.934310707534713,1.158899462823257,55.24495586474448,788.0449,628.9986,129.6214,263.53295333333335,10.488016666666667,0.00106166666666665,0.005004999999999975,0.0,0.0123683333333333,0.10678499999999995,93.76666666666667,297.52734375,499.41796875,101232.43125,-3.306898375e-05,0.547615055,281.36579,652.7687882056814
2021-10-29 21:00:00,-13.199388829168585,2.7965497722928405,76.35322069266047,357.9213333333334,249.51053333333334,138.93226666666666,270.6791288888889,10.69796,0.0030266666666666667,0.0012022222222221669,0.0001,0.025677777777777733,0.0561244444444444,88.17777777777776,125.5625,150.59375,101646.34375,-3.63623265e-07,0.0,277.29001999999997,101.36401773942227
2021-12-10 17:00:00,-22.840630034428266,0.691180723625136,17.023681545540974,1337.5718,1129.4113,1033.2573,254.85706833333333,14.600956666666669,0.00072166666666665,0.000208333333333325,0.0001,0.010976666666666626,0.0080783333333333,75.2,725.9296875,1036.64453125,101011.97125,-6.2423581875e-05,0.9145202525,281.46755,974.3959007551241
2022-03-03 21:00:00,-7.117229867887649,2.154577201291798,72.15828169573395,411.4366,300.6743,124.5705,254.76415166666666,11.013955,0.0024749999999999998,0.0003,0.000135,0.027186666666666623,0.018946666666666598,65.91666666666666,163.54296875,195.6484375,100911.94437499999,-4.7463107375e-06,0.3699646,275.54028125,242.66450916936353
2021-11-15 12:00:00,-18.30313281994917,1.0453444421797886,50.79835523509277,879.191,741.3442,476.919,271.16814666666664,4.760071666666667,0.0012633333333333249,0.00261166666666665,0.0002,0.0121,0.017849999999999977,100.0,758.78515625,775.76171875,101458.828125,-1.867534575e-06,0.9805717362499999,274.66482375,547.3822366055375
2021-12-09 12:00:00,-22.7421856205144,1.0575624657470395,51.336638701262075,869.6589,704.7303999999999,313.93899999999996,258.54502,12.071946666666665,0.00189166666666665,0.0008500000000000001,0.0003,0.0262116666666666,0.02763499999999995,100.0,479.80859375,740.58203125,101809.3125,-6.1902275e-05,0.9419631875000001,280.17816375,613.2937792161093
2021-12-03 12:00:00,-21.996945080171198,1.0493311526859788,50.975825287028336,876.7738999999999,717.8024,583.7531,268.3529483333333,11.674728333333332,0.0005,0.001029999999999975,0.0001,0.0073,0.014234999999999949,33.18333333333333,594.4296875,748.94921875,101436.21625,-3.5593984375e-06,0.07555008125,277.64207875,686.8985976267529
2021-06-15 17:00:00,23.28592529697329,1.0357800878744197,50.3651397554581,875.0835,737.6766,677.5568000000001,238.85689000000002,4.860408333333333,0.00272,0.0004,0.00138666666666665,0.026015,0.07323999999999997,16.53333333333333,667.609375,675.3984375,101507.76625,-1.865701e-06,0.0,265.73566875,759.2790363178713
2021-11-05 14:00:00,-15.455033828294374,0.7256261044869546,24.388175481067346,1267.6986,1078.7015999999999,908.6692,274.6723366666667,9.391703333333334,0.001898333333333325,0.001714999999999975,0.00012,0.026106666666666625,0.023533333333333302,22.516666666666666,887.29296875,1063.5234375,101058.396875,-1.1720403875000002e-06,0.030826568749999998,277.9858025,1060.7892844300611
2021-11-24 13:00:00,-20.40639665128032,0.8283765704631478,37.08574854763262,1113.5544,931.9189,599.6677,265.454275,11.373064999999999,0.0018099999999999748,0.001,0.0001,0.01658166666666665,0.016506666666666624,100.0,755.625,942.3984375,101680.90625,-0.000102332125,0.8375244225,280.04742375,629.6565983459187
2021-08-14 17:00:00,14.607964320866348,0.88669994647402,41.82129554771045,1022.8883999999999,899.7976,899.7976,284.88354000000004,2.138936666666667,0.0028,0.000718333333333325,0.0013,0.028623333333333327,0.042054999999999974,0.0,818.21875,824.81640625,101233.66312499999,-1.9191648e-06,0.72978210625,252.44499375,887.1269327580006
2022-02-25 21:00:00,-9.38018590845197,2.032926607136651,71.04934225036271,437.2947,321.6956,258.0964,259.5357216666667,11.882933333333334,0.001755,0.0002,0.0001,0.028696666666666648,0.018456666666666625,31.666666666666668,181.1640625,212.41015625,101334.928125,-3.8991274625e-06,0.3789749175,276.23952499999996,280.12944983818767
2021-11-05 15:00:00,-15.455033828294374,0.6767487010524167,12.42290889576352,1359.0851,1164.384,1013.3382,274.8682033333333,9.323765,0.00189666666666665,0.001714999999999975,0.0001,0.02399166666666665,0.02172999999999995,25.599999999999998,961.8671875,1121.9765625,100932.77437500001,-1.28120885e-06,0.074142455,276.9938375,1049.7464940668824
2021-11-25 11:00:00,-20.609679850301543,1.515961753402755,64.17169026622149,602.5976,474.6864,366.0163,262.3717183333333,8.106756666666667,0.0018,0.0019,0.0002,0.0185133333333333,0.0242,42.916666666666664,505.703125,536.453125,101271.921875,-5.1880342750000004e-05,0.7434768625,278.18126374999997,415.99784250269687
2021-12-23 15:00:00,-23.424371287267974,0.6753721904545645,11.880844150358433,1373.0678,1155.0995,788.0453,246.76390666666666,17.305081666666666,0.0006,0.0,0.0,0.00815166666666665,0.0054,45.766666666666666,355.56640625,1116.171875,101804.93125,-4.1521969375e-05,0.0094795225,279.9902,919.1154261057173
2021-09-22 19:00:00,0.6376320969376367,1.1043532203371367,53.25522443459594,823.8673,683.0708999999999,379.82800000000003,279.23999833333335,5.440706666666667,0.0033,0.00143,0.00106166666666665,0.030816666666666652,0.04382999999999997,100.0,394.50390625,558.30078125,100630.92125,-1.58829205e-05,0.9908943125,259.82610999999997,369.9712333692916
2021-07-30 18:00:00,18.709874177214118,1.0762314823125096,52.1281619988107,844.4537,719.6546,473.7489,281.98669333333333,3.6633883333333337,0.0014,0.0003,0.0021749999999999747,0.01344666666666665,0.023963333333333302,95.23333333333333,554.9921875,624.46484375,101086.27437500001,-1.2109521875e-06,0.9242744375,254.10796625,538.7144911902193
2021-11-29 20:00:00,-21.357553846169253,1.2842134475726894,59.04323939236717,706.2111,562.2153000000001,149.2914,267.83838333333335,10.038526666666666,0.001933333333333325,0.0052,0.0002,0.01850166666666665,0.024013333333333324,100.0,276.390625,425.53125,100636.53812499999,-5.0010566875000006e-06,0.5263137785,278.33151124999995,491.85185185185185
2021-08-26 13:00:00,10.690138206932069,1.1610309217651515,55.31797336831955,790.475,704.8314,704.8315,279.38419166666665,0.3181649999999999,0.003535,0.0007,0.001158333333333325,0.0169133333333333,0.04697166666666663,0.0,734.0097812500001,736.0058750000001,101659.86875,-1.0942457875e-06,0.0,253.40607125,691.826681049982
2021-08-14 19:00:00,14.607964320866348,1.2853599268728975,59.0739198721537,708.3100000000001,595.1561,595.1561,284.44372,2.47018,0.0029933333333333253,0.0006,0.00116,0.03081499999999995,0.0439383333333333,0.0,463.00390625,483.8515625,101004.74312500001,-8.702336499999999e-07,0.7399253875,246.96116999999998,568.6623516720604
2021-06-01 19:00:00,21.949247130337106,1.5812606726472422,65.31286419376733,578.5092,492.0761,492.0761,253.80386666666666,1.196005,0.0022,0.000908333333333325,0.0034,0.01584499999999995,0.043344999999999974,0.0,385.05859375,384.91796875,101031.49124999999,-6.893133125e-07,0.0,241.1530525,455.69219705142035
2022-03-14 14:00:00,-2.83133541238714,0.8238176759612484,36.66396300345564,1119.1182,948.5314,746.8567,255.1495,8.973801666666667,0.0008,0.0013,0.00012166666666665001,0.00965499999999995,0.017306666666666602,28.483333333333334,902.81640625,964.5663875,101788.703125,-2.8443376875000004e-05,0.058639526875,272.76593125,926.2135922330096
2022-03-12 18:00:00,-3.618856729348031,0.805768549717344,34.9020782329893,1136.1408000000001,966.8322000000001,892.539,260.78943833333335,7.660075,0.0018299999999999749,0.000864999999999975,0.0001,0.01916499999999995,0.01320166666666665,7.4,793.0703125,863.7265625,100858.55374999999,-2.3602333625e-05,0.045375823999999995,275.24066875,920.2553038475369
2021-05-19 15:00:00,19.593649658139718,0.944233275623395,45.58992952075033,958.9906,853.2341,841.081,256.6942833333333,1.5515616666666667,0.001165,0.0010500000000000002,0.007319999999999975,0.013526666666666624,0.0342766666666666,18.0,833.9667812499999,832.9004062500001,101384.27437500001,-1.4519901375e-06,0.1822357175,252.1675275,832.1467098166127
2021-12-27 20:00:00,-23.33956277459816,1.1762882556592567,55.83110781808353,777.9017,620.5253,147.7097,254.71222833333331,14.952525,0.00042500000000000003,0.0001,0.0001,0.0087966666666666,0.023556666666666625,100.0,316.3046875,485.51953125,101352.91312499999,-2.7957285000000003e-05,0.67944335625,280.368405,54.41747572815534
2021-06-05 20:00:00,22.46364309335607,2.813305928097836,76.43624118905066,333.4801,251.5441,74.18690000000001,261.7044666666667,2.5181133333333334,0.0013,0.0002,0.001909999999999975,0.013026666666666624,0.061398333333333305,99.2,156.3828125,163.55078125,101064.05374999999,-4.3894396750000003e-07,0.05695343175,255.57096875000002,209.79503775620282
2021-09-15 14:00:00,3.343031949961012,0.8415582046493256,38.25798865821995,1084.6232,960.4857,791.1795999999999,276.2878416666667,1.97934,0.003735,0.0006,0.00229166666666665,0.023314999999999926,0.04473499999999995,85.86666666666667,948.23828125,955.40234375,101440.8725,-2.3820902875e-06,0.06945038,262.4638675,896.6504854368932
2022-04-13 13:00:00,8.757757177857268,1.118924683152609,53.81077360411007,819.3174,738.6915,738.6913999999999,247.29172999999997,0.50377,0.00047166666666665,0.00090166666666665,0.0003,0.0044499999999999505,0.015914999999999974,0.0,725.4140625,746.41015625,101687.50687499999,-1.6239646375000001e-06,0.0,263.292915,695.5735346997483
2021-05-19 20:00:00,19.593649658139718,2.5867662059116516,75.21980045577689,357.7194,283.061,280.1254,255.87854,2.039425,0.0009,0.000509999999999975,0.003328333333333275,0.009566666666666626,0.02259999999999995,0.2666666666666667,182.78515625,182.61328125,100719.015625,-2.2904714624999997e-07,0.0024375915,243.202805,251.36461704422868
2022-02-07 15:00:00,-15.562345168274216,0.6950223244207441,18.029778530085412,1333.92,1135.8075,900.0914,254.05997833333333,9.848928333333333,0.00224166666666665,0.00245,0.0001,0.024701666666666625,0.04988666666666662,51.483333333333334,815.046875,1121.6991874999999,101838.703125,-0.00013207516375,0.0,279.89408000000003,1055.138439410284
2021-10-20 14:00:00,-10.055061249212018,0.7437387313675313,27.305181069462257,1232.6285,1107.4505000000001,1107.4507,281.4556133333333,2.0652916666666665,0.00044500000000000003,0.0014183333333333248,0.0001,0.003379999999999975,0.0089583333333333,0.0,1086.671825,1087.5390625,101387.09125,-3.020220875e-06,0.0,265.14302,1060.4638619201726
2021-10-12 12:00:00,-7.091951953457417,1.1561391564367094,55.14989909107975,791.9715,662.6623999999999,568.1079,266.33193666666665,3.881145,0.0034,0.001059999999999975,0.00207999999999995,0.022438333333333324,0.0276033333333333,30.533333333333335,719.73046875,718.59375,101658.06937499999,-1.88587e-06,0.0,274.26824500000004,641.9291621718805
2022-03-31 21:00:00,3.8552830125226754,3.316528926489014,78.52948954849552,347.0162,251.7322,227.0942,248.74131666666665,8.72596,0.001,0.0015,0.0001,0.0115,0.02726999999999995,13.333333333333334,117.09375,146.546875,101149.5,-1.3396493575e-07,0.0,278.38887375,237.81733189500176
2021-08-24 13:00:00,11.375079655697107,1.1772802880266584,55.86390450659475,779.7929,693.6976,693.6976,269.67665166666666,0.44064166666666665,0.002744999999999975,0.001065,0.0013433333333333249,0.016756666666666625,0.04544833333333328,0.0,723.0605375,722.8046625,100998.45999999999,-1.6137201e-06,0.0,249.25307,675.6436533620999
2021-08-11 14:00:00,15.506898185987577,1.0130705327250256,49.292045992813506,900.9039,766.8755,766.8753,275.8842133333333,3.9994700000000005,0.003499999999999975,0.0007999999999999999,0.00110666666666665,0.02535166666666665,0.0237033333333333,0.0,774.62890625,777.4706874999999,101679.72562499999,-1.6384001625e-06,0.37848663375,266.25421375,762.6699029126214
2021-07-11 18:00:00,22.225977219521173,1.1574466817577822,55.194996572426774,786.6636,668.4567,668.4567,257.90994166666667,3.499245,0.001383333333333325,0.0003,0.001,0.011201666666666625,0.01771666666666665,0.0,571.08203125,570.78125,100986.546875,-1.9527797250000002e-06,0.23982239362500002,259.5432425,664.6476087738223
2021-08-28 18:00:00,9.994050798362174,0.9513653759287001,46.009514040526554,953.9666,868.1722,868.1721,288.9167816666667,0.38664666666666664,0.00189666666666665,0.0011016666666666501,0.001,0.00718999999999995,0.028578333333333324,0.0,752.0879,752.46875,101408.021875,-1.4303950750000001e-06,0.0,239.89033125,829.9694354548724
2021-11-10 14:00:00,-16.939901750996164,0.7227438194378778,23.878897161295352,1274.1251,1092.2752,735.8375,278.86168833333335,7.75235,0.002108333333333325,0.002489999999999975,0.0003,0.01816666666666665,0.023659999999999973,100.0,982.75390625,1080.2187,101222.140625,-2.1202693375e-05,0.078521726875,270.91265,960.5933117583603
2022-01-02 12:00:00,-22.979341669118796,1.116489184561922,53.71920113367,821.2386,711.0878,711.0878,259.744395,2.2187916666666667,0.0003,0.00119166666666665,0.0,0.00419166666666665,0.01226666666666665,0.0,757.92578125,758.97265625,101351.4125,-4.230209775e-05,0.0,267.0505675,692.4649406688242
2022-03-07 16:00:00,-5.574096889266962,0.698360724657572,18.853549957065766,1319.1678,1114.4022,785.8679,263.4410383333334,12.394646666666667,0.0023,0.0008483333333333251,0.0001,0.0370933333333333,0.0264483333333333,66.26666666666667,1033.32421875,1081.6484375,100737.18062500001,-6.923597725e-06,0.37417601875,275.54017375,1139.176555195973
2022-01-27 15:00:00,-18.67182297963725,0.6882353990835283,16.20319598732637,1348.1835,1121.9275,574.9778,265.63705,17.61703,0.003298333333333325,0.0,0.0001,0.0480033333333333,0.01734666666666665,100.0,153.23046875,1098.9257499999999,102305.5,-4.301424e-05,0.99188614,278.31895,798.4358144552318
2021-08-13 18:00:00,14.911569018678192,1.0124152268680886,49.2601051768658,896.6091,769.1339,769.1338000000001,275.2334466666666,3.236875,0.002,0.0003,0.00141166666666665,0.0177,0.027294999999999976,0.0,668.13671875,669.33203125,100900.421875,-1.1000374875e-06,0.0,260.66470000000004,761.7511686443725
2021-07-30 16:00:00,18.709874177214118,0.9050233135108223,43.10274012944991,1002.4129,870.6648,778.8978000000001,283.28329499999995,3.290075,0.001335,0.0004,0.001554999999999975,0.0114833333333333,0.020733333333333274,83.33333333333333,821.5605625000001,833.6015625,101425.453125,-2.1568266249999997e-06,0.882434835,256.64448,866.1003236245954
2021-12-04 15:00:00,-22.13925604196169,0.6715908223592619,10.233863813721152,1377.5196,1162.7,503.8134,262.85608333333334,15.432466666666667,0.0008,0.000605,0.0001,0.012979999999999974,0.016594999999999974,71.2,360.0,1106.4063,101848.485,-9.785994125e-05,0.6470489525,279.3761875,950.7766990291261
2021-08-24 19:00:00,11.375079655697107,1.2269995440432313,57.42516052728565,740.9105,652.8673,652.8673,268.5148883333333,0.8991450000000001,0.0019,0.00054666666666665,0.0009,0.011109999999999974,0.03791166666666665,0.0,522.0546875,522.2421875,100091.859375,-9.239593262499999e-07,0.0,240.715845,624.7177274361741
2022-02-28 16:00:00,-8.257657921815415,0.6882309903084906,16.20193216356442,1341.1783,1137.2816,1129.8064,261.34708,11.27458,0.0026,0.0003,0.0001,0.038419999999999954,0.03532833333333332,0.4666666666666667,1083.4569999999999,1110.56245,101001.80625,-2.5106274e-05,0.8725662375000001,268.69875,1150.5753326141676
2021-09-25 13:00:00,-0.5297921459661097,0.9585935888060173,46.4254444545889,954.404,835.1608,835.1610000000001,273.5387383333333,2.0879366666666668,0.00332666666666665,0.00146999999999995,0.000805,0.021599999999999973,0.0317383333333333,0.0,846.01171875,858.08203125,101978.9975,-7.47770525e-06,0.0,262.63381125,826.3070837828119
2021-10-26 12:00:00,-12.17831133185726,1.0878249086840794,52.601922468376216,842.5219,712.6328,673.0502,293.93583333333333,4.302955,0.00112166666666665,0.0005,0.0001,0.00589999999999995,0.0110383333333333,14.85,761.23828125,761.4296875,102287.25875000001,-1.3543176625e-06,0.0,268.22376875000003,685.6328658755842
2021-09-10 14:00:00,5.246102919693301,0.8625066920826769,39.990913241281795,1058.1001999999999,954.5735,954.5735,280.53325666666666,0.85298,0.004849999999999975,0.00177166666666665,0.0010149999999999751,0.021034999999999977,0.044596666666666646,0.0,945.78515625,946.01953125,101493.0,-2.2396562375e-06,0.0,264.94851374999996,899.4066882416396
2021-05-26 15:00:00,20.98787474349141,0.968208321659122,46.96478760816847,935.1469,788.3858,744.8045999999999,259.29372333333333,6.224466666666666,0.002553333333333325,0.0007,0.002343333333333325,0.022219999999999976,0.053094999999999976,18.799999999999997,775.57421875,779.1503749999999,101694.384375,-1.351698275e-06,0.006214141875,259.39258125000003,784.3976986695433
2021-09-18 18:00:00,2.1880253905616205,0.8858236406902655,41.757866274220056,1026.8335,884.9845,840.8036999999999,273.08201833333334,3.6597066666666667,0.002543333333333325,0.00058666666666665,0.0014,0.025331666666666624,0.02785999999999995,7.6,755.1953125,776.5390625,100489.475,-2.3586908625000002e-06,0.316734315,250.59341,884.8507731032003
2021-10-02 11:00:00,-3.2540993104322586,2.0255042437690842,70.97711975902334,453.9266,346.7361,132.0457,271.73126,3.5896666666666666,0.006178333333333275,0.00130666666666665,0.0024783333333333,0.040871666666666626,0.03275,79.06666666666666,318.96484375,420.640625,101584.50687499999,-4.6598143875e-06,0.0,278.13659874999996,353.7558432218626
2021-05-25 18:00:00,20.80622616311848,1.1578294605666264,55.20817495138586,783.5323000000001,664.806,664.806,261.96295166666664,3.687286666666666,0.000735,0.0001,0.00095666666666665,0.0066049999999999755,0.024708333333333277,0.0,572.3046875,573.8828125,101270.171875,-8.930219637499999e-07,0.0,244.5010525,635.0161812297735
2021-12-06 16:00:00,-22.402341078636915,0.662624776175448,4.121247695262698,1395.9645,1180.5968,1176.7674,259.91603166666664,15.787645,0.0006,3.1666666666666666e-05,0.0,0.005769999999999975,0.0053,73.01666666666667,734.05078125,1121.203075,101825.35062499999,-0.000102937775,0.32683945000000003,280.49503125,694.8561668464581
2022-03-23 16:00:00,0.7234441253853318,0.7298879692976485,25.11633869434155,1255.995,1105.1411,1105.1412,249.517925,3.3684333333333334,0.00102166666666665,0.0016849999999999999,0.0002,0.009636666666666625,0.038761666666666625,0.0,1055.26955,1056.20705,100584.82875,-1.17851594375e-05,0.0,268.62512749999996,1080.5465659834592
2021-05-23 19:00:00,20.425130778346663,1.5323702170193096,64.46863172977804,595.3659,504.4372,355.42,268.621335,1.5011750000000001,0.00251,0.0011116666666666501,0.0034983333333333,0.018268333333333324,0.0345483333333333,97.0,389.9921875,396.9765625,100903.390625,-4.3501495374999997e-07,0.0123481751875,241.1980925,386.91298094210714
2021-06-16 12:00:00,23.330833093414007,2.395342498202463,74.00579135277746,391.1562,309.3644,186.53920000000002,239.377785,2.705005,0.001,0.0003,0.0017,0.009613333333333324,0.020944999999999974,91.13333333333333,336.84375,361.76953125,102290.14937500001,-2.815446325e-06,0.0,270.22694874999996,282.8874505573535
2021-07-10 19:00:00,22.35062859666447,1.5226181872644757,64.29301169056596,603.0179,492.5268,492.5268,258.85357666666664,3.0486916666666666,0.00277166666666665,0.00081166666666665,0.005556666666666625,0.027784999999999976,0.04639833333333328,0.0,385.03515625,392.55859375,101438.28375,-1.06167864e-06,0.0,261.66688625,495.44588277597984
2022-04-18 12:00:00,10.545558035999763,1.6631813520167231,66.60514758887955,554.3557000000001,463.2639,319.6458,241.07044166666668,2.378096666666667,0.00051166666666665,0.0004,0.0002,0.0072583333333333,0.0094883333333333,61.11666666666666,513.28515625,513.03515625,102256.415625,-1.2624368375e-06,0.0,270.00205,433.70729953254227
2021-08-28 17:00:00,9.994050798362174,0.8374319267454327,37.89830746597107,1083.7078,994.7891,994.7892,288.80396,0.36896666666666667,0.002004999999999975,0.001218333333333325,0.001,0.0076333333333333,0.03038,0.0,904.21484375,904.58984375,101474.51625,-1.818523725e-06,0.0,240.00758375,953.2002876663071
2022-04-13 15:00:00,8.757757177857268,0.8133254606760337,35.658483831194864,1121.6042,1026.4222,1026.4221,247.37992666666665,0.7765766666666667,0.0005,0.001135,0.0004,0.005350000000000001,0.02031999999999995,0.0,964.2734375,986.31640625,101255.265,-2.0641892000000003e-06,0.0,245.896825,984.5559151384394
2022-04-13 18:00:00,8.757757177857268,0.938213584082925,45.2284196476544,968.4551,866.2199,866.2198,246.84943833333332,1.4503183333333334,0.0005,0.0013583333333333,0.0003,0.00550499999999995,0.02212166666666665,0.0,748.21484375,766.6328125,100558.20999999999,-1.318199775e-06,0.0,242.76173875,834.5343401654081
2021-11-16 11:00:00,-18.55994333065872,1.5238182705342889,64.314758769131,599.7031,475.4685,436.1914,266.6425333333333,7.4045749999999995,0.00148,0.00321,0.0001,0.01297666666666665,0.022129999999999976,4.216666666666667,508.39453125,525.14453125,101511.11,-7.211056249999999e-07,0.24932479375,277.77394499999997,422.759798633585
2022-04-20 14:00:00,11.241196996341696,0.9332110173658548,44.92268433552309,977.6544,876.2175,876.2176,247.13375833333333,1.4023033333333332,0.00071166666666665,0.00078,0.0002,0.006406666666666625,0.0206933333333333,0.0,878.875,879.18359375,101463.040625,-2.2673047875e-06,0.0,251.67399375000002,838.3674937072994
2021-11-04 12:00:00,-15.14472848078564,1.0615972787466312,51.51080503946998,864.4,729.2664,727.4302,274.4579083333333,4.6529,0.00162499999999995,0.00231666666666665,0.0002,0.01041999999999995,0.013473333333333299,0.0,757.08203125,759.984375,101227.56,-1.09887334375e-06,0.00294113175,275.8468375,702.2581805106076
2022-02-09 18:00:00,-14.934310707534713,0.7493513746239079,28.125590477130487,1232.9005,1050.6979000000001,1023.717,264.0818966666667,8.23485,0.00091666666666665,0.0037833333333333,0.0,0.0103233333333333,0.06433166666666662,17.15,794.0078125,940.3828125,101266.935,-8.6781015e-05,0.28691101125,282.74458625,783.121179431859
2022-02-16 17:00:00,-12.608992829198627,0.6916440225549406,17.148654983150095,1336.5101,1126.3216,589.8898,264.7559633333333,13.210753333333333,0.0025,0.0004,0.0,0.029503333333333298,0.06709999999999998,71.38333333333333,1016.4453125,1066.6250312500001,101458.921875,-9.393016775e-05,0.0219497685,277.0593,937.3031283710895
2021-05-02 15:00:00,15.1330201628331,0.8804056127644321,41.36110495294997,1030.4005,933.9113,877.7348000000001,245.49567833333333,0.9759,0.0010383333333333251,0.0006,0.002293333333333325,0.0102833333333333,0.020026666666666627,52.483333333333334,901.7265625,902.0078125,101365.990625,-1.6140693125e-06,0.19661330999999999,242.12814125,894.4264653002517
2021-09-06 14:00:00,6.742493857141795,0.8804057279422406,41.36111347261307,1036.5193000000002,881.2915,881.2915,274.27194166666663,5.102366666666667,0.006039999999999975,0.001663333333333325,0.000689999999999975,0.038613333333333305,0.04131333333333328,0.0,898.2265875,898.08984375,101311.31875,-2.706743525e-06,0.0,267.16774250000003,834.5577130528586
2021-12-25 14:00:00,-23.397584244285124,0.733731657668559,25.74952767018199,1262.3379,1050.4885,356.4574,248.46523333333332,17.6847,0.0012,0.0,0.0001,0.02084166666666665,0.009853333333333325,98.86666666666667,462.48046875,1056.90626875,101766.44437499999,-4.3126754e-05,0.98912047375,279.85637375,524.3671341244157
2021-09-09 15:00:00,5.622634954300004,0.7831469195903014,32.45255277871203,1162.812,1044.4007000000001,1044.4009999999998,280.04056333333335,1.652483333333333,0.0026516666666666503,0.000533333333333325,0.0013316666666666498,0.01904166666666665,0.03513666666666665,0.0,984.93359375,998.4453125,101269.3275,-2.604647325e-06,0.81464004375,266.271655,998.6515641855447
2021-11-17 12:00:00,-18.811219532670908,1.0440484312482428,50.74027368868215,880.5003,726.7401,380.91089999999997,261.03228333333334,8.819793333333333,0.00113,0.002199999999999975,0.0001,0.012713333333333325,0.0281183333333333,85.63333333333334,439.21875,754.2890625,101465.18125,-5.303445625e-06,0.26933289,277.883575,602.5530384753686
2022-01-26 12:00:00,-18.92240212955681,1.2050143060481768,56.75410998854045,760.6664000000001,599.0909,324.8629,260.15049166666665,16.732973333333334,0.001153333333333325,0.0,7.500000000000001e-05,0.02300666666666665,0.022584999999999977,100.0,499.359375,654.18359375,101691.9375,-3.670863225e-05,0.10919571125,280.61508625,365.151024811219
2022-01-19 16:00:00,-20.507774526977382,0.6624841201636997,3.94871000582977,1401.8748,1190.1564,623.408,253.94091166666664,12.641426666666668,0.00213,0.0002,0.0,0.0274433333333333,0.02059999999999995,100.0,789.8046875,1136.4921875,101779.14937500001,-9.971857125e-05,0.965717325,280.62872500000003,945.2696871628912
2021-10-06 12:00:00,-4.801239619491075,1.1971833836327668,56.50785312399428,765.0467,633.7420999999999,449.9667,268.42974333333336,5.487943333333333,0.0020983333333333,0.001725,0.0004,0.01338166666666665,0.0222733333333333,44.65,553.609375,681.66015625,101289.47750000001,-1.725740725e-06,0.97531126875,262.15855,556.5605897159295
2022-01-07 13:00:00,-22.46938536754984,0.8733874408561892,40.83505117025691,1056.7878,870.3434,539.769,264.769155,13.287776666666666,0.001753333333333275,0.001294999999999975,0.0003,0.028891666666666625,0.0296933333333333,72.08333333333334,741.29296875,906.03125,101500.525,-3.5895558875e-05,0.00040054321249999997,278.56216874999996,592.0028766630708
2021-11-05 18:00:00,-15.455033828294374,0.8040021792710141,34.72112705716036,1139.2191,960.0502,577.098,273.9885933333333,9.518306666666668,0.00195166666666665,0.0022933333333333,0.0001,0.02294999999999995,0.022406666666666623,64.16666666666667,606.83984375,838.875,100825.3725,-3.623630625e-06,0.24174118374999998,276.695475,722.9917295936713
2022-02-03 18:00:00,-16.76379142181507,0.7454902777471047,27.564953897647243,1240.9380999999998,1041.7047,807.8166,254.24295333333333,12.810298333333332,0.00129666666666665,0.00135166666666665,0.0001,0.013468333333333325,0.0827583333333333,18.05,622.671875,936.53515625,101197.70375,-7.794823625e-05,0.6144561775,283.77786125,820.4566702624954
2021-11-17 15:00:00,-18.811219532670908,0.6721699892639531,10.503939910660247,1371.9148,1178.858,1029.2058,260.9931383333333,9.07595,0.0014166666666666499,0.00181666666666665,0.0001,0.0138233333333333,0.032658333333333324,44.7,965.5703125,1137.5898625,100835.31937499999,-1.3651442874999998e-06,0.1559524525,276.65592875,1076.9938870909746
2022-03-31 11:00:00,3.8552830125226754,3.05484624902202,77.52915484215798,345.51653333333337,253.73173333333332,58.91266666666667,249.78977111111112,5.502082222222223,0.0012,0.0005755555555555333,0.0001,0.0196,0.0314933333333333,100.0,190.875,327.296875,101900.78250000002,-2.9357615500000004e-06,0.0,277.1866,154.35215150425506
2021-12-22 20:00:00,-23.426039035075107,1.1914876740454543,56.32626056332038,766.8004,607.9171,182.95159999999998,254.92244999999997,15.651386666666667,0.0011,0.0001,0.0,0.019229999999999976,0.0144633333333333,100.0,404.63671875,482.46484375,101156.853125,-6.0444872500000004e-06,0.92149735,277.59958125,248.16253146350232
2022-01-06 21:00:00,-22.586362240552145,1.7858868020805723,68.2999136439132,504.9987,379.3129,90.9838,259.4515666666667,12.03226,0.0017,0.0008,0.0002,0.023038333333333275,0.025129999999999975,100.0,185.3125,258.99609375,101267.16312499999,-7.79939025e-06,0.34975815125000004,279.37731875,65.41352031643294
2021-05-24 20:00:00,20.61862286041239,2.6751222465004276,75.71954071542203,347.423,277.4252,114.9268,266.52426333333335,1.4964,0.0013,0.0005,0.0022,0.010455,0.022618333333333324,100.0,175.76171875,176.3125,100897.978125,-1.919106575e-07,0.0,241.26744875,228.784609852571
2021-12-21 15:00:00,-23.419890406297718,0.6748530475740316,11.669371162826,1373.8773,1155.2895,453.6073,255.31073833333335,15.884184999999999,0.0017,0.0001,0.0,0.02546,0.0155066666666666,57.7,766.140625,1123.3515625,101283.75875000001,-1.6562815625000002e-05,0.34117508125,278.54465625,1221.6289104638618
2022-02-26 17:00:00,-9.008190068387895,0.7032745391071789,19.993438541273175,1310.9026,1109.4326999999998,1109.4326999999998,263.18181333333337,11.285108333333334,0.002465,0.0002,0.0001,0.040569999999999974,0.0212933333333333,0.0,997.30859375,1049.4140625,101235.578125,-3.0490133e-05,0.27906418125,274.79898249999997,1103.9661992089175
2022-03-13 11:00:00,-3.2253778251555234,2.6819964397421745,75.75699528826082,385.4928,286.9016,177.7812,255.65992666666668,8.016931111111111,0.001,0.0006,0.0001,0.01376,0.014957777777777766,40.46666666666667,255.21875,356.046875,102041.875,-8.58970465e-06,0.0015563965000000002,277.060545,231.18782212633346
2022-04-04 19:00:00,5.39510524901996,1.1151353680844571,53.66807924239778,813.8918,668.2132,539.5241,241.45675,8.248148333333333,0.00185666666666665,0.001,0.0002,0.021719999999999975,0.03671499999999997,64.11666666666667,473.7578125,547.7890625,101161.725,-3.935565437499999e-06,0.05160141,277.305925,327.59439050701184
2022-03-23 17:00:00,0.7234441253853318,0.7554958273306283,28.985836370536084,1211.0602,1062.7105000000001,1062.7105000000001,249.83142999999998,3.3876916666666665,0.0008783333333333249,0.00180666666666665,0.000245,0.0081833333333333,0.039819999999999973,0.0,981.1250312500001,982.6055000000001,100354.5775,-1.02169575e-05,0.0,266.73659,1035.9762675296656
2021-09-04 20:00:00,7.48008085874097,1.7765305343560962,68.17961239688879,513.1233,429.4685,429.4684,266.10590333333334,1.3554466666666667,0.00268,0.0009,0.0006,0.014183333333333326,0.03157166666666662,0.0,292.18359375,293.2441425,100818.95999999999,-5.5812415625e-07,0.0,246.805855,407.47033441208197
2021-07-11 17:00:00,22.225977219521173,1.0064478499997318,48.966611242485186,901.6976,776.7669,776.7667,257.98098833333336,3.378505,0.0013,0.0003,0.00113666666666665,0.011024999999999976,0.0179033333333333,0.0,701.609375,701.328125,101172.828125,-2.5617773875e-06,0.368762975,264.04497000000003,755.5213951815894
2021-10-16 17:00:00,-8.589403018842617,0.7296111019599697,25.069891561483647,1253.5828999999999,1135.6149,1135.6148,271.4055783333333,1.6708933333333333,0.0007583333333333251,0.00138166666666665,0.0002,0.0044683333333333,0.012991666666666625,0.0,1009.26565625,1033.9413749999999,100429.14937500001,-1.888023675e-06,0.0,244.61464,1098.6695433297375
2022-01-11 17:00:00,-21.928159652146032,0.6810002815828056,13.95485943302309,1363.3701,1151.1412,783.4321,252.7244,12.09414,0.003595,0.0002,0.0002,0.047819999999999946,0.03221999999999997,55.36666666666667,856.38671875,1087.6250312500001,101419.040625,-0.0001046411375,0.1322021485,279.6239,855.2858683926645
2021-11-30 11:00:00,-21.527774228720276,1.5205577960772567,64.25558534190627,600.354,468.519,208.0233,267.15837166666665,9.045886666666668,0.0019,0.0018199999999999501,0.0001,0.026636666666666624,0.022764999999999973,99.13333333333333,487.8515625,527.12109375,101611.6875,-3.5019183625e-06,0.4121399,277.19790624999996,468.975188781014
2021-05-31 14:00:00,21.80461176025619,1.108456078999995,53.41353264607695,819.3759,736.5837,735.4051,258.47860000000003,0.6473166666666667,0.001118333333333325,0.0003,0.001806666666666625,0.009503333333333325,0.014906666666666624,0.0,736.28515625,736.2617250000001,102300.9975,-1.668580825e-06,0.0,253.28779624999999,715.480043149946
2021-05-27 17:00:00,21.163504364849103,1.0000127074729406,48.64468414673649,905.0587,753.5553,335.8395,257.73225333333335,8.97449,0.001253333333333325,0.0002,0.0033933333333333,0.016561666666666624,0.0407983333333333,100.0,534.90625,687.984375,100907.72562499999,-2.2703898e-06,0.9063415499999999,265.62561,457.7849694354548
2022-04-23 15:00:00,12.26150872079164,0.8472579413278263,38.74449237526145,1073.8507,968.1628000000001,968.1628000000001,252.494125,1.5494616666666667,0.0004,0.00033166666666665,0.0001,0.003733333333333325,0.0074999999999999,0.0,929.17578125,928.5625,101065.959375,-2.0088628e-06,0.0,251.59136125,928.2811938151742
2021-06-15 15:00:00,23.28592529697329,1.0150373055399824,49.387571082569806,892.8708,758.2356,741.8075,239.62309,4.13303,0.0029016666666666496,0.0004,0.00167166666666665,0.026205,0.06252999999999995,9.5,735.6952875,744.6523374999999,101937.08499999999,-2.1090963874999997e-06,0.0,267.53172625,762.1377202445163
2022-04-09 11:00:00,7.28344677986025,3.2898886966106797,78.43508406543228,324.3125333333333,233.02693333333332,60.060399999999994,246.59236,6.9656577777777775,0.0007,0.0011799999999999998,0.0001488888888888667,0.010755555555555532,0.0481733333333333,69.86666666666666,243.109375,306.03125,101853.90750000002,-5.96907915e-06,0.97853088,279.18219,168.26561189020734
2021-11-11 21:00:00,-17.222734070984142,2.5071771092235138,74.73840613721434,392.3484,286.03000000000003,245.3872,265.8597044444445,9.307564444444445,0.0029733333333333335,0.0020822222222222,0.0002,0.0196644444444444,0.022362222222222134,8.911111111111111,145.546875,172.15625,101425.04875,-7.030670624999999e-06,0.03139495825,278.5170625,81.06915977466139
2022-03-18 14:00:00,-1.2516042922501336,0.8324082413732857,37.451562923131334,1106.451,980.1268,980.1269,250.39450333333332,2.2739083333333334,0.0007,0.0007,0.0002,0.0057,0.03971499999999997,0.0,980.18359375,985.09375,101633.665625,-1.5176716e-05,0.26994705,265.82629,951.6001438331534
2022-03-31 15:00:00,3.8552830125226754,0.7754735857845212,31.549215388893955,1181.0989,1024.2863,1009.8795,253.23862666666665,5.209198333333333,0.0008,0.000573333333333325,0.0001,0.00970666666666665,0.01763,0.5,986.8046875,1003.9765625,101235.20999999999,-3.3224060000000003e-06,0.0,274.43777625,1016.2171880618484
2021-12-21 19:00:00,-23.419890406297718,0.9037548911816838,43.01668512220052,1018.7807,833.1868,571.7001,253.92531,15.589403333333333,0.00149666666666665,0.0001,0.0,0.023626666666666626,0.0168083333333333,88.5,572.50390625,713.39453125,100897.55625,-8.684029875e-06,0.2120399475,277.6625125,355.1474289823804
2021-05-11 20:00:00,17.66995348916075,2.420721491083334,74.17822051355346,379.55510000000004,276.7729,34.9029,243.32055,7.79983,0.0014899999999999749,0.0009,0.005334999999999975,0.025408333333333276,0.0549433333333333,100.0,132.966796875,185.59375,100839.53375,-2.3678876125e-07,0.92321395625,266.1565325,50.18518518518518
2021-09-22 15:00:00,0.6376320969376367,0.744256677395537,27.38236220097403,1225.3985,1060.5047,781.1700000000001,279.55554,5.201953333333334,0.003148333333333325,0.00155666666666665,0.00092666666666665,0.028113333333333303,0.03450499999999995,94.30000000000001,865.32421875,1034.1444999999999,101358.34125,-3.641488725e-05,0.82684325,270.1473525,933.5454872348075
2022-02-13 16:00:00,-13.628352259311125,0.6730538469459315,10.902499866606679,1376.0569,1179.7517,1179.7517,260.44411833333334,9.30442,0.001288333333333325,0.0015,0.0,0.0162933333333333,0.0509083333333333,0.0,1084.652325,1137.3515499999999,101396.85250000001,-0.00012591498625,0.7551765625,278.27720625,1177.633944624236
2022-04-02 21:00:00,4.6279984902454006,3.4590476039363036,79.00935456545506,336.2334,245.01280000000003,23.734,251.82913000000002,7.262736666666667,0.0006,0.0004,0.0001,0.00718999999999995,0.0339733333333333,100.0,118.69140625,142.14453125,100777.335625,-2.175511295e-07,0.12627410625000002,276.0764375,282.9449838187702
2021-11-15 18:00:00,-18.30313281994917,0.7928941147064191,33.54456570774234,1156.9545,1000.2361,555.565,268.2774283333333,4.7377416666666665,0.00158,0.001974999999999975,0.0002,0.012559999999999974,0.022553333333333325,100.0,802.390625,877.2578125,100323.828125,-1.7037964625e-06,0.24725723500000002,260.98270625,947.0136641495865
2021-11-05 19:00:00,-15.455033828294374,0.9939609631225939,48.33664693456467,917.9964,756.2683,557.2479,274.0795333333333,9.77971,0.0019,0.00245666666666665,0.0001,0.021591666666666627,0.0220033333333333,50.449999999999996,428.4609375,618.8984375,100905.021875,-2.7639325625000002e-06,0.31532669125,277.06874375,501.2225818051061
2021-10-15 14:00:00,-8.217746934617427,0.7525443009697425,28.577324094502885,1217.0436,1125.3985,1125.3985,277.01698833333336,0.398995,0.0008,0.003264999999999975,0.00029666666666664995,0.0037300000000000002,0.01697999999999995,0.0,1068.5507625,1100.265625,100998.109375,-2.0475126500000002e-06,0.0,241.53766000000002,1073.462783171521
2021-11-05 16:00:00,-15.455033828294374,0.6720957370159543,10.469725597540013,1367.561,1172.136,975.6751999999999,274.4981716666667,9.349301666666666,0.0019,0.0019133333333333,0.0001,0.023848333333333326,0.022076666666666626,34.416666666666664,992.65625,1102.2773625,100843.040625,-3.7810821875000006e-06,0.1620483375,276.17812625,776.7493707299532
2022-02-15 19:00:00,-12.952338884611105,0.8930517934739337,42.27505185036969,1028.5713,850.367,797.6377,265.48350166666665,12.058591666666667,0.001588333333333325,0.00039666666666665,0.0,0.01864,0.04586666666666665,2.9,710.08203125,741.2734375,101291.884375,-6.0835271125000004e-05,0.14864349124999998,276.58789,841.2783171521036
2022-04-15 11:00:00,9.480770957900935,3.476288668087317,79.06468705937829,309.59066666666666,234.61453333333336,94.9912,243.0063577777778,3.28284,0.0005,0.0004,0.0004,0.005357777777777767,0.011379999999999967,93.33333333333333,269.125,307.046875,102073.8125,-1.93458985e-06,0.0,273.3732,133.3884693755244
2021-11-25 16:00:00,-20.609679850301543,0.6644370610393854,5.905964864217088,1389.1351,1184.9753,1176.0697,260.5481433333333,11.265155,0.0019450000000000001,0.0012549999999999749,0.0001,0.020769999999999948,0.023146666666666624,0.4,1053.0351875000001,1117.3867375,100999.83687500001,-0.00010207793187500001,0.72961809,278.44311375,1182.0747932398417
2021-09-02 20:00:00,8.209666695702609,1.7938720816901883,68.40151606130702,508.35720000000003,403.1521,403.1521,273.08598666666666,3.4849,0.0041,0.0008,0.000448333333333325,0.024904999999999976,0.0332,0.0,274.95508125,281.0859375,100863.375,-5.4875272375e-07,0.010356903125,262.468685,414.55951096727796
2021-05-06 13:00:00,16.305646767304136,1.2469469525895118,58.00942826768035,731.9825000000001,621.8685,459.9371,245.27009166666664,2.585323333333333,0.001486666666666625,0.0005,0.00163666666666665,0.02034999999999995,0.0228783333333333,100.0,620.33984375,658.21875,101881.875,-1.22468915e-06,0.9567489687499999,270.10322375,477.33009708737865
2022-01-15 16:00:00,-21.272709360526417,0.6619085295329914,3.14471813205048,1403.2084,1188.8714,1179.132,262.34485333333333,9.662938333333333,0.0082,0.0002,0.0001,0.07290166666666663,0.024281666666666625,0.2,1112.484325,1164.8788749999999,101185.79000000001,-5.4499163500000005e-05,0.06628799375,273.32965125,1266.8734268248832
2022-01-19 18:00:00,-20.507774526977382,0.7433464453061573,27.24651891036696,1246.9604,1047.9677,439.23,254.15637999999998,12.808015000000001,0.00192,0.0002,0.0,0.024016666666666627,0.017381666666666625,100.0,606.234375,943.62890625,101662.19437499999,-6.7570567e-05,0.96403505,280.828125,594.1441927364258
2021-06-19 13:00:00,23.42426561686686,1.4939399780186402,63.76168943608892,614.0568,537.9861000000001,494.145,255.81027666666665,0.8080816666666667,0.000741666666666625,0.0002,0.001,0.006364999999999975,0.01727499999999995,4.283333333333333,561.00586875,561.49413125,102045.04625,-1.07419328125e-06,0.0,251.87262249999998,501.88421431139875
2021-09-11 13:00:00,4.868093435556078,1.0418187875052936,50.63989921798872,878.963,781.4057,781.4056,275.343575,1.0777133333333333,0.0027,0.00059666666666665,0.0011,0.01766999999999995,0.02905999999999995,0.0,808.0625,808.4355625000001,101681.65875,-1.8793216750000001e-06,0.002574920625,251.491725,731.8320747932398
2022-03-06 19:00:00,-5.961962845709774,0.9477232909491484,45.79641108443284,963.3309,792.5955,624.2202,260.51194833333335,12.342423333333333,0.0014399999999999999,0.0003,0.0001,0.02283666666666665,0.01653666666666665,78.0,599.9453125,682.1015625,100633.56875,-2.9604125125e-06,0.92142486875,273.609795,698.1553398058253
2022-02-24 17:00:00,-9.749847095018675,0.7005597112656048,19.373618194340075,1316.7246,1118.187,670.7417,255.188225,10.946401666666667,0.0017383333333333248,0.003709999999999975,0.0001,0.023838333333333326,0.037309999999999975,73.56666666666666,937.7265625,1044.9140312499999,100976.6225,-2.7530419249999997e-05,0.7151679875000001,277.296045,1105.4836389787847
2021-12-14 10:00:00,-23.15892481426692,3.1807037587533404,78.0312783670262,353.558,253.01080000000002,122.8028,260.00504,9.210240000000002,0.0012,0.00233,0.0002733333333333,0.0167033333333333,0.02359999999999995,70.1,212.84375,319.6015625,101780.72562499999,-2.0890118375e-05,0.68667601125,279.64421125,112.27975548363898
2021-07-26 20:00:00,19.62080143004742,2.283136110546412,73.1954850671744,407.41870000000006,314.44460000000004,94.5548,269.2116066666666,3.4464766666666664,0.00304166666666665,0.0008,0.0015,0.019991666666666623,0.03286499999999998,100.0,207.0859375,209.482421875,101028.4375,-3.5826816e-07,0.0,254.01793625000002,266.08953613807984
2021-10-18 16:00:00,-9.326646848826442,0.6873533369110502,15.94807441529254,1332.2267000000002,1169.9685,1169.9684,271.90222666666665,4.407423333333334,0.0013433333333333249,0.0009,0.0002,0.010774999999999976,0.016933333333333325,0.0,1064.890625,1102.5976875000001,101003.03125,-6.275018625e-06,0.2307662975,270.889625,1164.599065084502
2022-04-05 19:00:00,5.7763220001740265,1.1227592287649073,53.95392921567122,808.3072999999999,652.2737,437.15870000000007,238.80068,11.733898333333332,0.00199666666666665,0.001,0.0003,0.0226,0.061134999999999974,87.7,430.625,540.3671875,101131.03125,-1.3321943625e-05,0.4682273875,273.92022625,293.081625314635
2021-07-16 13:00:00,21.507804018929004,1.4664279207642605,63.230015851190544,627.66,544.0581999999999,544.0581999999999,270.67818666666665,1.2964616666666666,0.001269999999999975,0.0004,0.00102499999999995,0.008245,0.01650166666666665,0.06666666666666665,569.3046875,569.59375,101801.265625,-2.0256266e-06,0.0,264.042625,514.8004314994606
2021-11-15 19:00:00,-18.30313281994917,0.9724662472852218,47.1987472696299,939.1252999999999,791.3788,465.82140000000004,267.65108,5.79035,0.001668333333333325,0.00231666666666665,0.00025666666666665,0.01354999999999995,0.02373999999999995,86.19999999999999,531.88671875,654.953125,100339.296875,-9.635696e-07,0.3549041725,261.8790825,625.6184825602301
2021-08-09 20:00:00,16.085804128930004,2.0663874696802016,71.36811579935107,445.8361,364.8953,297.551,274.4284166666667,1.1000666666666667,0.0030633333333333,0.0016116666666666501,0.0024499999999999748,0.018864999999999976,0.047553333333333295,95.05,247.001953125,248.85351875,101086.321875,-4.415924325e-07,0.0,241.31161125,360.51600143833156
2021-12-28 10:00:00,-23.298866337354657,3.570432609522393,79.35723118941632,318.6526,221.136,21.946199999999997,255.84017666666665,13.395466666666666,0.0007199999999999999,0.0001,0.0,0.01434999999999995,0.01753999999999995,100.0,120.9609375,282.625,102220.78125,-3.0396622375e-05,0.0,279.47628875,47.011866235167204
2021-09-03 11:00:00,7.845917462718833,3.2261443262131015,78.20272718909806,334.3953333333333,239.7138666666667,69.36919999999999,269.8427777777778,5.399022222222222,0.0043,0.0006,0.0007,0.027764444444444435,0.046613333333333305,90.08888888888889,182.03125,308.59375,102150.53250000002,-2.7375063e-06,0.0,279.42735,214.25626273522712
2021-07-13 17:00:00,21.957530533506088,1.0009354341812104,48.6911969945187,906.6636,759.3317,621.3356,265.34618666666665,7.118533333333334,0.002978333333333325,0.000644999999999975,0.000983333333333325,0.026453333333333277,0.02914166666666665,76.31666666666666,654.2832187500001,693.02734375,101160.475,-2.5670160625e-06,0.0674057,265.7022125,510.6814095649047
2021-08-31 18:00:00,8.93055449957544,0.9405225813819794,45.36789901710882,965.1172,859.0472,859.0473,274.88447999999994,1.4930983333333332,0.00263499999999995,0.0004,0.00112666666666665,0.01601999999999995,0.0257716666666666,0.0,737.67578125,741.72265625,100927.696875,-1.71393e-06,0.0,254.20949125,831.0535778496944
2021-08-27 14:00:00,10.343443884966485,0.9289552200905196,44.6586838114383,982.3508999999999,888.2453,888.2453,293.684975,0.4738483333333333,0.00471499999999995,0.001155,0.0017583333333333001,0.013454999999999976,0.052796666666666624,0.0,884.8457187500001,885.2090000000001,101672.8775,-1.4983233749999999e-06,0.0,251.95951125,852.3552678892484
2021-10-27 21:00:00,-12.521944252047032,2.843637249499622,76.5839614244601,353.086,246.32306666666668,139.80293333333333,280.2262533333333,8.2894,0.005048888888888867,0.001,0.0002,0.0439555555555555,0.029806666666666634,90.95555555555556,150.4375,152.3203125,101960.73375,-1.336447925e-07,0.027030945,269.42761249999995,214.55591513843942
2021-05-10 16:00:00,17.406567916208562,0.8875354201652225,41.88157986980036,1019.8249999999999,853.0554,853.0555,242.9733983333333,7.400875,0.006858333333333325,0.0011,0.0019,0.05719166666666663,0.05614666666666665,0.0,799.0566249999999,820.74609375,101261.515625,-1.6231496875e-06,0.07898712000000001,269.257165,864.45523193096
2022-03-22 12:00:00,0.32893462043704336,1.4650391394404658,63.2025810761251,630.7371,509.9711,332.5233,247.29561666666666,5.424171666666666,0.0012599999999999998,0.0015,0.0001,0.01465999999999995,0.03685166666666665,42.28333333333333,470.625,551.03515625,101538.6275,-6.6179199999999995e-06,0.0,279.51503749999995,396.86443725278673
2021-09-01 14:00:00,8.571241434003953,0.9040677156070702,43.037943721106444,1009.3713,861.5317,861.5317,272.481465,3.642435,0.006936666666666625,0.0013933333333333,0.0013,0.049584999999999976,0.043256666666666624,0.0,875.4160312500001,874.7675875,101459.28125,-2.4694891e-06,0.148559573125,270.8352275,826.2117943185904
2021-09-25 17:00:00,-0.5297921459661097,0.763288999917332,30.02546248081747,1193.6071,1058.253,1058.2529,268.49054666666666,2.4286,0.0031,0.00165,0.00069666666666665,0.02118,0.0289,0.0,958.0390625,971.2421562499999,101162.475,-7.93940855e-06,0.0,244.0896325,1050.4854368932038
2021-12-29 18:00:00,-23.250401559270067,0.7529814715379821,28.638370785292555,1229.5615,1038.7312,677.047,258.17064500000004,11.471313333333335,0.0008,0.0005,0.0002,0.011258333333333325,0.021288333333333326,32.199999999999996,897.1015625,936.73046875,101184.47750000001,-9.586752500000001e-05,0.27186965937499996,279.59882375,1040.0215749730312
2021-07-12 14:00:00,22.094927378872317,1.1424824794452442,54.67117213492913,798.0909,668.6478,637.6447,260.64771833333333,5.212625,0.001959999999999975,0.000538333333333325,0.001335,0.02027499999999995,0.019418333333333326,10.616666666666667,682.69725625,682.9824062499999,101758.740625,-2.43575775e-06,0.0,260.71097625,655.1492268967996
2022-01-29 11:00:00,-18.153621876160354,1.989643228514742,70.6201239525189,452.7837,333.2298,78.9314,257.549485,13.123208333333334,0.0016,0.0005,0.0001,0.021754999999999976,0.026563333333333276,100.0,159.66015625,395.5703125,101547.625,-4.4539630000000005e-05,0.33055496250000005,281.7135,117.94857964760877
2022-01-01 10:00:00,-23.058629169260467,3.7362057097239534,79.83591870368997,306.5614,215.3838,152.12,260.80088,6.966076666666666,0.0013933333333332998,0.0011733333333333,0.0003,0.016579999999999998,0.0272933333333333,100.0,299.87109375,300.28515625,101773.235,-2.057960925e-05,0.0,279.24118124999995,203.8870909744696
2022-04-07 15:00:00,6.533617825091418,0.7949066789538176,33.76287175162627,1149.657,982.16,978.0646,241.30396,7.3335,0.0011,0.00114666666666665,0.00040666666666665,0.015748333333333274,0.053741666666666625,1.2666666666666666,889.8515625,957.31640625,101205.0775,-3.7429563250000003e-06,0.83253095,273.581,941.2621359223301
2021-11-15 20:00:00,-18.30313281994917,1.353609074365131,60.79123599053429,668.7704,538.8254,275.5901,267.0247333333333,6.842955,0.001755,0.00265,0.0003,0.014533333333333301,0.02492666666666665,97.8,327.1328125,399.61328125,100506.88375000001,-4.6199419250000004e-07,0.42009353625,270.13699375,428.71988493347715
2021-05-31 13:00:00,21.80461176025619,1.4079259456096618,62.02107533339435,649.4485,572.3337,513.4862,258.91235333333333,0.6239066666666666,0.001228333333333325,0.0003,0.00218499999999995,0.010678333333333324,0.016956666666666648,2.9166666666666665,599.0390625,599.86524375,102499.58499999999,-1.28505055e-06,0.0,254.66682624999999,539.8453793599424
2021-10-03 11:00:00,-3.641929609448319,2.0016942656763796,70.74160586940869,459.0483,385.044,281.9183,277.75811666666664,0.5612566666666666,0.00234166666666665,0.002633333333333325,0.00157,0.01444166666666665,0.028271666666666626,43.33333333333333,437.52734375,448.6875,101451.46875,-1.110194725e-06,0.0,248.90203875,360.6814095649047
2021-07-09 15:00:00,22.46883222892618,1.005755391669502,48.932243254429785,902.7703,811.7638999999999,811.7641,265.68655333333334,0.7746633333333333,0.0019616666666666498,0.0006,0.00143666666666665,0.0151233333333333,0.03134,0.0,789.6699375000001,789.9765875,101669.60062499999,-2.4403270500000002e-06,0.0,252.475345,776.6864437252787
2022-03-01 19:00:00,-7.879351793739763,0.9294101457652566,44.687078539417406,983.8307,805.8574,805.8573,252.67195166666667,14.051765,0.0018,0.0002,0.0001,0.026645,0.01906666666666665,0.0,520.83203125,697.0859375,101033.0375,-2.1991611125e-05,0.9079818625,278.57714250000004,805.5213951815894
2021-09-28 16:00:00,-1.6984268908927718,0.7181502797258877,23.036564777164244,1270.1327,1089.6769,978.6399,258.82049166666667,6.603705,0.0069983333333333,0.0006,0.0011,0.04715999999999995,0.0304833333333333,16.266666666666666,1028.8554374999999,1040.1523750000001,101094.703125,-2.519052975e-06,0.018356323125,273.7487775,1058.4501977705859
2022-01-31 20:00:00,-17.61341714283341,1.1415032724228107,54.63629642154117,802.2155,646.9208,49.4957,248.04429833333333,13.393881666666667,0.0009,0.00020666666666665002,0.0002,0.00906666666666665,0.0146033333333333,100.0,281.66015625,506.53515625,101597.259375,-3.86643825e-05,0.2765502875,278.6043125,345.4332973750449
2021-07-18 16:00:00,21.177287444932837,0.943906878869386,45.570503255628076,960.9321,833.0647,823.4499,266.5739633333333,2.55856,0.007344999999999975,0.0008,0.001548333333333325,0.030118333333333323,0.0337383333333333,5.733333333333333,787.7578375,790.125,101942.735,-2.3609026999999998e-06,0.62763596,266.095275,785.6562387630348
2021-12-06 11:00:00,-22.402341078636915,1.5338652557784374,64.4953352347811,594.3299,455.6086,96.08859999999999,260.31322166666666,16.327255,0.0022849999999999997,0.0,0.0,0.016626666666666626,0.0049,100.0,315.21875,505.20703125,102377.91312499999,-4.0202341875e-05,0.34248353,279.65218125,402.22761596548
2021-07-03 18:00:00,23.040179273357914,1.1828999818483317,56.04841673271858,769.9038,674.8057,674.8054999999999,265.00902666666667,1.0842533333333333,0.00250666666666665,0.00083,0.0029499999999999748,0.01992999999999995,0.05271499999999997,0.0,577.33984375,577.65234375,101306.92874999999,-2.177461325e-06,0.00450134275,242.08481375,664.3743257820927
2022-03-31 13:00:00,3.8552830125226754,1.0639612294869902,51.612039618560296,864.4026,727.5977,698.3351,251.67097666666666,5.260263333333333,0.00100666666666665,0.0005,0.0001,0.01467499999999995,0.024641666666666652,9.716666666666667,669.0,760.84375,101700.41500000001,-2.486602175e-06,0.0,277.03557250000006,719.2304926285508
2021-07-24 17:00:00,20.043981873185853,0.9653475175949894,46.80592897631087,939.8757,799.1829,622.2855999999999,267.27308666666664,5.538033333333334,0.0016200000000000001,0.000865,0.0015,0.014574999999999975,0.03123,34.766666666666666,655.2109375,727.19140625,101079.92125,-1.6343255624999999e-06,0.0,261.8583125,570.8953613807982
2021-10-05 15:00:00,-4.415599318817538,0.714381211109719,22.31454793769883,1279.2571,1135.8507,1041.5720999999999,272.54315,2.60813,0.00285166666666665,0.00105666666666665,0.000725,0.021266666666666625,0.02488166666666665,37.5,1097.3125,1106.7148625,100572.546875,-4.2660393750000005e-06,0.9935340875,256.37112125,1118.6983099604458
2021-12-18 21:00:00,-23.35461933037622,1.9253039948138995,69.94414162611915,464.4706,345.9751,213.0892,257.49817,12.217586666666667,0.001563333333333325,0.0003,0.0,0.020364999999999953,0.0164,100.0,226.11328125,231.03515625,101316.86875,-2.3162574625e-06,0.026931762749999998,276.36919875,269.809421071557
2021-12-20 18:00:00,-23.405930796463227,0.759777339946911,29.56375333180108,1216.5245,1009.3175,473.7434,250.48544166666667,16.600391666666667,0.0027400000000000002,0.0,0.0,0.027736666666666625,0.009021666666666624,96.31666666666666,629.6171875,904.359375,101295.271875,-6.6059875e-06,0.37392806125,278.81265125000004,1077.306724199928
2022-01-01 19:00:00,-23.058629169260467,0.8884024357207088,41.94394574709622,1038.866,885.1179999999999,885.1181,257.26710333333335,6.050376666666667,0.0003,0.00127166666666665,0.0001,0.00350666666666665,0.0164583333333333,0.0,705.125,765.421875,100419.1875,-4.947200125e-05,0.056747436375,268.12005500000004,857.5404530744336
2022-02-08 19:00:00,-15.250505772288365,0.8823445893775139,41.504012955862414,1043.2547,861.6736000000001,108.0121,261.1832333333333,12.44327,0.0016,0.003059999999999975,0.0,0.019466666666666625,0.04861166666666662,99.33333333333333,504.8359375,741.53125,101396.7525,-6.19245715e-05,0.540363325,280.8657975,579.1154261057173
2022-03-06 11:00:00,-5.961962845709774,2.5557915576401955,75.03614195553295,400.9926666666667,286.7388,132.68773333333334,261.61416,13.550526666666665,0.002,0.0004,0.0001,0.03212888888888887,0.02378444444444443,100.0,310.09375,371.828125,101704.815,-1.756358e-06,0.9343566999999999,279.04382000000004,92.87546446122496
2021-12-21 11:00:00,-23.419890406297718,1.6017043408417706,65.64899352235803,566.2594,429.77139999999997,142.559,256.44140833333336,15.972828333333334,0.0015,5.833333333333333e-05,0.0,0.0223,0.010168333333333324,100.0,208.05859375,478.984375,101705.303125,-1.4583231125e-05,0.23908615,280.2410625,182.3516720604099
2021-07-10 18:00:00,22.35062859666447,1.1610311272802218,55.317980392633466,784.2741,675.4272,675.4272,259.14925166666666,1.9116483333333334,0.002885,0.0009,0.006164999999999975,0.028969999999999975,0.0488766666666666,0.0,576.80078125,583.01171875,101351.5775,-1.7798156625e-06,0.0,253.37877625000002,672.4163969795037
2021-12-15 13:00:00,-23.219423861684025,0.8423735263546551,38.32830566024899,1096.4707,913.397,567.8909,260.5490766666667,11.556101666666667,0.00177166666666665,0.0011,0.0002,0.02192999999999995,0.027754999999999974,93.25,720.24609375,930.4492,101674.4525,-3.8535595e-05,0.062736512375,280.95264875,564.9568500539374
2021-09-30 14:00:00,-2.476939456228148,0.7890849906055969,33.124817786291295,1158.1189,1009.8483,1009.8484000000001,264.222985,3.51116,0.003185,0.002094999999999975,0.001058333333333325,0.0189633333333333,0.026786666666666625,0.0,1007.3203125,1005.91015625,101084.515,-3.5286647874999998e-06,0.0,264.60232375,988.1337648327939
2021-08-22 16:00:00,12.048172409254994,0.8215577991915306,36.451575720111755,1105.0897,1012.913,1012.9131,261.69165833333335,0.42219999999999996,0.002,0.0007,0.0008783333333333249,0.009414999999999975,0.05714833333333333,0.0,956.7480375,957.078125,100932.065,-2.1884043125e-06,0.0,244.74712749999998,984.7357065803668
2021-06-15 14:00:00,23.28592529697329,1.1520054619688809,55.00648723876145,789.4136,663.0774,565.9663,240.11953,3.8948366666666665,0.0026899999999999502,0.0004,0.0018416666666666499,0.024781666666666625,0.056785,6.933333333333333,649.4023500000001,674.49413125,102193.78125,-2.1060987124999998e-06,0.023021698125000004,269.654775,657.2725638259619
2021-11-11 15:00:00,-17.222734070984142,0.6739213226870436,11.279181665590743,1366.5874,1178.109,967.4846,269.54923,7.880791666666667,0.00260166666666665,0.002088333333333325,0.000368333333333325,0.018131666666666626,0.02303999999999995,31.25,964.1953125,1133.8242375,101421.921875,-4.659261325e-05,0.1645507825,276.6056675,1247.9000359582883
2021-09-14 13:00:00,3.726075309064946,1.022167329954644,49.72967137289147,895.5840000000001,778.8969999999999,599.9440999999999,276.4060083333333,2.0420866666666666,0.00254166666666665,0.0006299999999999999,0.004406666666666625,0.022503333333333275,0.04672999999999997,58.03333333333333,783.86328125,807.0214687499999,101553.734375,-1.452455775e-06,0.83569336875,257.58451875,733.3746853649766
2022-02-13 15:00:00,-13.628352259311125,0.6997414014321648,19.18205134514019,1324.0203999999999,1130.1804,1130.1804,260.186435,9.523343333333333,0.0013,0.0015383333333333252,0.0,0.0170933333333333,0.05176333333333333,0.0,1003.75390625,1120.3242,101557.4625,-0.00011668552124999999,0.6015358125,278.7298725,1130.906148867314
2021-07-14 16:00:00,21.81384026311456,0.9547886659617628,46.207645104579704,949.8788999999999,814.687,814.6869,271.10965999999996,4.7032316666666665,0.00114666666666665,0.0003,0.00099,0.009698333333333324,0.016623333333333302,0.0,769.5722812500001,769.0625,101016.209375,-2.4169857625e-06,0.0,259.75379625000005,802.8047464940669
2021-12-01 15:00:00,-21.6911308272899,0.6713267095071559,10.108175296710332,1377.3710999999998,1214.8557,1214.8558,265.959755,3.9586616666666665,0.0006,0.0026533333333333,0.0002,0.006956666666666625,0.0142,0.0,1139.0390625,1160.441425,100763.815,-8.761126125e-06,0.12198639,273.15169375000005,1191.9992808342322
2021-08-26 17:00:00,10.690138206932069,0.8440560234495312,38.47264019784601,1075.0473,979.4596,979.4594999999999,278.97004,0.6285216666666666,0.0028033333333333,0.0006,0.0012,0.013513333333333275,0.04021166666666665,0.0,885.4765625,887.5234375,100686.19,-1.359876475e-06,0.0,245.90251125,955.5735346997483
2022-03-25 21:00:00,1.5110235864182393,2.951452223685391,77.08379886400765,339.6413333333333,234.70973333333333,22.2556,243.11577111111112,10.32428,0.0008,0.0006555555555555334,0.0001,0.008984444444444432,0.10434666666666659,100.0,115.46875,144.6484375,101329.96875,-2.1061241749999998e-06,0.001083374,278.44944499999997,223.4400095888769
2022-02-19 14:00:00,-11.559033782461245,0.7856729215527446,32.74127065415018,1178.0368,1006.6948,1006.6948,253.33444999999998,7.020630000000001,0.001074999999999975,0.00200666666666665,0.0001,0.0142233333333333,0.039246666666666624,0.0,1010.99609375,1022.234375,101018.640625,-7.31783525e-05,0.013847351249999999,276.3298975,991.1362819129808
2022-01-06 12:00:00,-22.586362240552145,1.1295860078217503,54.20575705042675,811.3195,660.2947,331.4102,266.3432633333333,9.878708333333334,0.00098666666666665,0.0012,0.0002,0.011908333333333274,0.018228333333333274,98.86666666666667,648.27734375,712.5,101794.8125,-1.77371548125e-05,0.0,277.44351374999997,360.5789284430061
2021-11-05 11:00:00,-15.455033828294374,1.5654448139809405,65.04615737498742,583.5966,448.5913,253.33520000000001,272.7107033333333,9.815441666666667,0.00198,0.002265,0.0002,0.03533499999999998,0.03303999999999995,83.28333333333333,385.40234375,506.36328125,101519.5,-4.27954365e-06,0.018138885462499997,278.675645,420.00898957209637
2022-02-15 13:00:00,-12.952338884611105,0.9442538394131929,45.59115275701529,978.823,806.5748,806.5747,265.17885,10.661796666666667,0.0017349999999999748,0.000639999999999975,0.0001,0.02334999999999995,0.053298333333333274,0.0,821.75390625,856.32421875,102007.57125000001,-9.223908875000001e-05,0.013763427802499999,278.67349375000003,773.509528946422
2021-10-09 11:00:00,-5.952169923211082,1.8753166478065428,69.38473710100294,488.5499,370.1692,154.85680000000002,266.9080866666667,9.403621666666668,0.00333166666666665,0.0015,0.0018,0.023913333333333325,0.024709999999999975,46.38333333333333,400.37109375,441.44921875,101625.735,-2.4299370749999997e-06,0.130638124875,276.460825,354.31319669183745
2021-08-12 17:00:00,15.21124284412728,0.8941764872242522,42.35431656511741,1014.3164,866.1403,822.1292,270.52710666666667,4.828908333333334,0.0042,0.0005766666666666499,0.0013,0.02984499999999995,0.04833999999999995,2.5166666666666666,677.109375,796.265625,100803.890625,-1.2057717125e-06,0.0,259.76585,914.5810859403092
2021-09-08 19:00:00,5.997602243167686,1.155501664000617,55.127865527257214,786.5572,685.3284,581.4122,274.490455,1.1833333333333333,0.00397,0.0022,0.001391666666666625,0.02325,0.05594166666666665,38.083333333333336,535.72265625,554.390625,100497.34375,-9.770738e-07,0.029167175375,242.10012749999999,666.846458108594
2021-09-08 14:00:00,5.997602243167686,0.8713348675923502,40.678525803595605,1047.3379,941.4237,840.6281,274.20247166666667,0.9928950000000001,0.003501666666666625,0.002349999999999975,0.00269999999999995,0.024019999999999975,0.051023333333333296,6.466666666666667,874.42578125,932.4746250000001,101498.8375,-1.9219296624999997e-06,0.876865375,253.84463125000002,898.9554117224019
2021-09-27 20:00:00,-1.3089028703320174,1.6166335382845853,65.88853849588482,562.6162,444.7559,444.7558,260.2851066666667,4.148008333333333,0.005,0.0027,0.0012,0.03172,0.04944166666666665,0.0,300.7265625,320.2421875,101062.56937499999,-4.7320100499999997e-07,0.0,269.81651999999997,436.93635382955773
2021-05-18 18:00:00,19.37175806556018,1.1274298883979905,54.126637456459,804.0547,683.4501,621.8234,250.03431666666665,3.0418316666666665,0.00185166666666665,0.00072666666666665,0.003299999999999975,0.0159,0.03422666666666663,76.16666666666666,585.14453125,594.72265625,101053.015625,-7.7046571e-07,0.882045725,260.6449625,628.843941028407
2021-12-22 13:00:00,-23.426039035075107,0.8505344835006662,39.018926179215995,1085.8582000000001,892.2993,487.8709,259.63070833333336,15.95259,0.00155166666666665,0.000115,0.0,0.026463333333333276,0.017159999999999953,100.0,662.4453125,916.40625,101607.14125,-1.909260775e-05,0.066387176875,278.2559525,667.1736785329018
2021-12-07 13:00:00,-22.522986529463115,0.8349171783995716,37.675912681843755,1106.0778,912.9274,415.65279999999996,258.2280983333334,16.321523333333335,0.0014,0.000578333333333325,0.0001,0.015411666666666626,0.008548333333333324,100.0,254.953125,915.26171875,102082.859375,-6.4779393125e-05,0.414714825,280.76413125,430.34519956850056
2021-08-22 18:00:00,12.048172409254994,0.9744935353267161,47.30911400398712,931.2301,841.4727,841.4725000000001,260.72035166666666,0.4874633333333333,0.0019,0.0007,0.0009233333333333251,0.00984166666666665,0.058338333333333325,0.0,729.10546875,729.46875,100666.52437500001,-1.604843425e-06,0.0,242.34468875,810.4009349154979
2022-02-26 19:00:00,-9.008190068387895,0.9198179144446019,44.07930164772911,995.0478,817.5147,382.2751,261.69161833333334,12.228458333333334,0.0023,0.0002,0.0001,0.03841166666666662,0.020946666666666648,100.0,624.9296875,710.1171875,101132.78125,-2.0178908125e-05,0.66348648125,272.017675,627.9881337648328
2022-04-24 14:00:00,12.595077537552207,0.9491802306249114,45.881946980789756,960.3273,865.1677999999999,744.9875,252.627205,1.1447166666666666,0.0005,0.002069999999999975,0.0003,0.00410166666666665,0.01135166666666665,58.21666666666667,868.94140625,866.16015625,101363.040625,-1.937558375e-06,0.05857467499999999,248.9588475,818.1373606616324
2022-04-22 20:00:00,11.924612000927205,1.9901872871403528,70.62564207011296,456.6308,382.70970000000005,375.79370000000006,247.55995166666668,1.54982,0.0003,0.0004,0.0002,0.00272,0.007828333333333324,1.4,255.296875,255.56640625,100472.515,-3.535533275e-07,0.0,245.19926875,328.62998921251346
2022-01-25 18:00:00,-19.167159414951204,0.7430557027635325,27.202926064097316,1246.7845,1047.6388,565.0777,262.52919333333335,12.880693333333333,0.0014,0.0,0.0001,0.022798333333333302,0.024606666666666624,100.0,886.4765625,950.3984375,100938.23375,-6.118934825e-05,0.0525169375,277.70746125,1069.6637900035958
2021-06-13 19:00:00,23.175556231549724,1.6097403264386299,65.77854225083905,570.0806,487.74559999999997,487.7457,248.94422666666665,0.6577933333333333,0.0029950000000000003,0.001,0.00275666666666665,0.020059999999999974,0.0503133333333333,0.0,377.0390625,377.33984375,101316.03812499999,-8.13597565e-07,0.0,239.84347250000002,451.7655519597267
2021-10-28 12:00:00,-12.862342290550107,1.0808938662773195,52.32027428097976,848.1425,704.9384,567.2941000000001,272.799015,6.570983333333333,0.0019,0.0010933333333333,0.0001,0.0144533333333333,0.020244999999999975,23.25,749.29296875,749.546875,102408.22750000001,-1.2371456625e-06,0.0,273.19042,669.7824523552679
2022-02-12 20:00:00,-13.960779933652848,1.1677404968657343,55.545670314122304,781.2420999999999,627.5235,80.7796,258.26739999999995,11.47498,0.00150666666666665,0.0004,0.0,0.016529999999999975,0.04344499999999998,100.0,357.625,497.62890625,101303.34375,-3.675695325e-05,0.67436219,279.43851125000003,384.6116504854369
2021-10-09 14:00:00,-5.952169923211082,0.7652903463212334,30.283870219244957,1195.5651,1021.3882,1021.3884,267.39521833333333,8.192786666666667,0.001834999999999975,0.000814999999999975,0.001558333333333325,0.014789999999999949,0.02059999999999995,0.0,1007.6211125,1018.77734375,101015.35,-3.0093942625000002e-06,0.038955688125,265.24019,1000.8989572096367
2021-09-07 12:00:00,6.370917587138424,1.5153082951997747,64.15971602915396,609.4812,488.9069,331.939,271.274615,5.849011666666667,0.003028333333333325,0.0009283333333333,0.000699999999999975,0.023954999999999976,0.026406666666666648,78.46666666666667,542.97265625,544.12109375,101157.89125,-2.5623012375e-06,0.0,262.11374,466.8212873067242
2021-10-13 18:00:00,-7.46891326631733,0.8350170285026579,37.684789927500006,1093.5626,943.9202,598.5844999999999,270.0492366666667,4.851333333333333,0.0012,0.0009533333333333,0.0001,0.008708333333333325,0.011956666666666626,94.31666666666666,728.3515625,830.95703125,99933.928125,-1.751759575e-06,0.4356422525,257.88190125,737.6321467098167
2021-07-07 12:00:00,22.685710345625814,2.460413081910941,74.44047835596729,383.22540000000004,316.3473,238.49859999999998,266.97145333333333,0.43298,0.001815,0.0007,0.0019783333333333,0.015538333333333276,0.028758333333333275,57.58333333333333,367.37109375,367.66992375,102221.421875,-8.129136437500001e-07,0.0,255.21909499999998,294.9208917655519
2021-09-10 19:00:00,5.246102919693301,1.1473601088791079,54.84378703491665,792.23,699.9391,699.9391,278.76748833333335,0.651575,0.0043933333333333255,0.0018,0.0009,0.0185783333333333,0.04904999999999995,0.0,560.828125,566.3984375,100636.64749999999,-9.787618125e-07,0.0,255.46594875,670.722761596548
2021-06-03 18:00:00,22.219372079272322,1.1871656918158378,56.18704358366936,765.0827,668.1485,668.1485,266.68228,1.08805,0.0037,0.00105666666666665,0.002658333333333325,0.02196166666666665,0.05494,0.0,572.51953125,571.078125,101048.053125,-1.5505065375e-06,0.018619537499999998,241.72064125,669.507371449119
2022-02-19 20:00:00,-11.559033782461245,1.1949039399736057,56.43543270279104,761.4647,615.5362,60.1205,255.63007499999998,8.712691666666666,0.000723333333333325,0.0023,0.0002,0.01057999999999995,0.0641933333333333,100.0,418.7265625,492.08203125,100398.25625,-2.092149275e-05,0.1162376375,272.45037625,524.9730312837108
2022-03-11 12:00:00,-4.011667131882717,1.4052278577842032,61.96255355863781,657.5351,517.8532,218.7794,264.84569999999997,11.716263333333334,0.00124166666666665,0.0013,0.0001,0.02206499999999995,0.020446666666666623,100.0,392.27734375,572.0234375,101759.09625,-8.342205562500001e-06,0.01865768425,278.57528874999997,339.79683567062204
2022-04-18 20:00:00,10.545558035999763,1.9047304661324638,69.71770394306682,476.18960000000004,380.7846,380.7846,236.29243166666666,4.472189999999999,0.000453333333333325,0.00105666666666665,0.0001,0.00483999999999995,0.008025000000000001,0.0,255.04296875,259.1875,101051.815,-2.8862269525e-07,0.0,272.21706375,343.8061848256023
2021-10-11 13:00:00,-6.713437096439046,0.8903874498725274,42.08599174648682,1028.2078999999999,905.5789,905.5789,268.41695,2.1528066666666668,0.0028199999999999753,0.002139999999999975,0.0016,0.016976666666666626,0.023549999999999974,0.0,836.12890625,908.33203125,101776.9625,-2.608576325e-06,0.0,276.59967625,862.3516720604099
2021-09-27 15:00:00,-1.3089028703320174,0.7316908333720213,25.415995616923713,1247.3459,1094.13,1094.1302,262.96326999999997,2.9808749999999997,0.004753333333333325,0.0026,0.00107666666666665,0.0304966666666666,0.046695,0.0,1059.714825,1060.0976375,101488.82875,-3.57136015e-06,0.0,268.43546000000003,1074.829198130169
2022-03-20 17:00:00,-0.4610330930446514,0.7473659437115366,27.83932425927471,1225.3544,1041.8827999999999,942.343,252.07484333333332,9.613423333333332,0.0014,0.0002,0.0002,0.016156666666666625,0.04364166666666663,31.766666666666666,761.61328125,956.015625,101231.6,-1.583164e-05,0.9526214625,276.86591999999996,1053.2542250988854
2021-07-20 14:00:00,20.822789380160284,1.116770074669502,53.72978819986547,816.8696,690.9558,690.9557,269.87126,3.86528,0.002429999999999975,0.00068166666666665,0.00220166666666665,0.01980666666666665,0.03186499999999995,0.0,708.4277500000001,708.5742250000001,101617.8725,-2.6338675625000003e-06,0.009162902875,259.83968625,669.546925566343
2021-11-12 13:00:00,-17.500585684430142,0.8304152228986679,37.27155356716505,1108.6043,947.3307,646.8601,267.250535,6.123651666666667,0.0021416666666666502,0.0011799999999999998,0.0002,0.0155033333333333,0.017738333333333273,100.0,873.83203125,956.4921875,101654.89749999999,-3.5794451875e-05,0.9513931124999999,277.14806999999996,813.6353829557713
2021-09-04 16:00:00,7.48008085874097,0.7786331437047643,31.926099834290785,1167.3000000000002,1061.7730000000001,1061.7729,267.6296766666667,1.0461366666666667,0.002913333333333325,0.001,0.0007,0.01502499999999995,0.034589999999999996,0.0,997.37890625,997.734375,101100.875,-3.0837836500000002e-06,0.0,242.775655,1011.1650485436894
2021-07-26 18:00:00,19.62080143004742,1.094602705746505,52.87289303875791,830.663,704.4853,557.7944,270.46275,3.671116666666667,0.00290666666666665,0.000795,0.0014,0.019253333333333303,0.03226999999999998,17.483333333333334,601.375,610.51171875,101072.61812500001,-1.09986286875e-06,0.0,255.33050000000003,665.8288385472852
2022-03-25 12:00:00,1.5110235864182393,1.4828683409150683,63.55039537407232,623.0384,495.1966,220.4574,249.71485666666666,8.37573,0.0007,0.000528333333333325,0.0002,0.008638333333333324,0.0510033333333333,83.8,357.3515625,549.359375,101804.70375,-1.8217920750000002e-05,0.0,278.5818,273.7342682488313
2022-04-28 13:00:00,13.894269146921822,1.1982311205369887,56.5410281973884,763.0931,665.0807,589.8164,238.89094,1.84975,0.0006,0.0011283333333333,0.00016333333333332502,0.007839999999999975,0.014216666666666624,30.450000000000003,641.484375,700.87890625,101704.7875,-1.6715203e-06,0.5581970224999999,243.30350375,668.2254584681768
2021-09-20 12:00:00,1.4140132769246216,1.346684749154038,60.626222207261286,682.2828,546.0711,359.5031,279.72261333333336,8.903206666666668,0.003166666666666625,0.0004,0.000515,0.0239483333333333,0.016234999999999975,100.0,598.2206874999999,600.46484375,101552.30625,-1.8379941875e-06,0.39183806875,269.1908325,532.4487594390506
2021-06-20 19:00:00,23.441610939803866,1.6055230816579078,65.71073392254557,572.2347,485.5553,319.3282,260.31766166666665,1.2156150000000001,0.002333333333333325,0.0005499999999999999,0.0021,0.02268999999999995,0.0355683333333333,91.86666666666667,364.421875,375.72265625,100972.34375,-9.4727149375e-07,0.98900223625,254.73669875,260.4530744336569
2021-12-09 18:00:00,-22.7421856205144,0.769271406168479,30.788130551702295,1198.5140999999999,1000.8027,682.0611,251.95555833333333,14.059035000000002,0.0017,0.0006,0.0002,0.0216,0.023458333333333276,100.0,478.62109375,892.76953125,101178.28812499999,-5.14560345e-05,0.9675636275,280.3027625,651.4760877382237
2021-08-11 20:00:00,15.506898185987577,2.0387340365924507,71.10546251544463,451.3479,348.5066,148.6548,272.6189733333333,5.781993333333333,0.003,0.0005,0.000558333333333325,0.021899999999999975,0.01874666666666665,98.8,227.8203125,238.982425,100956.78375,-3.2142270125e-07,0.0,265.275265,293.383674937073
2021-06-03 12:00:00,22.219372079272322,2.242729839330458,72.88291806166049,415.3671,339.83140000000003,282.5451,269.98453166666667,1.2900183333333335,0.00200666666666665,0.000483333333333325,0.001419999999999975,0.01244499999999995,0.030979999999999976,35.58333333333333,383.65625,391.60546875,102086.475,-2.92563345e-06,0.0,268.83703875000003,312.8496943545487
2021-07-11 16:00:00,22.225977219521173,0.9620397135428851,46.62054870047353,942.6242,815.6802,815.6802,258.23284666666666,3.2724149999999996,0.0013,0.0003,0.00140166666666665,0.011324999999999974,0.019288333333333275,0.0,766.671875,767.046875,101417.725,-2.8780487125e-06,0.3736648575,265.88710625,787.1862639338367
2021-12-20 21:00:00,-23.405930796463227,1.9055348703530604,69.72665553011133,469.8,346.1579,143.1021,249.00814166666666,16.15579,0.0021650000000000003,0.0,0.0,0.022108333333333275,0.00784666666666665,97.25,133.90234375,227.48046875,101331.0625,-2.1593586875e-06,0.87065888125,277.48690625,324.14958647968353
2021-11-02 21:00:00,-14.511719037234068,2.7041682969214524,75.87646131908305,367.978,265.85786666666667,22.277200000000004,270.20478444444444,9.620086666666667,0.0022644444444444335,0.0029288888888888334,0.0002,0.016919999999999935,0.019279999999999967,100.0,135.3828125,157.859375,101073.09375,-1.287371525e-07,0.1502151475,276.3271325,130.27448160134244
2022-01-18 12:00:00,-20.70898601338795,1.1731164088994668,55.72578784578686,780.858,626.5166,508.37339999999995,262.57916166666666,12.577466666666666,0.00072499999999995,0.00045833333333332503,0.0,0.011798333333333324,0.026223333333333276,73.81666666666666,538.75,683.2109375,101715.178125,-7.607627875e-05,0.9972,278.8269375,457.06220783890683
2021-12-04 18:00:00,-22.13925604196169,0.7738933288348745,31.35802720201409,1189.9362,991.9827,480.4861,260.58500833333335,15.476665,0.0008,0.0005,5.666666666666667e-05,0.0107133333333333,0.013726666666666625,100.0,687.11328125,868.65625,101442.92874999999,-4.5774039e-05,0.5947837874999999,280.6442125,942.9341963322546
